method,rho,delta,entity_type,entity_name,n_finite,auc,detection_rate,fpr,pvalue_col
threshold_clustering_m1_v2,0.01,0.05,detector,z1,10629,0.5586826260883739,0.2321428571428571,0.1665874298754397,
threshold_clustering_m1_v2,0.01,0.05,detector,z2,11287,0.516766609982398,0.1491228070175438,0.1359527432202631,
threshold_clustering_m1_v2,0.01,0.05,detector,z3,9327,0.2500636966764268,0.0091743119266055,0.0591234541115209,
threshold_clustering_m1_v2,0.01,0.05,detector,z4,11499,0.7107893611170522,0.4869565217391304,0.2173225579761068,
threshold_clustering_m1_v2,0.01,0.05,detector,z6,10453,0.7459624099055544,0.5315315315315315,0.2045058982788629,
threshold_clustering_m1_v2,0.01,0.05,detector,z8,5391,0.5742586356060199,0.1558441558441558,0.0470455400828001,
threshold_clustering_m1_v2,0.01,0.05,detector,z57,11386,0.5953686451956348,0.5565217391304348,0.3848815544317274,
threshold_clustering_m1_v2,0.01,0.05,composite,z_plus,11499,0.6769863882183995,0.3652173913043478,0.1910576247364722,p_z_plus
threshold_clustering_m1_v2,0.01,0.05,composite,z_plus_renorm,11212,0.6157045970121184,0.2869565217391304,0.2176263855095971,p_z_plus_renorm
threshold_clustering_m1_v2,0.01,0.05,composite,breadth,11499,0.6692253047755813,0.0,0.0043921293042867,p_breadth
threshold_clustering_m1_v2,0.01,0.05,composite,z_mahalanobis_sq,5389,0.5634217063057424,0.5194805194805194,0.3910015060240964,p_z_mahalanobis_sq
threshold_clustering_m1_v2,0.01,0.05,composite,t_iut,11499,0.5375137492743439,0.0347826086956521,0.053232607167955,p_t_iut
threshold_clustering_m1_v2,0.01,0.05,composite,z_plus_softmax,11212,0.5827916671564191,0.2521739130434782,0.2212309633234207,p_z_plus_softmax
threshold_clustering_m1_v2,0.01,0.05,composite,z_plus_orth,11212,0.5751546638143485,0.1826086956521739,0.2303325223033252,p_z_plus_orth
threshold_clustering_m1_v2,0.01,0.1,detector,z1,10629,0.5614489805620831,0.2321428571428571,0.1664923457259675,
threshold_clustering_m1_v2,0.01,0.1,detector,z2,11287,0.5184043299872343,0.1491228070175438,0.1358632417434887,
threshold_clustering_m1_v2,0.01,0.1,detector,z3,9327,0.2439557825634329,0.0091743119266055,0.0591234541115209,
threshold_clustering_m1_v2,0.01,0.1,detector,z4,11499,0.7105013902044058,0.4869565217391304,0.2173225579761068,
threshold_clustering_m1_v2,0.01,0.1,detector,z6,10453,0.7541303632001757,0.5675675675675675,0.2048926706633146,
threshold_clustering_m1_v2,0.01,0.1,detector,z8,5391,0.5794116496976867,0.1558441558441558,0.0470455400828001,
threshold_clustering_m1_v2,0.01,0.1,detector,z57,11386,0.573314740021525,0.3739130434782609,0.3848815544317274,
threshold_clustering_m1_v2,0.01,0.1,composite,z_plus,11499,0.6695507042683859,0.3304347826086956,0.1869290231904427,p_z_plus
threshold_clustering_m1_v2,0.01,0.1,composite,z_plus_renorm,11212,0.6092935419286842,0.2869565217391304,0.2142921510318104,p_z_plus_renorm
threshold_clustering_m1_v2,0.01,0.1,composite,breadth,11499,0.664918344587369,0.0,0.0044799718903724,p_breadth
threshold_clustering_m1_v2,0.01,0.1,composite,z_mahalanobis_sq,5389,0.5546813878892192,0.4545454545454545,0.3908132530120481,p_z_mahalanobis_sq
threshold_clustering_m1_v2,0.01,0.1,composite,t_iut,11499,0.5398843533257968,0.0347826086956521,0.052881236823612,p_t_iut
threshold_clustering_m1_v2,0.01,0.1,composite,z_plus_softmax,11212,0.5824864534480529,0.2260869565217391,0.2152834099306118,p_z_plus_softmax
threshold_clustering_m1_v2,0.01,0.1,composite,z_plus_orth,11212,0.5727442983023222,0.1739130434782608,0.2265477155988104,p_z_plus_orth
threshold_clustering_m1_v2,0.01,0.15,detector,z1,10629,0.5588736433529388,0.2232142857142857,0.1663972615764952,
threshold_clustering_m1_v2,0.01,0.15,detector,z2,11287,0.5203529498587603,0.1491228070175438,0.1358632417434887,
threshold_clustering_m1_v2,0.01,0.15,detector,z3,9327,0.2368461386875697,0.0091743119266055,0.0591234541115209,
threshold_clustering_m1_v2,0.01,0.15,detector,z4,11499,0.7102791102691802,0.4869565217391304,0.2173225579761068,
threshold_clustering_m1_v2,0.01,0.15,detector,z6,10453,0.7593378526466903,0.5675675675675675,0.2046992844710887,
threshold_clustering_m1_v2,0.01,0.15,detector,z8,5391,0.5841406429475681,0.1558441558441558,0.0468573579224689,
threshold_clustering_m1_v2,0.01,0.15,detector,z57,11386,0.548705218857167,0.3043478260869565,0.3848815544317274,
threshold_clustering_m1_v2,0.01,0.15,composite,z_plus,11499,0.6630576094595009,0.3217391304347826,0.1869290231904427,p_z_plus
threshold_clustering_m1_v2,0.01,0.15,composite,z_plus_renorm,11212,0.6056031594908142,0.2869565217391304,0.2140218076957736,p_z_plus_renorm
threshold_clustering_m1_v2,0.01,0.15,composite,breadth,11499,0.6565503834519846,0.0,0.0044799718903724,p_breadth
threshold_clustering_m1_v2,0.01,0.15,composite,z_mahalanobis_sq,5389,0.5498846033484588,0.4545454545454545,0.3910015060240964,p_z_mahalanobis_sq
threshold_clustering_m1_v2,0.01,0.15,composite,t_iut,11499,0.5394737847169178,0.0260869565217391,0.0522663387210119,p_t_iut
threshold_clustering_m1_v2,0.01,0.15,composite,z_plus_softmax,11212,0.5814227111910387,0.2260869565217391,0.2151932954852662,p_z_plus_softmax
threshold_clustering_m1_v2,0.01,0.15,composite,z_plus_orth,11212,0.5707316117556254,0.1826086956521739,0.2264576011534649,p_z_plus_orth
threshold_clustering_m1_v2,0.01,0.2,detector,z1,10629,0.5595035758431927,0.2321428571428571,0.1661120091280783,
threshold_clustering_m1_v2,0.01,0.2,detector,z2,11287,0.5229955987256245,0.1491228070175438,0.1358632417434887,
threshold_clustering_m1_v2,0.01,0.2,detector,z3,9327,0.2297748123436196,0.0091743119266055,0.0592319375135604,
threshold_clustering_m1_v2,0.01,0.2,detector,z4,11499,0.710368098628128,0.4869565217391304,0.2173225579761068,
threshold_clustering_m1_v2,0.01,0.2,detector,z6,10453,0.7651991093781851,0.5855855855855856,0.2048926706633146,
threshold_clustering_m1_v2,0.01,0.2,detector,z8,5391,0.5886704563783978,0.1688311688311688,0.0468573579224689,
threshold_clustering_m1_v2,0.01,0.2,detector,z57,11386,0.5203087569869578,0.2608695652173913,0.3848815544317274,
threshold_clustering_m1_v2,0.01,0.2,composite,z_plus,11499,0.6601400898285924,0.3130434782608696,0.186841180604357,p_z_plus
threshold_clustering_m1_v2,0.01,0.2,composite,z_plus_renorm,11212,0.6050127139728325,0.3043478260869565,0.213931693250428,p_z_plus_renorm
threshold_clustering_m1_v2,0.01,0.2,composite,breadth,11499,0.6531692077362584,0.0,0.0044799718903724,p_breadth
threshold_clustering_m1_v2,0.01,0.2,composite,z_mahalanobis_sq,5389,0.5497476920669692,0.4545454545454545,0.390625,p_z_mahalanobis_sq
threshold_clustering_m1_v2,0.01,0.2,composite,t_iut,11499,0.5390219682850073,0.0260869565217391,0.0521784961349262,p_t_iut
threshold_clustering_m1_v2,0.01,0.2,composite,z_plus_softmax,11212,0.5808134591801153,0.2434782608695652,0.2151031810399207,p_z_plus_softmax
threshold_clustering_m1_v2,0.01,0.2,composite,z_plus_orth,11212,0.5700839631549459,0.2,0.2264576011534649,p_z_plus_orth
threshold_clustering_m1_v2,0.01,0.3,detector,z1,10629,0.5575832156101007,0.2232142857142857,0.1658267566796615,
threshold_clustering_m1_v2,0.01,0.3,detector,z2,11287,0.5329051394260286,0.1578947368421052,0.1360422446970375,
threshold_clustering_m1_v2,0.01,0.3,detector,z3,9327,0.217782917745695,0.0091743119266055,0.0598828379257973,
threshold_clustering_m1_v2,0.01,0.3,detector,z4,11499,0.7092528797091264,0.4956521739130435,0.2241742796907941,
threshold_clustering_m1_v2,0.01,0.3,detector,z6,10453,0.7836958017774108,0.5945945945945946,0.2047959775672017,
threshold_clustering_m1_v2,0.01,0.3,detector,z8,5391,0.59727795727043,0.1818181818181818,0.0468573579224689,
threshold_clustering_m1_v2,0.01,0.3,detector,z57,11386,0.4667708200730617,0.208695652173913,0.3848815544317274,
threshold_clustering_m1_v2,0.01,0.3,composite,z_plus,11499,0.658541354761832,0.2695652173913043,0.1824490513000702,p_z_plus
threshold_clustering_m1_v2,0.01,0.3,composite,z_plus_renorm,11212,0.6039622929816519,0.2695652173913043,0.2091556276471118,p_z_plus_renorm
threshold_clustering_m1_v2,0.01,0.3,composite,breadth,11499,0.6420067065904855,0.0,0.0044799718903724,p_breadth
threshold_clustering_m1_v2,0.01,0.3,composite,z_mahalanobis_sq,5389,0.5495056524800501,0.3896103896103896,0.390625,p_z_mahalanobis_sq
threshold_clustering_m1_v2,0.01,0.3,composite,t_iut,11499,0.5428610712212412,0.0260869565217391,0.0522663387210119,p_t_iut
threshold_clustering_m1_v2,0.01,0.3,composite,z_plus_softmax,11212,0.5886158029392982,0.2434782608695652,0.2082544831936559,p_z_plus_softmax
threshold_clustering_m1_v2,0.01,0.3,composite,z_plus_orth,11212,0.5771383570177604,0.208695652173913,0.2231233666756781,p_z_plus_orth
threshold_clustering_m1_v2,0.05,0.05,detector,z1,10629,0.5444093143158696,0.2133580705009276,0.1639246778989098,
threshold_clustering_m1_v2,0.05,0.05,detector,z2,11287,0.4569596754787033,0.0929824561403508,0.1384715871979098,
threshold_clustering_m1_v2,0.05,0.05,detector,z3,9327,0.3052801089229059,0.0353159851301115,0.0807827966776652,
threshold_clustering_m1_v2,0.05,0.05,detector,z4,11499,0.7438500788053428,0.5217391304347826,0.2041376785060417,
threshold_clustering_m1_v2,0.05,0.05,detector,z6,10453,0.677266697601202,0.4291115311909262,0.1984079000403063,
threshold_clustering_m1_v2,0.05,0.05,detector,z8,5391,0.591805549504481,0.0912052117263843,0.0458300550747442,
threshold_clustering_m1_v2,0.05,0.05,detector,z57,11386,0.6036780573731264,0.4939130434782608,0.3648136157617241,
threshold_clustering_m1_v2,0.05,0.05,composite,z_plus,11499,0.6313560887077516,0.2278260869565217,0.167704137678506,p_z_plus
threshold_clustering_m1_v2,0.05,0.05,composite,z_plus_renorm,11209,0.5838873670180145,0.1878260869565217,0.1987963137107391,p_z_plus_renorm
threshold_clustering_m1_v2,0.05,0.05,composite,breadth,11499,0.6295815356693679,0.0069565217391304,0.004577077993409,p_breadth
threshold_clustering_m1_v2,0.05,0.05,composite,z_mahalanobis_sq,5389,0.5668085739154736,0.3941368078175896,0.3724911452184179,p_z_mahalanobis_sq
threshold_clustering_m1_v2,0.05,0.05,composite,t_iut,11499,0.5032279942050212,0.0556521739130434,0.0525448553643354,p_t_iut
threshold_clustering_m1_v2,0.05,0.05,composite,z_plus_softmax,11209,0.5540491941353002,0.1495652173913043,0.1928719202557833,p_z_plus_softmax
threshold_clustering_m1_v2,0.05,0.05,composite,z_plus_orth,11209,0.5468444938711762,0.128695652173913,0.2072597329321045,p_z_plus_orth
threshold_clustering_m1_v2,0.05,0.1,detector,z1,10629,0.5424357038968394,0.2170686456400742,0.163230921704658,
threshold_clustering_m1_v2,0.05,0.1,detector,z2,11287,0.4593045317408479,0.0929824561403508,0.1385648968927871,
threshold_clustering_m1_v2,0.05,0.1,detector,z3,9327,0.3002367355950599,0.0353159851301115,0.081351689612015,
threshold_clustering_m1_v2,0.05,0.1,detector,z4,11499,0.7431795169789693,0.5217391304347826,0.2041376785060417,
threshold_clustering_m1_v2,0.05,0.1,detector,z6,10453,0.6822095563332367,0.4328922495274102,0.1984079000403063,
threshold_clustering_m1_v2,0.05,0.1,detector,z8,5391,0.5975545685897123,0.0977198697068403,0.0458300550747442,
threshold_clustering_m1_v2,0.05,0.1,detector,z57,11386,0.5805199213361592,0.36,0.3648136157617241,
threshold_clustering_m1_v2,0.05,0.1,composite,z_plus,11499,0.6233891073503892,0.2191304347826086,0.1635847674844379,p_z_plus
threshold_clustering_m1_v2,0.05,0.1,composite,z_plus_renorm,11209,0.573398941868167,0.1704347826086956,0.1954109460221929,p_z_plus_renorm
threshold_clustering_m1_v2,0.05,0.1,composite,breadth,11499,0.6287707162530048,0.008695652173913,0.004577077993409,p_breadth
threshold_clustering_m1_v2,0.05,0.1,composite,z_mahalanobis_sq,5389,0.5599298539778256,0.3550488599348534,0.3722943722943723,p_z_mahalanobis_sq
threshold_clustering_m1_v2,0.05,0.1,composite,t_iut,11499,0.5051183672169774,0.057391304347826,0.0524533138044672,p_t_iut
threshold_clustering_m1_v2,0.05,0.1,composite,z_plus_softmax,11209,0.547520013737724,0.1373913043478261,0.186665412826782,p_z_plus_softmax
threshold_clustering_m1_v2,0.05,0.1,composite,z_plus_orth,11209,0.5386746367271508,0.1147826086956521,0.2045326311829979,p_z_plus_orth
threshold_clustering_m1_v2,0.05,0.15,detector,z1,10629,0.5413826581177565,0.2115027829313543,0.1629335976214073,
threshold_clustering_m1_v2,0.05,0.15,detector,z2,11287,0.4620763207823608,0.0929824561403508,0.1385648968927871,
threshold_clustering_m1_v2,0.05,0.15,detector,z3,9327,0.2954486238924035,0.0353159851301115,0.0816930253726248,
threshold_clustering_m1_v2,0.05,0.15,detector,z4,11499,0.7424899304284145,0.5565217391304348,0.2254668619553277,
threshold_clustering_m1_v2,0.05,0.15,detector,z6,10453,0.6881783596924528,0.4385633270321361,0.1984079000403063,
threshold_clustering_m1_v2,0.05,0.15,detector,z8,5391,0.6026789032206809,0.1009771986970684,0.0454366640440597,
threshold_clustering_m1_v2,0.05,0.15,detector,z57,11386,0.5534404973999911,0.28,0.3648136157617241,
threshold_clustering_m1_v2,0.05,0.15,composite,z_plus,11499,0.6147354846926592,0.2052173913043478,0.1619370194068106,p_z_plus
threshold_clustering_m1_v2,0.05,0.15,composite,z_plus_renorm,11209,0.5635835016477091,0.1513043478260869,0.1950347940567989,p_z_plus_renorm
threshold_clustering_m1_v2,0.05,0.15,composite,breadth,11499,0.624212424179708,0.0104347826086956,0.0043939948736726,p_breadth
threshold_clustering_m1_v2,0.05,0.15,composite,z_mahalanobis_sq,5389,0.5494419212216074,0.3387622149837133,0.3728846910665092,p_z_mahalanobis_sq
threshold_clustering_m1_v2,0.05,0.15,composite,t_iut,11499,0.5088681483132472,0.0608695652173913,0.0525448553643354,p_t_iut
threshold_clustering_m1_v2,0.05,0.15,composite,z_plus_softmax,11209,0.5414561987390732,0.1217391304347826,0.1809290953545232,p_z_plus_softmax
threshold_clustering_m1_v2,0.05,0.15,composite,z_plus_orth,11209,0.5311399039994766,0.0939130434782608,0.2015234154598457,p_z_plus_orth
threshold_clustering_m1_v2,0.05,0.2,detector,z1,10629,0.5389509258969828,0.2003710575139146,0.1612487611496531,
threshold_clustering_m1_v2,0.05,0.2,detector,z2,11287,0.4656489361876278,0.0929824561403508,0.1384715871979098,
threshold_clustering_m1_v2,0.05,0.2,detector,z3,9327,0.2904137099390459,0.0334572490706319,0.0816930253726248,
threshold_clustering_m1_v2,0.05,0.2,detector,z4,11499,0.7416179771703311,0.5652173913043478,0.232240937385573,
threshold_clustering_m1_v2,0.05,0.2,detector,z6,10453,0.6931876971981388,0.44234404536862,0.1982063683998387,
threshold_clustering_m1_v2,0.05,0.2,detector,z8,5391,0.6080553540903698,0.1074918566775244,0.0454366640440597,
threshold_clustering_m1_v2,0.05,0.2,detector,z57,11386,0.5234302421446755,0.2278260869565217,0.3648136157617241,
threshold_clustering_m1_v2,0.05,0.2,composite,z_plus,11499,0.605861684683107,0.1930434782608695,0.1615708531673379,p_z_plus
threshold_clustering_m1_v2,0.05,0.2,composite,z_plus_renorm,11209,0.5569599561701188,0.1547826086956521,0.1933421102125258,p_z_plus_renorm
threshold_clustering_m1_v2,0.05,0.2,composite,breadth,11499,0.6174082594367408,0.008695652173913,0.0043939948736726,p_breadth
threshold_clustering_m1_v2,0.05,0.2,composite,z_mahalanobis_sq,5389,0.5437771684440326,0.3192182410423452,0.3728846910665092,p_z_mahalanobis_sq
threshold_clustering_m1_v2,0.05,0.2,composite,t_iut,11499,0.5110399121201026,0.0608695652173913,0.0524533138044672,p_t_iut
threshold_clustering_m1_v2,0.05,0.2,composite,z_plus_softmax,11209,0.5389386790524242,0.1252173913043478,0.1790483355275531,p_z_plus_softmax
threshold_clustering_m1_v2,0.05,0.2,composite,z_plus_orth,11209,0.5286810967282956,0.1043478260869565,0.2003009215723152,p_z_plus_orth
threshold_clustering_m1_v2,0.05,0.3,detector,z1,10629,0.537149605314691,0.2003710575139146,0.1593657086223984,
threshold_clustering_m1_v2,0.05,0.3,detector,z2,11287,0.478510286166101,0.0982456140350877,0.1386582065876644,
threshold_clustering_m1_v2,0.05,0.3,detector,z3,9327,0.2792148727646631,0.037174721189591,0.0827170326544544,
threshold_clustering_m1_v2,0.05,0.3,detector,z4,11499,0.7364055211500804,0.5443478260869565,0.2263822775540095,
threshold_clustering_m1_v2,0.05,0.3,detector,z6,10453,0.6999639605043702,0.4480151228733459,0.1985086658605401,
threshold_clustering_m1_v2,0.05,0.3,detector,z8,5391,0.6201514875819139,0.1205211726384364,0.0452399685287175,
threshold_clustering_m1_v2,0.05,0.3,detector,z57,11386,0.4712781265458289,0.1930434782608695,0.3648136157617241,
threshold_clustering_m1_v2,0.05,0.3,composite,z_plus,11499,0.5919085221212169,0.177391304347826,0.1592823141706334,p_z_plus
threshold_clustering_m1_v2,0.05,0.3,composite,z_plus_renorm,11209,0.5511019617142717,0.1652173913043478,0.1957870979875869,p_z_plus_renorm
threshold_clustering_m1_v2,0.05,0.3,composite,breadth,11499,0.5991460366484644,0.0052173913043478,0.0043024533138044,p_breadth
threshold_clustering_m1_v2,0.05,0.3,composite,z_mahalanobis_sq,5389,0.5332616746593649,0.2964169381107492,0.3793781975600157,p_z_mahalanobis_sq
threshold_clustering_m1_v2,0.05,0.3,composite,t_iut,11499,0.5209422412557909,0.0626086956521739,0.0535518125228853,p_t_iut
threshold_clustering_m1_v2,0.05,0.3,composite,z_plus_softmax,11209,0.5309487206744569,0.1130434782608695,0.1805529433891292,p_z_plus_softmax
threshold_clustering_m1_v2,0.05,0.3,composite,z_plus_orth,11209,0.5184214701000074,0.0904347826086956,0.2061312770359225,p_z_plus_orth
threshold_clustering_m1_v2,0.1,0.05,detector,z1,10627,0.5164050950343708,0.2089971883786316,0.1598326359832636,
threshold_clustering_m1_v2,0.1,0.05,detector,z2,11286,0.4485161853553555,0.0888302550571679,0.1420829638388018,
threshold_clustering_m1_v2,0.1,0.05,detector,z3,9327,0.3347750489121499,0.0323176361957525,0.1031052886948083,
threshold_clustering_m1_v2,0.1,0.05,detector,z4,11499,0.7579558201380515,0.5226086956521739,0.1863948207556285,
threshold_clustering_m1_v2,0.1,0.05,detector,z6,10453,0.5978303109915054,0.2728989612842304,0.1968277624015328,
threshold_clustering_m1_v2,0.1,0.05,detector,z8,5391,0.5898034185580199,0.0906200317965023,0.0445191096178076,
threshold_clustering_m1_v2,0.1,0.05,detector,z57,11386,0.6366532867798222,0.4982608695652173,0.3347010550996483,
threshold_clustering_m1_v2,0.1,0.05,composite,z_plus,11499,0.6261023749406579,0.1878260869565217,0.1604019712049473,p_z_plus
threshold_clustering_m1_v2,0.1,0.05,composite,z_plus_renorm,11208,0.5763286849317437,0.1373913043478261,0.1877112746072778,p_z_plus_renorm
threshold_clustering_m1_v2,0.1,0.05,composite,breadth,11499,0.6290211614648759,0.0052173913043478,0.0047347569813508,p_breadth
threshold_clustering_m1_v2,0.1,0.05,composite,z_mahalanobis_sq,5389,0.5629280169937609,0.3243243243243243,0.3464285714285714,p_z_mahalanobis_sq
threshold_clustering_m1_v2,0.1,0.05,composite,t_iut,11499,0.4931149827540573,0.048695652173913,0.0533384868103198,p_t_iut
threshold_clustering_m1_v2,0.1,0.05,composite,z_plus_softmax,11208,0.5524555837014878,0.1130434782608695,0.180155100417578,p_z_plus_softmax
threshold_clustering_m1_v2,0.1,0.05,composite,z_plus_orth,11208,0.5481011005731972,0.1139130434782608,0.1904951282561145,p_z_plus_orth
threshold_clustering_m1_v2,0.1,0.1,detector,z1,10627,0.5172555418743359,0.211808809746954,0.1586820083682008,
threshold_clustering_m1_v2,0.1,0.1,detector,z2,11286,0.4514538564483306,0.0888302550571679,0.1418859000886786,
threshold_clustering_m1_v2,0.1,0.1,detector,z3,9327,0.329092805624214,0.0313942751615881,0.1037117903930131,
threshold_clustering_m1_v2,0.1,0.1,detector,z4,11499,0.7560724203556739,0.5417391304347826,0.2003092086191902,
threshold_clustering_m1_v2,0.1,0.1,detector,z6,10453,0.6005653157350552,0.2766761095372993,0.1965084096231637,
threshold_clustering_m1_v2,0.1,0.1,detector,z8,5391,0.5939804653827432,0.095389507154213,0.0443091138177236,
threshold_clustering_m1_v2,0.1,0.1,detector,z57,11386,0.6109846747200843,0.368695652173913,0.3347010550996483,
threshold_clustering_m1_v2,0.1,0.1,composite,z_plus,11499,0.6101245657005298,0.1617391304347826,0.1492897864527973,p_z_plus
threshold_clustering_m1_v2,0.1,0.1,composite,z_plus_renorm,11207,0.5545452658974281,0.1043478260869565,0.1787809485930198,p_z_plus_renorm
threshold_clustering_m1_v2,0.1,0.1,composite,breadth,11499,0.6273691640024031,0.0043478260869565,0.0047347569813508,p_breadth
threshold_clustering_m1_v2,0.1,0.1,composite,z_mahalanobis_sq,5389,0.5431924757184272,0.2575516693163752,0.3466386554621848,p_z_mahalanobis_sq
threshold_clustering_m1_v2,0.1,0.1,composite,t_iut,11499,0.495203527330933,0.048695652173913,0.0532418591168228,p_t_iut
threshold_clustering_m1_v2,0.1,0.1,composite,z_plus_softmax,11207,0.5327663621704113,0.0747826086956521,0.1631699313910709,p_z_plus_softmax
threshold_clustering_m1_v2,0.1,0.1,composite,z_plus_orth,11207,0.5247219111931556,0.0643478260869565,0.1834543104305458,p_z_plus_orth
threshold_clustering_m1_v2,0.1,0.15,detector,z1,10627,0.5141332500696043,0.2052483598875351,0.1584728033472803,
threshold_clustering_m1_v2,0.1,0.15,detector,z2,11286,0.4546172322630276,0.0879507475813544,0.1419844319637402,
threshold_clustering_m1_v2,0.1,0.15,detector,z3,9327,0.3229997316383991,0.0313942751615881,0.1040756914119359,
threshold_clustering_m1_v2,0.1,0.15,detector,z4,11499,0.7541941880542963,0.5347826086956522,0.2013721132476567,
threshold_clustering_m1_v2,0.1,0.15,detector,z6,10453,0.6035626782851973,0.279508970727101,0.1966148605492867,
threshold_clustering_m1_v2,0.1,0.15,detector,z8,5391,0.5971183835464786,0.0985691573926868,0.0438891222175556,
threshold_clustering_m1_v2,0.1,0.15,detector,z57,11386,0.5812126425064139,0.3095652173913043,0.3347010550996483,
threshold_clustering_m1_v2,0.1,0.15,composite,z_plus,11499,0.6008986375495218,0.1547826086956521,0.1523818726446999,p_z_plus
threshold_clustering_m1_v2,0.1,0.15,composite,z_plus_renorm,11207,0.5469772730220352,0.1130434782608695,0.1832554439693745,p_z_plus_renorm
threshold_clustering_m1_v2,0.1,0.15,composite,breadth,11499,0.6209767379330917,0.0043478260869565,0.0048313846748478,p_breadth
threshold_clustering_m1_v2,0.1,0.15,composite,z_mahalanobis_sq,5389,0.5410478817918265,0.2750397456279809,0.3525210084033613,p_z_mahalanobis_sq
threshold_clustering_m1_v2,0.1,0.15,composite,t_iut,11499,0.4984296319325119,0.0504347826086956,0.052951976036332,p_t_iut
threshold_clustering_m1_v2,0.1,0.15,composite,z_plus_softmax,11207,0.5304746423646087,0.0791304347826087,0.168141592920354,p_z_plus_softmax
threshold_clustering_m1_v2,0.1,0.15,composite,z_plus_orth,11207,0.5233974173299151,0.0756521739130434,0.1877299393457293,p_z_plus_orth
threshold_clustering_m1_v2,0.1,0.2,detector,z1,10627,0.5136672934320996,0.2071227741330834,0.1559623430962343,
threshold_clustering_m1_v2,0.1,0.2,detector,z2,11286,0.458949255044429,0.0879507475813544,0.1420829638388018,
threshold_clustering_m1_v2,0.1,0.2,detector,z3,9327,0.3164798663836997,0.0304709141274238,0.1046821931101407,
threshold_clustering_m1_v2,0.1,0.2,detector,z4,11499,0.7520293916236392,0.5347826086956522,0.2013721132476567,
threshold_clustering_m1_v2,0.1,0.2,detector,z6,10453,0.6066885559524764,0.2842304060434372,0.1958697040664253,
threshold_clustering_m1_v2,0.1,0.2,detector,z8,5391,0.5999042499277201,0.0985691573926868,0.0436791264174716,
threshold_clustering_m1_v2,0.1,0.2,detector,z57,11386,0.5459836977759656,0.2730434782608695,0.3347010550996483,
threshold_clustering_m1_v2,0.1,0.2,composite,z_plus,11499,0.5919012548996543,0.1417391304347826,0.1517054787902212,p_z_plus
threshold_clustering_m1_v2,0.1,0.2,composite,z_plus_renorm,11214,0.5446171027165273,0.1139130434782608,0.1804451510333863,p_z_plus_renorm
threshold_clustering_m1_v2,0.1,0.2,composite,breadth,11499,0.6067289845269654,0.0052173913043478,0.0047347569813508,p_breadth
threshold_clustering_m1_v2,0.1,0.2,composite,z_mahalanobis_sq,5389,0.5338535891304057,0.2639109697933227,0.3525210084033613,p_z_mahalanobis_sq
threshold_clustering_m1_v2,0.1,0.2,composite,t_iut,11499,0.5016312435143913,0.0504347826086956,0.0533384868103198,p_t_iut
threshold_clustering_m1_v2,0.1,0.2,composite,z_plus_softmax,11214,0.5306616783023432,0.0852173913043478,0.1683227344992051,p_z_plus_softmax
threshold_clustering_m1_v2,0.1,0.2,composite,z_plus_orth,11214,0.5232168901638211,0.077391304347826,0.1860095389507154,p_z_plus_orth
threshold_clustering_m1_v2,0.1,0.3,detector,z1,10627,0.5088185700336845,0.1986879100281162,0.153765690376569,
threshold_clustering_m1_v2,0.1,0.3,detector,z2,11286,0.4746978464155845,0.0914687774846086,0.1424770913390481,
threshold_clustering_m1_v2,0.1,0.3,detector,z3,9327,0.3011445577476979,0.0433979686057248,0.1068655992236778,
threshold_clustering_m1_v2,0.1,0.3,detector,z4,11499,0.7445336453427552,0.5504347826086956,0.2210841627210358,
threshold_clustering_m1_v2,0.1,0.3,detector,z6,10453,0.6132938409444239,0.2908404154863078,0.19533744943581,
threshold_clustering_m1_v2,0.1,0.3,detector,z8,5391,0.6052821789351176,0.1049284578696343,0.0434691306173876,
threshold_clustering_m1_v2,0.1,0.3,detector,z57,11386,0.4857270588035408,0.2208695652173913,0.3347010550996483,
threshold_clustering_m1_v2,0.1,0.3,composite,z_plus,11499,0.5706236687434618,0.1243478260869565,0.1468740941153734,p_z_plus
threshold_clustering_m1_v2,0.1,0.3,composite,z_plus_renorm,11205,0.5350785030160206,0.1165217391304347,0.1771258080556937,p_z_plus_renorm
threshold_clustering_m1_v2,0.1,0.3,composite,breadth,11499,0.5769393388145043,0.0043478260869565,0.0047347569813508,p_breadth
threshold_clustering_m1_v2,0.1,0.3,composite,z_mahalanobis_sq,5389,0.5245731519952972,0.246422893481717,0.3531512605042017,p_z_mahalanobis_sq
threshold_clustering_m1_v2,0.1,0.3,composite,t_iut,11499,0.5113365710612662,0.0495652173913043,0.0534351145038167,p_t_iut
threshold_clustering_m1_v2,0.1,0.3,composite,z_plus_softmax,11205,0.5167980455321817,0.088695652173913,0.1666832421680756,p_z_plus_softmax
threshold_clustering_m1_v2,0.1,0.3,composite,z_plus_orth,11205,0.5063777484703695,0.0652173913043478,0.1903530581800099,p_z_plus_orth
temporal_spike_m2b,0.01,0.05,detector,z1,10629,0.5343463373886578,0.1826086956521739,0.1673007418679855,
temporal_spike_m2b,0.01,0.05,detector,z2,11287,0.5271042513115085,0.0956521739130434,0.1367704976727533,
temporal_spike_m2b,0.01,0.05,detector,z3,9327,0.4715504332290279,0.0285714285714285,0.0532422468011277,
temporal_spike_m2b,0.01,0.05,detector,z4,11499,0.4964698738122154,0.1826086956521739,0.2138088545326774,
temporal_spike_m2b,0.01,0.05,detector,z6,10453,0.4943392672609078,0.131578947368421,0.2054357287938872,
temporal_spike_m2b,0.01,0.05,detector,z8,5391,0.4415079488259684,0.0470588235294117,0.048435733132303,
temporal_spike_m2b,0.01,0.05,detector,z57,11386,0.5273036226097758,0.4521739130434782,0.3892289947653269,
temporal_spike_m2b,0.01,0.05,composite,z_plus,11499,0.5245924867854197,0.2,0.1943078004216444,p_z_plus
temporal_spike_m2b,0.01,0.05,composite,z_plus_renorm,11211,0.4877268008107975,0.2212389380530973,0.2198594341322761,p_z_plus_renorm
temporal_spike_m2b,0.01,0.05,composite,breadth,11499,0.5637588224510374,0.017391304347826,0.0043921293042867,p_breadth
temporal_spike_m2b,0.01,0.05,composite,z_mahalanobis_sq,5389,0.4822309466773135,0.4117647058823529,0.3951734539969834,p_z_mahalanobis_sq
temporal_spike_m2b,0.01,0.05,composite,t_iut,11499,0.5234917809893367,0.017391304347826,0.0540231904427266,p_t_iut
temporal_spike_m2b,0.01,0.05,composite,z_plus_softmax,11211,0.5142810551849413,0.2743362831858407,0.223643899801766,p_z_plus_softmax
temporal_spike_m2b,0.01,0.05,composite,z_plus_orth,11211,0.5105735387225953,0.2654867256637168,0.2313029374662101,p_z_plus_orth
temporal_spike_m2b,0.01,0.1,detector,z1,10629,0.5345063724557733,0.1739130434782608,0.1673007418679855,
temporal_spike_m2b,0.01,0.1,detector,z2,11287,0.5283215803483865,0.0956521739130434,0.136860007160759,
temporal_spike_m2b,0.01,0.1,detector,z3,9327,0.4585220642149725,0.0380952380952381,0.0533506831489915,
temporal_spike_m2b,0.01,0.1,detector,z4,11499,0.4964698738122154,0.1826086956521739,0.2138088545326774,
temporal_spike_m2b,0.01,0.1,detector,z6,10453,0.5256166821929571,0.1929824561403508,0.2058226134055518,
temporal_spike_m2b,0.01,0.1,detector,z8,5391,0.4415079488259684,0.0470588235294117,0.048435733132303,
temporal_spike_m2b,0.01,0.1,detector,z57,11386,0.5269020533651194,0.4347826086956521,0.3892289947653269,
temporal_spike_m2b,0.01,0.1,composite,z_plus,11499,0.5304397476244309,0.208695652173913,0.1942199578355586,p_z_plus
temporal_spike_m2b,0.01,0.1,composite,z_plus_renorm,11211,0.4915176456891699,0.2212389380530973,0.2195891151558839,p_z_plus_renorm
temporal_spike_m2b,0.01,0.1,composite,breadth,11499,0.5697615264749917,0.017391304347826,0.0043921293042867,p_breadth
temporal_spike_m2b,0.01,0.1,composite,z_mahalanobis_sq,5389,0.4950070978617691,0.4235294117647059,0.3957390648567119,p_z_mahalanobis_sq
temporal_spike_m2b,0.01,0.1,composite,t_iut,11499,0.5129923004063676,0.017391304347826,0.0535839775122979,p_t_iut
temporal_spike_m2b,0.01,0.1,composite,z_plus_softmax,11211,0.5101871978846544,0.2566371681415929,0.2237340061272301,p_z_plus_softmax
temporal_spike_m2b,0.01,0.1,composite,z_plus_orth,11211,0.5039391614848885,0.2212389380530973,0.2315732564426022,p_z_plus_orth
temporal_spike_m2b,0.01,0.15,detector,z1,10629,0.5326851982036374,0.1652173913043478,0.1673007418679855,
temporal_spike_m2b,0.01,0.15,detector,z2,11287,0.528059278631361,0.0956521739130434,0.136860007160759,
temporal_spike_m2b,0.01,0.15,detector,z3,9327,0.4575022461814915,0.0380952380952381,0.0532422468011277,
temporal_spike_m2b,0.01,0.15,detector,z4,11499,0.4964698738122154,0.1826086956521739,0.2138088545326774,
temporal_spike_m2b,0.01,0.15,detector,z6,10453,0.5481891933625533,0.2543859649122807,0.2059193345584679,
temporal_spike_m2b,0.01,0.15,detector,z8,5391,0.4415079488259684,0.0470588235294117,0.048435733132303,
temporal_spike_m2b,0.01,0.15,detector,z57,11386,0.5266536282031994,0.4347826086956521,0.3892289947653269,
temporal_spike_m2b,0.01,0.15,composite,z_plus,11499,0.5348093433957652,0.2434782608695652,0.1928144764581869,p_z_plus
temporal_spike_m2b,0.01,0.15,composite,z_plus_renorm,11211,0.49914000290254,0.247787610619469,0.2183276265993873,p_z_plus_renorm
temporal_spike_m2b,0.01,0.15,composite,breadth,11499,0.5719213083198387,0.017391304347826,0.0043921293042867,p_breadth
temporal_spike_m2b,0.01,0.15,composite,z_mahalanobis_sq,5389,0.5001730103806228,0.4352941176470588,0.3949849170437405,p_z_mahalanobis_sq
temporal_spike_m2b,0.01,0.15,composite,t_iut,11499,0.509632894375019,0.017391304347826,0.052881236823612,p_t_iut
temporal_spike_m2b,0.01,0.15,composite,z_plus_softmax,11211,0.5043908892138742,0.2300884955752212,0.2231933681744458,p_z_plus_softmax
temporal_spike_m2b,0.01,0.15,composite,z_plus_orth,11211,0.4953479619225022,0.1858407079646017,0.2305820868624977,p_z_plus_orth
temporal_spike_m2b,0.01,0.2,detector,z1,10629,0.5325247496092167,0.1739130434782608,0.1673007418679855,
temporal_spike_m2b,0.01,0.2,detector,z2,11287,0.5260593253319634,0.0782608695652174,0.1367704976727533,
temporal_spike_m2b,0.01,0.2,detector,z3,9327,0.4575838316241699,0.0380952380952381,0.0532422468011277,
temporal_spike_m2b,0.01,0.2,detector,z4,11499,0.4964698738122154,0.1826086956521739,0.2138088545326774,
temporal_spike_m2b,0.01,0.2,detector,z6,10453,0.5655413075681757,0.2631578947368421,0.2059193345584679,
temporal_spike_m2b,0.01,0.2,detector,z8,5391,0.4415079488259684,0.0470588235294117,0.048435733132303,
temporal_spike_m2b,0.01,0.2,detector,z57,11386,0.5276014242013941,0.4347826086956521,0.3892289947653269,
temporal_spike_m2b,0.01,0.2,composite,z_plus,11499,0.544002260991781,0.2434782608695652,0.1943078004216444,p_z_plus
temporal_spike_m2b,0.01,0.2,composite,z_plus_renorm,11211,0.5108023928412518,0.247787610619469,0.2199495404577401,p_z_plus_renorm
temporal_spike_m2b,0.01,0.2,composite,breadth,11499,0.5705165907910416,0.017391304347826,0.0043921293042867,p_breadth
temporal_spike_m2b,0.01,0.2,composite,z_mahalanobis_sq,5389,0.5096974536420903,0.4588235294117647,0.395550527903469,p_z_mahalanobis_sq
temporal_spike_m2b,0.01,0.2,composite,t_iut,11499,0.5087174218582909,0.017391304347826,0.0538475052705551,p_t_iut
temporal_spike_m2b,0.01,0.2,composite,z_plus_softmax,11211,0.5052684291357608,0.2212389380530973,0.223643899801766,p_z_plus_softmax
temporal_spike_m2b,0.01,0.2,composite,z_plus_orth,11211,0.4984725781732178,0.1946902654867256,0.2309425121643539,p_z_plus_orth
temporal_spike_m2b,0.01,0.3,detector,z1,10629,0.5295283307556797,0.1565217391304348,0.1672056305877877,
temporal_spike_m2b,0.01,0.3,detector,z2,11287,0.5247571568673235,0.0782608695652174,0.1366809881847475,
temporal_spike_m2b,0.01,0.3,detector,z3,9327,0.456809802645847,0.0380952380952381,0.0533506831489915,
temporal_spike_m2b,0.01,0.3,detector,z4,11499,0.4963564422988787,0.1826086956521739,0.2138088545326774,
temporal_spike_m2b,0.01,0.3,detector,z6,10453,0.5955906183875396,0.2982456140350877,0.2064029403230486,
temporal_spike_m2b,0.01,0.3,detector,z8,5391,0.4415079488259684,0.0470588235294117,0.048435733132303,
temporal_spike_m2b,0.01,0.3,detector,z57,11386,0.5268735076167002,0.4347826086956521,0.3892289947653269,
temporal_spike_m2b,0.01,0.3,composite,z_plus,11499,0.5492105624980903,0.2347826086956521,0.1942199578355586,p_z_plus
temporal_spike_m2b,0.01,0.3,composite,z_plus_renorm,11211,0.5177832408613845,0.2743362831858407,0.2195891151558839,p_z_plus_renorm
temporal_spike_m2b,0.01,0.3,composite,breadth,11499,0.5714832411622719,0.017391304347826,0.0043921293042867,p_breadth
temporal_spike_m2b,0.01,0.3,composite,z_mahalanobis_sq,5389,0.5175672078786265,0.4705882352941176,0.3959276018099547,p_z_mahalanobis_sq
temporal_spike_m2b,0.01,0.3,composite,t_iut,11499,0.5097276115982767,0.0260869565217391,0.0539353478566409,p_t_iut
temporal_spike_m2b,0.01,0.3,composite,z_plus_softmax,11211,0.5172202756775118,0.2654867256637168,0.223643899801766,p_z_plus_softmax
temporal_spike_m2b,0.01,0.3,composite,z_plus_orth,11211,0.5124585949473476,0.2389380530973451,0.2309425121643539,p_z_plus_orth
temporal_spike_m2b,0.05,0.05,detector,z1,10629,0.5049914399038717,0.15,0.1678629533926691,
temporal_spike_m2b,0.05,0.05,detector,z2,11287,0.5398299870952252,0.0944444444444444,0.137030701359503,
temporal_spike_m2b,0.05,0.05,detector,z3,9327,0.4732022252650936,0.0242424242424242,0.0533726260641781,
temporal_spike_m2b,0.05,0.05,detector,z4,11499,0.4772025404678466,0.15,0.2145065818535206,
temporal_spike_m2b,0.05,0.05,detector,z6,10453,0.4813163999160434,0.1508379888268156,0.2055674518201284,
temporal_spike_m2b,0.05,0.05,detector,z8,5391,0.4302158972936334,0.0526315789473684,0.0483073411943704,
temporal_spike_m2b,0.05,0.05,detector,z57,11386,0.5106272433418605,0.4166666666666667,0.3894342316616098,
temporal_spike_m2b,0.05,0.05,composite,z_plus,11499,0.4883700955129526,0.1722222222222222,0.1947168477780722,p_z_plus
temporal_spike_m2b,0.05,0.05,composite,z_plus_renorm,11211,0.4551670798733037,0.1977401129943503,0.2203190139568606,p_z_plus_renorm
temporal_spike_m2b,0.05,0.05,composite,breadth,11499,0.5396295314662662,0.0166666666666666,0.0043290043290043,p_breadth
temporal_spike_m2b,0.05,0.05,composite,z_mahalanobis_sq,5389,0.4602645311909911,0.3834586466165413,0.395738203957382,p_z_mahalanobis_sq
temporal_spike_m2b,0.05,0.05,composite,t_iut,11499,0.534796458265846,0.0222222222222222,0.0541567276261153,p_t_iut
temporal_spike_m2b,0.05,0.05,composite,z_plus_softmax,11211,0.4790398757205514,0.2259887005649717,0.2240348015225666,p_z_plus_softmax
temporal_spike_m2b,0.05,0.05,composite,z_plus_orth,11211,0.4763609449580086,0.2146892655367231,0.2319195214790647,p_z_plus_orth
temporal_spike_m2b,0.05,0.1,detector,z1,10629,0.5049422592273582,0.1444444444444444,0.1678629533926691,
temporal_spike_m2b,0.05,0.1,detector,z2,11287,0.5405067374928724,0.0944444444444444,0.1371207346718286,
temporal_spike_m2b,0.05,0.1,detector,z3,9327,0.4640855179165592,0.0303030303030303,0.0534817725387469,
temporal_spike_m2b,0.05,0.1,detector,z4,11499,0.4772025404678466,0.15,0.2145065818535206,
temporal_spike_m2b,0.05,0.1,detector,z6,10453,0.5081123582553128,0.2067039106145251,0.2060541171890208,
temporal_spike_m2b,0.05,0.1,detector,z8,5391,0.4302158972936334,0.0526315789473684,0.0483073411943704,
temporal_spike_m2b,0.05,0.1,detector,z57,11386,0.5103451523985167,0.4055555555555555,0.3894342316616098,
temporal_spike_m2b,0.05,0.1,composite,z_plus,11499,0.4937901856269203,0.1777777777777777,0.1946285007509497,p_z_plus
temporal_spike_m2b,0.05,0.1,composite,z_plus_renorm,11211,0.4593943834619036,0.2033898305084746,0.2202283849918433,p_z_plus_renorm
temporal_spike_m2b,0.05,0.1,composite,breadth,11499,0.5462805901581411,0.0166666666666666,0.0043290043290043,p_breadth
temporal_spike_m2b,0.05,0.1,composite,z_mahalanobis_sq,5389,0.469152332887012,0.3909774436090225,0.3963089802130898,p_z_mahalanobis_sq
temporal_spike_m2b,0.05,0.1,composite,t_iut,11499,0.5298777375307988,0.0222222222222222,0.0537149924905027,p_t_iut
temporal_spike_m2b,0.05,0.1,composite,z_plus_softmax,11211,0.4751479505053205,0.2090395480225988,0.2241254304875838,p_z_plus_softmax
temporal_spike_m2b,0.05,0.1,composite,z_plus_orth,11211,0.4710517260977626,0.1864406779661017,0.2321914083741163,p_z_plus_orth
temporal_spike_m2b,0.05,0.15,detector,z1,10629,0.5021137057240991,0.1388888888888889,0.1678629533926691,
temporal_spike_m2b,0.05,0.15,detector,z2,11287,0.5407913427968349,0.0944444444444444,0.1372107679841541,
temporal_spike_m2b,0.05,0.15,detector,z3,9327,0.4626937349923597,0.0363636363636363,0.0533726260641781,
temporal_spike_m2b,0.05,0.15,detector,z4,11499,0.4772025404678466,0.15,0.2145065818535206,
temporal_spike_m2b,0.05,0.15,detector,z6,10453,0.5270085685730537,0.2458100558659217,0.2062487833365777,
temporal_spike_m2b,0.05,0.15,detector,z8,5391,0.4302158972936334,0.0526315789473684,0.0483073411943704,
temporal_spike_m2b,0.05,0.15,detector,z57,11386,0.5093325500228052,0.4055555555555555,0.3894342316616098,
temporal_spike_m2b,0.05,0.15,composite,z_plus,11499,0.4978615111268172,0.2,0.1931266012898665,p_z_plus
temporal_spike_m2b,0.05,0.15,composite,z_plus_renorm,11211,0.4648538825551019,0.2146892655367231,0.2189595794816023,p_z_plus_renorm
temporal_spike_m2b,0.05,0.15,composite,breadth,11499,0.5494493035309362,0.0166666666666666,0.0043290043290043,p_breadth
temporal_spike_m2b,0.05,0.15,composite,z_mahalanobis_sq,5389,0.4724038978725352,0.3909774436090225,0.395738203957382,p_z_mahalanobis_sq
temporal_spike_m2b,0.05,0.15,composite,t_iut,11499,0.5272199644648624,0.0222222222222222,0.0530082162735223,p_t_iut
temporal_spike_m2b,0.05,0.15,composite,z_plus_softmax,11211,0.4708497310316649,0.192090395480226,0.2235816566974805,p_z_plus_softmax
temporal_spike_m2b,0.05,0.15,composite,z_plus_orth,11211,0.4657450673777712,0.1638418079096045,0.2312851187239441,p_z_plus_orth
temporal_spike_m2b,0.05,0.2,detector,z1,10629,0.5008629214916898,0.1444444444444444,0.1678629533926691,
temporal_spike_m2b,0.05,0.2,detector,z2,11287,0.5397812190510489,0.0833333333333333,0.1371207346718286,
temporal_spike_m2b,0.05,0.2,detector,z3,9327,0.4615592731506287,0.0363636363636363,0.0534817725387469,
temporal_spike_m2b,0.05,0.2,detector,z4,11499,0.4772025404678466,0.15,0.2145065818535206,
temporal_spike_m2b,0.05,0.2,detector,z6,10453,0.5420400033495628,0.2569832402234637,0.2062487833365777,
temporal_spike_m2b,0.05,0.2,detector,z8,5391,0.4302158972936334,0.0526315789473684,0.0483073411943704,
temporal_spike_m2b,0.05,0.2,detector,z57,11386,0.5100385210304004,0.4055555555555555,0.3894342316616098,
temporal_spike_m2b,0.05,0.2,composite,z_plus,11499,0.5069205171245987,0.2055555555555555,0.1946285007509497,p_z_plus
temporal_spike_m2b,0.05,0.2,composite,z_plus_renorm,11211,0.4754792326542817,0.2203389830508474,0.2206815298169294,p_z_plus_renorm
temporal_spike_m2b,0.05,0.2,composite,breadth,11499,0.5486531986531986,0.0166666666666666,0.0043290043290043,p_breadth
temporal_spike_m2b,0.05,0.2,composite,z_mahalanobis_sq,5389,0.4814905414220483,0.4060150375939849,0.3961187214611872,p_z_mahalanobis_sq
temporal_spike_m2b,0.05,0.2,composite,t_iut,11499,0.524631396570172,0.0222222222222222,0.0539800335718703,p_t_iut
temporal_spike_m2b,0.05,0.2,composite,z_plus_softmax,11211,0.4758299718691788,0.192090395480226,0.2239441725575494,p_z_plus_softmax
temporal_spike_m2b,0.05,0.2,composite,z_plus_orth,11211,0.4716024122665536,0.1751412429378531,0.2314663766539786,p_z_plus_orth
temporal_spike_m2b,0.05,0.3,detector,z1,10629,0.5004165736221435,0.1333333333333333,0.1676715475165087,
temporal_spike_m2b,0.05,0.3,detector,z2,11287,0.5380480777887819,0.0833333333333333,0.1369406680471774,
temporal_spike_m2b,0.05,0.3,detector,z3,9327,0.4594401778095295,0.0363636363636363,0.0534817725387469,
temporal_spike_m2b,0.05,0.3,detector,z4,11499,0.4772584935850241,0.15,0.2145065818535206,
temporal_spike_m2b,0.05,0.3,detector,z6,10453,0.5687250346103361,0.2849162011173184,0.2067354487054701,
temporal_spike_m2b,0.05,0.3,detector,z8,5391,0.4302158972936334,0.0526315789473684,0.0483073411943704,
temporal_spike_m2b,0.05,0.3,detector,z57,11386,0.5093729549646023,0.4,0.3894342316616098,
temporal_spike_m2b,0.05,0.3,composite,z_plus,11499,0.5114728431054961,0.2,0.1945401537238271,p_z_plus
temporal_spike_m2b,0.05,0.3,composite,z_plus_renorm,11211,0.478432610452131,0.2372881355932203,0.2203190139568606,p_z_plus_renorm
temporal_spike_m2b,0.05,0.3,composite,breadth,11499,0.5522184920144104,0.0166666666666666,0.0043290043290043,p_breadth
temporal_spike_m2b,0.05,0.3,composite,z_mahalanobis_sq,5389,0.4876546388803057,0.4135338345864661,0.3964992389649924,p_z_mahalanobis_sq
temporal_spike_m2b,0.05,0.3,composite,t_iut,11499,0.5233390758900963,0.0333333333333333,0.0540683805989928,p_t_iut
temporal_spike_m2b,0.05,0.3,composite,z_plus_softmax,11211,0.4831222753707339,0.2259887005649717,0.2238535435925321,p_z_plus_softmax
temporal_spike_m2b,0.05,0.3,composite,z_plus_orth,11211,0.4802572224116725,0.2090395480225988,0.2314663766539786,p_z_plus_orth
temporal_spike_m2b,0.1,0.05,detector,z1,10629,0.5049914399038717,0.15,0.1678629533926691,
temporal_spike_m2b,0.1,0.05,detector,z2,11287,0.5398299870952252,0.0944444444444444,0.137030701359503,
temporal_spike_m2b,0.1,0.05,detector,z3,9327,0.4732022252650936,0.0242424242424242,0.0533726260641781,
temporal_spike_m2b,0.1,0.05,detector,z4,11499,0.4772025404678466,0.15,0.2145065818535206,
temporal_spike_m2b,0.1,0.05,detector,z6,10453,0.4813163999160434,0.1508379888268156,0.2055674518201284,
temporal_spike_m2b,0.1,0.05,detector,z8,5391,0.4302158972936334,0.0526315789473684,0.0483073411943704,
temporal_spike_m2b,0.1,0.05,detector,z57,11386,0.5106272433418605,0.4166666666666667,0.3894342316616098,
temporal_spike_m2b,0.1,0.05,composite,z_plus,11499,0.4883700955129526,0.1722222222222222,0.1947168477780722,p_z_plus
temporal_spike_m2b,0.1,0.05,composite,z_plus_renorm,11211,0.4551670798733037,0.1977401129943503,0.2203190139568606,p_z_plus_renorm
temporal_spike_m2b,0.1,0.05,composite,breadth,11499,0.5396295314662662,0.0166666666666666,0.0043290043290043,p_breadth
temporal_spike_m2b,0.1,0.05,composite,z_mahalanobis_sq,5389,0.4602645311909911,0.3834586466165413,0.395738203957382,p_z_mahalanobis_sq
temporal_spike_m2b,0.1,0.05,composite,t_iut,11499,0.534796458265846,0.0222222222222222,0.0541567276261153,p_t_iut
temporal_spike_m2b,0.1,0.05,composite,z_plus_softmax,11211,0.4790398757205514,0.2259887005649717,0.2240348015225666,p_z_plus_softmax
temporal_spike_m2b,0.1,0.05,composite,z_plus_orth,11211,0.4763609449580086,0.2146892655367231,0.2319195214790647,p_z_plus_orth
temporal_spike_m2b,0.1,0.1,detector,z1,10629,0.5049422592273582,0.1444444444444444,0.1678629533926691,
temporal_spike_m2b,0.1,0.1,detector,z2,11287,0.5405067374928724,0.0944444444444444,0.1371207346718286,
temporal_spike_m2b,0.1,0.1,detector,z3,9327,0.4640855179165592,0.0303030303030303,0.0534817725387469,
temporal_spike_m2b,0.1,0.1,detector,z4,11499,0.4772025404678466,0.15,0.2145065818535206,
temporal_spike_m2b,0.1,0.1,detector,z6,10453,0.5081123582553128,0.2067039106145251,0.2060541171890208,
temporal_spike_m2b,0.1,0.1,detector,z8,5391,0.4302158972936334,0.0526315789473684,0.0483073411943704,
temporal_spike_m2b,0.1,0.1,detector,z57,11386,0.5103451523985167,0.4055555555555555,0.3894342316616098,
temporal_spike_m2b,0.1,0.1,composite,z_plus,11499,0.4937901856269203,0.1777777777777777,0.1946285007509497,p_z_plus
temporal_spike_m2b,0.1,0.1,composite,z_plus_renorm,11211,0.4593943834619036,0.2033898305084746,0.2202283849918433,p_z_plus_renorm
temporal_spike_m2b,0.1,0.1,composite,breadth,11499,0.5462805901581411,0.0166666666666666,0.0043290043290043,p_breadth
temporal_spike_m2b,0.1,0.1,composite,z_mahalanobis_sq,5389,0.469152332887012,0.3909774436090225,0.3963089802130898,p_z_mahalanobis_sq
temporal_spike_m2b,0.1,0.1,composite,t_iut,11499,0.5298777375307988,0.0222222222222222,0.0537149924905027,p_t_iut
temporal_spike_m2b,0.1,0.1,composite,z_plus_softmax,11211,0.4751479505053205,0.2090395480225988,0.2241254304875838,p_z_plus_softmax
temporal_spike_m2b,0.1,0.1,composite,z_plus_orth,11211,0.4710517260977626,0.1864406779661017,0.2321914083741163,p_z_plus_orth
temporal_spike_m2b,0.1,0.15,detector,z1,10629,0.5021137057240991,0.1388888888888889,0.1678629533926691,
temporal_spike_m2b,0.1,0.15,detector,z2,11287,0.5407913427968349,0.0944444444444444,0.1372107679841541,
temporal_spike_m2b,0.1,0.15,detector,z3,9327,0.4626937349923597,0.0363636363636363,0.0533726260641781,
temporal_spike_m2b,0.1,0.15,detector,z4,11499,0.4772025404678466,0.15,0.2145065818535206,
temporal_spike_m2b,0.1,0.15,detector,z6,10453,0.5270085685730537,0.2458100558659217,0.2062487833365777,
temporal_spike_m2b,0.1,0.15,detector,z8,5391,0.4302158972936334,0.0526315789473684,0.0483073411943704,
temporal_spike_m2b,0.1,0.15,detector,z57,11386,0.5093325500228052,0.4055555555555555,0.3894342316616098,
temporal_spike_m2b,0.1,0.15,composite,z_plus,11499,0.4978615111268172,0.2,0.1931266012898665,p_z_plus
temporal_spike_m2b,0.1,0.15,composite,z_plus_renorm,11211,0.4648538825551019,0.2146892655367231,0.2189595794816023,p_z_plus_renorm
temporal_spike_m2b,0.1,0.15,composite,breadth,11499,0.5494493035309362,0.0166666666666666,0.0043290043290043,p_breadth
temporal_spike_m2b,0.1,0.15,composite,z_mahalanobis_sq,5389,0.4724038978725352,0.3909774436090225,0.395738203957382,p_z_mahalanobis_sq
temporal_spike_m2b,0.1,0.15,composite,t_iut,11499,0.5272199644648624,0.0222222222222222,0.0530082162735223,p_t_iut
temporal_spike_m2b,0.1,0.15,composite,z_plus_softmax,11211,0.4708497310316649,0.192090395480226,0.2235816566974805,p_z_plus_softmax
temporal_spike_m2b,0.1,0.15,composite,z_plus_orth,11211,0.4657450673777712,0.1638418079096045,0.2312851187239441,p_z_plus_orth
temporal_spike_m2b,0.1,0.2,detector,z1,10629,0.5008629214916898,0.1444444444444444,0.1678629533926691,
temporal_spike_m2b,0.1,0.2,detector,z2,11287,0.5397812190510489,0.0833333333333333,0.1371207346718286,
temporal_spike_m2b,0.1,0.2,detector,z3,9327,0.4615592731506287,0.0363636363636363,0.0534817725387469,
temporal_spike_m2b,0.1,0.2,detector,z4,11499,0.4772025404678466,0.15,0.2145065818535206,
temporal_spike_m2b,0.1,0.2,detector,z6,10453,0.5420400033495628,0.2569832402234637,0.2062487833365777,
temporal_spike_m2b,0.1,0.2,detector,z8,5391,0.4302158972936334,0.0526315789473684,0.0483073411943704,
temporal_spike_m2b,0.1,0.2,detector,z57,11386,0.5100385210304004,0.4055555555555555,0.3894342316616098,
temporal_spike_m2b,0.1,0.2,composite,z_plus,11499,0.5069205171245987,0.2055555555555555,0.1946285007509497,p_z_plus
temporal_spike_m2b,0.1,0.2,composite,z_plus_renorm,11211,0.4754792326542817,0.2203389830508474,0.2206815298169294,p_z_plus_renorm
temporal_spike_m2b,0.1,0.2,composite,breadth,11499,0.5486531986531986,0.0166666666666666,0.0043290043290043,p_breadth
temporal_spike_m2b,0.1,0.2,composite,z_mahalanobis_sq,5389,0.4814905414220483,0.4060150375939849,0.3961187214611872,p_z_mahalanobis_sq
temporal_spike_m2b,0.1,0.2,composite,t_iut,11499,0.524631396570172,0.0222222222222222,0.0539800335718703,p_t_iut
temporal_spike_m2b,0.1,0.2,composite,z_plus_softmax,11211,0.4758299718691788,0.192090395480226,0.2239441725575494,p_z_plus_softmax
temporal_spike_m2b,0.1,0.2,composite,z_plus_orth,11211,0.4716024122665536,0.1751412429378531,0.2314663766539786,p_z_plus_orth
temporal_spike_m2b,0.1,0.3,detector,z1,10629,0.5004165736221435,0.1333333333333333,0.1676715475165087,
temporal_spike_m2b,0.1,0.3,detector,z2,11287,0.5380480777887819,0.0833333333333333,0.1369406680471774,
temporal_spike_m2b,0.1,0.3,detector,z3,9327,0.4594401778095295,0.0363636363636363,0.0534817725387469,
temporal_spike_m2b,0.1,0.3,detector,z4,11499,0.4772584935850241,0.15,0.2145065818535206,
temporal_spike_m2b,0.1,0.3,detector,z6,10453,0.5687250346103361,0.2849162011173184,0.2067354487054701,
temporal_spike_m2b,0.1,0.3,detector,z8,5391,0.4302158972936334,0.0526315789473684,0.0483073411943704,
temporal_spike_m2b,0.1,0.3,detector,z57,11386,0.5093729549646023,0.4,0.3894342316616098,
temporal_spike_m2b,0.1,0.3,composite,z_plus,11499,0.5114728431054961,0.2,0.1945401537238271,p_z_plus
temporal_spike_m2b,0.1,0.3,composite,z_plus_renorm,11211,0.478432610452131,0.2372881355932203,0.2203190139568606,p_z_plus_renorm
temporal_spike_m2b,0.1,0.3,composite,breadth,11499,0.5522184920144104,0.0166666666666666,0.0043290043290043,p_breadth
temporal_spike_m2b,0.1,0.3,composite,z_mahalanobis_sq,5389,0.4876546388803057,0.4135338345864661,0.3964992389649924,p_z_mahalanobis_sq
temporal_spike_m2b,0.1,0.3,composite,t_iut,11499,0.5233390758900963,0.0333333333333333,0.0540683805989928,p_t_iut
temporal_spike_m2b,0.1,0.3,composite,z_plus_softmax,11211,0.4831222753707339,0.2259887005649717,0.2238535435925321,p_z_plus_softmax
temporal_spike_m2b,0.1,0.3,composite,z_plus_orth,11211,0.4802572224116725,0.2090395480225988,0.2314663766539786,p_z_plus_orth
benford_m3_v2,0.01,0.05,detector,z1,10629,0.6210633464187234,0.3125,0.163639821241799,
benford_m3_v2,0.01,0.05,detector,z2,11287,0.3660284251000171,0.0869565217391304,0.1366809881847475,
benford_m3_v2,0.01,0.05,detector,z3,9327,0.646429043402745,0.1391304347826087,0.0542770299609205,
benford_m3_v2,0.01,0.05,detector,z4,11499,0.8097806990742155,0.7304347826086957,0.2082747716092761,
benford_m3_v2,0.01,0.05,detector,z6,10453,0.7519893074723363,0.6160714285714286,0.2044289720529929,
benford_m3_v2,0.01,0.05,detector,z8,5391,0.4353403193021925,0.0350877192982456,0.0485564304461942,
benford_m3_v2,0.01,0.05,detector,z57,11386,0.8288759532929836,0.9565217391304348,0.3836394286221276,
benford_m3_v2,0.01,0.05,composite,z_plus,11499,0.8798534938433804,0.7304347826086957,0.1886858749121574,p_z_plus
benford_m3_v2,0.01,0.05,composite,z_plus_renorm,11211,0.8260493401460769,0.6347826086956522,0.2165645277577505,p_z_plus_renorm
benford_m3_v2,0.01,0.05,composite,breadth,11499,0.7425016804668643,0.0,0.0046556570625439,p_breadth
benford_m3_v2,0.01,0.05,composite,z_mahalanobis_sq,5389,0.8645549545281057,0.9649122807017544,0.3889722430607651,p_z_mahalanobis_sq
benford_m3_v2,0.01,0.05,composite,t_iut,11499,0.4102638332976871,0.0434782608695652,0.0534961349262122,p_t_iut
benford_m3_v2,0.01,0.05,composite,z_plus_softmax,11211,0.7685566283188614,0.4695652173913043,0.2208904109589041,p_z_plus_softmax
benford_m3_v2,0.01,0.05,composite,z_plus_orth,11211,0.7716341180527256,0.5217391304347826,0.2281903388608507,p_z_plus_orth
benford_m3_v2,0.01,0.1,detector,z1,10629,0.6210633464187234,0.3125,0.163639821241799,
benford_m3_v2,0.01,0.1,detector,z2,11287,0.3660284251000171,0.0869565217391304,0.1366809881847475,
benford_m3_v2,0.01,0.1,detector,z3,9327,0.646429043402745,0.1391304347826087,0.0542770299609205,
benford_m3_v2,0.01,0.1,detector,z4,11499,0.8097806990742155,0.7304347826086957,0.2082747716092761,
benford_m3_v2,0.01,0.1,detector,z6,10453,0.7519893074723363,0.6160714285714286,0.2044289720529929,
benford_m3_v2,0.01,0.1,detector,z8,5391,0.4353403193021925,0.0350877192982456,0.0485564304461942,
benford_m3_v2,0.01,0.1,detector,z57,11386,0.8288759532929836,0.9565217391304348,0.3836394286221276,
benford_m3_v2,0.01,0.1,composite,z_plus,11499,0.8798534938433804,0.7304347826086957,0.1886858749121574,p_z_plus
benford_m3_v2,0.01,0.1,composite,z_plus_renorm,11211,0.8260493401460769,0.6347826086956522,0.2165645277577505,p_z_plus_renorm
benford_m3_v2,0.01,0.1,composite,breadth,11499,0.7425016804668643,0.0,0.0046556570625439,p_breadth
benford_m3_v2,0.01,0.1,composite,z_mahalanobis_sq,5389,0.8645549545281057,0.9649122807017544,0.3889722430607651,p_z_mahalanobis_sq
benford_m3_v2,0.01,0.1,composite,t_iut,11499,0.4102638332976871,0.0434782608695652,0.0534961349262122,p_t_iut
benford_m3_v2,0.01,0.1,composite,z_plus_softmax,11211,0.7685566283188614,0.4695652173913043,0.2208904109589041,p_z_plus_softmax
benford_m3_v2,0.01,0.1,composite,z_plus_orth,11211,0.7716341180527256,0.5217391304347826,0.2281903388608507,p_z_plus_orth
benford_m3_v2,0.01,0.15,detector,z1,10629,0.6210633464187234,0.3125,0.163639821241799,
benford_m3_v2,0.01,0.15,detector,z2,11287,0.3660284251000171,0.0869565217391304,0.1366809881847475,
benford_m3_v2,0.01,0.15,detector,z3,9327,0.646429043402745,0.1391304347826087,0.0542770299609205,
benford_m3_v2,0.01,0.15,detector,z4,11499,0.8097806990742155,0.7304347826086957,0.2082747716092761,
benford_m3_v2,0.01,0.15,detector,z6,10453,0.7519893074723363,0.6160714285714286,0.2044289720529929,
benford_m3_v2,0.01,0.15,detector,z8,5391,0.4353403193021925,0.0350877192982456,0.0485564304461942,
benford_m3_v2,0.01,0.15,detector,z57,11386,0.8288759532929836,0.9565217391304348,0.3836394286221276,
benford_m3_v2,0.01,0.15,composite,z_plus,11499,0.8798534938433804,0.7304347826086957,0.1886858749121574,p_z_plus
benford_m3_v2,0.01,0.15,composite,z_plus_renorm,11211,0.8260493401460769,0.6347826086956522,0.2165645277577505,p_z_plus_renorm
benford_m3_v2,0.01,0.15,composite,breadth,11499,0.7425016804668643,0.0,0.0046556570625439,p_breadth
benford_m3_v2,0.01,0.15,composite,z_mahalanobis_sq,5389,0.8645549545281057,0.9649122807017544,0.3889722430607651,p_z_mahalanobis_sq
benford_m3_v2,0.01,0.15,composite,t_iut,11499,0.4102638332976871,0.0434782608695652,0.0534961349262122,p_t_iut
benford_m3_v2,0.01,0.15,composite,z_plus_softmax,11211,0.7685566283188614,0.4695652173913043,0.2208904109589041,p_z_plus_softmax
benford_m3_v2,0.01,0.15,composite,z_plus_orth,11211,0.7716341180527256,0.5217391304347826,0.2281903388608507,p_z_plus_orth
benford_m3_v2,0.01,0.2,detector,z1,10629,0.6210633464187234,0.3125,0.163639821241799,
benford_m3_v2,0.01,0.2,detector,z2,11287,0.3660284251000171,0.0869565217391304,0.1366809881847475,
benford_m3_v2,0.01,0.2,detector,z3,9327,0.646429043402745,0.1391304347826087,0.0542770299609205,
benford_m3_v2,0.01,0.2,detector,z4,11499,0.8097806990742155,0.7304347826086957,0.2082747716092761,
benford_m3_v2,0.01,0.2,detector,z6,10453,0.7519893074723363,0.6160714285714286,0.2044289720529929,
benford_m3_v2,0.01,0.2,detector,z8,5391,0.4353403193021925,0.0350877192982456,0.0485564304461942,
benford_m3_v2,0.01,0.2,detector,z57,11386,0.8288759532929836,0.9565217391304348,0.3836394286221276,
benford_m3_v2,0.01,0.2,composite,z_plus,11499,0.8798534938433804,0.7304347826086957,0.1886858749121574,p_z_plus
benford_m3_v2,0.01,0.2,composite,z_plus_renorm,11211,0.8260493401460769,0.6347826086956522,0.2165645277577505,p_z_plus_renorm
benford_m3_v2,0.01,0.2,composite,breadth,11499,0.7425016804668643,0.0,0.0046556570625439,p_breadth
benford_m3_v2,0.01,0.2,composite,z_mahalanobis_sq,5389,0.8645549545281057,0.9649122807017544,0.3889722430607651,p_z_mahalanobis_sq
benford_m3_v2,0.01,0.2,composite,t_iut,11499,0.4102638332976871,0.0434782608695652,0.0534961349262122,p_t_iut
benford_m3_v2,0.01,0.2,composite,z_plus_softmax,11211,0.7685566283188614,0.4695652173913043,0.2208904109589041,p_z_plus_softmax
benford_m3_v2,0.01,0.2,composite,z_plus_orth,11211,0.7716341180527256,0.5217391304347826,0.2281903388608507,p_z_plus_orth
benford_m3_v2,0.01,0.3,detector,z1,10629,0.6210633464187234,0.3125,0.163639821241799,
benford_m3_v2,0.01,0.3,detector,z2,11287,0.3660284251000171,0.0869565217391304,0.1366809881847475,
benford_m3_v2,0.01,0.3,detector,z3,9327,0.646429043402745,0.1391304347826087,0.0542770299609205,
benford_m3_v2,0.01,0.3,detector,z4,11499,0.8097806990742155,0.7304347826086957,0.2082747716092761,
benford_m3_v2,0.01,0.3,detector,z6,10453,0.7519893074723363,0.6160714285714286,0.2044289720529929,
benford_m3_v2,0.01,0.3,detector,z8,5391,0.4353403193021925,0.0350877192982456,0.0485564304461942,
benford_m3_v2,0.01,0.3,detector,z57,11386,0.8288759532929836,0.9565217391304348,0.3836394286221276,
benford_m3_v2,0.01,0.3,composite,z_plus,11499,0.8798534938433804,0.7304347826086957,0.1886858749121574,p_z_plus
benford_m3_v2,0.01,0.3,composite,z_plus_renorm,11211,0.8260493401460769,0.6347826086956522,0.2165645277577505,p_z_plus_renorm
benford_m3_v2,0.01,0.3,composite,breadth,11499,0.7425016804668643,0.0,0.0046556570625439,p_breadth
benford_m3_v2,0.01,0.3,composite,z_mahalanobis_sq,5389,0.8645549545281057,0.9649122807017544,0.3889722430607651,p_z_mahalanobis_sq
benford_m3_v2,0.01,0.3,composite,t_iut,11499,0.4102638332976871,0.0434782608695652,0.0534961349262122,p_t_iut
benford_m3_v2,0.01,0.3,composite,z_plus_softmax,11211,0.7685566283188614,0.4695652173913043,0.2208904109589041,p_z_plus_softmax
benford_m3_v2,0.01,0.3,composite,z_plus_orth,11211,0.7716341180527256,0.5217391304347826,0.2281903388608507,p_z_plus_orth
benford_m3_v2,0.05,0.05,detector,z1,10629,0.5168067712062077,0.2110912343470483,0.1572989076464746,
benford_m3_v2,0.05,0.05,detector,z2,11287,0.3341191854136963,0.042031523642732,0.1412840612168719,
benford_m3_v2,0.05,0.05,detector,z3,9327,0.6438824757345516,0.181184668989547,0.0565520393008111,
benford_m3_v2,0.05,0.05,detector,z4,11499,0.8231580246127393,0.6956521739130435,0.1949835225192237,
benford_m3_v2,0.05,0.05,detector,z6,10453,0.696698905876121,0.5135623869801085,0.201010101010101,
benford_m3_v2,0.05,0.05,detector,z8,5391,0.5149755987587195,0.0709459459459459,0.0471050049067713,
benford_m3_v2,0.05,0.05,detector,z57,11386,0.8482206126610177,0.982608695652174,0.3576912404032929,
benford_m3_v2,0.05,0.05,composite,z_plus,11499,0.8635036537022591,0.6747826086956522,0.1705419260344196,p_z_plus
benford_m3_v2,0.05,0.05,composite,z_plus_renorm,11212,0.8240885996787259,0.6313043478260869,0.2068252326783867,p_z_plus_renorm
benford_m3_v2,0.05,0.05,composite,breadth,11499,0.701784184802509,0.0017391304347826,0.004577077993409,p_breadth
benford_m3_v2,0.05,0.05,composite,z_mahalanobis_sq,5389,0.8671540429099824,0.972972972972973,0.361083840565482,p_z_mahalanobis_sq
benford_m3_v2,0.05,0.05,composite,t_iut,11499,0.3880833585404295,0.0452173913043478,0.0524533138044672,p_t_iut
benford_m3_v2,0.05,0.05,composite,z_plus_softmax,11212,0.7754451034330536,0.4869565217391304,0.2096455767603647,p_z_plus_softmax
benford_m3_v2,0.05,0.05,composite,z_plus_orth,11212,0.7767427069580749,0.5095652173913043,0.2165084140265112,p_z_plus_orth
benford_m3_v2,0.05,0.1,detector,z1,10629,0.5168067712062077,0.2110912343470483,0.1572989076464746,
benford_m3_v2,0.05,0.1,detector,z2,11287,0.3341191854136963,0.042031523642732,0.1412840612168719,
benford_m3_v2,0.05,0.1,detector,z3,9327,0.6438824757345516,0.181184668989547,0.0565520393008111,
benford_m3_v2,0.05,0.1,detector,z4,11499,0.8231580246127393,0.6956521739130435,0.1949835225192237,
benford_m3_v2,0.05,0.1,detector,z6,10453,0.696698905876121,0.5135623869801085,0.201010101010101,
benford_m3_v2,0.05,0.1,detector,z8,5391,0.5149755987587195,0.0709459459459459,0.0471050049067713,
benford_m3_v2,0.05,0.1,detector,z57,11386,0.8482206126610177,0.982608695652174,0.3576912404032929,
benford_m3_v2,0.05,0.1,composite,z_plus,11499,0.8635036537022591,0.6747826086956522,0.1705419260344196,p_z_plus
benford_m3_v2,0.05,0.1,composite,z_plus_renorm,11212,0.8240885996787259,0.6313043478260869,0.2068252326783867,p_z_plus_renorm
benford_m3_v2,0.05,0.1,composite,breadth,11499,0.701784184802509,0.0017391304347826,0.004577077993409,p_breadth
benford_m3_v2,0.05,0.1,composite,z_mahalanobis_sq,5389,0.8671540429099824,0.972972972972973,0.361083840565482,p_z_mahalanobis_sq
benford_m3_v2,0.05,0.1,composite,t_iut,11499,0.3880833585404295,0.0452173913043478,0.0524533138044672,p_t_iut
benford_m3_v2,0.05,0.1,composite,z_plus_softmax,11212,0.7754451034330536,0.4869565217391304,0.2096455767603647,p_z_plus_softmax
benford_m3_v2,0.05,0.1,composite,z_plus_orth,11212,0.7767427069580749,0.5095652173913043,0.2165084140265112,p_z_plus_orth
benford_m3_v2,0.05,0.15,detector,z1,10629,0.5168067712062077,0.2110912343470483,0.1572989076464746,
benford_m3_v2,0.05,0.15,detector,z2,11287,0.3341191854136963,0.042031523642732,0.1412840612168719,
benford_m3_v2,0.05,0.15,detector,z3,9327,0.6438824757345516,0.181184668989547,0.0565520393008111,
benford_m3_v2,0.05,0.15,detector,z4,11499,0.8231580246127393,0.6956521739130435,0.1949835225192237,
benford_m3_v2,0.05,0.15,detector,z6,10453,0.696698905876121,0.5135623869801085,0.201010101010101,
benford_m3_v2,0.05,0.15,detector,z8,5391,0.5149755987587195,0.0709459459459459,0.0471050049067713,
benford_m3_v2,0.05,0.15,detector,z57,11386,0.8482206126610177,0.982608695652174,0.3576912404032929,
benford_m3_v2,0.05,0.15,composite,z_plus,11499,0.8635036537022591,0.6747826086956522,0.1705419260344196,p_z_plus
benford_m3_v2,0.05,0.15,composite,z_plus_renorm,11212,0.8240885996787259,0.6313043478260869,0.2068252326783867,p_z_plus_renorm
benford_m3_v2,0.05,0.15,composite,breadth,11499,0.701784184802509,0.0017391304347826,0.004577077993409,p_breadth
benford_m3_v2,0.05,0.15,composite,z_mahalanobis_sq,5389,0.8671540429099824,0.972972972972973,0.361083840565482,p_z_mahalanobis_sq
benford_m3_v2,0.05,0.15,composite,t_iut,11499,0.3880833585404295,0.0452173913043478,0.0524533138044672,p_t_iut
benford_m3_v2,0.05,0.15,composite,z_plus_softmax,11212,0.7754451034330536,0.4869565217391304,0.2096455767603647,p_z_plus_softmax
benford_m3_v2,0.05,0.15,composite,z_plus_orth,11212,0.7767427069580749,0.5095652173913043,0.2165084140265112,p_z_plus_orth
benford_m3_v2,0.05,0.2,detector,z1,10629,0.5168067712062077,0.2110912343470483,0.1572989076464746,
benford_m3_v2,0.05,0.2,detector,z2,11287,0.3341191854136963,0.042031523642732,0.1412840612168719,
benford_m3_v2,0.05,0.2,detector,z3,9327,0.6438824757345516,0.181184668989547,0.0565520393008111,
benford_m3_v2,0.05,0.2,detector,z4,11499,0.8231580246127393,0.6956521739130435,0.1949835225192237,
benford_m3_v2,0.05,0.2,detector,z6,10453,0.696698905876121,0.5135623869801085,0.201010101010101,
benford_m3_v2,0.05,0.2,detector,z8,5391,0.5149755987587195,0.0709459459459459,0.0471050049067713,
benford_m3_v2,0.05,0.2,detector,z57,11386,0.8482206126610177,0.982608695652174,0.3576912404032929,
benford_m3_v2,0.05,0.2,composite,z_plus,11499,0.8635036537022591,0.6747826086956522,0.1705419260344196,p_z_plus
benford_m3_v2,0.05,0.2,composite,z_plus_renorm,11212,0.8240885996787259,0.6313043478260869,0.2068252326783867,p_z_plus_renorm
benford_m3_v2,0.05,0.2,composite,breadth,11499,0.701784184802509,0.0017391304347826,0.004577077993409,p_breadth
benford_m3_v2,0.05,0.2,composite,z_mahalanobis_sq,5389,0.8671540429099824,0.972972972972973,0.361083840565482,p_z_mahalanobis_sq
benford_m3_v2,0.05,0.2,composite,t_iut,11499,0.3880833585404295,0.0452173913043478,0.0524533138044672,p_t_iut
benford_m3_v2,0.05,0.2,composite,z_plus_softmax,11212,0.7754451034330536,0.4869565217391304,0.2096455767603647,p_z_plus_softmax
benford_m3_v2,0.05,0.2,composite,z_plus_orth,11212,0.7767427069580749,0.5095652173913043,0.2165084140265112,p_z_plus_orth
benford_m3_v2,0.05,0.3,detector,z1,10629,0.5168067712062077,0.2110912343470483,0.1572989076464746,
benford_m3_v2,0.05,0.3,detector,z2,11287,0.3341191854136963,0.042031523642732,0.1412840612168719,
benford_m3_v2,0.05,0.3,detector,z3,9327,0.6438824757345516,0.181184668989547,0.0565520393008111,
benford_m3_v2,0.05,0.3,detector,z4,11499,0.8231580246127393,0.6956521739130435,0.1949835225192237,
benford_m3_v2,0.05,0.3,detector,z6,10453,0.696698905876121,0.5135623869801085,0.201010101010101,
benford_m3_v2,0.05,0.3,detector,z8,5391,0.5149755987587195,0.0709459459459459,0.0471050049067713,
benford_m3_v2,0.05,0.3,detector,z57,11386,0.8482206126610177,0.982608695652174,0.3576912404032929,
benford_m3_v2,0.05,0.3,composite,z_plus,11499,0.8635036537022591,0.6747826086956522,0.1705419260344196,p_z_plus
benford_m3_v2,0.05,0.3,composite,z_plus_renorm,11212,0.8240885996787259,0.6313043478260869,0.2068252326783867,p_z_plus_renorm
benford_m3_v2,0.05,0.3,composite,breadth,11499,0.701784184802509,0.0017391304347826,0.004577077993409,p_breadth
benford_m3_v2,0.05,0.3,composite,z_mahalanobis_sq,5389,0.8671540429099824,0.972972972972973,0.361083840565482,p_z_mahalanobis_sq
benford_m3_v2,0.05,0.3,composite,t_iut,11499,0.3880833585404295,0.0452173913043478,0.0524533138044672,p_t_iut
benford_m3_v2,0.05,0.3,composite,z_plus_softmax,11212,0.7754451034330536,0.4869565217391304,0.2096455767603647,p_z_plus_softmax
benford_m3_v2,0.05,0.3,composite,z_plus_orth,11212,0.7767427069580749,0.5095652173913043,0.2165084140265112,p_z_plus_orth
benford_m3_v2,0.1,0.05,detector,z1,10629,0.5266547820900577,0.2032374100719424,0.1499422086792056,
benford_m3_v2,0.1,0.05,detector,z2,11287,0.3207657680770479,0.0499561787905346,0.1461659767396018,
benford_m3_v2,0.1,0.05,detector,z3,9327,0.6360955661105361,0.1966783216783216,0.0582915801050959,
benford_m3_v2,0.1,0.05,detector,z4,11499,0.8276200178971294,0.6721739130434783,0.169774857474152,
benford_m3_v2,0.1,0.05,detector,z6,10453,0.6463473403523821,0.4296094459582198,0.1991017964071856,
benford_m3_v2,0.1,0.05,detector,z8,5391,0.4978502787203518,0.077175697865353,0.0457967377666248,
benford_m3_v2,0.1,0.05,detector,z57,11386,0.8663045602052433,0.9739130434782608,0.3219030871434154,
benford_m3_v2,0.1,0.05,composite,z_plus,11499,0.8627957332571515,0.6130434782608696,0.1476471156633491,p_z_plus
benford_m3_v2,0.1,0.05,composite,z_plus_renorm,11209,0.8263477223511716,0.611304347826087,0.1868973058952182,p_z_plus_renorm
benford_m3_v2,0.1,0.05,composite,breadth,11499,0.6972828712709063,0.0017391304347826,0.004348246207363,p_breadth
benford_m3_v2,0.1,0.05,composite,z_mahalanobis_sq,5389,0.8777280815659116,0.9655172413793104,0.3219665271966527,p_z_mahalanobis_sq
benford_m3_v2,0.1,0.05,composite,t_iut,11499,0.3697604053321682,0.028695652173913,0.0511160498598898,p_t_iut
benford_m3_v2,0.1,0.05,composite,z_plus_softmax,11209,0.7878164481731696,0.4713043478260869,0.1895814693309474,p_z_plus_softmax
benford_m3_v2,0.1,0.05,composite,z_plus_orth,11209,0.7911928318572595,0.4826086956521739,0.1950492096629883,p_z_plus_orth
benford_m3_v2,0.1,0.1,detector,z1,10629,0.5266547820900577,0.2032374100719424,0.1499422086792056,
benford_m3_v2,0.1,0.1,detector,z2,11287,0.3207657680770479,0.0499561787905346,0.1461659767396018,
benford_m3_v2,0.1,0.1,detector,z3,9327,0.6360955661105361,0.1966783216783216,0.0582915801050959,
benford_m3_v2,0.1,0.1,detector,z4,11499,0.8276200178971294,0.6721739130434783,0.169774857474152,
benford_m3_v2,0.1,0.1,detector,z6,10453,0.6463473403523821,0.4296094459582198,0.1991017964071856,
benford_m3_v2,0.1,0.1,detector,z8,5391,0.4978502787203518,0.077175697865353,0.0457967377666248,
benford_m3_v2,0.1,0.1,detector,z57,11386,0.8663045602052433,0.9739130434782608,0.3219030871434154,
benford_m3_v2,0.1,0.1,composite,z_plus,11499,0.8627957332571515,0.6130434782608696,0.1476471156633491,p_z_plus
benford_m3_v2,0.1,0.1,composite,z_plus_renorm,11209,0.8263477223511716,0.611304347826087,0.1868973058952182,p_z_plus_renorm
benford_m3_v2,0.1,0.1,composite,breadth,11499,0.6972828712709063,0.0017391304347826,0.004348246207363,p_breadth
benford_m3_v2,0.1,0.1,composite,z_mahalanobis_sq,5389,0.8777280815659116,0.9655172413793104,0.3219665271966527,p_z_mahalanobis_sq
benford_m3_v2,0.1,0.1,composite,t_iut,11499,0.3697604053321682,0.028695652173913,0.0511160498598898,p_t_iut
benford_m3_v2,0.1,0.1,composite,z_plus_softmax,11209,0.7878164481731696,0.4713043478260869,0.1895814693309474,p_z_plus_softmax
benford_m3_v2,0.1,0.1,composite,z_plus_orth,11209,0.7911928318572595,0.4826086956521739,0.1950492096629883,p_z_plus_orth
benford_m3_v2,0.1,0.15,detector,z1,10629,0.5266547820900577,0.2032374100719424,0.1499422086792056,
benford_m3_v2,0.1,0.15,detector,z2,11287,0.3207657680770479,0.0499561787905346,0.1461659767396018,
benford_m3_v2,0.1,0.15,detector,z3,9327,0.6360955661105361,0.1966783216783216,0.0582915801050959,
benford_m3_v2,0.1,0.15,detector,z4,11499,0.8276200178971294,0.6721739130434783,0.169774857474152,
benford_m3_v2,0.1,0.15,detector,z6,10453,0.6463473403523821,0.4296094459582198,0.1991017964071856,
benford_m3_v2,0.1,0.15,detector,z8,5391,0.4978502787203518,0.077175697865353,0.0457967377666248,
benford_m3_v2,0.1,0.15,detector,z57,11386,0.8663045602052433,0.9739130434782608,0.3219030871434154,
benford_m3_v2,0.1,0.15,composite,z_plus,11499,0.8627957332571515,0.6130434782608696,0.1476471156633491,p_z_plus
benford_m3_v2,0.1,0.15,composite,z_plus_renorm,11209,0.8263477223511716,0.611304347826087,0.1868973058952182,p_z_plus_renorm
benford_m3_v2,0.1,0.15,composite,breadth,11499,0.6972828712709063,0.0017391304347826,0.004348246207363,p_breadth
benford_m3_v2,0.1,0.15,composite,z_mahalanobis_sq,5389,0.8777280815659116,0.9655172413793104,0.3219665271966527,p_z_mahalanobis_sq
benford_m3_v2,0.1,0.15,composite,t_iut,11499,0.3697604053321682,0.028695652173913,0.0511160498598898,p_t_iut
benford_m3_v2,0.1,0.15,composite,z_plus_softmax,11209,0.7878164481731696,0.4713043478260869,0.1895814693309474,p_z_plus_softmax
benford_m3_v2,0.1,0.15,composite,z_plus_orth,11209,0.7911928318572595,0.4826086956521739,0.1950492096629883,p_z_plus_orth
benford_m3_v2,0.1,0.2,detector,z1,10629,0.5266547820900577,0.2032374100719424,0.1499422086792056,
benford_m3_v2,0.1,0.2,detector,z2,11287,0.3207657680770479,0.0499561787905346,0.1461659767396018,
benford_m3_v2,0.1,0.2,detector,z3,9327,0.6360955661105361,0.1966783216783216,0.0582915801050959,
benford_m3_v2,0.1,0.2,detector,z4,11499,0.8276200178971294,0.6721739130434783,0.169774857474152,
benford_m3_v2,0.1,0.2,detector,z6,10453,0.6463473403523821,0.4296094459582198,0.1991017964071856,
benford_m3_v2,0.1,0.2,detector,z8,5391,0.4978502787203518,0.077175697865353,0.0457967377666248,
benford_m3_v2,0.1,0.2,detector,z57,11386,0.8663045602052433,0.9739130434782608,0.3219030871434154,
benford_m3_v2,0.1,0.2,composite,z_plus,11499,0.8627957332571515,0.6130434782608696,0.1476471156633491,p_z_plus
benford_m3_v2,0.1,0.2,composite,z_plus_renorm,11209,0.8263477223511716,0.611304347826087,0.1868973058952182,p_z_plus_renorm
benford_m3_v2,0.1,0.2,composite,breadth,11499,0.6972828712709063,0.0017391304347826,0.004348246207363,p_breadth
benford_m3_v2,0.1,0.2,composite,z_mahalanobis_sq,5389,0.8777280815659116,0.9655172413793104,0.3219665271966527,p_z_mahalanobis_sq
benford_m3_v2,0.1,0.2,composite,t_iut,11499,0.3697604053321682,0.028695652173913,0.0511160498598898,p_t_iut
benford_m3_v2,0.1,0.2,composite,z_plus_softmax,11209,0.7878164481731696,0.4713043478260869,0.1895814693309474,p_z_plus_softmax
benford_m3_v2,0.1,0.2,composite,z_plus_orth,11209,0.7911928318572595,0.4826086956521739,0.1950492096629883,p_z_plus_orth
benford_m3_v2,0.1,0.3,detector,z1,10629,0.5266547820900577,0.2032374100719424,0.1499422086792056,
benford_m3_v2,0.1,0.3,detector,z2,11287,0.3207657680770479,0.0499561787905346,0.1461659767396018,
benford_m3_v2,0.1,0.3,detector,z3,9327,0.6360955661105361,0.1966783216783216,0.0582915801050959,
benford_m3_v2,0.1,0.3,detector,z4,11499,0.8276200178971294,0.6721739130434783,0.169774857474152,
benford_m3_v2,0.1,0.3,detector,z6,10453,0.6463473403523821,0.4296094459582198,0.1991017964071856,
benford_m3_v2,0.1,0.3,detector,z8,5391,0.4978502787203518,0.077175697865353,0.0457967377666248,
benford_m3_v2,0.1,0.3,detector,z57,11386,0.8663045602052433,0.9739130434782608,0.3219030871434154,
benford_m3_v2,0.1,0.3,composite,z_plus,11499,0.8627957332571515,0.6130434782608696,0.1476471156633491,p_z_plus
benford_m3_v2,0.1,0.3,composite,z_plus_renorm,11209,0.8263477223511716,0.611304347826087,0.1868973058952182,p_z_plus_renorm
benford_m3_v2,0.1,0.3,composite,breadth,11499,0.6972828712709063,0.0017391304347826,0.004348246207363,p_breadth
benford_m3_v2,0.1,0.3,composite,z_mahalanobis_sq,5389,0.8777280815659116,0.9655172413793104,0.3219665271966527,p_z_mahalanobis_sq
benford_m3_v2,0.1,0.3,composite,t_iut,11499,0.3697604053321682,0.028695652173913,0.0511160498598898,p_t_iut
benford_m3_v2,0.1,0.3,composite,z_plus_softmax,11209,0.7878164481731696,0.4713043478260869,0.1895814693309474,p_z_plus_softmax
benford_m3_v2,0.1,0.3,composite,z_plus_orth,11209,0.7911928318572595,0.4826086956521739,0.1950492096629883,p_z_plus_orth
interstatement_m4_v2,0.01,0.05,detector,z1,10629,0.4461667345503017,0.1061946902654867,0.1685051350323317,
interstatement_m4_v2,0.01,0.05,detector,z2,11287,0.4888914833668021,0.1043478260869565,0.1381131399928392,
interstatement_m4_v2,0.01,0.05,detector,z3,9327,0.5176343710472163,0.0695652173913043,0.0526487190620929,
interstatement_m4_v2,0.01,0.05,detector,z4,11499,0.5311466894802774,0.208695652173913,0.2135453267744202,
interstatement_m4_v2,0.01,0.05,detector,z6,10453,0.4897659455427079,0.1964285714285714,0.2045256744995648,
interstatement_m4_v2,0.01,0.05,detector,z8,5391,0.8968256272029856,0.6593406593406593,0.0462264150943396,
interstatement_m4_v2,0.01,0.05,detector,z57,11386,0.6662361659202339,0.6608695652173913,0.390559843847041,
interstatement_m4_v2,0.01,0.05,composite,z_plus,11499,0.6836670078523633,0.4,0.1903548840477863,p_z_plus
interstatement_m4_v2,0.01,0.05,composite,z_plus_renorm,11232,0.6113379039543824,0.3304347826086956,0.2115678690294144,p_z_plus_renorm
interstatement_m4_v2,0.01,0.05,composite,breadth,11499,0.679061764795747,0.008695652173913,0.0048313422347153,p_breadth
interstatement_m4_v2,0.01,0.05,composite,z_mahalanobis_sq,5389,0.6895365864788289,0.6373626373626373,0.3850509626274065,p_z_mahalanobis_sq
interstatement_m4_v2,0.01,0.05,composite,t_iut,11499,0.4968659292981758,0.0521739130434782,0.0541110330288123,p_t_iut
interstatement_m4_v2,0.01,0.05,composite,z_plus_softmax,11232,0.614488581921147,0.2869565217391304,0.2152559143653863,p_z_plus_softmax
interstatement_m4_v2,0.01,0.05,composite,z_plus_orth,11232,0.6040173490658646,0.2695652173913043,0.2226320050373302,p_z_plus_orth
interstatement_m4_v2,0.01,0.1,detector,z1,10629,0.4432020149658169,0.0973451327433628,0.1681247622670217,
interstatement_m4_v2,0.01,0.1,detector,z2,11287,0.4907976462896372,0.1130434782608695,0.1380236305048335,
interstatement_m4_v2,0.01,0.1,detector,z3,9327,0.5176343710472163,0.0695652173913043,0.0526487190620929,
interstatement_m4_v2,0.01,0.1,detector,z4,11499,0.5311466894802774,0.208695652173913,0.2135453267744202,
interstatement_m4_v2,0.01,0.1,detector,z6,10453,0.4897659455427079,0.1964285714285714,0.2045256744995648,
interstatement_m4_v2,0.01,0.1,detector,z8,5391,0.9294101181837032,0.7362637362637363,0.0460377358490566,
interstatement_m4_v2,0.01,0.1,detector,z57,11386,0.6959735064594399,0.7217391304347827,0.4038683346641824,
interstatement_m4_v2,0.01,0.1,composite,z_plus,11499,0.7187498090378563,0.4782608695652174,0.1899156711173577,p_z_plus
interstatement_m4_v2,0.01,0.1,composite,z_plus_renorm,11231,0.6530254079509364,0.3739130434782609,0.2114069809283915,p_z_plus_renorm
interstatement_m4_v2,0.01,0.1,composite,breadth,11499,0.6804725931131412,0.008695652173913,0.0046556570625439,p_breadth
interstatement_m4_v2,0.01,0.1,composite,z_mahalanobis_sq,5389,0.7405531425916476,0.7252747252747253,0.3820309550773877,p_z_mahalanobis_sq
interstatement_m4_v2,0.01,0.1,composite,t_iut,11499,0.5026776711784656,0.0521739130434782,0.054550245959241,p_t_iut
interstatement_m4_v2,0.01,0.1,composite,z_plus_softmax,11231,0.6569797549947588,0.3478260869565217,0.2141057934508816,p_z_plus_softmax
interstatement_m4_v2,0.01,0.1,composite,z_plus_orth,11231,0.6454577811849742,0.3391304347826087,0.2211227060093558,p_z_plus_orth
interstatement_m4_v2,0.01,0.15,detector,z1,10629,0.4446300959010626,0.0884955752212389,0.1680296690756942,
interstatement_m4_v2,0.01,0.15,detector,z2,11287,0.4924103737604882,0.1043478260869565,0.1377551020408163,
interstatement_m4_v2,0.01,0.15,detector,z3,9327,0.5176343710472163,0.0695652173913043,0.0526487190620929,
interstatement_m4_v2,0.01,0.15,detector,z4,11499,0.5311466894802774,0.208695652173913,0.2135453267744202,
interstatement_m4_v2,0.01,0.15,detector,z6,10453,0.4897659455427079,0.1964285714285714,0.2045256744995648,
interstatement_m4_v2,0.01,0.15,detector,z8,5391,0.9450373211693964,0.8131868131868132,0.0458490566037735,
interstatement_m4_v2,0.01,0.15,detector,z57,11386,0.7136039778886176,0.7565217391304347,0.4107887498890959,
interstatement_m4_v2,0.01,0.15,composite,z_plus,11499,0.7290567997800116,0.5043478260869565,0.1896521433591005,p_z_plus
interstatement_m4_v2,0.01,0.15,composite,z_plus_renorm,11231,0.6610788209709466,0.4,0.2108672184238935,p_z_plus_renorm
interstatement_m4_v2,0.01,0.15,composite,breadth,11499,0.6912527880472975,0.008695652173913,0.0048313422347153,p_breadth
interstatement_m4_v2,0.01,0.15,composite,z_mahalanobis_sq,5389,0.7565533748999208,0.7362637362637363,0.3820309550773877,p_z_mahalanobis_sq
interstatement_m4_v2,0.01,0.15,composite,t_iut,11499,0.5067337071099025,0.0521739130434782,0.0540231904427266,p_t_iut
interstatement_m4_v2,0.01,0.15,composite,z_plus_softmax,11231,0.6653523319304724,0.3652173913043478,0.2137459517812162,p_z_plus_softmax
interstatement_m4_v2,0.01,0.15,composite,z_plus_orth,11231,0.6513822613702145,0.3304347826086956,0.2205829435048578,p_z_plus_orth
interstatement_m4_v2,0.01,0.2,detector,z1,10629,0.4438310606341117,0.0884955752212389,0.1680296690756942,
interstatement_m4_v2,0.01,0.2,detector,z2,11287,0.4938098351468734,0.1043478260869565,0.1376655925528106,
interstatement_m4_v2,0.01,0.2,detector,z3,9327,0.5176343710472163,0.0695652173913043,0.0526487190620929,
interstatement_m4_v2,0.01,0.2,detector,z4,11499,0.5311466894802774,0.208695652173913,0.2135453267744202,
interstatement_m4_v2,0.01,0.2,detector,z6,10453,0.4897659455427079,0.1964285714285714,0.2045256744995648,
interstatement_m4_v2,0.01,0.2,detector,z8,5391,0.9544256686709516,0.8351648351648352,0.0458490566037735,
interstatement_m4_v2,0.01,0.2,detector,z57,11386,0.7208900872959847,0.7739130434782608,0.4107887498890959,
interstatement_m4_v2,0.01,0.2,composite,z_plus,11499,0.7350144367380611,0.5130434782608696,0.1896521433591005,p_z_plus
interstatement_m4_v2,0.01,0.2,composite,z_plus_renorm,11230,0.6690418353576248,0.408695652173913,0.2103463787674314,p_z_plus_renorm
interstatement_m4_v2,0.01,0.2,composite,breadth,11499,0.6899225457545296,0.008695652173913,0.0047434996486296,p_breadth
interstatement_m4_v2,0.01,0.2,composite,z_mahalanobis_sq,5389,0.7646364582944424,0.7472527472527473,0.3816534541336353,p_z_mahalanobis_sq
interstatement_m4_v2,0.01,0.2,composite,t_iut,11499,0.5075899813620948,0.0521739130434782,0.0538475052705551,p_t_iut
interstatement_m4_v2,0.01,0.2,composite,z_plus_softmax,11230,0.6682829705255335,0.3652173913043478,0.2134952766531714,p_z_plus_softmax
interstatement_m4_v2,0.01,0.2,composite,z_plus_orth,11230,0.6547442742866084,0.3304347826086956,0.2206027890238416,p_z_plus_orth
interstatement_m4_v2,0.01,0.3,detector,z1,10629,0.4419371913678945,0.0884955752212389,0.1683149486496767,
interstatement_m4_v2,0.01,0.3,detector,z2,11287,0.4960257787325456,0.1043478260869565,0.1365914786967418,
interstatement_m4_v2,0.01,0.3,detector,z3,9327,0.5176343710472163,0.0695652173913043,0.0526487190620929,
interstatement_m4_v2,0.01,0.3,detector,z4,11499,0.5311466894802774,0.208695652173913,0.2135453267744202,
interstatement_m4_v2,0.01,0.3,detector,z6,10453,0.4897659455427079,0.1964285714285714,0.2045256744995648,
interstatement_m4_v2,0.01,0.3,detector,z8,5391,0.966845324486834,0.8681318681318682,0.0432075471698113,
interstatement_m4_v2,0.01,0.3,detector,z57,11386,0.7277800280056936,0.7739130434782608,0.4044893975689823,
interstatement_m4_v2,0.01,0.3,composite,z_plus,11499,0.7403247120290873,0.5130434782608696,0.189125087842586,p_z_plus
interstatement_m4_v2,0.01,0.3,composite,z_plus_renorm,11229,0.6746610229166503,0.391304347826087,0.2099154219902825,p_z_plus_renorm
interstatement_m4_v2,0.01,0.3,composite,breadth,11499,0.6917053683277827,0.008695652173913,0.0047434996486296,p_breadth
interstatement_m4_v2,0.01,0.3,composite,z_mahalanobis_sq,5389,0.7720744713949697,0.7472527472527473,0.3795771989429973,p_z_mahalanobis_sq
interstatement_m4_v2,0.01,0.3,composite,t_iut,11499,0.5096401509364783,0.0521739130434782,0.0527055516514406,p_t_iut
interstatement_m4_v2,0.01,0.3,composite,z_plus_softmax,11229,0.6705776498110492,0.3652173913043478,0.2133345330214144,p_z_plus_softmax
interstatement_m4_v2,0.01,0.3,composite,z_plus_orth,11229,0.6562330315857008,0.3304347826086956,0.2205326615080079,p_z_plus_orth
interstatement_m4_v2,0.05,0.05,detector,z1,10629,0.4837384500893069,0.1330998248686515,0.1691191091668323,
interstatement_m4_v2,0.05,0.05,detector,z2,11287,0.5084668149495081,0.1026086956521739,0.1367625093353248,
interstatement_m4_v2,0.05,0.05,detector,z3,9327,0.4661100325714976,0.031413612565445,0.0542609092986063,
interstatement_m4_v2,0.05,0.05,detector,z4,11499,0.5680381449699903,0.2208695652173913,0.2131087513731234,
interstatement_m4_v2,0.05,0.05,detector,z6,10453,0.5189734600161079,0.226950354609929,0.2031550207301041,
interstatement_m4_v2,0.05,0.05,detector,z8,5391,0.8769865732488282,0.5454545454545454,0.034109477124183,
interstatement_m4_v2,0.05,0.05,detector,z57,11386,0.5975561927666266,0.5269565217391304,0.3838682823050596,
interstatement_m4_v2,0.05,0.05,composite,z_plus,11499,0.6400097113654817,0.2834782608695652,0.1857378249725375,p_z_plus
interstatement_m4_v2,0.05,0.05,composite,z_plus_renorm,11227,0.5536761416512923,0.2069565217391304,0.2111340593315809,p_z_plus_renorm
interstatement_m4_v2,0.05,0.05,composite,breadth,11499,0.691789677296101,0.0156521739130434,0.0037532039545953,p_breadth
interstatement_m4_v2,0.05,0.05,composite,z_mahalanobis_sq,5389,0.591470952816556,0.4665314401622718,0.372140522875817,p_z_mahalanobis_sq
interstatement_m4_v2,0.05,0.05,composite,t_iut,11499,0.5255860251858692,0.048695652173913,0.0538264372024899,p_t_iut
interstatement_m4_v2,0.05,0.05,composite,z_plus_softmax,11227,0.5566518637038972,0.1860869565217391,0.2147953435974464,p_z_plus_softmax
interstatement_m4_v2,0.05,0.05,composite,z_plus_orth,11227,0.5491874153047397,0.1617391304347826,0.2239954938039804,p_z_plus_orth
interstatement_m4_v2,0.05,0.1,detector,z1,10629,0.4896365528272273,0.1348511383537653,0.1687214157884271,
interstatement_m4_v2,0.05,0.1,detector,z2,11287,0.5095536091177711,0.1043478260869565,0.1373226288274832,
interstatement_m4_v2,0.05,0.1,detector,z3,9327,0.4661100325714976,0.031413612565445,0.0542609092986063,
interstatement_m4_v2,0.05,0.1,detector,z4,11499,0.5680381449699903,0.2208695652173913,0.2131087513731234,
interstatement_m4_v2,0.05,0.1,detector,z6,10453,0.5189734600161079,0.226950354609929,0.2031550207301041,
interstatement_m4_v2,0.05,0.1,detector,z8,5391,0.9069908645276292,0.5757575757575758,0.0206290849673202,
interstatement_m4_v2,0.05,0.1,detector,z57,11386,0.6094018572066293,0.5460869565217391,0.3829432984922764,
interstatement_m4_v2,0.05,0.1,composite,z_plus,11499,0.6557418050403578,0.3095652173913043,0.1851885756133284,p_z_plus
interstatement_m4_v2,0.05,0.1,composite,z_plus_renorm,11225,0.5689489283527251,0.2139130434782608,0.2116431924882629,p_z_plus_renorm
interstatement_m4_v2,0.05,0.1,composite,breadth,11499,0.6975615716491808,0.0139130434782608,0.0036616623947272,p_breadth
interstatement_m4_v2,0.05,0.1,composite,z_mahalanobis_sq,5389,0.6125329780323218,0.4929006085192697,0.3709150326797386,p_z_mahalanobis_sq
interstatement_m4_v2,0.05,0.1,composite,t_iut,11499,0.526186060210466,0.0469565217391304,0.0552911021603808,p_t_iut
interstatement_m4_v2,0.05,0.1,composite,z_plus_softmax,11225,0.5685499897938355,0.1843478260869565,0.215962441314554,p_z_plus_softmax
interstatement_m4_v2,0.05,0.1,composite,z_plus_orth,11225,0.560062461726883,0.1582608695652174,0.2254460093896713,p_z_plus_orth
interstatement_m4_v2,0.05,0.15,detector,z1,10629,0.4876169181967009,0.138353765323993,0.1689202624776297,
interstatement_m4_v2,0.05,0.15,detector,z2,11287,0.5109235477481574,0.1043478260869565,0.1375093353248693,
interstatement_m4_v2,0.05,0.15,detector,z3,9327,0.4661100325714976,0.031413612565445,0.0542609092986063,
interstatement_m4_v2,0.05,0.15,detector,z4,11499,0.5680381449699903,0.2208695652173913,0.2131087513731234,
interstatement_m4_v2,0.05,0.15,detector,z6,10453,0.5189734600161079,0.226950354609929,0.2031550207301041,
interstatement_m4_v2,0.05,0.15,detector,z8,5391,0.9216253631082064,0.5818181818181818,0.014297385620915,
interstatement_m4_v2,0.05,0.15,detector,z57,11386,0.6144108456362882,0.5582608695652174,0.3823883082046064,
interstatement_m4_v2,0.05,0.15,composite,z_plus,11499,0.6598303695094965,0.3182608695652174,0.185005492493592,p_z_plus
interstatement_m4_v2,0.05,0.15,composite,z_plus_renorm,11236,0.5722271750345631,0.2156521739130434,0.2097364224744395,p_z_plus_renorm
interstatement_m4_v2,0.05,0.15,composite,breadth,11499,0.7031981436963686,0.0139130434782608,0.003570120834859,p_breadth
interstatement_m4_v2,0.05,0.15,composite,z_mahalanobis_sq,5389,0.6177962057033767,0.4929006085192697,0.3713235294117647,p_z_mahalanobis_sq
interstatement_m4_v2,0.05,0.15,composite,t_iut,11499,0.5280848709662013,0.048695652173913,0.054375686561699,p_t_iut
interstatement_m4_v2,0.05,0.15,composite,z_plus_softmax,11236,0.570417082988381,0.1843478260869565,0.2149892130194165,p_z_plus_softmax
interstatement_m4_v2,0.05,0.15,composite,z_plus_orth,11236,0.5613913369738543,0.1582608695652174,0.2243691961354469,p_z_plus_orth
interstatement_m4_v2,0.05,0.2,detector,z1,10629,0.4881111619158791,0.1418563922942206,0.1695168025452376,
interstatement_m4_v2,0.05,0.2,detector,z2,11287,0.5122722180731889,0.1078260869565217,0.1375093353248693,
interstatement_m4_v2,0.05,0.2,detector,z3,9327,0.4661100325714976,0.031413612565445,0.0542609092986063,
interstatement_m4_v2,0.05,0.2,detector,z4,11499,0.5680381449699903,0.2208695652173913,0.2131087513731234,
interstatement_m4_v2,0.05,0.2,detector,z6,10453,0.5189734600161079,0.226950354609929,0.2031550207301041,
interstatement_m4_v2,0.05,0.2,detector,z8,5391,0.9314594061530336,0.5797979797979798,0.011437908496732,
interstatement_m4_v2,0.05,0.2,detector,z57,11386,0.6174274993665871,0.56,0.3818333179169365,
interstatement_m4_v2,0.05,0.2,composite,z_plus,11499,0.6634161718115676,0.3252173913043478,0.1851885756133284,p_z_plus
interstatement_m4_v2,0.05,0.2,composite,z_plus_renorm,11227,0.5751688190827605,0.2156521739130434,0.2104769057453999,p_z_plus_renorm
interstatement_m4_v2,0.05,0.2,composite,breadth,11499,0.7044498750258704,0.0139130434782608,0.003570120834859,p_breadth
interstatement_m4_v2,0.05,0.2,composite,z_mahalanobis_sq,5389,0.6218298002094687,0.4989858012170385,0.3703022875816993,p_z_mahalanobis_sq
interstatement_m4_v2,0.05,0.2,composite,t_iut,11499,0.529125021890373,0.0539130434782608,0.054375686561699,p_t_iut
interstatement_m4_v2,0.05,0.2,composite,z_plus_softmax,11227,0.5721813417361916,0.1878260869565217,0.2154524971836275,p_z_plus_softmax
interstatement_m4_v2,0.05,0.2,composite,z_plus_orth,11227,0.5627475550621235,0.16,0.2253098009763424,p_z_plus_orth
interstatement_m4_v2,0.05,0.3,detector,z1,10629,0.4862720041621989,0.1366024518388791,0.1698150725790415,
interstatement_m4_v2,0.05,0.3,detector,z2,11287,0.51448972302497,0.1182608695652173,0.1389096340552651,
interstatement_m4_v2,0.05,0.3,detector,z3,9327,0.4661100325714976,0.031413612565445,0.0542609092986063,
interstatement_m4_v2,0.05,0.3,detector,z4,11499,0.5680381449699903,0.2208695652173913,0.2131087513731234,
interstatement_m4_v2,0.05,0.3,detector,z6,10453,0.5189734600161079,0.226950354609929,0.2031550207301041,
interstatement_m4_v2,0.05,0.3,detector,z8,5391,0.945171073479897,0.5757575757575758,0.0081699346405228,
interstatement_m4_v2,0.05,0.3,detector,z57,11386,0.619817416238694,0.5617391304347826,0.3816483211543798,
interstatement_m4_v2,0.05,0.3,composite,z_plus,11499,0.6661241303551813,0.3252173913043478,0.1857378249725375,p_z_plus
interstatement_m4_v2,0.05,0.3,composite,z_plus_renorm,11228,0.577325921663218,0.2208695652173913,0.2111142401201539,p_z_plus_renorm
interstatement_m4_v2,0.05,0.3,composite,breadth,11499,0.7068515275500296,0.0156521739130434,0.0036616623947272,p_breadth
interstatement_m4_v2,0.05,0.3,composite,z_mahalanobis_sq,5389,0.6257515345556749,0.5010141987829615,0.3696895424836601,p_z_mahalanobis_sq
interstatement_m4_v2,0.05,0.3,composite,t_iut,11499,0.5320467100759396,0.0521739130434782,0.0551995606005126,p_t_iut
interstatement_m4_v2,0.05,0.3,composite,z_plus_softmax,11228,0.5734765059036239,0.1878260869565217,0.2163709753121186,p_z_plus_softmax
interstatement_m4_v2,0.05,0.3,composite,z_plus_orth,11228,0.5638908819316053,0.1565217391304348,0.2252886510842016,p_z_plus_orth
interstatement_m4_v2,0.1,0.05,detector,z1,10629,0.4916684243830415,0.1621621621621621,0.1688462349715249,
interstatement_m4_v2,0.1,0.05,detector,z2,11287,0.5048182937238099,0.1,0.1355430600769458,
interstatement_m4_v2,0.1,0.05,detector,z3,9327,0.4847771602164299,0.034061135371179,0.0554876558298704,
interstatement_m4_v2,0.1,0.05,detector,z4,11499,0.5542085981842396,0.2434782608695652,0.2101652333558798,
interstatement_m4_v2,0.1,0.05,detector,z6,10453,0.5229886033355124,0.2275922671353251,0.201610305958132,
interstatement_m4_v2,0.1,0.05,detector,z8,5393,0.8618051134678406,0.2358771060455897,0.0047901459854014,
interstatement_m4_v2,0.1,0.05,detector,z57,11386,0.5625233617071886,0.4817391304347826,0.3746580695584212,
interstatement_m4_v2,0.1,0.05,composite,z_plus,11499,0.6186753603582786,0.2826086956521739,0.1795342545173446,p_z_plus
interstatement_m4_v2,0.1,0.05,composite,z_plus_renorm,11246,0.5315259757512268,0.2038327526132404,0.2091503267973856,p_z_plus_renorm
interstatement_m4_v2,0.1,0.05,composite,breadth,11499,0.6942993441920454,0.0139130434782608,0.0024156923374239,p_breadth
interstatement_m4_v2,0.1,0.05,composite,z_mahalanobis_sq,5391,0.5605351122120458,0.4414682539682539,0.3693817020305727,p_z_mahalanobis_sq
interstatement_m4_v2,0.1,0.05,composite,t_iut,11499,0.5163827632999618,0.0382608695652173,0.0555609237607498,p_t_iut
interstatement_m4_v2,0.1,0.05,composite,z_plus_softmax,11246,0.5406077496285531,0.2116724738675958,0.2190532778768072,p_z_plus_softmax
interstatement_m4_v2,0.1,0.05,composite,z_plus_orth,11246,0.5340544199941617,0.1994773519163763,0.2315309962368786,p_z_plus_orth
interstatement_m4_v2,0.1,0.1,detector,z1,10629,0.4924094236645692,0.1525719267654751,0.1661041974267032,
interstatement_m4_v2,0.1,0.1,detector,z2,11287,0.5062372882809852,0.1121739130434782,0.1385025155371411,
interstatement_m4_v2,0.1,0.1,detector,z3,9327,0.4847771602164299,0.034061135371179,0.0554876558298704,
interstatement_m4_v2,0.1,0.1,detector,z4,11499,0.5542085981842396,0.2434782608695652,0.2101652333558798,
interstatement_m4_v2,0.1,0.1,detector,z6,10453,0.5229886033355124,0.2275922671353251,0.201610305958132,
interstatement_m4_v2,0.1,0.1,detector,z8,5393,0.8915583200104171,0.2329038652130822,0.0025091240875912,
interstatement_m4_v2,0.1,0.1,detector,z57,11386,0.5650516930866336,0.4791304347826087,0.3702618210238374,
interstatement_m4_v2,0.1,0.1,composite,z_plus,11499,0.6217775294399375,0.28,0.178761232969369,p_z_plus
interstatement_m4_v2,0.1,0.1,composite,z_plus_renorm,11243,0.5310720627902522,0.2003484320557491,0.2097077761267954,p_z_plus_renorm
interstatement_m4_v2,0.1,0.1,composite,breadth,11499,0.6991919404101214,0.0147826086956521,0.0024156923374239,p_breadth
interstatement_m4_v2,0.1,0.1,composite,z_mahalanobis_sq,5391,0.5639886610968062,0.4365079365079365,0.3668720054757016,p_z_mahalanobis_sq
interstatement_m4_v2,0.1,0.1,composite,t_iut,11499,0.5187323706974418,0.0452173913043478,0.0557541791477437,p_t_iut
interstatement_m4_v2,0.1,0.1,composite,z_plus_softmax,11243,0.5405351253682352,0.2073170731707317,0.2188211986131748,p_z_plus_softmax
interstatement_m4_v2,0.1,0.1,composite,z_plus_orth,11243,0.5330489703220106,0.1968641114982578,0.2314016840019812,p_z_plus_orth
interstatement_m4_v2,0.1,0.15,detector,z1,10629,0.4867741880315789,0.1508282476024411,0.1656823454967306,
interstatement_m4_v2,0.1,0.15,detector,z2,11287,0.5079725585564719,0.1165217391304347,0.1402781888132583,
interstatement_m4_v2,0.1,0.15,detector,z3,9327,0.4847771602164299,0.034061135371179,0.0554876558298704,
interstatement_m4_v2,0.1,0.15,detector,z4,11499,0.5542085981842396,0.2434782608695652,0.2101652333558798,
interstatement_m4_v2,0.1,0.15,detector,z6,10453,0.5229886033355124,0.2275922671353251,0.201610305958132,
interstatement_m4_v2,0.1,0.15,detector,z8,5393,0.9078419679092548,0.2457879088206144,0.0022810218978102,
interstatement_m4_v2,0.1,0.15,detector,z57,11386,0.5657043767096522,0.4808695652173913,0.3698710433763189,
interstatement_m4_v2,0.1,0.15,composite,z_plus,11499,0.6224778701575873,0.2826086956521739,0.1791477437433568,p_z_plus
interstatement_m4_v2,0.1,0.15,composite,z_plus_renorm,11243,0.5309138963815874,0.195993031358885,0.2097077761267954,p_z_plus_renorm
interstatement_m4_v2,0.1,0.15,composite,breadth,11499,0.7014539527028446,0.0139130434782608,0.0025123200309208,p_breadth
interstatement_m4_v2,0.1,0.15,composite,z_mahalanobis_sq,5391,0.5645434289770361,0.435515873015873,0.3677846224047456,p_z_mahalanobis_sq
interstatement_m4_v2,0.1,0.15,composite,t_iut,11499,0.5205360736387049,0.0443478260869565,0.0546912745192772,p_t_iut
interstatement_m4_v2,0.1,0.15,composite,z_plus_softmax,11243,0.5396058437871578,0.2047038327526132,0.2196136701337295,p_z_plus_softmax
interstatement_m4_v2,0.1,0.15,composite,z_plus_orth,11243,0.5322194811313428,0.1942508710801393,0.2320950965824665,p_z_plus_orth
interstatement_m4_v2,0.1,0.2,detector,z1,10629,0.4872017866367091,0.1525719267654751,0.1661041974267032,
interstatement_m4_v2,0.1,0.2,detector,z2,11287,0.509294963349932,0.117391304347826,0.140475485843938,
interstatement_m4_v2,0.1,0.2,detector,z3,9327,0.4847771602164299,0.034061135371179,0.0554876558298704,
interstatement_m4_v2,0.1,0.2,detector,z4,11499,0.5542085981842396,0.2434782608695652,0.2101652333558798,
interstatement_m4_v2,0.1,0.2,detector,z6,10453,0.5229886033355124,0.2275922671353251,0.201610305958132,
interstatement_m4_v2,0.1,0.2,detector,z8,5393,0.918483195040258,0.2457879088206144,0.0018248175182481,
interstatement_m4_v2,0.1,0.2,detector,z57,11386,0.5661532188184923,0.4817391304347826,0.3708479874951152,
interstatement_m4_v2,0.1,0.2,composite,z_plus,11499,0.6238963226860818,0.2834782608695652,0.1789544883563629,p_z_plus
interstatement_m4_v2,0.1,0.2,composite,z_plus_renorm,11242,0.5315070135154634,0.1968641114982578,0.211511789181692,p_z_plus_renorm
interstatement_m4_v2,0.1,0.2,composite,breadth,11499,0.7035218693677607,0.0139130434782608,0.0023190646439269,p_breadth
interstatement_m4_v2,0.1,0.2,composite,z_mahalanobis_sq,5391,0.5649958896023235,0.435515873015873,0.3677846224047456,p_z_mahalanobis_sq
interstatement_m4_v2,0.1,0.2,composite,t_iut,11499,0.5212128456015493,0.0443478260869565,0.0543047637452894,p_t_iut
interstatement_m4_v2,0.1,0.2,composite,z_plus_softmax,11242,0.5399605209290509,0.205574912891986,0.2196354269863285,p_z_plus_softmax
interstatement_m4_v2,0.1,0.2,composite,z_plus_orth,11242,0.532662484837648,0.190766550522648,0.2321180899544283,p_z_plus_orth
interstatement_m4_v2,0.1,0.3,detector,z1,10629,0.4896598924553418,0.1569311246730601,0.1667369753216621,
interstatement_m4_v2,0.1,0.3,detector,z2,11287,0.5112663895930106,0.12,0.139883594751899,
interstatement_m4_v2,0.1,0.3,detector,z3,9327,0.4847771602164299,0.034061135371179,0.0554876558298704,
interstatement_m4_v2,0.1,0.3,detector,z4,11499,0.5542085981842396,0.2434782608695652,0.2101652333558798,
interstatement_m4_v2,0.1,0.3,detector,z6,10453,0.5229886033355124,0.2275922671353251,0.201610305958132,
interstatement_m4_v2,0.1,0.3,detector,z8,5393,0.9319666568402624,0.2418235877106045,0.0013686131386861,
interstatement_m4_v2,0.1,0.3,detector,z57,11386,0.5665073822994716,0.4843478260869565,0.3723134036733099,
interstatement_m4_v2,0.1,0.3,composite,z_plus,11499,0.6265687926159637,0.2852173913043478,0.178761232969369,p_z_plus
interstatement_m4_v2,0.1,0.3,composite,z_plus_renorm,11245,0.5324667364197943,0.1898954703832752,0.2112508665940378,p_z_plus_renorm
interstatement_m4_v2,0.1,0.3,composite,breadth,11499,0.7072150638372957,0.0165217391304347,0.0023190646439269,p_breadth
interstatement_m4_v2,0.1,0.3,composite,z_mahalanobis_sq,5391,0.5655547316652724,0.433531746031746,0.3675564681724846,p_z_mahalanobis_sq
interstatement_m4_v2,0.1,0.3,composite,t_iut,11499,0.525252135261966,0.048695652173913,0.0544013914387863,p_t_iut
interstatement_m4_v2,0.1,0.3,composite,z_plus_softmax,11245,0.5419272343977701,0.2064459930313588,0.2189759334455779,p_z_plus_softmax
interstatement_m4_v2,0.1,0.3,composite,z_plus_orth,11245,0.5341533811919847,0.1864111498257839,0.2318510448648113,p_z_plus_orth
m5_cod_break,0.01,0.05,detector,z1,10629,0.0344405758915968,0.0,0.1675919826856121,
m5_cod_break,0.01,0.05,detector,z2,11287,0.5152414709791759,0.0,0.13628710677891,
m5_cod_break,0.01,0.05,detector,z3,9327,0.5658176943699732,0.0,0.0528686327077747,
m5_cod_break,0.01,0.05,detector,z4,11499,0.5210489692963381,0.0,0.2135339653822736,
m5_cod_break,0.01,0.05,detector,z6,10453,0.9026887379198164,1.0,0.2042866711319491,
m5_cod_break,0.01,0.05,detector,z8,5391,0.8291890888847653,0.0,0.0484319910929671,
m5_cod_break,0.01,0.05,detector,z57,11386,0.0658380182712579,0.0,0.3899332396345748,
m5_cod_break,0.01,0.05,composite,z_plus,11499,0.522266678263895,0.0,0.1943115595372705,p_z_plus
m5_cod_break,0.01,0.05,composite,z_plus_renorm,11211,0.4722098313854938,0.0,0.2201802123293781,p_z_plus_renorm
m5_cod_break,0.01,0.05,composite,breadth,11499,0.5577759415499696,0.0,0.0045229190223536,p_breadth
m5_cod_break,0.01,0.05,composite,z_mahalanobis_sq,5389,0.3922405791720809,0.0,0.3955819565620939,p_z_mahalanobis_sq
m5_cod_break,0.01,0.05,composite,t_iut,11499,0.491041141167261,0.0,0.0537531529964338,p_t_iut
m5_cod_break,0.01,0.05,composite,z_plus_softmax,11211,0.4939780533499866,0.0,0.2245516995271656,p_z_plus_softmax
m5_cod_break,0.01,0.05,composite,z_plus_orth,11211,0.4933981621910964,0.0,0.2320456775805156,p_z_plus_orth
m5_cod_break,0.01,0.1,detector,z1,10629,0.0344405758915968,0.0,0.1675919826856121,
m5_cod_break,0.01,0.1,detector,z2,11287,0.5152414709791759,0.0,0.13628710677891,
m5_cod_break,0.01,0.1,detector,z3,9327,0.5658176943699732,0.0,0.0528686327077747,
m5_cod_break,0.01,0.1,detector,z4,11499,0.5210489692963381,0.0,0.2135339653822736,
m5_cod_break,0.01,0.1,detector,z6,10453,0.9026887379198164,1.0,0.2042866711319491,
m5_cod_break,0.01,0.1,detector,z8,5391,0.8291890888847653,0.0,0.0484319910929671,
m5_cod_break,0.01,0.1,detector,z57,11386,0.0658380182712579,0.0,0.3899332396345748,
m5_cod_break,0.01,0.1,composite,z_plus,11499,0.522266678263895,0.0,0.1943115595372705,p_z_plus
m5_cod_break,0.01,0.1,composite,z_plus_renorm,11211,0.4722098313854938,0.0,0.2201802123293781,p_z_plus_renorm
m5_cod_break,0.01,0.1,composite,breadth,11499,0.5577759415499696,0.0,0.0045229190223536,p_breadth
m5_cod_break,0.01,0.1,composite,z_mahalanobis_sq,5389,0.3922405791720809,0.0,0.3955819565620939,p_z_mahalanobis_sq
m5_cod_break,0.01,0.1,composite,t_iut,11499,0.491041141167261,0.0,0.0537531529964338,p_t_iut
m5_cod_break,0.01,0.1,composite,z_plus_softmax,11211,0.4939780533499866,0.0,0.2245516995271656,p_z_plus_softmax
m5_cod_break,0.01,0.1,composite,z_plus_orth,11211,0.4933981621910964,0.0,0.2320456775805156,p_z_plus_orth
m5_cod_break,0.01,0.15,detector,z1,10629,0.0344405758915968,0.0,0.1675919826856121,
m5_cod_break,0.01,0.15,detector,z2,11287,0.5152414709791759,0.0,0.13628710677891,
m5_cod_break,0.01,0.15,detector,z3,9327,0.5658176943699732,0.0,0.0528686327077747,
m5_cod_break,0.01,0.15,detector,z4,11499,0.5210489692963381,0.0,0.2135339653822736,
m5_cod_break,0.01,0.15,detector,z6,10453,0.9026887379198164,1.0,0.2042866711319491,
m5_cod_break,0.01,0.15,detector,z8,5391,0.8291890888847653,0.0,0.0484319910929671,
m5_cod_break,0.01,0.15,detector,z57,11386,0.0658380182712579,0.0,0.3899332396345748,
m5_cod_break,0.01,0.15,composite,z_plus,11499,0.522266678263895,0.0,0.1943115595372705,p_z_plus
m5_cod_break,0.01,0.15,composite,z_plus_renorm,11211,0.4722098313854938,0.0,0.2201802123293781,p_z_plus_renorm
m5_cod_break,0.01,0.15,composite,breadth,11499,0.5577759415499696,0.0,0.0045229190223536,p_breadth
m5_cod_break,0.01,0.15,composite,z_mahalanobis_sq,5389,0.3922405791720809,0.0,0.3955819565620939,p_z_mahalanobis_sq
m5_cod_break,0.01,0.15,composite,t_iut,11499,0.491041141167261,0.0,0.0537531529964338,p_t_iut
m5_cod_break,0.01,0.15,composite,z_plus_softmax,11211,0.4939780533499866,0.0,0.2245516995271656,p_z_plus_softmax
m5_cod_break,0.01,0.15,composite,z_plus_orth,11211,0.4933981621910964,0.0,0.2320456775805156,p_z_plus_orth
m5_cod_break,0.01,0.2,detector,z1,10629,0.0344405758915968,0.0,0.1675919826856121,
m5_cod_break,0.01,0.2,detector,z2,11287,0.5152414709791759,0.0,0.13628710677891,
m5_cod_break,0.01,0.2,detector,z3,9327,0.5658176943699732,0.0,0.0528686327077747,
m5_cod_break,0.01,0.2,detector,z4,11499,0.5210489692963381,0.0,0.2135339653822736,
m5_cod_break,0.01,0.2,detector,z6,10453,0.9026887379198164,1.0,0.2042866711319491,
m5_cod_break,0.01,0.2,detector,z8,5391,0.8291890888847653,0.0,0.0484319910929671,
m5_cod_break,0.01,0.2,detector,z57,11386,0.0658380182712579,0.0,0.3899332396345748,
m5_cod_break,0.01,0.2,composite,z_plus,11499,0.522266678263895,0.0,0.1943115595372705,p_z_plus
m5_cod_break,0.01,0.2,composite,z_plus_renorm,11211,0.4722098313854938,0.0,0.2201802123293781,p_z_plus_renorm
m5_cod_break,0.01,0.2,composite,breadth,11499,0.5577759415499696,0.0,0.0045229190223536,p_breadth
m5_cod_break,0.01,0.2,composite,z_mahalanobis_sq,5389,0.3922405791720809,0.0,0.3955819565620939,p_z_mahalanobis_sq
m5_cod_break,0.01,0.2,composite,t_iut,11499,0.491041141167261,0.0,0.0537531529964338,p_t_iut
m5_cod_break,0.01,0.2,composite,z_plus_softmax,11211,0.4939780533499866,0.0,0.2245516995271656,p_z_plus_softmax
m5_cod_break,0.01,0.2,composite,z_plus_orth,11211,0.4933981621910964,0.0,0.2320456775805156,p_z_plus_orth
m5_cod_break,0.01,0.3,detector,z1,10629,0.0344405758915968,0.0,0.1675919826856121,
m5_cod_break,0.01,0.3,detector,z2,11287,0.5152414709791759,0.0,0.13628710677891,
m5_cod_break,0.01,0.3,detector,z3,9327,0.5658176943699732,0.0,0.0528686327077747,
m5_cod_break,0.01,0.3,detector,z4,11499,0.5210489692963381,0.0,0.2135339653822736,
m5_cod_break,0.01,0.3,detector,z6,10453,0.9026887379198164,1.0,0.2042866711319491,
m5_cod_break,0.01,0.3,detector,z8,5391,0.8291890888847653,0.0,0.0484319910929671,
m5_cod_break,0.01,0.3,detector,z57,11386,0.0658380182712579,0.0,0.3899332396345748,
m5_cod_break,0.01,0.3,composite,z_plus,11499,0.522266678263895,0.0,0.1943115595372705,p_z_plus
m5_cod_break,0.01,0.3,composite,z_plus_renorm,11211,0.4722098313854938,0.0,0.2201802123293781,p_z_plus_renorm
m5_cod_break,0.01,0.3,composite,breadth,11499,0.5577759415499696,0.0,0.0045229190223536,p_breadth
m5_cod_break,0.01,0.3,composite,z_mahalanobis_sq,5389,0.3922405791720809,0.0,0.3955819565620939,p_z_mahalanobis_sq
m5_cod_break,0.01,0.3,composite,t_iut,11499,0.491041141167261,0.0,0.0537531529964338,p_t_iut
m5_cod_break,0.01,0.3,composite,z_plus_softmax,11211,0.4939780533499866,0.0,0.2245516995271656,p_z_plus_softmax
m5_cod_break,0.01,0.3,composite,z_plus_orth,11211,0.4933981621910964,0.0,0.2320456775805156,p_z_plus_orth
m5_cod_break,0.05,0.05,detector,z1,10629,0.4552697694868413,0.2,0.1673261729790842,
m5_cod_break,0.05,0.05,detector,z2,11287,0.620800804352969,0.2666666666666666,0.1360894251242015,
m5_cod_break,0.05,0.05,detector,z3,9327,0.4316043814432989,0.1333333333333333,0.0527276632302405,
m5_cod_break,0.05,0.05,detector,z4,11499,0.5057558342041101,0.1333333333333333,0.2136015325670498,
m5_cod_break,0.05,0.05,detector,z6,10453,0.6012709969981478,0.4,0.2042536884460624,
m5_cod_break,0.05,0.05,detector,z8,5391,0.8089472794863131,0.0,0.0485130111524163,
m5_cod_break,0.05,0.05,detector,z57,11386,0.5598481517310117,0.5333333333333333,0.3896754902822971,
m5_cod_break,0.05,0.05,composite,z_plus,11499,0.6660106815279229,0.5333333333333333,0.1938349007314524,p_z_plus
m5_cod_break,0.05,0.05,composite,z_plus_renorm,11210,0.6094208724132797,0.3333333333333333,0.2198302813756141,p_z_plus_renorm
m5_cod_break,0.05,0.05,composite,breadth,11499,0.6414025310577034,0.0,0.0045280390107976,p_breadth
m5_cod_break,0.05,0.05,composite,z_mahalanobis_sq,5389,0.599935765238852,0.5454545454545454,0.3947564150241726,p_z_mahalanobis_sq
m5_cod_break,0.05,0.05,composite,t_iut,11499,0.5913706025774992,0.0,0.0537269244165795,p_t_iut
m5_cod_break,0.05,0.05,composite,z_plus_softmax,11210,0.583361619770731,0.3333333333333333,0.2244752121482804,p_z_plus_softmax
m5_cod_break,0.05,0.05,composite,z_plus_orth,11210,0.5559624832514515,0.2666666666666666,0.2318892362661902,p_z_plus_orth
m5_cod_break,0.05,0.1,detector,z1,10629,0.4552697694868413,0.2,0.1673261729790842,
m5_cod_break,0.05,0.1,detector,z2,11287,0.620800804352969,0.2666666666666666,0.1360894251242015,
m5_cod_break,0.05,0.1,detector,z3,9327,0.4316043814432989,0.1333333333333333,0.0527276632302405,
m5_cod_break,0.05,0.1,detector,z4,11499,0.5057558342041101,0.1333333333333333,0.2136015325670498,
m5_cod_break,0.05,0.1,detector,z6,10453,0.6012709969981478,0.4,0.2042536884460624,
m5_cod_break,0.05,0.1,detector,z8,5391,0.8089472794863131,0.0,0.0485130111524163,
m5_cod_break,0.05,0.1,detector,z57,11386,0.5598481517310117,0.5333333333333333,0.3896754902822971,
m5_cod_break,0.05,0.1,composite,z_plus,11499,0.6660106815279229,0.5333333333333333,0.1938349007314524,p_z_plus
m5_cod_break,0.05,0.1,composite,z_plus_renorm,11210,0.6094208724132797,0.3333333333333333,0.2198302813756141,p_z_plus_renorm
m5_cod_break,0.05,0.1,composite,breadth,11499,0.6414025310577034,0.0,0.0045280390107976,p_breadth
m5_cod_break,0.05,0.1,composite,z_mahalanobis_sq,5389,0.599935765238852,0.5454545454545454,0.3947564150241726,p_z_mahalanobis_sq
m5_cod_break,0.05,0.1,composite,t_iut,11499,0.5913706025774992,0.0,0.0537269244165795,p_t_iut
m5_cod_break,0.05,0.1,composite,z_plus_softmax,11210,0.583361619770731,0.3333333333333333,0.2244752121482804,p_z_plus_softmax
m5_cod_break,0.05,0.1,composite,z_plus_orth,11210,0.5559624832514515,0.2666666666666666,0.2318892362661902,p_z_plus_orth
m5_cod_break,0.05,0.15,detector,z1,10629,0.4552697694868413,0.2,0.1673261729790842,
m5_cod_break,0.05,0.15,detector,z2,11287,0.620800804352969,0.2666666666666666,0.1360894251242015,
m5_cod_break,0.05,0.15,detector,z3,9327,0.4316043814432989,0.1333333333333333,0.0527276632302405,
m5_cod_break,0.05,0.15,detector,z4,11499,0.5057558342041101,0.1333333333333333,0.2136015325670498,
m5_cod_break,0.05,0.15,detector,z6,10453,0.6012709969981478,0.4,0.2042536884460624,
m5_cod_break,0.05,0.15,detector,z8,5391,0.8089472794863131,0.0,0.0485130111524163,
m5_cod_break,0.05,0.15,detector,z57,11386,0.5598481517310117,0.5333333333333333,0.3896754902822971,
m5_cod_break,0.05,0.15,composite,z_plus,11499,0.6660106815279229,0.5333333333333333,0.1938349007314524,p_z_plus
m5_cod_break,0.05,0.15,composite,z_plus_renorm,11210,0.6094208724132797,0.3333333333333333,0.2198302813756141,p_z_plus_renorm
m5_cod_break,0.05,0.15,composite,breadth,11499,0.6414025310577034,0.0,0.0045280390107976,p_breadth
m5_cod_break,0.05,0.15,composite,z_mahalanobis_sq,5389,0.599935765238852,0.5454545454545454,0.3947564150241726,p_z_mahalanobis_sq
m5_cod_break,0.05,0.15,composite,t_iut,11499,0.5913706025774992,0.0,0.0537269244165795,p_t_iut
m5_cod_break,0.05,0.15,composite,z_plus_softmax,11210,0.583361619770731,0.3333333333333333,0.2244752121482804,p_z_plus_softmax
m5_cod_break,0.05,0.15,composite,z_plus_orth,11210,0.5559624832514515,0.2666666666666666,0.2318892362661902,p_z_plus_orth
m5_cod_break,0.05,0.2,detector,z1,10629,0.4552697694868413,0.2,0.1673261729790842,
m5_cod_break,0.05,0.2,detector,z2,11287,0.620800804352969,0.2666666666666666,0.1360894251242015,
m5_cod_break,0.05,0.2,detector,z3,9327,0.4316043814432989,0.1333333333333333,0.0527276632302405,
m5_cod_break,0.05,0.2,detector,z4,11499,0.5057558342041101,0.1333333333333333,0.2136015325670498,
m5_cod_break,0.05,0.2,detector,z6,10453,0.6012709969981478,0.4,0.2042536884460624,
m5_cod_break,0.05,0.2,detector,z8,5391,0.8089472794863131,0.0,0.0485130111524163,
m5_cod_break,0.05,0.2,detector,z57,11386,0.5598481517310117,0.5333333333333333,0.3896754902822971,
m5_cod_break,0.05,0.2,composite,z_plus,11499,0.6660106815279229,0.5333333333333333,0.1938349007314524,p_z_plus
m5_cod_break,0.05,0.2,composite,z_plus_renorm,11210,0.6094208724132797,0.3333333333333333,0.2198302813756141,p_z_plus_renorm
m5_cod_break,0.05,0.2,composite,breadth,11499,0.6414025310577034,0.0,0.0045280390107976,p_breadth
m5_cod_break,0.05,0.2,composite,z_mahalanobis_sq,5389,0.599935765238852,0.5454545454545454,0.3947564150241726,p_z_mahalanobis_sq
m5_cod_break,0.05,0.2,composite,t_iut,11499,0.5913706025774992,0.0,0.0537269244165795,p_t_iut
m5_cod_break,0.05,0.2,composite,z_plus_softmax,11210,0.583361619770731,0.3333333333333333,0.2244752121482804,p_z_plus_softmax
m5_cod_break,0.05,0.2,composite,z_plus_orth,11210,0.5559624832514515,0.2666666666666666,0.2318892362661902,p_z_plus_orth
m5_cod_break,0.05,0.3,detector,z1,10629,0.4552697694868413,0.2,0.1673261729790842,
m5_cod_break,0.05,0.3,detector,z2,11287,0.620800804352969,0.2666666666666666,0.1360894251242015,
m5_cod_break,0.05,0.3,detector,z3,9327,0.4316043814432989,0.1333333333333333,0.0527276632302405,
m5_cod_break,0.05,0.3,detector,z4,11499,0.5057558342041101,0.1333333333333333,0.2136015325670498,
m5_cod_break,0.05,0.3,detector,z6,10453,0.6012709969981478,0.4,0.2042536884460624,
m5_cod_break,0.05,0.3,detector,z8,5391,0.8089472794863131,0.0,0.0485130111524163,
m5_cod_break,0.05,0.3,detector,z57,11386,0.5598481517310117,0.5333333333333333,0.3896754902822971,
m5_cod_break,0.05,0.3,composite,z_plus,11499,0.6660106815279229,0.5333333333333333,0.1938349007314524,p_z_plus
m5_cod_break,0.05,0.3,composite,z_plus_renorm,11210,0.6094208724132797,0.3333333333333333,0.2198302813756141,p_z_plus_renorm
m5_cod_break,0.05,0.3,composite,breadth,11499,0.6414025310577034,0.0,0.0045280390107976,p_breadth
m5_cod_break,0.05,0.3,composite,z_mahalanobis_sq,5389,0.599935765238852,0.5454545454545454,0.3947564150241726,p_z_mahalanobis_sq
m5_cod_break,0.05,0.3,composite,t_iut,11499,0.5913706025774992,0.0,0.0537269244165795,p_t_iut
m5_cod_break,0.05,0.3,composite,z_plus_softmax,11210,0.583361619770731,0.3333333333333333,0.2244752121482804,p_z_plus_softmax
m5_cod_break,0.05,0.3,composite,z_plus_orth,11210,0.5559624832514515,0.2666666666666666,0.2318892362661902,p_z_plus_orth
m5_cod_break,0.1,0.05,detector,z1,10629,0.4433914590267764,0.1428571428571428,0.1674370342420526,
m5_cod_break,0.1,0.05,detector,z2,11287,0.6576277598184193,0.2258064516129032,0.1361940298507462,
m5_cod_break,0.1,0.05,detector,z3,9327,0.4208104340900039,0.1111111111111111,0.0526881720430107,
m5_cod_break,0.1,0.05,detector,z4,11499,0.4456102253676429,0.064516129032258,0.2138995465643529,
m5_cod_break,0.1,0.05,detector,z6,10453,0.6737706175680861,0.48,0.203970080552359,
m5_cod_break,0.1,0.05,detector,z8,5391,0.6419200924873614,0.1578947368421052,0.0480268056589724,
m5_cod_break,0.1,0.05,detector,z57,11386,0.4974616837829008,0.3548387096774194,0.3898723029502421,
m5_cod_break,0.1,0.05,composite,z_plus,11499,0.5721587137279611,0.1935483870967742,0.1939309382629926,p_z_plus
m5_cod_break,0.1,0.05,composite,z_plus_renorm,11212,0.5544515321210233,0.2258064516129032,0.2200160987389321,p_z_plus_renorm
m5_cod_break,0.1,0.05,composite,breadth,11499,0.5452254239004466,0.0,0.0045343564701778,p_breadth
m5_cod_break,0.1,0.05,composite,z_mahalanobis_sq,5389,0.5329020876212878,0.4210526315789473,0.3949720670391061,p_z_mahalanobis_sq
m5_cod_break,0.1,0.05,composite,t_iut,11499,0.5647861651495887,0.0967741935483871,0.0535402860132542,p_t_iut
m5_cod_break,0.1,0.05,composite,z_plus_softmax,11212,0.5170782231377539,0.1612903225806451,0.2244879706645201,p_z_plus_softmax
m5_cod_break,0.1,0.05,composite,z_plus_orth,11212,0.5226579652694231,0.1612903225806451,0.2319112780609963,p_z_plus_orth
m5_cod_break,0.1,0.1,detector,z1,10629,0.4433914590267764,0.1428571428571428,0.1674370342420526,
m5_cod_break,0.1,0.1,detector,z2,11287,0.6576277598184193,0.2258064516129032,0.1361940298507462,
m5_cod_break,0.1,0.1,detector,z3,9327,0.4208104340900039,0.1111111111111111,0.0526881720430107,
m5_cod_break,0.1,0.1,detector,z4,11499,0.4456102253676429,0.064516129032258,0.2138995465643529,
m5_cod_break,0.1,0.1,detector,z6,10453,0.6737706175680861,0.48,0.203970080552359,
m5_cod_break,0.1,0.1,detector,z8,5391,0.6419200924873614,0.1578947368421052,0.0480268056589724,
m5_cod_break,0.1,0.1,detector,z57,11386,0.4974616837829008,0.3548387096774194,0.3898723029502421,
m5_cod_break,0.1,0.1,composite,z_plus,11499,0.5721587137279611,0.1935483870967742,0.1939309382629926,p_z_plus
m5_cod_break,0.1,0.1,composite,z_plus_renorm,11212,0.5544515321210233,0.2258064516129032,0.2200160987389321,p_z_plus_renorm
m5_cod_break,0.1,0.1,composite,breadth,11499,0.5452254239004466,0.0,0.0045343564701778,p_breadth
m5_cod_break,0.1,0.1,composite,z_mahalanobis_sq,5389,0.5329020876212878,0.4210526315789473,0.3949720670391061,p_z_mahalanobis_sq
m5_cod_break,0.1,0.1,composite,t_iut,11499,0.5647861651495887,0.0967741935483871,0.0535402860132542,p_t_iut
m5_cod_break,0.1,0.1,composite,z_plus_softmax,11212,0.5170782231377539,0.1612903225806451,0.2244879706645201,p_z_plus_softmax
m5_cod_break,0.1,0.1,composite,z_plus_orth,11212,0.5226579652694231,0.1612903225806451,0.2319112780609963,p_z_plus_orth
m5_cod_break,0.1,0.15,detector,z1,10629,0.4433914590267764,0.1428571428571428,0.1674370342420526,
m5_cod_break,0.1,0.15,detector,z2,11287,0.6576277598184193,0.2258064516129032,0.1361940298507462,
m5_cod_break,0.1,0.15,detector,z3,9327,0.4208104340900039,0.1111111111111111,0.0526881720430107,
m5_cod_break,0.1,0.15,detector,z4,11499,0.4456102253676429,0.064516129032258,0.2138995465643529,
m5_cod_break,0.1,0.15,detector,z6,10453,0.6737706175680861,0.48,0.203970080552359,
m5_cod_break,0.1,0.15,detector,z8,5391,0.6419200924873614,0.1578947368421052,0.0480268056589724,
m5_cod_break,0.1,0.15,detector,z57,11386,0.4974616837829008,0.3548387096774194,0.3898723029502421,
m5_cod_break,0.1,0.15,composite,z_plus,11499,0.5721587137279611,0.1935483870967742,0.1939309382629926,p_z_plus
m5_cod_break,0.1,0.15,composite,z_plus_renorm,11212,0.5544515321210233,0.2258064516129032,0.2200160987389321,p_z_plus_renorm
m5_cod_break,0.1,0.15,composite,breadth,11499,0.5452254239004466,0.0,0.0045343564701778,p_breadth
m5_cod_break,0.1,0.15,composite,z_mahalanobis_sq,5389,0.5329020876212878,0.4210526315789473,0.3949720670391061,p_z_mahalanobis_sq
m5_cod_break,0.1,0.15,composite,t_iut,11499,0.5647861651495887,0.0967741935483871,0.0535402860132542,p_t_iut
m5_cod_break,0.1,0.15,composite,z_plus_softmax,11212,0.5170782231377539,0.1612903225806451,0.2244879706645201,p_z_plus_softmax
m5_cod_break,0.1,0.15,composite,z_plus_orth,11212,0.5226579652694231,0.1612903225806451,0.2319112780609963,p_z_plus_orth
m5_cod_break,0.1,0.2,detector,z1,10629,0.4433914590267764,0.1428571428571428,0.1674370342420526,
m5_cod_break,0.1,0.2,detector,z2,11287,0.6576277598184193,0.2258064516129032,0.1361940298507462,
m5_cod_break,0.1,0.2,detector,z3,9327,0.4208104340900039,0.1111111111111111,0.0526881720430107,
m5_cod_break,0.1,0.2,detector,z4,11499,0.4456102253676429,0.064516129032258,0.2138995465643529,
m5_cod_break,0.1,0.2,detector,z6,10453,0.6737706175680861,0.48,0.203970080552359,
m5_cod_break,0.1,0.2,detector,z8,5391,0.6419200924873614,0.1578947368421052,0.0480268056589724,
m5_cod_break,0.1,0.2,detector,z57,11386,0.4974616837829008,0.3548387096774194,0.3898723029502421,
m5_cod_break,0.1,0.2,composite,z_plus,11499,0.5721587137279611,0.1935483870967742,0.1939309382629926,p_z_plus
m5_cod_break,0.1,0.2,composite,z_plus_renorm,11212,0.5544515321210233,0.2258064516129032,0.2200160987389321,p_z_plus_renorm
m5_cod_break,0.1,0.2,composite,breadth,11499,0.5452254239004466,0.0,0.0045343564701778,p_breadth
m5_cod_break,0.1,0.2,composite,z_mahalanobis_sq,5389,0.5329020876212878,0.4210526315789473,0.3949720670391061,p_z_mahalanobis_sq
m5_cod_break,0.1,0.2,composite,t_iut,11499,0.5647861651495887,0.0967741935483871,0.0535402860132542,p_t_iut
m5_cod_break,0.1,0.2,composite,z_plus_softmax,11212,0.5170782231377539,0.1612903225806451,0.2244879706645201,p_z_plus_softmax
m5_cod_break,0.1,0.2,composite,z_plus_orth,11212,0.5226579652694231,0.1612903225806451,0.2319112780609963,p_z_plus_orth
m5_cod_break,0.1,0.3,detector,z1,10629,0.4433914590267764,0.1428571428571428,0.1674370342420526,
m5_cod_break,0.1,0.3,detector,z2,11287,0.6576277598184193,0.2258064516129032,0.1361940298507462,
m5_cod_break,0.1,0.3,detector,z3,9327,0.4208104340900039,0.1111111111111111,0.0526881720430107,
m5_cod_break,0.1,0.3,detector,z4,11499,0.4456102253676429,0.064516129032258,0.2138995465643529,
m5_cod_break,0.1,0.3,detector,z6,10453,0.6737706175680861,0.48,0.203970080552359,
m5_cod_break,0.1,0.3,detector,z8,5391,0.6419200924873614,0.1578947368421052,0.0480268056589724,
m5_cod_break,0.1,0.3,detector,z57,11386,0.4974616837829008,0.3548387096774194,0.3898723029502421,
m5_cod_break,0.1,0.3,composite,z_plus,11499,0.5721587137279611,0.1935483870967742,0.1939309382629926,p_z_plus
m5_cod_break,0.1,0.3,composite,z_plus_renorm,11212,0.5544515321210233,0.2258064516129032,0.2200160987389321,p_z_plus_renorm
m5_cod_break,0.1,0.3,composite,breadth,11499,0.5452254239004466,0.0,0.0045343564701778,p_breadth
m5_cod_break,0.1,0.3,composite,z_mahalanobis_sq,5389,0.5329020876212878,0.4210526315789473,0.3949720670391061,p_z_mahalanobis_sq
m5_cod_break,0.1,0.3,composite,t_iut,11499,0.5647861651495887,0.0967741935483871,0.0535402860132542,p_t_iut
m5_cod_break,0.1,0.3,composite,z_plus_softmax,11212,0.5170782231377539,0.1612903225806451,0.2244879706645201,p_z_plus_softmax
m5_cod_break,0.1,0.3,composite,z_plus_orth,11212,0.5226579652694231,0.1612903225806451,0.2319112780609963,p_z_plus_orth
m6_seasonal,0.01,0.05,detector,z1,10629,0.2549417425076807,0.0,0.1677656367746797,
m6_seasonal,0.01,0.05,detector,z2,11287,0.3242336527371129,0.0,0.1364563925117558,
m6_seasonal,0.01,0.05,detector,z3,9327,0.46071735395189,0.0,0.0529424398625429,
m6_seasonal,0.01,0.05,detector,z4,11499,0.5465470695811199,0.0,0.2137943046242271,
m6_seasonal,0.01,0.05,detector,z6,10453,0.5509393881353276,0.3636363636363636,0.2043669795058418,
m6_seasonal,0.01,0.05,detector,z8,5391,0.3647314795160263,0.0,0.0484769687964338,
m6_seasonal,0.01,0.05,detector,z57,11386,0.3446432497801231,0.0,0.390325417766051,
m6_seasonal,0.01,0.05,composite,z_plus,11499,0.2477140120177654,0.0,0.1945484629452233,p_z_plus
m6_seasonal,0.01,0.05,composite,z_plus_renorm,11211,0.2006699419383653,0.0,0.2204555605180884,p_z_plus_renorm
m6_seasonal,0.01,0.05,composite,breadth,11499,0.4166757380475485,0.0,0.0045284333362361,p_breadth
m6_seasonal,0.01,0.05,composite,z_mahalanobis_sq,5389,0.2358390401868662,0.0,0.3959494611668525,p_z_mahalanobis_sq
m6_seasonal,0.01,0.05,composite,t_iut,11499,0.346953104589393,0.0,0.0538186884960376,p_t_iut
m6_seasonal,0.01,0.05,composite,z_plus_softmax,11211,0.1982916480571684,0.0,0.2248325145154086,p_z_plus_softmax
m6_seasonal,0.01,0.05,composite,z_plus_orth,11211,0.2017641804376954,0.0,0.2323358642251005,p_z_plus_orth
m6_seasonal,0.01,0.1,detector,z1,10629,0.2549417425076807,0.0,0.1677656367746797,
m6_seasonal,0.01,0.1,detector,z2,11287,0.3242336527371129,0.0,0.1364563925117558,
m6_seasonal,0.01,0.1,detector,z3,9327,0.46071735395189,0.0,0.0529424398625429,
m6_seasonal,0.01,0.1,detector,z4,11499,0.5465470695811199,0.0,0.2137943046242271,
m6_seasonal,0.01,0.1,detector,z6,10453,0.5509393881353276,0.3636363636363636,0.2043669795058418,
m6_seasonal,0.01,0.1,detector,z8,5391,0.3647314795160263,0.0,0.0484769687964338,
m6_seasonal,0.01,0.1,detector,z57,11386,0.3446432497801231,0.0,0.390325417766051,
m6_seasonal,0.01,0.1,composite,z_plus,11499,0.2477140120177654,0.0,0.1945484629452233,p_z_plus
m6_seasonal,0.01,0.1,composite,z_plus_renorm,11211,0.2006699419383653,0.0,0.2204555605180884,p_z_plus_renorm
m6_seasonal,0.01,0.1,composite,breadth,11499,0.4166757380475485,0.0,0.0045284333362361,p_breadth
m6_seasonal,0.01,0.1,composite,z_mahalanobis_sq,5389,0.2358390401868662,0.0,0.3959494611668525,p_z_mahalanobis_sq
m6_seasonal,0.01,0.1,composite,t_iut,11499,0.346953104589393,0.0,0.0538186884960376,p_t_iut
m6_seasonal,0.01,0.1,composite,z_plus_softmax,11211,0.1982916480571684,0.0,0.2248325145154086,p_z_plus_softmax
m6_seasonal,0.01,0.1,composite,z_plus_orth,11211,0.2017641804376954,0.0,0.2323358642251005,p_z_plus_orth
m6_seasonal,0.01,0.15,detector,z1,10629,0.2549417425076807,0.0,0.1677656367746797,
m6_seasonal,0.01,0.15,detector,z2,11287,0.3242336527371129,0.0,0.1364563925117558,
m6_seasonal,0.01,0.15,detector,z3,9327,0.46071735395189,0.0,0.0529424398625429,
m6_seasonal,0.01,0.15,detector,z4,11499,0.5465470695811199,0.0,0.2137943046242271,
m6_seasonal,0.01,0.15,detector,z6,10453,0.5509393881353276,0.3636363636363636,0.2043669795058418,
m6_seasonal,0.01,0.15,detector,z8,5391,0.3647314795160263,0.0,0.0484769687964338,
m6_seasonal,0.01,0.15,detector,z57,11386,0.3446432497801231,0.0,0.390325417766051,
m6_seasonal,0.01,0.15,composite,z_plus,11499,0.2477140120177654,0.0,0.1945484629452233,p_z_plus
m6_seasonal,0.01,0.15,composite,z_plus_renorm,11211,0.2006699419383653,0.0,0.2204555605180884,p_z_plus_renorm
m6_seasonal,0.01,0.15,composite,breadth,11499,0.4166757380475485,0.0,0.0045284333362361,p_breadth
m6_seasonal,0.01,0.15,composite,z_mahalanobis_sq,5389,0.2358390401868662,0.0,0.3959494611668525,p_z_mahalanobis_sq
m6_seasonal,0.01,0.15,composite,t_iut,11499,0.346953104589393,0.0,0.0538186884960376,p_t_iut
m6_seasonal,0.01,0.15,composite,z_plus_softmax,11211,0.1982916480571684,0.0,0.2248325145154086,p_z_plus_softmax
m6_seasonal,0.01,0.15,composite,z_plus_orth,11211,0.2017641804376954,0.0,0.2323358642251005,p_z_plus_orth
m6_seasonal,0.01,0.2,detector,z1,10629,0.2549417425076807,0.0,0.1677656367746797,
m6_seasonal,0.01,0.2,detector,z2,11287,0.3242336527371129,0.0,0.1364563925117558,
m6_seasonal,0.01,0.2,detector,z3,9327,0.46071735395189,0.0,0.0529424398625429,
m6_seasonal,0.01,0.2,detector,z4,11499,0.5465470695811199,0.0,0.2137943046242271,
m6_seasonal,0.01,0.2,detector,z6,10453,0.5509393881353276,0.3636363636363636,0.2043669795058418,
m6_seasonal,0.01,0.2,detector,z8,5391,0.3647314795160263,0.0,0.0484769687964338,
m6_seasonal,0.01,0.2,detector,z57,11386,0.3446432497801231,0.0,0.390325417766051,
m6_seasonal,0.01,0.2,composite,z_plus,11499,0.2477140120177654,0.0,0.1945484629452233,p_z_plus
m6_seasonal,0.01,0.2,composite,z_plus_renorm,11211,0.2006699419383653,0.0,0.2204555605180884,p_z_plus_renorm
m6_seasonal,0.01,0.2,composite,breadth,11499,0.4166757380475485,0.0,0.0045284333362361,p_breadth
m6_seasonal,0.01,0.2,composite,z_mahalanobis_sq,5389,0.2358390401868662,0.0,0.3959494611668525,p_z_mahalanobis_sq
m6_seasonal,0.01,0.2,composite,t_iut,11499,0.346953104589393,0.0,0.0538186884960376,p_t_iut
m6_seasonal,0.01,0.2,composite,z_plus_softmax,11211,0.1982916480571684,0.0,0.2248325145154086,p_z_plus_softmax
m6_seasonal,0.01,0.2,composite,z_plus_orth,11211,0.2017641804376954,0.0,0.2323358642251005,p_z_plus_orth
m6_seasonal,0.01,0.3,detector,z1,10629,0.2549417425076807,0.0,0.1677656367746797,
m6_seasonal,0.01,0.3,detector,z2,11287,0.3242336527371129,0.0,0.1364563925117558,
m6_seasonal,0.01,0.3,detector,z3,9327,0.46071735395189,0.0,0.0529424398625429,
m6_seasonal,0.01,0.3,detector,z4,11499,0.5465470695811199,0.0,0.2137943046242271,
m6_seasonal,0.01,0.3,detector,z6,10453,0.5509393881353276,0.3636363636363636,0.2043669795058418,
m6_seasonal,0.01,0.3,detector,z8,5391,0.3647314795160263,0.0,0.0484769687964338,
m6_seasonal,0.01,0.3,detector,z57,11386,0.3446432497801231,0.0,0.390325417766051,
m6_seasonal,0.01,0.3,composite,z_plus,11499,0.2477140120177654,0.0,0.1945484629452233,p_z_plus
m6_seasonal,0.01,0.3,composite,z_plus_renorm,11211,0.2006699419383653,0.0,0.2204555605180884,p_z_plus_renorm
m6_seasonal,0.01,0.3,composite,breadth,11499,0.4166757380475485,0.0,0.0045284333362361,p_breadth
m6_seasonal,0.01,0.3,composite,z_mahalanobis_sq,5389,0.2358390401868662,0.0,0.3959494611668525,p_z_mahalanobis_sq
m6_seasonal,0.01,0.3,composite,t_iut,11499,0.346953104589393,0.0,0.0538186884960376,p_t_iut
m6_seasonal,0.01,0.3,composite,z_plus_softmax,11211,0.1982916480571684,0.0,0.2248325145154086,p_z_plus_softmax
m6_seasonal,0.01,0.3,composite,z_plus_orth,11211,0.2017641804376954,0.0,0.2323358642251005,p_z_plus_orth
m6_seasonal,0.05,0.05,detector,z1,10629,0.4720037485835983,0.1381909547738693,0.1683119929625647,
m6_seasonal,0.05,0.05,detector,z2,11287,0.565684760379916,0.2121212121212121,0.1332657948056732,
m6_seasonal,0.05,0.05,detector,z3,9327,0.4949529614906544,0.0566502463054187,0.0526846766057616,
m6_seasonal,0.05,0.05,detector,z4,11499,0.5275381737787003,0.2408256880733945,0.2124197776371689,
m6_seasonal,0.05,0.05,detector,z6,10453,0.5074553115949654,0.1969309462915601,0.2043331345656927,
m6_seasonal,0.05,0.05,detector,z8,5391,0.4664792809064685,0.0376569037656903,0.0493012422360248,
m6_seasonal,0.05,0.05,detector,z57,11386,0.5461512241427113,0.4652777777777778,0.3868906335585174,
m6_seasonal,0.05,0.05,composite,z_plus,11499,0.5620627108959777,0.2935779816513761,0.1900931031365814,p_z_plus
m6_seasonal,0.05,0.05,composite,z_plus_renorm,11210,0.5733669844212013,0.3071428571428571,0.216867469879518,p_z_plus_renorm
m6_seasonal,0.05,0.05,composite,breadth,11499,0.5221016289524466,0.0,0.0047003525264394,p_breadth
m6_seasonal,0.05,0.05,composite,z_mahalanobis_sq,5389,0.6014112198886948,0.5606694560669456,0.3871844660194175,p_z_mahalanobis_sq
m6_seasonal,0.05,0.05,composite,t_iut,11499,0.5639874671087276,0.0389908256880734,0.0541444454487932,p_t_iut
m6_seasonal,0.05,0.05,composite,z_plus_softmax,11210,0.5830348867999471,0.3452380952380952,0.2194624652455978,p_z_plus_softmax
m6_seasonal,0.05,0.05,composite,z_plus_orth,11210,0.5700757976962796,0.3285714285714285,0.2278962001853568,p_z_plus_orth
m6_seasonal,0.05,0.1,detector,z1,10629,0.4720037485835983,0.1381909547738693,0.1683119929625647,
m6_seasonal,0.05,0.1,detector,z2,11287,0.565684760379916,0.2121212121212121,0.1332657948056732,
m6_seasonal,0.05,0.1,detector,z3,9327,0.4949529614906544,0.0566502463054187,0.0526846766057616,
m6_seasonal,0.05,0.1,detector,z4,11499,0.5275381737787003,0.2408256880733945,0.2124197776371689,
m6_seasonal,0.05,0.1,detector,z6,10453,0.5074553115949654,0.1969309462915601,0.2043331345656927,
m6_seasonal,0.05,0.1,detector,z8,5391,0.4664792809064685,0.0376569037656903,0.0493012422360248,
m6_seasonal,0.05,0.1,detector,z57,11386,0.5461512241427113,0.4652777777777778,0.3868906335585174,
m6_seasonal,0.05,0.1,composite,z_plus,11499,0.5620627108959777,0.2935779816513761,0.1900931031365814,p_z_plus
m6_seasonal,0.05,0.1,composite,z_plus_renorm,11210,0.5733669844212013,0.3071428571428571,0.216867469879518,p_z_plus_renorm
m6_seasonal,0.05,0.1,composite,breadth,11499,0.5221016289524466,0.0,0.0047003525264394,p_breadth
m6_seasonal,0.05,0.1,composite,z_mahalanobis_sq,5389,0.6014112198886948,0.5606694560669456,0.3871844660194175,p_z_mahalanobis_sq
m6_seasonal,0.05,0.1,composite,t_iut,11499,0.5639874671087276,0.0389908256880734,0.0541444454487932,p_t_iut
m6_seasonal,0.05,0.1,composite,z_plus_softmax,11210,0.5830348867999471,0.3452380952380952,0.2194624652455978,p_z_plus_softmax
m6_seasonal,0.05,0.1,composite,z_plus_orth,11210,0.5700757976962796,0.3285714285714285,0.2278962001853568,p_z_plus_orth
m6_seasonal,0.05,0.15,detector,z1,10629,0.4720037485835983,0.1381909547738693,0.1683119929625647,
m6_seasonal,0.05,0.15,detector,z2,11287,0.565684760379916,0.2121212121212121,0.1332657948056732,
m6_seasonal,0.05,0.15,detector,z3,9327,0.4949529614906544,0.0566502463054187,0.0526846766057616,
m6_seasonal,0.05,0.15,detector,z4,11499,0.5275381737787003,0.2408256880733945,0.2124197776371689,
m6_seasonal,0.05,0.15,detector,z6,10453,0.5074553115949654,0.1969309462915601,0.2043331345656927,
m6_seasonal,0.05,0.15,detector,z8,5391,0.4664792809064685,0.0376569037656903,0.0493012422360248,
m6_seasonal,0.05,0.15,detector,z57,11386,0.5461512241427113,0.4652777777777778,0.3868906335585174,
m6_seasonal,0.05,0.15,composite,z_plus,11499,0.5620627108959777,0.2935779816513761,0.1900931031365814,p_z_plus
m6_seasonal,0.05,0.15,composite,z_plus_renorm,11210,0.5733669844212013,0.3071428571428571,0.216867469879518,p_z_plus_renorm
m6_seasonal,0.05,0.15,composite,breadth,11499,0.5221016289524466,0.0,0.0047003525264394,p_breadth
m6_seasonal,0.05,0.15,composite,z_mahalanobis_sq,5389,0.6014112198886948,0.5606694560669456,0.3871844660194175,p_z_mahalanobis_sq
m6_seasonal,0.05,0.15,composite,t_iut,11499,0.5639874671087276,0.0389908256880734,0.0541444454487932,p_t_iut
m6_seasonal,0.05,0.15,composite,z_plus_softmax,11210,0.5830348867999471,0.3452380952380952,0.2194624652455978,p_z_plus_softmax
m6_seasonal,0.05,0.15,composite,z_plus_orth,11210,0.5700757976962796,0.3285714285714285,0.2278962001853568,p_z_plus_orth
m6_seasonal,0.05,0.2,detector,z1,10629,0.4720037485835983,0.1381909547738693,0.1683119929625647,
m6_seasonal,0.05,0.2,detector,z2,11287,0.565684760379916,0.2121212121212121,0.1332657948056732,
m6_seasonal,0.05,0.2,detector,z3,9327,0.4949529614906544,0.0566502463054187,0.0526846766057616,
m6_seasonal,0.05,0.2,detector,z4,11499,0.5275381737787003,0.2408256880733945,0.2124197776371689,
m6_seasonal,0.05,0.2,detector,z6,10453,0.5074553115949654,0.1969309462915601,0.2043331345656927,
m6_seasonal,0.05,0.2,detector,z8,5391,0.4664792809064685,0.0376569037656903,0.0493012422360248,
m6_seasonal,0.05,0.2,detector,z57,11386,0.5461512241427113,0.4652777777777778,0.3868906335585174,
m6_seasonal,0.05,0.2,composite,z_plus,11499,0.5620627108959777,0.2935779816513761,0.1900931031365814,p_z_plus
m6_seasonal,0.05,0.2,composite,z_plus_renorm,11210,0.5733669844212013,0.3071428571428571,0.216867469879518,p_z_plus_renorm
m6_seasonal,0.05,0.2,composite,breadth,11499,0.5221016289524466,0.0,0.0047003525264394,p_breadth
m6_seasonal,0.05,0.2,composite,z_mahalanobis_sq,5389,0.6014112198886948,0.5606694560669456,0.3871844660194175,p_z_mahalanobis_sq
m6_seasonal,0.05,0.2,composite,t_iut,11499,0.5639874671087276,0.0389908256880734,0.0541444454487932,p_t_iut
m6_seasonal,0.05,0.2,composite,z_plus_softmax,11210,0.5830348867999471,0.3452380952380952,0.2194624652455978,p_z_plus_softmax
m6_seasonal,0.05,0.2,composite,z_plus_orth,11210,0.5700757976962796,0.3285714285714285,0.2278962001853568,p_z_plus_orth
m6_seasonal,0.05,0.3,detector,z1,10629,0.4720037485835983,0.1381909547738693,0.1683119929625647,
m6_seasonal,0.05,0.3,detector,z2,11287,0.565684760379916,0.2121212121212121,0.1332657948056732,
m6_seasonal,0.05,0.3,detector,z3,9327,0.4949529614906544,0.0566502463054187,0.0526846766057616,
m6_seasonal,0.05,0.3,detector,z4,11499,0.5275381737787003,0.2408256880733945,0.2124197776371689,
m6_seasonal,0.05,0.3,detector,z6,10453,0.5074553115949654,0.1969309462915601,0.2043331345656927,
m6_seasonal,0.05,0.3,detector,z8,5391,0.4664792809064685,0.0376569037656903,0.0493012422360248,
m6_seasonal,0.05,0.3,detector,z57,11386,0.5461512241427113,0.4652777777777778,0.3868906335585174,
m6_seasonal,0.05,0.3,composite,z_plus,11499,0.5620627108959777,0.2935779816513761,0.1900931031365814,p_z_plus
m6_seasonal,0.05,0.3,composite,z_plus_renorm,11210,0.5733669844212013,0.3071428571428571,0.216867469879518,p_z_plus_renorm
m6_seasonal,0.05,0.3,composite,breadth,11499,0.5221016289524466,0.0,0.0047003525264394,p_breadth
m6_seasonal,0.05,0.3,composite,z_mahalanobis_sq,5389,0.6014112198886948,0.5606694560669456,0.3871844660194175,p_z_mahalanobis_sq
m6_seasonal,0.05,0.3,composite,t_iut,11499,0.5639874671087276,0.0389908256880734,0.0541444454487932,p_t_iut
m6_seasonal,0.05,0.3,composite,z_plus_softmax,11210,0.5830348867999471,0.3452380952380952,0.2194624652455978,p_z_plus_softmax
m6_seasonal,0.05,0.3,composite,z_plus_orth,11210,0.5700757976962796,0.3285714285714285,0.2278962001853568,p_z_plus_orth
m6_seasonal,0.1,0.05,detector,z1,10629,0.4708373205021348,0.1502463054187192,0.1690944280330039,
m6_seasonal,0.1,0.05,detector,z2,11287,0.598284601703756,0.1765375854214123,0.133250072053031,
m6_seasonal,0.1,0.05,detector,z3,9327,0.4734939090464879,0.0673712021136063,0.0515752625437572,
m6_seasonal,0.1,0.05,detector,z4,11499,0.4398369044900374,0.0946547884187082,0.223563814734459,
m6_seasonal,0.1,0.05,detector,z6,10453,0.5174734966557335,0.1941624365482233,0.2031039834454216,
m6_seasonal,0.1,0.05,detector,z8,5391,0.5279852700588568,0.0334728033472803,0.0498676979442295,
m6_seasonal,0.1,0.05,detector,z57,11386,0.4660904323711599,0.3481228668941979,0.4027790996478538,
m6_seasonal,0.1,0.05,composite,z_plus,11499,0.4510140972959436,0.143652561247216,0.1985661730025469,p_z_plus
m6_seasonal,0.1,0.05,composite,z_plus_renorm,11214,0.4455646081094686,0.1239954075774971,0.2274001740307454,p_z_plus_renorm
m6_seasonal,0.1,0.05,composite,breadth,11499,0.4801670179032989,0.0089086859688195,0.0042448825582492,p_breadth
m6_seasonal,0.1,0.05,composite,z_mahalanobis_sq,5389,0.4098377904950802,0.2845188284518828,0.4039910405212787,p_z_mahalanobis_sq
m6_seasonal,0.1,0.05,composite,t_iut,11499,0.606960378364944,0.0913140311804008,0.0507499292519573,p_t_iut
m6_seasonal,0.1,0.05,composite,z_plus_softmax,11214,0.4413608076500709,0.1504018369690011,0.2309774726868413,p_z_plus_softmax
m6_seasonal,0.1,0.05,composite,z_plus_orth,11214,0.441081412710505,0.1389207807118254,0.2403557961906603,p_z_plus_orth
m6_seasonal,0.1,0.1,detector,z1,10629,0.4708373205021348,0.1502463054187192,0.1690944280330039,
m6_seasonal,0.1,0.1,detector,z2,11287,0.598284601703756,0.1765375854214123,0.133250072053031,
m6_seasonal,0.1,0.1,detector,z3,9327,0.4734939090464879,0.0673712021136063,0.0515752625437572,
m6_seasonal,0.1,0.1,detector,z4,11499,0.4398369044900374,0.0946547884187082,0.223563814734459,
m6_seasonal,0.1,0.1,detector,z6,10453,0.5174734966557335,0.1941624365482233,0.2031039834454216,
m6_seasonal,0.1,0.1,detector,z8,5391,0.5279852700588568,0.0334728033472803,0.0498676979442295,
m6_seasonal,0.1,0.1,detector,z57,11386,0.4660904323711599,0.3481228668941979,0.4027790996478538,
m6_seasonal,0.1,0.1,composite,z_plus,11499,0.4510140972959436,0.143652561247216,0.1985661730025469,p_z_plus
m6_seasonal,0.1,0.1,composite,z_plus_renorm,11214,0.4455646081094686,0.1239954075774971,0.2274001740307454,p_z_plus_renorm
m6_seasonal,0.1,0.1,composite,breadth,11499,0.4801670179032989,0.0089086859688195,0.0042448825582492,p_breadth
m6_seasonal,0.1,0.1,composite,z_mahalanobis_sq,5389,0.4098377904950802,0.2845188284518828,0.4039910405212787,p_z_mahalanobis_sq
m6_seasonal,0.1,0.1,composite,t_iut,11499,0.606960378364944,0.0913140311804008,0.0507499292519573,p_t_iut
m6_seasonal,0.1,0.1,composite,z_plus_softmax,11214,0.4413608076500709,0.1504018369690011,0.2309774726868413,p_z_plus_softmax
m6_seasonal,0.1,0.1,composite,z_plus_orth,11214,0.441081412710505,0.1389207807118254,0.2403557961906603,p_z_plus_orth
m6_seasonal,0.1,0.15,detector,z1,10629,0.4708373205021348,0.1502463054187192,0.1690944280330039,
m6_seasonal,0.1,0.15,detector,z2,11287,0.598284601703756,0.1765375854214123,0.133250072053031,
m6_seasonal,0.1,0.15,detector,z3,9327,0.4734939090464879,0.0673712021136063,0.0515752625437572,
m6_seasonal,0.1,0.15,detector,z4,11499,0.4398369044900374,0.0946547884187082,0.223563814734459,
m6_seasonal,0.1,0.15,detector,z6,10453,0.5174734966557335,0.1941624365482233,0.2031039834454216,
m6_seasonal,0.1,0.15,detector,z8,5391,0.5279852700588568,0.0334728033472803,0.0498676979442295,
m6_seasonal,0.1,0.15,detector,z57,11386,0.4660904323711599,0.3481228668941979,0.4027790996478538,
m6_seasonal,0.1,0.15,composite,z_plus,11499,0.4510140972959436,0.143652561247216,0.1985661730025469,p_z_plus
m6_seasonal,0.1,0.15,composite,z_plus_renorm,11214,0.4455646081094686,0.1239954075774971,0.2274001740307454,p_z_plus_renorm
m6_seasonal,0.1,0.15,composite,breadth,11499,0.4801670179032989,0.0089086859688195,0.0042448825582492,p_breadth
m6_seasonal,0.1,0.15,composite,z_mahalanobis_sq,5389,0.4098377904950802,0.2845188284518828,0.4039910405212787,p_z_mahalanobis_sq
m6_seasonal,0.1,0.15,composite,t_iut,11499,0.606960378364944,0.0913140311804008,0.0507499292519573,p_t_iut
m6_seasonal,0.1,0.15,composite,z_plus_softmax,11214,0.4413608076500709,0.1504018369690011,0.2309774726868413,p_z_plus_softmax
m6_seasonal,0.1,0.15,composite,z_plus_orth,11214,0.441081412710505,0.1389207807118254,0.2403557961906603,p_z_plus_orth
m6_seasonal,0.1,0.2,detector,z1,10629,0.4708373205021348,0.1502463054187192,0.1690944280330039,
m6_seasonal,0.1,0.2,detector,z2,11287,0.598284601703756,0.1765375854214123,0.133250072053031,
m6_seasonal,0.1,0.2,detector,z3,9327,0.4734939090464879,0.0673712021136063,0.0515752625437572,
m6_seasonal,0.1,0.2,detector,z4,11499,0.4398369044900374,0.0946547884187082,0.223563814734459,
m6_seasonal,0.1,0.2,detector,z6,10453,0.5174734966557335,0.1941624365482233,0.2031039834454216,
m6_seasonal,0.1,0.2,detector,z8,5391,0.5279852700588568,0.0334728033472803,0.0498676979442295,
m6_seasonal,0.1,0.2,detector,z57,11386,0.4660904323711599,0.3481228668941979,0.4027790996478538,
m6_seasonal,0.1,0.2,composite,z_plus,11499,0.4510140972959436,0.143652561247216,0.1985661730025469,p_z_plus
m6_seasonal,0.1,0.2,composite,z_plus_renorm,11214,0.4455646081094686,0.1239954075774971,0.2274001740307454,p_z_plus_renorm
m6_seasonal,0.1,0.2,composite,breadth,11499,0.4801670179032989,0.0089086859688195,0.0042448825582492,p_breadth
m6_seasonal,0.1,0.2,composite,z_mahalanobis_sq,5389,0.4098377904950802,0.2845188284518828,0.4039910405212787,p_z_mahalanobis_sq
m6_seasonal,0.1,0.2,composite,t_iut,11499,0.606960378364944,0.0913140311804008,0.0507499292519573,p_t_iut
m6_seasonal,0.1,0.2,composite,z_plus_softmax,11214,0.4413608076500709,0.1504018369690011,0.2309774726868413,p_z_plus_softmax
m6_seasonal,0.1,0.2,composite,z_plus_orth,11214,0.441081412710505,0.1389207807118254,0.2403557961906603,p_z_plus_orth
m6_seasonal,0.1,0.3,detector,z1,10629,0.4708373205021348,0.1502463054187192,0.1690944280330039,
m6_seasonal,0.1,0.3,detector,z2,11287,0.598284601703756,0.1765375854214123,0.133250072053031,
m6_seasonal,0.1,0.3,detector,z3,9327,0.4734939090464879,0.0673712021136063,0.0515752625437572,
m6_seasonal,0.1,0.3,detector,z4,11499,0.4398369044900374,0.0946547884187082,0.223563814734459,
m6_seasonal,0.1,0.3,detector,z6,10453,0.5174734966557335,0.1941624365482233,0.2031039834454216,
m6_seasonal,0.1,0.3,detector,z8,5391,0.5279852700588568,0.0334728033472803,0.0498676979442295,
m6_seasonal,0.1,0.3,detector,z57,11386,0.4660904323711599,0.3481228668941979,0.4027790996478538,
m6_seasonal,0.1,0.3,composite,z_plus,11499,0.4510140972959436,0.143652561247216,0.1985661730025469,p_z_plus
m6_seasonal,0.1,0.3,composite,z_plus_renorm,11214,0.4455646081094686,0.1239954075774971,0.2274001740307454,p_z_plus_renorm
m6_seasonal,0.1,0.3,composite,breadth,11499,0.4801670179032989,0.0089086859688195,0.0042448825582492,p_breadth
m6_seasonal,0.1,0.3,composite,z_mahalanobis_sq,5389,0.4098377904950802,0.2845188284518828,0.4039910405212787,p_z_mahalanobis_sq
m6_seasonal,0.1,0.3,composite,t_iut,11499,0.606960378364944,0.0913140311804008,0.0507499292519573,p_t_iut
m6_seasonal,0.1,0.3,composite,z_plus_softmax,11214,0.4413608076500709,0.1504018369690011,0.2309774726868413,p_z_plus_softmax
m6_seasonal,0.1,0.3,composite,z_plus_orth,11214,0.441081412710505,0.1389207807118254,0.2403557961906603,p_z_plus_orth
abn_disx_full,0.01,0.05,detector,z1,10629,,,0.1675604478314046,
abn_disx_full,0.01,0.05,detector,z2,11287,,,0.1362629573846017,
abn_disx_full,0.01,0.05,detector,z3,9327,,,0.0528572960223008,
abn_disx_full,0.01,0.05,detector,z4,11499,,,0.2134968258109401,
abn_disx_full,0.01,0.05,detector,z6,10453,,,0.2044389170573041,
abn_disx_full,0.01,0.05,detector,z8,5391,,,0.0484140233722871,
abn_disx_full,0.01,0.05,detector,z57,11386,,,0.3898647461795187,
abn_disx_full,0.01,0.05,composite,z_plus,11499,,,0.1942777632837638,p_z_plus
abn_disx_full,0.01,0.05,composite,z_plus_renorm,11211,,,0.2201409330122201,p_z_plus_renorm
abn_disx_full,0.01,0.05,composite,breadth,11499,,,0.0045221323593355,p_breadth
abn_disx_full,0.01,0.05,composite,z_mahalanobis_sq,5389,,,0.3954351456670996,p_z_mahalanobis_sq
abn_disx_full,0.01,0.05,composite,t_iut,11499,,,0.0537438038090268,p_t_iut
abn_disx_full,0.01,0.05,composite,z_plus_softmax,11211,,,0.2245116403532245,p_z_plus_softmax
abn_disx_full,0.01,0.05,composite,z_plus_orth,11211,,,0.232004281509232,p_z_plus_orth
abn_disx_full,0.01,0.1,detector,z1,10629,,,0.1675604478314046,
abn_disx_full,0.01,0.1,detector,z2,11287,,,0.1362629573846017,
abn_disx_full,0.01,0.1,detector,z3,9327,,,0.0528572960223008,
abn_disx_full,0.01,0.1,detector,z4,11499,,,0.2134968258109401,
abn_disx_full,0.01,0.1,detector,z6,10453,,,0.2044389170573041,
abn_disx_full,0.01,0.1,detector,z8,5391,,,0.0484140233722871,
abn_disx_full,0.01,0.1,detector,z57,11386,,,0.3898647461795187,
abn_disx_full,0.01,0.1,composite,z_plus,11499,,,0.1942777632837638,p_z_plus
abn_disx_full,0.01,0.1,composite,z_plus_renorm,11211,,,0.2201409330122201,p_z_plus_renorm
abn_disx_full,0.01,0.1,composite,breadth,11499,,,0.0045221323593355,p_breadth
abn_disx_full,0.01,0.1,composite,z_mahalanobis_sq,5389,,,0.3954351456670996,p_z_mahalanobis_sq
abn_disx_full,0.01,0.1,composite,t_iut,11499,,,0.0537438038090268,p_t_iut
abn_disx_full,0.01,0.1,composite,z_plus_softmax,11211,,,0.2245116403532245,p_z_plus_softmax
abn_disx_full,0.01,0.1,composite,z_plus_orth,11211,,,0.232004281509232,p_z_plus_orth
abn_disx_full,0.01,0.15,detector,z1,10629,,,0.1675604478314046,
abn_disx_full,0.01,0.15,detector,z2,11287,,,0.1362629573846017,
abn_disx_full,0.01,0.15,detector,z3,9327,,,0.0528572960223008,
abn_disx_full,0.01,0.15,detector,z4,11499,,,0.2134968258109401,
abn_disx_full,0.01,0.15,detector,z6,10453,,,0.2044389170573041,
abn_disx_full,0.01,0.15,detector,z8,5391,,,0.0484140233722871,
abn_disx_full,0.01,0.15,detector,z57,11386,,,0.3898647461795187,
abn_disx_full,0.01,0.15,composite,z_plus,11499,,,0.1942777632837638,p_z_plus
abn_disx_full,0.01,0.15,composite,z_plus_renorm,11211,,,0.2201409330122201,p_z_plus_renorm
abn_disx_full,0.01,0.15,composite,breadth,11499,,,0.0045221323593355,p_breadth
abn_disx_full,0.01,0.15,composite,z_mahalanobis_sq,5389,,,0.3954351456670996,p_z_mahalanobis_sq
abn_disx_full,0.01,0.15,composite,t_iut,11499,,,0.0537438038090268,p_t_iut
abn_disx_full,0.01,0.15,composite,z_plus_softmax,11211,,,0.2245116403532245,p_z_plus_softmax
abn_disx_full,0.01,0.15,composite,z_plus_orth,11211,,,0.232004281509232,p_z_plus_orth
abn_disx_full,0.01,0.2,detector,z1,10629,,,0.1675604478314046,
abn_disx_full,0.01,0.2,detector,z2,11287,,,0.1362629573846017,
abn_disx_full,0.01,0.2,detector,z3,9327,,,0.0528572960223008,
abn_disx_full,0.01,0.2,detector,z4,11499,,,0.2134968258109401,
abn_disx_full,0.01,0.2,detector,z6,10453,,,0.2044389170573041,
abn_disx_full,0.01,0.2,detector,z8,5391,,,0.0484140233722871,
abn_disx_full,0.01,0.2,detector,z57,11386,,,0.3898647461795187,
abn_disx_full,0.01,0.2,composite,z_plus,11499,,,0.1942777632837638,p_z_plus
abn_disx_full,0.01,0.2,composite,z_plus_renorm,11211,,,0.2201409330122201,p_z_plus_renorm
abn_disx_full,0.01,0.2,composite,breadth,11499,,,0.0045221323593355,p_breadth
abn_disx_full,0.01,0.2,composite,z_mahalanobis_sq,5389,,,0.3954351456670996,p_z_mahalanobis_sq
abn_disx_full,0.01,0.2,composite,t_iut,11499,,,0.0537438038090268,p_t_iut
abn_disx_full,0.01,0.2,composite,z_plus_softmax,11211,,,0.2245116403532245,p_z_plus_softmax
abn_disx_full,0.01,0.2,composite,z_plus_orth,11211,,,0.232004281509232,p_z_plus_orth
abn_disx_full,0.01,0.3,detector,z1,10629,,,0.1675604478314046,
abn_disx_full,0.01,0.3,detector,z2,11287,,,0.1362629573846017,
abn_disx_full,0.01,0.3,detector,z3,9327,,,0.0528572960223008,
abn_disx_full,0.01,0.3,detector,z4,11499,,,0.2134968258109401,
abn_disx_full,0.01,0.3,detector,z6,10453,,,0.2044389170573041,
abn_disx_full,0.01,0.3,detector,z8,5391,,,0.0484140233722871,
abn_disx_full,0.01,0.3,detector,z57,11386,,,0.3898647461795187,
abn_disx_full,0.01,0.3,composite,z_plus,11499,,,0.1942777632837638,p_z_plus
abn_disx_full,0.01,0.3,composite,z_plus_renorm,11211,,,0.2201409330122201,p_z_plus_renorm
abn_disx_full,0.01,0.3,composite,breadth,11499,,,0.0045221323593355,p_breadth
abn_disx_full,0.01,0.3,composite,z_mahalanobis_sq,5389,,,0.3954351456670996,p_z_mahalanobis_sq
abn_disx_full,0.01,0.3,composite,t_iut,11499,,,0.0537438038090268,p_t_iut
abn_disx_full,0.01,0.3,composite,z_plus_softmax,11211,,,0.2245116403532245,p_z_plus_softmax
abn_disx_full,0.01,0.3,composite,z_plus_orth,11211,,,0.232004281509232,p_z_plus_orth
abn_disx_full,0.05,0.05,detector,z1,10629,,,0.1675604478314046,
abn_disx_full,0.05,0.05,detector,z2,11287,,,0.1362629573846017,
abn_disx_full,0.05,0.05,detector,z3,9327,,,0.0528572960223008,
abn_disx_full,0.05,0.05,detector,z4,11499,,,0.2134968258109401,
abn_disx_full,0.05,0.05,detector,z6,10453,,,0.2044389170573041,
abn_disx_full,0.05,0.05,detector,z8,5391,,,0.0484140233722871,
abn_disx_full,0.05,0.05,detector,z57,11386,,,0.3898647461795187,
abn_disx_full,0.05,0.05,composite,z_plus,11499,,,0.1942777632837638,p_z_plus
abn_disx_full,0.05,0.05,composite,z_plus_renorm,11211,,,0.2201409330122201,p_z_plus_renorm
abn_disx_full,0.05,0.05,composite,breadth,11499,,,0.0045221323593355,p_breadth
abn_disx_full,0.05,0.05,composite,z_mahalanobis_sq,5389,,,0.3954351456670996,p_z_mahalanobis_sq
abn_disx_full,0.05,0.05,composite,t_iut,11499,,,0.0537438038090268,p_t_iut
abn_disx_full,0.05,0.05,composite,z_plus_softmax,11211,,,0.2245116403532245,p_z_plus_softmax
abn_disx_full,0.05,0.05,composite,z_plus_orth,11211,,,0.232004281509232,p_z_plus_orth
abn_disx_full,0.05,0.1,detector,z1,10629,,,0.1675604478314046,
abn_disx_full,0.05,0.1,detector,z2,11287,,,0.1362629573846017,
abn_disx_full,0.05,0.1,detector,z3,9327,,,0.0528572960223008,
abn_disx_full,0.05,0.1,detector,z4,11499,,,0.2134968258109401,
abn_disx_full,0.05,0.1,detector,z6,10453,,,0.2044389170573041,
abn_disx_full,0.05,0.1,detector,z8,5391,,,0.0484140233722871,
abn_disx_full,0.05,0.1,detector,z57,11386,,,0.3898647461795187,
abn_disx_full,0.05,0.1,composite,z_plus,11499,,,0.1942777632837638,p_z_plus
abn_disx_full,0.05,0.1,composite,z_plus_renorm,11211,,,0.2201409330122201,p_z_plus_renorm
abn_disx_full,0.05,0.1,composite,breadth,11499,,,0.0045221323593355,p_breadth
abn_disx_full,0.05,0.1,composite,z_mahalanobis_sq,5389,,,0.3954351456670996,p_z_mahalanobis_sq
abn_disx_full,0.05,0.1,composite,t_iut,11499,,,0.0537438038090268,p_t_iut
abn_disx_full,0.05,0.1,composite,z_plus_softmax,11211,,,0.2245116403532245,p_z_plus_softmax
abn_disx_full,0.05,0.1,composite,z_plus_orth,11211,,,0.232004281509232,p_z_plus_orth
abn_disx_full,0.05,0.15,detector,z1,10629,,,0.1675604478314046,
abn_disx_full,0.05,0.15,detector,z2,11287,,,0.1362629573846017,
abn_disx_full,0.05,0.15,detector,z3,9327,,,0.0528572960223008,
abn_disx_full,0.05,0.15,detector,z4,11499,,,0.2134968258109401,
abn_disx_full,0.05,0.15,detector,z6,10453,,,0.2044389170573041,
abn_disx_full,0.05,0.15,detector,z8,5391,,,0.0484140233722871,
abn_disx_full,0.05,0.15,detector,z57,11386,,,0.3898647461795187,
abn_disx_full,0.05,0.15,composite,z_plus,11499,,,0.1942777632837638,p_z_plus
abn_disx_full,0.05,0.15,composite,z_plus_renorm,11211,,,0.2201409330122201,p_z_plus_renorm
abn_disx_full,0.05,0.15,composite,breadth,11499,,,0.0045221323593355,p_breadth
abn_disx_full,0.05,0.15,composite,z_mahalanobis_sq,5389,,,0.3954351456670996,p_z_mahalanobis_sq
abn_disx_full,0.05,0.15,composite,t_iut,11499,,,0.0537438038090268,p_t_iut
abn_disx_full,0.05,0.15,composite,z_plus_softmax,11211,,,0.2245116403532245,p_z_plus_softmax
abn_disx_full,0.05,0.15,composite,z_plus_orth,11211,,,0.232004281509232,p_z_plus_orth
abn_disx_full,0.05,0.2,detector,z1,10629,,,0.1675604478314046,
abn_disx_full,0.05,0.2,detector,z2,11287,,,0.1362629573846017,
abn_disx_full,0.05,0.2,detector,z3,9327,,,0.0528572960223008,
abn_disx_full,0.05,0.2,detector,z4,11499,,,0.2134968258109401,
abn_disx_full,0.05,0.2,detector,z6,10453,,,0.2044389170573041,
abn_disx_full,0.05,0.2,detector,z8,5391,,,0.0484140233722871,
abn_disx_full,0.05,0.2,detector,z57,11386,,,0.3898647461795187,
abn_disx_full,0.05,0.2,composite,z_plus,11499,,,0.1942777632837638,p_z_plus
abn_disx_full,0.05,0.2,composite,z_plus_renorm,11211,,,0.2201409330122201,p_z_plus_renorm
abn_disx_full,0.05,0.2,composite,breadth,11499,,,0.0045221323593355,p_breadth
abn_disx_full,0.05,0.2,composite,z_mahalanobis_sq,5389,,,0.3954351456670996,p_z_mahalanobis_sq
abn_disx_full,0.05,0.2,composite,t_iut,11499,,,0.0537438038090268,p_t_iut
abn_disx_full,0.05,0.2,composite,z_plus_softmax,11211,,,0.2245116403532245,p_z_plus_softmax
abn_disx_full,0.05,0.2,composite,z_plus_orth,11211,,,0.232004281509232,p_z_plus_orth
abn_disx_full,0.05,0.3,detector,z1,10629,,,0.1675604478314046,
abn_disx_full,0.05,0.3,detector,z2,11287,,,0.1362629573846017,
abn_disx_full,0.05,0.3,detector,z3,9327,,,0.0528572960223008,
abn_disx_full,0.05,0.3,detector,z4,11499,,,0.2134968258109401,
abn_disx_full,0.05,0.3,detector,z6,10453,,,0.2044389170573041,
abn_disx_full,0.05,0.3,detector,z8,5391,,,0.0484140233722871,
abn_disx_full,0.05,0.3,detector,z57,11386,,,0.3898647461795187,
abn_disx_full,0.05,0.3,composite,z_plus,11499,,,0.1942777632837638,p_z_plus
abn_disx_full,0.05,0.3,composite,z_plus_renorm,11211,,,0.2201409330122201,p_z_plus_renorm
abn_disx_full,0.05,0.3,composite,breadth,11499,,,0.0045221323593355,p_breadth
abn_disx_full,0.05,0.3,composite,z_mahalanobis_sq,5389,,,0.3954351456670996,p_z_mahalanobis_sq
abn_disx_full,0.05,0.3,composite,t_iut,11499,,,0.0537438038090268,p_t_iut
abn_disx_full,0.05,0.3,composite,z_plus_softmax,11211,,,0.2245116403532245,p_z_plus_softmax
abn_disx_full,0.05,0.3,composite,z_plus_orth,11211,,,0.232004281509232,p_z_plus_orth
abn_disx_full,0.1,0.05,detector,z1,10629,,,0.1675604478314046,
abn_disx_full,0.1,0.05,detector,z2,11287,,,0.1362629573846017,
abn_disx_full,0.1,0.05,detector,z3,9327,,,0.0528572960223008,
abn_disx_full,0.1,0.05,detector,z4,11499,,,0.2134968258109401,
abn_disx_full,0.1,0.05,detector,z6,10453,,,0.2044389170573041,
abn_disx_full,0.1,0.05,detector,z8,5391,,,0.0484140233722871,
abn_disx_full,0.1,0.05,detector,z57,11386,,,0.3898647461795187,
abn_disx_full,0.1,0.05,composite,z_plus,11499,,,0.1942777632837638,p_z_plus
abn_disx_full,0.1,0.05,composite,z_plus_renorm,11211,,,0.2201409330122201,p_z_plus_renorm
abn_disx_full,0.1,0.05,composite,breadth,11499,,,0.0045221323593355,p_breadth
abn_disx_full,0.1,0.05,composite,z_mahalanobis_sq,5389,,,0.3954351456670996,p_z_mahalanobis_sq
abn_disx_full,0.1,0.05,composite,t_iut,11499,,,0.0537438038090268,p_t_iut
abn_disx_full,0.1,0.05,composite,z_plus_softmax,11211,,,0.2245116403532245,p_z_plus_softmax
abn_disx_full,0.1,0.05,composite,z_plus_orth,11211,,,0.232004281509232,p_z_plus_orth
abn_disx_full,0.1,0.1,detector,z1,10629,,,0.1675604478314046,
abn_disx_full,0.1,0.1,detector,z2,11287,,,0.1362629573846017,
abn_disx_full,0.1,0.1,detector,z3,9327,,,0.0528572960223008,
abn_disx_full,0.1,0.1,detector,z4,11499,,,0.2134968258109401,
abn_disx_full,0.1,0.1,detector,z6,10453,,,0.2044389170573041,
abn_disx_full,0.1,0.1,detector,z8,5391,,,0.0484140233722871,
abn_disx_full,0.1,0.1,detector,z57,11386,,,0.3898647461795187,
abn_disx_full,0.1,0.1,composite,z_plus,11499,,,0.1942777632837638,p_z_plus
abn_disx_full,0.1,0.1,composite,z_plus_renorm,11211,,,0.2201409330122201,p_z_plus_renorm
abn_disx_full,0.1,0.1,composite,breadth,11499,,,0.0045221323593355,p_breadth
abn_disx_full,0.1,0.1,composite,z_mahalanobis_sq,5389,,,0.3954351456670996,p_z_mahalanobis_sq
abn_disx_full,0.1,0.1,composite,t_iut,11499,,,0.0537438038090268,p_t_iut
abn_disx_full,0.1,0.1,composite,z_plus_softmax,11211,,,0.2245116403532245,p_z_plus_softmax
abn_disx_full,0.1,0.1,composite,z_plus_orth,11211,,,0.232004281509232,p_z_plus_orth
abn_disx_full,0.1,0.15,detector,z1,10629,,,0.1675604478314046,
abn_disx_full,0.1,0.15,detector,z2,11287,,,0.1362629573846017,
abn_disx_full,0.1,0.15,detector,z3,9327,,,0.0528572960223008,
abn_disx_full,0.1,0.15,detector,z4,11499,,,0.2134968258109401,
abn_disx_full,0.1,0.15,detector,z6,10453,,,0.2044389170573041,
abn_disx_full,0.1,0.15,detector,z8,5391,,,0.0484140233722871,
abn_disx_full,0.1,0.15,detector,z57,11386,,,0.3898647461795187,
abn_disx_full,0.1,0.15,composite,z_plus,11499,,,0.1942777632837638,p_z_plus
abn_disx_full,0.1,0.15,composite,z_plus_renorm,11211,,,0.2201409330122201,p_z_plus_renorm
abn_disx_full,0.1,0.15,composite,breadth,11499,,,0.0045221323593355,p_breadth
abn_disx_full,0.1,0.15,composite,z_mahalanobis_sq,5389,,,0.3954351456670996,p_z_mahalanobis_sq
abn_disx_full,0.1,0.15,composite,t_iut,11499,,,0.0537438038090268,p_t_iut
abn_disx_full,0.1,0.15,composite,z_plus_softmax,11211,,,0.2245116403532245,p_z_plus_softmax
abn_disx_full,0.1,0.15,composite,z_plus_orth,11211,,,0.232004281509232,p_z_plus_orth
abn_disx_full,0.1,0.2,detector,z1,10629,,,0.1675604478314046,
abn_disx_full,0.1,0.2,detector,z2,11287,,,0.1362629573846017,
abn_disx_full,0.1,0.2,detector,z3,9327,,,0.0528572960223008,
abn_disx_full,0.1,0.2,detector,z4,11499,,,0.2134968258109401,
abn_disx_full,0.1,0.2,detector,z6,10453,,,0.2044389170573041,
abn_disx_full,0.1,0.2,detector,z8,5391,,,0.0484140233722871,
abn_disx_full,0.1,0.2,detector,z57,11386,,,0.3898647461795187,
abn_disx_full,0.1,0.2,composite,z_plus,11499,,,0.1942777632837638,p_z_plus
abn_disx_full,0.1,0.2,composite,z_plus_renorm,11211,,,0.2201409330122201,p_z_plus_renorm
abn_disx_full,0.1,0.2,composite,breadth,11499,,,0.0045221323593355,p_breadth
abn_disx_full,0.1,0.2,composite,z_mahalanobis_sq,5389,,,0.3954351456670996,p_z_mahalanobis_sq
abn_disx_full,0.1,0.2,composite,t_iut,11499,,,0.0537438038090268,p_t_iut
abn_disx_full,0.1,0.2,composite,z_plus_softmax,11211,,,0.2245116403532245,p_z_plus_softmax
abn_disx_full,0.1,0.2,composite,z_plus_orth,11211,,,0.232004281509232,p_z_plus_orth
abn_disx_full,0.1,0.3,detector,z1,10629,,,0.1675604478314046,
abn_disx_full,0.1,0.3,detector,z2,11287,,,0.1362629573846017,
abn_disx_full,0.1,0.3,detector,z3,9327,,,0.0528572960223008,
abn_disx_full,0.1,0.3,detector,z4,11499,,,0.2134968258109401,
abn_disx_full,0.1,0.3,detector,z6,10453,,,0.2044389170573041,
abn_disx_full,0.1,0.3,detector,z8,5391,,,0.0484140233722871,
abn_disx_full,0.1,0.3,detector,z57,11386,,,0.3898647461795187,
abn_disx_full,0.1,0.3,composite,z_plus,11499,,,0.1942777632837638,p_z_plus
abn_disx_full,0.1,0.3,composite,z_plus_renorm,11211,,,0.2201409330122201,p_z_plus_renorm
abn_disx_full,0.1,0.3,composite,breadth,11499,,,0.0045221323593355,p_breadth
abn_disx_full,0.1,0.3,composite,z_mahalanobis_sq,5389,,,0.3954351456670996,p_z_mahalanobis_sq
abn_disx_full,0.1,0.3,composite,t_iut,11499,,,0.0537438038090268,p_t_iut
abn_disx_full,0.1,0.3,composite,z_plus_softmax,11211,,,0.2245116403532245,p_z_plus_softmax
abn_disx_full,0.1,0.3,composite,z_plus_orth,11211,,,0.232004281509232,p_z_plus_orth
abn_disx_partial,0.01,0.05,detector,z1,10629,0.418369330363474,0.0789473684210526,0.1687113647170708,
abn_disx_partial,0.01,0.05,detector,z2,11287,0.6107427680451465,0.1491228070175438,0.1360422446970375,
abn_disx_partial,0.01,0.05,detector,z3,9327,0.4257194734366579,0.0701754385964912,0.0526430044502333,
abn_disx_partial,0.01,0.05,detector,z4,11499,0.4992156500165653,0.1491228070175438,0.2141414141414141,
abn_disx_partial,0.01,0.05,detector,z6,10453,0.5189957378339981,0.2300884955752212,0.2041586073500967,
abn_disx_partial,0.01,0.05,detector,z8,5391,0.4901214688357093,0.0365853658536585,0.0485967225466189,
abn_disx_partial,0.01,0.05,detector,z57,11386,0.5001249019461358,0.3684210526315789,0.3900816181689141,
abn_disx_partial,0.01,0.05,composite,z_plus,11499,0.5005262387413417,0.1929824561403508,0.194115063680281,p_z_plus
abn_disx_partial,0.01,0.05,composite,z_plus_renorm,11211,0.4679169938089661,0.1785714285714285,0.2207406072619155,p_z_plus_renorm
abn_disx_partial,0.01,0.05,composite,breadth,11499,0.5399737265869989,0.0087719298245614,0.0044795783926218,p_breadth
abn_disx_partial,0.01,0.05,composite,z_mahalanobis_sq,5389,0.4262203164711127,0.3292682926829268,0.3968343697003957,p_z_mahalanobis_sq
abn_disx_partial,0.01,0.05,composite,t_iut,11499,0.5977894890938369,0.043859649122807,0.053227931488801,p_t_iut
abn_disx_partial,0.01,0.05,composite,z_plus_softmax,11211,0.4665381694618563,0.2142857142857142,0.2247049283719254,p_z_plus_softmax
abn_disx_partial,0.01,0.05,composite,z_plus_orth,11211,0.4641513714234229,0.2142857142857142,0.2321830795567168,p_z_plus_orth
abn_disx_partial,0.01,0.1,detector,z1,10629,0.4192986627291004,0.0789473684210526,0.1687113647170708,
abn_disx_partial,0.01,0.1,detector,z2,11287,0.6111101951603253,0.1491228070175438,0.1360422446970375,
abn_disx_partial,0.01,0.1,detector,z3,9327,0.4274509131833164,0.0701754385964912,0.0526430044502333,
abn_disx_partial,0.01,0.1,detector,z4,11499,0.4992156500165653,0.1491228070175438,0.2141414141414141,
abn_disx_partial,0.01,0.1,detector,z6,10453,0.5189957378339981,0.2300884955752212,0.2041586073500967,
abn_disx_partial,0.01,0.1,detector,z8,5391,0.4901214688357093,0.0365853658536585,0.0485967225466189,
abn_disx_partial,0.01,0.1,detector,z57,11386,0.5001249019461358,0.3684210526315789,0.3900816181689141,
abn_disx_partial,0.01,0.1,composite,z_plus,11499,0.5008475294516485,0.1929824561403508,0.194115063680281,p_z_plus
abn_disx_partial,0.01,0.1,composite,z_plus_renorm,11211,0.4683272624303348,0.1785714285714285,0.2206505090548698,p_z_plus_renorm
abn_disx_partial,0.01,0.1,composite,breadth,11499,0.5399868247694335,0.0087719298245614,0.0044795783926218,p_breadth
abn_disx_partial,0.01,0.1,composite,z_mahalanobis_sq,5389,0.4260663550671685,0.3292682926829268,0.3968343697003957,p_z_mahalanobis_sq
abn_disx_partial,0.01,0.1,composite,t_iut,11499,0.6012000246554022,0.043859649122807,0.053227931488801,p_t_iut
abn_disx_partial,0.01,0.1,composite,z_plus_softmax,11211,0.4666861879448599,0.2142857142857142,0.2247049283719254,p_z_plus_softmax
abn_disx_partial,0.01,0.1,composite,z_plus_orth,11211,0.4642881276305459,0.2232142857142857,0.2320929813496711,p_z_plus_orth
abn_disx_partial,0.01,0.15,detector,z1,10629,0.4190221154407654,0.0789473684210526,0.1686162624821683,
abn_disx_partial,0.01,0.15,detector,z2,11287,0.6118018688536432,0.1491228070175438,0.1359527432202631,
abn_disx_partial,0.01,0.15,detector,z3,9327,0.4295441605206982,0.0701754385964912,0.0526430044502333,
abn_disx_partial,0.01,0.15,detector,z4,11499,0.4992156500165653,0.1491228070175438,0.2141414141414141,
abn_disx_partial,0.01,0.15,detector,z6,10453,0.5189957378339981,0.2300884955752212,0.2041586073500967,
abn_disx_partial,0.01,0.15,detector,z8,5391,0.4901214688357093,0.0365853658536585,0.0485967225466189,
abn_disx_partial,0.01,0.15,detector,z57,11386,0.5001249019461358,0.3684210526315789,0.3900816181689141,
abn_disx_partial,0.01,0.15,composite,z_plus,11499,0.5010601822958802,0.1929824561403508,0.1939393939393939,p_z_plus
abn_disx_partial,0.01,0.15,composite,z_plus_renorm,11211,0.467813219981208,0.1785714285714285,0.2205604108478241,p_z_plus_renorm
abn_disx_partial,0.01,0.15,composite,breadth,11499,0.5417342764024686,0.0087719298245614,0.0044795783926218,p_breadth
abn_disx_partial,0.01,0.15,composite,z_mahalanobis_sq,5389,0.4256940901800199,0.3292682926829268,0.3966459393254192,p_z_mahalanobis_sq
abn_disx_partial,0.01,0.15,composite,t_iut,11499,0.6020710537873009,0.043859649122807,0.053227931488801,p_t_iut
abn_disx_partial,0.01,0.15,composite,z_plus_softmax,11211,0.4664882936686703,0.2142857142857142,0.2247049283719254,p_z_plus_softmax
abn_disx_partial,0.01,0.15,composite,z_plus_orth,11211,0.4640717310439808,0.2232142857142857,0.2320929813496711,p_z_plus_orth
abn_disx_partial,0.01,0.2,detector,z1,10629,0.4195097229521736,0.087719298245614,0.1687113647170708,
abn_disx_partial,0.01,0.2,detector,z2,11287,0.6138439157053108,0.1491228070175438,0.1358632417434887,
abn_disx_partial,0.01,0.2,detector,z3,9327,0.4308347662818176,0.0701754385964912,0.0526430044502333,
abn_disx_partial,0.01,0.2,detector,z4,11499,0.4992156500165653,0.1491228070175438,0.2141414141414141,
abn_disx_partial,0.01,0.2,detector,z6,10453,0.5189957378339981,0.2300884955752212,0.2041586073500967,
abn_disx_partial,0.01,0.2,detector,z8,5391,0.4901214688357093,0.0365853658536585,0.0485967225466189,
abn_disx_partial,0.01,0.2,detector,z57,11386,0.5001249019461358,0.3684210526315789,0.3900816181689141,
abn_disx_partial,0.01,0.2,composite,z_plus,11499,0.503816193976377,0.1929824561403508,0.1939393939393939,p_z_plus
abn_disx_partial,0.01,0.2,composite,z_plus_renorm,11210,0.4753873614131295,0.1801801801801801,0.2205604108478241,p_z_plus_renorm
abn_disx_partial,0.01,0.2,composite,breadth,11499,0.5413363228008536,0.0087719298245614,0.0044795783926218,p_breadth
abn_disx_partial,0.01,0.2,composite,z_mahalanobis_sq,5389,0.425528639119065,0.3292682926829268,0.3966459393254192,p_z_mahalanobis_sq
abn_disx_partial,0.01,0.2,composite,t_iut,11499,0.6025568422593595,0.043859649122807,0.0537549407114624,p_t_iut
abn_disx_partial,0.01,0.2,composite,z_plus_softmax,11210,0.4752672304704019,0.2162162162162162,0.2248851247860167,p_z_plus_softmax
abn_disx_partial,0.01,0.2,composite,z_plus_orth,11210,0.4730439963343829,0.2252252252252252,0.2320028831426254,p_z_plus_orth
abn_disx_partial,0.01,0.3,detector,z1,10629,0.4151321003412,0.0789473684210526,0.1685211602472658,
abn_disx_partial,0.01,0.3,detector,z2,11287,0.6141850419479291,0.1491228070175438,0.1355947373131656,
abn_disx_partial,0.01,0.3,detector,z3,9327,0.4348360725976452,0.0701754385964912,0.0526430044502333,
abn_disx_partial,0.01,0.3,detector,z4,11499,0.4992156500165653,0.1491228070175438,0.2141414141414141,
abn_disx_partial,0.01,0.3,detector,z6,10453,0.5189957378339981,0.2300884955752212,0.2041586073500967,
abn_disx_partial,0.01,0.3,detector,z8,5391,0.4901214688357093,0.0365853658536585,0.0485967225466189,
abn_disx_partial,0.01,0.3,detector,z57,11386,0.5001249019461358,0.3684210526315789,0.3900816181689141,
abn_disx_partial,0.01,0.3,composite,z_plus,11499,0.5017120094923299,0.1929824561403508,0.1940272288098375,p_z_plus
abn_disx_partial,0.01,0.3,composite,z_plus_renorm,11210,0.4711628918764697,0.1801801801801801,0.2207406072619155,p_z_plus_renorm
abn_disx_partial,0.01,0.3,composite,breadth,11499,0.5452276387058995,0.0087719298245614,0.0045674132630654,p_breadth
abn_disx_partial,0.01,0.3,composite,z_mahalanobis_sq,5389,0.4260824405869836,0.3292682926829268,0.3966459393254192,p_z_mahalanobis_sq
abn_disx_partial,0.01,0.3,composite,t_iut,11499,0.6030564993951721,0.043859649122807,0.0534036012296881,p_t_iut
abn_disx_partial,0.01,0.3,composite,z_plus_softmax,11210,0.4701442139499622,0.2162162162162162,0.2249752229930624,p_z_plus_softmax
abn_disx_partial,0.01,0.3,composite,z_plus_orth,11210,0.468331697766782,0.2252252252252252,0.2320929813496711,p_z_plus_orth
abn_disx_partial,0.05,0.05,detector,z1,10629,0.4298722312063783,0.0868794326241134,0.1724788872329856,
abn_disx_partial,0.05,0.05,detector,z2,11287,0.641470391081076,0.2404181184668989,0.1306823485484924,
abn_disx_partial,0.05,0.05,detector,z3,9327,0.3870430088479371,0.0714285714285714,0.0516394379070033,
abn_disx_partial,0.05,0.05,detector,z4,11499,0.4812455050670153,0.1219512195121951,0.2183066361556064,
abn_disx_partial,0.05,0.05,detector,z6,10453,0.502785525444452,0.2320143884892086,0.2028897645751237,
abn_disx_partial,0.05,0.05,detector,z8,5391,0.5113001897075456,0.053050397877984,0.0480654168328679,
abn_disx_partial,0.05,0.05,detector,z57,11386,0.4497835834748073,0.3066202090592334,0.3942841287458379,
abn_disx_partial,0.05,0.05,composite,z_plus,11499,0.4843350688492174,0.1202090592334494,0.1983524027459954,p_z_plus
abn_disx_partial,0.05,0.05,composite,z_plus_renorm,11210,0.4641752407334125,0.143859649122807,0.2245300751879699,p_z_plus_renorm
abn_disx_partial,0.05,0.05,composite,breadth,11499,0.5198788062414785,0.0034843205574912,0.0044851258581235,p_breadth
abn_disx_partial,0.05,0.05,composite,z_mahalanobis_sq,5389,0.4073957250609148,0.2360742705570291,0.4072226656025539,p_z_mahalanobis_sq
abn_disx_partial,0.05,0.05,composite,t_iut,11499,0.5946414020204275,0.048780487804878,0.0539130434782608,p_t_iut
abn_disx_partial,0.05,0.05,composite,z_plus_softmax,11210,0.4645244690674053,0.143859649122807,0.2288533834586466,p_z_plus_softmax
abn_disx_partial,0.05,0.05,composite,z_plus_orth,11210,0.461490815855428,0.1298245614035087,0.2375,p_z_plus_orth
abn_disx_partial,0.05,0.1,detector,z1,10629,0.4305698245094826,0.0833333333333333,0.1720814704421261,
abn_disx_partial,0.05,0.1,detector,z2,11287,0.6415730050207651,0.2386759581881533,0.1306823485484924,
abn_disx_partial,0.05,0.1,detector,z3,9327,0.3889507669048063,0.0714285714285714,0.0516394379070033,
abn_disx_partial,0.05,0.1,detector,z4,11499,0.4812455050670153,0.1219512195121951,0.2183066361556064,
abn_disx_partial,0.05,0.1,detector,z6,10453,0.502785525444452,0.2320143884892086,0.2028897645751237,
abn_disx_partial,0.05,0.1,detector,z8,5391,0.5113001897075456,0.053050397877984,0.0480654168328679,
abn_disx_partial,0.05,0.1,detector,z57,11386,0.4497835834748073,0.3066202090592334,0.3942841287458379,
abn_disx_partial,0.05,0.1,composite,z_plus,11499,0.4835251437182564,0.1184668989547038,0.1983524027459954,p_z_plus
abn_disx_partial,0.05,0.1,composite,z_plus_renorm,11210,0.4627789869410367,0.143859649122807,0.2241541353383458,p_z_plus_renorm
abn_disx_partial,0.05,0.1,composite,breadth,11499,0.5205660226919366,0.0034843205574912,0.0045766590389016,p_breadth
abn_disx_partial,0.05,0.1,composite,z_mahalanobis_sq,5389,0.4058958764217866,0.2360742705570291,0.4072226656025539,p_z_mahalanobis_sq
abn_disx_partial,0.05,0.1,composite,t_iut,11499,0.5957838923926997,0.048780487804878,0.0537299771167048,p_t_iut
abn_disx_partial,0.05,0.1,composite,z_plus_softmax,11210,0.4632698522622345,0.1421052631578947,0.2287593984962406,p_z_plus_softmax
abn_disx_partial,0.05,0.1,composite,z_plus_orth,11210,0.4602602723915051,0.1280701754385965,0.2373120300751879,p_z_plus_orth
abn_disx_partial,0.05,0.15,detector,z1,10629,0.4284477139726529,0.0833333333333333,0.1723795330352707,
abn_disx_partial,0.05,0.15,detector,z2,11287,0.6419833794689509,0.2404181184668989,0.1306823485484924,
abn_disx_partial,0.05,0.15,detector,z3,9327,0.3907790101631656,0.0714285714285714,0.0516394379070033,
abn_disx_partial,0.05,0.15,detector,z4,11499,0.4812455050670153,0.1219512195121951,0.2183066361556064,
abn_disx_partial,0.05,0.15,detector,z6,10453,0.502785525444452,0.2320143884892086,0.2028897645751237,
abn_disx_partial,0.05,0.15,detector,z8,5391,0.5113001897075456,0.053050397877984,0.0480654168328679,
abn_disx_partial,0.05,0.15,detector,z57,11386,0.4497835834748073,0.3066202090592334,0.3942841287458379,
abn_disx_partial,0.05,0.15,composite,z_plus,11499,0.4833655187810459,0.1184668989547038,0.1985354691075515,p_z_plus
abn_disx_partial,0.05,0.15,composite,z_plus_renorm,11208,0.4625580919774525,0.1473684210526315,0.2241962774957698,p_z_plus_renorm
abn_disx_partial,0.05,0.15,composite,breadth,11499,0.5217855348870586,0.0034843205574912,0.0044851258581235,p_breadth
abn_disx_partial,0.05,0.15,composite,z_mahalanobis_sq,5389,0.405824959090226,0.2387267904509283,0.4078212290502793,p_z_mahalanobis_sq
abn_disx_partial,0.05,0.15,composite,t_iut,11499,0.5962820625264115,0.0522648083623693,0.0537299771167048,p_t_iut
abn_disx_partial,0.05,0.15,composite,z_plus_softmax,11208,0.4619660403122866,0.1403508771929824,0.2290844143636022,p_z_plus_softmax
abn_disx_partial,0.05,0.15,composite,z_plus_orth,11208,0.4590459392512113,0.1280701754385965,0.2370746380898665,p_z_plus_orth
abn_disx_partial,0.05,0.2,detector,z1,10629,0.4271237840561175,0.0797872340425532,0.1722801788375559,
abn_disx_partial,0.05,0.2,detector,z2,11287,0.6420255796549245,0.2386759581881533,0.1307756930831699,
abn_disx_partial,0.05,0.2,detector,z3,9327,0.3925079345618088,0.0714285714285714,0.0516394379070033,
abn_disx_partial,0.05,0.2,detector,z4,11499,0.4812455050670153,0.1219512195121951,0.2183066361556064,
abn_disx_partial,0.05,0.2,detector,z6,10453,0.502785525444452,0.2320143884892086,0.2028897645751237,
abn_disx_partial,0.05,0.2,detector,z8,5391,0.5113001897075456,0.053050397877984,0.0480654168328679,
abn_disx_partial,0.05,0.2,detector,z57,11386,0.4497835834748073,0.3066202090592334,0.3942841287458379,
abn_disx_partial,0.05,0.2,composite,z_plus,11499,0.4827723072261778,0.1167247386759581,0.1986270022883295,p_z_plus
abn_disx_partial,0.05,0.2,composite,z_plus_renorm,11208,0.4620122170438316,0.143859649122807,0.2241962774957698,p_z_plus_renorm
abn_disx_partial,0.05,0.2,composite,breadth,11499,0.521042505521492,0.0034843205574912,0.0044851258581235,p_breadth
abn_disx_partial,0.05,0.2,composite,z_mahalanobis_sq,5389,0.4055137696054667,0.2360742705570291,0.4078212290502793,p_z_mahalanobis_sq
abn_disx_partial,0.05,0.2,composite,t_iut,11499,0.5960316220030459,0.0505226480836236,0.0539130434782608,p_t_iut
abn_disx_partial,0.05,0.2,composite,z_plus_softmax,11208,0.4620233489344719,0.1403508771929824,0.2287084038353073,p_z_plus_softmax
abn_disx_partial,0.05,0.2,composite,z_plus_orth,11208,0.459255631087495,0.1298245614035087,0.2371686407219402,p_z_plus_orth
abn_disx_partial,0.05,0.3,detector,z1,10629,0.426214534603094,0.0815602836879432,0.1722801788375559,
abn_disx_partial,0.05,0.3,detector,z2,11287,0.6422408087344466,0.2386759581881533,0.1307756930831699,
abn_disx_partial,0.05,0.3,detector,z3,9327,0.3961986552345815,0.0714285714285714,0.0515251913629612,
abn_disx_partial,0.05,0.3,detector,z4,11499,0.4812455050670153,0.1219512195121951,0.2183066361556064,
abn_disx_partial,0.05,0.3,detector,z6,10453,0.502785525444452,0.2320143884892086,0.2028897645751237,
abn_disx_partial,0.05,0.3,detector,z8,5391,0.5113001897075456,0.053050397877984,0.0480654168328679,
abn_disx_partial,0.05,0.3,detector,z57,11386,0.4497835834748073,0.3066202090592334,0.3942841287458379,
abn_disx_partial,0.05,0.3,composite,z_plus,11499,0.4837021503918864,0.1167247386759581,0.1986270022883295,p_z_plus
abn_disx_partial,0.05,0.3,composite,z_plus_renorm,11216,0.4603689027926416,0.1418563922942206,0.223860967590418,p_z_plus_renorm
abn_disx_partial,0.05,0.3,composite,breadth,11499,0.5239246844576977,0.0052264808362369,0.0044851258581235,p_breadth
abn_disx_partial,0.05,0.3,composite,z_mahalanobis_sq,5389,0.4053274793016653,0.2360742705570291,0.4078212290502793,p_z_mahalanobis_sq
abn_disx_partial,0.05,0.3,composite,t_iut,11499,0.5975808290609876,0.0470383275261324,0.0527231121281464,p_t_iut
abn_disx_partial,0.05,0.3,composite,z_plus_softmax,11216,0.4616036240425975,0.138353765323993,0.2286519492719586,p_z_plus_softmax
abn_disx_partial,0.05,0.3,composite,z_plus_orth,11216,0.4589741037577149,0.1295971978984238,0.2364490371066228,p_z_plus_orth
abn_disx_partial,0.1,0.05,detector,z1,10629,0.4092338084959106,0.0761061946902654,0.1781240130540057,
abn_disx_partial,0.1,0.05,detector,z2,11287,0.6414192585408466,0.2214472537053182,0.126232741617357,
abn_disx_partial,0.1,0.05,detector,z3,9327,0.3986288465787611,0.0707423580786026,0.0503544365680762,
abn_disx_partial,0.1,0.05,detector,z4,11499,0.4856363334092431,0.1115954664341761,0.2247874806800618,
abn_disx_partial,0.1,0.05,detector,z6,10453,0.4963074222377306,0.2114695340501792,0.2035985862696797,
abn_disx_partial,0.1,0.05,detector,z8,5391,0.504522992332063,0.0519307589880159,0.0478448275862068,
abn_disx_partial,0.1,0.05,detector,z57,11386,0.459050063550881,0.3147340889276373,0.3982810821369274,
abn_disx_partial,0.1,0.05,composite,z_plus,11499,0.4781760496099629,0.1299040976460331,0.2012171561051004,p_z_plus
abn_disx_partial,0.1,0.05,composite,z_plus_renorm,11211,0.4547274579227178,0.1493848857644991,0.227439690261094,p_z_plus_renorm
abn_disx_partial,0.1,0.05,composite,breadth,11499,0.5237016647823971,0.003487358326068,0.0044435857805255,p_breadth
abn_disx_partial,0.1,0.05,composite,z_mahalanobis_sq,5389,0.3905960659612109,0.251664447403462,0.4191461836998706,p_z_mahalanobis_sq
abn_disx_partial,0.1,0.05,composite,t_iut,11499,0.6022499727129034,0.036617262423714,0.0553516228748068,p_t_iut
abn_disx_partial,0.1,0.05,composite,z_plus_softmax,11211,0.4499397369326936,0.1432337434094903,0.2337933088454283,p_z_plus_softmax
abn_disx_partial,0.1,0.05,composite,z_plus_orth,11211,0.4469770063422777,0.1353251318101933,0.2425295343988881,p_z_plus_orth
abn_disx_partial,0.1,0.1,detector,z1,10629,0.4088835620330784,0.0752212389380531,0.1777029160964312,
abn_disx_partial,0.1,0.1,detector,z2,11287,0.6404126019510634,0.2223190932868352,0.1264299802761341,
abn_disx_partial,0.1,0.1,detector,z3,9327,0.4001499724072119,0.0707423580786026,0.0503544365680762,
abn_disx_partial,0.1,0.1,detector,z4,11499,0.4856363334092431,0.1115954664341761,0.2247874806800618,
abn_disx_partial,0.1,0.1,detector,z6,10453,0.4963074222377306,0.2114695340501792,0.2035985862696797,
abn_disx_partial,0.1,0.1,detector,z8,5391,0.504522992332063,0.0519307589880159,0.0478448275862068,
abn_disx_partial,0.1,0.1,detector,z57,11386,0.459050063550881,0.3147340889276373,0.3982810821369274,
abn_disx_partial,0.1,0.1,composite,z_plus,11499,0.4780487098256455,0.1290322580645161,0.2013137557959814,p_z_plus
abn_disx_partial,0.1,0.1,composite,z_plus_renorm,11218,0.4541477899658545,0.1474978050921861,0.2267089989086219,p_z_plus_renorm
abn_disx_partial,0.1,0.1,composite,breadth,11499,0.5240278466505595,0.003487358326068,0.0042503863987635,p_breadth
abn_disx_partial,0.1,0.1,composite,z_mahalanobis_sq,5389,0.3913551515903188,0.251664447403462,0.4191461836998706,p_z_mahalanobis_sq
abn_disx_partial,0.1,0.1,composite,t_iut,11499,0.6012389184068648,0.03487358326068,0.0549652241112828,p_t_iut
abn_disx_partial,0.1,0.1,composite,z_plus_softmax,11218,0.4499829747104982,0.1431079894644425,0.2335549161623177,p_z_plus_softmax
abn_disx_partial,0.1,0.1,composite,z_plus_orth,11218,0.4470395900481019,0.1369622475856014,0.2421867248734993,p_z_plus_orth
abn_disx_partial,0.1,0.15,detector,z1,10629,0.409172087979452,0.079646017699115,0.1779134645752184,
abn_disx_partial,0.1,0.15,detector,z2,11287,0.6406357206605345,0.2223190932868352,0.1263313609467455,
abn_disx_partial,0.1,0.15,detector,z3,9327,0.4021068187810285,0.0716157205240174,0.0503544365680762,
abn_disx_partial,0.1,0.15,detector,z4,11499,0.4856363334092431,0.1115954664341761,0.2247874806800618,
abn_disx_partial,0.1,0.15,detector,z6,10453,0.4963074222377306,0.2114695340501792,0.2035985862696797,
abn_disx_partial,0.1,0.15,detector,z8,5391,0.504522992332063,0.0519307589880159,0.0478448275862068,
abn_disx_partial,0.1,0.15,detector,z57,11386,0.459050063550881,0.3147340889276373,0.3982810821369274,
abn_disx_partial,0.1,0.15,composite,z_plus,11499,0.4794149595948843,0.1316477768090671,0.2010239567233384,p_z_plus
abn_disx_partial,0.1,0.15,composite,z_plus_renorm,11217,0.4554518861625845,0.148506151142355,0.2267089989086219,p_z_plus_renorm
abn_disx_partial,0.1,0.15,composite,breadth,11499,0.5244888217229544,0.003487358326068,0.0043469860896445,p_breadth
abn_disx_partial,0.1,0.15,composite,z_mahalanobis_sq,5389,0.3915007099919669,0.2529960053262317,0.4191461836998706,p_z_mahalanobis_sq
abn_disx_partial,0.1,0.15,composite,t_iut,11499,0.6024633005394087,0.033129904097646,0.0547720247295208,p_t_iut
abn_disx_partial,0.1,0.15,composite,z_plus_softmax,11217,0.4516347654932012,0.1414762741652021,0.2337533485464827,p_z_plus_softmax
abn_disx_partial,0.1,0.15,composite,z_plus_orth,11217,0.4486358296696868,0.1362038664323374,0.2418890762972517,p_z_plus_orth
abn_disx_partial,0.1,0.2,detector,z1,10629,0.4084255259286725,0.0787610619469026,0.1778081903358248,
abn_disx_partial,0.1,0.2,detector,z2,11287,0.6406858471374599,0.2240627724498692,0.1261341222879684,
abn_disx_partial,0.1,0.2,detector,z3,9327,0.4038634706710545,0.0716157205240174,0.0503544365680762,
abn_disx_partial,0.1,0.2,detector,z4,11499,0.4856363334092431,0.1115954664341761,0.2247874806800618,
abn_disx_partial,0.1,0.2,detector,z6,10453,0.4963074222377306,0.2114695340501792,0.2035985862696797,
abn_disx_partial,0.1,0.2,detector,z8,5391,0.504522992332063,0.0519307589880159,0.0478448275862068,
abn_disx_partial,0.1,0.2,detector,z57,11386,0.459050063550881,0.3147340889276373,0.3982810821369274,
abn_disx_partial,0.1,0.2,composite,z_plus,11499,0.4791000210211707,0.1325196163905841,0.2010239567233384,p_z_plus
abn_disx_partial,0.1,0.2,composite,z_plus_renorm,11217,0.4546798220246346,0.1493848857644991,0.2265105665244567,p_z_plus_renorm
abn_disx_partial,0.1,0.2,composite,breadth,11499,0.5248518917032403,0.003487358326068,0.0042503863987635,p_breadth
abn_disx_partial,0.1,0.2,composite,z_mahalanobis_sq,5389,0.3913350547695784,0.2529960053262317,0.419361793876671,p_z_mahalanobis_sq
abn_disx_partial,0.1,0.2,composite,t_iut,11499,0.6030075686321013,0.035745422842197,0.0556414219474497,p_t_iut
abn_disx_partial,0.1,0.2,composite,z_plus_softmax,11217,0.4508848462698286,0.1432337434094903,0.2339517809306479,p_z_plus_softmax
abn_disx_partial,0.1,0.2,composite,z_plus_orth,11217,0.4478577061948742,0.1379613356766256,0.2419882924893342,p_z_plus_orth
abn_disx_partial,0.1,0.3,detector,z1,10629,0.4082100863900904,0.0805309734513274,0.1784398357721865,
abn_disx_partial,0.1,0.3,detector,z2,11287,0.6400311076489738,0.2266782911944202,0.126232741617357,
abn_disx_partial,0.1,0.3,detector,z3,9327,0.4077974443847875,0.0716157205240174,0.0501099975556098,
abn_disx_partial,0.1,0.3,detector,z4,11499,0.4856363334092431,0.1115954664341761,0.2247874806800618,
abn_disx_partial,0.1,0.3,detector,z6,10453,0.4963074222377306,0.2114695340501792,0.2035985862696797,
abn_disx_partial,0.1,0.3,detector,z8,5391,0.504522992332063,0.0519307589880159,0.0478448275862068,
abn_disx_partial,0.1,0.3,detector,z57,11386,0.459050063550881,0.3147340889276373,0.3982810821369274,
abn_disx_partial,0.1,0.3,composite,z_plus,11499,0.4800188971566171,0.1342632955536181,0.2012171561051004,p_z_plus
abn_disx_partial,0.1,0.3,composite,z_plus_renorm,11217,0.4548550196854341,0.1493848857644991,0.2275027284452822,p_z_plus_renorm
abn_disx_partial,0.1,0.3,composite,breadth,11499,0.525845554696143,0.003487358326068,0.0043469860896445,p_breadth
abn_disx_partial,0.1,0.3,composite,z_mahalanobis_sq,5389,0.3899658870822804,0.2529960053262317,0.4189305735230703,p_z_mahalanobis_sq
abn_disx_partial,0.1,0.3,composite,t_iut,11499,0.6013355180977457,0.038360941586748,0.0554482225656877,p_t_iut
abn_disx_partial,0.1,0.3,composite,z_plus_softmax,11217,0.4502283018634335,0.140597539543058,0.234348645698978,p_z_plus_softmax
abn_disx_partial,0.1,0.3,composite,z_plus_orth,11217,0.4474724805844026,0.1362038664323374,0.2420875086814168,p_z_plus_orth
abn_prod_full,0.01,0.05,detector,z1,10629,0.4342089847729526,0.0625,0.1685841970143577,
abn_prod_full,0.01,0.05,detector,z2,11287,0.629865372323426,0.2142857142857142,0.1354809843400447,
abn_prod_full,0.01,0.05,detector,z3,9327,0.4064980427873808,0.0892857142857142,0.0524145415084102,
abn_prod_full,0.01,0.05,detector,z4,11499,0.5048277170708452,0.1517857142857142,0.2141038025818916,
abn_prod_full,0.01,0.05,detector,z6,10453,0.535391415395283,0.2702702702702703,0.2037323535099593,
abn_prod_full,0.01,0.05,detector,z8,5391,0.5092756103540007,0.0120481927710843,0.0489826676714393,
abn_prod_full,0.01,0.05,detector,z57,11386,0.4445920132289211,0.2142857142857142,0.3916090118857548,
abn_prod_full,0.01,0.05,composite,z_plus,11499,0.4712007113374901,0.1071428571428571,0.1951348028453499,p_z_plus
abn_prod_full,0.01,0.05,composite,z_plus_renorm,11216,0.4291562300476401,0.1272727272727272,0.2205114352602197,p_z_plus_renorm
abn_prod_full,0.01,0.05,composite,breadth,11499,0.5762837320754244,0.0,0.0045666110476859,p_breadth
abn_prod_full,0.01,0.05,composite,z_mahalanobis_sq,5389,0.3915583192010552,0.2439024390243902,0.3977765215752779,p_z_mahalanobis_sq
abn_prod_full,0.01,0.05,composite,t_iut,11499,0.6285664887277472,0.0446428571428571,0.0539211381399841,p_t_iut
abn_prod_full,0.01,0.05,composite,z_plus_softmax,11216,0.4292037064322315,0.1181818181818181,0.2252836304700162,p_z_plus_softmax
abn_prod_full,0.01,0.05,composite,z_plus_orth,11216,0.4265266113321218,0.109090909090909,0.2320367368989735,p_z_plus_orth
abn_prod_full,0.01,0.1,detector,z1,10629,0.4348979203738164,0.0625,0.1684891128648854,
abn_prod_full,0.01,0.1,detector,z2,11287,0.6300467401725791,0.2142857142857142,0.1354809843400447,
abn_prod_full,0.01,0.1,detector,z3,9327,0.4064980427873808,0.0892857142857142,0.0524145415084102,
abn_prod_full,0.01,0.1,detector,z4,11499,0.5048277170708452,0.1517857142857142,0.2141038025818916,
abn_prod_full,0.01,0.1,detector,z6,10453,0.535391415395283,0.2702702702702703,0.2037323535099593,
abn_prod_full,0.01,0.1,detector,z8,5391,0.5092756103540007,0.0120481927710843,0.0489826676714393,
abn_prod_full,0.01,0.1,detector,z57,11386,0.4445920132289211,0.2142857142857142,0.3916090118857548,
abn_prod_full,0.01,0.1,composite,z_plus,11499,0.4711246534268401,0.1071428571428571,0.1950469834021252,p_z_plus
abn_prod_full,0.01,0.1,composite,z_plus_renorm,11217,0.4293484043641602,0.1272727272727272,0.2205816151976231,p_z_plus_renorm
abn_prod_full,0.01,0.1,composite,breadth,11499,0.5761763100779084,0.0,0.0045666110476859,p_breadth
abn_prod_full,0.01,0.1,composite,z_mahalanobis_sq,5389,0.3918961151171715,0.2439024390243902,0.3977765215752779,p_z_mahalanobis_sq
abn_prod_full,0.01,0.1,composite,t_iut,11499,0.6285241472104782,0.0446428571428571,0.0532185825941863,p_t_iut
abn_prod_full,0.01,0.1,composite,z_plus_softmax,11217,0.4294179755600481,0.1181818181818181,0.2252633474385522,p_z_plus_softmax
abn_prod_full,0.01,0.1,composite,z_plus_orth,11217,0.4271961989572506,0.109090909090909,0.2321058791752948,p_z_plus_orth
abn_prod_full,0.01,0.15,detector,z1,10629,0.4380106528206034,0.0625,0.1683940287154131,
abn_prod_full,0.01,0.15,detector,z2,11287,0.6306092201981464,0.2142857142857142,0.1354809843400447,
abn_prod_full,0.01,0.15,detector,z3,9327,0.4064980427873808,0.0892857142857142,0.0524145415084102,
abn_prod_full,0.01,0.15,detector,z4,11499,0.5048277170708452,0.1517857142857142,0.2141038025818916,
abn_prod_full,0.01,0.15,detector,z6,10453,0.535391415395283,0.2702702702702703,0.2037323535099593,
abn_prod_full,0.01,0.15,detector,z8,5391,0.5092756103540007,0.0120481927710843,0.0489826676714393,
abn_prod_full,0.01,0.15,detector,z57,11386,0.4445920132289211,0.2142857142857142,0.3916090118857548,
abn_prod_full,0.01,0.15,composite,z_plus,11499,0.4717025367273457,0.1071428571428571,0.1949591639589005,p_z_plus
abn_prod_full,0.01,0.15,composite,z_plus_renorm,11217,0.4290422911022533,0.1272727272727272,0.2204915818852975,p_z_plus_renorm
abn_prod_full,0.01,0.15,composite,breadth,11499,0.5797024175438157,0.0,0.0045666110476859,p_breadth
abn_prod_full,0.01,0.15,composite,z_mahalanobis_sq,5389,0.3915675109266638,0.2439024390243902,0.3977765215752779,p_z_mahalanobis_sq
abn_prod_full,0.01,0.15,composite,t_iut,11499,0.6323313553049218,0.0446428571428571,0.0538333186967594,p_t_iut
abn_prod_full,0.01,0.15,composite,z_plus_softmax,11217,0.4293197574011475,0.1181818181818181,0.2252633474385522,p_z_plus_softmax
abn_prod_full,0.01,0.15,composite,z_plus_orth,11217,0.4269899408235592,0.109090909090909,0.2321959124876204,p_z_plus_orth
abn_prod_full,0.01,0.2,detector,z1,10629,0.4380123507518439,0.0714285714285714,0.1682989445659408,
abn_prod_full,0.01,0.2,detector,z2,11287,0.6311948705656759,0.2142857142857142,0.1354809843400447,
abn_prod_full,0.01,0.2,detector,z3,9327,0.4064980427873808,0.0892857142857142,0.0524145415084102,
abn_prod_full,0.01,0.2,detector,z4,11499,0.5048277170708452,0.1517857142857142,0.2141038025818916,
abn_prod_full,0.01,0.2,detector,z6,10453,0.535391415395283,0.2702702702702703,0.2037323535099593,
abn_prod_full,0.01,0.2,detector,z8,5391,0.5092756103540007,0.0120481927710843,0.0489826676714393,
abn_prod_full,0.01,0.2,detector,z57,11386,0.4445920132289211,0.2142857142857142,0.3916090118857548,
abn_prod_full,0.01,0.2,composite,z_plus,11499,0.4747025116360762,0.1071428571428571,0.1950469834021252,p_z_plus
abn_prod_full,0.01,0.2,composite,z_plus_renorm,11211,0.4317489824831506,0.1272727272727272,0.2210611656607513,p_z_plus_renorm
abn_prod_full,0.01,0.2,composite,breadth,11499,0.5816513034914501,0.0,0.0044787916044612,p_breadth
abn_prod_full,0.01,0.2,composite,z_mahalanobis_sq,5389,0.3963449103117373,0.2439024390243902,0.3977765215752779,p_z_mahalanobis_sq
abn_prod_full,0.01,0.2,composite,t_iut,11499,0.6334357632136899,0.0446428571428571,0.0538333186967594,p_t_iut
abn_prod_full,0.01,0.2,composite,z_plus_softmax,11211,0.4334908403010376,0.1181818181818181,0.2255652643905954,p_z_plus_softmax
abn_prod_full,0.01,0.2,composite,z_plus_orth,11211,0.4320180000163785,0.1181818181818181,0.232861904332943,p_z_plus_orth
abn_prod_full,0.01,0.3,detector,z1,10629,0.4387102004917209,0.0714285714285714,0.1683940287154131,
abn_prod_full,0.01,0.3,detector,z2,11287,0.6322798817513583,0.2142857142857142,0.1354809843400447,
abn_prod_full,0.01,0.3,detector,z3,9327,0.4064980427873808,0.0892857142857142,0.0524145415084102,
abn_prod_full,0.01,0.3,detector,z4,11499,0.5048277170708452,0.1517857142857142,0.2141038025818916,
abn_prod_full,0.01,0.3,detector,z6,10453,0.535391415395283,0.2702702702702703,0.2037323535099593,
abn_prod_full,0.01,0.3,detector,z8,5391,0.5092756103540007,0.0120481927710843,0.0489826676714393,
abn_prod_full,0.01,0.3,detector,z57,11386,0.4445920132289211,0.2142857142857142,0.3916090118857548,
abn_prod_full,0.01,0.3,composite,z_plus,11499,0.4750929945175577,0.1071428571428571,0.1951348028453499,p_z_plus
abn_prod_full,0.01,0.3,composite,z_plus_renorm,11210,0.4344242424242424,0.1363636363636363,0.2212612612612612,p_z_plus_renorm
abn_prod_full,0.01,0.3,composite,breadth,11499,0.575510607334178,0.0,0.0044787916044612,p_breadth
abn_prod_full,0.01,0.3,composite,z_mahalanobis_sq,5389,0.3961449902797502,0.2439024390243902,0.3977765215752779,p_z_mahalanobis_sq
abn_prod_full,0.01,0.3,composite,t_iut,11499,0.6342747525373547,0.0446428571428571,0.0537454992535347,p_t_iut
abn_prod_full,0.01,0.3,composite,z_plus_softmax,11210,0.4340761670761671,0.1181818181818181,0.2254954954954955,p_z_plus_softmax
abn_prod_full,0.01,0.3,composite,z_plus_orth,11210,0.4326375921375921,0.1181818181818181,0.2329729729729729,p_z_plus_orth
abn_prod_full,0.05,0.05,detector,z1,10629,0.4134804968978123,0.0795053003533568,0.1731094107125111,
abn_prod_full,0.05,0.05,detector,z2,11287,0.6173984111159676,0.2140350877192982,0.1320332182513763,
abn_prod_full,0.05,0.05,detector,z3,9327,0.4272799304416116,0.0526315789473684,0.0528719881237866,
abn_prod_full,0.05,0.05,detector,z4,11499,0.4870840978372365,0.119298245614035,0.2184097355659255,
abn_prod_full,0.05,0.05,detector,z6,10453,0.49709927591657,0.2262118491921005,0.2032134195634599,
abn_prod_full,0.05,0.05,detector,z8,5391,0.5155556621528387,0.048469387755102,0.0484096819363872,
abn_prod_full,0.05,0.05,detector,z57,11386,0.4491790103031247,0.2982456140350877,0.3946930473372781,
abn_prod_full,0.05,0.05,composite,z_plus,11499,0.4757557151181549,0.1228070175438596,0.1981883063409278,p_z_plus
abn_prod_full,0.05,0.05,composite,z_plus_renorm,11211,0.4534310115228787,0.1451327433628318,0.224967123802367,p_z_plus_renorm
abn_prod_full,0.05,0.05,composite,breadth,11499,0.5210988629960848,0.0052631578947368,0.004574983987556,p_breadth
abn_prod_full,0.05,0.05,composite,z_mahalanobis_sq,5389,0.3959217367154987,0.25,0.4072443466079647,p_z_mahalanobis_sq
abn_prod_full,0.05,0.05,composite,t_iut,11499,0.5924170041720643,0.0368421052631578,0.0540763107329124,p_t_iut
abn_prod_full,0.05,0.05,composite,z_plus_softmax,11211,0.4465482070626884,0.1327433628318584,0.2302273154236332,p_z_plus_softmax
abn_prod_full,0.05,0.05,composite,z_plus_orth,11211,0.4465670765869935,0.1327433628318584,0.2378358068758219,p_z_plus_orth
abn_prod_full,0.05,0.1,detector,z1,10629,0.4129824859568464,0.0795053003533568,0.171916923382689,
abn_prod_full,0.05,0.1,detector,z2,11287,0.617360677984969,0.2140350877192982,0.1316599794718671,
abn_prod_full,0.05,0.1,detector,z3,9327,0.4272799304416116,0.0526315789473684,0.0528719881237866,
abn_prod_full,0.05,0.1,detector,z4,11499,0.4870840978372365,0.119298245614035,0.2184097355659255,
abn_prod_full,0.05,0.1,detector,z6,10453,0.49709927591657,0.2262118491921005,0.2032134195634599,
abn_prod_full,0.05,0.1,detector,z8,5391,0.5155556621528387,0.048469387755102,0.0484096819363872,
abn_prod_full,0.05,0.1,detector,z57,11386,0.4491790103031247,0.2982456140350877,0.3946930473372781,
abn_prod_full,0.05,0.1,composite,z_plus,11499,0.4761438663912044,0.1175438596491228,0.1980053069814255,p_z_plus
abn_prod_full,0.05,0.1,composite,z_plus_renorm,11215,0.4556895591840125,0.1433628318584071,0.2234741784037558,p_z_plus_renorm
abn_prod_full,0.05,0.1,composite,breadth,11499,0.5197136862652559,0.0052631578947368,0.0044834843078049,p_breadth
abn_prod_full,0.05,0.1,composite,z_mahalanobis_sq,5389,0.3957246797057827,0.25,0.4070442265359215,p_z_mahalanobis_sq
abn_prod_full,0.05,0.1,composite,t_iut,11499,0.594426947137264,0.0403508771929824,0.0538933113734101,p_t_iut
abn_prod_full,0.05,0.1,composite,z_plus_softmax,11215,0.4485072084423948,0.1345132743362831,0.2295774647887324,p_z_plus_softmax
abn_prod_full,0.05,0.1,composite,z_plus_orth,11215,0.4485079562923262,0.1345132743362831,0.2366197183098591,p_z_plus_orth
abn_prod_full,0.05,0.15,detector,z1,10629,0.4115063615125767,0.07773851590106,0.1716188015502335,
abn_prod_full,0.05,0.15,detector,z2,11287,0.6179449276358762,0.2140350877192982,0.1320332182513763,
abn_prod_full,0.05,0.15,detector,z3,9327,0.4272799304416116,0.0526315789473684,0.0528719881237866,
abn_prod_full,0.05,0.15,detector,z4,11499,0.4870840978372365,0.119298245614035,0.2184097355659255,
abn_prod_full,0.05,0.15,detector,z6,10453,0.49709927591657,0.2262118491921005,0.2032134195634599,
abn_prod_full,0.05,0.15,detector,z8,5391,0.5155556621528387,0.048469387755102,0.0484096819363872,
abn_prod_full,0.05,0.15,detector,z57,11386,0.4491790103031247,0.2982456140350877,0.3946930473372781,
abn_prod_full,0.05,0.15,composite,z_plus,11499,0.475945938136585,0.1175438596491228,0.1977308079421722,p_z_plus
abn_prod_full,0.05,0.15,composite,z_plus_renorm,11215,0.4545820765299763,0.1433628318584071,0.2232863849765258,p_z_plus_renorm
abn_prod_full,0.05,0.15,composite,breadth,11499,0.5205822108569989,0.0052631578947368,0.0044834843078049,p_breadth
abn_prod_full,0.05,0.15,composite,z_mahalanobis_sq,5389,0.3960922471850456,0.25,0.407444466680008,p_z_mahalanobis_sq
abn_prod_full,0.05,0.15,composite,t_iut,11499,0.5919661675920977,0.0421052631578947,0.0540763107329124,p_t_iut
abn_prod_full,0.05,0.15,composite,z_plus_softmax,11215,0.4478326478042295,0.1345132743362831,0.2296713615023474,p_z_plus_softmax
abn_prod_full,0.05,0.15,composite,z_plus_orth,11215,0.4478865760937305,0.1345132743362831,0.2367136150234741,p_z_plus_orth
abn_prod_full,0.05,0.2,detector,z1,10629,0.4125242421507752,0.0830388692579505,0.1714200536619298,
abn_prod_full,0.05,0.2,detector,z2,11287,0.6187090849265555,0.2140350877192982,0.1322198376411309,
abn_prod_full,0.05,0.2,detector,z3,9327,0.4272799304416116,0.0526315789473684,0.0528719881237866,
abn_prod_full,0.05,0.2,detector,z4,11499,0.4870840978372365,0.119298245614035,0.2184097355659255,
abn_prod_full,0.05,0.2,detector,z6,10453,0.49709927591657,0.2262118491921005,0.2032134195634599,
abn_prod_full,0.05,0.2,detector,z8,5391,0.5155556621528387,0.048469387755102,0.0484096819363872,
abn_prod_full,0.05,0.2,detector,z57,11386,0.4491790103031247,0.2982456140350877,0.3946930473372781,
abn_prod_full,0.05,0.2,composite,z_plus,11499,0.4781453014914447,0.119298245614035,0.1975478085826699,p_z_plus
abn_prod_full,0.05,0.2,composite,z_plus_renorm,11215,0.4560011633221156,0.1469026548672566,0.2236619718309859,p_z_plus_renorm
abn_prod_full,0.05,0.2,composite,breadth,11499,0.5230941178547981,0.0052631578947368,0.0043004849483026,p_breadth
abn_prod_full,0.05,0.2,composite,z_mahalanobis_sq,5389,0.3971556403229692,0.25,0.4068441064638783,p_z_mahalanobis_sq
abn_prod_full,0.05,0.2,composite,t_iut,11499,0.5927503359001401,0.043859649122807,0.053801811693659,p_t_iut
abn_prod_full,0.05,0.2,composite,z_plus_softmax,11215,0.4488696663758361,0.1345132743362831,0.2298591549295774,p_z_plus_softmax
abn_prod_full,0.05,0.2,composite,z_plus_orth,11215,0.4487196809173626,0.1345132743362831,0.2365258215962441,p_z_plus_orth
abn_prod_full,0.05,0.3,detector,z1,10629,0.4104127214098881,0.07773851590106,0.1715194276060817,
abn_prod_full,0.05,0.3,detector,z2,11287,0.6201380328679307,0.2140350877192982,0.1322198376411309,
abn_prod_full,0.05,0.3,detector,z3,9327,0.4272799304416116,0.0526315789473684,0.0528719881237866,
abn_prod_full,0.05,0.3,detector,z4,11499,0.4870840978372365,0.119298245614035,0.2184097355659255,
abn_prod_full,0.05,0.3,detector,z6,10453,0.49709927591657,0.2262118491921005,0.2032134195634599,
abn_prod_full,0.05,0.3,detector,z8,5391,0.5155556621528387,0.048469387755102,0.0484096819363872,
abn_prod_full,0.05,0.3,detector,z57,11386,0.4491790103031247,0.2982456140350877,0.3946930473372781,
abn_prod_full,0.05,0.3,composite,z_plus,11499,0.4767567537197831,0.119298245614035,0.1975478085826699,p_z_plus
abn_prod_full,0.05,0.3,composite,z_plus_renorm,11215,0.455029623166729,0.1451327433628318,0.2237558685446009,p_z_plus_renorm
abn_prod_full,0.05,0.3,composite,breadth,11499,0.5222301682470427,0.0052631578947368,0.0043919846280538,p_breadth
abn_prod_full,0.05,0.3,composite,z_mahalanobis_sq,5389,0.3946796649418222,0.25,0.4072443466079647,p_z_mahalanobis_sq
abn_prod_full,0.05,0.3,composite,t_iut,11499,0.5917692827548787,0.0473684210526315,0.053801811693659,p_t_iut
abn_prod_full,0.05,0.3,composite,z_plus_softmax,11215,0.4472950267979559,0.1327433628318584,0.2300469483568075,p_z_plus_softmax
abn_prod_full,0.05,0.3,composite,z_plus_orth,11215,0.4471304998130375,0.1327433628318584,0.2369014084507042,p_z_plus_orth
abn_prod_full,0.1,0.05,detector,z1,10629,0.410960696267745,0.0718722271517302,0.1778572932014313,
abn_prod_full,0.1,0.05,detector,z2,11287,0.6301088058282633,0.2212467076382792,0.1280055183287347,
abn_prod_full,0.1,0.05,detector,z3,9327,0.4130796896089121,0.0764499121265377,0.0495787031383563,
abn_prod_full,0.1,0.05,detector,z4,11499,0.4870210609455561,0.1150131694468832,0.2243243243243243,
abn_prod_full,0.1,0.05,detector,z6,10453,0.526027409354927,0.2526881720430107,0.1986719503052372,
abn_prod_full,0.1,0.05,detector,z8,5391,0.5338012117595379,0.0534351145038167,0.0475570032573289,
abn_prod_full,0.1,0.05,detector,z57,11386,0.4407152122212604,0.2888498683055311,0.4010930028300966,
abn_prod_full,0.1,0.05,composite,z_plus,11499,0.4793301548130345,0.1360842844600527,0.2015444015444015,p_z_plus
abn_prod_full,0.1,0.05,composite,z_plus_renorm,11218,0.4487026994308492,0.1442477876106194,0.2281919111816019,p_z_plus_renorm
abn_prod_full,0.1,0.05,composite,breadth,11499,0.5414591814943001,0.0079016681299385,0.0042471042471042,p_breadth
abn_prod_full,0.1,0.05,composite,z_mahalanobis_sq,5389,0.3847988733142601,0.2343949044585987,0.4231103388357949,p_z_mahalanobis_sq
abn_prod_full,0.1,0.05,composite,t_iut,11499,0.596992001722028,0.0359964881474978,0.0558880308880308,p_t_iut
abn_prod_full,0.1,0.05,composite,z_plus_softmax,11218,0.4442023029201434,0.1283185840707964,0.2350317208564631,p_z_plus_softmax
abn_prod_full,0.1,0.05,composite,z_plus_orth,11218,0.4416353347181966,0.1238938053097345,0.2436558287073751,p_z_plus_orth
abn_prod_full,0.1,0.1,detector,z1,10629,0.4082720548067496,0.0700976042590949,0.1779625342033256,
abn_prod_full,0.1,0.1,detector,z2,11287,0.6301916015230946,0.218612818261633,0.1280055183287347,
abn_prod_full,0.1,0.1,detector,z3,9327,0.4130796896089121,0.0764499121265377,0.0495787031383563,
abn_prod_full,0.1,0.1,detector,z4,11499,0.4870210609455561,0.1150131694468832,0.2243243243243243,
abn_prod_full,0.1,0.1,detector,z6,10453,0.526027409354927,0.2526881720430107,0.1986719503052372,
abn_prod_full,0.1,0.1,detector,z8,5391,0.5338012117595379,0.0534351145038167,0.0475570032573289,
abn_prod_full,0.1,0.1,detector,z57,11386,0.4407152122212604,0.2888498683055311,0.4010930028300966,
abn_prod_full,0.1,0.1,composite,z_plus,11499,0.4786350300507456,0.131694468832309,0.2014478764478764,p_z_plus
abn_prod_full,0.1,0.1,composite,z_plus_renorm,11219,0.4485404238560002,0.1407079646017699,0.2272772326295966,p_z_plus_renorm
abn_prod_full,0.1,0.1,composite,breadth,11499,0.5402884227511093,0.0079016681299385,0.0042471042471042,p_breadth
abn_prod_full,0.1,0.1,composite,z_mahalanobis_sq,5389,0.3855351480573525,0.2343949044585987,0.4226759339704605,p_z_mahalanobis_sq
abn_prod_full,0.1,0.1,composite,t_iut,11499,0.6002304229477188,0.0359964881474978,0.0562741312741312,p_t_iut
abn_prod_full,0.1,0.1,composite,z_plus_softmax,11219,0.4442630938628507,0.1256637168141593,0.2352066607195956,p_z_plus_softmax
abn_prod_full,0.1,0.1,composite,z_plus_orth,11219,0.4417395796876823,0.1221238938053097,0.2435325602140945,p_z_plus_orth
abn_prod_full,0.1,0.15,detector,z1,10629,0.4110318063147216,0.0700976042590949,0.1772258471900652,
abn_prod_full,0.1,0.15,detector,z2,11287,0.6310123343956329,0.2212467076382792,0.1281040599132834,
abn_prod_full,0.1,0.15,detector,z3,9327,0.4130796896089121,0.0764499121265377,0.0495787031383563,
abn_prod_full,0.1,0.15,detector,z4,11499,0.4870210609455561,0.1150131694468832,0.2243243243243243,
abn_prod_full,0.1,0.15,detector,z6,10453,0.526027409354927,0.2526881720430107,0.1986719503052372,
abn_prod_full,0.1,0.15,detector,z8,5391,0.5338012117595379,0.0534351145038167,0.0475570032573289,
abn_prod_full,0.1,0.15,detector,z57,11386,0.4407152122212604,0.2888498683055311,0.4010930028300966,
abn_prod_full,0.1,0.15,composite,z_plus,11499,0.479493544089681,0.131694468832309,0.2015444015444015,p_z_plus
abn_prod_full,0.1,0.15,composite,z_plus_renorm,11218,0.4488202929266701,0.1389380530973451,0.227101506740682,p_z_plus_renorm
abn_prod_full,0.1,0.15,composite,breadth,11499,0.5415221897552889,0.0070237050043898,0.0042471042471042,p_breadth
abn_prod_full,0.1,0.15,composite,z_mahalanobis_sq,5389,0.3854294520964877,0.2343949044585987,0.4226759339704605,p_z_mahalanobis_sq
abn_prod_full,0.1,0.15,composite,t_iut,11499,0.5999628814817577,0.0368744512730465,0.0559845559845559,p_t_iut
abn_prod_full,0.1,0.15,composite,z_plus_softmax,11218,0.4449345757335448,0.1265486725663716,0.2352299762093576,p_z_plus_softmax
abn_prod_full,0.1,0.15,composite,z_plus_orth,11218,0.4424887538335216,0.1203539823008849,0.2431601903251387,p_z_plus_orth
abn_prod_full,0.1,0.2,detector,z1,10629,0.4123326579357411,0.0700976042590949,0.1768048831824879,
abn_prod_full,0.1,0.2,detector,z2,11287,0.6319991344951608,0.2230026338893766,0.1284982262514781,
abn_prod_full,0.1,0.2,detector,z3,9327,0.4130796896089121,0.0764499121265377,0.0495787031383563,
abn_prod_full,0.1,0.2,detector,z4,11499,0.4870210609455561,0.1150131694468832,0.2243243243243243,
abn_prod_full,0.1,0.2,detector,z6,10453,0.526027409354927,0.2526881720430107,0.1986719503052372,
abn_prod_full,0.1,0.2,detector,z8,5391,0.5338012117595379,0.0534351145038167,0.0475570032573289,
abn_prod_full,0.1,0.2,detector,z57,11386,0.4407152122212604,0.2888498683055311,0.4010930028300966,
abn_prod_full,0.1,0.2,composite,z_plus,11499,0.4802913803682021,0.1308165057067603,0.2009652509652509,p_z_plus
abn_prod_full,0.1,0.2,composite,z_plus_renorm,11216,0.4496735794513332,0.1390611160318866,0.2283136710617626,p_z_plus_renorm
abn_prod_full,0.1,0.2,composite,breadth,11499,0.5424642628330073,0.006145741878841,0.0041505791505791,p_breadth
abn_prod_full,0.1,0.2,composite,z_mahalanobis_sq,5389,0.3857133370594388,0.2343949044585987,0.4226759339704605,p_z_mahalanobis_sq
abn_prod_full,0.1,0.2,composite,t_iut,11499,0.60002991515283,0.0359964881474978,0.0555984555984555,p_t_iut
abn_prod_full,0.1,0.2,composite,z_plus_softmax,11216,0.4459711580990291,0.12488928255093,0.2354515713294339,p_z_plus_softmax
abn_prod_full,0.1,0.2,composite,z_plus_orth,11216,0.4434700216179469,0.1195748449955713,0.2434817091305641,p_z_plus_orth
abn_prod_full,0.1,0.3,detector,z1,10629,0.4124077366984058,0.0692102928127772,0.1769101241843822,
abn_prod_full,0.1,0.3,detector,z2,11287,0.6330398772443516,0.2194907813871817,0.1262317698068585,
abn_prod_full,0.1,0.3,detector,z3,9327,0.4130796896089121,0.0764499121265377,0.0495787031383563,
abn_prod_full,0.1,0.3,detector,z4,11499,0.4870210609455561,0.1150131694468832,0.2243243243243243,
abn_prod_full,0.1,0.3,detector,z6,10453,0.526027409354927,0.2526881720430107,0.1986719503052372,
abn_prod_full,0.1,0.3,detector,z8,5391,0.5338012117595379,0.0534351145038167,0.0475570032573289,
abn_prod_full,0.1,0.3,detector,z57,11386,0.4407152122212604,0.2888498683055311,0.4010930028300966,
abn_prod_full,0.1,0.3,composite,z_plus,11499,0.480377524143986,0.131694468832309,0.2002895752895752,p_z_plus
abn_prod_full,0.1,0.3,composite,z_plus_renorm,11215,0.4498703059393386,0.1371681415929203,0.2277640059494298,p_z_plus_renorm
abn_prod_full,0.1,0.3,composite,breadth,11499,0.5414092240365287,0.006145741878841,0.004054054054054,p_breadth
abn_prod_full,0.1,0.3,composite,z_mahalanobis_sq,5389,0.3853168388606971,0.2356687898089172,0.4231103388357949,p_z_mahalanobis_sq
abn_prod_full,0.1,0.3,composite,t_iut,11499,0.599025088050549,0.035118525021949,0.0547297297297297,p_t_iut
abn_prod_full,0.1,0.3,composite,z_plus_softmax,11215,0.4460122147586225,0.1265486725663716,0.2359940505701536,p_z_plus_softmax
abn_prod_full,0.1,0.3,composite,z_plus_orth,11215,0.4436541169966786,0.1238938053097345,0.2433316807139315,p_z_plus_orth
