method,kind,protocol,calibration_split,split,entity_name,pvalue_col,n_rows,fpr,year,rho,delta,entity_type,n_finite,auc,detection_rate,complete_c_rows,min_complete_rows,status
anoshift,fpr,global_c_near_far,global_c,iid,z_plus,p_z_plus,13.0,0.0769230769230769,,,,,,,,,,
anoshift,fpr,global_c_near_far,global_c,iid,z_plus_renorm,p_z_plus_renorm,12.0,0.0769230769230769,,,,,,,,,,
anoshift,fpr,global_c_near_far,global_c,iid,breadth,p_breadth,13.0,0.0,,,,,,,,,,
anoshift,fpr,global_c_near_far,global_c,iid,z_mahalanobis_sq,p_z_mahalanobis_sq,10.0,0.0769230769230769,,,,,,,,,,
anoshift,fpr,global_c_near_far,global_c,iid,t_iut,p_t_iut,13.0,0.0,,,,,,,,,,
anoshift,fpr,global_c_near_far,global_c,iid,z_plus_softmax,p_z_plus_softmax,12.0,0.0769230769230769,,,,,,,,,,
anoshift,fpr,global_c_near_far,global_c,iid,z_plus_orth,p_z_plus_orth,12.0,0.0769230769230769,,,,,,,,,,
anoshift,fpr,global_c_near_far,global_c,near,z_plus,p_z_plus,88.0,0.0568181818181818,,,,,,,,,,
anoshift,fpr,global_c_near_far,global_c,near,z_plus_renorm,p_z_plus_renorm,86.0,0.1363636363636363,,,,,,,,,,
anoshift,fpr,global_c_near_far,global_c,near,breadth,p_breadth,88.0,0.0113636363636363,,,,,,,,,,
anoshift,fpr,global_c_near_far,global_c,near,z_mahalanobis_sq,p_z_mahalanobis_sq,56.0,0.0454545454545454,,,,,,,,,,
anoshift,fpr,global_c_near_far,global_c,near,t_iut,p_t_iut,88.0,0.034090909090909,,,,,,,,,,
anoshift,fpr,global_c_near_far,global_c,near,z_plus_softmax,p_z_plus_softmax,86.0,0.1022727272727272,,,,,,,,,,
anoshift,fpr,global_c_near_far,global_c,near,z_plus_orth,p_z_plus_orth,86.0,0.0909090909090909,,,,,,,,,,
anoshift,fpr,global_c_near_far,global_c,far,z_plus,p_z_plus,121.0,0.1157024793388429,,,,,,,,,,
anoshift,fpr,global_c_near_far,global_c,far,z_plus_renorm,p_z_plus_renorm,120.0,0.1157024793388429,,,,,,,,,,
anoshift,fpr,global_c_near_far,global_c,far,breadth,p_breadth,121.0,0.024793388429752,,,,,,,,,,
anoshift,fpr,global_c_near_far,global_c,far,z_mahalanobis_sq,p_z_mahalanobis_sq,85.0,0.0330578512396694,,,,,,,,,,
anoshift,fpr,global_c_near_far,global_c,far,t_iut,p_t_iut,121.0,0.0661157024793388,,,,,,,,,,
anoshift,fpr,global_c_near_far,global_c,far,z_plus_softmax,p_z_plus_softmax,120.0,0.1239669421487603,,,,,,,,,,
anoshift,fpr,global_c_near_far,global_c,far,z_plus_orth,p_z_plus_orth,120.0,0.0991735537190082,,,,,,,,,,
anoshift_yearly,annual_fpr,global_c_near_far,global_c,,z_mahalanobis_sq,p_z_mahalanobis_sq,10.0,0.0769230769230769,2012.0,,,,,,,,,
anoshift_yearly,annual_fpr,global_c_near_far,global_c,,z_mahalanobis_sq,p_z_mahalanobis_sq,11.0,0.0666666666666666,2013.0,,,,,,,,,
anoshift_yearly,annual_fpr,global_c_near_far,global_c,,z_mahalanobis_sq,p_z_mahalanobis_sq,13.0,0.0454545454545454,2014.0,,,,,,,,,
anoshift_yearly,annual_fpr,global_c_near_far,global_c,,z_mahalanobis_sq,p_z_mahalanobis_sq,10.0,0.0588235294117647,2015.0,,,,,,,,,
anoshift_yearly,annual_fpr,global_c_near_far,global_c,,z_mahalanobis_sq,p_z_mahalanobis_sq,10.0,0.0,2016.0,,,,,,,,,
anoshift_yearly,annual_fpr,global_c_near_far,global_c,,z_mahalanobis_sq,p_z_mahalanobis_sq,12.0,0.0588235294117647,2017.0,,,,,,,,,
anoshift_yearly,annual_fpr,global_c_near_far,global_c,,z_mahalanobis_sq,p_z_mahalanobis_sq,12.0,0.05,2018.0,,,,,,,,,
anoshift_yearly,annual_fpr,global_c_near_far,global_c,,z_mahalanobis_sq,p_z_mahalanobis_sq,13.0,0.0909090909090909,2019.0,,,,,,,,,
anoshift_yearly,annual_fpr,global_c_near_far,global_c,,z_mahalanobis_sq,p_z_mahalanobis_sq,14.0,0.0,2020.0,,,,,,,,,
anoshift_yearly,annual_fpr,global_c_near_far,global_c,,z_mahalanobis_sq,p_z_mahalanobis_sq,15.0,0.0,2021.0,,,,,,,,,
anoshift_yearly,annual_fpr,global_c_near_far,global_c,,z_mahalanobis_sq,p_z_mahalanobis_sq,16.0,0.15,2022.0,,,,,,,,,
anoshift_yearly,annual_fpr,global_c_near_far,global_c,,z_mahalanobis_sq,p_z_mahalanobis_sq,15.0,0.0434782608695652,2023.0,,,,,,,,,
anoshift_yearly,annual_fpr,global_c_near_far,global_c,,z_mahalanobis_sq,p_z_mahalanobis_sq,13.0,0.0,2024.0,,,,,,,,,
anoshift_yearly,annual_fpr,global_c_near_far,global_c,,z_mahalanobis_sq,p_z_mahalanobis_sq,12.0,0.0,2025.0,,,,,,,,,
anoshift_correlated_gaussian,power,global_c_near_far,global_c,near,z_plus,p_z_plus,,0.0545454545454545,,0.01,0.05,composite,56.0,0.9272727272727272,0.0,,,
anoshift_correlated_gaussian,power,global_c_near_far,global_c,near,z_plus_renorm,p_z_plus_renorm,,0.0727272727272727,,0.01,0.05,composite,56.0,0.6909090909090909,0.0,,,
anoshift_correlated_gaussian,power,global_c_near_far,global_c,near,breadth,p_breadth,,0.0181818181818181,,0.01,0.05,composite,56.0,0.9545454545454546,0.0,,,
anoshift_correlated_gaussian,power,global_c_near_far,global_c,near,z_mahalanobis_sq,p_z_mahalanobis_sq,,0.0727272727272727,,0.01,0.05,composite,56.0,0.8545454545454545,0.0,,,
anoshift_correlated_gaussian,power,global_c_near_far,global_c,near,t_iut,p_t_iut,,0.0181818181818181,,0.01,0.05,composite,56.0,0.1272727272727273,0.0,,,
anoshift_correlated_gaussian,power,global_c_near_far,global_c,near,z_plus_softmax,p_z_plus_softmax,,0.0727272727272727,,0.01,0.05,composite,56.0,0.8545454545454545,0.0,,,
anoshift_correlated_gaussian,power,global_c_near_far,global_c,near,z_plus_orth,p_z_plus_orth,,0.0727272727272727,,0.01,0.05,composite,56.0,0.8181818181818181,0.0,,,
anoshift_correlated_gaussian,power,global_c_near_far,global_c,near,z_plus,p_z_plus,,0.0545454545454545,,0.01,0.1,composite,56.0,0.0545454545454545,0.0,,,
anoshift_correlated_gaussian,power,global_c_near_far,global_c,near,z_plus_renorm,p_z_plus_renorm,,0.0727272727272727,,0.01,0.1,composite,56.0,0.0545454545454545,0.0,,,
anoshift_correlated_gaussian,power,global_c_near_far,global_c,near,breadth,p_breadth,,0.0181818181818181,,0.01,0.1,composite,56.0,0.1454545454545454,0.0,,,
anoshift_correlated_gaussian,power,global_c_near_far,global_c,near,z_mahalanobis_sq,p_z_mahalanobis_sq,,0.0727272727272727,,0.01,0.1,composite,56.0,0.0363636363636363,0.0,,,
anoshift_correlated_gaussian,power,global_c_near_far,global_c,near,t_iut,p_t_iut,,0.0181818181818181,,0.01,0.1,composite,56.0,0.2363636363636363,0.0,,,
anoshift_correlated_gaussian,power,global_c_near_far,global_c,near,z_plus_softmax,p_z_plus_softmax,,0.0727272727272727,,0.01,0.1,composite,56.0,0.0363636363636363,0.0,,,
anoshift_correlated_gaussian,power,global_c_near_far,global_c,near,z_plus_orth,p_z_plus_orth,,0.0727272727272727,,0.01,0.1,composite,56.0,0.0363636363636363,0.0,,,
anoshift_correlated_gaussian,power,global_c_near_far,global_c,near,z_plus,p_z_plus,,0.0545454545454545,,0.01,0.15,composite,56.0,0.9454545454545454,0.0,,,
anoshift_correlated_gaussian,power,global_c_near_far,global_c,near,z_plus_renorm,p_z_plus_renorm,,0.0727272727272727,,0.01,0.15,composite,56.0,0.9090909090909092,0.0,,,
anoshift_correlated_gaussian,power,global_c_near_far,global_c,near,breadth,p_breadth,,0.0181818181818181,,0.01,0.15,composite,56.0,0.5909090909090909,0.0,,,
anoshift_correlated_gaussian,power,global_c_near_far,global_c,near,z_mahalanobis_sq,p_z_mahalanobis_sq,,0.0545454545454545,,0.01,0.15,composite,56.0,1.0,1.0,,,
anoshift_correlated_gaussian,power,global_c_near_far,global_c,near,t_iut,p_t_iut,,0.0181818181818181,,0.01,0.15,composite,56.0,0.4,0.0,,,
anoshift_correlated_gaussian,power,global_c_near_far,global_c,near,z_plus_softmax,p_z_plus_softmax,,0.0727272727272727,,0.01,0.15,composite,56.0,0.9454545454545454,1.0,,,
anoshift_correlated_gaussian,power,global_c_near_far,global_c,near,z_plus_orth,p_z_plus_orth,,0.0727272727272727,,0.01,0.15,composite,56.0,0.9636363636363636,1.0,,,
anoshift_correlated_gaussian,power,global_c_near_far,global_c,near,z_plus,p_z_plus,,0.0545454545454545,,0.01,0.2,composite,56.0,0.1272727272727273,0.0,,,
anoshift_correlated_gaussian,power,global_c_near_far,global_c,near,z_plus_renorm,p_z_plus_renorm,,0.0727272727272727,,0.01,0.2,composite,56.0,0.4181818181818182,0.0,,,
anoshift_correlated_gaussian,power,global_c_near_far,global_c,near,breadth,p_breadth,,0.0181818181818181,,0.01,0.2,composite,56.0,0.1363636363636363,0.0,,,
anoshift_correlated_gaussian,power,global_c_near_far,global_c,near,z_mahalanobis_sq,p_z_mahalanobis_sq,,0.0727272727272727,,0.01,0.2,composite,56.0,0.5636363636363637,0.0,,,
anoshift_correlated_gaussian,power,global_c_near_far,global_c,near,t_iut,p_t_iut,,0.0181818181818181,,0.01,0.2,composite,56.0,0.0363636363636363,0.0,,,
anoshift_correlated_gaussian,power,global_c_near_far,global_c,near,z_plus_softmax,p_z_plus_softmax,,0.0727272727272727,,0.01,0.2,composite,56.0,0.2727272727272727,0.0,,,
anoshift_correlated_gaussian,power,global_c_near_far,global_c,near,z_plus_orth,p_z_plus_orth,,0.0727272727272727,,0.01,0.2,composite,56.0,0.2545454545454545,0.0,,,
anoshift_correlated_gaussian,power,global_c_near_far,global_c,near,z_plus,p_z_plus,,0.0545454545454545,,0.01,0.3,composite,56.0,0.7454545454545455,0.0,,,
anoshift_correlated_gaussian,power,global_c_near_far,global_c,near,z_plus_renorm,p_z_plus_renorm,,0.0727272727272727,,0.01,0.3,composite,56.0,0.7454545454545455,0.0,,,
anoshift_correlated_gaussian,power,global_c_near_far,global_c,near,breadth,p_breadth,,0.0181818181818181,,0.01,0.3,composite,56.0,0.5909090909090909,0.0,,,
anoshift_correlated_gaussian,power,global_c_near_far,global_c,near,z_mahalanobis_sq,p_z_mahalanobis_sq,,0.0727272727272727,,0.01,0.3,composite,56.0,0.7636363636363637,0.0,,,
anoshift_correlated_gaussian,power,global_c_near_far,global_c,near,t_iut,p_t_iut,,0.0181818181818181,,0.01,0.3,composite,56.0,0.0181818181818181,0.0,,,
anoshift_correlated_gaussian,power,global_c_near_far,global_c,near,z_plus_softmax,p_z_plus_softmax,,0.0727272727272727,,0.01,0.3,composite,56.0,0.6909090909090909,0.0,,,
anoshift_correlated_gaussian,power,global_c_near_far,global_c,near,z_plus_orth,p_z_plus_orth,,0.0727272727272727,,0.01,0.3,composite,56.0,0.6909090909090909,0.0,,,
anoshift_correlated_gaussian,power,global_c_near_far,global_c,near,z_plus,p_z_plus,,0.0566037735849056,,0.05,0.05,composite,56.0,0.7924528301886793,0.0,,,
anoshift_correlated_gaussian,power,global_c_near_far,global_c,near,z_plus_renorm,p_z_plus_renorm,,0.0566037735849056,,0.05,0.05,composite,56.0,0.7987421383647799,0.3333333333333333,,,
anoshift_correlated_gaussian,power,global_c_near_far,global_c,near,breadth,p_breadth,,0.0188679245283018,,0.05,0.05,composite,56.0,0.5628930817610063,0.0,,,
anoshift_correlated_gaussian,power,global_c_near_far,global_c,near,z_mahalanobis_sq,p_z_mahalanobis_sq,,0.0754716981132075,,0.05,0.05,composite,56.0,0.7106918238993711,0.0,,,
anoshift_correlated_gaussian,power,global_c_near_far,global_c,near,t_iut,p_t_iut,,0.0188679245283018,,0.05,0.05,composite,56.0,0.830188679245283,0.0,,,
anoshift_correlated_gaussian,power,global_c_near_far,global_c,near,z_plus_softmax,p_z_plus_softmax,,0.0566037735849056,,0.05,0.05,composite,56.0,0.8867924528301887,0.6666666666666666,,,
anoshift_correlated_gaussian,power,global_c_near_far,global_c,near,z_plus_orth,p_z_plus_orth,,0.0566037735849056,,0.05,0.05,composite,56.0,0.8867924528301887,0.6666666666666666,,,
anoshift_correlated_gaussian,power,global_c_near_far,global_c,near,z_plus,p_z_plus,,0.0566037735849056,,0.05,0.1,composite,56.0,0.4528301886792453,0.0,,,
anoshift_correlated_gaussian,power,global_c_near_far,global_c,near,z_plus_renorm,p_z_plus_renorm,,0.0754716981132075,,0.05,0.1,composite,56.0,0.3710691823899371,0.0,,,
anoshift_correlated_gaussian,power,global_c_near_far,global_c,near,breadth,p_breadth,,0.0188679245283018,,0.05,0.1,composite,56.0,0.5974842767295597,0.0,,,
anoshift_correlated_gaussian,power,global_c_near_far,global_c,near,z_mahalanobis_sq,p_z_mahalanobis_sq,,0.0754716981132075,,0.05,0.1,composite,56.0,0.3396226415094339,0.0,,,
anoshift_correlated_gaussian,power,global_c_near_far,global_c,near,t_iut,p_t_iut,,0.0188679245283018,,0.05,0.1,composite,56.0,0.4716981132075471,0.0,,,
anoshift_correlated_gaussian,power,global_c_near_far,global_c,near,z_plus_softmax,p_z_plus_softmax,,0.0754716981132075,,0.05,0.1,composite,56.0,0.4150943396226415,0.0,,,
anoshift_correlated_gaussian,power,global_c_near_far,global_c,near,z_plus_orth,p_z_plus_orth,,0.0754716981132075,,0.05,0.1,composite,56.0,0.4276729559748427,0.0,,,
anoshift_correlated_gaussian,power,global_c_near_far,global_c,near,z_plus,p_z_plus,,0.0377358490566037,,0.05,0.15,composite,56.0,0.5220125786163522,0.3333333333333333,,,
anoshift_correlated_gaussian,power,global_c_near_far,global_c,near,z_plus_renorm,p_z_plus_renorm,,0.0754716981132075,,0.05,0.15,composite,56.0,0.5974842767295597,0.0,,,
anoshift_correlated_gaussian,power,global_c_near_far,global_c,near,breadth,p_breadth,,0.0188679245283018,,0.05,0.15,composite,56.0,0.4842767295597484,0.0,,,
anoshift_correlated_gaussian,power,global_c_near_far,global_c,near,z_mahalanobis_sq,p_z_mahalanobis_sq,,0.0754716981132075,,0.05,0.15,composite,56.0,0.5345911949685535,0.0,,,
anoshift_correlated_gaussian,power,global_c_near_far,global_c,near,t_iut,p_t_iut,,0.0188679245283018,,0.05,0.15,composite,56.0,0.559748427672956,0.3333333333333333,,,
anoshift_correlated_gaussian,power,global_c_near_far,global_c,near,z_plus_softmax,p_z_plus_softmax,,0.0754716981132075,,0.05,0.15,composite,56.0,0.4654088050314465,0.0,,,
anoshift_correlated_gaussian,power,global_c_near_far,global_c,near,z_plus_orth,p_z_plus_orth,,0.0754716981132075,,0.05,0.15,composite,56.0,0.4591194968553458,0.0,,,
anoshift_correlated_gaussian,power,global_c_near_far,global_c,near,z_plus,p_z_plus,,0.0566037735849056,,0.05,0.2,composite,56.0,0.3836477987421383,0.0,,,
anoshift_correlated_gaussian,power,global_c_near_far,global_c,near,z_plus_renorm,p_z_plus_renorm,,0.0754716981132075,,0.05,0.2,composite,56.0,0.3962264150943396,0.0,,,
anoshift_correlated_gaussian,power,global_c_near_far,global_c,near,breadth,p_breadth,,0.0188679245283018,,0.05,0.2,composite,56.0,0.5031446540880503,0.0,,,
anoshift_correlated_gaussian,power,global_c_near_far,global_c,near,z_mahalanobis_sq,p_z_mahalanobis_sq,,0.0754716981132075,,0.05,0.2,composite,56.0,0.3333333333333333,0.0,,,
anoshift_correlated_gaussian,power,global_c_near_far,global_c,near,t_iut,p_t_iut,,0.0188679245283018,,0.05,0.2,composite,56.0,0.6981132075471698,0.0,,,
anoshift_correlated_gaussian,power,global_c_near_far,global_c,near,z_plus_softmax,p_z_plus_softmax,,0.0566037735849056,,0.05,0.2,composite,56.0,0.3333333333333333,0.0,,,
anoshift_correlated_gaussian,power,global_c_near_far,global_c,near,z_plus_orth,p_z_plus_orth,,0.0566037735849056,,0.05,0.2,composite,56.0,0.3333333333333333,0.0,,,
anoshift_correlated_gaussian,power,global_c_near_far,global_c,near,z_plus,p_z_plus,,0.0566037735849056,,0.05,0.3,composite,56.0,0.1194968553459119,0.0,,,
anoshift_correlated_gaussian,power,global_c_near_far,global_c,near,z_plus_renorm,p_z_plus_renorm,,0.0754716981132075,,0.05,0.3,composite,56.0,0.2767295597484276,0.0,,,
anoshift_correlated_gaussian,power,global_c_near_far,global_c,near,breadth,p_breadth,,0.0188679245283018,,0.05,0.3,composite,56.0,0.2358490566037735,0.0,,,
anoshift_correlated_gaussian,power,global_c_near_far,global_c,near,z_mahalanobis_sq,p_z_mahalanobis_sq,,0.0754716981132075,,0.05,0.3,composite,56.0,0.2264150943396226,0.0,,,
anoshift_correlated_gaussian,power,global_c_near_far,global_c,near,t_iut,p_t_iut,,0.0188679245283018,,0.05,0.3,composite,56.0,0.5471698113207547,0.0,,,
anoshift_correlated_gaussian,power,global_c_near_far,global_c,near,z_plus_softmax,p_z_plus_softmax,,0.0754716981132075,,0.05,0.3,composite,56.0,0.1949685534591194,0.0,,,
anoshift_correlated_gaussian,power,global_c_near_far,global_c,near,z_plus_orth,p_z_plus_orth,,0.0754716981132075,,0.05,0.3,composite,56.0,0.1823899371069182,0.0,,,
anoshift_correlated_gaussian,power,global_c_near_far,global_c,near,z_plus,p_z_plus,,0.04,,0.1,0.05,composite,56.0,0.4633333333333333,0.1666666666666666,,,
anoshift_correlated_gaussian,power,global_c_near_far,global_c,near,z_plus_renorm,p_z_plus_renorm,,0.06,,0.1,0.05,composite,56.0,0.5066666666666666,0.0,,,
anoshift_correlated_gaussian,power,global_c_near_far,global_c,near,breadth,p_breadth,,0.02,,0.1,0.05,composite,56.0,0.4983333333333333,0.0,,,
anoshift_correlated_gaussian,power,global_c_near_far,global_c,near,z_mahalanobis_sq,p_z_mahalanobis_sq,,0.08,,0.1,0.05,composite,56.0,0.61,0.0,,,
anoshift_correlated_gaussian,power,global_c_near_far,global_c,near,t_iut,p_t_iut,,0.02,,0.1,0.05,composite,56.0,0.3766666666666666,0.0,,,
anoshift_correlated_gaussian,power,global_c_near_far,global_c,near,z_plus_softmax,p_z_plus_softmax,,0.08,,0.1,0.05,composite,56.0,0.4766666666666667,0.0,,,
anoshift_correlated_gaussian,power,global_c_near_far,global_c,near,z_plus_orth,p_z_plus_orth,,0.08,,0.1,0.05,composite,56.0,0.4666666666666667,0.0,,,
anoshift_correlated_gaussian,power,global_c_near_far,global_c,near,z_plus,p_z_plus,,0.04,,0.1,0.1,composite,56.0,0.4566666666666666,0.1666666666666666,,,
anoshift_correlated_gaussian,power,global_c_near_far,global_c,near,z_plus_renorm,p_z_plus_renorm,,0.08,,0.1,0.1,composite,56.0,0.37,0.0,,,
anoshift_correlated_gaussian,power,global_c_near_far,global_c,near,breadth,p_breadth,,0.02,,0.1,0.1,composite,56.0,0.7,0.0,,,
anoshift_correlated_gaussian,power,global_c_near_far,global_c,near,z_mahalanobis_sq,p_z_mahalanobis_sq,,0.06,,0.1,0.1,composite,56.0,0.36,0.1666666666666666,,,
anoshift_correlated_gaussian,power,global_c_near_far,global_c,near,t_iut,p_t_iut,,0.02,,0.1,0.1,composite,56.0,0.6033333333333334,0.0,,,
anoshift_correlated_gaussian,power,global_c_near_far,global_c,near,z_plus_softmax,p_z_plus_softmax,,0.08,,0.1,0.1,composite,56.0,0.3566666666666666,0.0,,,
anoshift_correlated_gaussian,power,global_c_near_far,global_c,near,z_plus_orth,p_z_plus_orth,,0.08,,0.1,0.1,composite,56.0,0.35,0.0,,,
anoshift_correlated_gaussian,power,global_c_near_far,global_c,near,z_plus,p_z_plus,,0.04,,0.1,0.15,composite,56.0,0.5866666666666667,0.1666666666666666,,,
anoshift_correlated_gaussian,power,global_c_near_far,global_c,near,z_plus_renorm,p_z_plus_renorm,,0.08,,0.1,0.15,composite,55.0,0.5960000000000001,0.0,,,
anoshift_correlated_gaussian,power,global_c_near_far,global_c,near,breadth,p_breadth,,0.02,,0.1,0.15,composite,56.0,0.6183333333333334,0.0,,,
anoshift_correlated_gaussian,power,global_c_near_far,global_c,near,z_mahalanobis_sq,p_z_mahalanobis_sq,,0.06,,0.1,0.15,composite,56.0,0.5633333333333334,0.1666666666666666,,,
anoshift_correlated_gaussian,power,global_c_near_far,global_c,near,t_iut,p_t_iut,,0.02,,0.1,0.15,composite,56.0,0.3533333333333333,0.0,,,
anoshift_correlated_gaussian,power,global_c_near_far,global_c,near,z_plus_softmax,p_z_plus_softmax,,0.08,,0.1,0.15,composite,55.0,0.584,0.2,,,
anoshift_correlated_gaussian,power,global_c_near_far,global_c,near,z_plus_orth,p_z_plus_orth,,0.08,,0.1,0.15,composite,55.0,0.5880000000000001,0.2,,,
anoshift_correlated_gaussian,power,global_c_near_far,global_c,near,z_plus,p_z_plus,,0.06,,0.1,0.2,composite,56.0,0.4333333333333333,0.0,,,
anoshift_correlated_gaussian,power,global_c_near_far,global_c,near,z_plus_renorm,p_z_plus_renorm,,0.06,,0.1,0.2,composite,56.0,0.5700000000000001,0.1666666666666666,,,
anoshift_correlated_gaussian,power,global_c_near_far,global_c,near,breadth,p_breadth,,0.02,,0.1,0.2,composite,56.0,0.3066666666666666,0.0,,,
anoshift_correlated_gaussian,power,global_c_near_far,global_c,near,z_mahalanobis_sq,p_z_mahalanobis_sq,,0.08,,0.1,0.2,composite,56.0,0.5266666666666666,0.0,,,
anoshift_correlated_gaussian,power,global_c_near_far,global_c,near,t_iut,p_t_iut,,0.02,,0.1,0.2,composite,56.0,0.4766666666666667,0.0,,,
anoshift_correlated_gaussian,power,global_c_near_far,global_c,near,z_plus_softmax,p_z_plus_softmax,,0.06,,0.1,0.2,composite,56.0,0.5566666666666666,0.1666666666666666,,,
anoshift_correlated_gaussian,power,global_c_near_far,global_c,near,z_plus_orth,p_z_plus_orth,,0.06,,0.1,0.2,composite,56.0,0.5533333333333333,0.1666666666666666,,,
anoshift_correlated_gaussian,power,global_c_near_far,global_c,near,z_plus,p_z_plus,,0.04,,0.1,0.3,composite,56.0,0.42,0.1666666666666666,,,
anoshift_correlated_gaussian,power,global_c_near_far,global_c,near,z_plus_renorm,p_z_plus_renorm,,0.08,,0.1,0.3,composite,56.0,0.4066666666666667,0.0,,,
anoshift_correlated_gaussian,power,global_c_near_far,global_c,near,breadth,p_breadth,,0.02,,0.1,0.3,composite,56.0,0.4716666666666667,0.0,,,
anoshift_correlated_gaussian,power,global_c_near_far,global_c,near,z_mahalanobis_sq,p_z_mahalanobis_sq,,0.06,,0.1,0.3,composite,56.0,0.3233333333333333,0.1666666666666666,,,
anoshift_correlated_gaussian,power,global_c_near_far,global_c,near,t_iut,p_t_iut,,0.02,,0.1,0.3,composite,56.0,0.47,0.1666666666666666,,,
anoshift_correlated_gaussian,power,global_c_near_far,global_c,near,z_plus_softmax,p_z_plus_softmax,,0.08,,0.1,0.3,composite,56.0,0.3333333333333333,0.0,,,
anoshift_correlated_gaussian,power,global_c_near_far,global_c,near,z_plus_orth,p_z_plus_orth,,0.08,,0.1,0.3,composite,56.0,0.3366666666666666,0.0,,,
anoshift_threshold_clustering_m1_v2,power,global_c_near_far,global_c,near,z_plus,p_z_plus,,0.1942777632837638,,0.01,0.05,composite,11499.0,,,,,
anoshift_threshold_clustering_m1_v2,power,global_c_near_far,global_c,near,z_plus_renorm,p_z_plus_renorm,,0.2201409330122201,,0.01,0.05,composite,11211.0,,,,,
anoshift_threshold_clustering_m1_v2,power,global_c_near_far,global_c,near,breadth,p_breadth,,0.0045221323593355,,0.01,0.05,composite,11499.0,,,,,
anoshift_threshold_clustering_m1_v2,power,global_c_near_far,global_c,near,z_mahalanobis_sq,p_z_mahalanobis_sq,,0.3954351456670996,,0.01,0.05,composite,5389.0,,,,,
anoshift_threshold_clustering_m1_v2,power,global_c_near_far,global_c,near,t_iut,p_t_iut,,0.0537438038090268,,0.01,0.05,composite,11499.0,,,,,
anoshift_threshold_clustering_m1_v2,power,global_c_near_far,global_c,near,z_plus_softmax,p_z_plus_softmax,,0.2245116403532245,,0.01,0.05,composite,11211.0,,,,,
anoshift_threshold_clustering_m1_v2,power,global_c_near_far,global_c,near,z_plus_orth,p_z_plus_orth,,0.232004281509232,,0.01,0.05,composite,11211.0,,,,,
anoshift_threshold_clustering_m1_v2,power,global_c_near_far,global_c,near,z_plus,p_z_plus,,0.1942777632837638,,0.01,0.1,composite,11499.0,,,,,
anoshift_threshold_clustering_m1_v2,power,global_c_near_far,global_c,near,z_plus_renorm,p_z_plus_renorm,,0.2201409330122201,,0.01,0.1,composite,11211.0,,,,,
anoshift_threshold_clustering_m1_v2,power,global_c_near_far,global_c,near,breadth,p_breadth,,0.0045221323593355,,0.01,0.1,composite,11499.0,,,,,
anoshift_threshold_clustering_m1_v2,power,global_c_near_far,global_c,near,z_mahalanobis_sq,p_z_mahalanobis_sq,,0.3954351456670996,,0.01,0.1,composite,5389.0,,,,,
anoshift_threshold_clustering_m1_v2,power,global_c_near_far,global_c,near,t_iut,p_t_iut,,0.0537438038090268,,0.01,0.1,composite,11499.0,,,,,
anoshift_threshold_clustering_m1_v2,power,global_c_near_far,global_c,near,z_plus_softmax,p_z_plus_softmax,,0.2245116403532245,,0.01,0.1,composite,11211.0,,,,,
anoshift_threshold_clustering_m1_v2,power,global_c_near_far,global_c,near,z_plus_orth,p_z_plus_orth,,0.232004281509232,,0.01,0.1,composite,11211.0,,,,,
anoshift_threshold_clustering_m1_v2,power,global_c_near_far,global_c,near,z_plus,p_z_plus,,0.1942777632837638,,0.01,0.15,composite,11499.0,,,,,
anoshift_threshold_clustering_m1_v2,power,global_c_near_far,global_c,near,z_plus_renorm,p_z_plus_renorm,,0.2201409330122201,,0.01,0.15,composite,11211.0,,,,,
anoshift_threshold_clustering_m1_v2,power,global_c_near_far,global_c,near,breadth,p_breadth,,0.0045221323593355,,0.01,0.15,composite,11499.0,,,,,
anoshift_threshold_clustering_m1_v2,power,global_c_near_far,global_c,near,z_mahalanobis_sq,p_z_mahalanobis_sq,,0.3954351456670996,,0.01,0.15,composite,5389.0,,,,,
anoshift_threshold_clustering_m1_v2,power,global_c_near_far,global_c,near,t_iut,p_t_iut,,0.0537438038090268,,0.01,0.15,composite,11499.0,,,,,
anoshift_threshold_clustering_m1_v2,power,global_c_near_far,global_c,near,z_plus_softmax,p_z_plus_softmax,,0.2245116403532245,,0.01,0.15,composite,11211.0,,,,,
anoshift_threshold_clustering_m1_v2,power,global_c_near_far,global_c,near,z_plus_orth,p_z_plus_orth,,0.232004281509232,,0.01,0.15,composite,11211.0,,,,,
anoshift_threshold_clustering_m1_v2,power,global_c_near_far,global_c,near,z_plus,p_z_plus,,0.1942777632837638,,0.01,0.2,composite,11499.0,,,,,
anoshift_threshold_clustering_m1_v2,power,global_c_near_far,global_c,near,z_plus_renorm,p_z_plus_renorm,,0.2201409330122201,,0.01,0.2,composite,11211.0,,,,,
anoshift_threshold_clustering_m1_v2,power,global_c_near_far,global_c,near,breadth,p_breadth,,0.0045221323593355,,0.01,0.2,composite,11499.0,,,,,
anoshift_threshold_clustering_m1_v2,power,global_c_near_far,global_c,near,z_mahalanobis_sq,p_z_mahalanobis_sq,,0.3954351456670996,,0.01,0.2,composite,5389.0,,,,,
anoshift_threshold_clustering_m1_v2,power,global_c_near_far,global_c,near,t_iut,p_t_iut,,0.0537438038090268,,0.01,0.2,composite,11499.0,,,,,
anoshift_threshold_clustering_m1_v2,power,global_c_near_far,global_c,near,z_plus_softmax,p_z_plus_softmax,,0.2245116403532245,,0.01,0.2,composite,11211.0,,,,,
anoshift_threshold_clustering_m1_v2,power,global_c_near_far,global_c,near,z_plus_orth,p_z_plus_orth,,0.232004281509232,,0.01,0.2,composite,11211.0,,,,,
anoshift_threshold_clustering_m1_v2,power,global_c_near_far,global_c,near,z_plus,p_z_plus,,0.1942777632837638,,0.01,0.3,composite,11499.0,,,,,
anoshift_threshold_clustering_m1_v2,power,global_c_near_far,global_c,near,z_plus_renorm,p_z_plus_renorm,,0.2201409330122201,,0.01,0.3,composite,11211.0,,,,,
anoshift_threshold_clustering_m1_v2,power,global_c_near_far,global_c,near,breadth,p_breadth,,0.0045221323593355,,0.01,0.3,composite,11499.0,,,,,
anoshift_threshold_clustering_m1_v2,power,global_c_near_far,global_c,near,z_mahalanobis_sq,p_z_mahalanobis_sq,,0.3954351456670996,,0.01,0.3,composite,5389.0,,,,,
anoshift_threshold_clustering_m1_v2,power,global_c_near_far,global_c,near,t_iut,p_t_iut,,0.0537438038090268,,0.01,0.3,composite,11499.0,,,,,
anoshift_threshold_clustering_m1_v2,power,global_c_near_far,global_c,near,z_plus_softmax,p_z_plus_softmax,,0.2245116403532245,,0.01,0.3,composite,11211.0,,,,,
anoshift_threshold_clustering_m1_v2,power,global_c_near_far,global_c,near,z_plus_orth,p_z_plus_orth,,0.232004281509232,,0.01,0.3,composite,11211.0,,,,,
anoshift_threshold_clustering_m1_v2,power,global_c_near_far,global_c,near,z_plus,p_z_plus,,0.1942777632837638,,0.05,0.05,composite,11499.0,,,,,
anoshift_threshold_clustering_m1_v2,power,global_c_near_far,global_c,near,z_plus_renorm,p_z_plus_renorm,,0.2201409330122201,,0.05,0.05,composite,11211.0,,,,,
anoshift_threshold_clustering_m1_v2,power,global_c_near_far,global_c,near,breadth,p_breadth,,0.0045221323593355,,0.05,0.05,composite,11499.0,,,,,
anoshift_threshold_clustering_m1_v2,power,global_c_near_far,global_c,near,z_mahalanobis_sq,p_z_mahalanobis_sq,,0.3954351456670996,,0.05,0.05,composite,5389.0,,,,,
anoshift_threshold_clustering_m1_v2,power,global_c_near_far,global_c,near,t_iut,p_t_iut,,0.0537438038090268,,0.05,0.05,composite,11499.0,,,,,
anoshift_threshold_clustering_m1_v2,power,global_c_near_far,global_c,near,z_plus_softmax,p_z_plus_softmax,,0.2245116403532245,,0.05,0.05,composite,11211.0,,,,,
anoshift_threshold_clustering_m1_v2,power,global_c_near_far,global_c,near,z_plus_orth,p_z_plus_orth,,0.232004281509232,,0.05,0.05,composite,11211.0,,,,,
anoshift_threshold_clustering_m1_v2,power,global_c_near_far,global_c,near,z_plus,p_z_plus,,0.1942777632837638,,0.05,0.1,composite,11499.0,,,,,
anoshift_threshold_clustering_m1_v2,power,global_c_near_far,global_c,near,z_plus_renorm,p_z_plus_renorm,,0.2201409330122201,,0.05,0.1,composite,11211.0,,,,,
anoshift_threshold_clustering_m1_v2,power,global_c_near_far,global_c,near,breadth,p_breadth,,0.0045221323593355,,0.05,0.1,composite,11499.0,,,,,
anoshift_threshold_clustering_m1_v2,power,global_c_near_far,global_c,near,z_mahalanobis_sq,p_z_mahalanobis_sq,,0.3954351456670996,,0.05,0.1,composite,5389.0,,,,,
anoshift_threshold_clustering_m1_v2,power,global_c_near_far,global_c,near,t_iut,p_t_iut,,0.0537438038090268,,0.05,0.1,composite,11499.0,,,,,
anoshift_threshold_clustering_m1_v2,power,global_c_near_far,global_c,near,z_plus_softmax,p_z_plus_softmax,,0.2245116403532245,,0.05,0.1,composite,11211.0,,,,,
anoshift_threshold_clustering_m1_v2,power,global_c_near_far,global_c,near,z_plus_orth,p_z_plus_orth,,0.232004281509232,,0.05,0.1,composite,11211.0,,,,,
anoshift_threshold_clustering_m1_v2,power,global_c_near_far,global_c,near,z_plus,p_z_plus,,0.1942777632837638,,0.05,0.15,composite,11499.0,,,,,
anoshift_threshold_clustering_m1_v2,power,global_c_near_far,global_c,near,z_plus_renorm,p_z_plus_renorm,,0.2201409330122201,,0.05,0.15,composite,11211.0,,,,,
anoshift_threshold_clustering_m1_v2,power,global_c_near_far,global_c,near,breadth,p_breadth,,0.0045221323593355,,0.05,0.15,composite,11499.0,,,,,
anoshift_threshold_clustering_m1_v2,power,global_c_near_far,global_c,near,z_mahalanobis_sq,p_z_mahalanobis_sq,,0.3954351456670996,,0.05,0.15,composite,5389.0,,,,,
anoshift_threshold_clustering_m1_v2,power,global_c_near_far,global_c,near,t_iut,p_t_iut,,0.0537438038090268,,0.05,0.15,composite,11499.0,,,,,
anoshift_threshold_clustering_m1_v2,power,global_c_near_far,global_c,near,z_plus_softmax,p_z_plus_softmax,,0.2245116403532245,,0.05,0.15,composite,11211.0,,,,,
anoshift_threshold_clustering_m1_v2,power,global_c_near_far,global_c,near,z_plus_orth,p_z_plus_orth,,0.232004281509232,,0.05,0.15,composite,11211.0,,,,,
anoshift_threshold_clustering_m1_v2,power,global_c_near_far,global_c,near,z_plus,p_z_plus,,0.1942777632837638,,0.05,0.2,composite,11499.0,,,,,
anoshift_threshold_clustering_m1_v2,power,global_c_near_far,global_c,near,z_plus_renorm,p_z_plus_renorm,,0.2201409330122201,,0.05,0.2,composite,11211.0,,,,,
anoshift_threshold_clustering_m1_v2,power,global_c_near_far,global_c,near,breadth,p_breadth,,0.0045221323593355,,0.05,0.2,composite,11499.0,,,,,
anoshift_threshold_clustering_m1_v2,power,global_c_near_far,global_c,near,z_mahalanobis_sq,p_z_mahalanobis_sq,,0.3954351456670996,,0.05,0.2,composite,5389.0,,,,,
anoshift_threshold_clustering_m1_v2,power,global_c_near_far,global_c,near,t_iut,p_t_iut,,0.0537438038090268,,0.05,0.2,composite,11499.0,,,,,
anoshift_threshold_clustering_m1_v2,power,global_c_near_far,global_c,near,z_plus_softmax,p_z_plus_softmax,,0.2245116403532245,,0.05,0.2,composite,11211.0,,,,,
anoshift_threshold_clustering_m1_v2,power,global_c_near_far,global_c,near,z_plus_orth,p_z_plus_orth,,0.232004281509232,,0.05,0.2,composite,11211.0,,,,,
anoshift_threshold_clustering_m1_v2,power,global_c_near_far,global_c,near,z_plus,p_z_plus,,0.1942777632837638,,0.05,0.3,composite,11499.0,,,,,
anoshift_threshold_clustering_m1_v2,power,global_c_near_far,global_c,near,z_plus_renorm,p_z_plus_renorm,,0.2201409330122201,,0.05,0.3,composite,11211.0,,,,,
anoshift_threshold_clustering_m1_v2,power,global_c_near_far,global_c,near,breadth,p_breadth,,0.0045221323593355,,0.05,0.3,composite,11499.0,,,,,
anoshift_threshold_clustering_m1_v2,power,global_c_near_far,global_c,near,z_mahalanobis_sq,p_z_mahalanobis_sq,,0.3954351456670996,,0.05,0.3,composite,5389.0,,,,,
anoshift_threshold_clustering_m1_v2,power,global_c_near_far,global_c,near,t_iut,p_t_iut,,0.0537438038090268,,0.05,0.3,composite,11499.0,,,,,
anoshift_threshold_clustering_m1_v2,power,global_c_near_far,global_c,near,z_plus_softmax,p_z_plus_softmax,,0.2245116403532245,,0.05,0.3,composite,11211.0,,,,,
anoshift_threshold_clustering_m1_v2,power,global_c_near_far,global_c,near,z_plus_orth,p_z_plus_orth,,0.232004281509232,,0.05,0.3,composite,11211.0,,,,,
anoshift_threshold_clustering_m1_v2,power,global_c_near_far,global_c,near,z_plus,p_z_plus,,0.1942777632837638,,0.1,0.05,composite,11499.0,,,,,
anoshift_threshold_clustering_m1_v2,power,global_c_near_far,global_c,near,z_plus_renorm,p_z_plus_renorm,,0.2201409330122201,,0.1,0.05,composite,11211.0,,,,,
anoshift_threshold_clustering_m1_v2,power,global_c_near_far,global_c,near,breadth,p_breadth,,0.0045221323593355,,0.1,0.05,composite,11499.0,,,,,
anoshift_threshold_clustering_m1_v2,power,global_c_near_far,global_c,near,z_mahalanobis_sq,p_z_mahalanobis_sq,,0.3954351456670996,,0.1,0.05,composite,5389.0,,,,,
anoshift_threshold_clustering_m1_v2,power,global_c_near_far,global_c,near,t_iut,p_t_iut,,0.0537438038090268,,0.1,0.05,composite,11499.0,,,,,
anoshift_threshold_clustering_m1_v2,power,global_c_near_far,global_c,near,z_plus_softmax,p_z_plus_softmax,,0.2245116403532245,,0.1,0.05,composite,11211.0,,,,,
anoshift_threshold_clustering_m1_v2,power,global_c_near_far,global_c,near,z_plus_orth,p_z_plus_orth,,0.232004281509232,,0.1,0.05,composite,11211.0,,,,,
anoshift_threshold_clustering_m1_v2,power,global_c_near_far,global_c,near,z_plus,p_z_plus,,0.1942777632837638,,0.1,0.1,composite,11499.0,,,,,
anoshift_threshold_clustering_m1_v2,power,global_c_near_far,global_c,near,z_plus_renorm,p_z_plus_renorm,,0.2201409330122201,,0.1,0.1,composite,11211.0,,,,,
anoshift_threshold_clustering_m1_v2,power,global_c_near_far,global_c,near,breadth,p_breadth,,0.0045221323593355,,0.1,0.1,composite,11499.0,,,,,
anoshift_threshold_clustering_m1_v2,power,global_c_near_far,global_c,near,z_mahalanobis_sq,p_z_mahalanobis_sq,,0.3954351456670996,,0.1,0.1,composite,5389.0,,,,,
anoshift_threshold_clustering_m1_v2,power,global_c_near_far,global_c,near,t_iut,p_t_iut,,0.0537438038090268,,0.1,0.1,composite,11499.0,,,,,
anoshift_threshold_clustering_m1_v2,power,global_c_near_far,global_c,near,z_plus_softmax,p_z_plus_softmax,,0.2245116403532245,,0.1,0.1,composite,11211.0,,,,,
anoshift_threshold_clustering_m1_v2,power,global_c_near_far,global_c,near,z_plus_orth,p_z_plus_orth,,0.232004281509232,,0.1,0.1,composite,11211.0,,,,,
anoshift_threshold_clustering_m1_v2,power,global_c_near_far,global_c,near,z_plus,p_z_plus,,0.1942777632837638,,0.1,0.15,composite,11499.0,,,,,
anoshift_threshold_clustering_m1_v2,power,global_c_near_far,global_c,near,z_plus_renorm,p_z_plus_renorm,,0.2201409330122201,,0.1,0.15,composite,11211.0,,,,,
anoshift_threshold_clustering_m1_v2,power,global_c_near_far,global_c,near,breadth,p_breadth,,0.0045221323593355,,0.1,0.15,composite,11499.0,,,,,
anoshift_threshold_clustering_m1_v2,power,global_c_near_far,global_c,near,z_mahalanobis_sq,p_z_mahalanobis_sq,,0.3954351456670996,,0.1,0.15,composite,5389.0,,,,,
anoshift_threshold_clustering_m1_v2,power,global_c_near_far,global_c,near,t_iut,p_t_iut,,0.0537438038090268,,0.1,0.15,composite,11499.0,,,,,
anoshift_threshold_clustering_m1_v2,power,global_c_near_far,global_c,near,z_plus_softmax,p_z_plus_softmax,,0.2245116403532245,,0.1,0.15,composite,11211.0,,,,,
anoshift_threshold_clustering_m1_v2,power,global_c_near_far,global_c,near,z_plus_orth,p_z_plus_orth,,0.232004281509232,,0.1,0.15,composite,11211.0,,,,,
anoshift_threshold_clustering_m1_v2,power,global_c_near_far,global_c,near,z_plus,p_z_plus,,0.1942777632837638,,0.1,0.2,composite,11499.0,,,,,
anoshift_threshold_clustering_m1_v2,power,global_c_near_far,global_c,near,z_plus_renorm,p_z_plus_renorm,,0.2201409330122201,,0.1,0.2,composite,11211.0,,,,,
anoshift_threshold_clustering_m1_v2,power,global_c_near_far,global_c,near,breadth,p_breadth,,0.0045221323593355,,0.1,0.2,composite,11499.0,,,,,
anoshift_threshold_clustering_m1_v2,power,global_c_near_far,global_c,near,z_mahalanobis_sq,p_z_mahalanobis_sq,,0.3954351456670996,,0.1,0.2,composite,5389.0,,,,,
anoshift_threshold_clustering_m1_v2,power,global_c_near_far,global_c,near,t_iut,p_t_iut,,0.0537438038090268,,0.1,0.2,composite,11499.0,,,,,
anoshift_threshold_clustering_m1_v2,power,global_c_near_far,global_c,near,z_plus_softmax,p_z_plus_softmax,,0.2245116403532245,,0.1,0.2,composite,11211.0,,,,,
anoshift_threshold_clustering_m1_v2,power,global_c_near_far,global_c,near,z_plus_orth,p_z_plus_orth,,0.232004281509232,,0.1,0.2,composite,11211.0,,,,,
anoshift_threshold_clustering_m1_v2,power,global_c_near_far,global_c,near,z_plus,p_z_plus,,0.1942777632837638,,0.1,0.3,composite,11499.0,,,,,
anoshift_threshold_clustering_m1_v2,power,global_c_near_far,global_c,near,z_plus_renorm,p_z_plus_renorm,,0.2201409330122201,,0.1,0.3,composite,11211.0,,,,,
anoshift_threshold_clustering_m1_v2,power,global_c_near_far,global_c,near,breadth,p_breadth,,0.0045221323593355,,0.1,0.3,composite,11499.0,,,,,
anoshift_threshold_clustering_m1_v2,power,global_c_near_far,global_c,near,z_mahalanobis_sq,p_z_mahalanobis_sq,,0.3954351456670996,,0.1,0.3,composite,5389.0,,,,,
anoshift_threshold_clustering_m1_v2,power,global_c_near_far,global_c,near,t_iut,p_t_iut,,0.0537438038090268,,0.1,0.3,composite,11499.0,,,,,
anoshift_threshold_clustering_m1_v2,power,global_c_near_far,global_c,near,z_plus_softmax,p_z_plus_softmax,,0.2245116403532245,,0.1,0.3,composite,11211.0,,,,,
anoshift_threshold_clustering_m1_v2,power,global_c_near_far,global_c,near,z_plus_orth,p_z_plus_orth,,0.232004281509232,,0.1,0.3,composite,11211.0,,,,,
anoshift_correlated_gaussian,power,global_c_near_far,global_c,far,z_plus,p_z_plus,,0.0476190476190476,,0.01,0.05,composite,85.0,0.4761904761904761,0.0,,,
anoshift_correlated_gaussian,power,global_c_near_far,global_c,far,z_plus_renorm,p_z_plus_renorm,,0.0357142857142857,,0.01,0.05,composite,85.0,0.3571428571428571,0.0,,,
anoshift_correlated_gaussian,power,global_c_near_far,global_c,far,breadth,p_breadth,,0.0357142857142857,,0.01,0.05,composite,85.0,0.6428571428571429,0.0,,,
anoshift_correlated_gaussian,power,global_c_near_far,global_c,far,z_mahalanobis_sq,p_z_mahalanobis_sq,,0.0476190476190476,,0.01,0.05,composite,85.0,0.6071428571428572,0.0,,,
anoshift_correlated_gaussian,power,global_c_near_far,global_c,far,t_iut,p_t_iut,,0.0833333333333333,,0.01,0.05,composite,85.0,0.0476190476190476,0.0,,,
anoshift_correlated_gaussian,power,global_c_near_far,global_c,far,z_plus_softmax,p_z_plus_softmax,,0.0595238095238095,,0.01,0.05,composite,85.0,0.369047619047619,0.0,,,
anoshift_correlated_gaussian,power,global_c_near_far,global_c,far,z_plus_orth,p_z_plus_orth,,0.0357142857142857,,0.01,0.05,composite,85.0,0.4166666666666666,0.0,,,
anoshift_correlated_gaussian,power,global_c_near_far,global_c,far,z_plus,p_z_plus,,0.0476190476190476,,0.01,0.1,composite,85.0,0.2261904761904761,0.0,,,
anoshift_correlated_gaussian,power,global_c_near_far,global_c,far,z_plus_renorm,p_z_plus_renorm,,0.0357142857142857,,0.01,0.1,composite,85.0,0.25,0.0,,,
anoshift_correlated_gaussian,power,global_c_near_far,global_c,far,breadth,p_breadth,,0.0357142857142857,,0.01,0.1,composite,85.0,0.3571428571428571,0.0,,,
anoshift_correlated_gaussian,power,global_c_near_far,global_c,far,z_mahalanobis_sq,p_z_mahalanobis_sq,,0.0476190476190476,,0.01,0.1,composite,85.0,0.119047619047619,0.0,,,
anoshift_correlated_gaussian,power,global_c_near_far,global_c,far,t_iut,p_t_iut,,0.0833333333333333,,0.01,0.1,composite,85.0,0.7857142857142858,0.0,,,
anoshift_correlated_gaussian,power,global_c_near_far,global_c,far,z_plus_softmax,p_z_plus_softmax,,0.0595238095238095,,0.01,0.1,composite,85.0,0.3095238095238095,0.0,,,
anoshift_correlated_gaussian,power,global_c_near_far,global_c,far,z_plus_orth,p_z_plus_orth,,0.0357142857142857,,0.01,0.1,composite,85.0,0.2738095238095238,0.0,,,
anoshift_correlated_gaussian,power,global_c_near_far,global_c,far,z_plus,p_z_plus,,0.0476190476190476,,0.01,0.15,composite,85.0,0.9047619047619048,0.0,,,
anoshift_correlated_gaussian,power,global_c_near_far,global_c,far,z_plus_renorm,p_z_plus_renorm,,0.0357142857142857,,0.01,0.15,composite,85.0,0.8452380952380952,0.0,,,
anoshift_correlated_gaussian,power,global_c_near_far,global_c,far,breadth,p_breadth,,0.0357142857142857,,0.01,0.15,composite,85.0,0.8630952380952381,0.0,,,
anoshift_correlated_gaussian,power,global_c_near_far,global_c,far,z_mahalanobis_sq,p_z_mahalanobis_sq,,0.0357142857142857,,0.01,0.15,composite,85.0,0.9761904761904762,1.0,,,
anoshift_correlated_gaussian,power,global_c_near_far,global_c,far,t_iut,p_t_iut,,0.0833333333333333,,0.01,0.15,composite,85.0,0.0,0.0,,,
anoshift_correlated_gaussian,power,global_c_near_far,global_c,far,z_plus_softmax,p_z_plus_softmax,,0.0595238095238095,,0.01,0.15,composite,85.0,1.0,1.0,,,
anoshift_correlated_gaussian,power,global_c_near_far,global_c,far,z_plus_orth,p_z_plus_orth,,0.0357142857142857,,0.01,0.15,composite,85.0,1.0,1.0,,,
anoshift_correlated_gaussian,power,global_c_near_far,global_c,far,z_plus,p_z_plus,,0.0476190476190476,,0.01,0.2,composite,85.0,0.6309523809523809,0.0,,,
anoshift_correlated_gaussian,power,global_c_near_far,global_c,far,z_plus_renorm,p_z_plus_renorm,,0.0357142857142857,,0.01,0.2,composite,85.0,0.5357142857142857,0.0,,,
anoshift_correlated_gaussian,power,global_c_near_far,global_c,far,breadth,p_breadth,,0.0357142857142857,,0.01,0.2,composite,85.0,0.6428571428571429,0.0,,,
anoshift_correlated_gaussian,power,global_c_near_far,global_c,far,z_mahalanobis_sq,p_z_mahalanobis_sq,,0.0476190476190476,,0.01,0.2,composite,85.0,0.7380952380952381,0.0,,,
anoshift_correlated_gaussian,power,global_c_near_far,global_c,far,t_iut,p_t_iut,,0.0833333333333333,,0.01,0.2,composite,85.0,0.2857142857142857,0.0,,,
anoshift_correlated_gaussian,power,global_c_near_far,global_c,far,z_plus_softmax,p_z_plus_softmax,,0.0595238095238095,,0.01,0.2,composite,85.0,0.5357142857142857,0.0,,,
anoshift_correlated_gaussian,power,global_c_near_far,global_c,far,z_plus_orth,p_z_plus_orth,,0.0357142857142857,,0.01,0.2,composite,85.0,0.5,0.0,,,
anoshift_correlated_gaussian,power,global_c_near_far,global_c,far,z_plus,p_z_plus,,0.0476190476190476,,0.01,0.3,composite,85.0,0.5,0.0,,,
anoshift_correlated_gaussian,power,global_c_near_far,global_c,far,z_plus_renorm,p_z_plus_renorm,,0.0357142857142857,,0.01,0.3,composite,85.0,0.369047619047619,0.0,,,
anoshift_correlated_gaussian,power,global_c_near_far,global_c,far,breadth,p_breadth,,0.0357142857142857,,0.01,0.3,composite,85.0,0.6428571428571429,0.0,,,
anoshift_correlated_gaussian,power,global_c_near_far,global_c,far,z_mahalanobis_sq,p_z_mahalanobis_sq,,0.0476190476190476,,0.01,0.3,composite,85.0,0.5,0.0,,,
anoshift_correlated_gaussian,power,global_c_near_far,global_c,far,t_iut,p_t_iut,,0.0833333333333333,,0.01,0.3,composite,85.0,0.25,0.0,,,
anoshift_correlated_gaussian,power,global_c_near_far,global_c,far,z_plus_softmax,p_z_plus_softmax,,0.0595238095238095,,0.01,0.3,composite,85.0,0.4404761904761904,0.0,,,
anoshift_correlated_gaussian,power,global_c_near_far,global_c,far,z_plus_orth,p_z_plus_orth,,0.0357142857142857,,0.01,0.3,composite,85.0,0.3809523809523809,0.0,,,
anoshift_correlated_gaussian,power,global_c_near_far,global_c,far,z_plus,p_z_plus,,0.0493827160493827,,0.05,0.05,composite,85.0,0.5061728395061729,0.0,,,
anoshift_correlated_gaussian,power,global_c_near_far,global_c,far,z_plus_renorm,p_z_plus_renorm,,0.037037037037037,,0.05,0.05,composite,85.0,0.5030864197530864,0.0,,,
anoshift_correlated_gaussian,power,global_c_near_far,global_c,far,breadth,p_breadth,,0.0246913580246913,,0.05,0.05,composite,85.0,0.4722222222222222,0.25,,,
anoshift_correlated_gaussian,power,global_c_near_far,global_c,far,z_mahalanobis_sq,p_z_mahalanobis_sq,,0.0493827160493827,,0.05,0.05,composite,85.0,0.5802469135802469,0.0,,,
anoshift_correlated_gaussian,power,global_c_near_far,global_c,far,t_iut,p_t_iut,,0.074074074074074,,0.05,0.05,composite,85.0,0.4753086419753086,0.25,,,
anoshift_correlated_gaussian,power,global_c_near_far,global_c,far,z_plus_softmax,p_z_plus_softmax,,0.0617283950617283,,0.05,0.05,composite,85.0,0.5216049382716049,0.0,,,
anoshift_correlated_gaussian,power,global_c_near_far,global_c,far,z_plus_orth,p_z_plus_orth,,0.037037037037037,,0.05,0.05,composite,85.0,0.5493827160493827,0.0,,,
anoshift_correlated_gaussian,power,global_c_near_far,global_c,far,z_plus,p_z_plus,,0.0493827160493827,,0.05,0.1,composite,85.0,0.6975308641975309,0.5,,,
anoshift_correlated_gaussian,power,global_c_near_far,global_c,far,z_plus_renorm,p_z_plus_renorm,,0.037037037037037,,0.05,0.1,composite,85.0,0.7345679012345679,0.0,,,
anoshift_correlated_gaussian,power,global_c_near_far,global_c,far,breadth,p_breadth,,0.037037037037037,,0.05,0.1,composite,85.0,0.5570987654320988,0.0,,,
anoshift_correlated_gaussian,power,global_c_near_far,global_c,far,z_mahalanobis_sq,p_z_mahalanobis_sq,,0.037037037037037,,0.05,0.1,composite,85.0,0.7839506172839507,0.25,,,
anoshift_correlated_gaussian,power,global_c_near_far,global_c,far,t_iut,p_t_iut,,0.0864197530864197,,0.05,0.1,composite,85.0,0.308641975308642,0.0,,,
anoshift_correlated_gaussian,power,global_c_near_far,global_c,far,z_plus_softmax,p_z_plus_softmax,,0.0617283950617283,,0.05,0.1,composite,85.0,0.7469135802469137,0.25,,,
anoshift_correlated_gaussian,power,global_c_near_far,global_c,far,z_plus_orth,p_z_plus_orth,,0.037037037037037,,0.05,0.1,composite,85.0,0.7438271604938272,0.5,,,
anoshift_correlated_gaussian,power,global_c_near_far,global_c,far,z_plus,p_z_plus,,0.037037037037037,,0.05,0.15,composite,85.0,0.654320987654321,0.25,,,
anoshift_correlated_gaussian,power,global_c_near_far,global_c,far,z_plus_renorm,p_z_plus_renorm,,0.037037037037037,,0.05,0.15,composite,85.0,0.6697530864197531,0.25,,,
anoshift_correlated_gaussian,power,global_c_near_far,global_c,far,breadth,p_breadth,,0.037037037037037,,0.05,0.15,composite,85.0,0.5231481481481481,0.0,,,
anoshift_correlated_gaussian,power,global_c_near_far,global_c,far,z_mahalanobis_sq,p_z_mahalanobis_sq,,0.0493827160493827,,0.05,0.15,composite,85.0,0.5987654320987654,0.0,,,
anoshift_correlated_gaussian,power,global_c_near_far,global_c,far,t_iut,p_t_iut,,0.074074074074074,,0.05,0.15,composite,85.0,0.6141975308641976,0.25,,,
anoshift_correlated_gaussian,power,global_c_near_far,global_c,far,z_plus_softmax,p_z_plus_softmax,,0.0493827160493827,,0.05,0.15,composite,85.0,0.6018518518518517,0.25,,,
anoshift_correlated_gaussian,power,global_c_near_far,global_c,far,z_plus_orth,p_z_plus_orth,,0.0246913580246913,,0.05,0.15,composite,85.0,0.5864197530864198,0.25,,,
anoshift_correlated_gaussian,power,global_c_near_far,global_c,far,z_plus,p_z_plus,,0.0493827160493827,,0.05,0.2,composite,85.0,0.4074074074074074,0.0,,,
anoshift_correlated_gaussian,power,global_c_near_far,global_c,far,z_plus_renorm,p_z_plus_renorm,,0.037037037037037,,0.05,0.2,composite,85.0,0.4166666666666667,0.0,,,
anoshift_correlated_gaussian,power,global_c_near_far,global_c,far,breadth,p_breadth,,0.037037037037037,,0.05,0.2,composite,85.0,0.4429012345679012,0.0,,,
anoshift_correlated_gaussian,power,global_c_near_far,global_c,far,z_mahalanobis_sq,p_z_mahalanobis_sq,,0.0493827160493827,,0.05,0.2,composite,85.0,0.4228395061728395,0.0,,,
anoshift_correlated_gaussian,power,global_c_near_far,global_c,far,t_iut,p_t_iut,,0.0864197530864197,,0.05,0.2,composite,85.0,0.4444444444444444,0.0,,,
anoshift_correlated_gaussian,power,global_c_near_far,global_c,far,z_plus_softmax,p_z_plus_softmax,,0.0617283950617283,,0.05,0.2,composite,85.0,0.4444444444444445,0.0,,,
anoshift_correlated_gaussian,power,global_c_near_far,global_c,far,z_plus_orth,p_z_plus_orth,,0.037037037037037,,0.05,0.2,composite,85.0,0.4475308641975308,0.0,,,
anoshift_correlated_gaussian,power,global_c_near_far,global_c,far,z_plus,p_z_plus,,0.0493827160493827,,0.05,0.3,composite,85.0,0.4753086419753086,0.0,,,
anoshift_correlated_gaussian,power,global_c_near_far,global_c,far,z_plus_renorm,p_z_plus_renorm,,0.037037037037037,,0.05,0.3,composite,85.0,0.3888888888888889,0.0,,,
anoshift_correlated_gaussian,power,global_c_near_far,global_c,far,breadth,p_breadth,,0.037037037037037,,0.05,0.3,composite,85.0,0.6080246913580247,0.25,,,
anoshift_correlated_gaussian,power,global_c_near_far,global_c,far,z_mahalanobis_sq,p_z_mahalanobis_sq,,0.0493827160493827,,0.05,0.3,composite,85.0,0.3302469135802469,0.0,,,
anoshift_correlated_gaussian,power,global_c_near_far,global_c,far,t_iut,p_t_iut,,0.0617283950617283,,0.05,0.3,composite,85.0,0.7345679012345679,0.25,,,
anoshift_correlated_gaussian,power,global_c_near_far,global_c,far,z_plus_softmax,p_z_plus_softmax,,0.0617283950617283,,0.05,0.3,composite,85.0,0.4814814814814815,0.0,,,
anoshift_correlated_gaussian,power,global_c_near_far,global_c,far,z_plus_orth,p_z_plus_orth,,0.037037037037037,,0.05,0.3,composite,85.0,0.4691358024691358,0.0,,,
anoshift_correlated_gaussian,power,global_c_near_far,global_c,far,z_plus,p_z_plus,,0.0389610389610389,,0.1,0.05,composite,85.0,0.4415584415584416,0.125,,,
anoshift_correlated_gaussian,power,global_c_near_far,global_c,far,z_plus_renorm,p_z_plus_renorm,,0.0389610389610389,,0.1,0.05,composite,85.0,0.3668831168831169,0.0,,,
anoshift_correlated_gaussian,power,global_c_near_far,global_c,far,breadth,p_breadth,,0.0259740259740259,,0.1,0.05,composite,85.0,0.601461038961039,0.125,,,
anoshift_correlated_gaussian,power,global_c_near_far,global_c,far,z_mahalanobis_sq,p_z_mahalanobis_sq,,0.0389610389610389,,0.1,0.05,composite,85.0,0.3766233766233766,0.125,,,
anoshift_correlated_gaussian,power,global_c_near_far,global_c,far,t_iut,p_t_iut,,0.0779220779220779,,0.1,0.05,composite,85.0,0.5373376623376623,0.125,,,
anoshift_correlated_gaussian,power,global_c_near_far,global_c,far,z_plus_softmax,p_z_plus_softmax,,0.0519480519480519,,0.1,0.05,composite,85.0,0.3912337662337662,0.0,,,
anoshift_correlated_gaussian,power,global_c_near_far,global_c,far,z_plus_orth,p_z_plus_orth,,0.0389610389610389,,0.1,0.05,composite,85.0,0.387987012987013,0.0,,,
anoshift_correlated_gaussian,power,global_c_near_far,global_c,far,z_plus,p_z_plus,,0.0389610389610389,,0.1,0.1,composite,85.0,0.6444805194805194,0.125,,,
anoshift_correlated_gaussian,power,global_c_near_far,global_c,far,z_plus_renorm,p_z_plus_renorm,,0.0389610389610389,,0.1,0.1,composite,85.0,0.5698051948051948,0.0,,,
anoshift_correlated_gaussian,power,global_c_near_far,global_c,far,breadth,p_breadth,,0.0389610389610389,,0.1,0.1,composite,85.0,0.6452922077922078,0.0,,,
anoshift_correlated_gaussian,power,global_c_near_far,global_c,far,z_mahalanobis_sq,p_z_mahalanobis_sq,,0.0519480519480519,,0.1,0.1,composite,85.0,0.5308441558441559,0.0,,,
anoshift_correlated_gaussian,power,global_c_near_far,global_c,far,t_iut,p_t_iut,,0.0909090909090909,,0.1,0.1,composite,85.0,0.650974025974026,0.0,,,
anoshift_correlated_gaussian,power,global_c_near_far,global_c,far,z_plus_softmax,p_z_plus_softmax,,0.0649350649350649,,0.1,0.1,composite,85.0,0.6185064935064934,0.25,,,
anoshift_correlated_gaussian,power,global_c_near_far,global_c,far,z_plus_orth,p_z_plus_orth,,0.0389610389610389,,0.1,0.1,composite,85.0,0.6217532467532467,0.25,,,
anoshift_correlated_gaussian,power,global_c_near_far,global_c,far,z_plus,p_z_plus,,0.0519480519480519,,0.1,0.15,composite,85.0,0.6038961038961039,0.125,,,
anoshift_correlated_gaussian,power,global_c_near_far,global_c,far,z_plus_renorm,p_z_plus_renorm,,0.0389610389610389,,0.1,0.15,composite,85.0,0.5827922077922078,0.0,,,
anoshift_correlated_gaussian,power,global_c_near_far,global_c,far,breadth,p_breadth,,0.0259740259740259,,0.1,0.15,composite,85.0,0.5803571428571429,0.125,,,
anoshift_correlated_gaussian,power,global_c_near_far,global_c,far,z_mahalanobis_sq,p_z_mahalanobis_sq,,0.0389610389610389,,0.1,0.15,composite,85.0,0.5665584415584415,0.125,,,
anoshift_correlated_gaussian,power,global_c_near_far,global_c,far,t_iut,p_t_iut,,0.0649350649350649,,0.1,0.15,composite,85.0,0.5357142857142857,0.125,,,
anoshift_correlated_gaussian,power,global_c_near_far,global_c,far,z_plus_softmax,p_z_plus_softmax,,0.0519480519480519,,0.1,0.15,composite,85.0,0.6136363636363636,0.25,,,
anoshift_correlated_gaussian,power,global_c_near_far,global_c,far,z_plus_orth,p_z_plus_orth,,0.0389610389610389,,0.1,0.15,composite,85.0,0.6103896103896104,0.25,,,
anoshift_correlated_gaussian,power,global_c_near_far,global_c,far,z_plus,p_z_plus,,0.0259740259740259,,0.1,0.2,composite,85.0,0.7451298701298702,0.25,,,
anoshift_correlated_gaussian,power,global_c_near_far,global_c,far,z_plus_renorm,p_z_plus_renorm,,0.0259740259740259,,0.1,0.2,composite,85.0,0.6672077922077921,0.125,,,
anoshift_correlated_gaussian,power,global_c_near_far,global_c,far,breadth,p_breadth,,0.0259740259740259,,0.1,0.2,composite,85.0,0.6996753246753247,0.125,,,
anoshift_correlated_gaussian,power,global_c_near_far,global_c,far,z_mahalanobis_sq,p_z_mahalanobis_sq,,0.0389610389610389,,0.1,0.2,composite,85.0,0.7305194805194806,0.125,,,
anoshift_correlated_gaussian,power,global_c_near_far,global_c,far,t_iut,p_t_iut,,0.0649350649350649,,0.1,0.2,composite,85.0,0.663961038961039,0.125,,,
anoshift_correlated_gaussian,power,global_c_near_far,global_c,far,z_plus_softmax,p_z_plus_softmax,,0.0519480519480519,,0.1,0.2,composite,85.0,0.7012987012987013,0.125,,,
anoshift_correlated_gaussian,power,global_c_near_far,global_c,far,z_plus_orth,p_z_plus_orth,,0.0389610389610389,,0.1,0.2,composite,85.0,0.7061688311688311,0.25,,,
anoshift_correlated_gaussian,power,global_c_near_far,global_c,far,z_plus,p_z_plus,,0.0519480519480519,,0.1,0.3,composite,85.0,0.5811688311688312,0.125,,,
anoshift_correlated_gaussian,power,global_c_near_far,global_c,far,z_plus_renorm,p_z_plus_renorm,,0.0389610389610389,,0.1,0.3,composite,85.0,0.5064935064935066,0.0,,,
anoshift_correlated_gaussian,power,global_c_near_far,global_c,far,breadth,p_breadth,,0.0389610389610389,,0.1,0.3,composite,85.0,0.734577922077922,0.0,,,
anoshift_correlated_gaussian,power,global_c_near_far,global_c,far,z_mahalanobis_sq,p_z_mahalanobis_sq,,0.0389610389610389,,0.1,0.3,composite,85.0,0.6168831168831169,0.25,,,
anoshift_correlated_gaussian,power,global_c_near_far,global_c,far,t_iut,p_t_iut,,0.0779220779220779,,0.1,0.3,composite,85.0,0.323051948051948,0.0,,,
anoshift_correlated_gaussian,power,global_c_near_far,global_c,far,z_plus_softmax,p_z_plus_softmax,,0.0649350649350649,,0.1,0.3,composite,85.0,0.564935064935065,0.125,,,
anoshift_correlated_gaussian,power,global_c_near_far,global_c,far,z_plus_orth,p_z_plus_orth,,0.0389610389610389,,0.1,0.3,composite,85.0,0.5762987012987013,0.125,,,
anoshift_threshold_clustering_m1_v2,power,global_c_near_far,global_c,far,z_plus,p_z_plus,,0.1942777632837638,,0.01,0.05,composite,11499.0,,,,,
anoshift_threshold_clustering_m1_v2,power,global_c_near_far,global_c,far,z_plus_renorm,p_z_plus_renorm,,0.2201409330122201,,0.01,0.05,composite,11211.0,,,,,
anoshift_threshold_clustering_m1_v2,power,global_c_near_far,global_c,far,breadth,p_breadth,,0.0045221323593355,,0.01,0.05,composite,11499.0,,,,,
anoshift_threshold_clustering_m1_v2,power,global_c_near_far,global_c,far,z_mahalanobis_sq,p_z_mahalanobis_sq,,0.3954351456670996,,0.01,0.05,composite,5389.0,,,,,
anoshift_threshold_clustering_m1_v2,power,global_c_near_far,global_c,far,t_iut,p_t_iut,,0.0537438038090268,,0.01,0.05,composite,11499.0,,,,,
anoshift_threshold_clustering_m1_v2,power,global_c_near_far,global_c,far,z_plus_softmax,p_z_plus_softmax,,0.2245116403532245,,0.01,0.05,composite,11211.0,,,,,
anoshift_threshold_clustering_m1_v2,power,global_c_near_far,global_c,far,z_plus_orth,p_z_plus_orth,,0.232004281509232,,0.01,0.05,composite,11211.0,,,,,
anoshift_threshold_clustering_m1_v2,power,global_c_near_far,global_c,far,z_plus,p_z_plus,,0.1942777632837638,,0.01,0.1,composite,11499.0,,,,,
anoshift_threshold_clustering_m1_v2,power,global_c_near_far,global_c,far,z_plus_renorm,p_z_plus_renorm,,0.2201409330122201,,0.01,0.1,composite,11211.0,,,,,
anoshift_threshold_clustering_m1_v2,power,global_c_near_far,global_c,far,breadth,p_breadth,,0.0045221323593355,,0.01,0.1,composite,11499.0,,,,,
anoshift_threshold_clustering_m1_v2,power,global_c_near_far,global_c,far,z_mahalanobis_sq,p_z_mahalanobis_sq,,0.3954351456670996,,0.01,0.1,composite,5389.0,,,,,
anoshift_threshold_clustering_m1_v2,power,global_c_near_far,global_c,far,t_iut,p_t_iut,,0.0537438038090268,,0.01,0.1,composite,11499.0,,,,,
anoshift_threshold_clustering_m1_v2,power,global_c_near_far,global_c,far,z_plus_softmax,p_z_plus_softmax,,0.2245116403532245,,0.01,0.1,composite,11211.0,,,,,
anoshift_threshold_clustering_m1_v2,power,global_c_near_far,global_c,far,z_plus_orth,p_z_plus_orth,,0.232004281509232,,0.01,0.1,composite,11211.0,,,,,
anoshift_threshold_clustering_m1_v2,power,global_c_near_far,global_c,far,z_plus,p_z_plus,,0.1942777632837638,,0.01,0.15,composite,11499.0,,,,,
anoshift_threshold_clustering_m1_v2,power,global_c_near_far,global_c,far,z_plus_renorm,p_z_plus_renorm,,0.2201409330122201,,0.01,0.15,composite,11211.0,,,,,
anoshift_threshold_clustering_m1_v2,power,global_c_near_far,global_c,far,breadth,p_breadth,,0.0045221323593355,,0.01,0.15,composite,11499.0,,,,,
anoshift_threshold_clustering_m1_v2,power,global_c_near_far,global_c,far,z_mahalanobis_sq,p_z_mahalanobis_sq,,0.3954351456670996,,0.01,0.15,composite,5389.0,,,,,
anoshift_threshold_clustering_m1_v2,power,global_c_near_far,global_c,far,t_iut,p_t_iut,,0.0537438038090268,,0.01,0.15,composite,11499.0,,,,,
anoshift_threshold_clustering_m1_v2,power,global_c_near_far,global_c,far,z_plus_softmax,p_z_plus_softmax,,0.2245116403532245,,0.01,0.15,composite,11211.0,,,,,
anoshift_threshold_clustering_m1_v2,power,global_c_near_far,global_c,far,z_plus_orth,p_z_plus_orth,,0.232004281509232,,0.01,0.15,composite,11211.0,,,,,
anoshift_threshold_clustering_m1_v2,power,global_c_near_far,global_c,far,z_plus,p_z_plus,,0.1942777632837638,,0.01,0.2,composite,11499.0,,,,,
anoshift_threshold_clustering_m1_v2,power,global_c_near_far,global_c,far,z_plus_renorm,p_z_plus_renorm,,0.2201409330122201,,0.01,0.2,composite,11211.0,,,,,
anoshift_threshold_clustering_m1_v2,power,global_c_near_far,global_c,far,breadth,p_breadth,,0.0045221323593355,,0.01,0.2,composite,11499.0,,,,,
anoshift_threshold_clustering_m1_v2,power,global_c_near_far,global_c,far,z_mahalanobis_sq,p_z_mahalanobis_sq,,0.3954351456670996,,0.01,0.2,composite,5389.0,,,,,
anoshift_threshold_clustering_m1_v2,power,global_c_near_far,global_c,far,t_iut,p_t_iut,,0.0537438038090268,,0.01,0.2,composite,11499.0,,,,,
anoshift_threshold_clustering_m1_v2,power,global_c_near_far,global_c,far,z_plus_softmax,p_z_plus_softmax,,0.2245116403532245,,0.01,0.2,composite,11211.0,,,,,
anoshift_threshold_clustering_m1_v2,power,global_c_near_far,global_c,far,z_plus_orth,p_z_plus_orth,,0.232004281509232,,0.01,0.2,composite,11211.0,,,,,
anoshift_threshold_clustering_m1_v2,power,global_c_near_far,global_c,far,z_plus,p_z_plus,,0.1942777632837638,,0.01,0.3,composite,11499.0,,,,,
anoshift_threshold_clustering_m1_v2,power,global_c_near_far,global_c,far,z_plus_renorm,p_z_plus_renorm,,0.2201409330122201,,0.01,0.3,composite,11211.0,,,,,
anoshift_threshold_clustering_m1_v2,power,global_c_near_far,global_c,far,breadth,p_breadth,,0.0045221323593355,,0.01,0.3,composite,11499.0,,,,,
anoshift_threshold_clustering_m1_v2,power,global_c_near_far,global_c,far,z_mahalanobis_sq,p_z_mahalanobis_sq,,0.3954351456670996,,0.01,0.3,composite,5389.0,,,,,
anoshift_threshold_clustering_m1_v2,power,global_c_near_far,global_c,far,t_iut,p_t_iut,,0.0537438038090268,,0.01,0.3,composite,11499.0,,,,,
anoshift_threshold_clustering_m1_v2,power,global_c_near_far,global_c,far,z_plus_softmax,p_z_plus_softmax,,0.2245116403532245,,0.01,0.3,composite,11211.0,,,,,
anoshift_threshold_clustering_m1_v2,power,global_c_near_far,global_c,far,z_plus_orth,p_z_plus_orth,,0.232004281509232,,0.01,0.3,composite,11211.0,,,,,
anoshift_threshold_clustering_m1_v2,power,global_c_near_far,global_c,far,z_plus,p_z_plus,,0.1942777632837638,,0.05,0.05,composite,11499.0,,,,,
anoshift_threshold_clustering_m1_v2,power,global_c_near_far,global_c,far,z_plus_renorm,p_z_plus_renorm,,0.2201409330122201,,0.05,0.05,composite,11211.0,,,,,
anoshift_threshold_clustering_m1_v2,power,global_c_near_far,global_c,far,breadth,p_breadth,,0.0045221323593355,,0.05,0.05,composite,11499.0,,,,,
anoshift_threshold_clustering_m1_v2,power,global_c_near_far,global_c,far,z_mahalanobis_sq,p_z_mahalanobis_sq,,0.3954351456670996,,0.05,0.05,composite,5389.0,,,,,
anoshift_threshold_clustering_m1_v2,power,global_c_near_far,global_c,far,t_iut,p_t_iut,,0.0537438038090268,,0.05,0.05,composite,11499.0,,,,,
anoshift_threshold_clustering_m1_v2,power,global_c_near_far,global_c,far,z_plus_softmax,p_z_plus_softmax,,0.2245116403532245,,0.05,0.05,composite,11211.0,,,,,
anoshift_threshold_clustering_m1_v2,power,global_c_near_far,global_c,far,z_plus_orth,p_z_plus_orth,,0.232004281509232,,0.05,0.05,composite,11211.0,,,,,
anoshift_threshold_clustering_m1_v2,power,global_c_near_far,global_c,far,z_plus,p_z_plus,,0.1942777632837638,,0.05,0.1,composite,11499.0,,,,,
anoshift_threshold_clustering_m1_v2,power,global_c_near_far,global_c,far,z_plus_renorm,p_z_plus_renorm,,0.2201409330122201,,0.05,0.1,composite,11211.0,,,,,
anoshift_threshold_clustering_m1_v2,power,global_c_near_far,global_c,far,breadth,p_breadth,,0.0045221323593355,,0.05,0.1,composite,11499.0,,,,,
anoshift_threshold_clustering_m1_v2,power,global_c_near_far,global_c,far,z_mahalanobis_sq,p_z_mahalanobis_sq,,0.3954351456670996,,0.05,0.1,composite,5389.0,,,,,
anoshift_threshold_clustering_m1_v2,power,global_c_near_far,global_c,far,t_iut,p_t_iut,,0.0537438038090268,,0.05,0.1,composite,11499.0,,,,,
anoshift_threshold_clustering_m1_v2,power,global_c_near_far,global_c,far,z_plus_softmax,p_z_plus_softmax,,0.2245116403532245,,0.05,0.1,composite,11211.0,,,,,
anoshift_threshold_clustering_m1_v2,power,global_c_near_far,global_c,far,z_plus_orth,p_z_plus_orth,,0.232004281509232,,0.05,0.1,composite,11211.0,,,,,
anoshift_threshold_clustering_m1_v2,power,global_c_near_far,global_c,far,z_plus,p_z_plus,,0.1942777632837638,,0.05,0.15,composite,11499.0,,,,,
anoshift_threshold_clustering_m1_v2,power,global_c_near_far,global_c,far,z_plus_renorm,p_z_plus_renorm,,0.2201409330122201,,0.05,0.15,composite,11211.0,,,,,
anoshift_threshold_clustering_m1_v2,power,global_c_near_far,global_c,far,breadth,p_breadth,,0.0045221323593355,,0.05,0.15,composite,11499.0,,,,,
anoshift_threshold_clustering_m1_v2,power,global_c_near_far,global_c,far,z_mahalanobis_sq,p_z_mahalanobis_sq,,0.3954351456670996,,0.05,0.15,composite,5389.0,,,,,
anoshift_threshold_clustering_m1_v2,power,global_c_near_far,global_c,far,t_iut,p_t_iut,,0.0537438038090268,,0.05,0.15,composite,11499.0,,,,,
anoshift_threshold_clustering_m1_v2,power,global_c_near_far,global_c,far,z_plus_softmax,p_z_plus_softmax,,0.2245116403532245,,0.05,0.15,composite,11211.0,,,,,
anoshift_threshold_clustering_m1_v2,power,global_c_near_far,global_c,far,z_plus_orth,p_z_plus_orth,,0.232004281509232,,0.05,0.15,composite,11211.0,,,,,
anoshift_threshold_clustering_m1_v2,power,global_c_near_far,global_c,far,z_plus,p_z_plus,,0.1942777632837638,,0.05,0.2,composite,11499.0,,,,,
anoshift_threshold_clustering_m1_v2,power,global_c_near_far,global_c,far,z_plus_renorm,p_z_plus_renorm,,0.2201409330122201,,0.05,0.2,composite,11211.0,,,,,
anoshift_threshold_clustering_m1_v2,power,global_c_near_far,global_c,far,breadth,p_breadth,,0.0045221323593355,,0.05,0.2,composite,11499.0,,,,,
anoshift_threshold_clustering_m1_v2,power,global_c_near_far,global_c,far,z_mahalanobis_sq,p_z_mahalanobis_sq,,0.3954351456670996,,0.05,0.2,composite,5389.0,,,,,
anoshift_threshold_clustering_m1_v2,power,global_c_near_far,global_c,far,t_iut,p_t_iut,,0.0537438038090268,,0.05,0.2,composite,11499.0,,,,,
anoshift_threshold_clustering_m1_v2,power,global_c_near_far,global_c,far,z_plus_softmax,p_z_plus_softmax,,0.2245116403532245,,0.05,0.2,composite,11211.0,,,,,
anoshift_threshold_clustering_m1_v2,power,global_c_near_far,global_c,far,z_plus_orth,p_z_plus_orth,,0.232004281509232,,0.05,0.2,composite,11211.0,,,,,
anoshift_threshold_clustering_m1_v2,power,global_c_near_far,global_c,far,z_plus,p_z_plus,,0.1942777632837638,,0.05,0.3,composite,11499.0,,,,,
anoshift_threshold_clustering_m1_v2,power,global_c_near_far,global_c,far,z_plus_renorm,p_z_plus_renorm,,0.2201409330122201,,0.05,0.3,composite,11211.0,,,,,
anoshift_threshold_clustering_m1_v2,power,global_c_near_far,global_c,far,breadth,p_breadth,,0.0045221323593355,,0.05,0.3,composite,11499.0,,,,,
anoshift_threshold_clustering_m1_v2,power,global_c_near_far,global_c,far,z_mahalanobis_sq,p_z_mahalanobis_sq,,0.3954351456670996,,0.05,0.3,composite,5389.0,,,,,
anoshift_threshold_clustering_m1_v2,power,global_c_near_far,global_c,far,t_iut,p_t_iut,,0.0537438038090268,,0.05,0.3,composite,11499.0,,,,,
anoshift_threshold_clustering_m1_v2,power,global_c_near_far,global_c,far,z_plus_softmax,p_z_plus_softmax,,0.2245116403532245,,0.05,0.3,composite,11211.0,,,,,
anoshift_threshold_clustering_m1_v2,power,global_c_near_far,global_c,far,z_plus_orth,p_z_plus_orth,,0.232004281509232,,0.05,0.3,composite,11211.0,,,,,
anoshift_threshold_clustering_m1_v2,power,global_c_near_far,global_c,far,z_plus,p_z_plus,,0.1942777632837638,,0.1,0.05,composite,11499.0,,,,,
anoshift_threshold_clustering_m1_v2,power,global_c_near_far,global_c,far,z_plus_renorm,p_z_plus_renorm,,0.2201409330122201,,0.1,0.05,composite,11211.0,,,,,
anoshift_threshold_clustering_m1_v2,power,global_c_near_far,global_c,far,breadth,p_breadth,,0.0045221323593355,,0.1,0.05,composite,11499.0,,,,,
anoshift_threshold_clustering_m1_v2,power,global_c_near_far,global_c,far,z_mahalanobis_sq,p_z_mahalanobis_sq,,0.3954351456670996,,0.1,0.05,composite,5389.0,,,,,
anoshift_threshold_clustering_m1_v2,power,global_c_near_far,global_c,far,t_iut,p_t_iut,,0.0537438038090268,,0.1,0.05,composite,11499.0,,,,,
anoshift_threshold_clustering_m1_v2,power,global_c_near_far,global_c,far,z_plus_softmax,p_z_plus_softmax,,0.2245116403532245,,0.1,0.05,composite,11211.0,,,,,
anoshift_threshold_clustering_m1_v2,power,global_c_near_far,global_c,far,z_plus_orth,p_z_plus_orth,,0.232004281509232,,0.1,0.05,composite,11211.0,,,,,
anoshift_threshold_clustering_m1_v2,power,global_c_near_far,global_c,far,z_plus,p_z_plus,,0.1942777632837638,,0.1,0.1,composite,11499.0,,,,,
anoshift_threshold_clustering_m1_v2,power,global_c_near_far,global_c,far,z_plus_renorm,p_z_plus_renorm,,0.2201409330122201,,0.1,0.1,composite,11211.0,,,,,
anoshift_threshold_clustering_m1_v2,power,global_c_near_far,global_c,far,breadth,p_breadth,,0.0045221323593355,,0.1,0.1,composite,11499.0,,,,,
anoshift_threshold_clustering_m1_v2,power,global_c_near_far,global_c,far,z_mahalanobis_sq,p_z_mahalanobis_sq,,0.3954351456670996,,0.1,0.1,composite,5389.0,,,,,
anoshift_threshold_clustering_m1_v2,power,global_c_near_far,global_c,far,t_iut,p_t_iut,,0.0537438038090268,,0.1,0.1,composite,11499.0,,,,,
anoshift_threshold_clustering_m1_v2,power,global_c_near_far,global_c,far,z_plus_softmax,p_z_plus_softmax,,0.2245116403532245,,0.1,0.1,composite,11211.0,,,,,
anoshift_threshold_clustering_m1_v2,power,global_c_near_far,global_c,far,z_plus_orth,p_z_plus_orth,,0.232004281509232,,0.1,0.1,composite,11211.0,,,,,
anoshift_threshold_clustering_m1_v2,power,global_c_near_far,global_c,far,z_plus,p_z_plus,,0.1942777632837638,,0.1,0.15,composite,11499.0,,,,,
anoshift_threshold_clustering_m1_v2,power,global_c_near_far,global_c,far,z_plus_renorm,p_z_plus_renorm,,0.2201409330122201,,0.1,0.15,composite,11211.0,,,,,
anoshift_threshold_clustering_m1_v2,power,global_c_near_far,global_c,far,breadth,p_breadth,,0.0045221323593355,,0.1,0.15,composite,11499.0,,,,,
anoshift_threshold_clustering_m1_v2,power,global_c_near_far,global_c,far,z_mahalanobis_sq,p_z_mahalanobis_sq,,0.3954351456670996,,0.1,0.15,composite,5389.0,,,,,
anoshift_threshold_clustering_m1_v2,power,global_c_near_far,global_c,far,t_iut,p_t_iut,,0.0537438038090268,,0.1,0.15,composite,11499.0,,,,,
anoshift_threshold_clustering_m1_v2,power,global_c_near_far,global_c,far,z_plus_softmax,p_z_plus_softmax,,0.2245116403532245,,0.1,0.15,composite,11211.0,,,,,
anoshift_threshold_clustering_m1_v2,power,global_c_near_far,global_c,far,z_plus_orth,p_z_plus_orth,,0.232004281509232,,0.1,0.15,composite,11211.0,,,,,
anoshift_threshold_clustering_m1_v2,power,global_c_near_far,global_c,far,z_plus,p_z_plus,,0.1942777632837638,,0.1,0.2,composite,11499.0,,,,,
anoshift_threshold_clustering_m1_v2,power,global_c_near_far,global_c,far,z_plus_renorm,p_z_plus_renorm,,0.2201409330122201,,0.1,0.2,composite,11211.0,,,,,
anoshift_threshold_clustering_m1_v2,power,global_c_near_far,global_c,far,breadth,p_breadth,,0.0045221323593355,,0.1,0.2,composite,11499.0,,,,,
anoshift_threshold_clustering_m1_v2,power,global_c_near_far,global_c,far,z_mahalanobis_sq,p_z_mahalanobis_sq,,0.3954351456670996,,0.1,0.2,composite,5389.0,,,,,
anoshift_threshold_clustering_m1_v2,power,global_c_near_far,global_c,far,t_iut,p_t_iut,,0.0537438038090268,,0.1,0.2,composite,11499.0,,,,,
anoshift_threshold_clustering_m1_v2,power,global_c_near_far,global_c,far,z_plus_softmax,p_z_plus_softmax,,0.2245116403532245,,0.1,0.2,composite,11211.0,,,,,
anoshift_threshold_clustering_m1_v2,power,global_c_near_far,global_c,far,z_plus_orth,p_z_plus_orth,,0.232004281509232,,0.1,0.2,composite,11211.0,,,,,
anoshift_threshold_clustering_m1_v2,power,global_c_near_far,global_c,far,z_plus,p_z_plus,,0.1942777632837638,,0.1,0.3,composite,11499.0,,,,,
anoshift_threshold_clustering_m1_v2,power,global_c_near_far,global_c,far,z_plus_renorm,p_z_plus_renorm,,0.2201409330122201,,0.1,0.3,composite,11211.0,,,,,
anoshift_threshold_clustering_m1_v2,power,global_c_near_far,global_c,far,breadth,p_breadth,,0.0045221323593355,,0.1,0.3,composite,11499.0,,,,,
anoshift_threshold_clustering_m1_v2,power,global_c_near_far,global_c,far,z_mahalanobis_sq,p_z_mahalanobis_sq,,0.3954351456670996,,0.1,0.3,composite,5389.0,,,,,
anoshift_threshold_clustering_m1_v2,power,global_c_near_far,global_c,far,t_iut,p_t_iut,,0.0537438038090268,,0.1,0.3,composite,11499.0,,,,,
anoshift_threshold_clustering_m1_v2,power,global_c_near_far,global_c,far,z_plus_softmax,p_z_plus_softmax,,0.2245116403532245,,0.1,0.3,composite,11211.0,,,,,
anoshift_threshold_clustering_m1_v2,power,global_c_near_far,global_c,far,z_plus_orth,p_z_plus_orth,,0.232004281509232,,0.1,0.3,composite,11211.0,,,,,
anoshift,calibration_diagnostic,iid_transfer,2006-2012,,,,,,,,,,,,,,30.0,failed: phase2: only 10 complete z-vectors in C (< 30); Σ̂ not estimable.
anoshift,calibration_diagnostic,iid_transfer,2006-2013,,,,,,,,,,,,,,30.0,failed: phase2: only 19 complete z-vectors in C (< 30); Σ̂ not estimable.
anoshift,calibration_diagnostic,iid_transfer,2006-2014,,,,,,,,,,,,,34.0,30.0,candidate_scored
anoshift,calibration_diagnostic,iid_transfer,2006-2014,,,,,,,,,,,,,34.0,30.0,selected
anoshift,fpr,iid_transfer,2006-2014,iid,z_plus,p_z_plus,13.0,0.0769230769230769,,,,,,,,,,
anoshift,fpr,iid_transfer,2006-2014,iid,z_plus_renorm,p_z_plus_renorm,12.0,0.0769230769230769,,,,,,,,,,
anoshift,fpr,iid_transfer,2006-2014,iid,breadth,p_breadth,13.0,0.0,,,,,,,,,,
anoshift,fpr,iid_transfer,2006-2014,iid,z_mahalanobis_sq,p_z_mahalanobis_sq,10.0,0.0769230769230769,,,,,,,,,,
anoshift,fpr,iid_transfer,2006-2014,iid,t_iut,p_t_iut,13.0,0.0,,,,,,,,,,
anoshift,fpr,iid_transfer,2006-2014,iid,z_plus_softmax,p_z_plus_softmax,12.0,0.0769230769230769,,,,,,,,,,
anoshift,fpr,iid_transfer,2006-2014,iid,z_plus_orth,p_z_plus_orth,12.0,0.0769230769230769,,,,,,,,,,
anoshift,fpr,iid_transfer,2006-2014,near,z_plus,p_z_plus,88.0,0.0568181818181818,,,,,,,,,,
anoshift,fpr,iid_transfer,2006-2014,near,z_plus_renorm,p_z_plus_renorm,86.0,0.1363636363636363,,,,,,,,,,
anoshift,fpr,iid_transfer,2006-2014,near,breadth,p_breadth,88.0,0.0113636363636363,,,,,,,,,,
anoshift,fpr,iid_transfer,2006-2014,near,z_mahalanobis_sq,p_z_mahalanobis_sq,56.0,0.0454545454545454,,,,,,,,,,
anoshift,fpr,iid_transfer,2006-2014,near,t_iut,p_t_iut,88.0,0.034090909090909,,,,,,,,,,
anoshift,fpr,iid_transfer,2006-2014,near,z_plus_softmax,p_z_plus_softmax,86.0,0.1022727272727272,,,,,,,,,,
anoshift,fpr,iid_transfer,2006-2014,near,z_plus_orth,p_z_plus_orth,86.0,0.0909090909090909,,,,,,,,,,
anoshift,fpr,iid_transfer,2006-2014,far,z_plus,p_z_plus,121.0,0.1157024793388429,,,,,,,,,,
anoshift,fpr,iid_transfer,2006-2014,far,z_plus_renorm,p_z_plus_renorm,120.0,0.1157024793388429,,,,,,,,,,
anoshift,fpr,iid_transfer,2006-2014,far,breadth,p_breadth,121.0,0.024793388429752,,,,,,,,,,
anoshift,fpr,iid_transfer,2006-2014,far,z_mahalanobis_sq,p_z_mahalanobis_sq,85.0,0.0330578512396694,,,,,,,,,,
anoshift,fpr,iid_transfer,2006-2014,far,t_iut,p_t_iut,121.0,0.0661157024793388,,,,,,,,,,
anoshift,fpr,iid_transfer,2006-2014,far,z_plus_softmax,p_z_plus_softmax,120.0,0.1239669421487603,,,,,,,,,,
anoshift,fpr,iid_transfer,2006-2014,far,z_plus_orth,p_z_plus_orth,120.0,0.0991735537190082,,,,,,,,,,
anoshift_yearly,annual_fpr,iid_transfer,2006-2014,,z_mahalanobis_sq,p_z_mahalanobis_sq,10.0,0.0769230769230769,2012.0,,,,,,,,,
anoshift_yearly,annual_fpr,iid_transfer,2006-2014,,z_mahalanobis_sq,p_z_mahalanobis_sq,11.0,0.0666666666666666,2013.0,,,,,,,,,
anoshift_yearly,annual_fpr,iid_transfer,2006-2014,,z_mahalanobis_sq,p_z_mahalanobis_sq,13.0,0.0454545454545454,2014.0,,,,,,,,,
anoshift_yearly,annual_fpr,iid_transfer,2006-2014,,z_mahalanobis_sq,p_z_mahalanobis_sq,10.0,0.0588235294117647,2015.0,,,,,,,,,
anoshift_yearly,annual_fpr,iid_transfer,2006-2014,,z_mahalanobis_sq,p_z_mahalanobis_sq,10.0,0.0,2016.0,,,,,,,,,
anoshift_yearly,annual_fpr,iid_transfer,2006-2014,,z_mahalanobis_sq,p_z_mahalanobis_sq,12.0,0.0588235294117647,2017.0,,,,,,,,,
anoshift_yearly,annual_fpr,iid_transfer,2006-2014,,z_mahalanobis_sq,p_z_mahalanobis_sq,12.0,0.05,2018.0,,,,,,,,,
anoshift_yearly,annual_fpr,iid_transfer,2006-2014,,z_mahalanobis_sq,p_z_mahalanobis_sq,13.0,0.0909090909090909,2019.0,,,,,,,,,
anoshift_yearly,annual_fpr,iid_transfer,2006-2014,,z_mahalanobis_sq,p_z_mahalanobis_sq,14.0,0.0,2020.0,,,,,,,,,
anoshift_yearly,annual_fpr,iid_transfer,2006-2014,,z_mahalanobis_sq,p_z_mahalanobis_sq,15.0,0.0,2021.0,,,,,,,,,
anoshift_yearly,annual_fpr,iid_transfer,2006-2014,,z_mahalanobis_sq,p_z_mahalanobis_sq,16.0,0.15,2022.0,,,,,,,,,
anoshift_yearly,annual_fpr,iid_transfer,2006-2014,,z_mahalanobis_sq,p_z_mahalanobis_sq,15.0,0.0434782608695652,2023.0,,,,,,,,,
anoshift_yearly,annual_fpr,iid_transfer,2006-2014,,z_mahalanobis_sq,p_z_mahalanobis_sq,13.0,0.0,2024.0,,,,,,,,,
anoshift_yearly,annual_fpr,iid_transfer,2006-2014,,z_mahalanobis_sq,p_z_mahalanobis_sq,12.0,0.0,2025.0,,,,,,,,,
anoshift_correlated_gaussian,power,iid_transfer,2006-2014,near,z_plus,p_z_plus,,0.0545454545454545,,0.01,0.05,composite,56.0,0.9272727272727272,0.0,,,
anoshift_correlated_gaussian,power,iid_transfer,2006-2014,near,z_plus_renorm,p_z_plus_renorm,,0.0727272727272727,,0.01,0.05,composite,56.0,0.6909090909090909,0.0,,,
anoshift_correlated_gaussian,power,iid_transfer,2006-2014,near,breadth,p_breadth,,0.0181818181818181,,0.01,0.05,composite,56.0,0.9545454545454546,0.0,,,
anoshift_correlated_gaussian,power,iid_transfer,2006-2014,near,z_mahalanobis_sq,p_z_mahalanobis_sq,,0.0727272727272727,,0.01,0.05,composite,56.0,0.8545454545454545,0.0,,,
anoshift_correlated_gaussian,power,iid_transfer,2006-2014,near,t_iut,p_t_iut,,0.0181818181818181,,0.01,0.05,composite,56.0,0.1272727272727273,0.0,,,
anoshift_correlated_gaussian,power,iid_transfer,2006-2014,near,z_plus_softmax,p_z_plus_softmax,,0.0727272727272727,,0.01,0.05,composite,56.0,0.8545454545454545,0.0,,,
anoshift_correlated_gaussian,power,iid_transfer,2006-2014,near,z_plus_orth,p_z_plus_orth,,0.0727272727272727,,0.01,0.05,composite,56.0,0.8181818181818181,0.0,,,
anoshift_correlated_gaussian,power,iid_transfer,2006-2014,near,z_plus,p_z_plus,,0.0545454545454545,,0.01,0.1,composite,56.0,0.0545454545454545,0.0,,,
anoshift_correlated_gaussian,power,iid_transfer,2006-2014,near,z_plus_renorm,p_z_plus_renorm,,0.0727272727272727,,0.01,0.1,composite,56.0,0.0545454545454545,0.0,,,
anoshift_correlated_gaussian,power,iid_transfer,2006-2014,near,breadth,p_breadth,,0.0181818181818181,,0.01,0.1,composite,56.0,0.1454545454545454,0.0,,,
anoshift_correlated_gaussian,power,iid_transfer,2006-2014,near,z_mahalanobis_sq,p_z_mahalanobis_sq,,0.0727272727272727,,0.01,0.1,composite,56.0,0.0363636363636363,0.0,,,
anoshift_correlated_gaussian,power,iid_transfer,2006-2014,near,t_iut,p_t_iut,,0.0181818181818181,,0.01,0.1,composite,56.0,0.2363636363636363,0.0,,,
anoshift_correlated_gaussian,power,iid_transfer,2006-2014,near,z_plus_softmax,p_z_plus_softmax,,0.0727272727272727,,0.01,0.1,composite,56.0,0.0363636363636363,0.0,,,
anoshift_correlated_gaussian,power,iid_transfer,2006-2014,near,z_plus_orth,p_z_plus_orth,,0.0727272727272727,,0.01,0.1,composite,56.0,0.0363636363636363,0.0,,,
anoshift_correlated_gaussian,power,iid_transfer,2006-2014,near,z_plus,p_z_plus,,0.0545454545454545,,0.01,0.15,composite,56.0,0.9454545454545454,0.0,,,
anoshift_correlated_gaussian,power,iid_transfer,2006-2014,near,z_plus_renorm,p_z_plus_renorm,,0.0727272727272727,,0.01,0.15,composite,56.0,0.9090909090909092,0.0,,,
anoshift_correlated_gaussian,power,iid_transfer,2006-2014,near,breadth,p_breadth,,0.0181818181818181,,0.01,0.15,composite,56.0,0.5909090909090909,0.0,,,
anoshift_correlated_gaussian,power,iid_transfer,2006-2014,near,z_mahalanobis_sq,p_z_mahalanobis_sq,,0.0545454545454545,,0.01,0.15,composite,56.0,1.0,1.0,,,
anoshift_correlated_gaussian,power,iid_transfer,2006-2014,near,t_iut,p_t_iut,,0.0181818181818181,,0.01,0.15,composite,56.0,0.4,0.0,,,
anoshift_correlated_gaussian,power,iid_transfer,2006-2014,near,z_plus_softmax,p_z_plus_softmax,,0.0727272727272727,,0.01,0.15,composite,56.0,0.9454545454545454,1.0,,,
anoshift_correlated_gaussian,power,iid_transfer,2006-2014,near,z_plus_orth,p_z_plus_orth,,0.0727272727272727,,0.01,0.15,composite,56.0,0.9636363636363636,1.0,,,
anoshift_correlated_gaussian,power,iid_transfer,2006-2014,near,z_plus,p_z_plus,,0.0545454545454545,,0.01,0.2,composite,56.0,0.1272727272727273,0.0,,,
anoshift_correlated_gaussian,power,iid_transfer,2006-2014,near,z_plus_renorm,p_z_plus_renorm,,0.0727272727272727,,0.01,0.2,composite,56.0,0.4181818181818182,0.0,,,
anoshift_correlated_gaussian,power,iid_transfer,2006-2014,near,breadth,p_breadth,,0.0181818181818181,,0.01,0.2,composite,56.0,0.1363636363636363,0.0,,,
anoshift_correlated_gaussian,power,iid_transfer,2006-2014,near,z_mahalanobis_sq,p_z_mahalanobis_sq,,0.0727272727272727,,0.01,0.2,composite,56.0,0.5636363636363637,0.0,,,
anoshift_correlated_gaussian,power,iid_transfer,2006-2014,near,t_iut,p_t_iut,,0.0181818181818181,,0.01,0.2,composite,56.0,0.0363636363636363,0.0,,,
anoshift_correlated_gaussian,power,iid_transfer,2006-2014,near,z_plus_softmax,p_z_plus_softmax,,0.0727272727272727,,0.01,0.2,composite,56.0,0.2727272727272727,0.0,,,
anoshift_correlated_gaussian,power,iid_transfer,2006-2014,near,z_plus_orth,p_z_plus_orth,,0.0727272727272727,,0.01,0.2,composite,56.0,0.2545454545454545,0.0,,,
anoshift_correlated_gaussian,power,iid_transfer,2006-2014,near,z_plus,p_z_plus,,0.0545454545454545,,0.01,0.3,composite,56.0,0.7454545454545455,0.0,,,
anoshift_correlated_gaussian,power,iid_transfer,2006-2014,near,z_plus_renorm,p_z_plus_renorm,,0.0727272727272727,,0.01,0.3,composite,56.0,0.7454545454545455,0.0,,,
anoshift_correlated_gaussian,power,iid_transfer,2006-2014,near,breadth,p_breadth,,0.0181818181818181,,0.01,0.3,composite,56.0,0.5909090909090909,0.0,,,
anoshift_correlated_gaussian,power,iid_transfer,2006-2014,near,z_mahalanobis_sq,p_z_mahalanobis_sq,,0.0727272727272727,,0.01,0.3,composite,56.0,0.7636363636363637,0.0,,,
anoshift_correlated_gaussian,power,iid_transfer,2006-2014,near,t_iut,p_t_iut,,0.0181818181818181,,0.01,0.3,composite,56.0,0.0181818181818181,0.0,,,
anoshift_correlated_gaussian,power,iid_transfer,2006-2014,near,z_plus_softmax,p_z_plus_softmax,,0.0727272727272727,,0.01,0.3,composite,56.0,0.6909090909090909,0.0,,,
anoshift_correlated_gaussian,power,iid_transfer,2006-2014,near,z_plus_orth,p_z_plus_orth,,0.0727272727272727,,0.01,0.3,composite,56.0,0.6909090909090909,0.0,,,
anoshift_correlated_gaussian,power,iid_transfer,2006-2014,near,z_plus,p_z_plus,,0.0566037735849056,,0.05,0.05,composite,56.0,0.7924528301886793,0.0,,,
anoshift_correlated_gaussian,power,iid_transfer,2006-2014,near,z_plus_renorm,p_z_plus_renorm,,0.0566037735849056,,0.05,0.05,composite,56.0,0.7987421383647799,0.3333333333333333,,,
anoshift_correlated_gaussian,power,iid_transfer,2006-2014,near,breadth,p_breadth,,0.0188679245283018,,0.05,0.05,composite,56.0,0.5628930817610063,0.0,,,
anoshift_correlated_gaussian,power,iid_transfer,2006-2014,near,z_mahalanobis_sq,p_z_mahalanobis_sq,,0.0754716981132075,,0.05,0.05,composite,56.0,0.7106918238993711,0.0,,,
anoshift_correlated_gaussian,power,iid_transfer,2006-2014,near,t_iut,p_t_iut,,0.0188679245283018,,0.05,0.05,composite,56.0,0.830188679245283,0.0,,,
anoshift_correlated_gaussian,power,iid_transfer,2006-2014,near,z_plus_softmax,p_z_plus_softmax,,0.0566037735849056,,0.05,0.05,composite,56.0,0.8867924528301887,0.6666666666666666,,,
anoshift_correlated_gaussian,power,iid_transfer,2006-2014,near,z_plus_orth,p_z_plus_orth,,0.0566037735849056,,0.05,0.05,composite,56.0,0.8867924528301887,0.6666666666666666,,,
anoshift_correlated_gaussian,power,iid_transfer,2006-2014,near,z_plus,p_z_plus,,0.0566037735849056,,0.05,0.1,composite,56.0,0.4528301886792453,0.0,,,
anoshift_correlated_gaussian,power,iid_transfer,2006-2014,near,z_plus_renorm,p_z_plus_renorm,,0.0754716981132075,,0.05,0.1,composite,56.0,0.3710691823899371,0.0,,,
anoshift_correlated_gaussian,power,iid_transfer,2006-2014,near,breadth,p_breadth,,0.0188679245283018,,0.05,0.1,composite,56.0,0.5974842767295597,0.0,,,
anoshift_correlated_gaussian,power,iid_transfer,2006-2014,near,z_mahalanobis_sq,p_z_mahalanobis_sq,,0.0754716981132075,,0.05,0.1,composite,56.0,0.3396226415094339,0.0,,,
anoshift_correlated_gaussian,power,iid_transfer,2006-2014,near,t_iut,p_t_iut,,0.0188679245283018,,0.05,0.1,composite,56.0,0.4716981132075471,0.0,,,
anoshift_correlated_gaussian,power,iid_transfer,2006-2014,near,z_plus_softmax,p_z_plus_softmax,,0.0754716981132075,,0.05,0.1,composite,56.0,0.4150943396226415,0.0,,,
anoshift_correlated_gaussian,power,iid_transfer,2006-2014,near,z_plus_orth,p_z_plus_orth,,0.0754716981132075,,0.05,0.1,composite,56.0,0.4276729559748427,0.0,,,
anoshift_correlated_gaussian,power,iid_transfer,2006-2014,near,z_plus,p_z_plus,,0.0377358490566037,,0.05,0.15,composite,56.0,0.5220125786163522,0.3333333333333333,,,
anoshift_correlated_gaussian,power,iid_transfer,2006-2014,near,z_plus_renorm,p_z_plus_renorm,,0.0754716981132075,,0.05,0.15,composite,56.0,0.5974842767295597,0.0,,,
anoshift_correlated_gaussian,power,iid_transfer,2006-2014,near,breadth,p_breadth,,0.0188679245283018,,0.05,0.15,composite,56.0,0.4842767295597484,0.0,,,
anoshift_correlated_gaussian,power,iid_transfer,2006-2014,near,z_mahalanobis_sq,p_z_mahalanobis_sq,,0.0754716981132075,,0.05,0.15,composite,56.0,0.5345911949685535,0.0,,,
anoshift_correlated_gaussian,power,iid_transfer,2006-2014,near,t_iut,p_t_iut,,0.0188679245283018,,0.05,0.15,composite,56.0,0.559748427672956,0.3333333333333333,,,
anoshift_correlated_gaussian,power,iid_transfer,2006-2014,near,z_plus_softmax,p_z_plus_softmax,,0.0754716981132075,,0.05,0.15,composite,56.0,0.4654088050314465,0.0,,,
anoshift_correlated_gaussian,power,iid_transfer,2006-2014,near,z_plus_orth,p_z_plus_orth,,0.0754716981132075,,0.05,0.15,composite,56.0,0.4591194968553458,0.0,,,
anoshift_correlated_gaussian,power,iid_transfer,2006-2014,near,z_plus,p_z_plus,,0.0566037735849056,,0.05,0.2,composite,56.0,0.3836477987421383,0.0,,,
anoshift_correlated_gaussian,power,iid_transfer,2006-2014,near,z_plus_renorm,p_z_plus_renorm,,0.0754716981132075,,0.05,0.2,composite,56.0,0.3962264150943396,0.0,,,
anoshift_correlated_gaussian,power,iid_transfer,2006-2014,near,breadth,p_breadth,,0.0188679245283018,,0.05,0.2,composite,56.0,0.5031446540880503,0.0,,,
anoshift_correlated_gaussian,power,iid_transfer,2006-2014,near,z_mahalanobis_sq,p_z_mahalanobis_sq,,0.0754716981132075,,0.05,0.2,composite,56.0,0.3333333333333333,0.0,,,
anoshift_correlated_gaussian,power,iid_transfer,2006-2014,near,t_iut,p_t_iut,,0.0188679245283018,,0.05,0.2,composite,56.0,0.6981132075471698,0.0,,,
anoshift_correlated_gaussian,power,iid_transfer,2006-2014,near,z_plus_softmax,p_z_plus_softmax,,0.0566037735849056,,0.05,0.2,composite,56.0,0.3333333333333333,0.0,,,
anoshift_correlated_gaussian,power,iid_transfer,2006-2014,near,z_plus_orth,p_z_plus_orth,,0.0566037735849056,,0.05,0.2,composite,56.0,0.3333333333333333,0.0,,,
anoshift_correlated_gaussian,power,iid_transfer,2006-2014,near,z_plus,p_z_plus,,0.0566037735849056,,0.05,0.3,composite,56.0,0.1194968553459119,0.0,,,
anoshift_correlated_gaussian,power,iid_transfer,2006-2014,near,z_plus_renorm,p_z_plus_renorm,,0.0754716981132075,,0.05,0.3,composite,56.0,0.2767295597484276,0.0,,,
anoshift_correlated_gaussian,power,iid_transfer,2006-2014,near,breadth,p_breadth,,0.0188679245283018,,0.05,0.3,composite,56.0,0.2358490566037735,0.0,,,
anoshift_correlated_gaussian,power,iid_transfer,2006-2014,near,z_mahalanobis_sq,p_z_mahalanobis_sq,,0.0754716981132075,,0.05,0.3,composite,56.0,0.2264150943396226,0.0,,,
anoshift_correlated_gaussian,power,iid_transfer,2006-2014,near,t_iut,p_t_iut,,0.0188679245283018,,0.05,0.3,composite,56.0,0.5471698113207547,0.0,,,
anoshift_correlated_gaussian,power,iid_transfer,2006-2014,near,z_plus_softmax,p_z_plus_softmax,,0.0754716981132075,,0.05,0.3,composite,56.0,0.1949685534591194,0.0,,,
anoshift_correlated_gaussian,power,iid_transfer,2006-2014,near,z_plus_orth,p_z_plus_orth,,0.0754716981132075,,0.05,0.3,composite,56.0,0.1823899371069182,0.0,,,
anoshift_correlated_gaussian,power,iid_transfer,2006-2014,near,z_plus,p_z_plus,,0.04,,0.1,0.05,composite,56.0,0.4633333333333333,0.1666666666666666,,,
anoshift_correlated_gaussian,power,iid_transfer,2006-2014,near,z_plus_renorm,p_z_plus_renorm,,0.06,,0.1,0.05,composite,56.0,0.5066666666666666,0.0,,,
anoshift_correlated_gaussian,power,iid_transfer,2006-2014,near,breadth,p_breadth,,0.02,,0.1,0.05,composite,56.0,0.4983333333333333,0.0,,,
anoshift_correlated_gaussian,power,iid_transfer,2006-2014,near,z_mahalanobis_sq,p_z_mahalanobis_sq,,0.08,,0.1,0.05,composite,56.0,0.61,0.0,,,
anoshift_correlated_gaussian,power,iid_transfer,2006-2014,near,t_iut,p_t_iut,,0.02,,0.1,0.05,composite,56.0,0.3766666666666666,0.0,,,
anoshift_correlated_gaussian,power,iid_transfer,2006-2014,near,z_plus_softmax,p_z_plus_softmax,,0.08,,0.1,0.05,composite,56.0,0.4766666666666667,0.0,,,
anoshift_correlated_gaussian,power,iid_transfer,2006-2014,near,z_plus_orth,p_z_plus_orth,,0.08,,0.1,0.05,composite,56.0,0.4666666666666667,0.0,,,
anoshift_correlated_gaussian,power,iid_transfer,2006-2014,near,z_plus,p_z_plus,,0.04,,0.1,0.1,composite,56.0,0.4566666666666666,0.1666666666666666,,,
anoshift_correlated_gaussian,power,iid_transfer,2006-2014,near,z_plus_renorm,p_z_plus_renorm,,0.08,,0.1,0.1,composite,56.0,0.37,0.0,,,
anoshift_correlated_gaussian,power,iid_transfer,2006-2014,near,breadth,p_breadth,,0.02,,0.1,0.1,composite,56.0,0.7,0.0,,,
anoshift_correlated_gaussian,power,iid_transfer,2006-2014,near,z_mahalanobis_sq,p_z_mahalanobis_sq,,0.06,,0.1,0.1,composite,56.0,0.36,0.1666666666666666,,,
anoshift_correlated_gaussian,power,iid_transfer,2006-2014,near,t_iut,p_t_iut,,0.02,,0.1,0.1,composite,56.0,0.6033333333333334,0.0,,,
anoshift_correlated_gaussian,power,iid_transfer,2006-2014,near,z_plus_softmax,p_z_plus_softmax,,0.08,,0.1,0.1,composite,56.0,0.3566666666666666,0.0,,,
anoshift_correlated_gaussian,power,iid_transfer,2006-2014,near,z_plus_orth,p_z_plus_orth,,0.08,,0.1,0.1,composite,56.0,0.35,0.0,,,
anoshift_correlated_gaussian,power,iid_transfer,2006-2014,near,z_plus,p_z_plus,,0.04,,0.1,0.15,composite,56.0,0.5866666666666667,0.1666666666666666,,,
anoshift_correlated_gaussian,power,iid_transfer,2006-2014,near,z_plus_renorm,p_z_plus_renorm,,0.08,,0.1,0.15,composite,55.0,0.5960000000000001,0.0,,,
anoshift_correlated_gaussian,power,iid_transfer,2006-2014,near,breadth,p_breadth,,0.02,,0.1,0.15,composite,56.0,0.6183333333333334,0.0,,,
anoshift_correlated_gaussian,power,iid_transfer,2006-2014,near,z_mahalanobis_sq,p_z_mahalanobis_sq,,0.06,,0.1,0.15,composite,56.0,0.5633333333333334,0.1666666666666666,,,
anoshift_correlated_gaussian,power,iid_transfer,2006-2014,near,t_iut,p_t_iut,,0.02,,0.1,0.15,composite,56.0,0.3533333333333333,0.0,,,
anoshift_correlated_gaussian,power,iid_transfer,2006-2014,near,z_plus_softmax,p_z_plus_softmax,,0.08,,0.1,0.15,composite,55.0,0.584,0.2,,,
anoshift_correlated_gaussian,power,iid_transfer,2006-2014,near,z_plus_orth,p_z_plus_orth,,0.08,,0.1,0.15,composite,55.0,0.5880000000000001,0.2,,,
anoshift_correlated_gaussian,power,iid_transfer,2006-2014,near,z_plus,p_z_plus,,0.06,,0.1,0.2,composite,56.0,0.4333333333333333,0.0,,,
anoshift_correlated_gaussian,power,iid_transfer,2006-2014,near,z_plus_renorm,p_z_plus_renorm,,0.06,,0.1,0.2,composite,56.0,0.5700000000000001,0.1666666666666666,,,
anoshift_correlated_gaussian,power,iid_transfer,2006-2014,near,breadth,p_breadth,,0.02,,0.1,0.2,composite,56.0,0.3066666666666666,0.0,,,
anoshift_correlated_gaussian,power,iid_transfer,2006-2014,near,z_mahalanobis_sq,p_z_mahalanobis_sq,,0.08,,0.1,0.2,composite,56.0,0.5266666666666666,0.0,,,
anoshift_correlated_gaussian,power,iid_transfer,2006-2014,near,t_iut,p_t_iut,,0.02,,0.1,0.2,composite,56.0,0.4766666666666667,0.0,,,
anoshift_correlated_gaussian,power,iid_transfer,2006-2014,near,z_plus_softmax,p_z_plus_softmax,,0.06,,0.1,0.2,composite,56.0,0.5566666666666666,0.1666666666666666,,,
anoshift_correlated_gaussian,power,iid_transfer,2006-2014,near,z_plus_orth,p_z_plus_orth,,0.06,,0.1,0.2,composite,56.0,0.5533333333333333,0.1666666666666666,,,
anoshift_correlated_gaussian,power,iid_transfer,2006-2014,near,z_plus,p_z_plus,,0.04,,0.1,0.3,composite,56.0,0.42,0.1666666666666666,,,
anoshift_correlated_gaussian,power,iid_transfer,2006-2014,near,z_plus_renorm,p_z_plus_renorm,,0.08,,0.1,0.3,composite,56.0,0.4066666666666667,0.0,,,
anoshift_correlated_gaussian,power,iid_transfer,2006-2014,near,breadth,p_breadth,,0.02,,0.1,0.3,composite,56.0,0.4716666666666667,0.0,,,
anoshift_correlated_gaussian,power,iid_transfer,2006-2014,near,z_mahalanobis_sq,p_z_mahalanobis_sq,,0.06,,0.1,0.3,composite,56.0,0.3233333333333333,0.1666666666666666,,,
anoshift_correlated_gaussian,power,iid_transfer,2006-2014,near,t_iut,p_t_iut,,0.02,,0.1,0.3,composite,56.0,0.47,0.1666666666666666,,,
anoshift_correlated_gaussian,power,iid_transfer,2006-2014,near,z_plus_softmax,p_z_plus_softmax,,0.08,,0.1,0.3,composite,56.0,0.3333333333333333,0.0,,,
anoshift_correlated_gaussian,power,iid_transfer,2006-2014,near,z_plus_orth,p_z_plus_orth,,0.08,,0.1,0.3,composite,56.0,0.3366666666666666,0.0,,,
anoshift_threshold_clustering_m1_v2,power,iid_transfer,2006-2014,near,z_plus,p_z_plus,,0.1942777632837638,,0.01,0.05,composite,11499.0,,,,,
anoshift_threshold_clustering_m1_v2,power,iid_transfer,2006-2014,near,z_plus_renorm,p_z_plus_renorm,,0.2201409330122201,,0.01,0.05,composite,11211.0,,,,,
anoshift_threshold_clustering_m1_v2,power,iid_transfer,2006-2014,near,breadth,p_breadth,,0.0045221323593355,,0.01,0.05,composite,11499.0,,,,,
anoshift_threshold_clustering_m1_v2,power,iid_transfer,2006-2014,near,z_mahalanobis_sq,p_z_mahalanobis_sq,,0.3954351456670996,,0.01,0.05,composite,5389.0,,,,,
anoshift_threshold_clustering_m1_v2,power,iid_transfer,2006-2014,near,t_iut,p_t_iut,,0.0537438038090268,,0.01,0.05,composite,11499.0,,,,,
anoshift_threshold_clustering_m1_v2,power,iid_transfer,2006-2014,near,z_plus_softmax,p_z_plus_softmax,,0.2245116403532245,,0.01,0.05,composite,11211.0,,,,,
anoshift_threshold_clustering_m1_v2,power,iid_transfer,2006-2014,near,z_plus_orth,p_z_plus_orth,,0.232004281509232,,0.01,0.05,composite,11211.0,,,,,
anoshift_threshold_clustering_m1_v2,power,iid_transfer,2006-2014,near,z_plus,p_z_plus,,0.1942777632837638,,0.01,0.1,composite,11499.0,,,,,
anoshift_threshold_clustering_m1_v2,power,iid_transfer,2006-2014,near,z_plus_renorm,p_z_plus_renorm,,0.2201409330122201,,0.01,0.1,composite,11211.0,,,,,
anoshift_threshold_clustering_m1_v2,power,iid_transfer,2006-2014,near,breadth,p_breadth,,0.0045221323593355,,0.01,0.1,composite,11499.0,,,,,
anoshift_threshold_clustering_m1_v2,power,iid_transfer,2006-2014,near,z_mahalanobis_sq,p_z_mahalanobis_sq,,0.3954351456670996,,0.01,0.1,composite,5389.0,,,,,
anoshift_threshold_clustering_m1_v2,power,iid_transfer,2006-2014,near,t_iut,p_t_iut,,0.0537438038090268,,0.01,0.1,composite,11499.0,,,,,
anoshift_threshold_clustering_m1_v2,power,iid_transfer,2006-2014,near,z_plus_softmax,p_z_plus_softmax,,0.2245116403532245,,0.01,0.1,composite,11211.0,,,,,
anoshift_threshold_clustering_m1_v2,power,iid_transfer,2006-2014,near,z_plus_orth,p_z_plus_orth,,0.232004281509232,,0.01,0.1,composite,11211.0,,,,,
anoshift_threshold_clustering_m1_v2,power,iid_transfer,2006-2014,near,z_plus,p_z_plus,,0.1942777632837638,,0.01,0.15,composite,11499.0,,,,,
anoshift_threshold_clustering_m1_v2,power,iid_transfer,2006-2014,near,z_plus_renorm,p_z_plus_renorm,,0.2201409330122201,,0.01,0.15,composite,11211.0,,,,,
anoshift_threshold_clustering_m1_v2,power,iid_transfer,2006-2014,near,breadth,p_breadth,,0.0045221323593355,,0.01,0.15,composite,11499.0,,,,,
anoshift_threshold_clustering_m1_v2,power,iid_transfer,2006-2014,near,z_mahalanobis_sq,p_z_mahalanobis_sq,,0.3954351456670996,,0.01,0.15,composite,5389.0,,,,,
anoshift_threshold_clustering_m1_v2,power,iid_transfer,2006-2014,near,t_iut,p_t_iut,,0.0537438038090268,,0.01,0.15,composite,11499.0,,,,,
anoshift_threshold_clustering_m1_v2,power,iid_transfer,2006-2014,near,z_plus_softmax,p_z_plus_softmax,,0.2245116403532245,,0.01,0.15,composite,11211.0,,,,,
anoshift_threshold_clustering_m1_v2,power,iid_transfer,2006-2014,near,z_plus_orth,p_z_plus_orth,,0.232004281509232,,0.01,0.15,composite,11211.0,,,,,
anoshift_threshold_clustering_m1_v2,power,iid_transfer,2006-2014,near,z_plus,p_z_plus,,0.1942777632837638,,0.01,0.2,composite,11499.0,,,,,
anoshift_threshold_clustering_m1_v2,power,iid_transfer,2006-2014,near,z_plus_renorm,p_z_plus_renorm,,0.2201409330122201,,0.01,0.2,composite,11211.0,,,,,
anoshift_threshold_clustering_m1_v2,power,iid_transfer,2006-2014,near,breadth,p_breadth,,0.0045221323593355,,0.01,0.2,composite,11499.0,,,,,
anoshift_threshold_clustering_m1_v2,power,iid_transfer,2006-2014,near,z_mahalanobis_sq,p_z_mahalanobis_sq,,0.3954351456670996,,0.01,0.2,composite,5389.0,,,,,
anoshift_threshold_clustering_m1_v2,power,iid_transfer,2006-2014,near,t_iut,p_t_iut,,0.0537438038090268,,0.01,0.2,composite,11499.0,,,,,
anoshift_threshold_clustering_m1_v2,power,iid_transfer,2006-2014,near,z_plus_softmax,p_z_plus_softmax,,0.2245116403532245,,0.01,0.2,composite,11211.0,,,,,
anoshift_threshold_clustering_m1_v2,power,iid_transfer,2006-2014,near,z_plus_orth,p_z_plus_orth,,0.232004281509232,,0.01,0.2,composite,11211.0,,,,,
anoshift_threshold_clustering_m1_v2,power,iid_transfer,2006-2014,near,z_plus,p_z_plus,,0.1942777632837638,,0.01,0.3,composite,11499.0,,,,,
anoshift_threshold_clustering_m1_v2,power,iid_transfer,2006-2014,near,z_plus_renorm,p_z_plus_renorm,,0.2201409330122201,,0.01,0.3,composite,11211.0,,,,,
anoshift_threshold_clustering_m1_v2,power,iid_transfer,2006-2014,near,breadth,p_breadth,,0.0045221323593355,,0.01,0.3,composite,11499.0,,,,,
anoshift_threshold_clustering_m1_v2,power,iid_transfer,2006-2014,near,z_mahalanobis_sq,p_z_mahalanobis_sq,,0.3954351456670996,,0.01,0.3,composite,5389.0,,,,,
anoshift_threshold_clustering_m1_v2,power,iid_transfer,2006-2014,near,t_iut,p_t_iut,,0.0537438038090268,,0.01,0.3,composite,11499.0,,,,,
anoshift_threshold_clustering_m1_v2,power,iid_transfer,2006-2014,near,z_plus_softmax,p_z_plus_softmax,,0.2245116403532245,,0.01,0.3,composite,11211.0,,,,,
anoshift_threshold_clustering_m1_v2,power,iid_transfer,2006-2014,near,z_plus_orth,p_z_plus_orth,,0.232004281509232,,0.01,0.3,composite,11211.0,,,,,
anoshift_threshold_clustering_m1_v2,power,iid_transfer,2006-2014,near,z_plus,p_z_plus,,0.1942777632837638,,0.05,0.05,composite,11499.0,,,,,
anoshift_threshold_clustering_m1_v2,power,iid_transfer,2006-2014,near,z_plus_renorm,p_z_plus_renorm,,0.2201409330122201,,0.05,0.05,composite,11211.0,,,,,
anoshift_threshold_clustering_m1_v2,power,iid_transfer,2006-2014,near,breadth,p_breadth,,0.0045221323593355,,0.05,0.05,composite,11499.0,,,,,
anoshift_threshold_clustering_m1_v2,power,iid_transfer,2006-2014,near,z_mahalanobis_sq,p_z_mahalanobis_sq,,0.3954351456670996,,0.05,0.05,composite,5389.0,,,,,
anoshift_threshold_clustering_m1_v2,power,iid_transfer,2006-2014,near,t_iut,p_t_iut,,0.0537438038090268,,0.05,0.05,composite,11499.0,,,,,
anoshift_threshold_clustering_m1_v2,power,iid_transfer,2006-2014,near,z_plus_softmax,p_z_plus_softmax,,0.2245116403532245,,0.05,0.05,composite,11211.0,,,,,
anoshift_threshold_clustering_m1_v2,power,iid_transfer,2006-2014,near,z_plus_orth,p_z_plus_orth,,0.232004281509232,,0.05,0.05,composite,11211.0,,,,,
anoshift_threshold_clustering_m1_v2,power,iid_transfer,2006-2014,near,z_plus,p_z_plus,,0.1942777632837638,,0.05,0.1,composite,11499.0,,,,,
anoshift_threshold_clustering_m1_v2,power,iid_transfer,2006-2014,near,z_plus_renorm,p_z_plus_renorm,,0.2201409330122201,,0.05,0.1,composite,11211.0,,,,,
anoshift_threshold_clustering_m1_v2,power,iid_transfer,2006-2014,near,breadth,p_breadth,,0.0045221323593355,,0.05,0.1,composite,11499.0,,,,,
anoshift_threshold_clustering_m1_v2,power,iid_transfer,2006-2014,near,z_mahalanobis_sq,p_z_mahalanobis_sq,,0.3954351456670996,,0.05,0.1,composite,5389.0,,,,,
anoshift_threshold_clustering_m1_v2,power,iid_transfer,2006-2014,near,t_iut,p_t_iut,,0.0537438038090268,,0.05,0.1,composite,11499.0,,,,,
anoshift_threshold_clustering_m1_v2,power,iid_transfer,2006-2014,near,z_plus_softmax,p_z_plus_softmax,,0.2245116403532245,,0.05,0.1,composite,11211.0,,,,,
anoshift_threshold_clustering_m1_v2,power,iid_transfer,2006-2014,near,z_plus_orth,p_z_plus_orth,,0.232004281509232,,0.05,0.1,composite,11211.0,,,,,
anoshift_threshold_clustering_m1_v2,power,iid_transfer,2006-2014,near,z_plus,p_z_plus,,0.1942777632837638,,0.05,0.15,composite,11499.0,,,,,
anoshift_threshold_clustering_m1_v2,power,iid_transfer,2006-2014,near,z_plus_renorm,p_z_plus_renorm,,0.2201409330122201,,0.05,0.15,composite,11211.0,,,,,
anoshift_threshold_clustering_m1_v2,power,iid_transfer,2006-2014,near,breadth,p_breadth,,0.0045221323593355,,0.05,0.15,composite,11499.0,,,,,
anoshift_threshold_clustering_m1_v2,power,iid_transfer,2006-2014,near,z_mahalanobis_sq,p_z_mahalanobis_sq,,0.3954351456670996,,0.05,0.15,composite,5389.0,,,,,
anoshift_threshold_clustering_m1_v2,power,iid_transfer,2006-2014,near,t_iut,p_t_iut,,0.0537438038090268,,0.05,0.15,composite,11499.0,,,,,
anoshift_threshold_clustering_m1_v2,power,iid_transfer,2006-2014,near,z_plus_softmax,p_z_plus_softmax,,0.2245116403532245,,0.05,0.15,composite,11211.0,,,,,
anoshift_threshold_clustering_m1_v2,power,iid_transfer,2006-2014,near,z_plus_orth,p_z_plus_orth,,0.232004281509232,,0.05,0.15,composite,11211.0,,,,,
anoshift_threshold_clustering_m1_v2,power,iid_transfer,2006-2014,near,z_plus,p_z_plus,,0.1942777632837638,,0.05,0.2,composite,11499.0,,,,,
anoshift_threshold_clustering_m1_v2,power,iid_transfer,2006-2014,near,z_plus_renorm,p_z_plus_renorm,,0.2201409330122201,,0.05,0.2,composite,11211.0,,,,,
anoshift_threshold_clustering_m1_v2,power,iid_transfer,2006-2014,near,breadth,p_breadth,,0.0045221323593355,,0.05,0.2,composite,11499.0,,,,,
anoshift_threshold_clustering_m1_v2,power,iid_transfer,2006-2014,near,z_mahalanobis_sq,p_z_mahalanobis_sq,,0.3954351456670996,,0.05,0.2,composite,5389.0,,,,,
anoshift_threshold_clustering_m1_v2,power,iid_transfer,2006-2014,near,t_iut,p_t_iut,,0.0537438038090268,,0.05,0.2,composite,11499.0,,,,,
anoshift_threshold_clustering_m1_v2,power,iid_transfer,2006-2014,near,z_plus_softmax,p_z_plus_softmax,,0.2245116403532245,,0.05,0.2,composite,11211.0,,,,,
anoshift_threshold_clustering_m1_v2,power,iid_transfer,2006-2014,near,z_plus_orth,p_z_plus_orth,,0.232004281509232,,0.05,0.2,composite,11211.0,,,,,
anoshift_threshold_clustering_m1_v2,power,iid_transfer,2006-2014,near,z_plus,p_z_plus,,0.1942777632837638,,0.05,0.3,composite,11499.0,,,,,
anoshift_threshold_clustering_m1_v2,power,iid_transfer,2006-2014,near,z_plus_renorm,p_z_plus_renorm,,0.2201409330122201,,0.05,0.3,composite,11211.0,,,,,
anoshift_threshold_clustering_m1_v2,power,iid_transfer,2006-2014,near,breadth,p_breadth,,0.0045221323593355,,0.05,0.3,composite,11499.0,,,,,
anoshift_threshold_clustering_m1_v2,power,iid_transfer,2006-2014,near,z_mahalanobis_sq,p_z_mahalanobis_sq,,0.3954351456670996,,0.05,0.3,composite,5389.0,,,,,
anoshift_threshold_clustering_m1_v2,power,iid_transfer,2006-2014,near,t_iut,p_t_iut,,0.0537438038090268,,0.05,0.3,composite,11499.0,,,,,
anoshift_threshold_clustering_m1_v2,power,iid_transfer,2006-2014,near,z_plus_softmax,p_z_plus_softmax,,0.2245116403532245,,0.05,0.3,composite,11211.0,,,,,
anoshift_threshold_clustering_m1_v2,power,iid_transfer,2006-2014,near,z_plus_orth,p_z_plus_orth,,0.232004281509232,,0.05,0.3,composite,11211.0,,,,,
anoshift_threshold_clustering_m1_v2,power,iid_transfer,2006-2014,near,z_plus,p_z_plus,,0.1942777632837638,,0.1,0.05,composite,11499.0,,,,,
anoshift_threshold_clustering_m1_v2,power,iid_transfer,2006-2014,near,z_plus_renorm,p_z_plus_renorm,,0.2201409330122201,,0.1,0.05,composite,11211.0,,,,,
anoshift_threshold_clustering_m1_v2,power,iid_transfer,2006-2014,near,breadth,p_breadth,,0.0045221323593355,,0.1,0.05,composite,11499.0,,,,,
anoshift_threshold_clustering_m1_v2,power,iid_transfer,2006-2014,near,z_mahalanobis_sq,p_z_mahalanobis_sq,,0.3954351456670996,,0.1,0.05,composite,5389.0,,,,,
anoshift_threshold_clustering_m1_v2,power,iid_transfer,2006-2014,near,t_iut,p_t_iut,,0.0537438038090268,,0.1,0.05,composite,11499.0,,,,,
anoshift_threshold_clustering_m1_v2,power,iid_transfer,2006-2014,near,z_plus_softmax,p_z_plus_softmax,,0.2245116403532245,,0.1,0.05,composite,11211.0,,,,,
anoshift_threshold_clustering_m1_v2,power,iid_transfer,2006-2014,near,z_plus_orth,p_z_plus_orth,,0.232004281509232,,0.1,0.05,composite,11211.0,,,,,
anoshift_threshold_clustering_m1_v2,power,iid_transfer,2006-2014,near,z_plus,p_z_plus,,0.1942777632837638,,0.1,0.1,composite,11499.0,,,,,
anoshift_threshold_clustering_m1_v2,power,iid_transfer,2006-2014,near,z_plus_renorm,p_z_plus_renorm,,0.2201409330122201,,0.1,0.1,composite,11211.0,,,,,
anoshift_threshold_clustering_m1_v2,power,iid_transfer,2006-2014,near,breadth,p_breadth,,0.0045221323593355,,0.1,0.1,composite,11499.0,,,,,
anoshift_threshold_clustering_m1_v2,power,iid_transfer,2006-2014,near,z_mahalanobis_sq,p_z_mahalanobis_sq,,0.3954351456670996,,0.1,0.1,composite,5389.0,,,,,
anoshift_threshold_clustering_m1_v2,power,iid_transfer,2006-2014,near,t_iut,p_t_iut,,0.0537438038090268,,0.1,0.1,composite,11499.0,,,,,
anoshift_threshold_clustering_m1_v2,power,iid_transfer,2006-2014,near,z_plus_softmax,p_z_plus_softmax,,0.2245116403532245,,0.1,0.1,composite,11211.0,,,,,
anoshift_threshold_clustering_m1_v2,power,iid_transfer,2006-2014,near,z_plus_orth,p_z_plus_orth,,0.232004281509232,,0.1,0.1,composite,11211.0,,,,,
anoshift_threshold_clustering_m1_v2,power,iid_transfer,2006-2014,near,z_plus,p_z_plus,,0.1942777632837638,,0.1,0.15,composite,11499.0,,,,,
anoshift_threshold_clustering_m1_v2,power,iid_transfer,2006-2014,near,z_plus_renorm,p_z_plus_renorm,,0.2201409330122201,,0.1,0.15,composite,11211.0,,,,,
anoshift_threshold_clustering_m1_v2,power,iid_transfer,2006-2014,near,breadth,p_breadth,,0.0045221323593355,,0.1,0.15,composite,11499.0,,,,,
anoshift_threshold_clustering_m1_v2,power,iid_transfer,2006-2014,near,z_mahalanobis_sq,p_z_mahalanobis_sq,,0.3954351456670996,,0.1,0.15,composite,5389.0,,,,,
anoshift_threshold_clustering_m1_v2,power,iid_transfer,2006-2014,near,t_iut,p_t_iut,,0.0537438038090268,,0.1,0.15,composite,11499.0,,,,,
anoshift_threshold_clustering_m1_v2,power,iid_transfer,2006-2014,near,z_plus_softmax,p_z_plus_softmax,,0.2245116403532245,,0.1,0.15,composite,11211.0,,,,,
anoshift_threshold_clustering_m1_v2,power,iid_transfer,2006-2014,near,z_plus_orth,p_z_plus_orth,,0.232004281509232,,0.1,0.15,composite,11211.0,,,,,
anoshift_threshold_clustering_m1_v2,power,iid_transfer,2006-2014,near,z_plus,p_z_plus,,0.1942777632837638,,0.1,0.2,composite,11499.0,,,,,
anoshift_threshold_clustering_m1_v2,power,iid_transfer,2006-2014,near,z_plus_renorm,p_z_plus_renorm,,0.2201409330122201,,0.1,0.2,composite,11211.0,,,,,
anoshift_threshold_clustering_m1_v2,power,iid_transfer,2006-2014,near,breadth,p_breadth,,0.0045221323593355,,0.1,0.2,composite,11499.0,,,,,
anoshift_threshold_clustering_m1_v2,power,iid_transfer,2006-2014,near,z_mahalanobis_sq,p_z_mahalanobis_sq,,0.3954351456670996,,0.1,0.2,composite,5389.0,,,,,
anoshift_threshold_clustering_m1_v2,power,iid_transfer,2006-2014,near,t_iut,p_t_iut,,0.0537438038090268,,0.1,0.2,composite,11499.0,,,,,
anoshift_threshold_clustering_m1_v2,power,iid_transfer,2006-2014,near,z_plus_softmax,p_z_plus_softmax,,0.2245116403532245,,0.1,0.2,composite,11211.0,,,,,
anoshift_threshold_clustering_m1_v2,power,iid_transfer,2006-2014,near,z_plus_orth,p_z_plus_orth,,0.232004281509232,,0.1,0.2,composite,11211.0,,,,,
anoshift_threshold_clustering_m1_v2,power,iid_transfer,2006-2014,near,z_plus,p_z_plus,,0.1942777632837638,,0.1,0.3,composite,11499.0,,,,,
anoshift_threshold_clustering_m1_v2,power,iid_transfer,2006-2014,near,z_plus_renorm,p_z_plus_renorm,,0.2201409330122201,,0.1,0.3,composite,11211.0,,,,,
anoshift_threshold_clustering_m1_v2,power,iid_transfer,2006-2014,near,breadth,p_breadth,,0.0045221323593355,,0.1,0.3,composite,11499.0,,,,,
anoshift_threshold_clustering_m1_v2,power,iid_transfer,2006-2014,near,z_mahalanobis_sq,p_z_mahalanobis_sq,,0.3954351456670996,,0.1,0.3,composite,5389.0,,,,,
anoshift_threshold_clustering_m1_v2,power,iid_transfer,2006-2014,near,t_iut,p_t_iut,,0.0537438038090268,,0.1,0.3,composite,11499.0,,,,,
anoshift_threshold_clustering_m1_v2,power,iid_transfer,2006-2014,near,z_plus_softmax,p_z_plus_softmax,,0.2245116403532245,,0.1,0.3,composite,11211.0,,,,,
anoshift_threshold_clustering_m1_v2,power,iid_transfer,2006-2014,near,z_plus_orth,p_z_plus_orth,,0.232004281509232,,0.1,0.3,composite,11211.0,,,,,
anoshift_correlated_gaussian,power,iid_transfer,2006-2014,far,z_plus,p_z_plus,,0.0476190476190476,,0.01,0.05,composite,85.0,0.4761904761904761,0.0,,,
anoshift_correlated_gaussian,power,iid_transfer,2006-2014,far,z_plus_renorm,p_z_plus_renorm,,0.0357142857142857,,0.01,0.05,composite,85.0,0.3571428571428571,0.0,,,
anoshift_correlated_gaussian,power,iid_transfer,2006-2014,far,breadth,p_breadth,,0.0357142857142857,,0.01,0.05,composite,85.0,0.6428571428571429,0.0,,,
anoshift_correlated_gaussian,power,iid_transfer,2006-2014,far,z_mahalanobis_sq,p_z_mahalanobis_sq,,0.0476190476190476,,0.01,0.05,composite,85.0,0.6071428571428572,0.0,,,
anoshift_correlated_gaussian,power,iid_transfer,2006-2014,far,t_iut,p_t_iut,,0.0833333333333333,,0.01,0.05,composite,85.0,0.0476190476190476,0.0,,,
anoshift_correlated_gaussian,power,iid_transfer,2006-2014,far,z_plus_softmax,p_z_plus_softmax,,0.0595238095238095,,0.01,0.05,composite,85.0,0.369047619047619,0.0,,,
anoshift_correlated_gaussian,power,iid_transfer,2006-2014,far,z_plus_orth,p_z_plus_orth,,0.0357142857142857,,0.01,0.05,composite,85.0,0.4166666666666666,0.0,,,
anoshift_correlated_gaussian,power,iid_transfer,2006-2014,far,z_plus,p_z_plus,,0.0476190476190476,,0.01,0.1,composite,85.0,0.2261904761904761,0.0,,,
anoshift_correlated_gaussian,power,iid_transfer,2006-2014,far,z_plus_renorm,p_z_plus_renorm,,0.0357142857142857,,0.01,0.1,composite,85.0,0.25,0.0,,,
anoshift_correlated_gaussian,power,iid_transfer,2006-2014,far,breadth,p_breadth,,0.0357142857142857,,0.01,0.1,composite,85.0,0.3571428571428571,0.0,,,
anoshift_correlated_gaussian,power,iid_transfer,2006-2014,far,z_mahalanobis_sq,p_z_mahalanobis_sq,,0.0476190476190476,,0.01,0.1,composite,85.0,0.119047619047619,0.0,,,
anoshift_correlated_gaussian,power,iid_transfer,2006-2014,far,t_iut,p_t_iut,,0.0833333333333333,,0.01,0.1,composite,85.0,0.7857142857142858,0.0,,,
anoshift_correlated_gaussian,power,iid_transfer,2006-2014,far,z_plus_softmax,p_z_plus_softmax,,0.0595238095238095,,0.01,0.1,composite,85.0,0.3095238095238095,0.0,,,
anoshift_correlated_gaussian,power,iid_transfer,2006-2014,far,z_plus_orth,p_z_plus_orth,,0.0357142857142857,,0.01,0.1,composite,85.0,0.2738095238095238,0.0,,,
anoshift_correlated_gaussian,power,iid_transfer,2006-2014,far,z_plus,p_z_plus,,0.0476190476190476,,0.01,0.15,composite,85.0,0.9047619047619048,0.0,,,
anoshift_correlated_gaussian,power,iid_transfer,2006-2014,far,z_plus_renorm,p_z_plus_renorm,,0.0357142857142857,,0.01,0.15,composite,85.0,0.8452380952380952,0.0,,,
anoshift_correlated_gaussian,power,iid_transfer,2006-2014,far,breadth,p_breadth,,0.0357142857142857,,0.01,0.15,composite,85.0,0.8630952380952381,0.0,,,
anoshift_correlated_gaussian,power,iid_transfer,2006-2014,far,z_mahalanobis_sq,p_z_mahalanobis_sq,,0.0357142857142857,,0.01,0.15,composite,85.0,0.9761904761904762,1.0,,,
anoshift_correlated_gaussian,power,iid_transfer,2006-2014,far,t_iut,p_t_iut,,0.0833333333333333,,0.01,0.15,composite,85.0,0.0,0.0,,,
anoshift_correlated_gaussian,power,iid_transfer,2006-2014,far,z_plus_softmax,p_z_plus_softmax,,0.0595238095238095,,0.01,0.15,composite,85.0,1.0,1.0,,,
anoshift_correlated_gaussian,power,iid_transfer,2006-2014,far,z_plus_orth,p_z_plus_orth,,0.0357142857142857,,0.01,0.15,composite,85.0,1.0,1.0,,,
anoshift_correlated_gaussian,power,iid_transfer,2006-2014,far,z_plus,p_z_plus,,0.0476190476190476,,0.01,0.2,composite,85.0,0.6309523809523809,0.0,,,
anoshift_correlated_gaussian,power,iid_transfer,2006-2014,far,z_plus_renorm,p_z_plus_renorm,,0.0357142857142857,,0.01,0.2,composite,85.0,0.5357142857142857,0.0,,,
anoshift_correlated_gaussian,power,iid_transfer,2006-2014,far,breadth,p_breadth,,0.0357142857142857,,0.01,0.2,composite,85.0,0.6428571428571429,0.0,,,
anoshift_correlated_gaussian,power,iid_transfer,2006-2014,far,z_mahalanobis_sq,p_z_mahalanobis_sq,,0.0476190476190476,,0.01,0.2,composite,85.0,0.7380952380952381,0.0,,,
anoshift_correlated_gaussian,power,iid_transfer,2006-2014,far,t_iut,p_t_iut,,0.0833333333333333,,0.01,0.2,composite,85.0,0.2857142857142857,0.0,,,
anoshift_correlated_gaussian,power,iid_transfer,2006-2014,far,z_plus_softmax,p_z_plus_softmax,,0.0595238095238095,,0.01,0.2,composite,85.0,0.5357142857142857,0.0,,,
anoshift_correlated_gaussian,power,iid_transfer,2006-2014,far,z_plus_orth,p_z_plus_orth,,0.0357142857142857,,0.01,0.2,composite,85.0,0.5,0.0,,,
anoshift_correlated_gaussian,power,iid_transfer,2006-2014,far,z_plus,p_z_plus,,0.0476190476190476,,0.01,0.3,composite,85.0,0.5,0.0,,,
anoshift_correlated_gaussian,power,iid_transfer,2006-2014,far,z_plus_renorm,p_z_plus_renorm,,0.0357142857142857,,0.01,0.3,composite,85.0,0.369047619047619,0.0,,,
anoshift_correlated_gaussian,power,iid_transfer,2006-2014,far,breadth,p_breadth,,0.0357142857142857,,0.01,0.3,composite,85.0,0.6428571428571429,0.0,,,
anoshift_correlated_gaussian,power,iid_transfer,2006-2014,far,z_mahalanobis_sq,p_z_mahalanobis_sq,,0.0476190476190476,,0.01,0.3,composite,85.0,0.5,0.0,,,
anoshift_correlated_gaussian,power,iid_transfer,2006-2014,far,t_iut,p_t_iut,,0.0833333333333333,,0.01,0.3,composite,85.0,0.25,0.0,,,
anoshift_correlated_gaussian,power,iid_transfer,2006-2014,far,z_plus_softmax,p_z_plus_softmax,,0.0595238095238095,,0.01,0.3,composite,85.0,0.4404761904761904,0.0,,,
anoshift_correlated_gaussian,power,iid_transfer,2006-2014,far,z_plus_orth,p_z_plus_orth,,0.0357142857142857,,0.01,0.3,composite,85.0,0.3809523809523809,0.0,,,
anoshift_correlated_gaussian,power,iid_transfer,2006-2014,far,z_plus,p_z_plus,,0.0493827160493827,,0.05,0.05,composite,85.0,0.5061728395061729,0.0,,,
anoshift_correlated_gaussian,power,iid_transfer,2006-2014,far,z_plus_renorm,p_z_plus_renorm,,0.037037037037037,,0.05,0.05,composite,85.0,0.5030864197530864,0.0,,,
anoshift_correlated_gaussian,power,iid_transfer,2006-2014,far,breadth,p_breadth,,0.0246913580246913,,0.05,0.05,composite,85.0,0.4722222222222222,0.25,,,
anoshift_correlated_gaussian,power,iid_transfer,2006-2014,far,z_mahalanobis_sq,p_z_mahalanobis_sq,,0.0493827160493827,,0.05,0.05,composite,85.0,0.5802469135802469,0.0,,,
anoshift_correlated_gaussian,power,iid_transfer,2006-2014,far,t_iut,p_t_iut,,0.074074074074074,,0.05,0.05,composite,85.0,0.4753086419753086,0.25,,,
anoshift_correlated_gaussian,power,iid_transfer,2006-2014,far,z_plus_softmax,p_z_plus_softmax,,0.0617283950617283,,0.05,0.05,composite,85.0,0.5216049382716049,0.0,,,
anoshift_correlated_gaussian,power,iid_transfer,2006-2014,far,z_plus_orth,p_z_plus_orth,,0.037037037037037,,0.05,0.05,composite,85.0,0.5493827160493827,0.0,,,
anoshift_correlated_gaussian,power,iid_transfer,2006-2014,far,z_plus,p_z_plus,,0.0493827160493827,,0.05,0.1,composite,85.0,0.6975308641975309,0.5,,,
anoshift_correlated_gaussian,power,iid_transfer,2006-2014,far,z_plus_renorm,p_z_plus_renorm,,0.037037037037037,,0.05,0.1,composite,85.0,0.7345679012345679,0.0,,,
anoshift_correlated_gaussian,power,iid_transfer,2006-2014,far,breadth,p_breadth,,0.037037037037037,,0.05,0.1,composite,85.0,0.5570987654320988,0.0,,,
anoshift_correlated_gaussian,power,iid_transfer,2006-2014,far,z_mahalanobis_sq,p_z_mahalanobis_sq,,0.037037037037037,,0.05,0.1,composite,85.0,0.7839506172839507,0.25,,,
anoshift_correlated_gaussian,power,iid_transfer,2006-2014,far,t_iut,p_t_iut,,0.0864197530864197,,0.05,0.1,composite,85.0,0.308641975308642,0.0,,,
anoshift_correlated_gaussian,power,iid_transfer,2006-2014,far,z_plus_softmax,p_z_plus_softmax,,0.0617283950617283,,0.05,0.1,composite,85.0,0.7469135802469137,0.25,,,
anoshift_correlated_gaussian,power,iid_transfer,2006-2014,far,z_plus_orth,p_z_plus_orth,,0.037037037037037,,0.05,0.1,composite,85.0,0.7438271604938272,0.5,,,
anoshift_correlated_gaussian,power,iid_transfer,2006-2014,far,z_plus,p_z_plus,,0.037037037037037,,0.05,0.15,composite,85.0,0.654320987654321,0.25,,,
anoshift_correlated_gaussian,power,iid_transfer,2006-2014,far,z_plus_renorm,p_z_plus_renorm,,0.037037037037037,,0.05,0.15,composite,85.0,0.6697530864197531,0.25,,,
anoshift_correlated_gaussian,power,iid_transfer,2006-2014,far,breadth,p_breadth,,0.037037037037037,,0.05,0.15,composite,85.0,0.5231481481481481,0.0,,,
anoshift_correlated_gaussian,power,iid_transfer,2006-2014,far,z_mahalanobis_sq,p_z_mahalanobis_sq,,0.0493827160493827,,0.05,0.15,composite,85.0,0.5987654320987654,0.0,,,
anoshift_correlated_gaussian,power,iid_transfer,2006-2014,far,t_iut,p_t_iut,,0.074074074074074,,0.05,0.15,composite,85.0,0.6141975308641976,0.25,,,
anoshift_correlated_gaussian,power,iid_transfer,2006-2014,far,z_plus_softmax,p_z_plus_softmax,,0.0493827160493827,,0.05,0.15,composite,85.0,0.6018518518518517,0.25,,,
anoshift_correlated_gaussian,power,iid_transfer,2006-2014,far,z_plus_orth,p_z_plus_orth,,0.0246913580246913,,0.05,0.15,composite,85.0,0.5864197530864198,0.25,,,
anoshift_correlated_gaussian,power,iid_transfer,2006-2014,far,z_plus,p_z_plus,,0.0493827160493827,,0.05,0.2,composite,85.0,0.4074074074074074,0.0,,,
anoshift_correlated_gaussian,power,iid_transfer,2006-2014,far,z_plus_renorm,p_z_plus_renorm,,0.037037037037037,,0.05,0.2,composite,85.0,0.4166666666666667,0.0,,,
anoshift_correlated_gaussian,power,iid_transfer,2006-2014,far,breadth,p_breadth,,0.037037037037037,,0.05,0.2,composite,85.0,0.4429012345679012,0.0,,,
anoshift_correlated_gaussian,power,iid_transfer,2006-2014,far,z_mahalanobis_sq,p_z_mahalanobis_sq,,0.0493827160493827,,0.05,0.2,composite,85.0,0.4228395061728395,0.0,,,
anoshift_correlated_gaussian,power,iid_transfer,2006-2014,far,t_iut,p_t_iut,,0.0864197530864197,,0.05,0.2,composite,85.0,0.4444444444444444,0.0,,,
anoshift_correlated_gaussian,power,iid_transfer,2006-2014,far,z_plus_softmax,p_z_plus_softmax,,0.0617283950617283,,0.05,0.2,composite,85.0,0.4444444444444445,0.0,,,
anoshift_correlated_gaussian,power,iid_transfer,2006-2014,far,z_plus_orth,p_z_plus_orth,,0.037037037037037,,0.05,0.2,composite,85.0,0.4475308641975308,0.0,,,
anoshift_correlated_gaussian,power,iid_transfer,2006-2014,far,z_plus,p_z_plus,,0.0493827160493827,,0.05,0.3,composite,85.0,0.4753086419753086,0.0,,,
anoshift_correlated_gaussian,power,iid_transfer,2006-2014,far,z_plus_renorm,p_z_plus_renorm,,0.037037037037037,,0.05,0.3,composite,85.0,0.3888888888888889,0.0,,,
anoshift_correlated_gaussian,power,iid_transfer,2006-2014,far,breadth,p_breadth,,0.037037037037037,,0.05,0.3,composite,85.0,0.6080246913580247,0.25,,,
anoshift_correlated_gaussian,power,iid_transfer,2006-2014,far,z_mahalanobis_sq,p_z_mahalanobis_sq,,0.0493827160493827,,0.05,0.3,composite,85.0,0.3302469135802469,0.0,,,
anoshift_correlated_gaussian,power,iid_transfer,2006-2014,far,t_iut,p_t_iut,,0.0617283950617283,,0.05,0.3,composite,85.0,0.7345679012345679,0.25,,,
anoshift_correlated_gaussian,power,iid_transfer,2006-2014,far,z_plus_softmax,p_z_plus_softmax,,0.0617283950617283,,0.05,0.3,composite,85.0,0.4814814814814815,0.0,,,
anoshift_correlated_gaussian,power,iid_transfer,2006-2014,far,z_plus_orth,p_z_plus_orth,,0.037037037037037,,0.05,0.3,composite,85.0,0.4691358024691358,0.0,,,
anoshift_correlated_gaussian,power,iid_transfer,2006-2014,far,z_plus,p_z_plus,,0.0389610389610389,,0.1,0.05,composite,85.0,0.4415584415584416,0.125,,,
anoshift_correlated_gaussian,power,iid_transfer,2006-2014,far,z_plus_renorm,p_z_plus_renorm,,0.0389610389610389,,0.1,0.05,composite,85.0,0.3668831168831169,0.0,,,
anoshift_correlated_gaussian,power,iid_transfer,2006-2014,far,breadth,p_breadth,,0.0259740259740259,,0.1,0.05,composite,85.0,0.601461038961039,0.125,,,
anoshift_correlated_gaussian,power,iid_transfer,2006-2014,far,z_mahalanobis_sq,p_z_mahalanobis_sq,,0.0389610389610389,,0.1,0.05,composite,85.0,0.3766233766233766,0.125,,,
anoshift_correlated_gaussian,power,iid_transfer,2006-2014,far,t_iut,p_t_iut,,0.0779220779220779,,0.1,0.05,composite,85.0,0.5373376623376623,0.125,,,
anoshift_correlated_gaussian,power,iid_transfer,2006-2014,far,z_plus_softmax,p_z_plus_softmax,,0.0519480519480519,,0.1,0.05,composite,85.0,0.3912337662337662,0.0,,,
anoshift_correlated_gaussian,power,iid_transfer,2006-2014,far,z_plus_orth,p_z_plus_orth,,0.0389610389610389,,0.1,0.05,composite,85.0,0.387987012987013,0.0,,,
anoshift_correlated_gaussian,power,iid_transfer,2006-2014,far,z_plus,p_z_plus,,0.0389610389610389,,0.1,0.1,composite,85.0,0.6444805194805194,0.125,,,
anoshift_correlated_gaussian,power,iid_transfer,2006-2014,far,z_plus_renorm,p_z_plus_renorm,,0.0389610389610389,,0.1,0.1,composite,85.0,0.5698051948051948,0.0,,,
anoshift_correlated_gaussian,power,iid_transfer,2006-2014,far,breadth,p_breadth,,0.0389610389610389,,0.1,0.1,composite,85.0,0.6452922077922078,0.0,,,
anoshift_correlated_gaussian,power,iid_transfer,2006-2014,far,z_mahalanobis_sq,p_z_mahalanobis_sq,,0.0519480519480519,,0.1,0.1,composite,85.0,0.5308441558441559,0.0,,,
anoshift_correlated_gaussian,power,iid_transfer,2006-2014,far,t_iut,p_t_iut,,0.0909090909090909,,0.1,0.1,composite,85.0,0.650974025974026,0.0,,,
anoshift_correlated_gaussian,power,iid_transfer,2006-2014,far,z_plus_softmax,p_z_plus_softmax,,0.0649350649350649,,0.1,0.1,composite,85.0,0.6185064935064934,0.25,,,
anoshift_correlated_gaussian,power,iid_transfer,2006-2014,far,z_plus_orth,p_z_plus_orth,,0.0389610389610389,,0.1,0.1,composite,85.0,0.6217532467532467,0.25,,,
anoshift_correlated_gaussian,power,iid_transfer,2006-2014,far,z_plus,p_z_plus,,0.0519480519480519,,0.1,0.15,composite,85.0,0.6038961038961039,0.125,,,
anoshift_correlated_gaussian,power,iid_transfer,2006-2014,far,z_plus_renorm,p_z_plus_renorm,,0.0389610389610389,,0.1,0.15,composite,85.0,0.5827922077922078,0.0,,,
anoshift_correlated_gaussian,power,iid_transfer,2006-2014,far,breadth,p_breadth,,0.0259740259740259,,0.1,0.15,composite,85.0,0.5803571428571429,0.125,,,
anoshift_correlated_gaussian,power,iid_transfer,2006-2014,far,z_mahalanobis_sq,p_z_mahalanobis_sq,,0.0389610389610389,,0.1,0.15,composite,85.0,0.5665584415584415,0.125,,,
anoshift_correlated_gaussian,power,iid_transfer,2006-2014,far,t_iut,p_t_iut,,0.0649350649350649,,0.1,0.15,composite,85.0,0.5357142857142857,0.125,,,
anoshift_correlated_gaussian,power,iid_transfer,2006-2014,far,z_plus_softmax,p_z_plus_softmax,,0.0519480519480519,,0.1,0.15,composite,85.0,0.6136363636363636,0.25,,,
anoshift_correlated_gaussian,power,iid_transfer,2006-2014,far,z_plus_orth,p_z_plus_orth,,0.0389610389610389,,0.1,0.15,composite,85.0,0.6103896103896104,0.25,,,
anoshift_correlated_gaussian,power,iid_transfer,2006-2014,far,z_plus,p_z_plus,,0.0259740259740259,,0.1,0.2,composite,85.0,0.7451298701298702,0.25,,,
anoshift_correlated_gaussian,power,iid_transfer,2006-2014,far,z_plus_renorm,p_z_plus_renorm,,0.0259740259740259,,0.1,0.2,composite,85.0,0.6672077922077921,0.125,,,
anoshift_correlated_gaussian,power,iid_transfer,2006-2014,far,breadth,p_breadth,,0.0259740259740259,,0.1,0.2,composite,85.0,0.6996753246753247,0.125,,,
anoshift_correlated_gaussian,power,iid_transfer,2006-2014,far,z_mahalanobis_sq,p_z_mahalanobis_sq,,0.0389610389610389,,0.1,0.2,composite,85.0,0.7305194805194806,0.125,,,
anoshift_correlated_gaussian,power,iid_transfer,2006-2014,far,t_iut,p_t_iut,,0.0649350649350649,,0.1,0.2,composite,85.0,0.663961038961039,0.125,,,
anoshift_correlated_gaussian,power,iid_transfer,2006-2014,far,z_plus_softmax,p_z_plus_softmax,,0.0519480519480519,,0.1,0.2,composite,85.0,0.7012987012987013,0.125,,,
anoshift_correlated_gaussian,power,iid_transfer,2006-2014,far,z_plus_orth,p_z_plus_orth,,0.0389610389610389,,0.1,0.2,composite,85.0,0.7061688311688311,0.25,,,
anoshift_correlated_gaussian,power,iid_transfer,2006-2014,far,z_plus,p_z_plus,,0.0519480519480519,,0.1,0.3,composite,85.0,0.5811688311688312,0.125,,,
anoshift_correlated_gaussian,power,iid_transfer,2006-2014,far,z_plus_renorm,p_z_plus_renorm,,0.0389610389610389,,0.1,0.3,composite,85.0,0.5064935064935066,0.0,,,
anoshift_correlated_gaussian,power,iid_transfer,2006-2014,far,breadth,p_breadth,,0.0389610389610389,,0.1,0.3,composite,85.0,0.734577922077922,0.0,,,
anoshift_correlated_gaussian,power,iid_transfer,2006-2014,far,z_mahalanobis_sq,p_z_mahalanobis_sq,,0.0389610389610389,,0.1,0.3,composite,85.0,0.6168831168831169,0.25,,,
anoshift_correlated_gaussian,power,iid_transfer,2006-2014,far,t_iut,p_t_iut,,0.0779220779220779,,0.1,0.3,composite,85.0,0.323051948051948,0.0,,,
anoshift_correlated_gaussian,power,iid_transfer,2006-2014,far,z_plus_softmax,p_z_plus_softmax,,0.0649350649350649,,0.1,0.3,composite,85.0,0.564935064935065,0.125,,,
anoshift_correlated_gaussian,power,iid_transfer,2006-2014,far,z_plus_orth,p_z_plus_orth,,0.0389610389610389,,0.1,0.3,composite,85.0,0.5762987012987013,0.125,,,
anoshift_threshold_clustering_m1_v2,power,iid_transfer,2006-2014,far,z_plus,p_z_plus,,0.1942777632837638,,0.01,0.05,composite,11499.0,,,,,
anoshift_threshold_clustering_m1_v2,power,iid_transfer,2006-2014,far,z_plus_renorm,p_z_plus_renorm,,0.2201409330122201,,0.01,0.05,composite,11211.0,,,,,
anoshift_threshold_clustering_m1_v2,power,iid_transfer,2006-2014,far,breadth,p_breadth,,0.0045221323593355,,0.01,0.05,composite,11499.0,,,,,
anoshift_threshold_clustering_m1_v2,power,iid_transfer,2006-2014,far,z_mahalanobis_sq,p_z_mahalanobis_sq,,0.3954351456670996,,0.01,0.05,composite,5389.0,,,,,
anoshift_threshold_clustering_m1_v2,power,iid_transfer,2006-2014,far,t_iut,p_t_iut,,0.0537438038090268,,0.01,0.05,composite,11499.0,,,,,
anoshift_threshold_clustering_m1_v2,power,iid_transfer,2006-2014,far,z_plus_softmax,p_z_plus_softmax,,0.2245116403532245,,0.01,0.05,composite,11211.0,,,,,
anoshift_threshold_clustering_m1_v2,power,iid_transfer,2006-2014,far,z_plus_orth,p_z_plus_orth,,0.232004281509232,,0.01,0.05,composite,11211.0,,,,,
anoshift_threshold_clustering_m1_v2,power,iid_transfer,2006-2014,far,z_plus,p_z_plus,,0.1942777632837638,,0.01,0.1,composite,11499.0,,,,,
anoshift_threshold_clustering_m1_v2,power,iid_transfer,2006-2014,far,z_plus_renorm,p_z_plus_renorm,,0.2201409330122201,,0.01,0.1,composite,11211.0,,,,,
anoshift_threshold_clustering_m1_v2,power,iid_transfer,2006-2014,far,breadth,p_breadth,,0.0045221323593355,,0.01,0.1,composite,11499.0,,,,,
anoshift_threshold_clustering_m1_v2,power,iid_transfer,2006-2014,far,z_mahalanobis_sq,p_z_mahalanobis_sq,,0.3954351456670996,,0.01,0.1,composite,5389.0,,,,,
anoshift_threshold_clustering_m1_v2,power,iid_transfer,2006-2014,far,t_iut,p_t_iut,,0.0537438038090268,,0.01,0.1,composite,11499.0,,,,,
anoshift_threshold_clustering_m1_v2,power,iid_transfer,2006-2014,far,z_plus_softmax,p_z_plus_softmax,,0.2245116403532245,,0.01,0.1,composite,11211.0,,,,,
anoshift_threshold_clustering_m1_v2,power,iid_transfer,2006-2014,far,z_plus_orth,p_z_plus_orth,,0.232004281509232,,0.01,0.1,composite,11211.0,,,,,
anoshift_threshold_clustering_m1_v2,power,iid_transfer,2006-2014,far,z_plus,p_z_plus,,0.1942777632837638,,0.01,0.15,composite,11499.0,,,,,
anoshift_threshold_clustering_m1_v2,power,iid_transfer,2006-2014,far,z_plus_renorm,p_z_plus_renorm,,0.2201409330122201,,0.01,0.15,composite,11211.0,,,,,
anoshift_threshold_clustering_m1_v2,power,iid_transfer,2006-2014,far,breadth,p_breadth,,0.0045221323593355,,0.01,0.15,composite,11499.0,,,,,
anoshift_threshold_clustering_m1_v2,power,iid_transfer,2006-2014,far,z_mahalanobis_sq,p_z_mahalanobis_sq,,0.3954351456670996,,0.01,0.15,composite,5389.0,,,,,
anoshift_threshold_clustering_m1_v2,power,iid_transfer,2006-2014,far,t_iut,p_t_iut,,0.0537438038090268,,0.01,0.15,composite,11499.0,,,,,
anoshift_threshold_clustering_m1_v2,power,iid_transfer,2006-2014,far,z_plus_softmax,p_z_plus_softmax,,0.2245116403532245,,0.01,0.15,composite,11211.0,,,,,
anoshift_threshold_clustering_m1_v2,power,iid_transfer,2006-2014,far,z_plus_orth,p_z_plus_orth,,0.232004281509232,,0.01,0.15,composite,11211.0,,,,,
anoshift_threshold_clustering_m1_v2,power,iid_transfer,2006-2014,far,z_plus,p_z_plus,,0.1942777632837638,,0.01,0.2,composite,11499.0,,,,,
anoshift_threshold_clustering_m1_v2,power,iid_transfer,2006-2014,far,z_plus_renorm,p_z_plus_renorm,,0.2201409330122201,,0.01,0.2,composite,11211.0,,,,,
anoshift_threshold_clustering_m1_v2,power,iid_transfer,2006-2014,far,breadth,p_breadth,,0.0045221323593355,,0.01,0.2,composite,11499.0,,,,,
anoshift_threshold_clustering_m1_v2,power,iid_transfer,2006-2014,far,z_mahalanobis_sq,p_z_mahalanobis_sq,,0.3954351456670996,,0.01,0.2,composite,5389.0,,,,,
anoshift_threshold_clustering_m1_v2,power,iid_transfer,2006-2014,far,t_iut,p_t_iut,,0.0537438038090268,,0.01,0.2,composite,11499.0,,,,,
anoshift_threshold_clustering_m1_v2,power,iid_transfer,2006-2014,far,z_plus_softmax,p_z_plus_softmax,,0.2245116403532245,,0.01,0.2,composite,11211.0,,,,,
anoshift_threshold_clustering_m1_v2,power,iid_transfer,2006-2014,far,z_plus_orth,p_z_plus_orth,,0.232004281509232,,0.01,0.2,composite,11211.0,,,,,
anoshift_threshold_clustering_m1_v2,power,iid_transfer,2006-2014,far,z_plus,p_z_plus,,0.1942777632837638,,0.01,0.3,composite,11499.0,,,,,
anoshift_threshold_clustering_m1_v2,power,iid_transfer,2006-2014,far,z_plus_renorm,p_z_plus_renorm,,0.2201409330122201,,0.01,0.3,composite,11211.0,,,,,
anoshift_threshold_clustering_m1_v2,power,iid_transfer,2006-2014,far,breadth,p_breadth,,0.0045221323593355,,0.01,0.3,composite,11499.0,,,,,
anoshift_threshold_clustering_m1_v2,power,iid_transfer,2006-2014,far,z_mahalanobis_sq,p_z_mahalanobis_sq,,0.3954351456670996,,0.01,0.3,composite,5389.0,,,,,
anoshift_threshold_clustering_m1_v2,power,iid_transfer,2006-2014,far,t_iut,p_t_iut,,0.0537438038090268,,0.01,0.3,composite,11499.0,,,,,
anoshift_threshold_clustering_m1_v2,power,iid_transfer,2006-2014,far,z_plus_softmax,p_z_plus_softmax,,0.2245116403532245,,0.01,0.3,composite,11211.0,,,,,
anoshift_threshold_clustering_m1_v2,power,iid_transfer,2006-2014,far,z_plus_orth,p_z_plus_orth,,0.232004281509232,,0.01,0.3,composite,11211.0,,,,,
anoshift_threshold_clustering_m1_v2,power,iid_transfer,2006-2014,far,z_plus,p_z_plus,,0.1942777632837638,,0.05,0.05,composite,11499.0,,,,,
anoshift_threshold_clustering_m1_v2,power,iid_transfer,2006-2014,far,z_plus_renorm,p_z_plus_renorm,,0.2201409330122201,,0.05,0.05,composite,11211.0,,,,,
anoshift_threshold_clustering_m1_v2,power,iid_transfer,2006-2014,far,breadth,p_breadth,,0.0045221323593355,,0.05,0.05,composite,11499.0,,,,,
anoshift_threshold_clustering_m1_v2,power,iid_transfer,2006-2014,far,z_mahalanobis_sq,p_z_mahalanobis_sq,,0.3954351456670996,,0.05,0.05,composite,5389.0,,,,,
anoshift_threshold_clustering_m1_v2,power,iid_transfer,2006-2014,far,t_iut,p_t_iut,,0.0537438038090268,,0.05,0.05,composite,11499.0,,,,,
anoshift_threshold_clustering_m1_v2,power,iid_transfer,2006-2014,far,z_plus_softmax,p_z_plus_softmax,,0.2245116403532245,,0.05,0.05,composite,11211.0,,,,,
anoshift_threshold_clustering_m1_v2,power,iid_transfer,2006-2014,far,z_plus_orth,p_z_plus_orth,,0.232004281509232,,0.05,0.05,composite,11211.0,,,,,
anoshift_threshold_clustering_m1_v2,power,iid_transfer,2006-2014,far,z_plus,p_z_plus,,0.1942777632837638,,0.05,0.1,composite,11499.0,,,,,
anoshift_threshold_clustering_m1_v2,power,iid_transfer,2006-2014,far,z_plus_renorm,p_z_plus_renorm,,0.2201409330122201,,0.05,0.1,composite,11211.0,,,,,
anoshift_threshold_clustering_m1_v2,power,iid_transfer,2006-2014,far,breadth,p_breadth,,0.0045221323593355,,0.05,0.1,composite,11499.0,,,,,
anoshift_threshold_clustering_m1_v2,power,iid_transfer,2006-2014,far,z_mahalanobis_sq,p_z_mahalanobis_sq,,0.3954351456670996,,0.05,0.1,composite,5389.0,,,,,
anoshift_threshold_clustering_m1_v2,power,iid_transfer,2006-2014,far,t_iut,p_t_iut,,0.0537438038090268,,0.05,0.1,composite,11499.0,,,,,
anoshift_threshold_clustering_m1_v2,power,iid_transfer,2006-2014,far,z_plus_softmax,p_z_plus_softmax,,0.2245116403532245,,0.05,0.1,composite,11211.0,,,,,
anoshift_threshold_clustering_m1_v2,power,iid_transfer,2006-2014,far,z_plus_orth,p_z_plus_orth,,0.232004281509232,,0.05,0.1,composite,11211.0,,,,,
anoshift_threshold_clustering_m1_v2,power,iid_transfer,2006-2014,far,z_plus,p_z_plus,,0.1942777632837638,,0.05,0.15,composite,11499.0,,,,,
anoshift_threshold_clustering_m1_v2,power,iid_transfer,2006-2014,far,z_plus_renorm,p_z_plus_renorm,,0.2201409330122201,,0.05,0.15,composite,11211.0,,,,,
anoshift_threshold_clustering_m1_v2,power,iid_transfer,2006-2014,far,breadth,p_breadth,,0.0045221323593355,,0.05,0.15,composite,11499.0,,,,,
anoshift_threshold_clustering_m1_v2,power,iid_transfer,2006-2014,far,z_mahalanobis_sq,p_z_mahalanobis_sq,,0.3954351456670996,,0.05,0.15,composite,5389.0,,,,,
anoshift_threshold_clustering_m1_v2,power,iid_transfer,2006-2014,far,t_iut,p_t_iut,,0.0537438038090268,,0.05,0.15,composite,11499.0,,,,,
anoshift_threshold_clustering_m1_v2,power,iid_transfer,2006-2014,far,z_plus_softmax,p_z_plus_softmax,,0.2245116403532245,,0.05,0.15,composite,11211.0,,,,,
anoshift_threshold_clustering_m1_v2,power,iid_transfer,2006-2014,far,z_plus_orth,p_z_plus_orth,,0.232004281509232,,0.05,0.15,composite,11211.0,,,,,
anoshift_threshold_clustering_m1_v2,power,iid_transfer,2006-2014,far,z_plus,p_z_plus,,0.1942777632837638,,0.05,0.2,composite,11499.0,,,,,
anoshift_threshold_clustering_m1_v2,power,iid_transfer,2006-2014,far,z_plus_renorm,p_z_plus_renorm,,0.2201409330122201,,0.05,0.2,composite,11211.0,,,,,
anoshift_threshold_clustering_m1_v2,power,iid_transfer,2006-2014,far,breadth,p_breadth,,0.0045221323593355,,0.05,0.2,composite,11499.0,,,,,
anoshift_threshold_clustering_m1_v2,power,iid_transfer,2006-2014,far,z_mahalanobis_sq,p_z_mahalanobis_sq,,0.3954351456670996,,0.05,0.2,composite,5389.0,,,,,
anoshift_threshold_clustering_m1_v2,power,iid_transfer,2006-2014,far,t_iut,p_t_iut,,0.0537438038090268,,0.05,0.2,composite,11499.0,,,,,
anoshift_threshold_clustering_m1_v2,power,iid_transfer,2006-2014,far,z_plus_softmax,p_z_plus_softmax,,0.2245116403532245,,0.05,0.2,composite,11211.0,,,,,
anoshift_threshold_clustering_m1_v2,power,iid_transfer,2006-2014,far,z_plus_orth,p_z_plus_orth,,0.232004281509232,,0.05,0.2,composite,11211.0,,,,,
anoshift_threshold_clustering_m1_v2,power,iid_transfer,2006-2014,far,z_plus,p_z_plus,,0.1942777632837638,,0.05,0.3,composite,11499.0,,,,,
anoshift_threshold_clustering_m1_v2,power,iid_transfer,2006-2014,far,z_plus_renorm,p_z_plus_renorm,,0.2201409330122201,,0.05,0.3,composite,11211.0,,,,,
anoshift_threshold_clustering_m1_v2,power,iid_transfer,2006-2014,far,breadth,p_breadth,,0.0045221323593355,,0.05,0.3,composite,11499.0,,,,,
anoshift_threshold_clustering_m1_v2,power,iid_transfer,2006-2014,far,z_mahalanobis_sq,p_z_mahalanobis_sq,,0.3954351456670996,,0.05,0.3,composite,5389.0,,,,,
anoshift_threshold_clustering_m1_v2,power,iid_transfer,2006-2014,far,t_iut,p_t_iut,,0.0537438038090268,,0.05,0.3,composite,11499.0,,,,,
anoshift_threshold_clustering_m1_v2,power,iid_transfer,2006-2014,far,z_plus_softmax,p_z_plus_softmax,,0.2245116403532245,,0.05,0.3,composite,11211.0,,,,,
anoshift_threshold_clustering_m1_v2,power,iid_transfer,2006-2014,far,z_plus_orth,p_z_plus_orth,,0.232004281509232,,0.05,0.3,composite,11211.0,,,,,
anoshift_threshold_clustering_m1_v2,power,iid_transfer,2006-2014,far,z_plus,p_z_plus,,0.1942777632837638,,0.1,0.05,composite,11499.0,,,,,
anoshift_threshold_clustering_m1_v2,power,iid_transfer,2006-2014,far,z_plus_renorm,p_z_plus_renorm,,0.2201409330122201,,0.1,0.05,composite,11211.0,,,,,
anoshift_threshold_clustering_m1_v2,power,iid_transfer,2006-2014,far,breadth,p_breadth,,0.0045221323593355,,0.1,0.05,composite,11499.0,,,,,
anoshift_threshold_clustering_m1_v2,power,iid_transfer,2006-2014,far,z_mahalanobis_sq,p_z_mahalanobis_sq,,0.3954351456670996,,0.1,0.05,composite,5389.0,,,,,
anoshift_threshold_clustering_m1_v2,power,iid_transfer,2006-2014,far,t_iut,p_t_iut,,0.0537438038090268,,0.1,0.05,composite,11499.0,,,,,
anoshift_threshold_clustering_m1_v2,power,iid_transfer,2006-2014,far,z_plus_softmax,p_z_plus_softmax,,0.2245116403532245,,0.1,0.05,composite,11211.0,,,,,
anoshift_threshold_clustering_m1_v2,power,iid_transfer,2006-2014,far,z_plus_orth,p_z_plus_orth,,0.232004281509232,,0.1,0.05,composite,11211.0,,,,,
anoshift_threshold_clustering_m1_v2,power,iid_transfer,2006-2014,far,z_plus,p_z_plus,,0.1942777632837638,,0.1,0.1,composite,11499.0,,,,,
anoshift_threshold_clustering_m1_v2,power,iid_transfer,2006-2014,far,z_plus_renorm,p_z_plus_renorm,,0.2201409330122201,,0.1,0.1,composite,11211.0,,,,,
anoshift_threshold_clustering_m1_v2,power,iid_transfer,2006-2014,far,breadth,p_breadth,,0.0045221323593355,,0.1,0.1,composite,11499.0,,,,,
anoshift_threshold_clustering_m1_v2,power,iid_transfer,2006-2014,far,z_mahalanobis_sq,p_z_mahalanobis_sq,,0.3954351456670996,,0.1,0.1,composite,5389.0,,,,,
anoshift_threshold_clustering_m1_v2,power,iid_transfer,2006-2014,far,t_iut,p_t_iut,,0.0537438038090268,,0.1,0.1,composite,11499.0,,,,,
anoshift_threshold_clustering_m1_v2,power,iid_transfer,2006-2014,far,z_plus_softmax,p_z_plus_softmax,,0.2245116403532245,,0.1,0.1,composite,11211.0,,,,,
anoshift_threshold_clustering_m1_v2,power,iid_transfer,2006-2014,far,z_plus_orth,p_z_plus_orth,,0.232004281509232,,0.1,0.1,composite,11211.0,,,,,
anoshift_threshold_clustering_m1_v2,power,iid_transfer,2006-2014,far,z_plus,p_z_plus,,0.1942777632837638,,0.1,0.15,composite,11499.0,,,,,
anoshift_threshold_clustering_m1_v2,power,iid_transfer,2006-2014,far,z_plus_renorm,p_z_plus_renorm,,0.2201409330122201,,0.1,0.15,composite,11211.0,,,,,
anoshift_threshold_clustering_m1_v2,power,iid_transfer,2006-2014,far,breadth,p_breadth,,0.0045221323593355,,0.1,0.15,composite,11499.0,,,,,
anoshift_threshold_clustering_m1_v2,power,iid_transfer,2006-2014,far,z_mahalanobis_sq,p_z_mahalanobis_sq,,0.3954351456670996,,0.1,0.15,composite,5389.0,,,,,
anoshift_threshold_clustering_m1_v2,power,iid_transfer,2006-2014,far,t_iut,p_t_iut,,0.0537438038090268,,0.1,0.15,composite,11499.0,,,,,
anoshift_threshold_clustering_m1_v2,power,iid_transfer,2006-2014,far,z_plus_softmax,p_z_plus_softmax,,0.2245116403532245,,0.1,0.15,composite,11211.0,,,,,
anoshift_threshold_clustering_m1_v2,power,iid_transfer,2006-2014,far,z_plus_orth,p_z_plus_orth,,0.232004281509232,,0.1,0.15,composite,11211.0,,,,,
anoshift_threshold_clustering_m1_v2,power,iid_transfer,2006-2014,far,z_plus,p_z_plus,,0.1942777632837638,,0.1,0.2,composite,11499.0,,,,,
anoshift_threshold_clustering_m1_v2,power,iid_transfer,2006-2014,far,z_plus_renorm,p_z_plus_renorm,,0.2201409330122201,,0.1,0.2,composite,11211.0,,,,,
anoshift_threshold_clustering_m1_v2,power,iid_transfer,2006-2014,far,breadth,p_breadth,,0.0045221323593355,,0.1,0.2,composite,11499.0,,,,,
anoshift_threshold_clustering_m1_v2,power,iid_transfer,2006-2014,far,z_mahalanobis_sq,p_z_mahalanobis_sq,,0.3954351456670996,,0.1,0.2,composite,5389.0,,,,,
anoshift_threshold_clustering_m1_v2,power,iid_transfer,2006-2014,far,t_iut,p_t_iut,,0.0537438038090268,,0.1,0.2,composite,11499.0,,,,,
anoshift_threshold_clustering_m1_v2,power,iid_transfer,2006-2014,far,z_plus_softmax,p_z_plus_softmax,,0.2245116403532245,,0.1,0.2,composite,11211.0,,,,,
anoshift_threshold_clustering_m1_v2,power,iid_transfer,2006-2014,far,z_plus_orth,p_z_plus_orth,,0.232004281509232,,0.1,0.2,composite,11211.0,,,,,
anoshift_threshold_clustering_m1_v2,power,iid_transfer,2006-2014,far,z_plus,p_z_plus,,0.1942777632837638,,0.1,0.3,composite,11499.0,,,,,
anoshift_threshold_clustering_m1_v2,power,iid_transfer,2006-2014,far,z_plus_renorm,p_z_plus_renorm,,0.2201409330122201,,0.1,0.3,composite,11211.0,,,,,
anoshift_threshold_clustering_m1_v2,power,iid_transfer,2006-2014,far,breadth,p_breadth,,0.0045221323593355,,0.1,0.3,composite,11499.0,,,,,
anoshift_threshold_clustering_m1_v2,power,iid_transfer,2006-2014,far,z_mahalanobis_sq,p_z_mahalanobis_sq,,0.3954351456670996,,0.1,0.3,composite,5389.0,,,,,
anoshift_threshold_clustering_m1_v2,power,iid_transfer,2006-2014,far,t_iut,p_t_iut,,0.0537438038090268,,0.1,0.3,composite,11499.0,,,,,
anoshift_threshold_clustering_m1_v2,power,iid_transfer,2006-2014,far,z_plus_softmax,p_z_plus_softmax,,0.2245116403532245,,0.1,0.3,composite,11211.0,,,,,
anoshift_threshold_clustering_m1_v2,power,iid_transfer,2006-2014,far,z_plus_orth,p_z_plus_orth,,0.232004281509232,,0.1,0.3,composite,11211.0,,,,,
anoshift,calibration_diagnostic,adaptive_transfer,2012-2012,,,,,,,,,,,,,,30.0,failed: phase2: only 10 complete z-vectors in C (< 30); Σ̂ not estimable.
anoshift,calibration_diagnostic,adaptive_transfer,2012-2013,,,,,,,,,,,,,,30.0,failed: phase2: only 19 complete z-vectors in C (< 30); Σ̂ not estimable.
anoshift,calibration_diagnostic,adaptive_transfer,2012-2014,,,,,,,,,,,,,34.0,30.0,candidate_scored
anoshift,calibration_diagnostic,adaptive_transfer,2012-2014,,,,,,,,,,,,,34.0,30.0,selected
anoshift,fpr,adaptive_transfer,2012-2014,iid,z_plus,p_z_plus,13.0,0.0769230769230769,,,,,,,,,,
anoshift,fpr,adaptive_transfer,2012-2014,iid,z_plus_renorm,p_z_plus_renorm,12.0,0.0769230769230769,,,,,,,,,,
anoshift,fpr,adaptive_transfer,2012-2014,iid,breadth,p_breadth,13.0,0.0,,,,,,,,,,
anoshift,fpr,adaptive_transfer,2012-2014,iid,z_mahalanobis_sq,p_z_mahalanobis_sq,10.0,0.0769230769230769,,,,,,,,,,
anoshift,fpr,adaptive_transfer,2012-2014,iid,t_iut,p_t_iut,13.0,0.0,,,,,,,,,,
anoshift,fpr,adaptive_transfer,2012-2014,iid,z_plus_softmax,p_z_plus_softmax,12.0,0.0769230769230769,,,,,,,,,,
anoshift,fpr,adaptive_transfer,2012-2014,iid,z_plus_orth,p_z_plus_orth,12.0,0.0769230769230769,,,,,,,,,,
anoshift,fpr,adaptive_transfer,2012-2014,near,z_plus,p_z_plus,88.0,0.0568181818181818,,,,,,,,,,
anoshift,fpr,adaptive_transfer,2012-2014,near,z_plus_renorm,p_z_plus_renorm,86.0,0.1363636363636363,,,,,,,,,,
anoshift,fpr,adaptive_transfer,2012-2014,near,breadth,p_breadth,88.0,0.0113636363636363,,,,,,,,,,
anoshift,fpr,adaptive_transfer,2012-2014,near,z_mahalanobis_sq,p_z_mahalanobis_sq,56.0,0.0454545454545454,,,,,,,,,,
anoshift,fpr,adaptive_transfer,2012-2014,near,t_iut,p_t_iut,88.0,0.034090909090909,,,,,,,,,,
anoshift,fpr,adaptive_transfer,2012-2014,near,z_plus_softmax,p_z_plus_softmax,86.0,0.1022727272727272,,,,,,,,,,
anoshift,fpr,adaptive_transfer,2012-2014,near,z_plus_orth,p_z_plus_orth,86.0,0.0909090909090909,,,,,,,,,,
anoshift,fpr,adaptive_transfer,2012-2014,far,z_plus,p_z_plus,121.0,0.1157024793388429,,,,,,,,,,
anoshift,fpr,adaptive_transfer,2012-2014,far,z_plus_renorm,p_z_plus_renorm,120.0,0.1157024793388429,,,,,,,,,,
anoshift,fpr,adaptive_transfer,2012-2014,far,breadth,p_breadth,121.0,0.024793388429752,,,,,,,,,,
anoshift,fpr,adaptive_transfer,2012-2014,far,z_mahalanobis_sq,p_z_mahalanobis_sq,85.0,0.0330578512396694,,,,,,,,,,
anoshift,fpr,adaptive_transfer,2012-2014,far,t_iut,p_t_iut,121.0,0.0661157024793388,,,,,,,,,,
anoshift,fpr,adaptive_transfer,2012-2014,far,z_plus_softmax,p_z_plus_softmax,120.0,0.1239669421487603,,,,,,,,,,
anoshift,fpr,adaptive_transfer,2012-2014,far,z_plus_orth,p_z_plus_orth,120.0,0.0991735537190082,,,,,,,,,,
anoshift_yearly,annual_fpr,adaptive_transfer,2012-2014,,z_mahalanobis_sq,p_z_mahalanobis_sq,10.0,0.0769230769230769,2012.0,,,,,,,,,
anoshift_yearly,annual_fpr,adaptive_transfer,2012-2014,,z_mahalanobis_sq,p_z_mahalanobis_sq,11.0,0.0666666666666666,2013.0,,,,,,,,,
anoshift_yearly,annual_fpr,adaptive_transfer,2012-2014,,z_mahalanobis_sq,p_z_mahalanobis_sq,13.0,0.0454545454545454,2014.0,,,,,,,,,
anoshift_yearly,annual_fpr,adaptive_transfer,2012-2014,,z_mahalanobis_sq,p_z_mahalanobis_sq,10.0,0.0588235294117647,2015.0,,,,,,,,,
anoshift_yearly,annual_fpr,adaptive_transfer,2012-2014,,z_mahalanobis_sq,p_z_mahalanobis_sq,10.0,0.0,2016.0,,,,,,,,,
anoshift_yearly,annual_fpr,adaptive_transfer,2012-2014,,z_mahalanobis_sq,p_z_mahalanobis_sq,12.0,0.0588235294117647,2017.0,,,,,,,,,
anoshift_yearly,annual_fpr,adaptive_transfer,2012-2014,,z_mahalanobis_sq,p_z_mahalanobis_sq,12.0,0.05,2018.0,,,,,,,,,
anoshift_yearly,annual_fpr,adaptive_transfer,2012-2014,,z_mahalanobis_sq,p_z_mahalanobis_sq,13.0,0.0909090909090909,2019.0,,,,,,,,,
anoshift_yearly,annual_fpr,adaptive_transfer,2012-2014,,z_mahalanobis_sq,p_z_mahalanobis_sq,14.0,0.0,2020.0,,,,,,,,,
anoshift_yearly,annual_fpr,adaptive_transfer,2012-2014,,z_mahalanobis_sq,p_z_mahalanobis_sq,15.0,0.0,2021.0,,,,,,,,,
anoshift_yearly,annual_fpr,adaptive_transfer,2012-2014,,z_mahalanobis_sq,p_z_mahalanobis_sq,16.0,0.15,2022.0,,,,,,,,,
anoshift_yearly,annual_fpr,adaptive_transfer,2012-2014,,z_mahalanobis_sq,p_z_mahalanobis_sq,15.0,0.0434782608695652,2023.0,,,,,,,,,
anoshift_yearly,annual_fpr,adaptive_transfer,2012-2014,,z_mahalanobis_sq,p_z_mahalanobis_sq,13.0,0.0,2024.0,,,,,,,,,
anoshift_yearly,annual_fpr,adaptive_transfer,2012-2014,,z_mahalanobis_sq,p_z_mahalanobis_sq,12.0,0.0,2025.0,,,,,,,,,
anoshift_correlated_gaussian,power,adaptive_transfer,2012-2014,near,z_plus,p_z_plus,,0.0545454545454545,,0.01,0.05,composite,56.0,0.9272727272727272,0.0,,,
anoshift_correlated_gaussian,power,adaptive_transfer,2012-2014,near,z_plus_renorm,p_z_plus_renorm,,0.0727272727272727,,0.01,0.05,composite,56.0,0.6909090909090909,0.0,,,
anoshift_correlated_gaussian,power,adaptive_transfer,2012-2014,near,breadth,p_breadth,,0.0181818181818181,,0.01,0.05,composite,56.0,0.9545454545454546,0.0,,,
anoshift_correlated_gaussian,power,adaptive_transfer,2012-2014,near,z_mahalanobis_sq,p_z_mahalanobis_sq,,0.0727272727272727,,0.01,0.05,composite,56.0,0.8545454545454545,0.0,,,
anoshift_correlated_gaussian,power,adaptive_transfer,2012-2014,near,t_iut,p_t_iut,,0.0181818181818181,,0.01,0.05,composite,56.0,0.1272727272727273,0.0,,,
anoshift_correlated_gaussian,power,adaptive_transfer,2012-2014,near,z_plus_softmax,p_z_plus_softmax,,0.0727272727272727,,0.01,0.05,composite,56.0,0.8545454545454545,0.0,,,
anoshift_correlated_gaussian,power,adaptive_transfer,2012-2014,near,z_plus_orth,p_z_plus_orth,,0.0727272727272727,,0.01,0.05,composite,56.0,0.8181818181818181,0.0,,,
anoshift_correlated_gaussian,power,adaptive_transfer,2012-2014,near,z_plus,p_z_plus,,0.0545454545454545,,0.01,0.1,composite,56.0,0.0545454545454545,0.0,,,
anoshift_correlated_gaussian,power,adaptive_transfer,2012-2014,near,z_plus_renorm,p_z_plus_renorm,,0.0727272727272727,,0.01,0.1,composite,56.0,0.0545454545454545,0.0,,,
anoshift_correlated_gaussian,power,adaptive_transfer,2012-2014,near,breadth,p_breadth,,0.0181818181818181,,0.01,0.1,composite,56.0,0.1454545454545454,0.0,,,
anoshift_correlated_gaussian,power,adaptive_transfer,2012-2014,near,z_mahalanobis_sq,p_z_mahalanobis_sq,,0.0727272727272727,,0.01,0.1,composite,56.0,0.0363636363636363,0.0,,,
anoshift_correlated_gaussian,power,adaptive_transfer,2012-2014,near,t_iut,p_t_iut,,0.0181818181818181,,0.01,0.1,composite,56.0,0.2363636363636363,0.0,,,
anoshift_correlated_gaussian,power,adaptive_transfer,2012-2014,near,z_plus_softmax,p_z_plus_softmax,,0.0727272727272727,,0.01,0.1,composite,56.0,0.0363636363636363,0.0,,,
anoshift_correlated_gaussian,power,adaptive_transfer,2012-2014,near,z_plus_orth,p_z_plus_orth,,0.0727272727272727,,0.01,0.1,composite,56.0,0.0363636363636363,0.0,,,
anoshift_correlated_gaussian,power,adaptive_transfer,2012-2014,near,z_plus,p_z_plus,,0.0545454545454545,,0.01,0.15,composite,56.0,0.9454545454545454,0.0,,,
anoshift_correlated_gaussian,power,adaptive_transfer,2012-2014,near,z_plus_renorm,p_z_plus_renorm,,0.0727272727272727,,0.01,0.15,composite,56.0,0.9090909090909092,0.0,,,
anoshift_correlated_gaussian,power,adaptive_transfer,2012-2014,near,breadth,p_breadth,,0.0181818181818181,,0.01,0.15,composite,56.0,0.5909090909090909,0.0,,,
anoshift_correlated_gaussian,power,adaptive_transfer,2012-2014,near,z_mahalanobis_sq,p_z_mahalanobis_sq,,0.0545454545454545,,0.01,0.15,composite,56.0,1.0,1.0,,,
anoshift_correlated_gaussian,power,adaptive_transfer,2012-2014,near,t_iut,p_t_iut,,0.0181818181818181,,0.01,0.15,composite,56.0,0.4,0.0,,,
anoshift_correlated_gaussian,power,adaptive_transfer,2012-2014,near,z_plus_softmax,p_z_plus_softmax,,0.0727272727272727,,0.01,0.15,composite,56.0,0.9454545454545454,1.0,,,
anoshift_correlated_gaussian,power,adaptive_transfer,2012-2014,near,z_plus_orth,p_z_plus_orth,,0.0727272727272727,,0.01,0.15,composite,56.0,0.9636363636363636,1.0,,,
anoshift_correlated_gaussian,power,adaptive_transfer,2012-2014,near,z_plus,p_z_plus,,0.0545454545454545,,0.01,0.2,composite,56.0,0.1272727272727273,0.0,,,
anoshift_correlated_gaussian,power,adaptive_transfer,2012-2014,near,z_plus_renorm,p_z_plus_renorm,,0.0727272727272727,,0.01,0.2,composite,56.0,0.4181818181818182,0.0,,,
anoshift_correlated_gaussian,power,adaptive_transfer,2012-2014,near,breadth,p_breadth,,0.0181818181818181,,0.01,0.2,composite,56.0,0.1363636363636363,0.0,,,
anoshift_correlated_gaussian,power,adaptive_transfer,2012-2014,near,z_mahalanobis_sq,p_z_mahalanobis_sq,,0.0727272727272727,,0.01,0.2,composite,56.0,0.5636363636363637,0.0,,,
anoshift_correlated_gaussian,power,adaptive_transfer,2012-2014,near,t_iut,p_t_iut,,0.0181818181818181,,0.01,0.2,composite,56.0,0.0363636363636363,0.0,,,
anoshift_correlated_gaussian,power,adaptive_transfer,2012-2014,near,z_plus_softmax,p_z_plus_softmax,,0.0727272727272727,,0.01,0.2,composite,56.0,0.2727272727272727,0.0,,,
anoshift_correlated_gaussian,power,adaptive_transfer,2012-2014,near,z_plus_orth,p_z_plus_orth,,0.0727272727272727,,0.01,0.2,composite,56.0,0.2545454545454545,0.0,,,
anoshift_correlated_gaussian,power,adaptive_transfer,2012-2014,near,z_plus,p_z_plus,,0.0545454545454545,,0.01,0.3,composite,56.0,0.7454545454545455,0.0,,,
anoshift_correlated_gaussian,power,adaptive_transfer,2012-2014,near,z_plus_renorm,p_z_plus_renorm,,0.0727272727272727,,0.01,0.3,composite,56.0,0.7454545454545455,0.0,,,
anoshift_correlated_gaussian,power,adaptive_transfer,2012-2014,near,breadth,p_breadth,,0.0181818181818181,,0.01,0.3,composite,56.0,0.5909090909090909,0.0,,,
anoshift_correlated_gaussian,power,adaptive_transfer,2012-2014,near,z_mahalanobis_sq,p_z_mahalanobis_sq,,0.0727272727272727,,0.01,0.3,composite,56.0,0.7636363636363637,0.0,,,
anoshift_correlated_gaussian,power,adaptive_transfer,2012-2014,near,t_iut,p_t_iut,,0.0181818181818181,,0.01,0.3,composite,56.0,0.0181818181818181,0.0,,,
anoshift_correlated_gaussian,power,adaptive_transfer,2012-2014,near,z_plus_softmax,p_z_plus_softmax,,0.0727272727272727,,0.01,0.3,composite,56.0,0.6909090909090909,0.0,,,
anoshift_correlated_gaussian,power,adaptive_transfer,2012-2014,near,z_plus_orth,p_z_plus_orth,,0.0727272727272727,,0.01,0.3,composite,56.0,0.6909090909090909,0.0,,,
anoshift_correlated_gaussian,power,adaptive_transfer,2012-2014,near,z_plus,p_z_plus,,0.0566037735849056,,0.05,0.05,composite,56.0,0.7924528301886793,0.0,,,
anoshift_correlated_gaussian,power,adaptive_transfer,2012-2014,near,z_plus_renorm,p_z_plus_renorm,,0.0566037735849056,,0.05,0.05,composite,56.0,0.7987421383647799,0.3333333333333333,,,
anoshift_correlated_gaussian,power,adaptive_transfer,2012-2014,near,breadth,p_breadth,,0.0188679245283018,,0.05,0.05,composite,56.0,0.5628930817610063,0.0,,,
anoshift_correlated_gaussian,power,adaptive_transfer,2012-2014,near,z_mahalanobis_sq,p_z_mahalanobis_sq,,0.0754716981132075,,0.05,0.05,composite,56.0,0.7106918238993711,0.0,,,
anoshift_correlated_gaussian,power,adaptive_transfer,2012-2014,near,t_iut,p_t_iut,,0.0188679245283018,,0.05,0.05,composite,56.0,0.830188679245283,0.0,,,
anoshift_correlated_gaussian,power,adaptive_transfer,2012-2014,near,z_plus_softmax,p_z_plus_softmax,,0.0566037735849056,,0.05,0.05,composite,56.0,0.8867924528301887,0.6666666666666666,,,
anoshift_correlated_gaussian,power,adaptive_transfer,2012-2014,near,z_plus_orth,p_z_plus_orth,,0.0566037735849056,,0.05,0.05,composite,56.0,0.8867924528301887,0.6666666666666666,,,
anoshift_correlated_gaussian,power,adaptive_transfer,2012-2014,near,z_plus,p_z_plus,,0.0566037735849056,,0.05,0.1,composite,56.0,0.4528301886792453,0.0,,,
anoshift_correlated_gaussian,power,adaptive_transfer,2012-2014,near,z_plus_renorm,p_z_plus_renorm,,0.0754716981132075,,0.05,0.1,composite,56.0,0.3710691823899371,0.0,,,
anoshift_correlated_gaussian,power,adaptive_transfer,2012-2014,near,breadth,p_breadth,,0.0188679245283018,,0.05,0.1,composite,56.0,0.5974842767295597,0.0,,,
anoshift_correlated_gaussian,power,adaptive_transfer,2012-2014,near,z_mahalanobis_sq,p_z_mahalanobis_sq,,0.0754716981132075,,0.05,0.1,composite,56.0,0.3396226415094339,0.0,,,
anoshift_correlated_gaussian,power,adaptive_transfer,2012-2014,near,t_iut,p_t_iut,,0.0188679245283018,,0.05,0.1,composite,56.0,0.4716981132075471,0.0,,,
anoshift_correlated_gaussian,power,adaptive_transfer,2012-2014,near,z_plus_softmax,p_z_plus_softmax,,0.0754716981132075,,0.05,0.1,composite,56.0,0.4150943396226415,0.0,,,
anoshift_correlated_gaussian,power,adaptive_transfer,2012-2014,near,z_plus_orth,p_z_plus_orth,,0.0754716981132075,,0.05,0.1,composite,56.0,0.4276729559748427,0.0,,,
anoshift_correlated_gaussian,power,adaptive_transfer,2012-2014,near,z_plus,p_z_plus,,0.0377358490566037,,0.05,0.15,composite,56.0,0.5220125786163522,0.3333333333333333,,,
anoshift_correlated_gaussian,power,adaptive_transfer,2012-2014,near,z_plus_renorm,p_z_plus_renorm,,0.0754716981132075,,0.05,0.15,composite,56.0,0.5974842767295597,0.0,,,
anoshift_correlated_gaussian,power,adaptive_transfer,2012-2014,near,breadth,p_breadth,,0.0188679245283018,,0.05,0.15,composite,56.0,0.4842767295597484,0.0,,,
anoshift_correlated_gaussian,power,adaptive_transfer,2012-2014,near,z_mahalanobis_sq,p_z_mahalanobis_sq,,0.0754716981132075,,0.05,0.15,composite,56.0,0.5345911949685535,0.0,,,
anoshift_correlated_gaussian,power,adaptive_transfer,2012-2014,near,t_iut,p_t_iut,,0.0188679245283018,,0.05,0.15,composite,56.0,0.559748427672956,0.3333333333333333,,,
anoshift_correlated_gaussian,power,adaptive_transfer,2012-2014,near,z_plus_softmax,p_z_plus_softmax,,0.0754716981132075,,0.05,0.15,composite,56.0,0.4654088050314465,0.0,,,
anoshift_correlated_gaussian,power,adaptive_transfer,2012-2014,near,z_plus_orth,p_z_plus_orth,,0.0754716981132075,,0.05,0.15,composite,56.0,0.4591194968553458,0.0,,,
anoshift_correlated_gaussian,power,adaptive_transfer,2012-2014,near,z_plus,p_z_plus,,0.0566037735849056,,0.05,0.2,composite,56.0,0.3836477987421383,0.0,,,
anoshift_correlated_gaussian,power,adaptive_transfer,2012-2014,near,z_plus_renorm,p_z_plus_renorm,,0.0754716981132075,,0.05,0.2,composite,56.0,0.3962264150943396,0.0,,,
anoshift_correlated_gaussian,power,adaptive_transfer,2012-2014,near,breadth,p_breadth,,0.0188679245283018,,0.05,0.2,composite,56.0,0.5031446540880503,0.0,,,
anoshift_correlated_gaussian,power,adaptive_transfer,2012-2014,near,z_mahalanobis_sq,p_z_mahalanobis_sq,,0.0754716981132075,,0.05,0.2,composite,56.0,0.3333333333333333,0.0,,,
anoshift_correlated_gaussian,power,adaptive_transfer,2012-2014,near,t_iut,p_t_iut,,0.0188679245283018,,0.05,0.2,composite,56.0,0.6981132075471698,0.0,,,
anoshift_correlated_gaussian,power,adaptive_transfer,2012-2014,near,z_plus_softmax,p_z_plus_softmax,,0.0566037735849056,,0.05,0.2,composite,56.0,0.3333333333333333,0.0,,,
anoshift_correlated_gaussian,power,adaptive_transfer,2012-2014,near,z_plus_orth,p_z_plus_orth,,0.0566037735849056,,0.05,0.2,composite,56.0,0.3333333333333333,0.0,,,
anoshift_correlated_gaussian,power,adaptive_transfer,2012-2014,near,z_plus,p_z_plus,,0.0566037735849056,,0.05,0.3,composite,56.0,0.1194968553459119,0.0,,,
anoshift_correlated_gaussian,power,adaptive_transfer,2012-2014,near,z_plus_renorm,p_z_plus_renorm,,0.0754716981132075,,0.05,0.3,composite,56.0,0.2767295597484276,0.0,,,
anoshift_correlated_gaussian,power,adaptive_transfer,2012-2014,near,breadth,p_breadth,,0.0188679245283018,,0.05,0.3,composite,56.0,0.2358490566037735,0.0,,,
anoshift_correlated_gaussian,power,adaptive_transfer,2012-2014,near,z_mahalanobis_sq,p_z_mahalanobis_sq,,0.0754716981132075,,0.05,0.3,composite,56.0,0.2264150943396226,0.0,,,
anoshift_correlated_gaussian,power,adaptive_transfer,2012-2014,near,t_iut,p_t_iut,,0.0188679245283018,,0.05,0.3,composite,56.0,0.5471698113207547,0.0,,,
anoshift_correlated_gaussian,power,adaptive_transfer,2012-2014,near,z_plus_softmax,p_z_plus_softmax,,0.0754716981132075,,0.05,0.3,composite,56.0,0.1949685534591194,0.0,,,
anoshift_correlated_gaussian,power,adaptive_transfer,2012-2014,near,z_plus_orth,p_z_plus_orth,,0.0754716981132075,,0.05,0.3,composite,56.0,0.1823899371069182,0.0,,,
anoshift_correlated_gaussian,power,adaptive_transfer,2012-2014,near,z_plus,p_z_plus,,0.04,,0.1,0.05,composite,56.0,0.4633333333333333,0.1666666666666666,,,
anoshift_correlated_gaussian,power,adaptive_transfer,2012-2014,near,z_plus_renorm,p_z_plus_renorm,,0.06,,0.1,0.05,composite,56.0,0.5066666666666666,0.0,,,
anoshift_correlated_gaussian,power,adaptive_transfer,2012-2014,near,breadth,p_breadth,,0.02,,0.1,0.05,composite,56.0,0.4983333333333333,0.0,,,
anoshift_correlated_gaussian,power,adaptive_transfer,2012-2014,near,z_mahalanobis_sq,p_z_mahalanobis_sq,,0.08,,0.1,0.05,composite,56.0,0.61,0.0,,,
anoshift_correlated_gaussian,power,adaptive_transfer,2012-2014,near,t_iut,p_t_iut,,0.02,,0.1,0.05,composite,56.0,0.3766666666666666,0.0,,,
anoshift_correlated_gaussian,power,adaptive_transfer,2012-2014,near,z_plus_softmax,p_z_plus_softmax,,0.08,,0.1,0.05,composite,56.0,0.4766666666666667,0.0,,,
anoshift_correlated_gaussian,power,adaptive_transfer,2012-2014,near,z_plus_orth,p_z_plus_orth,,0.08,,0.1,0.05,composite,56.0,0.4666666666666667,0.0,,,
anoshift_correlated_gaussian,power,adaptive_transfer,2012-2014,near,z_plus,p_z_plus,,0.04,,0.1,0.1,composite,56.0,0.4566666666666666,0.1666666666666666,,,
anoshift_correlated_gaussian,power,adaptive_transfer,2012-2014,near,z_plus_renorm,p_z_plus_renorm,,0.08,,0.1,0.1,composite,56.0,0.37,0.0,,,
anoshift_correlated_gaussian,power,adaptive_transfer,2012-2014,near,breadth,p_breadth,,0.02,,0.1,0.1,composite,56.0,0.7,0.0,,,
anoshift_correlated_gaussian,power,adaptive_transfer,2012-2014,near,z_mahalanobis_sq,p_z_mahalanobis_sq,,0.06,,0.1,0.1,composite,56.0,0.36,0.1666666666666666,,,
anoshift_correlated_gaussian,power,adaptive_transfer,2012-2014,near,t_iut,p_t_iut,,0.02,,0.1,0.1,composite,56.0,0.6033333333333334,0.0,,,
anoshift_correlated_gaussian,power,adaptive_transfer,2012-2014,near,z_plus_softmax,p_z_plus_softmax,,0.08,,0.1,0.1,composite,56.0,0.3566666666666666,0.0,,,
anoshift_correlated_gaussian,power,adaptive_transfer,2012-2014,near,z_plus_orth,p_z_plus_orth,,0.08,,0.1,0.1,composite,56.0,0.35,0.0,,,
anoshift_correlated_gaussian,power,adaptive_transfer,2012-2014,near,z_plus,p_z_plus,,0.04,,0.1,0.15,composite,56.0,0.5866666666666667,0.1666666666666666,,,
anoshift_correlated_gaussian,power,adaptive_transfer,2012-2014,near,z_plus_renorm,p_z_plus_renorm,,0.08,,0.1,0.15,composite,55.0,0.5960000000000001,0.0,,,
anoshift_correlated_gaussian,power,adaptive_transfer,2012-2014,near,breadth,p_breadth,,0.02,,0.1,0.15,composite,56.0,0.6183333333333334,0.0,,,
anoshift_correlated_gaussian,power,adaptive_transfer,2012-2014,near,z_mahalanobis_sq,p_z_mahalanobis_sq,,0.06,,0.1,0.15,composite,56.0,0.5633333333333334,0.1666666666666666,,,
anoshift_correlated_gaussian,power,adaptive_transfer,2012-2014,near,t_iut,p_t_iut,,0.02,,0.1,0.15,composite,56.0,0.3533333333333333,0.0,,,
anoshift_correlated_gaussian,power,adaptive_transfer,2012-2014,near,z_plus_softmax,p_z_plus_softmax,,0.08,,0.1,0.15,composite,55.0,0.584,0.2,,,
anoshift_correlated_gaussian,power,adaptive_transfer,2012-2014,near,z_plus_orth,p_z_plus_orth,,0.08,,0.1,0.15,composite,55.0,0.5880000000000001,0.2,,,
anoshift_correlated_gaussian,power,adaptive_transfer,2012-2014,near,z_plus,p_z_plus,,0.06,,0.1,0.2,composite,56.0,0.4333333333333333,0.0,,,
anoshift_correlated_gaussian,power,adaptive_transfer,2012-2014,near,z_plus_renorm,p_z_plus_renorm,,0.06,,0.1,0.2,composite,56.0,0.5700000000000001,0.1666666666666666,,,
anoshift_correlated_gaussian,power,adaptive_transfer,2012-2014,near,breadth,p_breadth,,0.02,,0.1,0.2,composite,56.0,0.3066666666666666,0.0,,,
anoshift_correlated_gaussian,power,adaptive_transfer,2012-2014,near,z_mahalanobis_sq,p_z_mahalanobis_sq,,0.08,,0.1,0.2,composite,56.0,0.5266666666666666,0.0,,,
anoshift_correlated_gaussian,power,adaptive_transfer,2012-2014,near,t_iut,p_t_iut,,0.02,,0.1,0.2,composite,56.0,0.4766666666666667,0.0,,,
anoshift_correlated_gaussian,power,adaptive_transfer,2012-2014,near,z_plus_softmax,p_z_plus_softmax,,0.06,,0.1,0.2,composite,56.0,0.5566666666666666,0.1666666666666666,,,
anoshift_correlated_gaussian,power,adaptive_transfer,2012-2014,near,z_plus_orth,p_z_plus_orth,,0.06,,0.1,0.2,composite,56.0,0.5533333333333333,0.1666666666666666,,,
anoshift_correlated_gaussian,power,adaptive_transfer,2012-2014,near,z_plus,p_z_plus,,0.04,,0.1,0.3,composite,56.0,0.42,0.1666666666666666,,,
anoshift_correlated_gaussian,power,adaptive_transfer,2012-2014,near,z_plus_renorm,p_z_plus_renorm,,0.08,,0.1,0.3,composite,56.0,0.4066666666666667,0.0,,,
anoshift_correlated_gaussian,power,adaptive_transfer,2012-2014,near,breadth,p_breadth,,0.02,,0.1,0.3,composite,56.0,0.4716666666666667,0.0,,,
anoshift_correlated_gaussian,power,adaptive_transfer,2012-2014,near,z_mahalanobis_sq,p_z_mahalanobis_sq,,0.06,,0.1,0.3,composite,56.0,0.3233333333333333,0.1666666666666666,,,
anoshift_correlated_gaussian,power,adaptive_transfer,2012-2014,near,t_iut,p_t_iut,,0.02,,0.1,0.3,composite,56.0,0.47,0.1666666666666666,,,
anoshift_correlated_gaussian,power,adaptive_transfer,2012-2014,near,z_plus_softmax,p_z_plus_softmax,,0.08,,0.1,0.3,composite,56.0,0.3333333333333333,0.0,,,
anoshift_correlated_gaussian,power,adaptive_transfer,2012-2014,near,z_plus_orth,p_z_plus_orth,,0.08,,0.1,0.3,composite,56.0,0.3366666666666666,0.0,,,
anoshift_threshold_clustering_m1_v2,power,adaptive_transfer,2012-2014,near,z_plus,p_z_plus,,0.1942777632837638,,0.01,0.05,composite,11499.0,,,,,
anoshift_threshold_clustering_m1_v2,power,adaptive_transfer,2012-2014,near,z_plus_renorm,p_z_plus_renorm,,0.2201409330122201,,0.01,0.05,composite,11211.0,,,,,
anoshift_threshold_clustering_m1_v2,power,adaptive_transfer,2012-2014,near,breadth,p_breadth,,0.0045221323593355,,0.01,0.05,composite,11499.0,,,,,
anoshift_threshold_clustering_m1_v2,power,adaptive_transfer,2012-2014,near,z_mahalanobis_sq,p_z_mahalanobis_sq,,0.3954351456670996,,0.01,0.05,composite,5389.0,,,,,
anoshift_threshold_clustering_m1_v2,power,adaptive_transfer,2012-2014,near,t_iut,p_t_iut,,0.0537438038090268,,0.01,0.05,composite,11499.0,,,,,
anoshift_threshold_clustering_m1_v2,power,adaptive_transfer,2012-2014,near,z_plus_softmax,p_z_plus_softmax,,0.2245116403532245,,0.01,0.05,composite,11211.0,,,,,
anoshift_threshold_clustering_m1_v2,power,adaptive_transfer,2012-2014,near,z_plus_orth,p_z_plus_orth,,0.232004281509232,,0.01,0.05,composite,11211.0,,,,,
anoshift_threshold_clustering_m1_v2,power,adaptive_transfer,2012-2014,near,z_plus,p_z_plus,,0.1942777632837638,,0.01,0.1,composite,11499.0,,,,,
anoshift_threshold_clustering_m1_v2,power,adaptive_transfer,2012-2014,near,z_plus_renorm,p_z_plus_renorm,,0.2201409330122201,,0.01,0.1,composite,11211.0,,,,,
anoshift_threshold_clustering_m1_v2,power,adaptive_transfer,2012-2014,near,breadth,p_breadth,,0.0045221323593355,,0.01,0.1,composite,11499.0,,,,,
anoshift_threshold_clustering_m1_v2,power,adaptive_transfer,2012-2014,near,z_mahalanobis_sq,p_z_mahalanobis_sq,,0.3954351456670996,,0.01,0.1,composite,5389.0,,,,,
anoshift_threshold_clustering_m1_v2,power,adaptive_transfer,2012-2014,near,t_iut,p_t_iut,,0.0537438038090268,,0.01,0.1,composite,11499.0,,,,,
anoshift_threshold_clustering_m1_v2,power,adaptive_transfer,2012-2014,near,z_plus_softmax,p_z_plus_softmax,,0.2245116403532245,,0.01,0.1,composite,11211.0,,,,,
anoshift_threshold_clustering_m1_v2,power,adaptive_transfer,2012-2014,near,z_plus_orth,p_z_plus_orth,,0.232004281509232,,0.01,0.1,composite,11211.0,,,,,
anoshift_threshold_clustering_m1_v2,power,adaptive_transfer,2012-2014,near,z_plus,p_z_plus,,0.1942777632837638,,0.01,0.15,composite,11499.0,,,,,
anoshift_threshold_clustering_m1_v2,power,adaptive_transfer,2012-2014,near,z_plus_renorm,p_z_plus_renorm,,0.2201409330122201,,0.01,0.15,composite,11211.0,,,,,
anoshift_threshold_clustering_m1_v2,power,adaptive_transfer,2012-2014,near,breadth,p_breadth,,0.0045221323593355,,0.01,0.15,composite,11499.0,,,,,
anoshift_threshold_clustering_m1_v2,power,adaptive_transfer,2012-2014,near,z_mahalanobis_sq,p_z_mahalanobis_sq,,0.3954351456670996,,0.01,0.15,composite,5389.0,,,,,
anoshift_threshold_clustering_m1_v2,power,adaptive_transfer,2012-2014,near,t_iut,p_t_iut,,0.0537438038090268,,0.01,0.15,composite,11499.0,,,,,
anoshift_threshold_clustering_m1_v2,power,adaptive_transfer,2012-2014,near,z_plus_softmax,p_z_plus_softmax,,0.2245116403532245,,0.01,0.15,composite,11211.0,,,,,
anoshift_threshold_clustering_m1_v2,power,adaptive_transfer,2012-2014,near,z_plus_orth,p_z_plus_orth,,0.232004281509232,,0.01,0.15,composite,11211.0,,,,,
anoshift_threshold_clustering_m1_v2,power,adaptive_transfer,2012-2014,near,z_plus,p_z_plus,,0.1942777632837638,,0.01,0.2,composite,11499.0,,,,,
anoshift_threshold_clustering_m1_v2,power,adaptive_transfer,2012-2014,near,z_plus_renorm,p_z_plus_renorm,,0.2201409330122201,,0.01,0.2,composite,11211.0,,,,,
anoshift_threshold_clustering_m1_v2,power,adaptive_transfer,2012-2014,near,breadth,p_breadth,,0.0045221323593355,,0.01,0.2,composite,11499.0,,,,,
anoshift_threshold_clustering_m1_v2,power,adaptive_transfer,2012-2014,near,z_mahalanobis_sq,p_z_mahalanobis_sq,,0.3954351456670996,,0.01,0.2,composite,5389.0,,,,,
anoshift_threshold_clustering_m1_v2,power,adaptive_transfer,2012-2014,near,t_iut,p_t_iut,,0.0537438038090268,,0.01,0.2,composite,11499.0,,,,,
anoshift_threshold_clustering_m1_v2,power,adaptive_transfer,2012-2014,near,z_plus_softmax,p_z_plus_softmax,,0.2245116403532245,,0.01,0.2,composite,11211.0,,,,,
anoshift_threshold_clustering_m1_v2,power,adaptive_transfer,2012-2014,near,z_plus_orth,p_z_plus_orth,,0.232004281509232,,0.01,0.2,composite,11211.0,,,,,
anoshift_threshold_clustering_m1_v2,power,adaptive_transfer,2012-2014,near,z_plus,p_z_plus,,0.1942777632837638,,0.01,0.3,composite,11499.0,,,,,
anoshift_threshold_clustering_m1_v2,power,adaptive_transfer,2012-2014,near,z_plus_renorm,p_z_plus_renorm,,0.2201409330122201,,0.01,0.3,composite,11211.0,,,,,
anoshift_threshold_clustering_m1_v2,power,adaptive_transfer,2012-2014,near,breadth,p_breadth,,0.0045221323593355,,0.01,0.3,composite,11499.0,,,,,
anoshift_threshold_clustering_m1_v2,power,adaptive_transfer,2012-2014,near,z_mahalanobis_sq,p_z_mahalanobis_sq,,0.3954351456670996,,0.01,0.3,composite,5389.0,,,,,
anoshift_threshold_clustering_m1_v2,power,adaptive_transfer,2012-2014,near,t_iut,p_t_iut,,0.0537438038090268,,0.01,0.3,composite,11499.0,,,,,
anoshift_threshold_clustering_m1_v2,power,adaptive_transfer,2012-2014,near,z_plus_softmax,p_z_plus_softmax,,0.2245116403532245,,0.01,0.3,composite,11211.0,,,,,
anoshift_threshold_clustering_m1_v2,power,adaptive_transfer,2012-2014,near,z_plus_orth,p_z_plus_orth,,0.232004281509232,,0.01,0.3,composite,11211.0,,,,,
anoshift_threshold_clustering_m1_v2,power,adaptive_transfer,2012-2014,near,z_plus,p_z_plus,,0.1942777632837638,,0.05,0.05,composite,11499.0,,,,,
anoshift_threshold_clustering_m1_v2,power,adaptive_transfer,2012-2014,near,z_plus_renorm,p_z_plus_renorm,,0.2201409330122201,,0.05,0.05,composite,11211.0,,,,,
anoshift_threshold_clustering_m1_v2,power,adaptive_transfer,2012-2014,near,breadth,p_breadth,,0.0045221323593355,,0.05,0.05,composite,11499.0,,,,,
anoshift_threshold_clustering_m1_v2,power,adaptive_transfer,2012-2014,near,z_mahalanobis_sq,p_z_mahalanobis_sq,,0.3954351456670996,,0.05,0.05,composite,5389.0,,,,,
anoshift_threshold_clustering_m1_v2,power,adaptive_transfer,2012-2014,near,t_iut,p_t_iut,,0.0537438038090268,,0.05,0.05,composite,11499.0,,,,,
anoshift_threshold_clustering_m1_v2,power,adaptive_transfer,2012-2014,near,z_plus_softmax,p_z_plus_softmax,,0.2245116403532245,,0.05,0.05,composite,11211.0,,,,,
anoshift_threshold_clustering_m1_v2,power,adaptive_transfer,2012-2014,near,z_plus_orth,p_z_plus_orth,,0.232004281509232,,0.05,0.05,composite,11211.0,,,,,
anoshift_threshold_clustering_m1_v2,power,adaptive_transfer,2012-2014,near,z_plus,p_z_plus,,0.1942777632837638,,0.05,0.1,composite,11499.0,,,,,
anoshift_threshold_clustering_m1_v2,power,adaptive_transfer,2012-2014,near,z_plus_renorm,p_z_plus_renorm,,0.2201409330122201,,0.05,0.1,composite,11211.0,,,,,
anoshift_threshold_clustering_m1_v2,power,adaptive_transfer,2012-2014,near,breadth,p_breadth,,0.0045221323593355,,0.05,0.1,composite,11499.0,,,,,
anoshift_threshold_clustering_m1_v2,power,adaptive_transfer,2012-2014,near,z_mahalanobis_sq,p_z_mahalanobis_sq,,0.3954351456670996,,0.05,0.1,composite,5389.0,,,,,
anoshift_threshold_clustering_m1_v2,power,adaptive_transfer,2012-2014,near,t_iut,p_t_iut,,0.0537438038090268,,0.05,0.1,composite,11499.0,,,,,
anoshift_threshold_clustering_m1_v2,power,adaptive_transfer,2012-2014,near,z_plus_softmax,p_z_plus_softmax,,0.2245116403532245,,0.05,0.1,composite,11211.0,,,,,
anoshift_threshold_clustering_m1_v2,power,adaptive_transfer,2012-2014,near,z_plus_orth,p_z_plus_orth,,0.232004281509232,,0.05,0.1,composite,11211.0,,,,,
anoshift_threshold_clustering_m1_v2,power,adaptive_transfer,2012-2014,near,z_plus,p_z_plus,,0.1942777632837638,,0.05,0.15,composite,11499.0,,,,,
anoshift_threshold_clustering_m1_v2,power,adaptive_transfer,2012-2014,near,z_plus_renorm,p_z_plus_renorm,,0.2201409330122201,,0.05,0.15,composite,11211.0,,,,,
anoshift_threshold_clustering_m1_v2,power,adaptive_transfer,2012-2014,near,breadth,p_breadth,,0.0045221323593355,,0.05,0.15,composite,11499.0,,,,,
anoshift_threshold_clustering_m1_v2,power,adaptive_transfer,2012-2014,near,z_mahalanobis_sq,p_z_mahalanobis_sq,,0.3954351456670996,,0.05,0.15,composite,5389.0,,,,,
anoshift_threshold_clustering_m1_v2,power,adaptive_transfer,2012-2014,near,t_iut,p_t_iut,,0.0537438038090268,,0.05,0.15,composite,11499.0,,,,,
anoshift_threshold_clustering_m1_v2,power,adaptive_transfer,2012-2014,near,z_plus_softmax,p_z_plus_softmax,,0.2245116403532245,,0.05,0.15,composite,11211.0,,,,,
anoshift_threshold_clustering_m1_v2,power,adaptive_transfer,2012-2014,near,z_plus_orth,p_z_plus_orth,,0.232004281509232,,0.05,0.15,composite,11211.0,,,,,
anoshift_threshold_clustering_m1_v2,power,adaptive_transfer,2012-2014,near,z_plus,p_z_plus,,0.1942777632837638,,0.05,0.2,composite,11499.0,,,,,
anoshift_threshold_clustering_m1_v2,power,adaptive_transfer,2012-2014,near,z_plus_renorm,p_z_plus_renorm,,0.2201409330122201,,0.05,0.2,composite,11211.0,,,,,
anoshift_threshold_clustering_m1_v2,power,adaptive_transfer,2012-2014,near,breadth,p_breadth,,0.0045221323593355,,0.05,0.2,composite,11499.0,,,,,
anoshift_threshold_clustering_m1_v2,power,adaptive_transfer,2012-2014,near,z_mahalanobis_sq,p_z_mahalanobis_sq,,0.3954351456670996,,0.05,0.2,composite,5389.0,,,,,
anoshift_threshold_clustering_m1_v2,power,adaptive_transfer,2012-2014,near,t_iut,p_t_iut,,0.0537438038090268,,0.05,0.2,composite,11499.0,,,,,
anoshift_threshold_clustering_m1_v2,power,adaptive_transfer,2012-2014,near,z_plus_softmax,p_z_plus_softmax,,0.2245116403532245,,0.05,0.2,composite,11211.0,,,,,
anoshift_threshold_clustering_m1_v2,power,adaptive_transfer,2012-2014,near,z_plus_orth,p_z_plus_orth,,0.232004281509232,,0.05,0.2,composite,11211.0,,,,,
anoshift_threshold_clustering_m1_v2,power,adaptive_transfer,2012-2014,near,z_plus,p_z_plus,,0.1942777632837638,,0.05,0.3,composite,11499.0,,,,,
anoshift_threshold_clustering_m1_v2,power,adaptive_transfer,2012-2014,near,z_plus_renorm,p_z_plus_renorm,,0.2201409330122201,,0.05,0.3,composite,11211.0,,,,,
anoshift_threshold_clustering_m1_v2,power,adaptive_transfer,2012-2014,near,breadth,p_breadth,,0.0045221323593355,,0.05,0.3,composite,11499.0,,,,,
anoshift_threshold_clustering_m1_v2,power,adaptive_transfer,2012-2014,near,z_mahalanobis_sq,p_z_mahalanobis_sq,,0.3954351456670996,,0.05,0.3,composite,5389.0,,,,,
anoshift_threshold_clustering_m1_v2,power,adaptive_transfer,2012-2014,near,t_iut,p_t_iut,,0.0537438038090268,,0.05,0.3,composite,11499.0,,,,,
anoshift_threshold_clustering_m1_v2,power,adaptive_transfer,2012-2014,near,z_plus_softmax,p_z_plus_softmax,,0.2245116403532245,,0.05,0.3,composite,11211.0,,,,,
anoshift_threshold_clustering_m1_v2,power,adaptive_transfer,2012-2014,near,z_plus_orth,p_z_plus_orth,,0.232004281509232,,0.05,0.3,composite,11211.0,,,,,
anoshift_threshold_clustering_m1_v2,power,adaptive_transfer,2012-2014,near,z_plus,p_z_plus,,0.1942777632837638,,0.1,0.05,composite,11499.0,,,,,
anoshift_threshold_clustering_m1_v2,power,adaptive_transfer,2012-2014,near,z_plus_renorm,p_z_plus_renorm,,0.2201409330122201,,0.1,0.05,composite,11211.0,,,,,
anoshift_threshold_clustering_m1_v2,power,adaptive_transfer,2012-2014,near,breadth,p_breadth,,0.0045221323593355,,0.1,0.05,composite,11499.0,,,,,
anoshift_threshold_clustering_m1_v2,power,adaptive_transfer,2012-2014,near,z_mahalanobis_sq,p_z_mahalanobis_sq,,0.3954351456670996,,0.1,0.05,composite,5389.0,,,,,
anoshift_threshold_clustering_m1_v2,power,adaptive_transfer,2012-2014,near,t_iut,p_t_iut,,0.0537438038090268,,0.1,0.05,composite,11499.0,,,,,
anoshift_threshold_clustering_m1_v2,power,adaptive_transfer,2012-2014,near,z_plus_softmax,p_z_plus_softmax,,0.2245116403532245,,0.1,0.05,composite,11211.0,,,,,
anoshift_threshold_clustering_m1_v2,power,adaptive_transfer,2012-2014,near,z_plus_orth,p_z_plus_orth,,0.232004281509232,,0.1,0.05,composite,11211.0,,,,,
anoshift_threshold_clustering_m1_v2,power,adaptive_transfer,2012-2014,near,z_plus,p_z_plus,,0.1942777632837638,,0.1,0.1,composite,11499.0,,,,,
anoshift_threshold_clustering_m1_v2,power,adaptive_transfer,2012-2014,near,z_plus_renorm,p_z_plus_renorm,,0.2201409330122201,,0.1,0.1,composite,11211.0,,,,,
anoshift_threshold_clustering_m1_v2,power,adaptive_transfer,2012-2014,near,breadth,p_breadth,,0.0045221323593355,,0.1,0.1,composite,11499.0,,,,,
anoshift_threshold_clustering_m1_v2,power,adaptive_transfer,2012-2014,near,z_mahalanobis_sq,p_z_mahalanobis_sq,,0.3954351456670996,,0.1,0.1,composite,5389.0,,,,,
anoshift_threshold_clustering_m1_v2,power,adaptive_transfer,2012-2014,near,t_iut,p_t_iut,,0.0537438038090268,,0.1,0.1,composite,11499.0,,,,,
anoshift_threshold_clustering_m1_v2,power,adaptive_transfer,2012-2014,near,z_plus_softmax,p_z_plus_softmax,,0.2245116403532245,,0.1,0.1,composite,11211.0,,,,,
anoshift_threshold_clustering_m1_v2,power,adaptive_transfer,2012-2014,near,z_plus_orth,p_z_plus_orth,,0.232004281509232,,0.1,0.1,composite,11211.0,,,,,
anoshift_threshold_clustering_m1_v2,power,adaptive_transfer,2012-2014,near,z_plus,p_z_plus,,0.1942777632837638,,0.1,0.15,composite,11499.0,,,,,
anoshift_threshold_clustering_m1_v2,power,adaptive_transfer,2012-2014,near,z_plus_renorm,p_z_plus_renorm,,0.2201409330122201,,0.1,0.15,composite,11211.0,,,,,
anoshift_threshold_clustering_m1_v2,power,adaptive_transfer,2012-2014,near,breadth,p_breadth,,0.0045221323593355,,0.1,0.15,composite,11499.0,,,,,
anoshift_threshold_clustering_m1_v2,power,adaptive_transfer,2012-2014,near,z_mahalanobis_sq,p_z_mahalanobis_sq,,0.3954351456670996,,0.1,0.15,composite,5389.0,,,,,
anoshift_threshold_clustering_m1_v2,power,adaptive_transfer,2012-2014,near,t_iut,p_t_iut,,0.0537438038090268,,0.1,0.15,composite,11499.0,,,,,
anoshift_threshold_clustering_m1_v2,power,adaptive_transfer,2012-2014,near,z_plus_softmax,p_z_plus_softmax,,0.2245116403532245,,0.1,0.15,composite,11211.0,,,,,
anoshift_threshold_clustering_m1_v2,power,adaptive_transfer,2012-2014,near,z_plus_orth,p_z_plus_orth,,0.232004281509232,,0.1,0.15,composite,11211.0,,,,,
anoshift_threshold_clustering_m1_v2,power,adaptive_transfer,2012-2014,near,z_plus,p_z_plus,,0.1942777632837638,,0.1,0.2,composite,11499.0,,,,,
anoshift_threshold_clustering_m1_v2,power,adaptive_transfer,2012-2014,near,z_plus_renorm,p_z_plus_renorm,,0.2201409330122201,,0.1,0.2,composite,11211.0,,,,,
anoshift_threshold_clustering_m1_v2,power,adaptive_transfer,2012-2014,near,breadth,p_breadth,,0.0045221323593355,,0.1,0.2,composite,11499.0,,,,,
anoshift_threshold_clustering_m1_v2,power,adaptive_transfer,2012-2014,near,z_mahalanobis_sq,p_z_mahalanobis_sq,,0.3954351456670996,,0.1,0.2,composite,5389.0,,,,,
anoshift_threshold_clustering_m1_v2,power,adaptive_transfer,2012-2014,near,t_iut,p_t_iut,,0.0537438038090268,,0.1,0.2,composite,11499.0,,,,,
anoshift_threshold_clustering_m1_v2,power,adaptive_transfer,2012-2014,near,z_plus_softmax,p_z_plus_softmax,,0.2245116403532245,,0.1,0.2,composite,11211.0,,,,,
anoshift_threshold_clustering_m1_v2,power,adaptive_transfer,2012-2014,near,z_plus_orth,p_z_plus_orth,,0.232004281509232,,0.1,0.2,composite,11211.0,,,,,
anoshift_threshold_clustering_m1_v2,power,adaptive_transfer,2012-2014,near,z_plus,p_z_plus,,0.1942777632837638,,0.1,0.3,composite,11499.0,,,,,
anoshift_threshold_clustering_m1_v2,power,adaptive_transfer,2012-2014,near,z_plus_renorm,p_z_plus_renorm,,0.2201409330122201,,0.1,0.3,composite,11211.0,,,,,
anoshift_threshold_clustering_m1_v2,power,adaptive_transfer,2012-2014,near,breadth,p_breadth,,0.0045221323593355,,0.1,0.3,composite,11499.0,,,,,
anoshift_threshold_clustering_m1_v2,power,adaptive_transfer,2012-2014,near,z_mahalanobis_sq,p_z_mahalanobis_sq,,0.3954351456670996,,0.1,0.3,composite,5389.0,,,,,
anoshift_threshold_clustering_m1_v2,power,adaptive_transfer,2012-2014,near,t_iut,p_t_iut,,0.0537438038090268,,0.1,0.3,composite,11499.0,,,,,
anoshift_threshold_clustering_m1_v2,power,adaptive_transfer,2012-2014,near,z_plus_softmax,p_z_plus_softmax,,0.2245116403532245,,0.1,0.3,composite,11211.0,,,,,
anoshift_threshold_clustering_m1_v2,power,adaptive_transfer,2012-2014,near,z_plus_orth,p_z_plus_orth,,0.232004281509232,,0.1,0.3,composite,11211.0,,,,,
anoshift_correlated_gaussian,power,adaptive_transfer,2012-2014,far,z_plus,p_z_plus,,0.0476190476190476,,0.01,0.05,composite,85.0,0.4761904761904761,0.0,,,
anoshift_correlated_gaussian,power,adaptive_transfer,2012-2014,far,z_plus_renorm,p_z_plus_renorm,,0.0357142857142857,,0.01,0.05,composite,85.0,0.3571428571428571,0.0,,,
anoshift_correlated_gaussian,power,adaptive_transfer,2012-2014,far,breadth,p_breadth,,0.0357142857142857,,0.01,0.05,composite,85.0,0.6428571428571429,0.0,,,
anoshift_correlated_gaussian,power,adaptive_transfer,2012-2014,far,z_mahalanobis_sq,p_z_mahalanobis_sq,,0.0476190476190476,,0.01,0.05,composite,85.0,0.6071428571428572,0.0,,,
anoshift_correlated_gaussian,power,adaptive_transfer,2012-2014,far,t_iut,p_t_iut,,0.0833333333333333,,0.01,0.05,composite,85.0,0.0476190476190476,0.0,,,
anoshift_correlated_gaussian,power,adaptive_transfer,2012-2014,far,z_plus_softmax,p_z_plus_softmax,,0.0595238095238095,,0.01,0.05,composite,85.0,0.369047619047619,0.0,,,
anoshift_correlated_gaussian,power,adaptive_transfer,2012-2014,far,z_plus_orth,p_z_plus_orth,,0.0357142857142857,,0.01,0.05,composite,85.0,0.4166666666666666,0.0,,,
anoshift_correlated_gaussian,power,adaptive_transfer,2012-2014,far,z_plus,p_z_plus,,0.0476190476190476,,0.01,0.1,composite,85.0,0.2261904761904761,0.0,,,
anoshift_correlated_gaussian,power,adaptive_transfer,2012-2014,far,z_plus_renorm,p_z_plus_renorm,,0.0357142857142857,,0.01,0.1,composite,85.0,0.25,0.0,,,
anoshift_correlated_gaussian,power,adaptive_transfer,2012-2014,far,breadth,p_breadth,,0.0357142857142857,,0.01,0.1,composite,85.0,0.3571428571428571,0.0,,,
anoshift_correlated_gaussian,power,adaptive_transfer,2012-2014,far,z_mahalanobis_sq,p_z_mahalanobis_sq,,0.0476190476190476,,0.01,0.1,composite,85.0,0.119047619047619,0.0,,,
anoshift_correlated_gaussian,power,adaptive_transfer,2012-2014,far,t_iut,p_t_iut,,0.0833333333333333,,0.01,0.1,composite,85.0,0.7857142857142858,0.0,,,
anoshift_correlated_gaussian,power,adaptive_transfer,2012-2014,far,z_plus_softmax,p_z_plus_softmax,,0.0595238095238095,,0.01,0.1,composite,85.0,0.3095238095238095,0.0,,,
anoshift_correlated_gaussian,power,adaptive_transfer,2012-2014,far,z_plus_orth,p_z_plus_orth,,0.0357142857142857,,0.01,0.1,composite,85.0,0.2738095238095238,0.0,,,
anoshift_correlated_gaussian,power,adaptive_transfer,2012-2014,far,z_plus,p_z_plus,,0.0476190476190476,,0.01,0.15,composite,85.0,0.9047619047619048,0.0,,,
anoshift_correlated_gaussian,power,adaptive_transfer,2012-2014,far,z_plus_renorm,p_z_plus_renorm,,0.0357142857142857,,0.01,0.15,composite,85.0,0.8452380952380952,0.0,,,
anoshift_correlated_gaussian,power,adaptive_transfer,2012-2014,far,breadth,p_breadth,,0.0357142857142857,,0.01,0.15,composite,85.0,0.8630952380952381,0.0,,,
anoshift_correlated_gaussian,power,adaptive_transfer,2012-2014,far,z_mahalanobis_sq,p_z_mahalanobis_sq,,0.0357142857142857,,0.01,0.15,composite,85.0,0.9761904761904762,1.0,,,
anoshift_correlated_gaussian,power,adaptive_transfer,2012-2014,far,t_iut,p_t_iut,,0.0833333333333333,,0.01,0.15,composite,85.0,0.0,0.0,,,
anoshift_correlated_gaussian,power,adaptive_transfer,2012-2014,far,z_plus_softmax,p_z_plus_softmax,,0.0595238095238095,,0.01,0.15,composite,85.0,1.0,1.0,,,
anoshift_correlated_gaussian,power,adaptive_transfer,2012-2014,far,z_plus_orth,p_z_plus_orth,,0.0357142857142857,,0.01,0.15,composite,85.0,1.0,1.0,,,
anoshift_correlated_gaussian,power,adaptive_transfer,2012-2014,far,z_plus,p_z_plus,,0.0476190476190476,,0.01,0.2,composite,85.0,0.6309523809523809,0.0,,,
anoshift_correlated_gaussian,power,adaptive_transfer,2012-2014,far,z_plus_renorm,p_z_plus_renorm,,0.0357142857142857,,0.01,0.2,composite,85.0,0.5357142857142857,0.0,,,
anoshift_correlated_gaussian,power,adaptive_transfer,2012-2014,far,breadth,p_breadth,,0.0357142857142857,,0.01,0.2,composite,85.0,0.6428571428571429,0.0,,,
anoshift_correlated_gaussian,power,adaptive_transfer,2012-2014,far,z_mahalanobis_sq,p_z_mahalanobis_sq,,0.0476190476190476,,0.01,0.2,composite,85.0,0.7380952380952381,0.0,,,
anoshift_correlated_gaussian,power,adaptive_transfer,2012-2014,far,t_iut,p_t_iut,,0.0833333333333333,,0.01,0.2,composite,85.0,0.2857142857142857,0.0,,,
anoshift_correlated_gaussian,power,adaptive_transfer,2012-2014,far,z_plus_softmax,p_z_plus_softmax,,0.0595238095238095,,0.01,0.2,composite,85.0,0.5357142857142857,0.0,,,
anoshift_correlated_gaussian,power,adaptive_transfer,2012-2014,far,z_plus_orth,p_z_plus_orth,,0.0357142857142857,,0.01,0.2,composite,85.0,0.5,0.0,,,
anoshift_correlated_gaussian,power,adaptive_transfer,2012-2014,far,z_plus,p_z_plus,,0.0476190476190476,,0.01,0.3,composite,85.0,0.5,0.0,,,
anoshift_correlated_gaussian,power,adaptive_transfer,2012-2014,far,z_plus_renorm,p_z_plus_renorm,,0.0357142857142857,,0.01,0.3,composite,85.0,0.369047619047619,0.0,,,
anoshift_correlated_gaussian,power,adaptive_transfer,2012-2014,far,breadth,p_breadth,,0.0357142857142857,,0.01,0.3,composite,85.0,0.6428571428571429,0.0,,,
anoshift_correlated_gaussian,power,adaptive_transfer,2012-2014,far,z_mahalanobis_sq,p_z_mahalanobis_sq,,0.0476190476190476,,0.01,0.3,composite,85.0,0.5,0.0,,,
anoshift_correlated_gaussian,power,adaptive_transfer,2012-2014,far,t_iut,p_t_iut,,0.0833333333333333,,0.01,0.3,composite,85.0,0.25,0.0,,,
anoshift_correlated_gaussian,power,adaptive_transfer,2012-2014,far,z_plus_softmax,p_z_plus_softmax,,0.0595238095238095,,0.01,0.3,composite,85.0,0.4404761904761904,0.0,,,
anoshift_correlated_gaussian,power,adaptive_transfer,2012-2014,far,z_plus_orth,p_z_plus_orth,,0.0357142857142857,,0.01,0.3,composite,85.0,0.3809523809523809,0.0,,,
anoshift_correlated_gaussian,power,adaptive_transfer,2012-2014,far,z_plus,p_z_plus,,0.0493827160493827,,0.05,0.05,composite,85.0,0.5061728395061729,0.0,,,
anoshift_correlated_gaussian,power,adaptive_transfer,2012-2014,far,z_plus_renorm,p_z_plus_renorm,,0.037037037037037,,0.05,0.05,composite,85.0,0.5030864197530864,0.0,,,
anoshift_correlated_gaussian,power,adaptive_transfer,2012-2014,far,breadth,p_breadth,,0.0246913580246913,,0.05,0.05,composite,85.0,0.4722222222222222,0.25,,,
anoshift_correlated_gaussian,power,adaptive_transfer,2012-2014,far,z_mahalanobis_sq,p_z_mahalanobis_sq,,0.0493827160493827,,0.05,0.05,composite,85.0,0.5802469135802469,0.0,,,
anoshift_correlated_gaussian,power,adaptive_transfer,2012-2014,far,t_iut,p_t_iut,,0.074074074074074,,0.05,0.05,composite,85.0,0.4753086419753086,0.25,,,
anoshift_correlated_gaussian,power,adaptive_transfer,2012-2014,far,z_plus_softmax,p_z_plus_softmax,,0.0617283950617283,,0.05,0.05,composite,85.0,0.5216049382716049,0.0,,,
anoshift_correlated_gaussian,power,adaptive_transfer,2012-2014,far,z_plus_orth,p_z_plus_orth,,0.037037037037037,,0.05,0.05,composite,85.0,0.5493827160493827,0.0,,,
anoshift_correlated_gaussian,power,adaptive_transfer,2012-2014,far,z_plus,p_z_plus,,0.0493827160493827,,0.05,0.1,composite,85.0,0.6975308641975309,0.5,,,
anoshift_correlated_gaussian,power,adaptive_transfer,2012-2014,far,z_plus_renorm,p_z_plus_renorm,,0.037037037037037,,0.05,0.1,composite,85.0,0.7345679012345679,0.0,,,
anoshift_correlated_gaussian,power,adaptive_transfer,2012-2014,far,breadth,p_breadth,,0.037037037037037,,0.05,0.1,composite,85.0,0.5570987654320988,0.0,,,
anoshift_correlated_gaussian,power,adaptive_transfer,2012-2014,far,z_mahalanobis_sq,p_z_mahalanobis_sq,,0.037037037037037,,0.05,0.1,composite,85.0,0.7839506172839507,0.25,,,
anoshift_correlated_gaussian,power,adaptive_transfer,2012-2014,far,t_iut,p_t_iut,,0.0864197530864197,,0.05,0.1,composite,85.0,0.308641975308642,0.0,,,
anoshift_correlated_gaussian,power,adaptive_transfer,2012-2014,far,z_plus_softmax,p_z_plus_softmax,,0.0617283950617283,,0.05,0.1,composite,85.0,0.7469135802469137,0.25,,,
anoshift_correlated_gaussian,power,adaptive_transfer,2012-2014,far,z_plus_orth,p_z_plus_orth,,0.037037037037037,,0.05,0.1,composite,85.0,0.7438271604938272,0.5,,,
anoshift_correlated_gaussian,power,adaptive_transfer,2012-2014,far,z_plus,p_z_plus,,0.037037037037037,,0.05,0.15,composite,85.0,0.654320987654321,0.25,,,
anoshift_correlated_gaussian,power,adaptive_transfer,2012-2014,far,z_plus_renorm,p_z_plus_renorm,,0.037037037037037,,0.05,0.15,composite,85.0,0.6697530864197531,0.25,,,
anoshift_correlated_gaussian,power,adaptive_transfer,2012-2014,far,breadth,p_breadth,,0.037037037037037,,0.05,0.15,composite,85.0,0.5231481481481481,0.0,,,
anoshift_correlated_gaussian,power,adaptive_transfer,2012-2014,far,z_mahalanobis_sq,p_z_mahalanobis_sq,,0.0493827160493827,,0.05,0.15,composite,85.0,0.5987654320987654,0.0,,,
anoshift_correlated_gaussian,power,adaptive_transfer,2012-2014,far,t_iut,p_t_iut,,0.074074074074074,,0.05,0.15,composite,85.0,0.6141975308641976,0.25,,,
anoshift_correlated_gaussian,power,adaptive_transfer,2012-2014,far,z_plus_softmax,p_z_plus_softmax,,0.0493827160493827,,0.05,0.15,composite,85.0,0.6018518518518517,0.25,,,
anoshift_correlated_gaussian,power,adaptive_transfer,2012-2014,far,z_plus_orth,p_z_plus_orth,,0.0246913580246913,,0.05,0.15,composite,85.0,0.5864197530864198,0.25,,,
anoshift_correlated_gaussian,power,adaptive_transfer,2012-2014,far,z_plus,p_z_plus,,0.0493827160493827,,0.05,0.2,composite,85.0,0.4074074074074074,0.0,,,
anoshift_correlated_gaussian,power,adaptive_transfer,2012-2014,far,z_plus_renorm,p_z_plus_renorm,,0.037037037037037,,0.05,0.2,composite,85.0,0.4166666666666667,0.0,,,
anoshift_correlated_gaussian,power,adaptive_transfer,2012-2014,far,breadth,p_breadth,,0.037037037037037,,0.05,0.2,composite,85.0,0.4429012345679012,0.0,,,
anoshift_correlated_gaussian,power,adaptive_transfer,2012-2014,far,z_mahalanobis_sq,p_z_mahalanobis_sq,,0.0493827160493827,,0.05,0.2,composite,85.0,0.4228395061728395,0.0,,,
anoshift_correlated_gaussian,power,adaptive_transfer,2012-2014,far,t_iut,p_t_iut,,0.0864197530864197,,0.05,0.2,composite,85.0,0.4444444444444444,0.0,,,
anoshift_correlated_gaussian,power,adaptive_transfer,2012-2014,far,z_plus_softmax,p_z_plus_softmax,,0.0617283950617283,,0.05,0.2,composite,85.0,0.4444444444444445,0.0,,,
anoshift_correlated_gaussian,power,adaptive_transfer,2012-2014,far,z_plus_orth,p_z_plus_orth,,0.037037037037037,,0.05,0.2,composite,85.0,0.4475308641975308,0.0,,,
anoshift_correlated_gaussian,power,adaptive_transfer,2012-2014,far,z_plus,p_z_plus,,0.0493827160493827,,0.05,0.3,composite,85.0,0.4753086419753086,0.0,,,
anoshift_correlated_gaussian,power,adaptive_transfer,2012-2014,far,z_plus_renorm,p_z_plus_renorm,,0.037037037037037,,0.05,0.3,composite,85.0,0.3888888888888889,0.0,,,
anoshift_correlated_gaussian,power,adaptive_transfer,2012-2014,far,breadth,p_breadth,,0.037037037037037,,0.05,0.3,composite,85.0,0.6080246913580247,0.25,,,
anoshift_correlated_gaussian,power,adaptive_transfer,2012-2014,far,z_mahalanobis_sq,p_z_mahalanobis_sq,,0.0493827160493827,,0.05,0.3,composite,85.0,0.3302469135802469,0.0,,,
anoshift_correlated_gaussian,power,adaptive_transfer,2012-2014,far,t_iut,p_t_iut,,0.0617283950617283,,0.05,0.3,composite,85.0,0.7345679012345679,0.25,,,
anoshift_correlated_gaussian,power,adaptive_transfer,2012-2014,far,z_plus_softmax,p_z_plus_softmax,,0.0617283950617283,,0.05,0.3,composite,85.0,0.4814814814814815,0.0,,,
anoshift_correlated_gaussian,power,adaptive_transfer,2012-2014,far,z_plus_orth,p_z_plus_orth,,0.037037037037037,,0.05,0.3,composite,85.0,0.4691358024691358,0.0,,,
anoshift_correlated_gaussian,power,adaptive_transfer,2012-2014,far,z_plus,p_z_plus,,0.0389610389610389,,0.1,0.05,composite,85.0,0.4415584415584416,0.125,,,
anoshift_correlated_gaussian,power,adaptive_transfer,2012-2014,far,z_plus_renorm,p_z_plus_renorm,,0.0389610389610389,,0.1,0.05,composite,85.0,0.3668831168831169,0.0,,,
anoshift_correlated_gaussian,power,adaptive_transfer,2012-2014,far,breadth,p_breadth,,0.0259740259740259,,0.1,0.05,composite,85.0,0.601461038961039,0.125,,,
anoshift_correlated_gaussian,power,adaptive_transfer,2012-2014,far,z_mahalanobis_sq,p_z_mahalanobis_sq,,0.0389610389610389,,0.1,0.05,composite,85.0,0.3766233766233766,0.125,,,
anoshift_correlated_gaussian,power,adaptive_transfer,2012-2014,far,t_iut,p_t_iut,,0.0779220779220779,,0.1,0.05,composite,85.0,0.5373376623376623,0.125,,,
anoshift_correlated_gaussian,power,adaptive_transfer,2012-2014,far,z_plus_softmax,p_z_plus_softmax,,0.0519480519480519,,0.1,0.05,composite,85.0,0.3912337662337662,0.0,,,
anoshift_correlated_gaussian,power,adaptive_transfer,2012-2014,far,z_plus_orth,p_z_plus_orth,,0.0389610389610389,,0.1,0.05,composite,85.0,0.387987012987013,0.0,,,
anoshift_correlated_gaussian,power,adaptive_transfer,2012-2014,far,z_plus,p_z_plus,,0.0389610389610389,,0.1,0.1,composite,85.0,0.6444805194805194,0.125,,,
anoshift_correlated_gaussian,power,adaptive_transfer,2012-2014,far,z_plus_renorm,p_z_plus_renorm,,0.0389610389610389,,0.1,0.1,composite,85.0,0.5698051948051948,0.0,,,
anoshift_correlated_gaussian,power,adaptive_transfer,2012-2014,far,breadth,p_breadth,,0.0389610389610389,,0.1,0.1,composite,85.0,0.6452922077922078,0.0,,,
anoshift_correlated_gaussian,power,adaptive_transfer,2012-2014,far,z_mahalanobis_sq,p_z_mahalanobis_sq,,0.0519480519480519,,0.1,0.1,composite,85.0,0.5308441558441559,0.0,,,
anoshift_correlated_gaussian,power,adaptive_transfer,2012-2014,far,t_iut,p_t_iut,,0.0909090909090909,,0.1,0.1,composite,85.0,0.650974025974026,0.0,,,
anoshift_correlated_gaussian,power,adaptive_transfer,2012-2014,far,z_plus_softmax,p_z_plus_softmax,,0.0649350649350649,,0.1,0.1,composite,85.0,0.6185064935064934,0.25,,,
anoshift_correlated_gaussian,power,adaptive_transfer,2012-2014,far,z_plus_orth,p_z_plus_orth,,0.0389610389610389,,0.1,0.1,composite,85.0,0.6217532467532467,0.25,,,
anoshift_correlated_gaussian,power,adaptive_transfer,2012-2014,far,z_plus,p_z_plus,,0.0519480519480519,,0.1,0.15,composite,85.0,0.6038961038961039,0.125,,,
anoshift_correlated_gaussian,power,adaptive_transfer,2012-2014,far,z_plus_renorm,p_z_plus_renorm,,0.0389610389610389,,0.1,0.15,composite,85.0,0.5827922077922078,0.0,,,
anoshift_correlated_gaussian,power,adaptive_transfer,2012-2014,far,breadth,p_breadth,,0.0259740259740259,,0.1,0.15,composite,85.0,0.5803571428571429,0.125,,,
anoshift_correlated_gaussian,power,adaptive_transfer,2012-2014,far,z_mahalanobis_sq,p_z_mahalanobis_sq,,0.0389610389610389,,0.1,0.15,composite,85.0,0.5665584415584415,0.125,,,
anoshift_correlated_gaussian,power,adaptive_transfer,2012-2014,far,t_iut,p_t_iut,,0.0649350649350649,,0.1,0.15,composite,85.0,0.5357142857142857,0.125,,,
anoshift_correlated_gaussian,power,adaptive_transfer,2012-2014,far,z_plus_softmax,p_z_plus_softmax,,0.0519480519480519,,0.1,0.15,composite,85.0,0.6136363636363636,0.25,,,
anoshift_correlated_gaussian,power,adaptive_transfer,2012-2014,far,z_plus_orth,p_z_plus_orth,,0.0389610389610389,,0.1,0.15,composite,85.0,0.6103896103896104,0.25,,,
anoshift_correlated_gaussian,power,adaptive_transfer,2012-2014,far,z_plus,p_z_plus,,0.0259740259740259,,0.1,0.2,composite,85.0,0.7451298701298702,0.25,,,
anoshift_correlated_gaussian,power,adaptive_transfer,2012-2014,far,z_plus_renorm,p_z_plus_renorm,,0.0259740259740259,,0.1,0.2,composite,85.0,0.6672077922077921,0.125,,,
anoshift_correlated_gaussian,power,adaptive_transfer,2012-2014,far,breadth,p_breadth,,0.0259740259740259,,0.1,0.2,composite,85.0,0.6996753246753247,0.125,,,
anoshift_correlated_gaussian,power,adaptive_transfer,2012-2014,far,z_mahalanobis_sq,p_z_mahalanobis_sq,,0.0389610389610389,,0.1,0.2,composite,85.0,0.7305194805194806,0.125,,,
anoshift_correlated_gaussian,power,adaptive_transfer,2012-2014,far,t_iut,p_t_iut,,0.0649350649350649,,0.1,0.2,composite,85.0,0.663961038961039,0.125,,,
anoshift_correlated_gaussian,power,adaptive_transfer,2012-2014,far,z_plus_softmax,p_z_plus_softmax,,0.0519480519480519,,0.1,0.2,composite,85.0,0.7012987012987013,0.125,,,
anoshift_correlated_gaussian,power,adaptive_transfer,2012-2014,far,z_plus_orth,p_z_plus_orth,,0.0389610389610389,,0.1,0.2,composite,85.0,0.7061688311688311,0.25,,,
anoshift_correlated_gaussian,power,adaptive_transfer,2012-2014,far,z_plus,p_z_plus,,0.0519480519480519,,0.1,0.3,composite,85.0,0.5811688311688312,0.125,,,
anoshift_correlated_gaussian,power,adaptive_transfer,2012-2014,far,z_plus_renorm,p_z_plus_renorm,,0.0389610389610389,,0.1,0.3,composite,85.0,0.5064935064935066,0.0,,,
anoshift_correlated_gaussian,power,adaptive_transfer,2012-2014,far,breadth,p_breadth,,0.0389610389610389,,0.1,0.3,composite,85.0,0.734577922077922,0.0,,,
anoshift_correlated_gaussian,power,adaptive_transfer,2012-2014,far,z_mahalanobis_sq,p_z_mahalanobis_sq,,0.0389610389610389,,0.1,0.3,composite,85.0,0.6168831168831169,0.25,,,
anoshift_correlated_gaussian,power,adaptive_transfer,2012-2014,far,t_iut,p_t_iut,,0.0779220779220779,,0.1,0.3,composite,85.0,0.323051948051948,0.0,,,
anoshift_correlated_gaussian,power,adaptive_transfer,2012-2014,far,z_plus_softmax,p_z_plus_softmax,,0.0649350649350649,,0.1,0.3,composite,85.0,0.564935064935065,0.125,,,
anoshift_correlated_gaussian,power,adaptive_transfer,2012-2014,far,z_plus_orth,p_z_plus_orth,,0.0389610389610389,,0.1,0.3,composite,85.0,0.5762987012987013,0.125,,,
anoshift_threshold_clustering_m1_v2,power,adaptive_transfer,2012-2014,far,z_plus,p_z_plus,,0.1942777632837638,,0.01,0.05,composite,11499.0,,,,,
anoshift_threshold_clustering_m1_v2,power,adaptive_transfer,2012-2014,far,z_plus_renorm,p_z_plus_renorm,,0.2201409330122201,,0.01,0.05,composite,11211.0,,,,,
anoshift_threshold_clustering_m1_v2,power,adaptive_transfer,2012-2014,far,breadth,p_breadth,,0.0045221323593355,,0.01,0.05,composite,11499.0,,,,,
anoshift_threshold_clustering_m1_v2,power,adaptive_transfer,2012-2014,far,z_mahalanobis_sq,p_z_mahalanobis_sq,,0.3954351456670996,,0.01,0.05,composite,5389.0,,,,,
anoshift_threshold_clustering_m1_v2,power,adaptive_transfer,2012-2014,far,t_iut,p_t_iut,,0.0537438038090268,,0.01,0.05,composite,11499.0,,,,,
anoshift_threshold_clustering_m1_v2,power,adaptive_transfer,2012-2014,far,z_plus_softmax,p_z_plus_softmax,,0.2245116403532245,,0.01,0.05,composite,11211.0,,,,,
anoshift_threshold_clustering_m1_v2,power,adaptive_transfer,2012-2014,far,z_plus_orth,p_z_plus_orth,,0.232004281509232,,0.01,0.05,composite,11211.0,,,,,
anoshift_threshold_clustering_m1_v2,power,adaptive_transfer,2012-2014,far,z_plus,p_z_plus,,0.1942777632837638,,0.01,0.1,composite,11499.0,,,,,
anoshift_threshold_clustering_m1_v2,power,adaptive_transfer,2012-2014,far,z_plus_renorm,p_z_plus_renorm,,0.2201409330122201,,0.01,0.1,composite,11211.0,,,,,
anoshift_threshold_clustering_m1_v2,power,adaptive_transfer,2012-2014,far,breadth,p_breadth,,0.0045221323593355,,0.01,0.1,composite,11499.0,,,,,
anoshift_threshold_clustering_m1_v2,power,adaptive_transfer,2012-2014,far,z_mahalanobis_sq,p_z_mahalanobis_sq,,0.3954351456670996,,0.01,0.1,composite,5389.0,,,,,
anoshift_threshold_clustering_m1_v2,power,adaptive_transfer,2012-2014,far,t_iut,p_t_iut,,0.0537438038090268,,0.01,0.1,composite,11499.0,,,,,
anoshift_threshold_clustering_m1_v2,power,adaptive_transfer,2012-2014,far,z_plus_softmax,p_z_plus_softmax,,0.2245116403532245,,0.01,0.1,composite,11211.0,,,,,
anoshift_threshold_clustering_m1_v2,power,adaptive_transfer,2012-2014,far,z_plus_orth,p_z_plus_orth,,0.232004281509232,,0.01,0.1,composite,11211.0,,,,,
anoshift_threshold_clustering_m1_v2,power,adaptive_transfer,2012-2014,far,z_plus,p_z_plus,,0.1942777632837638,,0.01,0.15,composite,11499.0,,,,,
anoshift_threshold_clustering_m1_v2,power,adaptive_transfer,2012-2014,far,z_plus_renorm,p_z_plus_renorm,,0.2201409330122201,,0.01,0.15,composite,11211.0,,,,,
anoshift_threshold_clustering_m1_v2,power,adaptive_transfer,2012-2014,far,breadth,p_breadth,,0.0045221323593355,,0.01,0.15,composite,11499.0,,,,,
anoshift_threshold_clustering_m1_v2,power,adaptive_transfer,2012-2014,far,z_mahalanobis_sq,p_z_mahalanobis_sq,,0.3954351456670996,,0.01,0.15,composite,5389.0,,,,,
anoshift_threshold_clustering_m1_v2,power,adaptive_transfer,2012-2014,far,t_iut,p_t_iut,,0.0537438038090268,,0.01,0.15,composite,11499.0,,,,,
anoshift_threshold_clustering_m1_v2,power,adaptive_transfer,2012-2014,far,z_plus_softmax,p_z_plus_softmax,,0.2245116403532245,,0.01,0.15,composite,11211.0,,,,,
anoshift_threshold_clustering_m1_v2,power,adaptive_transfer,2012-2014,far,z_plus_orth,p_z_plus_orth,,0.232004281509232,,0.01,0.15,composite,11211.0,,,,,
anoshift_threshold_clustering_m1_v2,power,adaptive_transfer,2012-2014,far,z_plus,p_z_plus,,0.1942777632837638,,0.01,0.2,composite,11499.0,,,,,
anoshift_threshold_clustering_m1_v2,power,adaptive_transfer,2012-2014,far,z_plus_renorm,p_z_plus_renorm,,0.2201409330122201,,0.01,0.2,composite,11211.0,,,,,
anoshift_threshold_clustering_m1_v2,power,adaptive_transfer,2012-2014,far,breadth,p_breadth,,0.0045221323593355,,0.01,0.2,composite,11499.0,,,,,
anoshift_threshold_clustering_m1_v2,power,adaptive_transfer,2012-2014,far,z_mahalanobis_sq,p_z_mahalanobis_sq,,0.3954351456670996,,0.01,0.2,composite,5389.0,,,,,
anoshift_threshold_clustering_m1_v2,power,adaptive_transfer,2012-2014,far,t_iut,p_t_iut,,0.0537438038090268,,0.01,0.2,composite,11499.0,,,,,
anoshift_threshold_clustering_m1_v2,power,adaptive_transfer,2012-2014,far,z_plus_softmax,p_z_plus_softmax,,0.2245116403532245,,0.01,0.2,composite,11211.0,,,,,
anoshift_threshold_clustering_m1_v2,power,adaptive_transfer,2012-2014,far,z_plus_orth,p_z_plus_orth,,0.232004281509232,,0.01,0.2,composite,11211.0,,,,,
anoshift_threshold_clustering_m1_v2,power,adaptive_transfer,2012-2014,far,z_plus,p_z_plus,,0.1942777632837638,,0.01,0.3,composite,11499.0,,,,,
anoshift_threshold_clustering_m1_v2,power,adaptive_transfer,2012-2014,far,z_plus_renorm,p_z_plus_renorm,,0.2201409330122201,,0.01,0.3,composite,11211.0,,,,,
anoshift_threshold_clustering_m1_v2,power,adaptive_transfer,2012-2014,far,breadth,p_breadth,,0.0045221323593355,,0.01,0.3,composite,11499.0,,,,,
anoshift_threshold_clustering_m1_v2,power,adaptive_transfer,2012-2014,far,z_mahalanobis_sq,p_z_mahalanobis_sq,,0.3954351456670996,,0.01,0.3,composite,5389.0,,,,,
anoshift_threshold_clustering_m1_v2,power,adaptive_transfer,2012-2014,far,t_iut,p_t_iut,,0.0537438038090268,,0.01,0.3,composite,11499.0,,,,,
anoshift_threshold_clustering_m1_v2,power,adaptive_transfer,2012-2014,far,z_plus_softmax,p_z_plus_softmax,,0.2245116403532245,,0.01,0.3,composite,11211.0,,,,,
anoshift_threshold_clustering_m1_v2,power,adaptive_transfer,2012-2014,far,z_plus_orth,p_z_plus_orth,,0.232004281509232,,0.01,0.3,composite,11211.0,,,,,
anoshift_threshold_clustering_m1_v2,power,adaptive_transfer,2012-2014,far,z_plus,p_z_plus,,0.1942777632837638,,0.05,0.05,composite,11499.0,,,,,
anoshift_threshold_clustering_m1_v2,power,adaptive_transfer,2012-2014,far,z_plus_renorm,p_z_plus_renorm,,0.2201409330122201,,0.05,0.05,composite,11211.0,,,,,
anoshift_threshold_clustering_m1_v2,power,adaptive_transfer,2012-2014,far,breadth,p_breadth,,0.0045221323593355,,0.05,0.05,composite,11499.0,,,,,
anoshift_threshold_clustering_m1_v2,power,adaptive_transfer,2012-2014,far,z_mahalanobis_sq,p_z_mahalanobis_sq,,0.3954351456670996,,0.05,0.05,composite,5389.0,,,,,
anoshift_threshold_clustering_m1_v2,power,adaptive_transfer,2012-2014,far,t_iut,p_t_iut,,0.0537438038090268,,0.05,0.05,composite,11499.0,,,,,
anoshift_threshold_clustering_m1_v2,power,adaptive_transfer,2012-2014,far,z_plus_softmax,p_z_plus_softmax,,0.2245116403532245,,0.05,0.05,composite,11211.0,,,,,
anoshift_threshold_clustering_m1_v2,power,adaptive_transfer,2012-2014,far,z_plus_orth,p_z_plus_orth,,0.232004281509232,,0.05,0.05,composite,11211.0,,,,,
anoshift_threshold_clustering_m1_v2,power,adaptive_transfer,2012-2014,far,z_plus,p_z_plus,,0.1942777632837638,,0.05,0.1,composite,11499.0,,,,,
anoshift_threshold_clustering_m1_v2,power,adaptive_transfer,2012-2014,far,z_plus_renorm,p_z_plus_renorm,,0.2201409330122201,,0.05,0.1,composite,11211.0,,,,,
anoshift_threshold_clustering_m1_v2,power,adaptive_transfer,2012-2014,far,breadth,p_breadth,,0.0045221323593355,,0.05,0.1,composite,11499.0,,,,,
anoshift_threshold_clustering_m1_v2,power,adaptive_transfer,2012-2014,far,z_mahalanobis_sq,p_z_mahalanobis_sq,,0.3954351456670996,,0.05,0.1,composite,5389.0,,,,,
anoshift_threshold_clustering_m1_v2,power,adaptive_transfer,2012-2014,far,t_iut,p_t_iut,,0.0537438038090268,,0.05,0.1,composite,11499.0,,,,,
anoshift_threshold_clustering_m1_v2,power,adaptive_transfer,2012-2014,far,z_plus_softmax,p_z_plus_softmax,,0.2245116403532245,,0.05,0.1,composite,11211.0,,,,,
anoshift_threshold_clustering_m1_v2,power,adaptive_transfer,2012-2014,far,z_plus_orth,p_z_plus_orth,,0.232004281509232,,0.05,0.1,composite,11211.0,,,,,
anoshift_threshold_clustering_m1_v2,power,adaptive_transfer,2012-2014,far,z_plus,p_z_plus,,0.1942777632837638,,0.05,0.15,composite,11499.0,,,,,
anoshift_threshold_clustering_m1_v2,power,adaptive_transfer,2012-2014,far,z_plus_renorm,p_z_plus_renorm,,0.2201409330122201,,0.05,0.15,composite,11211.0,,,,,
anoshift_threshold_clustering_m1_v2,power,adaptive_transfer,2012-2014,far,breadth,p_breadth,,0.0045221323593355,,0.05,0.15,composite,11499.0,,,,,
anoshift_threshold_clustering_m1_v2,power,adaptive_transfer,2012-2014,far,z_mahalanobis_sq,p_z_mahalanobis_sq,,0.3954351456670996,,0.05,0.15,composite,5389.0,,,,,
anoshift_threshold_clustering_m1_v2,power,adaptive_transfer,2012-2014,far,t_iut,p_t_iut,,0.0537438038090268,,0.05,0.15,composite,11499.0,,,,,
anoshift_threshold_clustering_m1_v2,power,adaptive_transfer,2012-2014,far,z_plus_softmax,p_z_plus_softmax,,0.2245116403532245,,0.05,0.15,composite,11211.0,,,,,
anoshift_threshold_clustering_m1_v2,power,adaptive_transfer,2012-2014,far,z_plus_orth,p_z_plus_orth,,0.232004281509232,,0.05,0.15,composite,11211.0,,,,,
anoshift_threshold_clustering_m1_v2,power,adaptive_transfer,2012-2014,far,z_plus,p_z_plus,,0.1942777632837638,,0.05,0.2,composite,11499.0,,,,,
anoshift_threshold_clustering_m1_v2,power,adaptive_transfer,2012-2014,far,z_plus_renorm,p_z_plus_renorm,,0.2201409330122201,,0.05,0.2,composite,11211.0,,,,,
anoshift_threshold_clustering_m1_v2,power,adaptive_transfer,2012-2014,far,breadth,p_breadth,,0.0045221323593355,,0.05,0.2,composite,11499.0,,,,,
anoshift_threshold_clustering_m1_v2,power,adaptive_transfer,2012-2014,far,z_mahalanobis_sq,p_z_mahalanobis_sq,,0.3954351456670996,,0.05,0.2,composite,5389.0,,,,,
anoshift_threshold_clustering_m1_v2,power,adaptive_transfer,2012-2014,far,t_iut,p_t_iut,,0.0537438038090268,,0.05,0.2,composite,11499.0,,,,,
anoshift_threshold_clustering_m1_v2,power,adaptive_transfer,2012-2014,far,z_plus_softmax,p_z_plus_softmax,,0.2245116403532245,,0.05,0.2,composite,11211.0,,,,,
anoshift_threshold_clustering_m1_v2,power,adaptive_transfer,2012-2014,far,z_plus_orth,p_z_plus_orth,,0.232004281509232,,0.05,0.2,composite,11211.0,,,,,
anoshift_threshold_clustering_m1_v2,power,adaptive_transfer,2012-2014,far,z_plus,p_z_plus,,0.1942777632837638,,0.05,0.3,composite,11499.0,,,,,
anoshift_threshold_clustering_m1_v2,power,adaptive_transfer,2012-2014,far,z_plus_renorm,p_z_plus_renorm,,0.2201409330122201,,0.05,0.3,composite,11211.0,,,,,
anoshift_threshold_clustering_m1_v2,power,adaptive_transfer,2012-2014,far,breadth,p_breadth,,0.0045221323593355,,0.05,0.3,composite,11499.0,,,,,
anoshift_threshold_clustering_m1_v2,power,adaptive_transfer,2012-2014,far,z_mahalanobis_sq,p_z_mahalanobis_sq,,0.3954351456670996,,0.05,0.3,composite,5389.0,,,,,
anoshift_threshold_clustering_m1_v2,power,adaptive_transfer,2012-2014,far,t_iut,p_t_iut,,0.0537438038090268,,0.05,0.3,composite,11499.0,,,,,
anoshift_threshold_clustering_m1_v2,power,adaptive_transfer,2012-2014,far,z_plus_softmax,p_z_plus_softmax,,0.2245116403532245,,0.05,0.3,composite,11211.0,,,,,
anoshift_threshold_clustering_m1_v2,power,adaptive_transfer,2012-2014,far,z_plus_orth,p_z_plus_orth,,0.232004281509232,,0.05,0.3,composite,11211.0,,,,,
anoshift_threshold_clustering_m1_v2,power,adaptive_transfer,2012-2014,far,z_plus,p_z_plus,,0.1942777632837638,,0.1,0.05,composite,11499.0,,,,,
anoshift_threshold_clustering_m1_v2,power,adaptive_transfer,2012-2014,far,z_plus_renorm,p_z_plus_renorm,,0.2201409330122201,,0.1,0.05,composite,11211.0,,,,,
anoshift_threshold_clustering_m1_v2,power,adaptive_transfer,2012-2014,far,breadth,p_breadth,,0.0045221323593355,,0.1,0.05,composite,11499.0,,,,,
anoshift_threshold_clustering_m1_v2,power,adaptive_transfer,2012-2014,far,z_mahalanobis_sq,p_z_mahalanobis_sq,,0.3954351456670996,,0.1,0.05,composite,5389.0,,,,,
anoshift_threshold_clustering_m1_v2,power,adaptive_transfer,2012-2014,far,t_iut,p_t_iut,,0.0537438038090268,,0.1,0.05,composite,11499.0,,,,,
anoshift_threshold_clustering_m1_v2,power,adaptive_transfer,2012-2014,far,z_plus_softmax,p_z_plus_softmax,,0.2245116403532245,,0.1,0.05,composite,11211.0,,,,,
anoshift_threshold_clustering_m1_v2,power,adaptive_transfer,2012-2014,far,z_plus_orth,p_z_plus_orth,,0.232004281509232,,0.1,0.05,composite,11211.0,,,,,
anoshift_threshold_clustering_m1_v2,power,adaptive_transfer,2012-2014,far,z_plus,p_z_plus,,0.1942777632837638,,0.1,0.1,composite,11499.0,,,,,
anoshift_threshold_clustering_m1_v2,power,adaptive_transfer,2012-2014,far,z_plus_renorm,p_z_plus_renorm,,0.2201409330122201,,0.1,0.1,composite,11211.0,,,,,
anoshift_threshold_clustering_m1_v2,power,adaptive_transfer,2012-2014,far,breadth,p_breadth,,0.0045221323593355,,0.1,0.1,composite,11499.0,,,,,
anoshift_threshold_clustering_m1_v2,power,adaptive_transfer,2012-2014,far,z_mahalanobis_sq,p_z_mahalanobis_sq,,0.3954351456670996,,0.1,0.1,composite,5389.0,,,,,
anoshift_threshold_clustering_m1_v2,power,adaptive_transfer,2012-2014,far,t_iut,p_t_iut,,0.0537438038090268,,0.1,0.1,composite,11499.0,,,,,
anoshift_threshold_clustering_m1_v2,power,adaptive_transfer,2012-2014,far,z_plus_softmax,p_z_plus_softmax,,0.2245116403532245,,0.1,0.1,composite,11211.0,,,,,
anoshift_threshold_clustering_m1_v2,power,adaptive_transfer,2012-2014,far,z_plus_orth,p_z_plus_orth,,0.232004281509232,,0.1,0.1,composite,11211.0,,,,,
anoshift_threshold_clustering_m1_v2,power,adaptive_transfer,2012-2014,far,z_plus,p_z_plus,,0.1942777632837638,,0.1,0.15,composite,11499.0,,,,,
anoshift_threshold_clustering_m1_v2,power,adaptive_transfer,2012-2014,far,z_plus_renorm,p_z_plus_renorm,,0.2201409330122201,,0.1,0.15,composite,11211.0,,,,,
anoshift_threshold_clustering_m1_v2,power,adaptive_transfer,2012-2014,far,breadth,p_breadth,,0.0045221323593355,,0.1,0.15,composite,11499.0,,,,,
anoshift_threshold_clustering_m1_v2,power,adaptive_transfer,2012-2014,far,z_mahalanobis_sq,p_z_mahalanobis_sq,,0.3954351456670996,,0.1,0.15,composite,5389.0,,,,,
anoshift_threshold_clustering_m1_v2,power,adaptive_transfer,2012-2014,far,t_iut,p_t_iut,,0.0537438038090268,,0.1,0.15,composite,11499.0,,,,,
anoshift_threshold_clustering_m1_v2,power,adaptive_transfer,2012-2014,far,z_plus_softmax,p_z_plus_softmax,,0.2245116403532245,,0.1,0.15,composite,11211.0,,,,,
anoshift_threshold_clustering_m1_v2,power,adaptive_transfer,2012-2014,far,z_plus_orth,p_z_plus_orth,,0.232004281509232,,0.1,0.15,composite,11211.0,,,,,
anoshift_threshold_clustering_m1_v2,power,adaptive_transfer,2012-2014,far,z_plus,p_z_plus,,0.1942777632837638,,0.1,0.2,composite,11499.0,,,,,
anoshift_threshold_clustering_m1_v2,power,adaptive_transfer,2012-2014,far,z_plus_renorm,p_z_plus_renorm,,0.2201409330122201,,0.1,0.2,composite,11211.0,,,,,
anoshift_threshold_clustering_m1_v2,power,adaptive_transfer,2012-2014,far,breadth,p_breadth,,0.0045221323593355,,0.1,0.2,composite,11499.0,,,,,
anoshift_threshold_clustering_m1_v2,power,adaptive_transfer,2012-2014,far,z_mahalanobis_sq,p_z_mahalanobis_sq,,0.3954351456670996,,0.1,0.2,composite,5389.0,,,,,
anoshift_threshold_clustering_m1_v2,power,adaptive_transfer,2012-2014,far,t_iut,p_t_iut,,0.0537438038090268,,0.1,0.2,composite,11499.0,,,,,
anoshift_threshold_clustering_m1_v2,power,adaptive_transfer,2012-2014,far,z_plus_softmax,p_z_plus_softmax,,0.2245116403532245,,0.1,0.2,composite,11211.0,,,,,
anoshift_threshold_clustering_m1_v2,power,adaptive_transfer,2012-2014,far,z_plus_orth,p_z_plus_orth,,0.232004281509232,,0.1,0.2,composite,11211.0,,,,,
anoshift_threshold_clustering_m1_v2,power,adaptive_transfer,2012-2014,far,z_plus,p_z_plus,,0.1942777632837638,,0.1,0.3,composite,11499.0,,,,,
anoshift_threshold_clustering_m1_v2,power,adaptive_transfer,2012-2014,far,z_plus_renorm,p_z_plus_renorm,,0.2201409330122201,,0.1,0.3,composite,11211.0,,,,,
anoshift_threshold_clustering_m1_v2,power,adaptive_transfer,2012-2014,far,breadth,p_breadth,,0.0045221323593355,,0.1,0.3,composite,11499.0,,,,,
anoshift_threshold_clustering_m1_v2,power,adaptive_transfer,2012-2014,far,z_mahalanobis_sq,p_z_mahalanobis_sq,,0.3954351456670996,,0.1,0.3,composite,5389.0,,,,,
anoshift_threshold_clustering_m1_v2,power,adaptive_transfer,2012-2014,far,t_iut,p_t_iut,,0.0537438038090268,,0.1,0.3,composite,11499.0,,,,,
anoshift_threshold_clustering_m1_v2,power,adaptive_transfer,2012-2014,far,z_plus_softmax,p_z_plus_softmax,,0.2245116403532245,,0.1,0.3,composite,11211.0,,,,,
anoshift_threshold_clustering_m1_v2,power,adaptive_transfer,2012-2014,far,z_plus_orth,p_z_plus_orth,,0.232004281509232,,0.1,0.3,composite,11211.0,,,,,
anoshift,calibration_diagnostic,adaptive_transfer,2014-2014,,,,,,,,,,,,,,30.0,failed: phase2: only 14 complete z-vectors in C (< 30); Σ̂ not estimable.
anoshift,calibration_diagnostic,adaptive_transfer,2014-2015,,,,,,,,,,,,,35.0,30.0,candidate_scored
anoshift,calibration_diagnostic,adaptive_transfer,2014-2015,,,,,,,,,,,,,35.0,30.0,selected
anoshift,fpr,adaptive_transfer,2014-2015,iid,z_plus,p_z_plus,13.0,0.0769230769230769,,,,,,,,,,
anoshift,fpr,adaptive_transfer,2014-2015,iid,z_plus_renorm,p_z_plus_renorm,12.0,0.0769230769230769,,,,,,,,,,
anoshift,fpr,adaptive_transfer,2014-2015,iid,breadth,p_breadth,13.0,0.0,,,,,,,,,,
anoshift,fpr,adaptive_transfer,2014-2015,iid,z_mahalanobis_sq,p_z_mahalanobis_sq,10.0,0.0769230769230769,,,,,,,,,,
anoshift,fpr,adaptive_transfer,2014-2015,iid,t_iut,p_t_iut,13.0,0.0,,,,,,,,,,
anoshift,fpr,adaptive_transfer,2014-2015,iid,z_plus_softmax,p_z_plus_softmax,12.0,0.0769230769230769,,,,,,,,,,
anoshift,fpr,adaptive_transfer,2014-2015,iid,z_plus_orth,p_z_plus_orth,12.0,0.0769230769230769,,,,,,,,,,
anoshift,fpr,adaptive_transfer,2014-2015,near,z_plus,p_z_plus,88.0,0.0568181818181818,,,,,,,,,,
anoshift,fpr,adaptive_transfer,2014-2015,near,z_plus_renorm,p_z_plus_renorm,86.0,0.1363636363636363,,,,,,,,,,
anoshift,fpr,adaptive_transfer,2014-2015,near,breadth,p_breadth,88.0,0.0113636363636363,,,,,,,,,,
anoshift,fpr,adaptive_transfer,2014-2015,near,z_mahalanobis_sq,p_z_mahalanobis_sq,56.0,0.0454545454545454,,,,,,,,,,
anoshift,fpr,adaptive_transfer,2014-2015,near,t_iut,p_t_iut,88.0,0.034090909090909,,,,,,,,,,
anoshift,fpr,adaptive_transfer,2014-2015,near,z_plus_softmax,p_z_plus_softmax,86.0,0.1022727272727272,,,,,,,,,,
anoshift,fpr,adaptive_transfer,2014-2015,near,z_plus_orth,p_z_plus_orth,86.0,0.0909090909090909,,,,,,,,,,
anoshift,fpr,adaptive_transfer,2014-2015,far,z_plus,p_z_plus,121.0,0.1157024793388429,,,,,,,,,,
anoshift,fpr,adaptive_transfer,2014-2015,far,z_plus_renorm,p_z_plus_renorm,120.0,0.1157024793388429,,,,,,,,,,
anoshift,fpr,adaptive_transfer,2014-2015,far,breadth,p_breadth,121.0,0.024793388429752,,,,,,,,,,
anoshift,fpr,adaptive_transfer,2014-2015,far,z_mahalanobis_sq,p_z_mahalanobis_sq,85.0,0.0330578512396694,,,,,,,,,,
anoshift,fpr,adaptive_transfer,2014-2015,far,t_iut,p_t_iut,121.0,0.0661157024793388,,,,,,,,,,
anoshift,fpr,adaptive_transfer,2014-2015,far,z_plus_softmax,p_z_plus_softmax,120.0,0.1239669421487603,,,,,,,,,,
anoshift,fpr,adaptive_transfer,2014-2015,far,z_plus_orth,p_z_plus_orth,120.0,0.0991735537190082,,,,,,,,,,
anoshift_yearly,annual_fpr,adaptive_transfer,2014-2015,,z_mahalanobis_sq,p_z_mahalanobis_sq,10.0,0.0769230769230769,2012.0,,,,,,,,,
anoshift_yearly,annual_fpr,adaptive_transfer,2014-2015,,z_mahalanobis_sq,p_z_mahalanobis_sq,11.0,0.0666666666666666,2013.0,,,,,,,,,
anoshift_yearly,annual_fpr,adaptive_transfer,2014-2015,,z_mahalanobis_sq,p_z_mahalanobis_sq,13.0,0.0454545454545454,2014.0,,,,,,,,,
anoshift_yearly,annual_fpr,adaptive_transfer,2014-2015,,z_mahalanobis_sq,p_z_mahalanobis_sq,10.0,0.0588235294117647,2015.0,,,,,,,,,
anoshift_yearly,annual_fpr,adaptive_transfer,2014-2015,,z_mahalanobis_sq,p_z_mahalanobis_sq,10.0,0.0,2016.0,,,,,,,,,
anoshift_yearly,annual_fpr,adaptive_transfer,2014-2015,,z_mahalanobis_sq,p_z_mahalanobis_sq,12.0,0.0588235294117647,2017.0,,,,,,,,,
anoshift_yearly,annual_fpr,adaptive_transfer,2014-2015,,z_mahalanobis_sq,p_z_mahalanobis_sq,12.0,0.05,2018.0,,,,,,,,,
anoshift_yearly,annual_fpr,adaptive_transfer,2014-2015,,z_mahalanobis_sq,p_z_mahalanobis_sq,13.0,0.0909090909090909,2019.0,,,,,,,,,
anoshift_yearly,annual_fpr,adaptive_transfer,2014-2015,,z_mahalanobis_sq,p_z_mahalanobis_sq,14.0,0.0,2020.0,,,,,,,,,
anoshift_yearly,annual_fpr,adaptive_transfer,2014-2015,,z_mahalanobis_sq,p_z_mahalanobis_sq,15.0,0.0,2021.0,,,,,,,,,
anoshift_yearly,annual_fpr,adaptive_transfer,2014-2015,,z_mahalanobis_sq,p_z_mahalanobis_sq,16.0,0.15,2022.0,,,,,,,,,
anoshift_yearly,annual_fpr,adaptive_transfer,2014-2015,,z_mahalanobis_sq,p_z_mahalanobis_sq,15.0,0.0434782608695652,2023.0,,,,,,,,,
anoshift_yearly,annual_fpr,adaptive_transfer,2014-2015,,z_mahalanobis_sq,p_z_mahalanobis_sq,13.0,0.0,2024.0,,,,,,,,,
anoshift_yearly,annual_fpr,adaptive_transfer,2014-2015,,z_mahalanobis_sq,p_z_mahalanobis_sq,12.0,0.0,2025.0,,,,,,,,,
anoshift_correlated_gaussian,power,adaptive_transfer,2014-2015,near,z_plus,p_z_plus,,0.0545454545454545,,0.01,0.05,composite,56.0,0.9272727272727272,0.0,,,
anoshift_correlated_gaussian,power,adaptive_transfer,2014-2015,near,z_plus_renorm,p_z_plus_renorm,,0.0727272727272727,,0.01,0.05,composite,56.0,0.6909090909090909,0.0,,,
anoshift_correlated_gaussian,power,adaptive_transfer,2014-2015,near,breadth,p_breadth,,0.0181818181818181,,0.01,0.05,composite,56.0,0.9545454545454546,0.0,,,
anoshift_correlated_gaussian,power,adaptive_transfer,2014-2015,near,z_mahalanobis_sq,p_z_mahalanobis_sq,,0.0727272727272727,,0.01,0.05,composite,56.0,0.8545454545454545,0.0,,,
anoshift_correlated_gaussian,power,adaptive_transfer,2014-2015,near,t_iut,p_t_iut,,0.0181818181818181,,0.01,0.05,composite,56.0,0.1272727272727273,0.0,,,
anoshift_correlated_gaussian,power,adaptive_transfer,2014-2015,near,z_plus_softmax,p_z_plus_softmax,,0.0727272727272727,,0.01,0.05,composite,56.0,0.8545454545454545,0.0,,,
anoshift_correlated_gaussian,power,adaptive_transfer,2014-2015,near,z_plus_orth,p_z_plus_orth,,0.0727272727272727,,0.01,0.05,composite,56.0,0.8181818181818181,0.0,,,
anoshift_correlated_gaussian,power,adaptive_transfer,2014-2015,near,z_plus,p_z_plus,,0.0545454545454545,,0.01,0.1,composite,56.0,0.0545454545454545,0.0,,,
anoshift_correlated_gaussian,power,adaptive_transfer,2014-2015,near,z_plus_renorm,p_z_plus_renorm,,0.0727272727272727,,0.01,0.1,composite,56.0,0.0545454545454545,0.0,,,
anoshift_correlated_gaussian,power,adaptive_transfer,2014-2015,near,breadth,p_breadth,,0.0181818181818181,,0.01,0.1,composite,56.0,0.1454545454545454,0.0,,,
anoshift_correlated_gaussian,power,adaptive_transfer,2014-2015,near,z_mahalanobis_sq,p_z_mahalanobis_sq,,0.0727272727272727,,0.01,0.1,composite,56.0,0.0363636363636363,0.0,,,
anoshift_correlated_gaussian,power,adaptive_transfer,2014-2015,near,t_iut,p_t_iut,,0.0181818181818181,,0.01,0.1,composite,56.0,0.2363636363636363,0.0,,,
anoshift_correlated_gaussian,power,adaptive_transfer,2014-2015,near,z_plus_softmax,p_z_plus_softmax,,0.0727272727272727,,0.01,0.1,composite,56.0,0.0363636363636363,0.0,,,
anoshift_correlated_gaussian,power,adaptive_transfer,2014-2015,near,z_plus_orth,p_z_plus_orth,,0.0727272727272727,,0.01,0.1,composite,56.0,0.0363636363636363,0.0,,,
anoshift_correlated_gaussian,power,adaptive_transfer,2014-2015,near,z_plus,p_z_plus,,0.0545454545454545,,0.01,0.15,composite,56.0,0.9454545454545454,0.0,,,
anoshift_correlated_gaussian,power,adaptive_transfer,2014-2015,near,z_plus_renorm,p_z_plus_renorm,,0.0727272727272727,,0.01,0.15,composite,56.0,0.9090909090909092,0.0,,,
anoshift_correlated_gaussian,power,adaptive_transfer,2014-2015,near,breadth,p_breadth,,0.0181818181818181,,0.01,0.15,composite,56.0,0.5909090909090909,0.0,,,
anoshift_correlated_gaussian,power,adaptive_transfer,2014-2015,near,z_mahalanobis_sq,p_z_mahalanobis_sq,,0.0545454545454545,,0.01,0.15,composite,56.0,1.0,1.0,,,
anoshift_correlated_gaussian,power,adaptive_transfer,2014-2015,near,t_iut,p_t_iut,,0.0181818181818181,,0.01,0.15,composite,56.0,0.4,0.0,,,
anoshift_correlated_gaussian,power,adaptive_transfer,2014-2015,near,z_plus_softmax,p_z_plus_softmax,,0.0727272727272727,,0.01,0.15,composite,56.0,0.9454545454545454,1.0,,,
anoshift_correlated_gaussian,power,adaptive_transfer,2014-2015,near,z_plus_orth,p_z_plus_orth,,0.0727272727272727,,0.01,0.15,composite,56.0,0.9636363636363636,1.0,,,
anoshift_correlated_gaussian,power,adaptive_transfer,2014-2015,near,z_plus,p_z_plus,,0.0545454545454545,,0.01,0.2,composite,56.0,0.1272727272727273,0.0,,,
anoshift_correlated_gaussian,power,adaptive_transfer,2014-2015,near,z_plus_renorm,p_z_plus_renorm,,0.0727272727272727,,0.01,0.2,composite,56.0,0.4181818181818182,0.0,,,
anoshift_correlated_gaussian,power,adaptive_transfer,2014-2015,near,breadth,p_breadth,,0.0181818181818181,,0.01,0.2,composite,56.0,0.1363636363636363,0.0,,,
anoshift_correlated_gaussian,power,adaptive_transfer,2014-2015,near,z_mahalanobis_sq,p_z_mahalanobis_sq,,0.0727272727272727,,0.01,0.2,composite,56.0,0.5636363636363637,0.0,,,
anoshift_correlated_gaussian,power,adaptive_transfer,2014-2015,near,t_iut,p_t_iut,,0.0181818181818181,,0.01,0.2,composite,56.0,0.0363636363636363,0.0,,,
anoshift_correlated_gaussian,power,adaptive_transfer,2014-2015,near,z_plus_softmax,p_z_plus_softmax,,0.0727272727272727,,0.01,0.2,composite,56.0,0.2727272727272727,0.0,,,
anoshift_correlated_gaussian,power,adaptive_transfer,2014-2015,near,z_plus_orth,p_z_plus_orth,,0.0727272727272727,,0.01,0.2,composite,56.0,0.2545454545454545,0.0,,,
anoshift_correlated_gaussian,power,adaptive_transfer,2014-2015,near,z_plus,p_z_plus,,0.0545454545454545,,0.01,0.3,composite,56.0,0.7454545454545455,0.0,,,
anoshift_correlated_gaussian,power,adaptive_transfer,2014-2015,near,z_plus_renorm,p_z_plus_renorm,,0.0727272727272727,,0.01,0.3,composite,56.0,0.7454545454545455,0.0,,,
anoshift_correlated_gaussian,power,adaptive_transfer,2014-2015,near,breadth,p_breadth,,0.0181818181818181,,0.01,0.3,composite,56.0,0.5909090909090909,0.0,,,
anoshift_correlated_gaussian,power,adaptive_transfer,2014-2015,near,z_mahalanobis_sq,p_z_mahalanobis_sq,,0.0727272727272727,,0.01,0.3,composite,56.0,0.7636363636363637,0.0,,,
anoshift_correlated_gaussian,power,adaptive_transfer,2014-2015,near,t_iut,p_t_iut,,0.0181818181818181,,0.01,0.3,composite,56.0,0.0181818181818181,0.0,,,
anoshift_correlated_gaussian,power,adaptive_transfer,2014-2015,near,z_plus_softmax,p_z_plus_softmax,,0.0727272727272727,,0.01,0.3,composite,56.0,0.6909090909090909,0.0,,,
anoshift_correlated_gaussian,power,adaptive_transfer,2014-2015,near,z_plus_orth,p_z_plus_orth,,0.0727272727272727,,0.01,0.3,composite,56.0,0.6909090909090909,0.0,,,
anoshift_correlated_gaussian,power,adaptive_transfer,2014-2015,near,z_plus,p_z_plus,,0.0566037735849056,,0.05,0.05,composite,56.0,0.7924528301886793,0.0,,,
anoshift_correlated_gaussian,power,adaptive_transfer,2014-2015,near,z_plus_renorm,p_z_plus_renorm,,0.0566037735849056,,0.05,0.05,composite,56.0,0.7987421383647799,0.3333333333333333,,,
anoshift_correlated_gaussian,power,adaptive_transfer,2014-2015,near,breadth,p_breadth,,0.0188679245283018,,0.05,0.05,composite,56.0,0.5628930817610063,0.0,,,
anoshift_correlated_gaussian,power,adaptive_transfer,2014-2015,near,z_mahalanobis_sq,p_z_mahalanobis_sq,,0.0754716981132075,,0.05,0.05,composite,56.0,0.7106918238993711,0.0,,,
anoshift_correlated_gaussian,power,adaptive_transfer,2014-2015,near,t_iut,p_t_iut,,0.0188679245283018,,0.05,0.05,composite,56.0,0.830188679245283,0.0,,,
anoshift_correlated_gaussian,power,adaptive_transfer,2014-2015,near,z_plus_softmax,p_z_plus_softmax,,0.0566037735849056,,0.05,0.05,composite,56.0,0.8867924528301887,0.6666666666666666,,,
anoshift_correlated_gaussian,power,adaptive_transfer,2014-2015,near,z_plus_orth,p_z_plus_orth,,0.0566037735849056,,0.05,0.05,composite,56.0,0.8867924528301887,0.6666666666666666,,,
anoshift_correlated_gaussian,power,adaptive_transfer,2014-2015,near,z_plus,p_z_plus,,0.0566037735849056,,0.05,0.1,composite,56.0,0.4528301886792453,0.0,,,
anoshift_correlated_gaussian,power,adaptive_transfer,2014-2015,near,z_plus_renorm,p_z_plus_renorm,,0.0754716981132075,,0.05,0.1,composite,56.0,0.3710691823899371,0.0,,,
anoshift_correlated_gaussian,power,adaptive_transfer,2014-2015,near,breadth,p_breadth,,0.0188679245283018,,0.05,0.1,composite,56.0,0.5974842767295597,0.0,,,
anoshift_correlated_gaussian,power,adaptive_transfer,2014-2015,near,z_mahalanobis_sq,p_z_mahalanobis_sq,,0.0754716981132075,,0.05,0.1,composite,56.0,0.3396226415094339,0.0,,,
anoshift_correlated_gaussian,power,adaptive_transfer,2014-2015,near,t_iut,p_t_iut,,0.0188679245283018,,0.05,0.1,composite,56.0,0.4716981132075471,0.0,,,
anoshift_correlated_gaussian,power,adaptive_transfer,2014-2015,near,z_plus_softmax,p_z_plus_softmax,,0.0754716981132075,,0.05,0.1,composite,56.0,0.4150943396226415,0.0,,,
anoshift_correlated_gaussian,power,adaptive_transfer,2014-2015,near,z_plus_orth,p_z_plus_orth,,0.0754716981132075,,0.05,0.1,composite,56.0,0.4276729559748427,0.0,,,
anoshift_correlated_gaussian,power,adaptive_transfer,2014-2015,near,z_plus,p_z_plus,,0.0377358490566037,,0.05,0.15,composite,56.0,0.5220125786163522,0.3333333333333333,,,
anoshift_correlated_gaussian,power,adaptive_transfer,2014-2015,near,z_plus_renorm,p_z_plus_renorm,,0.0754716981132075,,0.05,0.15,composite,56.0,0.5974842767295597,0.0,,,
anoshift_correlated_gaussian,power,adaptive_transfer,2014-2015,near,breadth,p_breadth,,0.0188679245283018,,0.05,0.15,composite,56.0,0.4842767295597484,0.0,,,
anoshift_correlated_gaussian,power,adaptive_transfer,2014-2015,near,z_mahalanobis_sq,p_z_mahalanobis_sq,,0.0754716981132075,,0.05,0.15,composite,56.0,0.5345911949685535,0.0,,,
anoshift_correlated_gaussian,power,adaptive_transfer,2014-2015,near,t_iut,p_t_iut,,0.0188679245283018,,0.05,0.15,composite,56.0,0.559748427672956,0.3333333333333333,,,
anoshift_correlated_gaussian,power,adaptive_transfer,2014-2015,near,z_plus_softmax,p_z_plus_softmax,,0.0754716981132075,,0.05,0.15,composite,56.0,0.4654088050314465,0.0,,,
anoshift_correlated_gaussian,power,adaptive_transfer,2014-2015,near,z_plus_orth,p_z_plus_orth,,0.0754716981132075,,0.05,0.15,composite,56.0,0.4591194968553458,0.0,,,
anoshift_correlated_gaussian,power,adaptive_transfer,2014-2015,near,z_plus,p_z_plus,,0.0566037735849056,,0.05,0.2,composite,56.0,0.3836477987421383,0.0,,,
anoshift_correlated_gaussian,power,adaptive_transfer,2014-2015,near,z_plus_renorm,p_z_plus_renorm,,0.0754716981132075,,0.05,0.2,composite,56.0,0.3962264150943396,0.0,,,
anoshift_correlated_gaussian,power,adaptive_transfer,2014-2015,near,breadth,p_breadth,,0.0188679245283018,,0.05,0.2,composite,56.0,0.5031446540880503,0.0,,,
anoshift_correlated_gaussian,power,adaptive_transfer,2014-2015,near,z_mahalanobis_sq,p_z_mahalanobis_sq,,0.0754716981132075,,0.05,0.2,composite,56.0,0.3333333333333333,0.0,,,
anoshift_correlated_gaussian,power,adaptive_transfer,2014-2015,near,t_iut,p_t_iut,,0.0188679245283018,,0.05,0.2,composite,56.0,0.6981132075471698,0.0,,,
anoshift_correlated_gaussian,power,adaptive_transfer,2014-2015,near,z_plus_softmax,p_z_plus_softmax,,0.0566037735849056,,0.05,0.2,composite,56.0,0.3333333333333333,0.0,,,
anoshift_correlated_gaussian,power,adaptive_transfer,2014-2015,near,z_plus_orth,p_z_plus_orth,,0.0566037735849056,,0.05,0.2,composite,56.0,0.3333333333333333,0.0,,,
anoshift_correlated_gaussian,power,adaptive_transfer,2014-2015,near,z_plus,p_z_plus,,0.0566037735849056,,0.05,0.3,composite,56.0,0.1194968553459119,0.0,,,
anoshift_correlated_gaussian,power,adaptive_transfer,2014-2015,near,z_plus_renorm,p_z_plus_renorm,,0.0754716981132075,,0.05,0.3,composite,56.0,0.2767295597484276,0.0,,,
anoshift_correlated_gaussian,power,adaptive_transfer,2014-2015,near,breadth,p_breadth,,0.0188679245283018,,0.05,0.3,composite,56.0,0.2358490566037735,0.0,,,
anoshift_correlated_gaussian,power,adaptive_transfer,2014-2015,near,z_mahalanobis_sq,p_z_mahalanobis_sq,,0.0754716981132075,,0.05,0.3,composite,56.0,0.2264150943396226,0.0,,,
anoshift_correlated_gaussian,power,adaptive_transfer,2014-2015,near,t_iut,p_t_iut,,0.0188679245283018,,0.05,0.3,composite,56.0,0.5471698113207547,0.0,,,
anoshift_correlated_gaussian,power,adaptive_transfer,2014-2015,near,z_plus_softmax,p_z_plus_softmax,,0.0754716981132075,,0.05,0.3,composite,56.0,0.1949685534591194,0.0,,,
anoshift_correlated_gaussian,power,adaptive_transfer,2014-2015,near,z_plus_orth,p_z_plus_orth,,0.0754716981132075,,0.05,0.3,composite,56.0,0.1823899371069182,0.0,,,
anoshift_correlated_gaussian,power,adaptive_transfer,2014-2015,near,z_plus,p_z_plus,,0.04,,0.1,0.05,composite,56.0,0.4633333333333333,0.1666666666666666,,,
anoshift_correlated_gaussian,power,adaptive_transfer,2014-2015,near,z_plus_renorm,p_z_plus_renorm,,0.06,,0.1,0.05,composite,56.0,0.5066666666666666,0.0,,,
anoshift_correlated_gaussian,power,adaptive_transfer,2014-2015,near,breadth,p_breadth,,0.02,,0.1,0.05,composite,56.0,0.4983333333333333,0.0,,,
anoshift_correlated_gaussian,power,adaptive_transfer,2014-2015,near,z_mahalanobis_sq,p_z_mahalanobis_sq,,0.08,,0.1,0.05,composite,56.0,0.61,0.0,,,
anoshift_correlated_gaussian,power,adaptive_transfer,2014-2015,near,t_iut,p_t_iut,,0.02,,0.1,0.05,composite,56.0,0.3766666666666666,0.0,,,
anoshift_correlated_gaussian,power,adaptive_transfer,2014-2015,near,z_plus_softmax,p_z_plus_softmax,,0.08,,0.1,0.05,composite,56.0,0.4766666666666667,0.0,,,
anoshift_correlated_gaussian,power,adaptive_transfer,2014-2015,near,z_plus_orth,p_z_plus_orth,,0.08,,0.1,0.05,composite,56.0,0.4666666666666667,0.0,,,
anoshift_correlated_gaussian,power,adaptive_transfer,2014-2015,near,z_plus,p_z_plus,,0.04,,0.1,0.1,composite,56.0,0.4566666666666666,0.1666666666666666,,,
anoshift_correlated_gaussian,power,adaptive_transfer,2014-2015,near,z_plus_renorm,p_z_plus_renorm,,0.08,,0.1,0.1,composite,56.0,0.37,0.0,,,
anoshift_correlated_gaussian,power,adaptive_transfer,2014-2015,near,breadth,p_breadth,,0.02,,0.1,0.1,composite,56.0,0.7,0.0,,,
anoshift_correlated_gaussian,power,adaptive_transfer,2014-2015,near,z_mahalanobis_sq,p_z_mahalanobis_sq,,0.06,,0.1,0.1,composite,56.0,0.36,0.1666666666666666,,,
anoshift_correlated_gaussian,power,adaptive_transfer,2014-2015,near,t_iut,p_t_iut,,0.02,,0.1,0.1,composite,56.0,0.6033333333333334,0.0,,,
anoshift_correlated_gaussian,power,adaptive_transfer,2014-2015,near,z_plus_softmax,p_z_plus_softmax,,0.08,,0.1,0.1,composite,56.0,0.3566666666666666,0.0,,,
anoshift_correlated_gaussian,power,adaptive_transfer,2014-2015,near,z_plus_orth,p_z_plus_orth,,0.08,,0.1,0.1,composite,56.0,0.35,0.0,,,
anoshift_correlated_gaussian,power,adaptive_transfer,2014-2015,near,z_plus,p_z_plus,,0.04,,0.1,0.15,composite,56.0,0.5866666666666667,0.1666666666666666,,,
anoshift_correlated_gaussian,power,adaptive_transfer,2014-2015,near,z_plus_renorm,p_z_plus_renorm,,0.08,,0.1,0.15,composite,55.0,0.5960000000000001,0.0,,,
anoshift_correlated_gaussian,power,adaptive_transfer,2014-2015,near,breadth,p_breadth,,0.02,,0.1,0.15,composite,56.0,0.6183333333333334,0.0,,,
anoshift_correlated_gaussian,power,adaptive_transfer,2014-2015,near,z_mahalanobis_sq,p_z_mahalanobis_sq,,0.06,,0.1,0.15,composite,56.0,0.5633333333333334,0.1666666666666666,,,
anoshift_correlated_gaussian,power,adaptive_transfer,2014-2015,near,t_iut,p_t_iut,,0.02,,0.1,0.15,composite,56.0,0.3533333333333333,0.0,,,
anoshift_correlated_gaussian,power,adaptive_transfer,2014-2015,near,z_plus_softmax,p_z_plus_softmax,,0.08,,0.1,0.15,composite,55.0,0.584,0.2,,,
anoshift_correlated_gaussian,power,adaptive_transfer,2014-2015,near,z_plus_orth,p_z_plus_orth,,0.08,,0.1,0.15,composite,55.0,0.5880000000000001,0.2,,,
anoshift_correlated_gaussian,power,adaptive_transfer,2014-2015,near,z_plus,p_z_plus,,0.06,,0.1,0.2,composite,56.0,0.4333333333333333,0.0,,,
anoshift_correlated_gaussian,power,adaptive_transfer,2014-2015,near,z_plus_renorm,p_z_plus_renorm,,0.06,,0.1,0.2,composite,56.0,0.5700000000000001,0.1666666666666666,,,
anoshift_correlated_gaussian,power,adaptive_transfer,2014-2015,near,breadth,p_breadth,,0.02,,0.1,0.2,composite,56.0,0.3066666666666666,0.0,,,
anoshift_correlated_gaussian,power,adaptive_transfer,2014-2015,near,z_mahalanobis_sq,p_z_mahalanobis_sq,,0.08,,0.1,0.2,composite,56.0,0.5266666666666666,0.0,,,
anoshift_correlated_gaussian,power,adaptive_transfer,2014-2015,near,t_iut,p_t_iut,,0.02,,0.1,0.2,composite,56.0,0.4766666666666667,0.0,,,
anoshift_correlated_gaussian,power,adaptive_transfer,2014-2015,near,z_plus_softmax,p_z_plus_softmax,,0.06,,0.1,0.2,composite,56.0,0.5566666666666666,0.1666666666666666,,,
anoshift_correlated_gaussian,power,adaptive_transfer,2014-2015,near,z_plus_orth,p_z_plus_orth,,0.06,,0.1,0.2,composite,56.0,0.5533333333333333,0.1666666666666666,,,
anoshift_correlated_gaussian,power,adaptive_transfer,2014-2015,near,z_plus,p_z_plus,,0.04,,0.1,0.3,composite,56.0,0.42,0.1666666666666666,,,
anoshift_correlated_gaussian,power,adaptive_transfer,2014-2015,near,z_plus_renorm,p_z_plus_renorm,,0.08,,0.1,0.3,composite,56.0,0.4066666666666667,0.0,,,
anoshift_correlated_gaussian,power,adaptive_transfer,2014-2015,near,breadth,p_breadth,,0.02,,0.1,0.3,composite,56.0,0.4716666666666667,0.0,,,
anoshift_correlated_gaussian,power,adaptive_transfer,2014-2015,near,z_mahalanobis_sq,p_z_mahalanobis_sq,,0.06,,0.1,0.3,composite,56.0,0.3233333333333333,0.1666666666666666,,,
anoshift_correlated_gaussian,power,adaptive_transfer,2014-2015,near,t_iut,p_t_iut,,0.02,,0.1,0.3,composite,56.0,0.47,0.1666666666666666,,,
anoshift_correlated_gaussian,power,adaptive_transfer,2014-2015,near,z_plus_softmax,p_z_plus_softmax,,0.08,,0.1,0.3,composite,56.0,0.3333333333333333,0.0,,,
anoshift_correlated_gaussian,power,adaptive_transfer,2014-2015,near,z_plus_orth,p_z_plus_orth,,0.08,,0.1,0.3,composite,56.0,0.3366666666666666,0.0,,,
anoshift_threshold_clustering_m1_v2,power,adaptive_transfer,2014-2015,near,z_plus,p_z_plus,,0.1942777632837638,,0.01,0.05,composite,11499.0,,,,,
anoshift_threshold_clustering_m1_v2,power,adaptive_transfer,2014-2015,near,z_plus_renorm,p_z_plus_renorm,,0.2201409330122201,,0.01,0.05,composite,11211.0,,,,,
anoshift_threshold_clustering_m1_v2,power,adaptive_transfer,2014-2015,near,breadth,p_breadth,,0.0045221323593355,,0.01,0.05,composite,11499.0,,,,,
anoshift_threshold_clustering_m1_v2,power,adaptive_transfer,2014-2015,near,z_mahalanobis_sq,p_z_mahalanobis_sq,,0.3954351456670996,,0.01,0.05,composite,5389.0,,,,,
anoshift_threshold_clustering_m1_v2,power,adaptive_transfer,2014-2015,near,t_iut,p_t_iut,,0.0537438038090268,,0.01,0.05,composite,11499.0,,,,,
anoshift_threshold_clustering_m1_v2,power,adaptive_transfer,2014-2015,near,z_plus_softmax,p_z_plus_softmax,,0.2245116403532245,,0.01,0.05,composite,11211.0,,,,,
anoshift_threshold_clustering_m1_v2,power,adaptive_transfer,2014-2015,near,z_plus_orth,p_z_plus_orth,,0.232004281509232,,0.01,0.05,composite,11211.0,,,,,
anoshift_threshold_clustering_m1_v2,power,adaptive_transfer,2014-2015,near,z_plus,p_z_plus,,0.1942777632837638,,0.01,0.1,composite,11499.0,,,,,
anoshift_threshold_clustering_m1_v2,power,adaptive_transfer,2014-2015,near,z_plus_renorm,p_z_plus_renorm,,0.2201409330122201,,0.01,0.1,composite,11211.0,,,,,
anoshift_threshold_clustering_m1_v2,power,adaptive_transfer,2014-2015,near,breadth,p_breadth,,0.0045221323593355,,0.01,0.1,composite,11499.0,,,,,
anoshift_threshold_clustering_m1_v2,power,adaptive_transfer,2014-2015,near,z_mahalanobis_sq,p_z_mahalanobis_sq,,0.3954351456670996,,0.01,0.1,composite,5389.0,,,,,
anoshift_threshold_clustering_m1_v2,power,adaptive_transfer,2014-2015,near,t_iut,p_t_iut,,0.0537438038090268,,0.01,0.1,composite,11499.0,,,,,
anoshift_threshold_clustering_m1_v2,power,adaptive_transfer,2014-2015,near,z_plus_softmax,p_z_plus_softmax,,0.2245116403532245,,0.01,0.1,composite,11211.0,,,,,
anoshift_threshold_clustering_m1_v2,power,adaptive_transfer,2014-2015,near,z_plus_orth,p_z_plus_orth,,0.232004281509232,,0.01,0.1,composite,11211.0,,,,,
anoshift_threshold_clustering_m1_v2,power,adaptive_transfer,2014-2015,near,z_plus,p_z_plus,,0.1942777632837638,,0.01,0.15,composite,11499.0,,,,,
anoshift_threshold_clustering_m1_v2,power,adaptive_transfer,2014-2015,near,z_plus_renorm,p_z_plus_renorm,,0.2201409330122201,,0.01,0.15,composite,11211.0,,,,,
anoshift_threshold_clustering_m1_v2,power,adaptive_transfer,2014-2015,near,breadth,p_breadth,,0.0045221323593355,,0.01,0.15,composite,11499.0,,,,,
anoshift_threshold_clustering_m1_v2,power,adaptive_transfer,2014-2015,near,z_mahalanobis_sq,p_z_mahalanobis_sq,,0.3954351456670996,,0.01,0.15,composite,5389.0,,,,,
anoshift_threshold_clustering_m1_v2,power,adaptive_transfer,2014-2015,near,t_iut,p_t_iut,,0.0537438038090268,,0.01,0.15,composite,11499.0,,,,,
anoshift_threshold_clustering_m1_v2,power,adaptive_transfer,2014-2015,near,z_plus_softmax,p_z_plus_softmax,,0.2245116403532245,,0.01,0.15,composite,11211.0,,,,,
anoshift_threshold_clustering_m1_v2,power,adaptive_transfer,2014-2015,near,z_plus_orth,p_z_plus_orth,,0.232004281509232,,0.01,0.15,composite,11211.0,,,,,
anoshift_threshold_clustering_m1_v2,power,adaptive_transfer,2014-2015,near,z_plus,p_z_plus,,0.1942777632837638,,0.01,0.2,composite,11499.0,,,,,
anoshift_threshold_clustering_m1_v2,power,adaptive_transfer,2014-2015,near,z_plus_renorm,p_z_plus_renorm,,0.2201409330122201,,0.01,0.2,composite,11211.0,,,,,
anoshift_threshold_clustering_m1_v2,power,adaptive_transfer,2014-2015,near,breadth,p_breadth,,0.0045221323593355,,0.01,0.2,composite,11499.0,,,,,
anoshift_threshold_clustering_m1_v2,power,adaptive_transfer,2014-2015,near,z_mahalanobis_sq,p_z_mahalanobis_sq,,0.3954351456670996,,0.01,0.2,composite,5389.0,,,,,
anoshift_threshold_clustering_m1_v2,power,adaptive_transfer,2014-2015,near,t_iut,p_t_iut,,0.0537438038090268,,0.01,0.2,composite,11499.0,,,,,
anoshift_threshold_clustering_m1_v2,power,adaptive_transfer,2014-2015,near,z_plus_softmax,p_z_plus_softmax,,0.2245116403532245,,0.01,0.2,composite,11211.0,,,,,
anoshift_threshold_clustering_m1_v2,power,adaptive_transfer,2014-2015,near,z_plus_orth,p_z_plus_orth,,0.232004281509232,,0.01,0.2,composite,11211.0,,,,,
anoshift_threshold_clustering_m1_v2,power,adaptive_transfer,2014-2015,near,z_plus,p_z_plus,,0.1942777632837638,,0.01,0.3,composite,11499.0,,,,,
anoshift_threshold_clustering_m1_v2,power,adaptive_transfer,2014-2015,near,z_plus_renorm,p_z_plus_renorm,,0.2201409330122201,,0.01,0.3,composite,11211.0,,,,,
anoshift_threshold_clustering_m1_v2,power,adaptive_transfer,2014-2015,near,breadth,p_breadth,,0.0045221323593355,,0.01,0.3,composite,11499.0,,,,,
anoshift_threshold_clustering_m1_v2,power,adaptive_transfer,2014-2015,near,z_mahalanobis_sq,p_z_mahalanobis_sq,,0.3954351456670996,,0.01,0.3,composite,5389.0,,,,,
anoshift_threshold_clustering_m1_v2,power,adaptive_transfer,2014-2015,near,t_iut,p_t_iut,,0.0537438038090268,,0.01,0.3,composite,11499.0,,,,,
anoshift_threshold_clustering_m1_v2,power,adaptive_transfer,2014-2015,near,z_plus_softmax,p_z_plus_softmax,,0.2245116403532245,,0.01,0.3,composite,11211.0,,,,,
anoshift_threshold_clustering_m1_v2,power,adaptive_transfer,2014-2015,near,z_plus_orth,p_z_plus_orth,,0.232004281509232,,0.01,0.3,composite,11211.0,,,,,
anoshift_threshold_clustering_m1_v2,power,adaptive_transfer,2014-2015,near,z_plus,p_z_plus,,0.1942777632837638,,0.05,0.05,composite,11499.0,,,,,
anoshift_threshold_clustering_m1_v2,power,adaptive_transfer,2014-2015,near,z_plus_renorm,p_z_plus_renorm,,0.2201409330122201,,0.05,0.05,composite,11211.0,,,,,
anoshift_threshold_clustering_m1_v2,power,adaptive_transfer,2014-2015,near,breadth,p_breadth,,0.0045221323593355,,0.05,0.05,composite,11499.0,,,,,
anoshift_threshold_clustering_m1_v2,power,adaptive_transfer,2014-2015,near,z_mahalanobis_sq,p_z_mahalanobis_sq,,0.3954351456670996,,0.05,0.05,composite,5389.0,,,,,
anoshift_threshold_clustering_m1_v2,power,adaptive_transfer,2014-2015,near,t_iut,p_t_iut,,0.0537438038090268,,0.05,0.05,composite,11499.0,,,,,
anoshift_threshold_clustering_m1_v2,power,adaptive_transfer,2014-2015,near,z_plus_softmax,p_z_plus_softmax,,0.2245116403532245,,0.05,0.05,composite,11211.0,,,,,
anoshift_threshold_clustering_m1_v2,power,adaptive_transfer,2014-2015,near,z_plus_orth,p_z_plus_orth,,0.232004281509232,,0.05,0.05,composite,11211.0,,,,,
anoshift_threshold_clustering_m1_v2,power,adaptive_transfer,2014-2015,near,z_plus,p_z_plus,,0.1942777632837638,,0.05,0.1,composite,11499.0,,,,,
anoshift_threshold_clustering_m1_v2,power,adaptive_transfer,2014-2015,near,z_plus_renorm,p_z_plus_renorm,,0.2201409330122201,,0.05,0.1,composite,11211.0,,,,,
anoshift_threshold_clustering_m1_v2,power,adaptive_transfer,2014-2015,near,breadth,p_breadth,,0.0045221323593355,,0.05,0.1,composite,11499.0,,,,,
anoshift_threshold_clustering_m1_v2,power,adaptive_transfer,2014-2015,near,z_mahalanobis_sq,p_z_mahalanobis_sq,,0.3954351456670996,,0.05,0.1,composite,5389.0,,,,,
anoshift_threshold_clustering_m1_v2,power,adaptive_transfer,2014-2015,near,t_iut,p_t_iut,,0.0537438038090268,,0.05,0.1,composite,11499.0,,,,,
anoshift_threshold_clustering_m1_v2,power,adaptive_transfer,2014-2015,near,z_plus_softmax,p_z_plus_softmax,,0.2245116403532245,,0.05,0.1,composite,11211.0,,,,,
anoshift_threshold_clustering_m1_v2,power,adaptive_transfer,2014-2015,near,z_plus_orth,p_z_plus_orth,,0.232004281509232,,0.05,0.1,composite,11211.0,,,,,
anoshift_threshold_clustering_m1_v2,power,adaptive_transfer,2014-2015,near,z_plus,p_z_plus,,0.1942777632837638,,0.05,0.15,composite,11499.0,,,,,
anoshift_threshold_clustering_m1_v2,power,adaptive_transfer,2014-2015,near,z_plus_renorm,p_z_plus_renorm,,0.2201409330122201,,0.05,0.15,composite,11211.0,,,,,
anoshift_threshold_clustering_m1_v2,power,adaptive_transfer,2014-2015,near,breadth,p_breadth,,0.0045221323593355,,0.05,0.15,composite,11499.0,,,,,
anoshift_threshold_clustering_m1_v2,power,adaptive_transfer,2014-2015,near,z_mahalanobis_sq,p_z_mahalanobis_sq,,0.3954351456670996,,0.05,0.15,composite,5389.0,,,,,
anoshift_threshold_clustering_m1_v2,power,adaptive_transfer,2014-2015,near,t_iut,p_t_iut,,0.0537438038090268,,0.05,0.15,composite,11499.0,,,,,
anoshift_threshold_clustering_m1_v2,power,adaptive_transfer,2014-2015,near,z_plus_softmax,p_z_plus_softmax,,0.2245116403532245,,0.05,0.15,composite,11211.0,,,,,
anoshift_threshold_clustering_m1_v2,power,adaptive_transfer,2014-2015,near,z_plus_orth,p_z_plus_orth,,0.232004281509232,,0.05,0.15,composite,11211.0,,,,,
anoshift_threshold_clustering_m1_v2,power,adaptive_transfer,2014-2015,near,z_plus,p_z_plus,,0.1942777632837638,,0.05,0.2,composite,11499.0,,,,,
anoshift_threshold_clustering_m1_v2,power,adaptive_transfer,2014-2015,near,z_plus_renorm,p_z_plus_renorm,,0.2201409330122201,,0.05,0.2,composite,11211.0,,,,,
anoshift_threshold_clustering_m1_v2,power,adaptive_transfer,2014-2015,near,breadth,p_breadth,,0.0045221323593355,,0.05,0.2,composite,11499.0,,,,,
anoshift_threshold_clustering_m1_v2,power,adaptive_transfer,2014-2015,near,z_mahalanobis_sq,p_z_mahalanobis_sq,,0.3954351456670996,,0.05,0.2,composite,5389.0,,,,,
anoshift_threshold_clustering_m1_v2,power,adaptive_transfer,2014-2015,near,t_iut,p_t_iut,,0.0537438038090268,,0.05,0.2,composite,11499.0,,,,,
anoshift_threshold_clustering_m1_v2,power,adaptive_transfer,2014-2015,near,z_plus_softmax,p_z_plus_softmax,,0.2245116403532245,,0.05,0.2,composite,11211.0,,,,,
anoshift_threshold_clustering_m1_v2,power,adaptive_transfer,2014-2015,near,z_plus_orth,p_z_plus_orth,,0.232004281509232,,0.05,0.2,composite,11211.0,,,,,
anoshift_threshold_clustering_m1_v2,power,adaptive_transfer,2014-2015,near,z_plus,p_z_plus,,0.1942777632837638,,0.05,0.3,composite,11499.0,,,,,
anoshift_threshold_clustering_m1_v2,power,adaptive_transfer,2014-2015,near,z_plus_renorm,p_z_plus_renorm,,0.2201409330122201,,0.05,0.3,composite,11211.0,,,,,
anoshift_threshold_clustering_m1_v2,power,adaptive_transfer,2014-2015,near,breadth,p_breadth,,0.0045221323593355,,0.05,0.3,composite,11499.0,,,,,
anoshift_threshold_clustering_m1_v2,power,adaptive_transfer,2014-2015,near,z_mahalanobis_sq,p_z_mahalanobis_sq,,0.3954351456670996,,0.05,0.3,composite,5389.0,,,,,
anoshift_threshold_clustering_m1_v2,power,adaptive_transfer,2014-2015,near,t_iut,p_t_iut,,0.0537438038090268,,0.05,0.3,composite,11499.0,,,,,
anoshift_threshold_clustering_m1_v2,power,adaptive_transfer,2014-2015,near,z_plus_softmax,p_z_plus_softmax,,0.2245116403532245,,0.05,0.3,composite,11211.0,,,,,
anoshift_threshold_clustering_m1_v2,power,adaptive_transfer,2014-2015,near,z_plus_orth,p_z_plus_orth,,0.232004281509232,,0.05,0.3,composite,11211.0,,,,,
anoshift_threshold_clustering_m1_v2,power,adaptive_transfer,2014-2015,near,z_plus,p_z_plus,,0.1942777632837638,,0.1,0.05,composite,11499.0,,,,,
anoshift_threshold_clustering_m1_v2,power,adaptive_transfer,2014-2015,near,z_plus_renorm,p_z_plus_renorm,,0.2201409330122201,,0.1,0.05,composite,11211.0,,,,,
anoshift_threshold_clustering_m1_v2,power,adaptive_transfer,2014-2015,near,breadth,p_breadth,,0.0045221323593355,,0.1,0.05,composite,11499.0,,,,,
anoshift_threshold_clustering_m1_v2,power,adaptive_transfer,2014-2015,near,z_mahalanobis_sq,p_z_mahalanobis_sq,,0.3954351456670996,,0.1,0.05,composite,5389.0,,,,,
anoshift_threshold_clustering_m1_v2,power,adaptive_transfer,2014-2015,near,t_iut,p_t_iut,,0.0537438038090268,,0.1,0.05,composite,11499.0,,,,,
anoshift_threshold_clustering_m1_v2,power,adaptive_transfer,2014-2015,near,z_plus_softmax,p_z_plus_softmax,,0.2245116403532245,,0.1,0.05,composite,11211.0,,,,,
anoshift_threshold_clustering_m1_v2,power,adaptive_transfer,2014-2015,near,z_plus_orth,p_z_plus_orth,,0.232004281509232,,0.1,0.05,composite,11211.0,,,,,
anoshift_threshold_clustering_m1_v2,power,adaptive_transfer,2014-2015,near,z_plus,p_z_plus,,0.1942777632837638,,0.1,0.1,composite,11499.0,,,,,
anoshift_threshold_clustering_m1_v2,power,adaptive_transfer,2014-2015,near,z_plus_renorm,p_z_plus_renorm,,0.2201409330122201,,0.1,0.1,composite,11211.0,,,,,
anoshift_threshold_clustering_m1_v2,power,adaptive_transfer,2014-2015,near,breadth,p_breadth,,0.0045221323593355,,0.1,0.1,composite,11499.0,,,,,
anoshift_threshold_clustering_m1_v2,power,adaptive_transfer,2014-2015,near,z_mahalanobis_sq,p_z_mahalanobis_sq,,0.3954351456670996,,0.1,0.1,composite,5389.0,,,,,
anoshift_threshold_clustering_m1_v2,power,adaptive_transfer,2014-2015,near,t_iut,p_t_iut,,0.0537438038090268,,0.1,0.1,composite,11499.0,,,,,
anoshift_threshold_clustering_m1_v2,power,adaptive_transfer,2014-2015,near,z_plus_softmax,p_z_plus_softmax,,0.2245116403532245,,0.1,0.1,composite,11211.0,,,,,
anoshift_threshold_clustering_m1_v2,power,adaptive_transfer,2014-2015,near,z_plus_orth,p_z_plus_orth,,0.232004281509232,,0.1,0.1,composite,11211.0,,,,,
anoshift_threshold_clustering_m1_v2,power,adaptive_transfer,2014-2015,near,z_plus,p_z_plus,,0.1942777632837638,,0.1,0.15,composite,11499.0,,,,,
anoshift_threshold_clustering_m1_v2,power,adaptive_transfer,2014-2015,near,z_plus_renorm,p_z_plus_renorm,,0.2201409330122201,,0.1,0.15,composite,11211.0,,,,,
anoshift_threshold_clustering_m1_v2,power,adaptive_transfer,2014-2015,near,breadth,p_breadth,,0.0045221323593355,,0.1,0.15,composite,11499.0,,,,,
anoshift_threshold_clustering_m1_v2,power,adaptive_transfer,2014-2015,near,z_mahalanobis_sq,p_z_mahalanobis_sq,,0.3954351456670996,,0.1,0.15,composite,5389.0,,,,,
anoshift_threshold_clustering_m1_v2,power,adaptive_transfer,2014-2015,near,t_iut,p_t_iut,,0.0537438038090268,,0.1,0.15,composite,11499.0,,,,,
anoshift_threshold_clustering_m1_v2,power,adaptive_transfer,2014-2015,near,z_plus_softmax,p_z_plus_softmax,,0.2245116403532245,,0.1,0.15,composite,11211.0,,,,,
anoshift_threshold_clustering_m1_v2,power,adaptive_transfer,2014-2015,near,z_plus_orth,p_z_plus_orth,,0.232004281509232,,0.1,0.15,composite,11211.0,,,,,
anoshift_threshold_clustering_m1_v2,power,adaptive_transfer,2014-2015,near,z_plus,p_z_plus,,0.1942777632837638,,0.1,0.2,composite,11499.0,,,,,
anoshift_threshold_clustering_m1_v2,power,adaptive_transfer,2014-2015,near,z_plus_renorm,p_z_plus_renorm,,0.2201409330122201,,0.1,0.2,composite,11211.0,,,,,
anoshift_threshold_clustering_m1_v2,power,adaptive_transfer,2014-2015,near,breadth,p_breadth,,0.0045221323593355,,0.1,0.2,composite,11499.0,,,,,
anoshift_threshold_clustering_m1_v2,power,adaptive_transfer,2014-2015,near,z_mahalanobis_sq,p_z_mahalanobis_sq,,0.3954351456670996,,0.1,0.2,composite,5389.0,,,,,
anoshift_threshold_clustering_m1_v2,power,adaptive_transfer,2014-2015,near,t_iut,p_t_iut,,0.0537438038090268,,0.1,0.2,composite,11499.0,,,,,
anoshift_threshold_clustering_m1_v2,power,adaptive_transfer,2014-2015,near,z_plus_softmax,p_z_plus_softmax,,0.2245116403532245,,0.1,0.2,composite,11211.0,,,,,
anoshift_threshold_clustering_m1_v2,power,adaptive_transfer,2014-2015,near,z_plus_orth,p_z_plus_orth,,0.232004281509232,,0.1,0.2,composite,11211.0,,,,,
anoshift_threshold_clustering_m1_v2,power,adaptive_transfer,2014-2015,near,z_plus,p_z_plus,,0.1942777632837638,,0.1,0.3,composite,11499.0,,,,,
anoshift_threshold_clustering_m1_v2,power,adaptive_transfer,2014-2015,near,z_plus_renorm,p_z_plus_renorm,,0.2201409330122201,,0.1,0.3,composite,11211.0,,,,,
anoshift_threshold_clustering_m1_v2,power,adaptive_transfer,2014-2015,near,breadth,p_breadth,,0.0045221323593355,,0.1,0.3,composite,11499.0,,,,,
anoshift_threshold_clustering_m1_v2,power,adaptive_transfer,2014-2015,near,z_mahalanobis_sq,p_z_mahalanobis_sq,,0.3954351456670996,,0.1,0.3,composite,5389.0,,,,,
anoshift_threshold_clustering_m1_v2,power,adaptive_transfer,2014-2015,near,t_iut,p_t_iut,,0.0537438038090268,,0.1,0.3,composite,11499.0,,,,,
anoshift_threshold_clustering_m1_v2,power,adaptive_transfer,2014-2015,near,z_plus_softmax,p_z_plus_softmax,,0.2245116403532245,,0.1,0.3,composite,11211.0,,,,,
anoshift_threshold_clustering_m1_v2,power,adaptive_transfer,2014-2015,near,z_plus_orth,p_z_plus_orth,,0.232004281509232,,0.1,0.3,composite,11211.0,,,,,
anoshift_correlated_gaussian,power,adaptive_transfer,2014-2015,far,z_plus,p_z_plus,,0.0476190476190476,,0.01,0.05,composite,85.0,0.4761904761904761,0.0,,,
anoshift_correlated_gaussian,power,adaptive_transfer,2014-2015,far,z_plus_renorm,p_z_plus_renorm,,0.0357142857142857,,0.01,0.05,composite,85.0,0.3571428571428571,0.0,,,
anoshift_correlated_gaussian,power,adaptive_transfer,2014-2015,far,breadth,p_breadth,,0.0357142857142857,,0.01,0.05,composite,85.0,0.6428571428571429,0.0,,,
anoshift_correlated_gaussian,power,adaptive_transfer,2014-2015,far,z_mahalanobis_sq,p_z_mahalanobis_sq,,0.0476190476190476,,0.01,0.05,composite,85.0,0.6071428571428572,0.0,,,
anoshift_correlated_gaussian,power,adaptive_transfer,2014-2015,far,t_iut,p_t_iut,,0.0833333333333333,,0.01,0.05,composite,85.0,0.0476190476190476,0.0,,,
anoshift_correlated_gaussian,power,adaptive_transfer,2014-2015,far,z_plus_softmax,p_z_plus_softmax,,0.0595238095238095,,0.01,0.05,composite,85.0,0.369047619047619,0.0,,,
anoshift_correlated_gaussian,power,adaptive_transfer,2014-2015,far,z_plus_orth,p_z_plus_orth,,0.0357142857142857,,0.01,0.05,composite,85.0,0.4166666666666666,0.0,,,
anoshift_correlated_gaussian,power,adaptive_transfer,2014-2015,far,z_plus,p_z_plus,,0.0476190476190476,,0.01,0.1,composite,85.0,0.2261904761904761,0.0,,,
anoshift_correlated_gaussian,power,adaptive_transfer,2014-2015,far,z_plus_renorm,p_z_plus_renorm,,0.0357142857142857,,0.01,0.1,composite,85.0,0.25,0.0,,,
anoshift_correlated_gaussian,power,adaptive_transfer,2014-2015,far,breadth,p_breadth,,0.0357142857142857,,0.01,0.1,composite,85.0,0.3571428571428571,0.0,,,
anoshift_correlated_gaussian,power,adaptive_transfer,2014-2015,far,z_mahalanobis_sq,p_z_mahalanobis_sq,,0.0476190476190476,,0.01,0.1,composite,85.0,0.119047619047619,0.0,,,
anoshift_correlated_gaussian,power,adaptive_transfer,2014-2015,far,t_iut,p_t_iut,,0.0833333333333333,,0.01,0.1,composite,85.0,0.7857142857142858,0.0,,,
anoshift_correlated_gaussian,power,adaptive_transfer,2014-2015,far,z_plus_softmax,p_z_plus_softmax,,0.0595238095238095,,0.01,0.1,composite,85.0,0.3095238095238095,0.0,,,
anoshift_correlated_gaussian,power,adaptive_transfer,2014-2015,far,z_plus_orth,p_z_plus_orth,,0.0357142857142857,,0.01,0.1,composite,85.0,0.2738095238095238,0.0,,,
anoshift_correlated_gaussian,power,adaptive_transfer,2014-2015,far,z_plus,p_z_plus,,0.0476190476190476,,0.01,0.15,composite,85.0,0.9047619047619048,0.0,,,
anoshift_correlated_gaussian,power,adaptive_transfer,2014-2015,far,z_plus_renorm,p_z_plus_renorm,,0.0357142857142857,,0.01,0.15,composite,85.0,0.8452380952380952,0.0,,,
anoshift_correlated_gaussian,power,adaptive_transfer,2014-2015,far,breadth,p_breadth,,0.0357142857142857,,0.01,0.15,composite,85.0,0.8630952380952381,0.0,,,
anoshift_correlated_gaussian,power,adaptive_transfer,2014-2015,far,z_mahalanobis_sq,p_z_mahalanobis_sq,,0.0357142857142857,,0.01,0.15,composite,85.0,0.9761904761904762,1.0,,,
anoshift_correlated_gaussian,power,adaptive_transfer,2014-2015,far,t_iut,p_t_iut,,0.0833333333333333,,0.01,0.15,composite,85.0,0.0,0.0,,,
anoshift_correlated_gaussian,power,adaptive_transfer,2014-2015,far,z_plus_softmax,p_z_plus_softmax,,0.0595238095238095,,0.01,0.15,composite,85.0,1.0,1.0,,,
anoshift_correlated_gaussian,power,adaptive_transfer,2014-2015,far,z_plus_orth,p_z_plus_orth,,0.0357142857142857,,0.01,0.15,composite,85.0,1.0,1.0,,,
anoshift_correlated_gaussian,power,adaptive_transfer,2014-2015,far,z_plus,p_z_plus,,0.0476190476190476,,0.01,0.2,composite,85.0,0.6309523809523809,0.0,,,
anoshift_correlated_gaussian,power,adaptive_transfer,2014-2015,far,z_plus_renorm,p_z_plus_renorm,,0.0357142857142857,,0.01,0.2,composite,85.0,0.5357142857142857,0.0,,,
anoshift_correlated_gaussian,power,adaptive_transfer,2014-2015,far,breadth,p_breadth,,0.0357142857142857,,0.01,0.2,composite,85.0,0.6428571428571429,0.0,,,
anoshift_correlated_gaussian,power,adaptive_transfer,2014-2015,far,z_mahalanobis_sq,p_z_mahalanobis_sq,,0.0476190476190476,,0.01,0.2,composite,85.0,0.7380952380952381,0.0,,,
anoshift_correlated_gaussian,power,adaptive_transfer,2014-2015,far,t_iut,p_t_iut,,0.0833333333333333,,0.01,0.2,composite,85.0,0.2857142857142857,0.0,,,
anoshift_correlated_gaussian,power,adaptive_transfer,2014-2015,far,z_plus_softmax,p_z_plus_softmax,,0.0595238095238095,,0.01,0.2,composite,85.0,0.5357142857142857,0.0,,,
anoshift_correlated_gaussian,power,adaptive_transfer,2014-2015,far,z_plus_orth,p_z_plus_orth,,0.0357142857142857,,0.01,0.2,composite,85.0,0.5,0.0,,,
anoshift_correlated_gaussian,power,adaptive_transfer,2014-2015,far,z_plus,p_z_plus,,0.0476190476190476,,0.01,0.3,composite,85.0,0.5,0.0,,,
anoshift_correlated_gaussian,power,adaptive_transfer,2014-2015,far,z_plus_renorm,p_z_plus_renorm,,0.0357142857142857,,0.01,0.3,composite,85.0,0.369047619047619,0.0,,,
anoshift_correlated_gaussian,power,adaptive_transfer,2014-2015,far,breadth,p_breadth,,0.0357142857142857,,0.01,0.3,composite,85.0,0.6428571428571429,0.0,,,
anoshift_correlated_gaussian,power,adaptive_transfer,2014-2015,far,z_mahalanobis_sq,p_z_mahalanobis_sq,,0.0476190476190476,,0.01,0.3,composite,85.0,0.5,0.0,,,
anoshift_correlated_gaussian,power,adaptive_transfer,2014-2015,far,t_iut,p_t_iut,,0.0833333333333333,,0.01,0.3,composite,85.0,0.25,0.0,,,
anoshift_correlated_gaussian,power,adaptive_transfer,2014-2015,far,z_plus_softmax,p_z_plus_softmax,,0.0595238095238095,,0.01,0.3,composite,85.0,0.4404761904761904,0.0,,,
anoshift_correlated_gaussian,power,adaptive_transfer,2014-2015,far,z_plus_orth,p_z_plus_orth,,0.0357142857142857,,0.01,0.3,composite,85.0,0.3809523809523809,0.0,,,
anoshift_correlated_gaussian,power,adaptive_transfer,2014-2015,far,z_plus,p_z_plus,,0.0493827160493827,,0.05,0.05,composite,85.0,0.5061728395061729,0.0,,,
anoshift_correlated_gaussian,power,adaptive_transfer,2014-2015,far,z_plus_renorm,p_z_plus_renorm,,0.037037037037037,,0.05,0.05,composite,85.0,0.5030864197530864,0.0,,,
anoshift_correlated_gaussian,power,adaptive_transfer,2014-2015,far,breadth,p_breadth,,0.0246913580246913,,0.05,0.05,composite,85.0,0.4722222222222222,0.25,,,
anoshift_correlated_gaussian,power,adaptive_transfer,2014-2015,far,z_mahalanobis_sq,p_z_mahalanobis_sq,,0.0493827160493827,,0.05,0.05,composite,85.0,0.5802469135802469,0.0,,,
anoshift_correlated_gaussian,power,adaptive_transfer,2014-2015,far,t_iut,p_t_iut,,0.074074074074074,,0.05,0.05,composite,85.0,0.4753086419753086,0.25,,,
anoshift_correlated_gaussian,power,adaptive_transfer,2014-2015,far,z_plus_softmax,p_z_plus_softmax,,0.0617283950617283,,0.05,0.05,composite,85.0,0.5216049382716049,0.0,,,
anoshift_correlated_gaussian,power,adaptive_transfer,2014-2015,far,z_plus_orth,p_z_plus_orth,,0.037037037037037,,0.05,0.05,composite,85.0,0.5493827160493827,0.0,,,
anoshift_correlated_gaussian,power,adaptive_transfer,2014-2015,far,z_plus,p_z_plus,,0.0493827160493827,,0.05,0.1,composite,85.0,0.6975308641975309,0.5,,,
anoshift_correlated_gaussian,power,adaptive_transfer,2014-2015,far,z_plus_renorm,p_z_plus_renorm,,0.037037037037037,,0.05,0.1,composite,85.0,0.7345679012345679,0.0,,,
anoshift_correlated_gaussian,power,adaptive_transfer,2014-2015,far,breadth,p_breadth,,0.037037037037037,,0.05,0.1,composite,85.0,0.5570987654320988,0.0,,,
anoshift_correlated_gaussian,power,adaptive_transfer,2014-2015,far,z_mahalanobis_sq,p_z_mahalanobis_sq,,0.037037037037037,,0.05,0.1,composite,85.0,0.7839506172839507,0.25,,,
anoshift_correlated_gaussian,power,adaptive_transfer,2014-2015,far,t_iut,p_t_iut,,0.0864197530864197,,0.05,0.1,composite,85.0,0.308641975308642,0.0,,,
anoshift_correlated_gaussian,power,adaptive_transfer,2014-2015,far,z_plus_softmax,p_z_plus_softmax,,0.0617283950617283,,0.05,0.1,composite,85.0,0.7469135802469137,0.25,,,
anoshift_correlated_gaussian,power,adaptive_transfer,2014-2015,far,z_plus_orth,p_z_plus_orth,,0.037037037037037,,0.05,0.1,composite,85.0,0.7438271604938272,0.5,,,
anoshift_correlated_gaussian,power,adaptive_transfer,2014-2015,far,z_plus,p_z_plus,,0.037037037037037,,0.05,0.15,composite,85.0,0.654320987654321,0.25,,,
anoshift_correlated_gaussian,power,adaptive_transfer,2014-2015,far,z_plus_renorm,p_z_plus_renorm,,0.037037037037037,,0.05,0.15,composite,85.0,0.6697530864197531,0.25,,,
anoshift_correlated_gaussian,power,adaptive_transfer,2014-2015,far,breadth,p_breadth,,0.037037037037037,,0.05,0.15,composite,85.0,0.5231481481481481,0.0,,,
anoshift_correlated_gaussian,power,adaptive_transfer,2014-2015,far,z_mahalanobis_sq,p_z_mahalanobis_sq,,0.0493827160493827,,0.05,0.15,composite,85.0,0.5987654320987654,0.0,,,
anoshift_correlated_gaussian,power,adaptive_transfer,2014-2015,far,t_iut,p_t_iut,,0.074074074074074,,0.05,0.15,composite,85.0,0.6141975308641976,0.25,,,
anoshift_correlated_gaussian,power,adaptive_transfer,2014-2015,far,z_plus_softmax,p_z_plus_softmax,,0.0493827160493827,,0.05,0.15,composite,85.0,0.6018518518518517,0.25,,,
anoshift_correlated_gaussian,power,adaptive_transfer,2014-2015,far,z_plus_orth,p_z_plus_orth,,0.0246913580246913,,0.05,0.15,composite,85.0,0.5864197530864198,0.25,,,
anoshift_correlated_gaussian,power,adaptive_transfer,2014-2015,far,z_plus,p_z_plus,,0.0493827160493827,,0.05,0.2,composite,85.0,0.4074074074074074,0.0,,,
anoshift_correlated_gaussian,power,adaptive_transfer,2014-2015,far,z_plus_renorm,p_z_plus_renorm,,0.037037037037037,,0.05,0.2,composite,85.0,0.4166666666666667,0.0,,,
anoshift_correlated_gaussian,power,adaptive_transfer,2014-2015,far,breadth,p_breadth,,0.037037037037037,,0.05,0.2,composite,85.0,0.4429012345679012,0.0,,,
anoshift_correlated_gaussian,power,adaptive_transfer,2014-2015,far,z_mahalanobis_sq,p_z_mahalanobis_sq,,0.0493827160493827,,0.05,0.2,composite,85.0,0.4228395061728395,0.0,,,
anoshift_correlated_gaussian,power,adaptive_transfer,2014-2015,far,t_iut,p_t_iut,,0.0864197530864197,,0.05,0.2,composite,85.0,0.4444444444444444,0.0,,,
anoshift_correlated_gaussian,power,adaptive_transfer,2014-2015,far,z_plus_softmax,p_z_plus_softmax,,0.0617283950617283,,0.05,0.2,composite,85.0,0.4444444444444445,0.0,,,
anoshift_correlated_gaussian,power,adaptive_transfer,2014-2015,far,z_plus_orth,p_z_plus_orth,,0.037037037037037,,0.05,0.2,composite,85.0,0.4475308641975308,0.0,,,
anoshift_correlated_gaussian,power,adaptive_transfer,2014-2015,far,z_plus,p_z_plus,,0.0493827160493827,,0.05,0.3,composite,85.0,0.4753086419753086,0.0,,,
anoshift_correlated_gaussian,power,adaptive_transfer,2014-2015,far,z_plus_renorm,p_z_plus_renorm,,0.037037037037037,,0.05,0.3,composite,85.0,0.3888888888888889,0.0,,,
anoshift_correlated_gaussian,power,adaptive_transfer,2014-2015,far,breadth,p_breadth,,0.037037037037037,,0.05,0.3,composite,85.0,0.6080246913580247,0.25,,,
anoshift_correlated_gaussian,power,adaptive_transfer,2014-2015,far,z_mahalanobis_sq,p_z_mahalanobis_sq,,0.0493827160493827,,0.05,0.3,composite,85.0,0.3302469135802469,0.0,,,
anoshift_correlated_gaussian,power,adaptive_transfer,2014-2015,far,t_iut,p_t_iut,,0.0617283950617283,,0.05,0.3,composite,85.0,0.7345679012345679,0.25,,,
anoshift_correlated_gaussian,power,adaptive_transfer,2014-2015,far,z_plus_softmax,p_z_plus_softmax,,0.0617283950617283,,0.05,0.3,composite,85.0,0.4814814814814815,0.0,,,
anoshift_correlated_gaussian,power,adaptive_transfer,2014-2015,far,z_plus_orth,p_z_plus_orth,,0.037037037037037,,0.05,0.3,composite,85.0,0.4691358024691358,0.0,,,
anoshift_correlated_gaussian,power,adaptive_transfer,2014-2015,far,z_plus,p_z_plus,,0.0389610389610389,,0.1,0.05,composite,85.0,0.4415584415584416,0.125,,,
anoshift_correlated_gaussian,power,adaptive_transfer,2014-2015,far,z_plus_renorm,p_z_plus_renorm,,0.0389610389610389,,0.1,0.05,composite,85.0,0.3668831168831169,0.0,,,
anoshift_correlated_gaussian,power,adaptive_transfer,2014-2015,far,breadth,p_breadth,,0.0259740259740259,,0.1,0.05,composite,85.0,0.601461038961039,0.125,,,
anoshift_correlated_gaussian,power,adaptive_transfer,2014-2015,far,z_mahalanobis_sq,p_z_mahalanobis_sq,,0.0389610389610389,,0.1,0.05,composite,85.0,0.3766233766233766,0.125,,,
anoshift_correlated_gaussian,power,adaptive_transfer,2014-2015,far,t_iut,p_t_iut,,0.0779220779220779,,0.1,0.05,composite,85.0,0.5373376623376623,0.125,,,
anoshift_correlated_gaussian,power,adaptive_transfer,2014-2015,far,z_plus_softmax,p_z_plus_softmax,,0.0519480519480519,,0.1,0.05,composite,85.0,0.3912337662337662,0.0,,,
anoshift_correlated_gaussian,power,adaptive_transfer,2014-2015,far,z_plus_orth,p_z_plus_orth,,0.0389610389610389,,0.1,0.05,composite,85.0,0.387987012987013,0.0,,,
anoshift_correlated_gaussian,power,adaptive_transfer,2014-2015,far,z_plus,p_z_plus,,0.0389610389610389,,0.1,0.1,composite,85.0,0.6444805194805194,0.125,,,
anoshift_correlated_gaussian,power,adaptive_transfer,2014-2015,far,z_plus_renorm,p_z_plus_renorm,,0.0389610389610389,,0.1,0.1,composite,85.0,0.5698051948051948,0.0,,,
anoshift_correlated_gaussian,power,adaptive_transfer,2014-2015,far,breadth,p_breadth,,0.0389610389610389,,0.1,0.1,composite,85.0,0.6452922077922078,0.0,,,
anoshift_correlated_gaussian,power,adaptive_transfer,2014-2015,far,z_mahalanobis_sq,p_z_mahalanobis_sq,,0.0519480519480519,,0.1,0.1,composite,85.0,0.5308441558441559,0.0,,,
anoshift_correlated_gaussian,power,adaptive_transfer,2014-2015,far,t_iut,p_t_iut,,0.0909090909090909,,0.1,0.1,composite,85.0,0.650974025974026,0.0,,,
anoshift_correlated_gaussian,power,adaptive_transfer,2014-2015,far,z_plus_softmax,p_z_plus_softmax,,0.0649350649350649,,0.1,0.1,composite,85.0,0.6185064935064934,0.25,,,
anoshift_correlated_gaussian,power,adaptive_transfer,2014-2015,far,z_plus_orth,p_z_plus_orth,,0.0389610389610389,,0.1,0.1,composite,85.0,0.6217532467532467,0.25,,,
anoshift_correlated_gaussian,power,adaptive_transfer,2014-2015,far,z_plus,p_z_plus,,0.0519480519480519,,0.1,0.15,composite,85.0,0.6038961038961039,0.125,,,
anoshift_correlated_gaussian,power,adaptive_transfer,2014-2015,far,z_plus_renorm,p_z_plus_renorm,,0.0389610389610389,,0.1,0.15,composite,85.0,0.5827922077922078,0.0,,,
anoshift_correlated_gaussian,power,adaptive_transfer,2014-2015,far,breadth,p_breadth,,0.0259740259740259,,0.1,0.15,composite,85.0,0.5803571428571429,0.125,,,
anoshift_correlated_gaussian,power,adaptive_transfer,2014-2015,far,z_mahalanobis_sq,p_z_mahalanobis_sq,,0.0389610389610389,,0.1,0.15,composite,85.0,0.5665584415584415,0.125,,,
anoshift_correlated_gaussian,power,adaptive_transfer,2014-2015,far,t_iut,p_t_iut,,0.0649350649350649,,0.1,0.15,composite,85.0,0.5357142857142857,0.125,,,
anoshift_correlated_gaussian,power,adaptive_transfer,2014-2015,far,z_plus_softmax,p_z_plus_softmax,,0.0519480519480519,,0.1,0.15,composite,85.0,0.6136363636363636,0.25,,,
anoshift_correlated_gaussian,power,adaptive_transfer,2014-2015,far,z_plus_orth,p_z_plus_orth,,0.0389610389610389,,0.1,0.15,composite,85.0,0.6103896103896104,0.25,,,
anoshift_correlated_gaussian,power,adaptive_transfer,2014-2015,far,z_plus,p_z_plus,,0.0259740259740259,,0.1,0.2,composite,85.0,0.7451298701298702,0.25,,,
anoshift_correlated_gaussian,power,adaptive_transfer,2014-2015,far,z_plus_renorm,p_z_plus_renorm,,0.0259740259740259,,0.1,0.2,composite,85.0,0.6672077922077921,0.125,,,
anoshift_correlated_gaussian,power,adaptive_transfer,2014-2015,far,breadth,p_breadth,,0.0259740259740259,,0.1,0.2,composite,85.0,0.6996753246753247,0.125,,,
anoshift_correlated_gaussian,power,adaptive_transfer,2014-2015,far,z_mahalanobis_sq,p_z_mahalanobis_sq,,0.0389610389610389,,0.1,0.2,composite,85.0,0.7305194805194806,0.125,,,
anoshift_correlated_gaussian,power,adaptive_transfer,2014-2015,far,t_iut,p_t_iut,,0.0649350649350649,,0.1,0.2,composite,85.0,0.663961038961039,0.125,,,
anoshift_correlated_gaussian,power,adaptive_transfer,2014-2015,far,z_plus_softmax,p_z_plus_softmax,,0.0519480519480519,,0.1,0.2,composite,85.0,0.7012987012987013,0.125,,,
anoshift_correlated_gaussian,power,adaptive_transfer,2014-2015,far,z_plus_orth,p_z_plus_orth,,0.0389610389610389,,0.1,0.2,composite,85.0,0.7061688311688311,0.25,,,
anoshift_correlated_gaussian,power,adaptive_transfer,2014-2015,far,z_plus,p_z_plus,,0.0519480519480519,,0.1,0.3,composite,85.0,0.5811688311688312,0.125,,,
anoshift_correlated_gaussian,power,adaptive_transfer,2014-2015,far,z_plus_renorm,p_z_plus_renorm,,0.0389610389610389,,0.1,0.3,composite,85.0,0.5064935064935066,0.0,,,
anoshift_correlated_gaussian,power,adaptive_transfer,2014-2015,far,breadth,p_breadth,,0.0389610389610389,,0.1,0.3,composite,85.0,0.734577922077922,0.0,,,
anoshift_correlated_gaussian,power,adaptive_transfer,2014-2015,far,z_mahalanobis_sq,p_z_mahalanobis_sq,,0.0389610389610389,,0.1,0.3,composite,85.0,0.6168831168831169,0.25,,,
anoshift_correlated_gaussian,power,adaptive_transfer,2014-2015,far,t_iut,p_t_iut,,0.0779220779220779,,0.1,0.3,composite,85.0,0.323051948051948,0.0,,,
anoshift_correlated_gaussian,power,adaptive_transfer,2014-2015,far,z_plus_softmax,p_z_plus_softmax,,0.0649350649350649,,0.1,0.3,composite,85.0,0.564935064935065,0.125,,,
anoshift_correlated_gaussian,power,adaptive_transfer,2014-2015,far,z_plus_orth,p_z_plus_orth,,0.0389610389610389,,0.1,0.3,composite,85.0,0.5762987012987013,0.125,,,
anoshift_threshold_clustering_m1_v2,power,adaptive_transfer,2014-2015,far,z_plus,p_z_plus,,0.1942777632837638,,0.01,0.05,composite,11499.0,,,,,
anoshift_threshold_clustering_m1_v2,power,adaptive_transfer,2014-2015,far,z_plus_renorm,p_z_plus_renorm,,0.2201409330122201,,0.01,0.05,composite,11211.0,,,,,
anoshift_threshold_clustering_m1_v2,power,adaptive_transfer,2014-2015,far,breadth,p_breadth,,0.0045221323593355,,0.01,0.05,composite,11499.0,,,,,
anoshift_threshold_clustering_m1_v2,power,adaptive_transfer,2014-2015,far,z_mahalanobis_sq,p_z_mahalanobis_sq,,0.3954351456670996,,0.01,0.05,composite,5389.0,,,,,
anoshift_threshold_clustering_m1_v2,power,adaptive_transfer,2014-2015,far,t_iut,p_t_iut,,0.0537438038090268,,0.01,0.05,composite,11499.0,,,,,
anoshift_threshold_clustering_m1_v2,power,adaptive_transfer,2014-2015,far,z_plus_softmax,p_z_plus_softmax,,0.2245116403532245,,0.01,0.05,composite,11211.0,,,,,
anoshift_threshold_clustering_m1_v2,power,adaptive_transfer,2014-2015,far,z_plus_orth,p_z_plus_orth,,0.232004281509232,,0.01,0.05,composite,11211.0,,,,,
anoshift_threshold_clustering_m1_v2,power,adaptive_transfer,2014-2015,far,z_plus,p_z_plus,,0.1942777632837638,,0.01,0.1,composite,11499.0,,,,,
anoshift_threshold_clustering_m1_v2,power,adaptive_transfer,2014-2015,far,z_plus_renorm,p_z_plus_renorm,,0.2201409330122201,,0.01,0.1,composite,11211.0,,,,,
anoshift_threshold_clustering_m1_v2,power,adaptive_transfer,2014-2015,far,breadth,p_breadth,,0.0045221323593355,,0.01,0.1,composite,11499.0,,,,,
anoshift_threshold_clustering_m1_v2,power,adaptive_transfer,2014-2015,far,z_mahalanobis_sq,p_z_mahalanobis_sq,,0.3954351456670996,,0.01,0.1,composite,5389.0,,,,,
anoshift_threshold_clustering_m1_v2,power,adaptive_transfer,2014-2015,far,t_iut,p_t_iut,,0.0537438038090268,,0.01,0.1,composite,11499.0,,,,,
anoshift_threshold_clustering_m1_v2,power,adaptive_transfer,2014-2015,far,z_plus_softmax,p_z_plus_softmax,,0.2245116403532245,,0.01,0.1,composite,11211.0,,,,,
anoshift_threshold_clustering_m1_v2,power,adaptive_transfer,2014-2015,far,z_plus_orth,p_z_plus_orth,,0.232004281509232,,0.01,0.1,composite,11211.0,,,,,
anoshift_threshold_clustering_m1_v2,power,adaptive_transfer,2014-2015,far,z_plus,p_z_plus,,0.1942777632837638,,0.01,0.15,composite,11499.0,,,,,
anoshift_threshold_clustering_m1_v2,power,adaptive_transfer,2014-2015,far,z_plus_renorm,p_z_plus_renorm,,0.2201409330122201,,0.01,0.15,composite,11211.0,,,,,
anoshift_threshold_clustering_m1_v2,power,adaptive_transfer,2014-2015,far,breadth,p_breadth,,0.0045221323593355,,0.01,0.15,composite,11499.0,,,,,
anoshift_threshold_clustering_m1_v2,power,adaptive_transfer,2014-2015,far,z_mahalanobis_sq,p_z_mahalanobis_sq,,0.3954351456670996,,0.01,0.15,composite,5389.0,,,,,
anoshift_threshold_clustering_m1_v2,power,adaptive_transfer,2014-2015,far,t_iut,p_t_iut,,0.0537438038090268,,0.01,0.15,composite,11499.0,,,,,
anoshift_threshold_clustering_m1_v2,power,adaptive_transfer,2014-2015,far,z_plus_softmax,p_z_plus_softmax,,0.2245116403532245,,0.01,0.15,composite,11211.0,,,,,
anoshift_threshold_clustering_m1_v2,power,adaptive_transfer,2014-2015,far,z_plus_orth,p_z_plus_orth,,0.232004281509232,,0.01,0.15,composite,11211.0,,,,,
anoshift_threshold_clustering_m1_v2,power,adaptive_transfer,2014-2015,far,z_plus,p_z_plus,,0.1942777632837638,,0.01,0.2,composite,11499.0,,,,,
anoshift_threshold_clustering_m1_v2,power,adaptive_transfer,2014-2015,far,z_plus_renorm,p_z_plus_renorm,,0.2201409330122201,,0.01,0.2,composite,11211.0,,,,,
anoshift_threshold_clustering_m1_v2,power,adaptive_transfer,2014-2015,far,breadth,p_breadth,,0.0045221323593355,,0.01,0.2,composite,11499.0,,,,,
anoshift_threshold_clustering_m1_v2,power,adaptive_transfer,2014-2015,far,z_mahalanobis_sq,p_z_mahalanobis_sq,,0.3954351456670996,,0.01,0.2,composite,5389.0,,,,,
anoshift_threshold_clustering_m1_v2,power,adaptive_transfer,2014-2015,far,t_iut,p_t_iut,,0.0537438038090268,,0.01,0.2,composite,11499.0,,,,,
anoshift_threshold_clustering_m1_v2,power,adaptive_transfer,2014-2015,far,z_plus_softmax,p_z_plus_softmax,,0.2245116403532245,,0.01,0.2,composite,11211.0,,,,,
anoshift_threshold_clustering_m1_v2,power,adaptive_transfer,2014-2015,far,z_plus_orth,p_z_plus_orth,,0.232004281509232,,0.01,0.2,composite,11211.0,,,,,
anoshift_threshold_clustering_m1_v2,power,adaptive_transfer,2014-2015,far,z_plus,p_z_plus,,0.1942777632837638,,0.01,0.3,composite,11499.0,,,,,
anoshift_threshold_clustering_m1_v2,power,adaptive_transfer,2014-2015,far,z_plus_renorm,p_z_plus_renorm,,0.2201409330122201,,0.01,0.3,composite,11211.0,,,,,
anoshift_threshold_clustering_m1_v2,power,adaptive_transfer,2014-2015,far,breadth,p_breadth,,0.0045221323593355,,0.01,0.3,composite,11499.0,,,,,
anoshift_threshold_clustering_m1_v2,power,adaptive_transfer,2014-2015,far,z_mahalanobis_sq,p_z_mahalanobis_sq,,0.3954351456670996,,0.01,0.3,composite,5389.0,,,,,
anoshift_threshold_clustering_m1_v2,power,adaptive_transfer,2014-2015,far,t_iut,p_t_iut,,0.0537438038090268,,0.01,0.3,composite,11499.0,,,,,
anoshift_threshold_clustering_m1_v2,power,adaptive_transfer,2014-2015,far,z_plus_softmax,p_z_plus_softmax,,0.2245116403532245,,0.01,0.3,composite,11211.0,,,,,
anoshift_threshold_clustering_m1_v2,power,adaptive_transfer,2014-2015,far,z_plus_orth,p_z_plus_orth,,0.232004281509232,,0.01,0.3,composite,11211.0,,,,,
anoshift_threshold_clustering_m1_v2,power,adaptive_transfer,2014-2015,far,z_plus,p_z_plus,,0.1942777632837638,,0.05,0.05,composite,11499.0,,,,,
anoshift_threshold_clustering_m1_v2,power,adaptive_transfer,2014-2015,far,z_plus_renorm,p_z_plus_renorm,,0.2201409330122201,,0.05,0.05,composite,11211.0,,,,,
anoshift_threshold_clustering_m1_v2,power,adaptive_transfer,2014-2015,far,breadth,p_breadth,,0.0045221323593355,,0.05,0.05,composite,11499.0,,,,,
anoshift_threshold_clustering_m1_v2,power,adaptive_transfer,2014-2015,far,z_mahalanobis_sq,p_z_mahalanobis_sq,,0.3954351456670996,,0.05,0.05,composite,5389.0,,,,,
anoshift_threshold_clustering_m1_v2,power,adaptive_transfer,2014-2015,far,t_iut,p_t_iut,,0.0537438038090268,,0.05,0.05,composite,11499.0,,,,,
anoshift_threshold_clustering_m1_v2,power,adaptive_transfer,2014-2015,far,z_plus_softmax,p_z_plus_softmax,,0.2245116403532245,,0.05,0.05,composite,11211.0,,,,,
anoshift_threshold_clustering_m1_v2,power,adaptive_transfer,2014-2015,far,z_plus_orth,p_z_plus_orth,,0.232004281509232,,0.05,0.05,composite,11211.0,,,,,
anoshift_threshold_clustering_m1_v2,power,adaptive_transfer,2014-2015,far,z_plus,p_z_plus,,0.1942777632837638,,0.05,0.1,composite,11499.0,,,,,
anoshift_threshold_clustering_m1_v2,power,adaptive_transfer,2014-2015,far,z_plus_renorm,p_z_plus_renorm,,0.2201409330122201,,0.05,0.1,composite,11211.0,,,,,
anoshift_threshold_clustering_m1_v2,power,adaptive_transfer,2014-2015,far,breadth,p_breadth,,0.0045221323593355,,0.05,0.1,composite,11499.0,,,,,
anoshift_threshold_clustering_m1_v2,power,adaptive_transfer,2014-2015,far,z_mahalanobis_sq,p_z_mahalanobis_sq,,0.3954351456670996,,0.05,0.1,composite,5389.0,,,,,
anoshift_threshold_clustering_m1_v2,power,adaptive_transfer,2014-2015,far,t_iut,p_t_iut,,0.0537438038090268,,0.05,0.1,composite,11499.0,,,,,
anoshift_threshold_clustering_m1_v2,power,adaptive_transfer,2014-2015,far,z_plus_softmax,p_z_plus_softmax,,0.2245116403532245,,0.05,0.1,composite,11211.0,,,,,
anoshift_threshold_clustering_m1_v2,power,adaptive_transfer,2014-2015,far,z_plus_orth,p_z_plus_orth,,0.232004281509232,,0.05,0.1,composite,11211.0,,,,,
anoshift_threshold_clustering_m1_v2,power,adaptive_transfer,2014-2015,far,z_plus,p_z_plus,,0.1942777632837638,,0.05,0.15,composite,11499.0,,,,,
anoshift_threshold_clustering_m1_v2,power,adaptive_transfer,2014-2015,far,z_plus_renorm,p_z_plus_renorm,,0.2201409330122201,,0.05,0.15,composite,11211.0,,,,,
anoshift_threshold_clustering_m1_v2,power,adaptive_transfer,2014-2015,far,breadth,p_breadth,,0.0045221323593355,,0.05,0.15,composite,11499.0,,,,,
anoshift_threshold_clustering_m1_v2,power,adaptive_transfer,2014-2015,far,z_mahalanobis_sq,p_z_mahalanobis_sq,,0.3954351456670996,,0.05,0.15,composite,5389.0,,,,,
anoshift_threshold_clustering_m1_v2,power,adaptive_transfer,2014-2015,far,t_iut,p_t_iut,,0.0537438038090268,,0.05,0.15,composite,11499.0,,,,,
anoshift_threshold_clustering_m1_v2,power,adaptive_transfer,2014-2015,far,z_plus_softmax,p_z_plus_softmax,,0.2245116403532245,,0.05,0.15,composite,11211.0,,,,,
anoshift_threshold_clustering_m1_v2,power,adaptive_transfer,2014-2015,far,z_plus_orth,p_z_plus_orth,,0.232004281509232,,0.05,0.15,composite,11211.0,,,,,
anoshift_threshold_clustering_m1_v2,power,adaptive_transfer,2014-2015,far,z_plus,p_z_plus,,0.1942777632837638,,0.05,0.2,composite,11499.0,,,,,
anoshift_threshold_clustering_m1_v2,power,adaptive_transfer,2014-2015,far,z_plus_renorm,p_z_plus_renorm,,0.2201409330122201,,0.05,0.2,composite,11211.0,,,,,
anoshift_threshold_clustering_m1_v2,power,adaptive_transfer,2014-2015,far,breadth,p_breadth,,0.0045221323593355,,0.05,0.2,composite,11499.0,,,,,
anoshift_threshold_clustering_m1_v2,power,adaptive_transfer,2014-2015,far,z_mahalanobis_sq,p_z_mahalanobis_sq,,0.3954351456670996,,0.05,0.2,composite,5389.0,,,,,
anoshift_threshold_clustering_m1_v2,power,adaptive_transfer,2014-2015,far,t_iut,p_t_iut,,0.0537438038090268,,0.05,0.2,composite,11499.0,,,,,
anoshift_threshold_clustering_m1_v2,power,adaptive_transfer,2014-2015,far,z_plus_softmax,p_z_plus_softmax,,0.2245116403532245,,0.05,0.2,composite,11211.0,,,,,
anoshift_threshold_clustering_m1_v2,power,adaptive_transfer,2014-2015,far,z_plus_orth,p_z_plus_orth,,0.232004281509232,,0.05,0.2,composite,11211.0,,,,,
anoshift_threshold_clustering_m1_v2,power,adaptive_transfer,2014-2015,far,z_plus,p_z_plus,,0.1942777632837638,,0.05,0.3,composite,11499.0,,,,,
anoshift_threshold_clustering_m1_v2,power,adaptive_transfer,2014-2015,far,z_plus_renorm,p_z_plus_renorm,,0.2201409330122201,,0.05,0.3,composite,11211.0,,,,,
anoshift_threshold_clustering_m1_v2,power,adaptive_transfer,2014-2015,far,breadth,p_breadth,,0.0045221323593355,,0.05,0.3,composite,11499.0,,,,,
anoshift_threshold_clustering_m1_v2,power,adaptive_transfer,2014-2015,far,z_mahalanobis_sq,p_z_mahalanobis_sq,,0.3954351456670996,,0.05,0.3,composite,5389.0,,,,,
anoshift_threshold_clustering_m1_v2,power,adaptive_transfer,2014-2015,far,t_iut,p_t_iut,,0.0537438038090268,,0.05,0.3,composite,11499.0,,,,,
anoshift_threshold_clustering_m1_v2,power,adaptive_transfer,2014-2015,far,z_plus_softmax,p_z_plus_softmax,,0.2245116403532245,,0.05,0.3,composite,11211.0,,,,,
anoshift_threshold_clustering_m1_v2,power,adaptive_transfer,2014-2015,far,z_plus_orth,p_z_plus_orth,,0.232004281509232,,0.05,0.3,composite,11211.0,,,,,
anoshift_threshold_clustering_m1_v2,power,adaptive_transfer,2014-2015,far,z_plus,p_z_plus,,0.1942777632837638,,0.1,0.05,composite,11499.0,,,,,
anoshift_threshold_clustering_m1_v2,power,adaptive_transfer,2014-2015,far,z_plus_renorm,p_z_plus_renorm,,0.2201409330122201,,0.1,0.05,composite,11211.0,,,,,
anoshift_threshold_clustering_m1_v2,power,adaptive_transfer,2014-2015,far,breadth,p_breadth,,0.0045221323593355,,0.1,0.05,composite,11499.0,,,,,
anoshift_threshold_clustering_m1_v2,power,adaptive_transfer,2014-2015,far,z_mahalanobis_sq,p_z_mahalanobis_sq,,0.3954351456670996,,0.1,0.05,composite,5389.0,,,,,
anoshift_threshold_clustering_m1_v2,power,adaptive_transfer,2014-2015,far,t_iut,p_t_iut,,0.0537438038090268,,0.1,0.05,composite,11499.0,,,,,
anoshift_threshold_clustering_m1_v2,power,adaptive_transfer,2014-2015,far,z_plus_softmax,p_z_plus_softmax,,0.2245116403532245,,0.1,0.05,composite,11211.0,,,,,
anoshift_threshold_clustering_m1_v2,power,adaptive_transfer,2014-2015,far,z_plus_orth,p_z_plus_orth,,0.232004281509232,,0.1,0.05,composite,11211.0,,,,,
anoshift_threshold_clustering_m1_v2,power,adaptive_transfer,2014-2015,far,z_plus,p_z_plus,,0.1942777632837638,,0.1,0.1,composite,11499.0,,,,,
anoshift_threshold_clustering_m1_v2,power,adaptive_transfer,2014-2015,far,z_plus_renorm,p_z_plus_renorm,,0.2201409330122201,,0.1,0.1,composite,11211.0,,,,,
anoshift_threshold_clustering_m1_v2,power,adaptive_transfer,2014-2015,far,breadth,p_breadth,,0.0045221323593355,,0.1,0.1,composite,11499.0,,,,,
anoshift_threshold_clustering_m1_v2,power,adaptive_transfer,2014-2015,far,z_mahalanobis_sq,p_z_mahalanobis_sq,,0.3954351456670996,,0.1,0.1,composite,5389.0,,,,,
anoshift_threshold_clustering_m1_v2,power,adaptive_transfer,2014-2015,far,t_iut,p_t_iut,,0.0537438038090268,,0.1,0.1,composite,11499.0,,,,,
anoshift_threshold_clustering_m1_v2,power,adaptive_transfer,2014-2015,far,z_plus_softmax,p_z_plus_softmax,,0.2245116403532245,,0.1,0.1,composite,11211.0,,,,,
anoshift_threshold_clustering_m1_v2,power,adaptive_transfer,2014-2015,far,z_plus_orth,p_z_plus_orth,,0.232004281509232,,0.1,0.1,composite,11211.0,,,,,
anoshift_threshold_clustering_m1_v2,power,adaptive_transfer,2014-2015,far,z_plus,p_z_plus,,0.1942777632837638,,0.1,0.15,composite,11499.0,,,,,
anoshift_threshold_clustering_m1_v2,power,adaptive_transfer,2014-2015,far,z_plus_renorm,p_z_plus_renorm,,0.2201409330122201,,0.1,0.15,composite,11211.0,,,,,
anoshift_threshold_clustering_m1_v2,power,adaptive_transfer,2014-2015,far,breadth,p_breadth,,0.0045221323593355,,0.1,0.15,composite,11499.0,,,,,
anoshift_threshold_clustering_m1_v2,power,adaptive_transfer,2014-2015,far,z_mahalanobis_sq,p_z_mahalanobis_sq,,0.3954351456670996,,0.1,0.15,composite,5389.0,,,,,
anoshift_threshold_clustering_m1_v2,power,adaptive_transfer,2014-2015,far,t_iut,p_t_iut,,0.0537438038090268,,0.1,0.15,composite,11499.0,,,,,
anoshift_threshold_clustering_m1_v2,power,adaptive_transfer,2014-2015,far,z_plus_softmax,p_z_plus_softmax,,0.2245116403532245,,0.1,0.15,composite,11211.0,,,,,
anoshift_threshold_clustering_m1_v2,power,adaptive_transfer,2014-2015,far,z_plus_orth,p_z_plus_orth,,0.232004281509232,,0.1,0.15,composite,11211.0,,,,,
anoshift_threshold_clustering_m1_v2,power,adaptive_transfer,2014-2015,far,z_plus,p_z_plus,,0.1942777632837638,,0.1,0.2,composite,11499.0,,,,,
anoshift_threshold_clustering_m1_v2,power,adaptive_transfer,2014-2015,far,z_plus_renorm,p_z_plus_renorm,,0.2201409330122201,,0.1,0.2,composite,11211.0,,,,,
anoshift_threshold_clustering_m1_v2,power,adaptive_transfer,2014-2015,far,breadth,p_breadth,,0.0045221323593355,,0.1,0.2,composite,11499.0,,,,,
anoshift_threshold_clustering_m1_v2,power,adaptive_transfer,2014-2015,far,z_mahalanobis_sq,p_z_mahalanobis_sq,,0.3954351456670996,,0.1,0.2,composite,5389.0,,,,,
anoshift_threshold_clustering_m1_v2,power,adaptive_transfer,2014-2015,far,t_iut,p_t_iut,,0.0537438038090268,,0.1,0.2,composite,11499.0,,,,,
anoshift_threshold_clustering_m1_v2,power,adaptive_transfer,2014-2015,far,z_plus_softmax,p_z_plus_softmax,,0.2245116403532245,,0.1,0.2,composite,11211.0,,,,,
anoshift_threshold_clustering_m1_v2,power,adaptive_transfer,2014-2015,far,z_plus_orth,p_z_plus_orth,,0.232004281509232,,0.1,0.2,composite,11211.0,,,,,
anoshift_threshold_clustering_m1_v2,power,adaptive_transfer,2014-2015,far,z_plus,p_z_plus,,0.1942777632837638,,0.1,0.3,composite,11499.0,,,,,
anoshift_threshold_clustering_m1_v2,power,adaptive_transfer,2014-2015,far,z_plus_renorm,p_z_plus_renorm,,0.2201409330122201,,0.1,0.3,composite,11211.0,,,,,
anoshift_threshold_clustering_m1_v2,power,adaptive_transfer,2014-2015,far,breadth,p_breadth,,0.0045221323593355,,0.1,0.3,composite,11499.0,,,,,
anoshift_threshold_clustering_m1_v2,power,adaptive_transfer,2014-2015,far,z_mahalanobis_sq,p_z_mahalanobis_sq,,0.3954351456670996,,0.1,0.3,composite,5389.0,,,,,
anoshift_threshold_clustering_m1_v2,power,adaptive_transfer,2014-2015,far,t_iut,p_t_iut,,0.0537438038090268,,0.1,0.3,composite,11499.0,,,,,
anoshift_threshold_clustering_m1_v2,power,adaptive_transfer,2014-2015,far,z_plus_softmax,p_z_plus_softmax,,0.2245116403532245,,0.1,0.3,composite,11211.0,,,,,
anoshift_threshold_clustering_m1_v2,power,adaptive_transfer,2014-2015,far,z_plus_orth,p_z_plus_orth,,0.232004281509232,,0.1,0.3,composite,11211.0,,,,,
anoshift,calibration_diagnostic,adaptive_transfer,2016-2016,,,,,,,,,,,,,,30.0,failed: phase2: only 11 complete z-vectors in C (< 30); Σ̂ not estimable.
anoshift,calibration_diagnostic,adaptive_transfer,2016-2017,,,,,,,,,,,,,33.0,30.0,candidate_scored
anoshift,calibration_diagnostic,adaptive_transfer,2016-2017,,,,,,,,,,,,,33.0,30.0,selected
anoshift,fpr,adaptive_transfer,2016-2017,iid,z_plus,p_z_plus,13.0,0.0769230769230769,,,,,,,,,,
anoshift,fpr,adaptive_transfer,2016-2017,iid,z_plus_renorm,p_z_plus_renorm,12.0,0.0769230769230769,,,,,,,,,,
anoshift,fpr,adaptive_transfer,2016-2017,iid,breadth,p_breadth,13.0,0.0,,,,,,,,,,
anoshift,fpr,adaptive_transfer,2016-2017,iid,z_mahalanobis_sq,p_z_mahalanobis_sq,10.0,0.0769230769230769,,,,,,,,,,
anoshift,fpr,adaptive_transfer,2016-2017,iid,t_iut,p_t_iut,13.0,0.0,,,,,,,,,,
anoshift,fpr,adaptive_transfer,2016-2017,iid,z_plus_softmax,p_z_plus_softmax,12.0,0.0769230769230769,,,,,,,,,,
anoshift,fpr,adaptive_transfer,2016-2017,iid,z_plus_orth,p_z_plus_orth,12.0,0.0769230769230769,,,,,,,,,,
anoshift,fpr,adaptive_transfer,2016-2017,near,z_plus,p_z_plus,88.0,0.0568181818181818,,,,,,,,,,
anoshift,fpr,adaptive_transfer,2016-2017,near,z_plus_renorm,p_z_plus_renorm,86.0,0.1363636363636363,,,,,,,,,,
anoshift,fpr,adaptive_transfer,2016-2017,near,breadth,p_breadth,88.0,0.0113636363636363,,,,,,,,,,
anoshift,fpr,adaptive_transfer,2016-2017,near,z_mahalanobis_sq,p_z_mahalanobis_sq,56.0,0.0454545454545454,,,,,,,,,,
anoshift,fpr,adaptive_transfer,2016-2017,near,t_iut,p_t_iut,88.0,0.034090909090909,,,,,,,,,,
anoshift,fpr,adaptive_transfer,2016-2017,near,z_plus_softmax,p_z_plus_softmax,86.0,0.1022727272727272,,,,,,,,,,
anoshift,fpr,adaptive_transfer,2016-2017,near,z_plus_orth,p_z_plus_orth,86.0,0.0909090909090909,,,,,,,,,,
anoshift,fpr,adaptive_transfer,2016-2017,far,z_plus,p_z_plus,121.0,0.1157024793388429,,,,,,,,,,
anoshift,fpr,adaptive_transfer,2016-2017,far,z_plus_renorm,p_z_plus_renorm,120.0,0.1157024793388429,,,,,,,,,,
anoshift,fpr,adaptive_transfer,2016-2017,far,breadth,p_breadth,121.0,0.024793388429752,,,,,,,,,,
anoshift,fpr,adaptive_transfer,2016-2017,far,z_mahalanobis_sq,p_z_mahalanobis_sq,85.0,0.0330578512396694,,,,,,,,,,
anoshift,fpr,adaptive_transfer,2016-2017,far,t_iut,p_t_iut,121.0,0.0661157024793388,,,,,,,,,,
anoshift,fpr,adaptive_transfer,2016-2017,far,z_plus_softmax,p_z_plus_softmax,120.0,0.1239669421487603,,,,,,,,,,
anoshift,fpr,adaptive_transfer,2016-2017,far,z_plus_orth,p_z_plus_orth,120.0,0.0991735537190082,,,,,,,,,,
anoshift_yearly,annual_fpr,adaptive_transfer,2016-2017,,z_mahalanobis_sq,p_z_mahalanobis_sq,10.0,0.0769230769230769,2012.0,,,,,,,,,
anoshift_yearly,annual_fpr,adaptive_transfer,2016-2017,,z_mahalanobis_sq,p_z_mahalanobis_sq,11.0,0.0666666666666666,2013.0,,,,,,,,,
anoshift_yearly,annual_fpr,adaptive_transfer,2016-2017,,z_mahalanobis_sq,p_z_mahalanobis_sq,13.0,0.0454545454545454,2014.0,,,,,,,,,
anoshift_yearly,annual_fpr,adaptive_transfer,2016-2017,,z_mahalanobis_sq,p_z_mahalanobis_sq,10.0,0.0588235294117647,2015.0,,,,,,,,,
anoshift_yearly,annual_fpr,adaptive_transfer,2016-2017,,z_mahalanobis_sq,p_z_mahalanobis_sq,10.0,0.0,2016.0,,,,,,,,,
anoshift_yearly,annual_fpr,adaptive_transfer,2016-2017,,z_mahalanobis_sq,p_z_mahalanobis_sq,12.0,0.0588235294117647,2017.0,,,,,,,,,
anoshift_yearly,annual_fpr,adaptive_transfer,2016-2017,,z_mahalanobis_sq,p_z_mahalanobis_sq,12.0,0.05,2018.0,,,,,,,,,
anoshift_yearly,annual_fpr,adaptive_transfer,2016-2017,,z_mahalanobis_sq,p_z_mahalanobis_sq,13.0,0.0909090909090909,2019.0,,,,,,,,,
anoshift_yearly,annual_fpr,adaptive_transfer,2016-2017,,z_mahalanobis_sq,p_z_mahalanobis_sq,14.0,0.0,2020.0,,,,,,,,,
anoshift_yearly,annual_fpr,adaptive_transfer,2016-2017,,z_mahalanobis_sq,p_z_mahalanobis_sq,15.0,0.0,2021.0,,,,,,,,,
anoshift_yearly,annual_fpr,adaptive_transfer,2016-2017,,z_mahalanobis_sq,p_z_mahalanobis_sq,16.0,0.15,2022.0,,,,,,,,,
anoshift_yearly,annual_fpr,adaptive_transfer,2016-2017,,z_mahalanobis_sq,p_z_mahalanobis_sq,15.0,0.0434782608695652,2023.0,,,,,,,,,
anoshift_yearly,annual_fpr,adaptive_transfer,2016-2017,,z_mahalanobis_sq,p_z_mahalanobis_sq,13.0,0.0,2024.0,,,,,,,,,
anoshift_yearly,annual_fpr,adaptive_transfer,2016-2017,,z_mahalanobis_sq,p_z_mahalanobis_sq,12.0,0.0,2025.0,,,,,,,,,
anoshift_correlated_gaussian,power,adaptive_transfer,2016-2017,near,z_plus,p_z_plus,,0.0545454545454545,,0.01,0.05,composite,56.0,0.9272727272727272,0.0,,,
anoshift_correlated_gaussian,power,adaptive_transfer,2016-2017,near,z_plus_renorm,p_z_plus_renorm,,0.0727272727272727,,0.01,0.05,composite,56.0,0.6909090909090909,0.0,,,
anoshift_correlated_gaussian,power,adaptive_transfer,2016-2017,near,breadth,p_breadth,,0.0181818181818181,,0.01,0.05,composite,56.0,0.9545454545454546,0.0,,,
anoshift_correlated_gaussian,power,adaptive_transfer,2016-2017,near,z_mahalanobis_sq,p_z_mahalanobis_sq,,0.0727272727272727,,0.01,0.05,composite,56.0,0.8545454545454545,0.0,,,
anoshift_correlated_gaussian,power,adaptive_transfer,2016-2017,near,t_iut,p_t_iut,,0.0181818181818181,,0.01,0.05,composite,56.0,0.1272727272727273,0.0,,,
anoshift_correlated_gaussian,power,adaptive_transfer,2016-2017,near,z_plus_softmax,p_z_plus_softmax,,0.0727272727272727,,0.01,0.05,composite,56.0,0.8545454545454545,0.0,,,
anoshift_correlated_gaussian,power,adaptive_transfer,2016-2017,near,z_plus_orth,p_z_plus_orth,,0.0727272727272727,,0.01,0.05,composite,56.0,0.8181818181818181,0.0,,,
anoshift_correlated_gaussian,power,adaptive_transfer,2016-2017,near,z_plus,p_z_plus,,0.0545454545454545,,0.01,0.1,composite,56.0,0.0545454545454545,0.0,,,
anoshift_correlated_gaussian,power,adaptive_transfer,2016-2017,near,z_plus_renorm,p_z_plus_renorm,,0.0727272727272727,,0.01,0.1,composite,56.0,0.0545454545454545,0.0,,,
anoshift_correlated_gaussian,power,adaptive_transfer,2016-2017,near,breadth,p_breadth,,0.0181818181818181,,0.01,0.1,composite,56.0,0.1454545454545454,0.0,,,
anoshift_correlated_gaussian,power,adaptive_transfer,2016-2017,near,z_mahalanobis_sq,p_z_mahalanobis_sq,,0.0727272727272727,,0.01,0.1,composite,56.0,0.0363636363636363,0.0,,,
anoshift_correlated_gaussian,power,adaptive_transfer,2016-2017,near,t_iut,p_t_iut,,0.0181818181818181,,0.01,0.1,composite,56.0,0.2363636363636363,0.0,,,
anoshift_correlated_gaussian,power,adaptive_transfer,2016-2017,near,z_plus_softmax,p_z_plus_softmax,,0.0727272727272727,,0.01,0.1,composite,56.0,0.0363636363636363,0.0,,,
anoshift_correlated_gaussian,power,adaptive_transfer,2016-2017,near,z_plus_orth,p_z_plus_orth,,0.0727272727272727,,0.01,0.1,composite,56.0,0.0363636363636363,0.0,,,
anoshift_correlated_gaussian,power,adaptive_transfer,2016-2017,near,z_plus,p_z_plus,,0.0545454545454545,,0.01,0.15,composite,56.0,0.9454545454545454,0.0,,,
anoshift_correlated_gaussian,power,adaptive_transfer,2016-2017,near,z_plus_renorm,p_z_plus_renorm,,0.0727272727272727,,0.01,0.15,composite,56.0,0.9090909090909092,0.0,,,
anoshift_correlated_gaussian,power,adaptive_transfer,2016-2017,near,breadth,p_breadth,,0.0181818181818181,,0.01,0.15,composite,56.0,0.5909090909090909,0.0,,,
anoshift_correlated_gaussian,power,adaptive_transfer,2016-2017,near,z_mahalanobis_sq,p_z_mahalanobis_sq,,0.0545454545454545,,0.01,0.15,composite,56.0,1.0,1.0,,,
anoshift_correlated_gaussian,power,adaptive_transfer,2016-2017,near,t_iut,p_t_iut,,0.0181818181818181,,0.01,0.15,composite,56.0,0.4,0.0,,,
anoshift_correlated_gaussian,power,adaptive_transfer,2016-2017,near,z_plus_softmax,p_z_plus_softmax,,0.0727272727272727,,0.01,0.15,composite,56.0,0.9454545454545454,1.0,,,
anoshift_correlated_gaussian,power,adaptive_transfer,2016-2017,near,z_plus_orth,p_z_plus_orth,,0.0727272727272727,,0.01,0.15,composite,56.0,0.9636363636363636,1.0,,,
anoshift_correlated_gaussian,power,adaptive_transfer,2016-2017,near,z_plus,p_z_plus,,0.0545454545454545,,0.01,0.2,composite,56.0,0.1272727272727273,0.0,,,
anoshift_correlated_gaussian,power,adaptive_transfer,2016-2017,near,z_plus_renorm,p_z_plus_renorm,,0.0727272727272727,,0.01,0.2,composite,56.0,0.4181818181818182,0.0,,,
anoshift_correlated_gaussian,power,adaptive_transfer,2016-2017,near,breadth,p_breadth,,0.0181818181818181,,0.01,0.2,composite,56.0,0.1363636363636363,0.0,,,
anoshift_correlated_gaussian,power,adaptive_transfer,2016-2017,near,z_mahalanobis_sq,p_z_mahalanobis_sq,,0.0727272727272727,,0.01,0.2,composite,56.0,0.5636363636363637,0.0,,,
anoshift_correlated_gaussian,power,adaptive_transfer,2016-2017,near,t_iut,p_t_iut,,0.0181818181818181,,0.01,0.2,composite,56.0,0.0363636363636363,0.0,,,
anoshift_correlated_gaussian,power,adaptive_transfer,2016-2017,near,z_plus_softmax,p_z_plus_softmax,,0.0727272727272727,,0.01,0.2,composite,56.0,0.2727272727272727,0.0,,,
anoshift_correlated_gaussian,power,adaptive_transfer,2016-2017,near,z_plus_orth,p_z_plus_orth,,0.0727272727272727,,0.01,0.2,composite,56.0,0.2545454545454545,0.0,,,
anoshift_correlated_gaussian,power,adaptive_transfer,2016-2017,near,z_plus,p_z_plus,,0.0545454545454545,,0.01,0.3,composite,56.0,0.7454545454545455,0.0,,,
anoshift_correlated_gaussian,power,adaptive_transfer,2016-2017,near,z_plus_renorm,p_z_plus_renorm,,0.0727272727272727,,0.01,0.3,composite,56.0,0.7454545454545455,0.0,,,
anoshift_correlated_gaussian,power,adaptive_transfer,2016-2017,near,breadth,p_breadth,,0.0181818181818181,,0.01,0.3,composite,56.0,0.5909090909090909,0.0,,,
anoshift_correlated_gaussian,power,adaptive_transfer,2016-2017,near,z_mahalanobis_sq,p_z_mahalanobis_sq,,0.0727272727272727,,0.01,0.3,composite,56.0,0.7636363636363637,0.0,,,
anoshift_correlated_gaussian,power,adaptive_transfer,2016-2017,near,t_iut,p_t_iut,,0.0181818181818181,,0.01,0.3,composite,56.0,0.0181818181818181,0.0,,,
anoshift_correlated_gaussian,power,adaptive_transfer,2016-2017,near,z_plus_softmax,p_z_plus_softmax,,0.0727272727272727,,0.01,0.3,composite,56.0,0.6909090909090909,0.0,,,
anoshift_correlated_gaussian,power,adaptive_transfer,2016-2017,near,z_plus_orth,p_z_plus_orth,,0.0727272727272727,,0.01,0.3,composite,56.0,0.6909090909090909,0.0,,,
anoshift_correlated_gaussian,power,adaptive_transfer,2016-2017,near,z_plus,p_z_plus,,0.0566037735849056,,0.05,0.05,composite,56.0,0.7924528301886793,0.0,,,
anoshift_correlated_gaussian,power,adaptive_transfer,2016-2017,near,z_plus_renorm,p_z_plus_renorm,,0.0566037735849056,,0.05,0.05,composite,56.0,0.7987421383647799,0.3333333333333333,,,
anoshift_correlated_gaussian,power,adaptive_transfer,2016-2017,near,breadth,p_breadth,,0.0188679245283018,,0.05,0.05,composite,56.0,0.5628930817610063,0.0,,,
anoshift_correlated_gaussian,power,adaptive_transfer,2016-2017,near,z_mahalanobis_sq,p_z_mahalanobis_sq,,0.0754716981132075,,0.05,0.05,composite,56.0,0.7106918238993711,0.0,,,
anoshift_correlated_gaussian,power,adaptive_transfer,2016-2017,near,t_iut,p_t_iut,,0.0188679245283018,,0.05,0.05,composite,56.0,0.830188679245283,0.0,,,
anoshift_correlated_gaussian,power,adaptive_transfer,2016-2017,near,z_plus_softmax,p_z_plus_softmax,,0.0566037735849056,,0.05,0.05,composite,56.0,0.8867924528301887,0.6666666666666666,,,
anoshift_correlated_gaussian,power,adaptive_transfer,2016-2017,near,z_plus_orth,p_z_plus_orth,,0.0566037735849056,,0.05,0.05,composite,56.0,0.8867924528301887,0.6666666666666666,,,
anoshift_correlated_gaussian,power,adaptive_transfer,2016-2017,near,z_plus,p_z_plus,,0.0566037735849056,,0.05,0.1,composite,56.0,0.4528301886792453,0.0,,,
anoshift_correlated_gaussian,power,adaptive_transfer,2016-2017,near,z_plus_renorm,p_z_plus_renorm,,0.0754716981132075,,0.05,0.1,composite,56.0,0.3710691823899371,0.0,,,
anoshift_correlated_gaussian,power,adaptive_transfer,2016-2017,near,breadth,p_breadth,,0.0188679245283018,,0.05,0.1,composite,56.0,0.5974842767295597,0.0,,,
anoshift_correlated_gaussian,power,adaptive_transfer,2016-2017,near,z_mahalanobis_sq,p_z_mahalanobis_sq,,0.0754716981132075,,0.05,0.1,composite,56.0,0.3396226415094339,0.0,,,
anoshift_correlated_gaussian,power,adaptive_transfer,2016-2017,near,t_iut,p_t_iut,,0.0188679245283018,,0.05,0.1,composite,56.0,0.4716981132075471,0.0,,,
anoshift_correlated_gaussian,power,adaptive_transfer,2016-2017,near,z_plus_softmax,p_z_plus_softmax,,0.0754716981132075,,0.05,0.1,composite,56.0,0.4150943396226415,0.0,,,
anoshift_correlated_gaussian,power,adaptive_transfer,2016-2017,near,z_plus_orth,p_z_plus_orth,,0.0754716981132075,,0.05,0.1,composite,56.0,0.4276729559748427,0.0,,,
anoshift_correlated_gaussian,power,adaptive_transfer,2016-2017,near,z_plus,p_z_plus,,0.0377358490566037,,0.05,0.15,composite,56.0,0.5220125786163522,0.3333333333333333,,,
anoshift_correlated_gaussian,power,adaptive_transfer,2016-2017,near,z_plus_renorm,p_z_plus_renorm,,0.0754716981132075,,0.05,0.15,composite,56.0,0.5974842767295597,0.0,,,
anoshift_correlated_gaussian,power,adaptive_transfer,2016-2017,near,breadth,p_breadth,,0.0188679245283018,,0.05,0.15,composite,56.0,0.4842767295597484,0.0,,,
anoshift_correlated_gaussian,power,adaptive_transfer,2016-2017,near,z_mahalanobis_sq,p_z_mahalanobis_sq,,0.0754716981132075,,0.05,0.15,composite,56.0,0.5345911949685535,0.0,,,
anoshift_correlated_gaussian,power,adaptive_transfer,2016-2017,near,t_iut,p_t_iut,,0.0188679245283018,,0.05,0.15,composite,56.0,0.559748427672956,0.3333333333333333,,,
anoshift_correlated_gaussian,power,adaptive_transfer,2016-2017,near,z_plus_softmax,p_z_plus_softmax,,0.0754716981132075,,0.05,0.15,composite,56.0,0.4654088050314465,0.0,,,
anoshift_correlated_gaussian,power,adaptive_transfer,2016-2017,near,z_plus_orth,p_z_plus_orth,,0.0754716981132075,,0.05,0.15,composite,56.0,0.4591194968553458,0.0,,,
anoshift_correlated_gaussian,power,adaptive_transfer,2016-2017,near,z_plus,p_z_plus,,0.0566037735849056,,0.05,0.2,composite,56.0,0.3836477987421383,0.0,,,
anoshift_correlated_gaussian,power,adaptive_transfer,2016-2017,near,z_plus_renorm,p_z_plus_renorm,,0.0754716981132075,,0.05,0.2,composite,56.0,0.3962264150943396,0.0,,,
anoshift_correlated_gaussian,power,adaptive_transfer,2016-2017,near,breadth,p_breadth,,0.0188679245283018,,0.05,0.2,composite,56.0,0.5031446540880503,0.0,,,
anoshift_correlated_gaussian,power,adaptive_transfer,2016-2017,near,z_mahalanobis_sq,p_z_mahalanobis_sq,,0.0754716981132075,,0.05,0.2,composite,56.0,0.3333333333333333,0.0,,,
anoshift_correlated_gaussian,power,adaptive_transfer,2016-2017,near,t_iut,p_t_iut,,0.0188679245283018,,0.05,0.2,composite,56.0,0.6981132075471698,0.0,,,
anoshift_correlated_gaussian,power,adaptive_transfer,2016-2017,near,z_plus_softmax,p_z_plus_softmax,,0.0566037735849056,,0.05,0.2,composite,56.0,0.3333333333333333,0.0,,,
anoshift_correlated_gaussian,power,adaptive_transfer,2016-2017,near,z_plus_orth,p_z_plus_orth,,0.0566037735849056,,0.05,0.2,composite,56.0,0.3333333333333333,0.0,,,
anoshift_correlated_gaussian,power,adaptive_transfer,2016-2017,near,z_plus,p_z_plus,,0.0566037735849056,,0.05,0.3,composite,56.0,0.1194968553459119,0.0,,,
anoshift_correlated_gaussian,power,adaptive_transfer,2016-2017,near,z_plus_renorm,p_z_plus_renorm,,0.0754716981132075,,0.05,0.3,composite,56.0,0.2767295597484276,0.0,,,
anoshift_correlated_gaussian,power,adaptive_transfer,2016-2017,near,breadth,p_breadth,,0.0188679245283018,,0.05,0.3,composite,56.0,0.2358490566037735,0.0,,,
anoshift_correlated_gaussian,power,adaptive_transfer,2016-2017,near,z_mahalanobis_sq,p_z_mahalanobis_sq,,0.0754716981132075,,0.05,0.3,composite,56.0,0.2264150943396226,0.0,,,
anoshift_correlated_gaussian,power,adaptive_transfer,2016-2017,near,t_iut,p_t_iut,,0.0188679245283018,,0.05,0.3,composite,56.0,0.5471698113207547,0.0,,,
anoshift_correlated_gaussian,power,adaptive_transfer,2016-2017,near,z_plus_softmax,p_z_plus_softmax,,0.0754716981132075,,0.05,0.3,composite,56.0,0.1949685534591194,0.0,,,
anoshift_correlated_gaussian,power,adaptive_transfer,2016-2017,near,z_plus_orth,p_z_plus_orth,,0.0754716981132075,,0.05,0.3,composite,56.0,0.1823899371069182,0.0,,,
anoshift_correlated_gaussian,power,adaptive_transfer,2016-2017,near,z_plus,p_z_plus,,0.04,,0.1,0.05,composite,56.0,0.4633333333333333,0.1666666666666666,,,
anoshift_correlated_gaussian,power,adaptive_transfer,2016-2017,near,z_plus_renorm,p_z_plus_renorm,,0.06,,0.1,0.05,composite,56.0,0.5066666666666666,0.0,,,
anoshift_correlated_gaussian,power,adaptive_transfer,2016-2017,near,breadth,p_breadth,,0.02,,0.1,0.05,composite,56.0,0.4983333333333333,0.0,,,
anoshift_correlated_gaussian,power,adaptive_transfer,2016-2017,near,z_mahalanobis_sq,p_z_mahalanobis_sq,,0.08,,0.1,0.05,composite,56.0,0.61,0.0,,,
anoshift_correlated_gaussian,power,adaptive_transfer,2016-2017,near,t_iut,p_t_iut,,0.02,,0.1,0.05,composite,56.0,0.3766666666666666,0.0,,,
anoshift_correlated_gaussian,power,adaptive_transfer,2016-2017,near,z_plus_softmax,p_z_plus_softmax,,0.08,,0.1,0.05,composite,56.0,0.4766666666666667,0.0,,,
anoshift_correlated_gaussian,power,adaptive_transfer,2016-2017,near,z_plus_orth,p_z_plus_orth,,0.08,,0.1,0.05,composite,56.0,0.4666666666666667,0.0,,,
anoshift_correlated_gaussian,power,adaptive_transfer,2016-2017,near,z_plus,p_z_plus,,0.04,,0.1,0.1,composite,56.0,0.4566666666666666,0.1666666666666666,,,
anoshift_correlated_gaussian,power,adaptive_transfer,2016-2017,near,z_plus_renorm,p_z_plus_renorm,,0.08,,0.1,0.1,composite,56.0,0.37,0.0,,,
anoshift_correlated_gaussian,power,adaptive_transfer,2016-2017,near,breadth,p_breadth,,0.02,,0.1,0.1,composite,56.0,0.7,0.0,,,
anoshift_correlated_gaussian,power,adaptive_transfer,2016-2017,near,z_mahalanobis_sq,p_z_mahalanobis_sq,,0.06,,0.1,0.1,composite,56.0,0.36,0.1666666666666666,,,
anoshift_correlated_gaussian,power,adaptive_transfer,2016-2017,near,t_iut,p_t_iut,,0.02,,0.1,0.1,composite,56.0,0.6033333333333334,0.0,,,
anoshift_correlated_gaussian,power,adaptive_transfer,2016-2017,near,z_plus_softmax,p_z_plus_softmax,,0.08,,0.1,0.1,composite,56.0,0.3566666666666666,0.0,,,
anoshift_correlated_gaussian,power,adaptive_transfer,2016-2017,near,z_plus_orth,p_z_plus_orth,,0.08,,0.1,0.1,composite,56.0,0.35,0.0,,,
anoshift_correlated_gaussian,power,adaptive_transfer,2016-2017,near,z_plus,p_z_plus,,0.04,,0.1,0.15,composite,56.0,0.5866666666666667,0.1666666666666666,,,
anoshift_correlated_gaussian,power,adaptive_transfer,2016-2017,near,z_plus_renorm,p_z_plus_renorm,,0.08,,0.1,0.15,composite,55.0,0.5960000000000001,0.0,,,
anoshift_correlated_gaussian,power,adaptive_transfer,2016-2017,near,breadth,p_breadth,,0.02,,0.1,0.15,composite,56.0,0.6183333333333334,0.0,,,
anoshift_correlated_gaussian,power,adaptive_transfer,2016-2017,near,z_mahalanobis_sq,p_z_mahalanobis_sq,,0.06,,0.1,0.15,composite,56.0,0.5633333333333334,0.1666666666666666,,,
anoshift_correlated_gaussian,power,adaptive_transfer,2016-2017,near,t_iut,p_t_iut,,0.02,,0.1,0.15,composite,56.0,0.3533333333333333,0.0,,,
anoshift_correlated_gaussian,power,adaptive_transfer,2016-2017,near,z_plus_softmax,p_z_plus_softmax,,0.08,,0.1,0.15,composite,55.0,0.584,0.2,,,
anoshift_correlated_gaussian,power,adaptive_transfer,2016-2017,near,z_plus_orth,p_z_plus_orth,,0.08,,0.1,0.15,composite,55.0,0.5880000000000001,0.2,,,
anoshift_correlated_gaussian,power,adaptive_transfer,2016-2017,near,z_plus,p_z_plus,,0.06,,0.1,0.2,composite,56.0,0.4333333333333333,0.0,,,
anoshift_correlated_gaussian,power,adaptive_transfer,2016-2017,near,z_plus_renorm,p_z_plus_renorm,,0.06,,0.1,0.2,composite,56.0,0.5700000000000001,0.1666666666666666,,,
anoshift_correlated_gaussian,power,adaptive_transfer,2016-2017,near,breadth,p_breadth,,0.02,,0.1,0.2,composite,56.0,0.3066666666666666,0.0,,,
anoshift_correlated_gaussian,power,adaptive_transfer,2016-2017,near,z_mahalanobis_sq,p_z_mahalanobis_sq,,0.08,,0.1,0.2,composite,56.0,0.5266666666666666,0.0,,,
anoshift_correlated_gaussian,power,adaptive_transfer,2016-2017,near,t_iut,p_t_iut,,0.02,,0.1,0.2,composite,56.0,0.4766666666666667,0.0,,,
anoshift_correlated_gaussian,power,adaptive_transfer,2016-2017,near,z_plus_softmax,p_z_plus_softmax,,0.06,,0.1,0.2,composite,56.0,0.5566666666666666,0.1666666666666666,,,
anoshift_correlated_gaussian,power,adaptive_transfer,2016-2017,near,z_plus_orth,p_z_plus_orth,,0.06,,0.1,0.2,composite,56.0,0.5533333333333333,0.1666666666666666,,,
anoshift_correlated_gaussian,power,adaptive_transfer,2016-2017,near,z_plus,p_z_plus,,0.04,,0.1,0.3,composite,56.0,0.42,0.1666666666666666,,,
anoshift_correlated_gaussian,power,adaptive_transfer,2016-2017,near,z_plus_renorm,p_z_plus_renorm,,0.08,,0.1,0.3,composite,56.0,0.4066666666666667,0.0,,,
anoshift_correlated_gaussian,power,adaptive_transfer,2016-2017,near,breadth,p_breadth,,0.02,,0.1,0.3,composite,56.0,0.4716666666666667,0.0,,,
anoshift_correlated_gaussian,power,adaptive_transfer,2016-2017,near,z_mahalanobis_sq,p_z_mahalanobis_sq,,0.06,,0.1,0.3,composite,56.0,0.3233333333333333,0.1666666666666666,,,
anoshift_correlated_gaussian,power,adaptive_transfer,2016-2017,near,t_iut,p_t_iut,,0.02,,0.1,0.3,composite,56.0,0.47,0.1666666666666666,,,
anoshift_correlated_gaussian,power,adaptive_transfer,2016-2017,near,z_plus_softmax,p_z_plus_softmax,,0.08,,0.1,0.3,composite,56.0,0.3333333333333333,0.0,,,
anoshift_correlated_gaussian,power,adaptive_transfer,2016-2017,near,z_plus_orth,p_z_plus_orth,,0.08,,0.1,0.3,composite,56.0,0.3366666666666666,0.0,,,
anoshift_threshold_clustering_m1_v2,power,adaptive_transfer,2016-2017,near,z_plus,p_z_plus,,0.1942777632837638,,0.01,0.05,composite,11499.0,,,,,
anoshift_threshold_clustering_m1_v2,power,adaptive_transfer,2016-2017,near,z_plus_renorm,p_z_plus_renorm,,0.2201409330122201,,0.01,0.05,composite,11211.0,,,,,
anoshift_threshold_clustering_m1_v2,power,adaptive_transfer,2016-2017,near,breadth,p_breadth,,0.0045221323593355,,0.01,0.05,composite,11499.0,,,,,
anoshift_threshold_clustering_m1_v2,power,adaptive_transfer,2016-2017,near,z_mahalanobis_sq,p_z_mahalanobis_sq,,0.3954351456670996,,0.01,0.05,composite,5389.0,,,,,
anoshift_threshold_clustering_m1_v2,power,adaptive_transfer,2016-2017,near,t_iut,p_t_iut,,0.0537438038090268,,0.01,0.05,composite,11499.0,,,,,
anoshift_threshold_clustering_m1_v2,power,adaptive_transfer,2016-2017,near,z_plus_softmax,p_z_plus_softmax,,0.2245116403532245,,0.01,0.05,composite,11211.0,,,,,
anoshift_threshold_clustering_m1_v2,power,adaptive_transfer,2016-2017,near,z_plus_orth,p_z_plus_orth,,0.232004281509232,,0.01,0.05,composite,11211.0,,,,,
anoshift_threshold_clustering_m1_v2,power,adaptive_transfer,2016-2017,near,z_plus,p_z_plus,,0.1942777632837638,,0.01,0.1,composite,11499.0,,,,,
anoshift_threshold_clustering_m1_v2,power,adaptive_transfer,2016-2017,near,z_plus_renorm,p_z_plus_renorm,,0.2201409330122201,,0.01,0.1,composite,11211.0,,,,,
anoshift_threshold_clustering_m1_v2,power,adaptive_transfer,2016-2017,near,breadth,p_breadth,,0.0045221323593355,,0.01,0.1,composite,11499.0,,,,,
anoshift_threshold_clustering_m1_v2,power,adaptive_transfer,2016-2017,near,z_mahalanobis_sq,p_z_mahalanobis_sq,,0.3954351456670996,,0.01,0.1,composite,5389.0,,,,,
anoshift_threshold_clustering_m1_v2,power,adaptive_transfer,2016-2017,near,t_iut,p_t_iut,,0.0537438038090268,,0.01,0.1,composite,11499.0,,,,,
anoshift_threshold_clustering_m1_v2,power,adaptive_transfer,2016-2017,near,z_plus_softmax,p_z_plus_softmax,,0.2245116403532245,,0.01,0.1,composite,11211.0,,,,,
anoshift_threshold_clustering_m1_v2,power,adaptive_transfer,2016-2017,near,z_plus_orth,p_z_plus_orth,,0.232004281509232,,0.01,0.1,composite,11211.0,,,,,
anoshift_threshold_clustering_m1_v2,power,adaptive_transfer,2016-2017,near,z_plus,p_z_plus,,0.1942777632837638,,0.01,0.15,composite,11499.0,,,,,
anoshift_threshold_clustering_m1_v2,power,adaptive_transfer,2016-2017,near,z_plus_renorm,p_z_plus_renorm,,0.2201409330122201,,0.01,0.15,composite,11211.0,,,,,
anoshift_threshold_clustering_m1_v2,power,adaptive_transfer,2016-2017,near,breadth,p_breadth,,0.0045221323593355,,0.01,0.15,composite,11499.0,,,,,
anoshift_threshold_clustering_m1_v2,power,adaptive_transfer,2016-2017,near,z_mahalanobis_sq,p_z_mahalanobis_sq,,0.3954351456670996,,0.01,0.15,composite,5389.0,,,,,
anoshift_threshold_clustering_m1_v2,power,adaptive_transfer,2016-2017,near,t_iut,p_t_iut,,0.0537438038090268,,0.01,0.15,composite,11499.0,,,,,
anoshift_threshold_clustering_m1_v2,power,adaptive_transfer,2016-2017,near,z_plus_softmax,p_z_plus_softmax,,0.2245116403532245,,0.01,0.15,composite,11211.0,,,,,
anoshift_threshold_clustering_m1_v2,power,adaptive_transfer,2016-2017,near,z_plus_orth,p_z_plus_orth,,0.232004281509232,,0.01,0.15,composite,11211.0,,,,,
anoshift_threshold_clustering_m1_v2,power,adaptive_transfer,2016-2017,near,z_plus,p_z_plus,,0.1942777632837638,,0.01,0.2,composite,11499.0,,,,,
anoshift_threshold_clustering_m1_v2,power,adaptive_transfer,2016-2017,near,z_plus_renorm,p_z_plus_renorm,,0.2201409330122201,,0.01,0.2,composite,11211.0,,,,,
anoshift_threshold_clustering_m1_v2,power,adaptive_transfer,2016-2017,near,breadth,p_breadth,,0.0045221323593355,,0.01,0.2,composite,11499.0,,,,,
anoshift_threshold_clustering_m1_v2,power,adaptive_transfer,2016-2017,near,z_mahalanobis_sq,p_z_mahalanobis_sq,,0.3954351456670996,,0.01,0.2,composite,5389.0,,,,,
anoshift_threshold_clustering_m1_v2,power,adaptive_transfer,2016-2017,near,t_iut,p_t_iut,,0.0537438038090268,,0.01,0.2,composite,11499.0,,,,,
anoshift_threshold_clustering_m1_v2,power,adaptive_transfer,2016-2017,near,z_plus_softmax,p_z_plus_softmax,,0.2245116403532245,,0.01,0.2,composite,11211.0,,,,,
anoshift_threshold_clustering_m1_v2,power,adaptive_transfer,2016-2017,near,z_plus_orth,p_z_plus_orth,,0.232004281509232,,0.01,0.2,composite,11211.0,,,,,
anoshift_threshold_clustering_m1_v2,power,adaptive_transfer,2016-2017,near,z_plus,p_z_plus,,0.1942777632837638,,0.01,0.3,composite,11499.0,,,,,
anoshift_threshold_clustering_m1_v2,power,adaptive_transfer,2016-2017,near,z_plus_renorm,p_z_plus_renorm,,0.2201409330122201,,0.01,0.3,composite,11211.0,,,,,
anoshift_threshold_clustering_m1_v2,power,adaptive_transfer,2016-2017,near,breadth,p_breadth,,0.0045221323593355,,0.01,0.3,composite,11499.0,,,,,
anoshift_threshold_clustering_m1_v2,power,adaptive_transfer,2016-2017,near,z_mahalanobis_sq,p_z_mahalanobis_sq,,0.3954351456670996,,0.01,0.3,composite,5389.0,,,,,
anoshift_threshold_clustering_m1_v2,power,adaptive_transfer,2016-2017,near,t_iut,p_t_iut,,0.0537438038090268,,0.01,0.3,composite,11499.0,,,,,
anoshift_threshold_clustering_m1_v2,power,adaptive_transfer,2016-2017,near,z_plus_softmax,p_z_plus_softmax,,0.2245116403532245,,0.01,0.3,composite,11211.0,,,,,
anoshift_threshold_clustering_m1_v2,power,adaptive_transfer,2016-2017,near,z_plus_orth,p_z_plus_orth,,0.232004281509232,,0.01,0.3,composite,11211.0,,,,,
anoshift_threshold_clustering_m1_v2,power,adaptive_transfer,2016-2017,near,z_plus,p_z_plus,,0.1942777632837638,,0.05,0.05,composite,11499.0,,,,,
anoshift_threshold_clustering_m1_v2,power,adaptive_transfer,2016-2017,near,z_plus_renorm,p_z_plus_renorm,,0.2201409330122201,,0.05,0.05,composite,11211.0,,,,,
anoshift_threshold_clustering_m1_v2,power,adaptive_transfer,2016-2017,near,breadth,p_breadth,,0.0045221323593355,,0.05,0.05,composite,11499.0,,,,,
anoshift_threshold_clustering_m1_v2,power,adaptive_transfer,2016-2017,near,z_mahalanobis_sq,p_z_mahalanobis_sq,,0.3954351456670996,,0.05,0.05,composite,5389.0,,,,,
anoshift_threshold_clustering_m1_v2,power,adaptive_transfer,2016-2017,near,t_iut,p_t_iut,,0.0537438038090268,,0.05,0.05,composite,11499.0,,,,,
anoshift_threshold_clustering_m1_v2,power,adaptive_transfer,2016-2017,near,z_plus_softmax,p_z_plus_softmax,,0.2245116403532245,,0.05,0.05,composite,11211.0,,,,,
anoshift_threshold_clustering_m1_v2,power,adaptive_transfer,2016-2017,near,z_plus_orth,p_z_plus_orth,,0.232004281509232,,0.05,0.05,composite,11211.0,,,,,
anoshift_threshold_clustering_m1_v2,power,adaptive_transfer,2016-2017,near,z_plus,p_z_plus,,0.1942777632837638,,0.05,0.1,composite,11499.0,,,,,
anoshift_threshold_clustering_m1_v2,power,adaptive_transfer,2016-2017,near,z_plus_renorm,p_z_plus_renorm,,0.2201409330122201,,0.05,0.1,composite,11211.0,,,,,
anoshift_threshold_clustering_m1_v2,power,adaptive_transfer,2016-2017,near,breadth,p_breadth,,0.0045221323593355,,0.05,0.1,composite,11499.0,,,,,
anoshift_threshold_clustering_m1_v2,power,adaptive_transfer,2016-2017,near,z_mahalanobis_sq,p_z_mahalanobis_sq,,0.3954351456670996,,0.05,0.1,composite,5389.0,,,,,
anoshift_threshold_clustering_m1_v2,power,adaptive_transfer,2016-2017,near,t_iut,p_t_iut,,0.0537438038090268,,0.05,0.1,composite,11499.0,,,,,
anoshift_threshold_clustering_m1_v2,power,adaptive_transfer,2016-2017,near,z_plus_softmax,p_z_plus_softmax,,0.2245116403532245,,0.05,0.1,composite,11211.0,,,,,
anoshift_threshold_clustering_m1_v2,power,adaptive_transfer,2016-2017,near,z_plus_orth,p_z_plus_orth,,0.232004281509232,,0.05,0.1,composite,11211.0,,,,,
anoshift_threshold_clustering_m1_v2,power,adaptive_transfer,2016-2017,near,z_plus,p_z_plus,,0.1942777632837638,,0.05,0.15,composite,11499.0,,,,,
anoshift_threshold_clustering_m1_v2,power,adaptive_transfer,2016-2017,near,z_plus_renorm,p_z_plus_renorm,,0.2201409330122201,,0.05,0.15,composite,11211.0,,,,,
anoshift_threshold_clustering_m1_v2,power,adaptive_transfer,2016-2017,near,breadth,p_breadth,,0.0045221323593355,,0.05,0.15,composite,11499.0,,,,,
anoshift_threshold_clustering_m1_v2,power,adaptive_transfer,2016-2017,near,z_mahalanobis_sq,p_z_mahalanobis_sq,,0.3954351456670996,,0.05,0.15,composite,5389.0,,,,,
anoshift_threshold_clustering_m1_v2,power,adaptive_transfer,2016-2017,near,t_iut,p_t_iut,,0.0537438038090268,,0.05,0.15,composite,11499.0,,,,,
anoshift_threshold_clustering_m1_v2,power,adaptive_transfer,2016-2017,near,z_plus_softmax,p_z_plus_softmax,,0.2245116403532245,,0.05,0.15,composite,11211.0,,,,,
anoshift_threshold_clustering_m1_v2,power,adaptive_transfer,2016-2017,near,z_plus_orth,p_z_plus_orth,,0.232004281509232,,0.05,0.15,composite,11211.0,,,,,
anoshift_threshold_clustering_m1_v2,power,adaptive_transfer,2016-2017,near,z_plus,p_z_plus,,0.1942777632837638,,0.05,0.2,composite,11499.0,,,,,
anoshift_threshold_clustering_m1_v2,power,adaptive_transfer,2016-2017,near,z_plus_renorm,p_z_plus_renorm,,0.2201409330122201,,0.05,0.2,composite,11211.0,,,,,
anoshift_threshold_clustering_m1_v2,power,adaptive_transfer,2016-2017,near,breadth,p_breadth,,0.0045221323593355,,0.05,0.2,composite,11499.0,,,,,
anoshift_threshold_clustering_m1_v2,power,adaptive_transfer,2016-2017,near,z_mahalanobis_sq,p_z_mahalanobis_sq,,0.3954351456670996,,0.05,0.2,composite,5389.0,,,,,
anoshift_threshold_clustering_m1_v2,power,adaptive_transfer,2016-2017,near,t_iut,p_t_iut,,0.0537438038090268,,0.05,0.2,composite,11499.0,,,,,
anoshift_threshold_clustering_m1_v2,power,adaptive_transfer,2016-2017,near,z_plus_softmax,p_z_plus_softmax,,0.2245116403532245,,0.05,0.2,composite,11211.0,,,,,
anoshift_threshold_clustering_m1_v2,power,adaptive_transfer,2016-2017,near,z_plus_orth,p_z_plus_orth,,0.232004281509232,,0.05,0.2,composite,11211.0,,,,,
anoshift_threshold_clustering_m1_v2,power,adaptive_transfer,2016-2017,near,z_plus,p_z_plus,,0.1942777632837638,,0.05,0.3,composite,11499.0,,,,,
anoshift_threshold_clustering_m1_v2,power,adaptive_transfer,2016-2017,near,z_plus_renorm,p_z_plus_renorm,,0.2201409330122201,,0.05,0.3,composite,11211.0,,,,,
anoshift_threshold_clustering_m1_v2,power,adaptive_transfer,2016-2017,near,breadth,p_breadth,,0.0045221323593355,,0.05,0.3,composite,11499.0,,,,,
anoshift_threshold_clustering_m1_v2,power,adaptive_transfer,2016-2017,near,z_mahalanobis_sq,p_z_mahalanobis_sq,,0.3954351456670996,,0.05,0.3,composite,5389.0,,,,,
anoshift_threshold_clustering_m1_v2,power,adaptive_transfer,2016-2017,near,t_iut,p_t_iut,,0.0537438038090268,,0.05,0.3,composite,11499.0,,,,,
anoshift_threshold_clustering_m1_v2,power,adaptive_transfer,2016-2017,near,z_plus_softmax,p_z_plus_softmax,,0.2245116403532245,,0.05,0.3,composite,11211.0,,,,,
anoshift_threshold_clustering_m1_v2,power,adaptive_transfer,2016-2017,near,z_plus_orth,p_z_plus_orth,,0.232004281509232,,0.05,0.3,composite,11211.0,,,,,
anoshift_threshold_clustering_m1_v2,power,adaptive_transfer,2016-2017,near,z_plus,p_z_plus,,0.1942777632837638,,0.1,0.05,composite,11499.0,,,,,
anoshift_threshold_clustering_m1_v2,power,adaptive_transfer,2016-2017,near,z_plus_renorm,p_z_plus_renorm,,0.2201409330122201,,0.1,0.05,composite,11211.0,,,,,
anoshift_threshold_clustering_m1_v2,power,adaptive_transfer,2016-2017,near,breadth,p_breadth,,0.0045221323593355,,0.1,0.05,composite,11499.0,,,,,
anoshift_threshold_clustering_m1_v2,power,adaptive_transfer,2016-2017,near,z_mahalanobis_sq,p_z_mahalanobis_sq,,0.3954351456670996,,0.1,0.05,composite,5389.0,,,,,
anoshift_threshold_clustering_m1_v2,power,adaptive_transfer,2016-2017,near,t_iut,p_t_iut,,0.0537438038090268,,0.1,0.05,composite,11499.0,,,,,
anoshift_threshold_clustering_m1_v2,power,adaptive_transfer,2016-2017,near,z_plus_softmax,p_z_plus_softmax,,0.2245116403532245,,0.1,0.05,composite,11211.0,,,,,
anoshift_threshold_clustering_m1_v2,power,adaptive_transfer,2016-2017,near,z_plus_orth,p_z_plus_orth,,0.232004281509232,,0.1,0.05,composite,11211.0,,,,,
anoshift_threshold_clustering_m1_v2,power,adaptive_transfer,2016-2017,near,z_plus,p_z_plus,,0.1942777632837638,,0.1,0.1,composite,11499.0,,,,,
anoshift_threshold_clustering_m1_v2,power,adaptive_transfer,2016-2017,near,z_plus_renorm,p_z_plus_renorm,,0.2201409330122201,,0.1,0.1,composite,11211.0,,,,,
anoshift_threshold_clustering_m1_v2,power,adaptive_transfer,2016-2017,near,breadth,p_breadth,,0.0045221323593355,,0.1,0.1,composite,11499.0,,,,,
anoshift_threshold_clustering_m1_v2,power,adaptive_transfer,2016-2017,near,z_mahalanobis_sq,p_z_mahalanobis_sq,,0.3954351456670996,,0.1,0.1,composite,5389.0,,,,,
anoshift_threshold_clustering_m1_v2,power,adaptive_transfer,2016-2017,near,t_iut,p_t_iut,,0.0537438038090268,,0.1,0.1,composite,11499.0,,,,,
anoshift_threshold_clustering_m1_v2,power,adaptive_transfer,2016-2017,near,z_plus_softmax,p_z_plus_softmax,,0.2245116403532245,,0.1,0.1,composite,11211.0,,,,,
anoshift_threshold_clustering_m1_v2,power,adaptive_transfer,2016-2017,near,z_plus_orth,p_z_plus_orth,,0.232004281509232,,0.1,0.1,composite,11211.0,,,,,
anoshift_threshold_clustering_m1_v2,power,adaptive_transfer,2016-2017,near,z_plus,p_z_plus,,0.1942777632837638,,0.1,0.15,composite,11499.0,,,,,
anoshift_threshold_clustering_m1_v2,power,adaptive_transfer,2016-2017,near,z_plus_renorm,p_z_plus_renorm,,0.2201409330122201,,0.1,0.15,composite,11211.0,,,,,
anoshift_threshold_clustering_m1_v2,power,adaptive_transfer,2016-2017,near,breadth,p_breadth,,0.0045221323593355,,0.1,0.15,composite,11499.0,,,,,
anoshift_threshold_clustering_m1_v2,power,adaptive_transfer,2016-2017,near,z_mahalanobis_sq,p_z_mahalanobis_sq,,0.3954351456670996,,0.1,0.15,composite,5389.0,,,,,
anoshift_threshold_clustering_m1_v2,power,adaptive_transfer,2016-2017,near,t_iut,p_t_iut,,0.0537438038090268,,0.1,0.15,composite,11499.0,,,,,
anoshift_threshold_clustering_m1_v2,power,adaptive_transfer,2016-2017,near,z_plus_softmax,p_z_plus_softmax,,0.2245116403532245,,0.1,0.15,composite,11211.0,,,,,
anoshift_threshold_clustering_m1_v2,power,adaptive_transfer,2016-2017,near,z_plus_orth,p_z_plus_orth,,0.232004281509232,,0.1,0.15,composite,11211.0,,,,,
anoshift_threshold_clustering_m1_v2,power,adaptive_transfer,2016-2017,near,z_plus,p_z_plus,,0.1942777632837638,,0.1,0.2,composite,11499.0,,,,,
anoshift_threshold_clustering_m1_v2,power,adaptive_transfer,2016-2017,near,z_plus_renorm,p_z_plus_renorm,,0.2201409330122201,,0.1,0.2,composite,11211.0,,,,,
anoshift_threshold_clustering_m1_v2,power,adaptive_transfer,2016-2017,near,breadth,p_breadth,,0.0045221323593355,,0.1,0.2,composite,11499.0,,,,,
anoshift_threshold_clustering_m1_v2,power,adaptive_transfer,2016-2017,near,z_mahalanobis_sq,p_z_mahalanobis_sq,,0.3954351456670996,,0.1,0.2,composite,5389.0,,,,,
anoshift_threshold_clustering_m1_v2,power,adaptive_transfer,2016-2017,near,t_iut,p_t_iut,,0.0537438038090268,,0.1,0.2,composite,11499.0,,,,,
anoshift_threshold_clustering_m1_v2,power,adaptive_transfer,2016-2017,near,z_plus_softmax,p_z_plus_softmax,,0.2245116403532245,,0.1,0.2,composite,11211.0,,,,,
anoshift_threshold_clustering_m1_v2,power,adaptive_transfer,2016-2017,near,z_plus_orth,p_z_plus_orth,,0.232004281509232,,0.1,0.2,composite,11211.0,,,,,
anoshift_threshold_clustering_m1_v2,power,adaptive_transfer,2016-2017,near,z_plus,p_z_plus,,0.1942777632837638,,0.1,0.3,composite,11499.0,,,,,
anoshift_threshold_clustering_m1_v2,power,adaptive_transfer,2016-2017,near,z_plus_renorm,p_z_plus_renorm,,0.2201409330122201,,0.1,0.3,composite,11211.0,,,,,
anoshift_threshold_clustering_m1_v2,power,adaptive_transfer,2016-2017,near,breadth,p_breadth,,0.0045221323593355,,0.1,0.3,composite,11499.0,,,,,
anoshift_threshold_clustering_m1_v2,power,adaptive_transfer,2016-2017,near,z_mahalanobis_sq,p_z_mahalanobis_sq,,0.3954351456670996,,0.1,0.3,composite,5389.0,,,,,
anoshift_threshold_clustering_m1_v2,power,adaptive_transfer,2016-2017,near,t_iut,p_t_iut,,0.0537438038090268,,0.1,0.3,composite,11499.0,,,,,
anoshift_threshold_clustering_m1_v2,power,adaptive_transfer,2016-2017,near,z_plus_softmax,p_z_plus_softmax,,0.2245116403532245,,0.1,0.3,composite,11211.0,,,,,
anoshift_threshold_clustering_m1_v2,power,adaptive_transfer,2016-2017,near,z_plus_orth,p_z_plus_orth,,0.232004281509232,,0.1,0.3,composite,11211.0,,,,,
anoshift_correlated_gaussian,power,adaptive_transfer,2016-2017,far,z_plus,p_z_plus,,0.0476190476190476,,0.01,0.05,composite,85.0,0.4761904761904761,0.0,,,
anoshift_correlated_gaussian,power,adaptive_transfer,2016-2017,far,z_plus_renorm,p_z_plus_renorm,,0.0357142857142857,,0.01,0.05,composite,85.0,0.3571428571428571,0.0,,,
anoshift_correlated_gaussian,power,adaptive_transfer,2016-2017,far,breadth,p_breadth,,0.0357142857142857,,0.01,0.05,composite,85.0,0.6428571428571429,0.0,,,
anoshift_correlated_gaussian,power,adaptive_transfer,2016-2017,far,z_mahalanobis_sq,p_z_mahalanobis_sq,,0.0476190476190476,,0.01,0.05,composite,85.0,0.6071428571428572,0.0,,,
anoshift_correlated_gaussian,power,adaptive_transfer,2016-2017,far,t_iut,p_t_iut,,0.0833333333333333,,0.01,0.05,composite,85.0,0.0476190476190476,0.0,,,
anoshift_correlated_gaussian,power,adaptive_transfer,2016-2017,far,z_plus_softmax,p_z_plus_softmax,,0.0595238095238095,,0.01,0.05,composite,85.0,0.369047619047619,0.0,,,
anoshift_correlated_gaussian,power,adaptive_transfer,2016-2017,far,z_plus_orth,p_z_plus_orth,,0.0357142857142857,,0.01,0.05,composite,85.0,0.4166666666666666,0.0,,,
anoshift_correlated_gaussian,power,adaptive_transfer,2016-2017,far,z_plus,p_z_plus,,0.0476190476190476,,0.01,0.1,composite,85.0,0.2261904761904761,0.0,,,
anoshift_correlated_gaussian,power,adaptive_transfer,2016-2017,far,z_plus_renorm,p_z_plus_renorm,,0.0357142857142857,,0.01,0.1,composite,85.0,0.25,0.0,,,
anoshift_correlated_gaussian,power,adaptive_transfer,2016-2017,far,breadth,p_breadth,,0.0357142857142857,,0.01,0.1,composite,85.0,0.3571428571428571,0.0,,,
anoshift_correlated_gaussian,power,adaptive_transfer,2016-2017,far,z_mahalanobis_sq,p_z_mahalanobis_sq,,0.0476190476190476,,0.01,0.1,composite,85.0,0.119047619047619,0.0,,,
anoshift_correlated_gaussian,power,adaptive_transfer,2016-2017,far,t_iut,p_t_iut,,0.0833333333333333,,0.01,0.1,composite,85.0,0.7857142857142858,0.0,,,
anoshift_correlated_gaussian,power,adaptive_transfer,2016-2017,far,z_plus_softmax,p_z_plus_softmax,,0.0595238095238095,,0.01,0.1,composite,85.0,0.3095238095238095,0.0,,,
anoshift_correlated_gaussian,power,adaptive_transfer,2016-2017,far,z_plus_orth,p_z_plus_orth,,0.0357142857142857,,0.01,0.1,composite,85.0,0.2738095238095238,0.0,,,
anoshift_correlated_gaussian,power,adaptive_transfer,2016-2017,far,z_plus,p_z_plus,,0.0476190476190476,,0.01,0.15,composite,85.0,0.9047619047619048,0.0,,,
anoshift_correlated_gaussian,power,adaptive_transfer,2016-2017,far,z_plus_renorm,p_z_plus_renorm,,0.0357142857142857,,0.01,0.15,composite,85.0,0.8452380952380952,0.0,,,
anoshift_correlated_gaussian,power,adaptive_transfer,2016-2017,far,breadth,p_breadth,,0.0357142857142857,,0.01,0.15,composite,85.0,0.8630952380952381,0.0,,,
anoshift_correlated_gaussian,power,adaptive_transfer,2016-2017,far,z_mahalanobis_sq,p_z_mahalanobis_sq,,0.0357142857142857,,0.01,0.15,composite,85.0,0.9761904761904762,1.0,,,
anoshift_correlated_gaussian,power,adaptive_transfer,2016-2017,far,t_iut,p_t_iut,,0.0833333333333333,,0.01,0.15,composite,85.0,0.0,0.0,,,
anoshift_correlated_gaussian,power,adaptive_transfer,2016-2017,far,z_plus_softmax,p_z_plus_softmax,,0.0595238095238095,,0.01,0.15,composite,85.0,1.0,1.0,,,
anoshift_correlated_gaussian,power,adaptive_transfer,2016-2017,far,z_plus_orth,p_z_plus_orth,,0.0357142857142857,,0.01,0.15,composite,85.0,1.0,1.0,,,
anoshift_correlated_gaussian,power,adaptive_transfer,2016-2017,far,z_plus,p_z_plus,,0.0476190476190476,,0.01,0.2,composite,85.0,0.6309523809523809,0.0,,,
anoshift_correlated_gaussian,power,adaptive_transfer,2016-2017,far,z_plus_renorm,p_z_plus_renorm,,0.0357142857142857,,0.01,0.2,composite,85.0,0.5357142857142857,0.0,,,
anoshift_correlated_gaussian,power,adaptive_transfer,2016-2017,far,breadth,p_breadth,,0.0357142857142857,,0.01,0.2,composite,85.0,0.6428571428571429,0.0,,,
anoshift_correlated_gaussian,power,adaptive_transfer,2016-2017,far,z_mahalanobis_sq,p_z_mahalanobis_sq,,0.0476190476190476,,0.01,0.2,composite,85.0,0.7380952380952381,0.0,,,
anoshift_correlated_gaussian,power,adaptive_transfer,2016-2017,far,t_iut,p_t_iut,,0.0833333333333333,,0.01,0.2,composite,85.0,0.2857142857142857,0.0,,,
anoshift_correlated_gaussian,power,adaptive_transfer,2016-2017,far,z_plus_softmax,p_z_plus_softmax,,0.0595238095238095,,0.01,0.2,composite,85.0,0.5357142857142857,0.0,,,
anoshift_correlated_gaussian,power,adaptive_transfer,2016-2017,far,z_plus_orth,p_z_plus_orth,,0.0357142857142857,,0.01,0.2,composite,85.0,0.5,0.0,,,
anoshift_correlated_gaussian,power,adaptive_transfer,2016-2017,far,z_plus,p_z_plus,,0.0476190476190476,,0.01,0.3,composite,85.0,0.5,0.0,,,
anoshift_correlated_gaussian,power,adaptive_transfer,2016-2017,far,z_plus_renorm,p_z_plus_renorm,,0.0357142857142857,,0.01,0.3,composite,85.0,0.369047619047619,0.0,,,
anoshift_correlated_gaussian,power,adaptive_transfer,2016-2017,far,breadth,p_breadth,,0.0357142857142857,,0.01,0.3,composite,85.0,0.6428571428571429,0.0,,,
anoshift_correlated_gaussian,power,adaptive_transfer,2016-2017,far,z_mahalanobis_sq,p_z_mahalanobis_sq,,0.0476190476190476,,0.01,0.3,composite,85.0,0.5,0.0,,,
anoshift_correlated_gaussian,power,adaptive_transfer,2016-2017,far,t_iut,p_t_iut,,0.0833333333333333,,0.01,0.3,composite,85.0,0.25,0.0,,,
anoshift_correlated_gaussian,power,adaptive_transfer,2016-2017,far,z_plus_softmax,p_z_plus_softmax,,0.0595238095238095,,0.01,0.3,composite,85.0,0.4404761904761904,0.0,,,
anoshift_correlated_gaussian,power,adaptive_transfer,2016-2017,far,z_plus_orth,p_z_plus_orth,,0.0357142857142857,,0.01,0.3,composite,85.0,0.3809523809523809,0.0,,,
anoshift_correlated_gaussian,power,adaptive_transfer,2016-2017,far,z_plus,p_z_plus,,0.0493827160493827,,0.05,0.05,composite,85.0,0.5061728395061729,0.0,,,
anoshift_correlated_gaussian,power,adaptive_transfer,2016-2017,far,z_plus_renorm,p_z_plus_renorm,,0.037037037037037,,0.05,0.05,composite,85.0,0.5030864197530864,0.0,,,
anoshift_correlated_gaussian,power,adaptive_transfer,2016-2017,far,breadth,p_breadth,,0.0246913580246913,,0.05,0.05,composite,85.0,0.4722222222222222,0.25,,,
anoshift_correlated_gaussian,power,adaptive_transfer,2016-2017,far,z_mahalanobis_sq,p_z_mahalanobis_sq,,0.0493827160493827,,0.05,0.05,composite,85.0,0.5802469135802469,0.0,,,
anoshift_correlated_gaussian,power,adaptive_transfer,2016-2017,far,t_iut,p_t_iut,,0.074074074074074,,0.05,0.05,composite,85.0,0.4753086419753086,0.25,,,
anoshift_correlated_gaussian,power,adaptive_transfer,2016-2017,far,z_plus_softmax,p_z_plus_softmax,,0.0617283950617283,,0.05,0.05,composite,85.0,0.5216049382716049,0.0,,,
anoshift_correlated_gaussian,power,adaptive_transfer,2016-2017,far,z_plus_orth,p_z_plus_orth,,0.037037037037037,,0.05,0.05,composite,85.0,0.5493827160493827,0.0,,,
anoshift_correlated_gaussian,power,adaptive_transfer,2016-2017,far,z_plus,p_z_plus,,0.0493827160493827,,0.05,0.1,composite,85.0,0.6975308641975309,0.5,,,
anoshift_correlated_gaussian,power,adaptive_transfer,2016-2017,far,z_plus_renorm,p_z_plus_renorm,,0.037037037037037,,0.05,0.1,composite,85.0,0.7345679012345679,0.0,,,
anoshift_correlated_gaussian,power,adaptive_transfer,2016-2017,far,breadth,p_breadth,,0.037037037037037,,0.05,0.1,composite,85.0,0.5570987654320988,0.0,,,
anoshift_correlated_gaussian,power,adaptive_transfer,2016-2017,far,z_mahalanobis_sq,p_z_mahalanobis_sq,,0.037037037037037,,0.05,0.1,composite,85.0,0.7839506172839507,0.25,,,
anoshift_correlated_gaussian,power,adaptive_transfer,2016-2017,far,t_iut,p_t_iut,,0.0864197530864197,,0.05,0.1,composite,85.0,0.308641975308642,0.0,,,
anoshift_correlated_gaussian,power,adaptive_transfer,2016-2017,far,z_plus_softmax,p_z_plus_softmax,,0.0617283950617283,,0.05,0.1,composite,85.0,0.7469135802469137,0.25,,,
anoshift_correlated_gaussian,power,adaptive_transfer,2016-2017,far,z_plus_orth,p_z_plus_orth,,0.037037037037037,,0.05,0.1,composite,85.0,0.7438271604938272,0.5,,,
anoshift_correlated_gaussian,power,adaptive_transfer,2016-2017,far,z_plus,p_z_plus,,0.037037037037037,,0.05,0.15,composite,85.0,0.654320987654321,0.25,,,
anoshift_correlated_gaussian,power,adaptive_transfer,2016-2017,far,z_plus_renorm,p_z_plus_renorm,,0.037037037037037,,0.05,0.15,composite,85.0,0.6697530864197531,0.25,,,
anoshift_correlated_gaussian,power,adaptive_transfer,2016-2017,far,breadth,p_breadth,,0.037037037037037,,0.05,0.15,composite,85.0,0.5231481481481481,0.0,,,
anoshift_correlated_gaussian,power,adaptive_transfer,2016-2017,far,z_mahalanobis_sq,p_z_mahalanobis_sq,,0.0493827160493827,,0.05,0.15,composite,85.0,0.5987654320987654,0.0,,,
anoshift_correlated_gaussian,power,adaptive_transfer,2016-2017,far,t_iut,p_t_iut,,0.074074074074074,,0.05,0.15,composite,85.0,0.6141975308641976,0.25,,,
anoshift_correlated_gaussian,power,adaptive_transfer,2016-2017,far,z_plus_softmax,p_z_plus_softmax,,0.0493827160493827,,0.05,0.15,composite,85.0,0.6018518518518517,0.25,,,
anoshift_correlated_gaussian,power,adaptive_transfer,2016-2017,far,z_plus_orth,p_z_plus_orth,,0.0246913580246913,,0.05,0.15,composite,85.0,0.5864197530864198,0.25,,,
anoshift_correlated_gaussian,power,adaptive_transfer,2016-2017,far,z_plus,p_z_plus,,0.0493827160493827,,0.05,0.2,composite,85.0,0.4074074074074074,0.0,,,
anoshift_correlated_gaussian,power,adaptive_transfer,2016-2017,far,z_plus_renorm,p_z_plus_renorm,,0.037037037037037,,0.05,0.2,composite,85.0,0.4166666666666667,0.0,,,
anoshift_correlated_gaussian,power,adaptive_transfer,2016-2017,far,breadth,p_breadth,,0.037037037037037,,0.05,0.2,composite,85.0,0.4429012345679012,0.0,,,
anoshift_correlated_gaussian,power,adaptive_transfer,2016-2017,far,z_mahalanobis_sq,p_z_mahalanobis_sq,,0.0493827160493827,,0.05,0.2,composite,85.0,0.4228395061728395,0.0,,,
anoshift_correlated_gaussian,power,adaptive_transfer,2016-2017,far,t_iut,p_t_iut,,0.0864197530864197,,0.05,0.2,composite,85.0,0.4444444444444444,0.0,,,
anoshift_correlated_gaussian,power,adaptive_transfer,2016-2017,far,z_plus_softmax,p_z_plus_softmax,,0.0617283950617283,,0.05,0.2,composite,85.0,0.4444444444444445,0.0,,,
anoshift_correlated_gaussian,power,adaptive_transfer,2016-2017,far,z_plus_orth,p_z_plus_orth,,0.037037037037037,,0.05,0.2,composite,85.0,0.4475308641975308,0.0,,,
anoshift_correlated_gaussian,power,adaptive_transfer,2016-2017,far,z_plus,p_z_plus,,0.0493827160493827,,0.05,0.3,composite,85.0,0.4753086419753086,0.0,,,
anoshift_correlated_gaussian,power,adaptive_transfer,2016-2017,far,z_plus_renorm,p_z_plus_renorm,,0.037037037037037,,0.05,0.3,composite,85.0,0.3888888888888889,0.0,,,
anoshift_correlated_gaussian,power,adaptive_transfer,2016-2017,far,breadth,p_breadth,,0.037037037037037,,0.05,0.3,composite,85.0,0.6080246913580247,0.25,,,
anoshift_correlated_gaussian,power,adaptive_transfer,2016-2017,far,z_mahalanobis_sq,p_z_mahalanobis_sq,,0.0493827160493827,,0.05,0.3,composite,85.0,0.3302469135802469,0.0,,,
anoshift_correlated_gaussian,power,adaptive_transfer,2016-2017,far,t_iut,p_t_iut,,0.0617283950617283,,0.05,0.3,composite,85.0,0.7345679012345679,0.25,,,
anoshift_correlated_gaussian,power,adaptive_transfer,2016-2017,far,z_plus_softmax,p_z_plus_softmax,,0.0617283950617283,,0.05,0.3,composite,85.0,0.4814814814814815,0.0,,,
anoshift_correlated_gaussian,power,adaptive_transfer,2016-2017,far,z_plus_orth,p_z_plus_orth,,0.037037037037037,,0.05,0.3,composite,85.0,0.4691358024691358,0.0,,,
anoshift_correlated_gaussian,power,adaptive_transfer,2016-2017,far,z_plus,p_z_plus,,0.0389610389610389,,0.1,0.05,composite,85.0,0.4415584415584416,0.125,,,
anoshift_correlated_gaussian,power,adaptive_transfer,2016-2017,far,z_plus_renorm,p_z_plus_renorm,,0.0389610389610389,,0.1,0.05,composite,85.0,0.3668831168831169,0.0,,,
anoshift_correlated_gaussian,power,adaptive_transfer,2016-2017,far,breadth,p_breadth,,0.0259740259740259,,0.1,0.05,composite,85.0,0.601461038961039,0.125,,,
anoshift_correlated_gaussian,power,adaptive_transfer,2016-2017,far,z_mahalanobis_sq,p_z_mahalanobis_sq,,0.0389610389610389,,0.1,0.05,composite,85.0,0.3766233766233766,0.125,,,
anoshift_correlated_gaussian,power,adaptive_transfer,2016-2017,far,t_iut,p_t_iut,,0.0779220779220779,,0.1,0.05,composite,85.0,0.5373376623376623,0.125,,,
anoshift_correlated_gaussian,power,adaptive_transfer,2016-2017,far,z_plus_softmax,p_z_plus_softmax,,0.0519480519480519,,0.1,0.05,composite,85.0,0.3912337662337662,0.0,,,
anoshift_correlated_gaussian,power,adaptive_transfer,2016-2017,far,z_plus_orth,p_z_plus_orth,,0.0389610389610389,,0.1,0.05,composite,85.0,0.387987012987013,0.0,,,
anoshift_correlated_gaussian,power,adaptive_transfer,2016-2017,far,z_plus,p_z_plus,,0.0389610389610389,,0.1,0.1,composite,85.0,0.6444805194805194,0.125,,,
anoshift_correlated_gaussian,power,adaptive_transfer,2016-2017,far,z_plus_renorm,p_z_plus_renorm,,0.0389610389610389,,0.1,0.1,composite,85.0,0.5698051948051948,0.0,,,
anoshift_correlated_gaussian,power,adaptive_transfer,2016-2017,far,breadth,p_breadth,,0.0389610389610389,,0.1,0.1,composite,85.0,0.6452922077922078,0.0,,,
anoshift_correlated_gaussian,power,adaptive_transfer,2016-2017,far,z_mahalanobis_sq,p_z_mahalanobis_sq,,0.0519480519480519,,0.1,0.1,composite,85.0,0.5308441558441559,0.0,,,
anoshift_correlated_gaussian,power,adaptive_transfer,2016-2017,far,t_iut,p_t_iut,,0.0909090909090909,,0.1,0.1,composite,85.0,0.650974025974026,0.0,,,
anoshift_correlated_gaussian,power,adaptive_transfer,2016-2017,far,z_plus_softmax,p_z_plus_softmax,,0.0649350649350649,,0.1,0.1,composite,85.0,0.6185064935064934,0.25,,,
anoshift_correlated_gaussian,power,adaptive_transfer,2016-2017,far,z_plus_orth,p_z_plus_orth,,0.0389610389610389,,0.1,0.1,composite,85.0,0.6217532467532467,0.25,,,
anoshift_correlated_gaussian,power,adaptive_transfer,2016-2017,far,z_plus,p_z_plus,,0.0519480519480519,,0.1,0.15,composite,85.0,0.6038961038961039,0.125,,,
anoshift_correlated_gaussian,power,adaptive_transfer,2016-2017,far,z_plus_renorm,p_z_plus_renorm,,0.0389610389610389,,0.1,0.15,composite,85.0,0.5827922077922078,0.0,,,
anoshift_correlated_gaussian,power,adaptive_transfer,2016-2017,far,breadth,p_breadth,,0.0259740259740259,,0.1,0.15,composite,85.0,0.5803571428571429,0.125,,,
anoshift_correlated_gaussian,power,adaptive_transfer,2016-2017,far,z_mahalanobis_sq,p_z_mahalanobis_sq,,0.0389610389610389,,0.1,0.15,composite,85.0,0.5665584415584415,0.125,,,
anoshift_correlated_gaussian,power,adaptive_transfer,2016-2017,far,t_iut,p_t_iut,,0.0649350649350649,,0.1,0.15,composite,85.0,0.5357142857142857,0.125,,,
anoshift_correlated_gaussian,power,adaptive_transfer,2016-2017,far,z_plus_softmax,p_z_plus_softmax,,0.0519480519480519,,0.1,0.15,composite,85.0,0.6136363636363636,0.25,,,
anoshift_correlated_gaussian,power,adaptive_transfer,2016-2017,far,z_plus_orth,p_z_plus_orth,,0.0389610389610389,,0.1,0.15,composite,85.0,0.6103896103896104,0.25,,,
anoshift_correlated_gaussian,power,adaptive_transfer,2016-2017,far,z_plus,p_z_plus,,0.0259740259740259,,0.1,0.2,composite,85.0,0.7451298701298702,0.25,,,
anoshift_correlated_gaussian,power,adaptive_transfer,2016-2017,far,z_plus_renorm,p_z_plus_renorm,,0.0259740259740259,,0.1,0.2,composite,85.0,0.6672077922077921,0.125,,,
anoshift_correlated_gaussian,power,adaptive_transfer,2016-2017,far,breadth,p_breadth,,0.0259740259740259,,0.1,0.2,composite,85.0,0.6996753246753247,0.125,,,
anoshift_correlated_gaussian,power,adaptive_transfer,2016-2017,far,z_mahalanobis_sq,p_z_mahalanobis_sq,,0.0389610389610389,,0.1,0.2,composite,85.0,0.7305194805194806,0.125,,,
anoshift_correlated_gaussian,power,adaptive_transfer,2016-2017,far,t_iut,p_t_iut,,0.0649350649350649,,0.1,0.2,composite,85.0,0.663961038961039,0.125,,,
anoshift_correlated_gaussian,power,adaptive_transfer,2016-2017,far,z_plus_softmax,p_z_plus_softmax,,0.0519480519480519,,0.1,0.2,composite,85.0,0.7012987012987013,0.125,,,
anoshift_correlated_gaussian,power,adaptive_transfer,2016-2017,far,z_plus_orth,p_z_plus_orth,,0.0389610389610389,,0.1,0.2,composite,85.0,0.7061688311688311,0.25,,,
anoshift_correlated_gaussian,power,adaptive_transfer,2016-2017,far,z_plus,p_z_plus,,0.0519480519480519,,0.1,0.3,composite,85.0,0.5811688311688312,0.125,,,
anoshift_correlated_gaussian,power,adaptive_transfer,2016-2017,far,z_plus_renorm,p_z_plus_renorm,,0.0389610389610389,,0.1,0.3,composite,85.0,0.5064935064935066,0.0,,,
anoshift_correlated_gaussian,power,adaptive_transfer,2016-2017,far,breadth,p_breadth,,0.0389610389610389,,0.1,0.3,composite,85.0,0.734577922077922,0.0,,,
anoshift_correlated_gaussian,power,adaptive_transfer,2016-2017,far,z_mahalanobis_sq,p_z_mahalanobis_sq,,0.0389610389610389,,0.1,0.3,composite,85.0,0.6168831168831169,0.25,,,
anoshift_correlated_gaussian,power,adaptive_transfer,2016-2017,far,t_iut,p_t_iut,,0.0779220779220779,,0.1,0.3,composite,85.0,0.323051948051948,0.0,,,
anoshift_correlated_gaussian,power,adaptive_transfer,2016-2017,far,z_plus_softmax,p_z_plus_softmax,,0.0649350649350649,,0.1,0.3,composite,85.0,0.564935064935065,0.125,,,
anoshift_correlated_gaussian,power,adaptive_transfer,2016-2017,far,z_plus_orth,p_z_plus_orth,,0.0389610389610389,,0.1,0.3,composite,85.0,0.5762987012987013,0.125,,,
anoshift_threshold_clustering_m1_v2,power,adaptive_transfer,2016-2017,far,z_plus,p_z_plus,,0.1942777632837638,,0.01,0.05,composite,11499.0,,,,,
anoshift_threshold_clustering_m1_v2,power,adaptive_transfer,2016-2017,far,z_plus_renorm,p_z_plus_renorm,,0.2201409330122201,,0.01,0.05,composite,11211.0,,,,,
anoshift_threshold_clustering_m1_v2,power,adaptive_transfer,2016-2017,far,breadth,p_breadth,,0.0045221323593355,,0.01,0.05,composite,11499.0,,,,,
anoshift_threshold_clustering_m1_v2,power,adaptive_transfer,2016-2017,far,z_mahalanobis_sq,p_z_mahalanobis_sq,,0.3954351456670996,,0.01,0.05,composite,5389.0,,,,,
anoshift_threshold_clustering_m1_v2,power,adaptive_transfer,2016-2017,far,t_iut,p_t_iut,,0.0537438038090268,,0.01,0.05,composite,11499.0,,,,,
anoshift_threshold_clustering_m1_v2,power,adaptive_transfer,2016-2017,far,z_plus_softmax,p_z_plus_softmax,,0.2245116403532245,,0.01,0.05,composite,11211.0,,,,,
anoshift_threshold_clustering_m1_v2,power,adaptive_transfer,2016-2017,far,z_plus_orth,p_z_plus_orth,,0.232004281509232,,0.01,0.05,composite,11211.0,,,,,
anoshift_threshold_clustering_m1_v2,power,adaptive_transfer,2016-2017,far,z_plus,p_z_plus,,0.1942777632837638,,0.01,0.1,composite,11499.0,,,,,
anoshift_threshold_clustering_m1_v2,power,adaptive_transfer,2016-2017,far,z_plus_renorm,p_z_plus_renorm,,0.2201409330122201,,0.01,0.1,composite,11211.0,,,,,
anoshift_threshold_clustering_m1_v2,power,adaptive_transfer,2016-2017,far,breadth,p_breadth,,0.0045221323593355,,0.01,0.1,composite,11499.0,,,,,
anoshift_threshold_clustering_m1_v2,power,adaptive_transfer,2016-2017,far,z_mahalanobis_sq,p_z_mahalanobis_sq,,0.3954351456670996,,0.01,0.1,composite,5389.0,,,,,
anoshift_threshold_clustering_m1_v2,power,adaptive_transfer,2016-2017,far,t_iut,p_t_iut,,0.0537438038090268,,0.01,0.1,composite,11499.0,,,,,
anoshift_threshold_clustering_m1_v2,power,adaptive_transfer,2016-2017,far,z_plus_softmax,p_z_plus_softmax,,0.2245116403532245,,0.01,0.1,composite,11211.0,,,,,
anoshift_threshold_clustering_m1_v2,power,adaptive_transfer,2016-2017,far,z_plus_orth,p_z_plus_orth,,0.232004281509232,,0.01,0.1,composite,11211.0,,,,,
anoshift_threshold_clustering_m1_v2,power,adaptive_transfer,2016-2017,far,z_plus,p_z_plus,,0.1942777632837638,,0.01,0.15,composite,11499.0,,,,,
anoshift_threshold_clustering_m1_v2,power,adaptive_transfer,2016-2017,far,z_plus_renorm,p_z_plus_renorm,,0.2201409330122201,,0.01,0.15,composite,11211.0,,,,,
anoshift_threshold_clustering_m1_v2,power,adaptive_transfer,2016-2017,far,breadth,p_breadth,,0.0045221323593355,,0.01,0.15,composite,11499.0,,,,,
anoshift_threshold_clustering_m1_v2,power,adaptive_transfer,2016-2017,far,z_mahalanobis_sq,p_z_mahalanobis_sq,,0.3954351456670996,,0.01,0.15,composite,5389.0,,,,,
anoshift_threshold_clustering_m1_v2,power,adaptive_transfer,2016-2017,far,t_iut,p_t_iut,,0.0537438038090268,,0.01,0.15,composite,11499.0,,,,,
anoshift_threshold_clustering_m1_v2,power,adaptive_transfer,2016-2017,far,z_plus_softmax,p_z_plus_softmax,,0.2245116403532245,,0.01,0.15,composite,11211.0,,,,,
anoshift_threshold_clustering_m1_v2,power,adaptive_transfer,2016-2017,far,z_plus_orth,p_z_plus_orth,,0.232004281509232,,0.01,0.15,composite,11211.0,,,,,
anoshift_threshold_clustering_m1_v2,power,adaptive_transfer,2016-2017,far,z_plus,p_z_plus,,0.1942777632837638,,0.01,0.2,composite,11499.0,,,,,
anoshift_threshold_clustering_m1_v2,power,adaptive_transfer,2016-2017,far,z_plus_renorm,p_z_plus_renorm,,0.2201409330122201,,0.01,0.2,composite,11211.0,,,,,
anoshift_threshold_clustering_m1_v2,power,adaptive_transfer,2016-2017,far,breadth,p_breadth,,0.0045221323593355,,0.01,0.2,composite,11499.0,,,,,
anoshift_threshold_clustering_m1_v2,power,adaptive_transfer,2016-2017,far,z_mahalanobis_sq,p_z_mahalanobis_sq,,0.3954351456670996,,0.01,0.2,composite,5389.0,,,,,
anoshift_threshold_clustering_m1_v2,power,adaptive_transfer,2016-2017,far,t_iut,p_t_iut,,0.0537438038090268,,0.01,0.2,composite,11499.0,,,,,
anoshift_threshold_clustering_m1_v2,power,adaptive_transfer,2016-2017,far,z_plus_softmax,p_z_plus_softmax,,0.2245116403532245,,0.01,0.2,composite,11211.0,,,,,
anoshift_threshold_clustering_m1_v2,power,adaptive_transfer,2016-2017,far,z_plus_orth,p_z_plus_orth,,0.232004281509232,,0.01,0.2,composite,11211.0,,,,,
anoshift_threshold_clustering_m1_v2,power,adaptive_transfer,2016-2017,far,z_plus,p_z_plus,,0.1942777632837638,,0.01,0.3,composite,11499.0,,,,,
anoshift_threshold_clustering_m1_v2,power,adaptive_transfer,2016-2017,far,z_plus_renorm,p_z_plus_renorm,,0.2201409330122201,,0.01,0.3,composite,11211.0,,,,,
anoshift_threshold_clustering_m1_v2,power,adaptive_transfer,2016-2017,far,breadth,p_breadth,,0.0045221323593355,,0.01,0.3,composite,11499.0,,,,,
anoshift_threshold_clustering_m1_v2,power,adaptive_transfer,2016-2017,far,z_mahalanobis_sq,p_z_mahalanobis_sq,,0.3954351456670996,,0.01,0.3,composite,5389.0,,,,,
anoshift_threshold_clustering_m1_v2,power,adaptive_transfer,2016-2017,far,t_iut,p_t_iut,,0.0537438038090268,,0.01,0.3,composite,11499.0,,,,,
anoshift_threshold_clustering_m1_v2,power,adaptive_transfer,2016-2017,far,z_plus_softmax,p_z_plus_softmax,,0.2245116403532245,,0.01,0.3,composite,11211.0,,,,,
anoshift_threshold_clustering_m1_v2,power,adaptive_transfer,2016-2017,far,z_plus_orth,p_z_plus_orth,,0.232004281509232,,0.01,0.3,composite,11211.0,,,,,
anoshift_threshold_clustering_m1_v2,power,adaptive_transfer,2016-2017,far,z_plus,p_z_plus,,0.1942777632837638,,0.05,0.05,composite,11499.0,,,,,
anoshift_threshold_clustering_m1_v2,power,adaptive_transfer,2016-2017,far,z_plus_renorm,p_z_plus_renorm,,0.2201409330122201,,0.05,0.05,composite,11211.0,,,,,
anoshift_threshold_clustering_m1_v2,power,adaptive_transfer,2016-2017,far,breadth,p_breadth,,0.0045221323593355,,0.05,0.05,composite,11499.0,,,,,
anoshift_threshold_clustering_m1_v2,power,adaptive_transfer,2016-2017,far,z_mahalanobis_sq,p_z_mahalanobis_sq,,0.3954351456670996,,0.05,0.05,composite,5389.0,,,,,
anoshift_threshold_clustering_m1_v2,power,adaptive_transfer,2016-2017,far,t_iut,p_t_iut,,0.0537438038090268,,0.05,0.05,composite,11499.0,,,,,
anoshift_threshold_clustering_m1_v2,power,adaptive_transfer,2016-2017,far,z_plus_softmax,p_z_plus_softmax,,0.2245116403532245,,0.05,0.05,composite,11211.0,,,,,
anoshift_threshold_clustering_m1_v2,power,adaptive_transfer,2016-2017,far,z_plus_orth,p_z_plus_orth,,0.232004281509232,,0.05,0.05,composite,11211.0,,,,,
anoshift_threshold_clustering_m1_v2,power,adaptive_transfer,2016-2017,far,z_plus,p_z_plus,,0.1942777632837638,,0.05,0.1,composite,11499.0,,,,,
anoshift_threshold_clustering_m1_v2,power,adaptive_transfer,2016-2017,far,z_plus_renorm,p_z_plus_renorm,,0.2201409330122201,,0.05,0.1,composite,11211.0,,,,,
anoshift_threshold_clustering_m1_v2,power,adaptive_transfer,2016-2017,far,breadth,p_breadth,,0.0045221323593355,,0.05,0.1,composite,11499.0,,,,,
anoshift_threshold_clustering_m1_v2,power,adaptive_transfer,2016-2017,far,z_mahalanobis_sq,p_z_mahalanobis_sq,,0.3954351456670996,,0.05,0.1,composite,5389.0,,,,,
anoshift_threshold_clustering_m1_v2,power,adaptive_transfer,2016-2017,far,t_iut,p_t_iut,,0.0537438038090268,,0.05,0.1,composite,11499.0,,,,,
anoshift_threshold_clustering_m1_v2,power,adaptive_transfer,2016-2017,far,z_plus_softmax,p_z_plus_softmax,,0.2245116403532245,,0.05,0.1,composite,11211.0,,,,,
anoshift_threshold_clustering_m1_v2,power,adaptive_transfer,2016-2017,far,z_plus_orth,p_z_plus_orth,,0.232004281509232,,0.05,0.1,composite,11211.0,,,,,
anoshift_threshold_clustering_m1_v2,power,adaptive_transfer,2016-2017,far,z_plus,p_z_plus,,0.1942777632837638,,0.05,0.15,composite,11499.0,,,,,
anoshift_threshold_clustering_m1_v2,power,adaptive_transfer,2016-2017,far,z_plus_renorm,p_z_plus_renorm,,0.2201409330122201,,0.05,0.15,composite,11211.0,,,,,
anoshift_threshold_clustering_m1_v2,power,adaptive_transfer,2016-2017,far,breadth,p_breadth,,0.0045221323593355,,0.05,0.15,composite,11499.0,,,,,
anoshift_threshold_clustering_m1_v2,power,adaptive_transfer,2016-2017,far,z_mahalanobis_sq,p_z_mahalanobis_sq,,0.3954351456670996,,0.05,0.15,composite,5389.0,,,,,
anoshift_threshold_clustering_m1_v2,power,adaptive_transfer,2016-2017,far,t_iut,p_t_iut,,0.0537438038090268,,0.05,0.15,composite,11499.0,,,,,
anoshift_threshold_clustering_m1_v2,power,adaptive_transfer,2016-2017,far,z_plus_softmax,p_z_plus_softmax,,0.2245116403532245,,0.05,0.15,composite,11211.0,,,,,
anoshift_threshold_clustering_m1_v2,power,adaptive_transfer,2016-2017,far,z_plus_orth,p_z_plus_orth,,0.232004281509232,,0.05,0.15,composite,11211.0,,,,,
anoshift_threshold_clustering_m1_v2,power,adaptive_transfer,2016-2017,far,z_plus,p_z_plus,,0.1942777632837638,,0.05,0.2,composite,11499.0,,,,,
anoshift_threshold_clustering_m1_v2,power,adaptive_transfer,2016-2017,far,z_plus_renorm,p_z_plus_renorm,,0.2201409330122201,,0.05,0.2,composite,11211.0,,,,,
anoshift_threshold_clustering_m1_v2,power,adaptive_transfer,2016-2017,far,breadth,p_breadth,,0.0045221323593355,,0.05,0.2,composite,11499.0,,,,,
anoshift_threshold_clustering_m1_v2,power,adaptive_transfer,2016-2017,far,z_mahalanobis_sq,p_z_mahalanobis_sq,,0.3954351456670996,,0.05,0.2,composite,5389.0,,,,,
anoshift_threshold_clustering_m1_v2,power,adaptive_transfer,2016-2017,far,t_iut,p_t_iut,,0.0537438038090268,,0.05,0.2,composite,11499.0,,,,,
anoshift_threshold_clustering_m1_v2,power,adaptive_transfer,2016-2017,far,z_plus_softmax,p_z_plus_softmax,,0.2245116403532245,,0.05,0.2,composite,11211.0,,,,,
anoshift_threshold_clustering_m1_v2,power,adaptive_transfer,2016-2017,far,z_plus_orth,p_z_plus_orth,,0.232004281509232,,0.05,0.2,composite,11211.0,,,,,
anoshift_threshold_clustering_m1_v2,power,adaptive_transfer,2016-2017,far,z_plus,p_z_plus,,0.1942777632837638,,0.05,0.3,composite,11499.0,,,,,
anoshift_threshold_clustering_m1_v2,power,adaptive_transfer,2016-2017,far,z_plus_renorm,p_z_plus_renorm,,0.2201409330122201,,0.05,0.3,composite,11211.0,,,,,
anoshift_threshold_clustering_m1_v2,power,adaptive_transfer,2016-2017,far,breadth,p_breadth,,0.0045221323593355,,0.05,0.3,composite,11499.0,,,,,
anoshift_threshold_clustering_m1_v2,power,adaptive_transfer,2016-2017,far,z_mahalanobis_sq,p_z_mahalanobis_sq,,0.3954351456670996,,0.05,0.3,composite,5389.0,,,,,
anoshift_threshold_clustering_m1_v2,power,adaptive_transfer,2016-2017,far,t_iut,p_t_iut,,0.0537438038090268,,0.05,0.3,composite,11499.0,,,,,
anoshift_threshold_clustering_m1_v2,power,adaptive_transfer,2016-2017,far,z_plus_softmax,p_z_plus_softmax,,0.2245116403532245,,0.05,0.3,composite,11211.0,,,,,
anoshift_threshold_clustering_m1_v2,power,adaptive_transfer,2016-2017,far,z_plus_orth,p_z_plus_orth,,0.232004281509232,,0.05,0.3,composite,11211.0,,,,,
anoshift_threshold_clustering_m1_v2,power,adaptive_transfer,2016-2017,far,z_plus,p_z_plus,,0.1942777632837638,,0.1,0.05,composite,11499.0,,,,,
anoshift_threshold_clustering_m1_v2,power,adaptive_transfer,2016-2017,far,z_plus_renorm,p_z_plus_renorm,,0.2201409330122201,,0.1,0.05,composite,11211.0,,,,,
anoshift_threshold_clustering_m1_v2,power,adaptive_transfer,2016-2017,far,breadth,p_breadth,,0.0045221323593355,,0.1,0.05,composite,11499.0,,,,,
anoshift_threshold_clustering_m1_v2,power,adaptive_transfer,2016-2017,far,z_mahalanobis_sq,p_z_mahalanobis_sq,,0.3954351456670996,,0.1,0.05,composite,5389.0,,,,,
anoshift_threshold_clustering_m1_v2,power,adaptive_transfer,2016-2017,far,t_iut,p_t_iut,,0.0537438038090268,,0.1,0.05,composite,11499.0,,,,,
anoshift_threshold_clustering_m1_v2,power,adaptive_transfer,2016-2017,far,z_plus_softmax,p_z_plus_softmax,,0.2245116403532245,,0.1,0.05,composite,11211.0,,,,,
anoshift_threshold_clustering_m1_v2,power,adaptive_transfer,2016-2017,far,z_plus_orth,p_z_plus_orth,,0.232004281509232,,0.1,0.05,composite,11211.0,,,,,
anoshift_threshold_clustering_m1_v2,power,adaptive_transfer,2016-2017,far,z_plus,p_z_plus,,0.1942777632837638,,0.1,0.1,composite,11499.0,,,,,
anoshift_threshold_clustering_m1_v2,power,adaptive_transfer,2016-2017,far,z_plus_renorm,p_z_plus_renorm,,0.2201409330122201,,0.1,0.1,composite,11211.0,,,,,
anoshift_threshold_clustering_m1_v2,power,adaptive_transfer,2016-2017,far,breadth,p_breadth,,0.0045221323593355,,0.1,0.1,composite,11499.0,,,,,
anoshift_threshold_clustering_m1_v2,power,adaptive_transfer,2016-2017,far,z_mahalanobis_sq,p_z_mahalanobis_sq,,0.3954351456670996,,0.1,0.1,composite,5389.0,,,,,
anoshift_threshold_clustering_m1_v2,power,adaptive_transfer,2016-2017,far,t_iut,p_t_iut,,0.0537438038090268,,0.1,0.1,composite,11499.0,,,,,
anoshift_threshold_clustering_m1_v2,power,adaptive_transfer,2016-2017,far,z_plus_softmax,p_z_plus_softmax,,0.2245116403532245,,0.1,0.1,composite,11211.0,,,,,
anoshift_threshold_clustering_m1_v2,power,adaptive_transfer,2016-2017,far,z_plus_orth,p_z_plus_orth,,0.232004281509232,,0.1,0.1,composite,11211.0,,,,,
anoshift_threshold_clustering_m1_v2,power,adaptive_transfer,2016-2017,far,z_plus,p_z_plus,,0.1942777632837638,,0.1,0.15,composite,11499.0,,,,,
anoshift_threshold_clustering_m1_v2,power,adaptive_transfer,2016-2017,far,z_plus_renorm,p_z_plus_renorm,,0.2201409330122201,,0.1,0.15,composite,11211.0,,,,,
anoshift_threshold_clustering_m1_v2,power,adaptive_transfer,2016-2017,far,breadth,p_breadth,,0.0045221323593355,,0.1,0.15,composite,11499.0,,,,,
anoshift_threshold_clustering_m1_v2,power,adaptive_transfer,2016-2017,far,z_mahalanobis_sq,p_z_mahalanobis_sq,,0.3954351456670996,,0.1,0.15,composite,5389.0,,,,,
anoshift_threshold_clustering_m1_v2,power,adaptive_transfer,2016-2017,far,t_iut,p_t_iut,,0.0537438038090268,,0.1,0.15,composite,11499.0,,,,,
anoshift_threshold_clustering_m1_v2,power,adaptive_transfer,2016-2017,far,z_plus_softmax,p_z_plus_softmax,,0.2245116403532245,,0.1,0.15,composite,11211.0,,,,,
anoshift_threshold_clustering_m1_v2,power,adaptive_transfer,2016-2017,far,z_plus_orth,p_z_plus_orth,,0.232004281509232,,0.1,0.15,composite,11211.0,,,,,
anoshift_threshold_clustering_m1_v2,power,adaptive_transfer,2016-2017,far,z_plus,p_z_plus,,0.1942777632837638,,0.1,0.2,composite,11499.0,,,,,
anoshift_threshold_clustering_m1_v2,power,adaptive_transfer,2016-2017,far,z_plus_renorm,p_z_plus_renorm,,0.2201409330122201,,0.1,0.2,composite,11211.0,,,,,
anoshift_threshold_clustering_m1_v2,power,adaptive_transfer,2016-2017,far,breadth,p_breadth,,0.0045221323593355,,0.1,0.2,composite,11499.0,,,,,
anoshift_threshold_clustering_m1_v2,power,adaptive_transfer,2016-2017,far,z_mahalanobis_sq,p_z_mahalanobis_sq,,0.3954351456670996,,0.1,0.2,composite,5389.0,,,,,
anoshift_threshold_clustering_m1_v2,power,adaptive_transfer,2016-2017,far,t_iut,p_t_iut,,0.0537438038090268,,0.1,0.2,composite,11499.0,,,,,
anoshift_threshold_clustering_m1_v2,power,adaptive_transfer,2016-2017,far,z_plus_softmax,p_z_plus_softmax,,0.2245116403532245,,0.1,0.2,composite,11211.0,,,,,
anoshift_threshold_clustering_m1_v2,power,adaptive_transfer,2016-2017,far,z_plus_orth,p_z_plus_orth,,0.232004281509232,,0.1,0.2,composite,11211.0,,,,,
anoshift_threshold_clustering_m1_v2,power,adaptive_transfer,2016-2017,far,z_plus,p_z_plus,,0.1942777632837638,,0.1,0.3,composite,11499.0,,,,,
anoshift_threshold_clustering_m1_v2,power,adaptive_transfer,2016-2017,far,z_plus_renorm,p_z_plus_renorm,,0.2201409330122201,,0.1,0.3,composite,11211.0,,,,,
anoshift_threshold_clustering_m1_v2,power,adaptive_transfer,2016-2017,far,breadth,p_breadth,,0.0045221323593355,,0.1,0.3,composite,11499.0,,,,,
anoshift_threshold_clustering_m1_v2,power,adaptive_transfer,2016-2017,far,z_mahalanobis_sq,p_z_mahalanobis_sq,,0.3954351456670996,,0.1,0.3,composite,5389.0,,,,,
anoshift_threshold_clustering_m1_v2,power,adaptive_transfer,2016-2017,far,t_iut,p_t_iut,,0.0537438038090268,,0.1,0.3,composite,11499.0,,,,,
anoshift_threshold_clustering_m1_v2,power,adaptive_transfer,2016-2017,far,z_plus_softmax,p_z_plus_softmax,,0.2245116403532245,,0.1,0.3,composite,11211.0,,,,,
anoshift_threshold_clustering_m1_v2,power,adaptive_transfer,2016-2017,far,z_plus_orth,p_z_plus_orth,,0.232004281509232,,0.1,0.3,composite,11211.0,,,,,
anoshift,calibration_diagnostic,adaptive_transfer,2018-2018,,,,,,,,,,,,,,30.0,failed: phase2: only 13 complete z-vectors in C (< 30); Σ̂ not estimable.
anoshift,calibration_diagnostic,adaptive_transfer,2018-2019,,,,,,,,,,,,,34.0,30.0,candidate_scored
anoshift,calibration_diagnostic,adaptive_transfer,2018-2019,,,,,,,,,,,,,34.0,30.0,selected
anoshift,fpr,adaptive_transfer,2018-2019,iid,z_plus,p_z_plus,13.0,0.0769230769230769,,,,,,,,,,
anoshift,fpr,adaptive_transfer,2018-2019,iid,z_plus_renorm,p_z_plus_renorm,12.0,0.0769230769230769,,,,,,,,,,
anoshift,fpr,adaptive_transfer,2018-2019,iid,breadth,p_breadth,13.0,0.0,,,,,,,,,,
anoshift,fpr,adaptive_transfer,2018-2019,iid,z_mahalanobis_sq,p_z_mahalanobis_sq,10.0,0.0769230769230769,,,,,,,,,,
anoshift,fpr,adaptive_transfer,2018-2019,iid,t_iut,p_t_iut,13.0,0.0,,,,,,,,,,
anoshift,fpr,adaptive_transfer,2018-2019,iid,z_plus_softmax,p_z_plus_softmax,12.0,0.0769230769230769,,,,,,,,,,
anoshift,fpr,adaptive_transfer,2018-2019,iid,z_plus_orth,p_z_plus_orth,12.0,0.0769230769230769,,,,,,,,,,
anoshift,fpr,adaptive_transfer,2018-2019,near,z_plus,p_z_plus,88.0,0.0568181818181818,,,,,,,,,,
anoshift,fpr,adaptive_transfer,2018-2019,near,z_plus_renorm,p_z_plus_renorm,86.0,0.1363636363636363,,,,,,,,,,
anoshift,fpr,adaptive_transfer,2018-2019,near,breadth,p_breadth,88.0,0.0113636363636363,,,,,,,,,,
anoshift,fpr,adaptive_transfer,2018-2019,near,z_mahalanobis_sq,p_z_mahalanobis_sq,56.0,0.0454545454545454,,,,,,,,,,
anoshift,fpr,adaptive_transfer,2018-2019,near,t_iut,p_t_iut,88.0,0.034090909090909,,,,,,,,,,
anoshift,fpr,adaptive_transfer,2018-2019,near,z_plus_softmax,p_z_plus_softmax,86.0,0.1022727272727272,,,,,,,,,,
anoshift,fpr,adaptive_transfer,2018-2019,near,z_plus_orth,p_z_plus_orth,86.0,0.0909090909090909,,,,,,,,,,
anoshift,fpr,adaptive_transfer,2018-2019,far,z_plus,p_z_plus,121.0,0.1157024793388429,,,,,,,,,,
anoshift,fpr,adaptive_transfer,2018-2019,far,z_plus_renorm,p_z_plus_renorm,120.0,0.1157024793388429,,,,,,,,,,
anoshift,fpr,adaptive_transfer,2018-2019,far,breadth,p_breadth,121.0,0.024793388429752,,,,,,,,,,
anoshift,fpr,adaptive_transfer,2018-2019,far,z_mahalanobis_sq,p_z_mahalanobis_sq,85.0,0.0330578512396694,,,,,,,,,,
anoshift,fpr,adaptive_transfer,2018-2019,far,t_iut,p_t_iut,121.0,0.0661157024793388,,,,,,,,,,
anoshift,fpr,adaptive_transfer,2018-2019,far,z_plus_softmax,p_z_plus_softmax,120.0,0.1239669421487603,,,,,,,,,,
anoshift,fpr,adaptive_transfer,2018-2019,far,z_plus_orth,p_z_plus_orth,120.0,0.0991735537190082,,,,,,,,,,
anoshift_yearly,annual_fpr,adaptive_transfer,2018-2019,,z_mahalanobis_sq,p_z_mahalanobis_sq,10.0,0.0769230769230769,2012.0,,,,,,,,,
anoshift_yearly,annual_fpr,adaptive_transfer,2018-2019,,z_mahalanobis_sq,p_z_mahalanobis_sq,11.0,0.0666666666666666,2013.0,,,,,,,,,
anoshift_yearly,annual_fpr,adaptive_transfer,2018-2019,,z_mahalanobis_sq,p_z_mahalanobis_sq,13.0,0.0454545454545454,2014.0,,,,,,,,,
anoshift_yearly,annual_fpr,adaptive_transfer,2018-2019,,z_mahalanobis_sq,p_z_mahalanobis_sq,10.0,0.0588235294117647,2015.0,,,,,,,,,
anoshift_yearly,annual_fpr,adaptive_transfer,2018-2019,,z_mahalanobis_sq,p_z_mahalanobis_sq,10.0,0.0,2016.0,,,,,,,,,
anoshift_yearly,annual_fpr,adaptive_transfer,2018-2019,,z_mahalanobis_sq,p_z_mahalanobis_sq,12.0,0.0588235294117647,2017.0,,,,,,,,,
anoshift_yearly,annual_fpr,adaptive_transfer,2018-2019,,z_mahalanobis_sq,p_z_mahalanobis_sq,12.0,0.05,2018.0,,,,,,,,,
anoshift_yearly,annual_fpr,adaptive_transfer,2018-2019,,z_mahalanobis_sq,p_z_mahalanobis_sq,13.0,0.0909090909090909,2019.0,,,,,,,,,
anoshift_yearly,annual_fpr,adaptive_transfer,2018-2019,,z_mahalanobis_sq,p_z_mahalanobis_sq,14.0,0.0,2020.0,,,,,,,,,
anoshift_yearly,annual_fpr,adaptive_transfer,2018-2019,,z_mahalanobis_sq,p_z_mahalanobis_sq,15.0,0.0,2021.0,,,,,,,,,
anoshift_yearly,annual_fpr,adaptive_transfer,2018-2019,,z_mahalanobis_sq,p_z_mahalanobis_sq,16.0,0.15,2022.0,,,,,,,,,
anoshift_yearly,annual_fpr,adaptive_transfer,2018-2019,,z_mahalanobis_sq,p_z_mahalanobis_sq,15.0,0.0434782608695652,2023.0,,,,,,,,,
anoshift_yearly,annual_fpr,adaptive_transfer,2018-2019,,z_mahalanobis_sq,p_z_mahalanobis_sq,13.0,0.0,2024.0,,,,,,,,,
anoshift_yearly,annual_fpr,adaptive_transfer,2018-2019,,z_mahalanobis_sq,p_z_mahalanobis_sq,12.0,0.0,2025.0,,,,,,,,,
anoshift_correlated_gaussian,power,adaptive_transfer,2018-2019,near,z_plus,p_z_plus,,0.0545454545454545,,0.01,0.05,composite,56.0,0.9272727272727272,0.0,,,
anoshift_correlated_gaussian,power,adaptive_transfer,2018-2019,near,z_plus_renorm,p_z_plus_renorm,,0.0727272727272727,,0.01,0.05,composite,56.0,0.6909090909090909,0.0,,,
anoshift_correlated_gaussian,power,adaptive_transfer,2018-2019,near,breadth,p_breadth,,0.0181818181818181,,0.01,0.05,composite,56.0,0.9545454545454546,0.0,,,
anoshift_correlated_gaussian,power,adaptive_transfer,2018-2019,near,z_mahalanobis_sq,p_z_mahalanobis_sq,,0.0727272727272727,,0.01,0.05,composite,56.0,0.8545454545454545,0.0,,,
anoshift_correlated_gaussian,power,adaptive_transfer,2018-2019,near,t_iut,p_t_iut,,0.0181818181818181,,0.01,0.05,composite,56.0,0.1272727272727273,0.0,,,
anoshift_correlated_gaussian,power,adaptive_transfer,2018-2019,near,z_plus_softmax,p_z_plus_softmax,,0.0727272727272727,,0.01,0.05,composite,56.0,0.8545454545454545,0.0,,,
anoshift_correlated_gaussian,power,adaptive_transfer,2018-2019,near,z_plus_orth,p_z_plus_orth,,0.0727272727272727,,0.01,0.05,composite,56.0,0.8181818181818181,0.0,,,
anoshift_correlated_gaussian,power,adaptive_transfer,2018-2019,near,z_plus,p_z_plus,,0.0545454545454545,,0.01,0.1,composite,56.0,0.0545454545454545,0.0,,,
anoshift_correlated_gaussian,power,adaptive_transfer,2018-2019,near,z_plus_renorm,p_z_plus_renorm,,0.0727272727272727,,0.01,0.1,composite,56.0,0.0545454545454545,0.0,,,
anoshift_correlated_gaussian,power,adaptive_transfer,2018-2019,near,breadth,p_breadth,,0.0181818181818181,,0.01,0.1,composite,56.0,0.1454545454545454,0.0,,,
anoshift_correlated_gaussian,power,adaptive_transfer,2018-2019,near,z_mahalanobis_sq,p_z_mahalanobis_sq,,0.0727272727272727,,0.01,0.1,composite,56.0,0.0363636363636363,0.0,,,
anoshift_correlated_gaussian,power,adaptive_transfer,2018-2019,near,t_iut,p_t_iut,,0.0181818181818181,,0.01,0.1,composite,56.0,0.2363636363636363,0.0,,,
anoshift_correlated_gaussian,power,adaptive_transfer,2018-2019,near,z_plus_softmax,p_z_plus_softmax,,0.0727272727272727,,0.01,0.1,composite,56.0,0.0363636363636363,0.0,,,
anoshift_correlated_gaussian,power,adaptive_transfer,2018-2019,near,z_plus_orth,p_z_plus_orth,,0.0727272727272727,,0.01,0.1,composite,56.0,0.0363636363636363,0.0,,,
anoshift_correlated_gaussian,power,adaptive_transfer,2018-2019,near,z_plus,p_z_plus,,0.0545454545454545,,0.01,0.15,composite,56.0,0.9454545454545454,0.0,,,
anoshift_correlated_gaussian,power,adaptive_transfer,2018-2019,near,z_plus_renorm,p_z_plus_renorm,,0.0727272727272727,,0.01,0.15,composite,56.0,0.9090909090909092,0.0,,,
anoshift_correlated_gaussian,power,adaptive_transfer,2018-2019,near,breadth,p_breadth,,0.0181818181818181,,0.01,0.15,composite,56.0,0.5909090909090909,0.0,,,
anoshift_correlated_gaussian,power,adaptive_transfer,2018-2019,near,z_mahalanobis_sq,p_z_mahalanobis_sq,,0.0545454545454545,,0.01,0.15,composite,56.0,1.0,1.0,,,
anoshift_correlated_gaussian,power,adaptive_transfer,2018-2019,near,t_iut,p_t_iut,,0.0181818181818181,,0.01,0.15,composite,56.0,0.4,0.0,,,
anoshift_correlated_gaussian,power,adaptive_transfer,2018-2019,near,z_plus_softmax,p_z_plus_softmax,,0.0727272727272727,,0.01,0.15,composite,56.0,0.9454545454545454,1.0,,,
anoshift_correlated_gaussian,power,adaptive_transfer,2018-2019,near,z_plus_orth,p_z_plus_orth,,0.0727272727272727,,0.01,0.15,composite,56.0,0.9636363636363636,1.0,,,
anoshift_correlated_gaussian,power,adaptive_transfer,2018-2019,near,z_plus,p_z_plus,,0.0545454545454545,,0.01,0.2,composite,56.0,0.1272727272727273,0.0,,,
anoshift_correlated_gaussian,power,adaptive_transfer,2018-2019,near,z_plus_renorm,p_z_plus_renorm,,0.0727272727272727,,0.01,0.2,composite,56.0,0.4181818181818182,0.0,,,
anoshift_correlated_gaussian,power,adaptive_transfer,2018-2019,near,breadth,p_breadth,,0.0181818181818181,,0.01,0.2,composite,56.0,0.1363636363636363,0.0,,,
anoshift_correlated_gaussian,power,adaptive_transfer,2018-2019,near,z_mahalanobis_sq,p_z_mahalanobis_sq,,0.0727272727272727,,0.01,0.2,composite,56.0,0.5636363636363637,0.0,,,
anoshift_correlated_gaussian,power,adaptive_transfer,2018-2019,near,t_iut,p_t_iut,,0.0181818181818181,,0.01,0.2,composite,56.0,0.0363636363636363,0.0,,,
anoshift_correlated_gaussian,power,adaptive_transfer,2018-2019,near,z_plus_softmax,p_z_plus_softmax,,0.0727272727272727,,0.01,0.2,composite,56.0,0.2727272727272727,0.0,,,
anoshift_correlated_gaussian,power,adaptive_transfer,2018-2019,near,z_plus_orth,p_z_plus_orth,,0.0727272727272727,,0.01,0.2,composite,56.0,0.2545454545454545,0.0,,,
anoshift_correlated_gaussian,power,adaptive_transfer,2018-2019,near,z_plus,p_z_plus,,0.0545454545454545,,0.01,0.3,composite,56.0,0.7454545454545455,0.0,,,
anoshift_correlated_gaussian,power,adaptive_transfer,2018-2019,near,z_plus_renorm,p_z_plus_renorm,,0.0727272727272727,,0.01,0.3,composite,56.0,0.7454545454545455,0.0,,,
anoshift_correlated_gaussian,power,adaptive_transfer,2018-2019,near,breadth,p_breadth,,0.0181818181818181,,0.01,0.3,composite,56.0,0.5909090909090909,0.0,,,
anoshift_correlated_gaussian,power,adaptive_transfer,2018-2019,near,z_mahalanobis_sq,p_z_mahalanobis_sq,,0.0727272727272727,,0.01,0.3,composite,56.0,0.7636363636363637,0.0,,,
anoshift_correlated_gaussian,power,adaptive_transfer,2018-2019,near,t_iut,p_t_iut,,0.0181818181818181,,0.01,0.3,composite,56.0,0.0181818181818181,0.0,,,
anoshift_correlated_gaussian,power,adaptive_transfer,2018-2019,near,z_plus_softmax,p_z_plus_softmax,,0.0727272727272727,,0.01,0.3,composite,56.0,0.6909090909090909,0.0,,,
anoshift_correlated_gaussian,power,adaptive_transfer,2018-2019,near,z_plus_orth,p_z_plus_orth,,0.0727272727272727,,0.01,0.3,composite,56.0,0.6909090909090909,0.0,,,
anoshift_correlated_gaussian,power,adaptive_transfer,2018-2019,near,z_plus,p_z_plus,,0.0566037735849056,,0.05,0.05,composite,56.0,0.7924528301886793,0.0,,,
anoshift_correlated_gaussian,power,adaptive_transfer,2018-2019,near,z_plus_renorm,p_z_plus_renorm,,0.0566037735849056,,0.05,0.05,composite,56.0,0.7987421383647799,0.3333333333333333,,,
anoshift_correlated_gaussian,power,adaptive_transfer,2018-2019,near,breadth,p_breadth,,0.0188679245283018,,0.05,0.05,composite,56.0,0.5628930817610063,0.0,,,
anoshift_correlated_gaussian,power,adaptive_transfer,2018-2019,near,z_mahalanobis_sq,p_z_mahalanobis_sq,,0.0754716981132075,,0.05,0.05,composite,56.0,0.7106918238993711,0.0,,,
anoshift_correlated_gaussian,power,adaptive_transfer,2018-2019,near,t_iut,p_t_iut,,0.0188679245283018,,0.05,0.05,composite,56.0,0.830188679245283,0.0,,,
anoshift_correlated_gaussian,power,adaptive_transfer,2018-2019,near,z_plus_softmax,p_z_plus_softmax,,0.0566037735849056,,0.05,0.05,composite,56.0,0.8867924528301887,0.6666666666666666,,,
anoshift_correlated_gaussian,power,adaptive_transfer,2018-2019,near,z_plus_orth,p_z_plus_orth,,0.0566037735849056,,0.05,0.05,composite,56.0,0.8867924528301887,0.6666666666666666,,,
anoshift_correlated_gaussian,power,adaptive_transfer,2018-2019,near,z_plus,p_z_plus,,0.0566037735849056,,0.05,0.1,composite,56.0,0.4528301886792453,0.0,,,
anoshift_correlated_gaussian,power,adaptive_transfer,2018-2019,near,z_plus_renorm,p_z_plus_renorm,,0.0754716981132075,,0.05,0.1,composite,56.0,0.3710691823899371,0.0,,,
anoshift_correlated_gaussian,power,adaptive_transfer,2018-2019,near,breadth,p_breadth,,0.0188679245283018,,0.05,0.1,composite,56.0,0.5974842767295597,0.0,,,
anoshift_correlated_gaussian,power,adaptive_transfer,2018-2019,near,z_mahalanobis_sq,p_z_mahalanobis_sq,,0.0754716981132075,,0.05,0.1,composite,56.0,0.3396226415094339,0.0,,,
anoshift_correlated_gaussian,power,adaptive_transfer,2018-2019,near,t_iut,p_t_iut,,0.0188679245283018,,0.05,0.1,composite,56.0,0.4716981132075471,0.0,,,
anoshift_correlated_gaussian,power,adaptive_transfer,2018-2019,near,z_plus_softmax,p_z_plus_softmax,,0.0754716981132075,,0.05,0.1,composite,56.0,0.4150943396226415,0.0,,,
anoshift_correlated_gaussian,power,adaptive_transfer,2018-2019,near,z_plus_orth,p_z_plus_orth,,0.0754716981132075,,0.05,0.1,composite,56.0,0.4276729559748427,0.0,,,
anoshift_correlated_gaussian,power,adaptive_transfer,2018-2019,near,z_plus,p_z_plus,,0.0377358490566037,,0.05,0.15,composite,56.0,0.5220125786163522,0.3333333333333333,,,
anoshift_correlated_gaussian,power,adaptive_transfer,2018-2019,near,z_plus_renorm,p_z_plus_renorm,,0.0754716981132075,,0.05,0.15,composite,56.0,0.5974842767295597,0.0,,,
anoshift_correlated_gaussian,power,adaptive_transfer,2018-2019,near,breadth,p_breadth,,0.0188679245283018,,0.05,0.15,composite,56.0,0.4842767295597484,0.0,,,
anoshift_correlated_gaussian,power,adaptive_transfer,2018-2019,near,z_mahalanobis_sq,p_z_mahalanobis_sq,,0.0754716981132075,,0.05,0.15,composite,56.0,0.5345911949685535,0.0,,,
anoshift_correlated_gaussian,power,adaptive_transfer,2018-2019,near,t_iut,p_t_iut,,0.0188679245283018,,0.05,0.15,composite,56.0,0.559748427672956,0.3333333333333333,,,
anoshift_correlated_gaussian,power,adaptive_transfer,2018-2019,near,z_plus_softmax,p_z_plus_softmax,,0.0754716981132075,,0.05,0.15,composite,56.0,0.4654088050314465,0.0,,,
anoshift_correlated_gaussian,power,adaptive_transfer,2018-2019,near,z_plus_orth,p_z_plus_orth,,0.0754716981132075,,0.05,0.15,composite,56.0,0.4591194968553458,0.0,,,
anoshift_correlated_gaussian,power,adaptive_transfer,2018-2019,near,z_plus,p_z_plus,,0.0566037735849056,,0.05,0.2,composite,56.0,0.3836477987421383,0.0,,,
anoshift_correlated_gaussian,power,adaptive_transfer,2018-2019,near,z_plus_renorm,p_z_plus_renorm,,0.0754716981132075,,0.05,0.2,composite,56.0,0.3962264150943396,0.0,,,
anoshift_correlated_gaussian,power,adaptive_transfer,2018-2019,near,breadth,p_breadth,,0.0188679245283018,,0.05,0.2,composite,56.0,0.5031446540880503,0.0,,,
anoshift_correlated_gaussian,power,adaptive_transfer,2018-2019,near,z_mahalanobis_sq,p_z_mahalanobis_sq,,0.0754716981132075,,0.05,0.2,composite,56.0,0.3333333333333333,0.0,,,
anoshift_correlated_gaussian,power,adaptive_transfer,2018-2019,near,t_iut,p_t_iut,,0.0188679245283018,,0.05,0.2,composite,56.0,0.6981132075471698,0.0,,,
anoshift_correlated_gaussian,power,adaptive_transfer,2018-2019,near,z_plus_softmax,p_z_plus_softmax,,0.0566037735849056,,0.05,0.2,composite,56.0,0.3333333333333333,0.0,,,
anoshift_correlated_gaussian,power,adaptive_transfer,2018-2019,near,z_plus_orth,p_z_plus_orth,,0.0566037735849056,,0.05,0.2,composite,56.0,0.3333333333333333,0.0,,,
anoshift_correlated_gaussian,power,adaptive_transfer,2018-2019,near,z_plus,p_z_plus,,0.0566037735849056,,0.05,0.3,composite,56.0,0.1194968553459119,0.0,,,
anoshift_correlated_gaussian,power,adaptive_transfer,2018-2019,near,z_plus_renorm,p_z_plus_renorm,,0.0754716981132075,,0.05,0.3,composite,56.0,0.2767295597484276,0.0,,,
anoshift_correlated_gaussian,power,adaptive_transfer,2018-2019,near,breadth,p_breadth,,0.0188679245283018,,0.05,0.3,composite,56.0,0.2358490566037735,0.0,,,
anoshift_correlated_gaussian,power,adaptive_transfer,2018-2019,near,z_mahalanobis_sq,p_z_mahalanobis_sq,,0.0754716981132075,,0.05,0.3,composite,56.0,0.2264150943396226,0.0,,,
anoshift_correlated_gaussian,power,adaptive_transfer,2018-2019,near,t_iut,p_t_iut,,0.0188679245283018,,0.05,0.3,composite,56.0,0.5471698113207547,0.0,,,
anoshift_correlated_gaussian,power,adaptive_transfer,2018-2019,near,z_plus_softmax,p_z_plus_softmax,,0.0754716981132075,,0.05,0.3,composite,56.0,0.1949685534591194,0.0,,,
anoshift_correlated_gaussian,power,adaptive_transfer,2018-2019,near,z_plus_orth,p_z_plus_orth,,0.0754716981132075,,0.05,0.3,composite,56.0,0.1823899371069182,0.0,,,
anoshift_correlated_gaussian,power,adaptive_transfer,2018-2019,near,z_plus,p_z_plus,,0.04,,0.1,0.05,composite,56.0,0.4633333333333333,0.1666666666666666,,,
anoshift_correlated_gaussian,power,adaptive_transfer,2018-2019,near,z_plus_renorm,p_z_plus_renorm,,0.06,,0.1,0.05,composite,56.0,0.5066666666666666,0.0,,,
anoshift_correlated_gaussian,power,adaptive_transfer,2018-2019,near,breadth,p_breadth,,0.02,,0.1,0.05,composite,56.0,0.4983333333333333,0.0,,,
anoshift_correlated_gaussian,power,adaptive_transfer,2018-2019,near,z_mahalanobis_sq,p_z_mahalanobis_sq,,0.08,,0.1,0.05,composite,56.0,0.61,0.0,,,
anoshift_correlated_gaussian,power,adaptive_transfer,2018-2019,near,t_iut,p_t_iut,,0.02,,0.1,0.05,composite,56.0,0.3766666666666666,0.0,,,
anoshift_correlated_gaussian,power,adaptive_transfer,2018-2019,near,z_plus_softmax,p_z_plus_softmax,,0.08,,0.1,0.05,composite,56.0,0.4766666666666667,0.0,,,
anoshift_correlated_gaussian,power,adaptive_transfer,2018-2019,near,z_plus_orth,p_z_plus_orth,,0.08,,0.1,0.05,composite,56.0,0.4666666666666667,0.0,,,
anoshift_correlated_gaussian,power,adaptive_transfer,2018-2019,near,z_plus,p_z_plus,,0.04,,0.1,0.1,composite,56.0,0.4566666666666666,0.1666666666666666,,,
anoshift_correlated_gaussian,power,adaptive_transfer,2018-2019,near,z_plus_renorm,p_z_plus_renorm,,0.08,,0.1,0.1,composite,56.0,0.37,0.0,,,
anoshift_correlated_gaussian,power,adaptive_transfer,2018-2019,near,breadth,p_breadth,,0.02,,0.1,0.1,composite,56.0,0.7,0.0,,,
anoshift_correlated_gaussian,power,adaptive_transfer,2018-2019,near,z_mahalanobis_sq,p_z_mahalanobis_sq,,0.06,,0.1,0.1,composite,56.0,0.36,0.1666666666666666,,,
anoshift_correlated_gaussian,power,adaptive_transfer,2018-2019,near,t_iut,p_t_iut,,0.02,,0.1,0.1,composite,56.0,0.6033333333333334,0.0,,,
anoshift_correlated_gaussian,power,adaptive_transfer,2018-2019,near,z_plus_softmax,p_z_plus_softmax,,0.08,,0.1,0.1,composite,56.0,0.3566666666666666,0.0,,,
anoshift_correlated_gaussian,power,adaptive_transfer,2018-2019,near,z_plus_orth,p_z_plus_orth,,0.08,,0.1,0.1,composite,56.0,0.35,0.0,,,
anoshift_correlated_gaussian,power,adaptive_transfer,2018-2019,near,z_plus,p_z_plus,,0.04,,0.1,0.15,composite,56.0,0.5866666666666667,0.1666666666666666,,,
anoshift_correlated_gaussian,power,adaptive_transfer,2018-2019,near,z_plus_renorm,p_z_plus_renorm,,0.08,,0.1,0.15,composite,55.0,0.5960000000000001,0.0,,,
anoshift_correlated_gaussian,power,adaptive_transfer,2018-2019,near,breadth,p_breadth,,0.02,,0.1,0.15,composite,56.0,0.6183333333333334,0.0,,,
anoshift_correlated_gaussian,power,adaptive_transfer,2018-2019,near,z_mahalanobis_sq,p_z_mahalanobis_sq,,0.06,,0.1,0.15,composite,56.0,0.5633333333333334,0.1666666666666666,,,
anoshift_correlated_gaussian,power,adaptive_transfer,2018-2019,near,t_iut,p_t_iut,,0.02,,0.1,0.15,composite,56.0,0.3533333333333333,0.0,,,
anoshift_correlated_gaussian,power,adaptive_transfer,2018-2019,near,z_plus_softmax,p_z_plus_softmax,,0.08,,0.1,0.15,composite,55.0,0.584,0.2,,,
anoshift_correlated_gaussian,power,adaptive_transfer,2018-2019,near,z_plus_orth,p_z_plus_orth,,0.08,,0.1,0.15,composite,55.0,0.5880000000000001,0.2,,,
anoshift_correlated_gaussian,power,adaptive_transfer,2018-2019,near,z_plus,p_z_plus,,0.06,,0.1,0.2,composite,56.0,0.4333333333333333,0.0,,,
anoshift_correlated_gaussian,power,adaptive_transfer,2018-2019,near,z_plus_renorm,p_z_plus_renorm,,0.06,,0.1,0.2,composite,56.0,0.5700000000000001,0.1666666666666666,,,
anoshift_correlated_gaussian,power,adaptive_transfer,2018-2019,near,breadth,p_breadth,,0.02,,0.1,0.2,composite,56.0,0.3066666666666666,0.0,,,
anoshift_correlated_gaussian,power,adaptive_transfer,2018-2019,near,z_mahalanobis_sq,p_z_mahalanobis_sq,,0.08,,0.1,0.2,composite,56.0,0.5266666666666666,0.0,,,
anoshift_correlated_gaussian,power,adaptive_transfer,2018-2019,near,t_iut,p_t_iut,,0.02,,0.1,0.2,composite,56.0,0.4766666666666667,0.0,,,
anoshift_correlated_gaussian,power,adaptive_transfer,2018-2019,near,z_plus_softmax,p_z_plus_softmax,,0.06,,0.1,0.2,composite,56.0,0.5566666666666666,0.1666666666666666,,,
anoshift_correlated_gaussian,power,adaptive_transfer,2018-2019,near,z_plus_orth,p_z_plus_orth,,0.06,,0.1,0.2,composite,56.0,0.5533333333333333,0.1666666666666666,,,
anoshift_correlated_gaussian,power,adaptive_transfer,2018-2019,near,z_plus,p_z_plus,,0.04,,0.1,0.3,composite,56.0,0.42,0.1666666666666666,,,
anoshift_correlated_gaussian,power,adaptive_transfer,2018-2019,near,z_plus_renorm,p_z_plus_renorm,,0.08,,0.1,0.3,composite,56.0,0.4066666666666667,0.0,,,
anoshift_correlated_gaussian,power,adaptive_transfer,2018-2019,near,breadth,p_breadth,,0.02,,0.1,0.3,composite,56.0,0.4716666666666667,0.0,,,
anoshift_correlated_gaussian,power,adaptive_transfer,2018-2019,near,z_mahalanobis_sq,p_z_mahalanobis_sq,,0.06,,0.1,0.3,composite,56.0,0.3233333333333333,0.1666666666666666,,,
anoshift_correlated_gaussian,power,adaptive_transfer,2018-2019,near,t_iut,p_t_iut,,0.02,,0.1,0.3,composite,56.0,0.47,0.1666666666666666,,,
anoshift_correlated_gaussian,power,adaptive_transfer,2018-2019,near,z_plus_softmax,p_z_plus_softmax,,0.08,,0.1,0.3,composite,56.0,0.3333333333333333,0.0,,,
anoshift_correlated_gaussian,power,adaptive_transfer,2018-2019,near,z_plus_orth,p_z_plus_orth,,0.08,,0.1,0.3,composite,56.0,0.3366666666666666,0.0,,,
anoshift_threshold_clustering_m1_v2,power,adaptive_transfer,2018-2019,near,z_plus,p_z_plus,,0.1942777632837638,,0.01,0.05,composite,11499.0,,,,,
anoshift_threshold_clustering_m1_v2,power,adaptive_transfer,2018-2019,near,z_plus_renorm,p_z_plus_renorm,,0.2201409330122201,,0.01,0.05,composite,11211.0,,,,,
anoshift_threshold_clustering_m1_v2,power,adaptive_transfer,2018-2019,near,breadth,p_breadth,,0.0045221323593355,,0.01,0.05,composite,11499.0,,,,,
anoshift_threshold_clustering_m1_v2,power,adaptive_transfer,2018-2019,near,z_mahalanobis_sq,p_z_mahalanobis_sq,,0.3954351456670996,,0.01,0.05,composite,5389.0,,,,,
anoshift_threshold_clustering_m1_v2,power,adaptive_transfer,2018-2019,near,t_iut,p_t_iut,,0.0537438038090268,,0.01,0.05,composite,11499.0,,,,,
anoshift_threshold_clustering_m1_v2,power,adaptive_transfer,2018-2019,near,z_plus_softmax,p_z_plus_softmax,,0.2245116403532245,,0.01,0.05,composite,11211.0,,,,,
anoshift_threshold_clustering_m1_v2,power,adaptive_transfer,2018-2019,near,z_plus_orth,p_z_plus_orth,,0.232004281509232,,0.01,0.05,composite,11211.0,,,,,
anoshift_threshold_clustering_m1_v2,power,adaptive_transfer,2018-2019,near,z_plus,p_z_plus,,0.1942777632837638,,0.01,0.1,composite,11499.0,,,,,
anoshift_threshold_clustering_m1_v2,power,adaptive_transfer,2018-2019,near,z_plus_renorm,p_z_plus_renorm,,0.2201409330122201,,0.01,0.1,composite,11211.0,,,,,
anoshift_threshold_clustering_m1_v2,power,adaptive_transfer,2018-2019,near,breadth,p_breadth,,0.0045221323593355,,0.01,0.1,composite,11499.0,,,,,
anoshift_threshold_clustering_m1_v2,power,adaptive_transfer,2018-2019,near,z_mahalanobis_sq,p_z_mahalanobis_sq,,0.3954351456670996,,0.01,0.1,composite,5389.0,,,,,
anoshift_threshold_clustering_m1_v2,power,adaptive_transfer,2018-2019,near,t_iut,p_t_iut,,0.0537438038090268,,0.01,0.1,composite,11499.0,,,,,
anoshift_threshold_clustering_m1_v2,power,adaptive_transfer,2018-2019,near,z_plus_softmax,p_z_plus_softmax,,0.2245116403532245,,0.01,0.1,composite,11211.0,,,,,
anoshift_threshold_clustering_m1_v2,power,adaptive_transfer,2018-2019,near,z_plus_orth,p_z_plus_orth,,0.232004281509232,,0.01,0.1,composite,11211.0,,,,,
anoshift_threshold_clustering_m1_v2,power,adaptive_transfer,2018-2019,near,z_plus,p_z_plus,,0.1942777632837638,,0.01,0.15,composite,11499.0,,,,,
anoshift_threshold_clustering_m1_v2,power,adaptive_transfer,2018-2019,near,z_plus_renorm,p_z_plus_renorm,,0.2201409330122201,,0.01,0.15,composite,11211.0,,,,,
anoshift_threshold_clustering_m1_v2,power,adaptive_transfer,2018-2019,near,breadth,p_breadth,,0.0045221323593355,,0.01,0.15,composite,11499.0,,,,,
anoshift_threshold_clustering_m1_v2,power,adaptive_transfer,2018-2019,near,z_mahalanobis_sq,p_z_mahalanobis_sq,,0.3954351456670996,,0.01,0.15,composite,5389.0,,,,,
anoshift_threshold_clustering_m1_v2,power,adaptive_transfer,2018-2019,near,t_iut,p_t_iut,,0.0537438038090268,,0.01,0.15,composite,11499.0,,,,,
anoshift_threshold_clustering_m1_v2,power,adaptive_transfer,2018-2019,near,z_plus_softmax,p_z_plus_softmax,,0.2245116403532245,,0.01,0.15,composite,11211.0,,,,,
anoshift_threshold_clustering_m1_v2,power,adaptive_transfer,2018-2019,near,z_plus_orth,p_z_plus_orth,,0.232004281509232,,0.01,0.15,composite,11211.0,,,,,
anoshift_threshold_clustering_m1_v2,power,adaptive_transfer,2018-2019,near,z_plus,p_z_plus,,0.1942777632837638,,0.01,0.2,composite,11499.0,,,,,
anoshift_threshold_clustering_m1_v2,power,adaptive_transfer,2018-2019,near,z_plus_renorm,p_z_plus_renorm,,0.2201409330122201,,0.01,0.2,composite,11211.0,,,,,
anoshift_threshold_clustering_m1_v2,power,adaptive_transfer,2018-2019,near,breadth,p_breadth,,0.0045221323593355,,0.01,0.2,composite,11499.0,,,,,
anoshift_threshold_clustering_m1_v2,power,adaptive_transfer,2018-2019,near,z_mahalanobis_sq,p_z_mahalanobis_sq,,0.3954351456670996,,0.01,0.2,composite,5389.0,,,,,
anoshift_threshold_clustering_m1_v2,power,adaptive_transfer,2018-2019,near,t_iut,p_t_iut,,0.0537438038090268,,0.01,0.2,composite,11499.0,,,,,
anoshift_threshold_clustering_m1_v2,power,adaptive_transfer,2018-2019,near,z_plus_softmax,p_z_plus_softmax,,0.2245116403532245,,0.01,0.2,composite,11211.0,,,,,
anoshift_threshold_clustering_m1_v2,power,adaptive_transfer,2018-2019,near,z_plus_orth,p_z_plus_orth,,0.232004281509232,,0.01,0.2,composite,11211.0,,,,,
anoshift_threshold_clustering_m1_v2,power,adaptive_transfer,2018-2019,near,z_plus,p_z_plus,,0.1942777632837638,,0.01,0.3,composite,11499.0,,,,,
anoshift_threshold_clustering_m1_v2,power,adaptive_transfer,2018-2019,near,z_plus_renorm,p_z_plus_renorm,,0.2201409330122201,,0.01,0.3,composite,11211.0,,,,,
anoshift_threshold_clustering_m1_v2,power,adaptive_transfer,2018-2019,near,breadth,p_breadth,,0.0045221323593355,,0.01,0.3,composite,11499.0,,,,,
anoshift_threshold_clustering_m1_v2,power,adaptive_transfer,2018-2019,near,z_mahalanobis_sq,p_z_mahalanobis_sq,,0.3954351456670996,,0.01,0.3,composite,5389.0,,,,,
anoshift_threshold_clustering_m1_v2,power,adaptive_transfer,2018-2019,near,t_iut,p_t_iut,,0.0537438038090268,,0.01,0.3,composite,11499.0,,,,,
anoshift_threshold_clustering_m1_v2,power,adaptive_transfer,2018-2019,near,z_plus_softmax,p_z_plus_softmax,,0.2245116403532245,,0.01,0.3,composite,11211.0,,,,,
anoshift_threshold_clustering_m1_v2,power,adaptive_transfer,2018-2019,near,z_plus_orth,p_z_plus_orth,,0.232004281509232,,0.01,0.3,composite,11211.0,,,,,
anoshift_threshold_clustering_m1_v2,power,adaptive_transfer,2018-2019,near,z_plus,p_z_plus,,0.1942777632837638,,0.05,0.05,composite,11499.0,,,,,
anoshift_threshold_clustering_m1_v2,power,adaptive_transfer,2018-2019,near,z_plus_renorm,p_z_plus_renorm,,0.2201409330122201,,0.05,0.05,composite,11211.0,,,,,
anoshift_threshold_clustering_m1_v2,power,adaptive_transfer,2018-2019,near,breadth,p_breadth,,0.0045221323593355,,0.05,0.05,composite,11499.0,,,,,
anoshift_threshold_clustering_m1_v2,power,adaptive_transfer,2018-2019,near,z_mahalanobis_sq,p_z_mahalanobis_sq,,0.3954351456670996,,0.05,0.05,composite,5389.0,,,,,
anoshift_threshold_clustering_m1_v2,power,adaptive_transfer,2018-2019,near,t_iut,p_t_iut,,0.0537438038090268,,0.05,0.05,composite,11499.0,,,,,
anoshift_threshold_clustering_m1_v2,power,adaptive_transfer,2018-2019,near,z_plus_softmax,p_z_plus_softmax,,0.2245116403532245,,0.05,0.05,composite,11211.0,,,,,
anoshift_threshold_clustering_m1_v2,power,adaptive_transfer,2018-2019,near,z_plus_orth,p_z_plus_orth,,0.232004281509232,,0.05,0.05,composite,11211.0,,,,,
anoshift_threshold_clustering_m1_v2,power,adaptive_transfer,2018-2019,near,z_plus,p_z_plus,,0.1942777632837638,,0.05,0.1,composite,11499.0,,,,,
anoshift_threshold_clustering_m1_v2,power,adaptive_transfer,2018-2019,near,z_plus_renorm,p_z_plus_renorm,,0.2201409330122201,,0.05,0.1,composite,11211.0,,,,,
anoshift_threshold_clustering_m1_v2,power,adaptive_transfer,2018-2019,near,breadth,p_breadth,,0.0045221323593355,,0.05,0.1,composite,11499.0,,,,,
anoshift_threshold_clustering_m1_v2,power,adaptive_transfer,2018-2019,near,z_mahalanobis_sq,p_z_mahalanobis_sq,,0.3954351456670996,,0.05,0.1,composite,5389.0,,,,,
anoshift_threshold_clustering_m1_v2,power,adaptive_transfer,2018-2019,near,t_iut,p_t_iut,,0.0537438038090268,,0.05,0.1,composite,11499.0,,,,,
anoshift_threshold_clustering_m1_v2,power,adaptive_transfer,2018-2019,near,z_plus_softmax,p_z_plus_softmax,,0.2245116403532245,,0.05,0.1,composite,11211.0,,,,,
anoshift_threshold_clustering_m1_v2,power,adaptive_transfer,2018-2019,near,z_plus_orth,p_z_plus_orth,,0.232004281509232,,0.05,0.1,composite,11211.0,,,,,
anoshift_threshold_clustering_m1_v2,power,adaptive_transfer,2018-2019,near,z_plus,p_z_plus,,0.1942777632837638,,0.05,0.15,composite,11499.0,,,,,
anoshift_threshold_clustering_m1_v2,power,adaptive_transfer,2018-2019,near,z_plus_renorm,p_z_plus_renorm,,0.2201409330122201,,0.05,0.15,composite,11211.0,,,,,
anoshift_threshold_clustering_m1_v2,power,adaptive_transfer,2018-2019,near,breadth,p_breadth,,0.0045221323593355,,0.05,0.15,composite,11499.0,,,,,
anoshift_threshold_clustering_m1_v2,power,adaptive_transfer,2018-2019,near,z_mahalanobis_sq,p_z_mahalanobis_sq,,0.3954351456670996,,0.05,0.15,composite,5389.0,,,,,
anoshift_threshold_clustering_m1_v2,power,adaptive_transfer,2018-2019,near,t_iut,p_t_iut,,0.0537438038090268,,0.05,0.15,composite,11499.0,,,,,
anoshift_threshold_clustering_m1_v2,power,adaptive_transfer,2018-2019,near,z_plus_softmax,p_z_plus_softmax,,0.2245116403532245,,0.05,0.15,composite,11211.0,,,,,
anoshift_threshold_clustering_m1_v2,power,adaptive_transfer,2018-2019,near,z_plus_orth,p_z_plus_orth,,0.232004281509232,,0.05,0.15,composite,11211.0,,,,,
anoshift_threshold_clustering_m1_v2,power,adaptive_transfer,2018-2019,near,z_plus,p_z_plus,,0.1942777632837638,,0.05,0.2,composite,11499.0,,,,,
anoshift_threshold_clustering_m1_v2,power,adaptive_transfer,2018-2019,near,z_plus_renorm,p_z_plus_renorm,,0.2201409330122201,,0.05,0.2,composite,11211.0,,,,,
anoshift_threshold_clustering_m1_v2,power,adaptive_transfer,2018-2019,near,breadth,p_breadth,,0.0045221323593355,,0.05,0.2,composite,11499.0,,,,,
anoshift_threshold_clustering_m1_v2,power,adaptive_transfer,2018-2019,near,z_mahalanobis_sq,p_z_mahalanobis_sq,,0.3954351456670996,,0.05,0.2,composite,5389.0,,,,,
anoshift_threshold_clustering_m1_v2,power,adaptive_transfer,2018-2019,near,t_iut,p_t_iut,,0.0537438038090268,,0.05,0.2,composite,11499.0,,,,,
anoshift_threshold_clustering_m1_v2,power,adaptive_transfer,2018-2019,near,z_plus_softmax,p_z_plus_softmax,,0.2245116403532245,,0.05,0.2,composite,11211.0,,,,,
anoshift_threshold_clustering_m1_v2,power,adaptive_transfer,2018-2019,near,z_plus_orth,p_z_plus_orth,,0.232004281509232,,0.05,0.2,composite,11211.0,,,,,
anoshift_threshold_clustering_m1_v2,power,adaptive_transfer,2018-2019,near,z_plus,p_z_plus,,0.1942777632837638,,0.05,0.3,composite,11499.0,,,,,
anoshift_threshold_clustering_m1_v2,power,adaptive_transfer,2018-2019,near,z_plus_renorm,p_z_plus_renorm,,0.2201409330122201,,0.05,0.3,composite,11211.0,,,,,
anoshift_threshold_clustering_m1_v2,power,adaptive_transfer,2018-2019,near,breadth,p_breadth,,0.0045221323593355,,0.05,0.3,composite,11499.0,,,,,
anoshift_threshold_clustering_m1_v2,power,adaptive_transfer,2018-2019,near,z_mahalanobis_sq,p_z_mahalanobis_sq,,0.3954351456670996,,0.05,0.3,composite,5389.0,,,,,
anoshift_threshold_clustering_m1_v2,power,adaptive_transfer,2018-2019,near,t_iut,p_t_iut,,0.0537438038090268,,0.05,0.3,composite,11499.0,,,,,
anoshift_threshold_clustering_m1_v2,power,adaptive_transfer,2018-2019,near,z_plus_softmax,p_z_plus_softmax,,0.2245116403532245,,0.05,0.3,composite,11211.0,,,,,
anoshift_threshold_clustering_m1_v2,power,adaptive_transfer,2018-2019,near,z_plus_orth,p_z_plus_orth,,0.232004281509232,,0.05,0.3,composite,11211.0,,,,,
anoshift_threshold_clustering_m1_v2,power,adaptive_transfer,2018-2019,near,z_plus,p_z_plus,,0.1942777632837638,,0.1,0.05,composite,11499.0,,,,,
anoshift_threshold_clustering_m1_v2,power,adaptive_transfer,2018-2019,near,z_plus_renorm,p_z_plus_renorm,,0.2201409330122201,,0.1,0.05,composite,11211.0,,,,,
anoshift_threshold_clustering_m1_v2,power,adaptive_transfer,2018-2019,near,breadth,p_breadth,,0.0045221323593355,,0.1,0.05,composite,11499.0,,,,,
anoshift_threshold_clustering_m1_v2,power,adaptive_transfer,2018-2019,near,z_mahalanobis_sq,p_z_mahalanobis_sq,,0.3954351456670996,,0.1,0.05,composite,5389.0,,,,,
anoshift_threshold_clustering_m1_v2,power,adaptive_transfer,2018-2019,near,t_iut,p_t_iut,,0.0537438038090268,,0.1,0.05,composite,11499.0,,,,,
anoshift_threshold_clustering_m1_v2,power,adaptive_transfer,2018-2019,near,z_plus_softmax,p_z_plus_softmax,,0.2245116403532245,,0.1,0.05,composite,11211.0,,,,,
anoshift_threshold_clustering_m1_v2,power,adaptive_transfer,2018-2019,near,z_plus_orth,p_z_plus_orth,,0.232004281509232,,0.1,0.05,composite,11211.0,,,,,
anoshift_threshold_clustering_m1_v2,power,adaptive_transfer,2018-2019,near,z_plus,p_z_plus,,0.1942777632837638,,0.1,0.1,composite,11499.0,,,,,
anoshift_threshold_clustering_m1_v2,power,adaptive_transfer,2018-2019,near,z_plus_renorm,p_z_plus_renorm,,0.2201409330122201,,0.1,0.1,composite,11211.0,,,,,
anoshift_threshold_clustering_m1_v2,power,adaptive_transfer,2018-2019,near,breadth,p_breadth,,0.0045221323593355,,0.1,0.1,composite,11499.0,,,,,
anoshift_threshold_clustering_m1_v2,power,adaptive_transfer,2018-2019,near,z_mahalanobis_sq,p_z_mahalanobis_sq,,0.3954351456670996,,0.1,0.1,composite,5389.0,,,,,
anoshift_threshold_clustering_m1_v2,power,adaptive_transfer,2018-2019,near,t_iut,p_t_iut,,0.0537438038090268,,0.1,0.1,composite,11499.0,,,,,
anoshift_threshold_clustering_m1_v2,power,adaptive_transfer,2018-2019,near,z_plus_softmax,p_z_plus_softmax,,0.2245116403532245,,0.1,0.1,composite,11211.0,,,,,
anoshift_threshold_clustering_m1_v2,power,adaptive_transfer,2018-2019,near,z_plus_orth,p_z_plus_orth,,0.232004281509232,,0.1,0.1,composite,11211.0,,,,,
anoshift_threshold_clustering_m1_v2,power,adaptive_transfer,2018-2019,near,z_plus,p_z_plus,,0.1942777632837638,,0.1,0.15,composite,11499.0,,,,,
anoshift_threshold_clustering_m1_v2,power,adaptive_transfer,2018-2019,near,z_plus_renorm,p_z_plus_renorm,,0.2201409330122201,,0.1,0.15,composite,11211.0,,,,,
anoshift_threshold_clustering_m1_v2,power,adaptive_transfer,2018-2019,near,breadth,p_breadth,,0.0045221323593355,,0.1,0.15,composite,11499.0,,,,,
anoshift_threshold_clustering_m1_v2,power,adaptive_transfer,2018-2019,near,z_mahalanobis_sq,p_z_mahalanobis_sq,,0.3954351456670996,,0.1,0.15,composite,5389.0,,,,,
anoshift_threshold_clustering_m1_v2,power,adaptive_transfer,2018-2019,near,t_iut,p_t_iut,,0.0537438038090268,,0.1,0.15,composite,11499.0,,,,,
anoshift_threshold_clustering_m1_v2,power,adaptive_transfer,2018-2019,near,z_plus_softmax,p_z_plus_softmax,,0.2245116403532245,,0.1,0.15,composite,11211.0,,,,,
anoshift_threshold_clustering_m1_v2,power,adaptive_transfer,2018-2019,near,z_plus_orth,p_z_plus_orth,,0.232004281509232,,0.1,0.15,composite,11211.0,,,,,
anoshift_threshold_clustering_m1_v2,power,adaptive_transfer,2018-2019,near,z_plus,p_z_plus,,0.1942777632837638,,0.1,0.2,composite,11499.0,,,,,
anoshift_threshold_clustering_m1_v2,power,adaptive_transfer,2018-2019,near,z_plus_renorm,p_z_plus_renorm,,0.2201409330122201,,0.1,0.2,composite,11211.0,,,,,
anoshift_threshold_clustering_m1_v2,power,adaptive_transfer,2018-2019,near,breadth,p_breadth,,0.0045221323593355,,0.1,0.2,composite,11499.0,,,,,
anoshift_threshold_clustering_m1_v2,power,adaptive_transfer,2018-2019,near,z_mahalanobis_sq,p_z_mahalanobis_sq,,0.3954351456670996,,0.1,0.2,composite,5389.0,,,,,
anoshift_threshold_clustering_m1_v2,power,adaptive_transfer,2018-2019,near,t_iut,p_t_iut,,0.0537438038090268,,0.1,0.2,composite,11499.0,,,,,
anoshift_threshold_clustering_m1_v2,power,adaptive_transfer,2018-2019,near,z_plus_softmax,p_z_plus_softmax,,0.2245116403532245,,0.1,0.2,composite,11211.0,,,,,
anoshift_threshold_clustering_m1_v2,power,adaptive_transfer,2018-2019,near,z_plus_orth,p_z_plus_orth,,0.232004281509232,,0.1,0.2,composite,11211.0,,,,,
anoshift_threshold_clustering_m1_v2,power,adaptive_transfer,2018-2019,near,z_plus,p_z_plus,,0.1942777632837638,,0.1,0.3,composite,11499.0,,,,,
anoshift_threshold_clustering_m1_v2,power,adaptive_transfer,2018-2019,near,z_plus_renorm,p_z_plus_renorm,,0.2201409330122201,,0.1,0.3,composite,11211.0,,,,,
anoshift_threshold_clustering_m1_v2,power,adaptive_transfer,2018-2019,near,breadth,p_breadth,,0.0045221323593355,,0.1,0.3,composite,11499.0,,,,,
anoshift_threshold_clustering_m1_v2,power,adaptive_transfer,2018-2019,near,z_mahalanobis_sq,p_z_mahalanobis_sq,,0.3954351456670996,,0.1,0.3,composite,5389.0,,,,,
anoshift_threshold_clustering_m1_v2,power,adaptive_transfer,2018-2019,near,t_iut,p_t_iut,,0.0537438038090268,,0.1,0.3,composite,11499.0,,,,,
anoshift_threshold_clustering_m1_v2,power,adaptive_transfer,2018-2019,near,z_plus_softmax,p_z_plus_softmax,,0.2245116403532245,,0.1,0.3,composite,11211.0,,,,,
anoshift_threshold_clustering_m1_v2,power,adaptive_transfer,2018-2019,near,z_plus_orth,p_z_plus_orth,,0.232004281509232,,0.1,0.3,composite,11211.0,,,,,
anoshift_correlated_gaussian,power,adaptive_transfer,2018-2019,far,z_plus,p_z_plus,,0.0476190476190476,,0.01,0.05,composite,85.0,0.4761904761904761,0.0,,,
anoshift_correlated_gaussian,power,adaptive_transfer,2018-2019,far,z_plus_renorm,p_z_plus_renorm,,0.0357142857142857,,0.01,0.05,composite,85.0,0.3571428571428571,0.0,,,
anoshift_correlated_gaussian,power,adaptive_transfer,2018-2019,far,breadth,p_breadth,,0.0357142857142857,,0.01,0.05,composite,85.0,0.6428571428571429,0.0,,,
anoshift_correlated_gaussian,power,adaptive_transfer,2018-2019,far,z_mahalanobis_sq,p_z_mahalanobis_sq,,0.0476190476190476,,0.01,0.05,composite,85.0,0.6071428571428572,0.0,,,
anoshift_correlated_gaussian,power,adaptive_transfer,2018-2019,far,t_iut,p_t_iut,,0.0833333333333333,,0.01,0.05,composite,85.0,0.0476190476190476,0.0,,,
anoshift_correlated_gaussian,power,adaptive_transfer,2018-2019,far,z_plus_softmax,p_z_plus_softmax,,0.0595238095238095,,0.01,0.05,composite,85.0,0.369047619047619,0.0,,,
anoshift_correlated_gaussian,power,adaptive_transfer,2018-2019,far,z_plus_orth,p_z_plus_orth,,0.0357142857142857,,0.01,0.05,composite,85.0,0.4166666666666666,0.0,,,
anoshift_correlated_gaussian,power,adaptive_transfer,2018-2019,far,z_plus,p_z_plus,,0.0476190476190476,,0.01,0.1,composite,85.0,0.2261904761904761,0.0,,,
anoshift_correlated_gaussian,power,adaptive_transfer,2018-2019,far,z_plus_renorm,p_z_plus_renorm,,0.0357142857142857,,0.01,0.1,composite,85.0,0.25,0.0,,,
anoshift_correlated_gaussian,power,adaptive_transfer,2018-2019,far,breadth,p_breadth,,0.0357142857142857,,0.01,0.1,composite,85.0,0.3571428571428571,0.0,,,
anoshift_correlated_gaussian,power,adaptive_transfer,2018-2019,far,z_mahalanobis_sq,p_z_mahalanobis_sq,,0.0476190476190476,,0.01,0.1,composite,85.0,0.119047619047619,0.0,,,
anoshift_correlated_gaussian,power,adaptive_transfer,2018-2019,far,t_iut,p_t_iut,,0.0833333333333333,,0.01,0.1,composite,85.0,0.7857142857142858,0.0,,,
anoshift_correlated_gaussian,power,adaptive_transfer,2018-2019,far,z_plus_softmax,p_z_plus_softmax,,0.0595238095238095,,0.01,0.1,composite,85.0,0.3095238095238095,0.0,,,
anoshift_correlated_gaussian,power,adaptive_transfer,2018-2019,far,z_plus_orth,p_z_plus_orth,,0.0357142857142857,,0.01,0.1,composite,85.0,0.2738095238095238,0.0,,,
anoshift_correlated_gaussian,power,adaptive_transfer,2018-2019,far,z_plus,p_z_plus,,0.0476190476190476,,0.01,0.15,composite,85.0,0.9047619047619048,0.0,,,
anoshift_correlated_gaussian,power,adaptive_transfer,2018-2019,far,z_plus_renorm,p_z_plus_renorm,,0.0357142857142857,,0.01,0.15,composite,85.0,0.8452380952380952,0.0,,,
anoshift_correlated_gaussian,power,adaptive_transfer,2018-2019,far,breadth,p_breadth,,0.0357142857142857,,0.01,0.15,composite,85.0,0.8630952380952381,0.0,,,
anoshift_correlated_gaussian,power,adaptive_transfer,2018-2019,far,z_mahalanobis_sq,p_z_mahalanobis_sq,,0.0357142857142857,,0.01,0.15,composite,85.0,0.9761904761904762,1.0,,,
anoshift_correlated_gaussian,power,adaptive_transfer,2018-2019,far,t_iut,p_t_iut,,0.0833333333333333,,0.01,0.15,composite,85.0,0.0,0.0,,,
anoshift_correlated_gaussian,power,adaptive_transfer,2018-2019,far,z_plus_softmax,p_z_plus_softmax,,0.0595238095238095,,0.01,0.15,composite,85.0,1.0,1.0,,,
anoshift_correlated_gaussian,power,adaptive_transfer,2018-2019,far,z_plus_orth,p_z_plus_orth,,0.0357142857142857,,0.01,0.15,composite,85.0,1.0,1.0,,,
anoshift_correlated_gaussian,power,adaptive_transfer,2018-2019,far,z_plus,p_z_plus,,0.0476190476190476,,0.01,0.2,composite,85.0,0.6309523809523809,0.0,,,
anoshift_correlated_gaussian,power,adaptive_transfer,2018-2019,far,z_plus_renorm,p_z_plus_renorm,,0.0357142857142857,,0.01,0.2,composite,85.0,0.5357142857142857,0.0,,,
anoshift_correlated_gaussian,power,adaptive_transfer,2018-2019,far,breadth,p_breadth,,0.0357142857142857,,0.01,0.2,composite,85.0,0.6428571428571429,0.0,,,
anoshift_correlated_gaussian,power,adaptive_transfer,2018-2019,far,z_mahalanobis_sq,p_z_mahalanobis_sq,,0.0476190476190476,,0.01,0.2,composite,85.0,0.7380952380952381,0.0,,,
anoshift_correlated_gaussian,power,adaptive_transfer,2018-2019,far,t_iut,p_t_iut,,0.0833333333333333,,0.01,0.2,composite,85.0,0.2857142857142857,0.0,,,
anoshift_correlated_gaussian,power,adaptive_transfer,2018-2019,far,z_plus_softmax,p_z_plus_softmax,,0.0595238095238095,,0.01,0.2,composite,85.0,0.5357142857142857,0.0,,,
anoshift_correlated_gaussian,power,adaptive_transfer,2018-2019,far,z_plus_orth,p_z_plus_orth,,0.0357142857142857,,0.01,0.2,composite,85.0,0.5,0.0,,,
anoshift_correlated_gaussian,power,adaptive_transfer,2018-2019,far,z_plus,p_z_plus,,0.0476190476190476,,0.01,0.3,composite,85.0,0.5,0.0,,,
anoshift_correlated_gaussian,power,adaptive_transfer,2018-2019,far,z_plus_renorm,p_z_plus_renorm,,0.0357142857142857,,0.01,0.3,composite,85.0,0.369047619047619,0.0,,,
anoshift_correlated_gaussian,power,adaptive_transfer,2018-2019,far,breadth,p_breadth,,0.0357142857142857,,0.01,0.3,composite,85.0,0.6428571428571429,0.0,,,
anoshift_correlated_gaussian,power,adaptive_transfer,2018-2019,far,z_mahalanobis_sq,p_z_mahalanobis_sq,,0.0476190476190476,,0.01,0.3,composite,85.0,0.5,0.0,,,
anoshift_correlated_gaussian,power,adaptive_transfer,2018-2019,far,t_iut,p_t_iut,,0.0833333333333333,,0.01,0.3,composite,85.0,0.25,0.0,,,
anoshift_correlated_gaussian,power,adaptive_transfer,2018-2019,far,z_plus_softmax,p_z_plus_softmax,,0.0595238095238095,,0.01,0.3,composite,85.0,0.4404761904761904,0.0,,,
anoshift_correlated_gaussian,power,adaptive_transfer,2018-2019,far,z_plus_orth,p_z_plus_orth,,0.0357142857142857,,0.01,0.3,composite,85.0,0.3809523809523809,0.0,,,
anoshift_correlated_gaussian,power,adaptive_transfer,2018-2019,far,z_plus,p_z_plus,,0.0493827160493827,,0.05,0.05,composite,85.0,0.5061728395061729,0.0,,,
anoshift_correlated_gaussian,power,adaptive_transfer,2018-2019,far,z_plus_renorm,p_z_plus_renorm,,0.037037037037037,,0.05,0.05,composite,85.0,0.5030864197530864,0.0,,,
anoshift_correlated_gaussian,power,adaptive_transfer,2018-2019,far,breadth,p_breadth,,0.0246913580246913,,0.05,0.05,composite,85.0,0.4722222222222222,0.25,,,
anoshift_correlated_gaussian,power,adaptive_transfer,2018-2019,far,z_mahalanobis_sq,p_z_mahalanobis_sq,,0.0493827160493827,,0.05,0.05,composite,85.0,0.5802469135802469,0.0,,,
anoshift_correlated_gaussian,power,adaptive_transfer,2018-2019,far,t_iut,p_t_iut,,0.074074074074074,,0.05,0.05,composite,85.0,0.4753086419753086,0.25,,,
anoshift_correlated_gaussian,power,adaptive_transfer,2018-2019,far,z_plus_softmax,p_z_plus_softmax,,0.0617283950617283,,0.05,0.05,composite,85.0,0.5216049382716049,0.0,,,
anoshift_correlated_gaussian,power,adaptive_transfer,2018-2019,far,z_plus_orth,p_z_plus_orth,,0.037037037037037,,0.05,0.05,composite,85.0,0.5493827160493827,0.0,,,
anoshift_correlated_gaussian,power,adaptive_transfer,2018-2019,far,z_plus,p_z_plus,,0.0493827160493827,,0.05,0.1,composite,85.0,0.6975308641975309,0.5,,,
anoshift_correlated_gaussian,power,adaptive_transfer,2018-2019,far,z_plus_renorm,p_z_plus_renorm,,0.037037037037037,,0.05,0.1,composite,85.0,0.7345679012345679,0.0,,,
anoshift_correlated_gaussian,power,adaptive_transfer,2018-2019,far,breadth,p_breadth,,0.037037037037037,,0.05,0.1,composite,85.0,0.5570987654320988,0.0,,,
anoshift_correlated_gaussian,power,adaptive_transfer,2018-2019,far,z_mahalanobis_sq,p_z_mahalanobis_sq,,0.037037037037037,,0.05,0.1,composite,85.0,0.7839506172839507,0.25,,,
anoshift_correlated_gaussian,power,adaptive_transfer,2018-2019,far,t_iut,p_t_iut,,0.0864197530864197,,0.05,0.1,composite,85.0,0.308641975308642,0.0,,,
anoshift_correlated_gaussian,power,adaptive_transfer,2018-2019,far,z_plus_softmax,p_z_plus_softmax,,0.0617283950617283,,0.05,0.1,composite,85.0,0.7469135802469137,0.25,,,
anoshift_correlated_gaussian,power,adaptive_transfer,2018-2019,far,z_plus_orth,p_z_plus_orth,,0.037037037037037,,0.05,0.1,composite,85.0,0.7438271604938272,0.5,,,
anoshift_correlated_gaussian,power,adaptive_transfer,2018-2019,far,z_plus,p_z_plus,,0.037037037037037,,0.05,0.15,composite,85.0,0.654320987654321,0.25,,,
anoshift_correlated_gaussian,power,adaptive_transfer,2018-2019,far,z_plus_renorm,p_z_plus_renorm,,0.037037037037037,,0.05,0.15,composite,85.0,0.6697530864197531,0.25,,,
anoshift_correlated_gaussian,power,adaptive_transfer,2018-2019,far,breadth,p_breadth,,0.037037037037037,,0.05,0.15,composite,85.0,0.5231481481481481,0.0,,,
anoshift_correlated_gaussian,power,adaptive_transfer,2018-2019,far,z_mahalanobis_sq,p_z_mahalanobis_sq,,0.0493827160493827,,0.05,0.15,composite,85.0,0.5987654320987654,0.0,,,
anoshift_correlated_gaussian,power,adaptive_transfer,2018-2019,far,t_iut,p_t_iut,,0.074074074074074,,0.05,0.15,composite,85.0,0.6141975308641976,0.25,,,
anoshift_correlated_gaussian,power,adaptive_transfer,2018-2019,far,z_plus_softmax,p_z_plus_softmax,,0.0493827160493827,,0.05,0.15,composite,85.0,0.6018518518518517,0.25,,,
anoshift_correlated_gaussian,power,adaptive_transfer,2018-2019,far,z_plus_orth,p_z_plus_orth,,0.0246913580246913,,0.05,0.15,composite,85.0,0.5864197530864198,0.25,,,
anoshift_correlated_gaussian,power,adaptive_transfer,2018-2019,far,z_plus,p_z_plus,,0.0493827160493827,,0.05,0.2,composite,85.0,0.4074074074074074,0.0,,,
anoshift_correlated_gaussian,power,adaptive_transfer,2018-2019,far,z_plus_renorm,p_z_plus_renorm,,0.037037037037037,,0.05,0.2,composite,85.0,0.4166666666666667,0.0,,,
anoshift_correlated_gaussian,power,adaptive_transfer,2018-2019,far,breadth,p_breadth,,0.037037037037037,,0.05,0.2,composite,85.0,0.4429012345679012,0.0,,,
anoshift_correlated_gaussian,power,adaptive_transfer,2018-2019,far,z_mahalanobis_sq,p_z_mahalanobis_sq,,0.0493827160493827,,0.05,0.2,composite,85.0,0.4228395061728395,0.0,,,
anoshift_correlated_gaussian,power,adaptive_transfer,2018-2019,far,t_iut,p_t_iut,,0.0864197530864197,,0.05,0.2,composite,85.0,0.4444444444444444,0.0,,,
anoshift_correlated_gaussian,power,adaptive_transfer,2018-2019,far,z_plus_softmax,p_z_plus_softmax,,0.0617283950617283,,0.05,0.2,composite,85.0,0.4444444444444445,0.0,,,
anoshift_correlated_gaussian,power,adaptive_transfer,2018-2019,far,z_plus_orth,p_z_plus_orth,,0.037037037037037,,0.05,0.2,composite,85.0,0.4475308641975308,0.0,,,
anoshift_correlated_gaussian,power,adaptive_transfer,2018-2019,far,z_plus,p_z_plus,,0.0493827160493827,,0.05,0.3,composite,85.0,0.4753086419753086,0.0,,,
anoshift_correlated_gaussian,power,adaptive_transfer,2018-2019,far,z_plus_renorm,p_z_plus_renorm,,0.037037037037037,,0.05,0.3,composite,85.0,0.3888888888888889,0.0,,,
anoshift_correlated_gaussian,power,adaptive_transfer,2018-2019,far,breadth,p_breadth,,0.037037037037037,,0.05,0.3,composite,85.0,0.6080246913580247,0.25,,,
anoshift_correlated_gaussian,power,adaptive_transfer,2018-2019,far,z_mahalanobis_sq,p_z_mahalanobis_sq,,0.0493827160493827,,0.05,0.3,composite,85.0,0.3302469135802469,0.0,,,
anoshift_correlated_gaussian,power,adaptive_transfer,2018-2019,far,t_iut,p_t_iut,,0.0617283950617283,,0.05,0.3,composite,85.0,0.7345679012345679,0.25,,,
anoshift_correlated_gaussian,power,adaptive_transfer,2018-2019,far,z_plus_softmax,p_z_plus_softmax,,0.0617283950617283,,0.05,0.3,composite,85.0,0.4814814814814815,0.0,,,
anoshift_correlated_gaussian,power,adaptive_transfer,2018-2019,far,z_plus_orth,p_z_plus_orth,,0.037037037037037,,0.05,0.3,composite,85.0,0.4691358024691358,0.0,,,
anoshift_correlated_gaussian,power,adaptive_transfer,2018-2019,far,z_plus,p_z_plus,,0.0389610389610389,,0.1,0.05,composite,85.0,0.4415584415584416,0.125,,,
anoshift_correlated_gaussian,power,adaptive_transfer,2018-2019,far,z_plus_renorm,p_z_plus_renorm,,0.0389610389610389,,0.1,0.05,composite,85.0,0.3668831168831169,0.0,,,
anoshift_correlated_gaussian,power,adaptive_transfer,2018-2019,far,breadth,p_breadth,,0.0259740259740259,,0.1,0.05,composite,85.0,0.601461038961039,0.125,,,
anoshift_correlated_gaussian,power,adaptive_transfer,2018-2019,far,z_mahalanobis_sq,p_z_mahalanobis_sq,,0.0389610389610389,,0.1,0.05,composite,85.0,0.3766233766233766,0.125,,,
anoshift_correlated_gaussian,power,adaptive_transfer,2018-2019,far,t_iut,p_t_iut,,0.0779220779220779,,0.1,0.05,composite,85.0,0.5373376623376623,0.125,,,
anoshift_correlated_gaussian,power,adaptive_transfer,2018-2019,far,z_plus_softmax,p_z_plus_softmax,,0.0519480519480519,,0.1,0.05,composite,85.0,0.3912337662337662,0.0,,,
anoshift_correlated_gaussian,power,adaptive_transfer,2018-2019,far,z_plus_orth,p_z_plus_orth,,0.0389610389610389,,0.1,0.05,composite,85.0,0.387987012987013,0.0,,,
anoshift_correlated_gaussian,power,adaptive_transfer,2018-2019,far,z_plus,p_z_plus,,0.0389610389610389,,0.1,0.1,composite,85.0,0.6444805194805194,0.125,,,
anoshift_correlated_gaussian,power,adaptive_transfer,2018-2019,far,z_plus_renorm,p_z_plus_renorm,,0.0389610389610389,,0.1,0.1,composite,85.0,0.5698051948051948,0.0,,,
anoshift_correlated_gaussian,power,adaptive_transfer,2018-2019,far,breadth,p_breadth,,0.0389610389610389,,0.1,0.1,composite,85.0,0.6452922077922078,0.0,,,
anoshift_correlated_gaussian,power,adaptive_transfer,2018-2019,far,z_mahalanobis_sq,p_z_mahalanobis_sq,,0.0519480519480519,,0.1,0.1,composite,85.0,0.5308441558441559,0.0,,,
anoshift_correlated_gaussian,power,adaptive_transfer,2018-2019,far,t_iut,p_t_iut,,0.0909090909090909,,0.1,0.1,composite,85.0,0.650974025974026,0.0,,,
anoshift_correlated_gaussian,power,adaptive_transfer,2018-2019,far,z_plus_softmax,p_z_plus_softmax,,0.0649350649350649,,0.1,0.1,composite,85.0,0.6185064935064934,0.25,,,
anoshift_correlated_gaussian,power,adaptive_transfer,2018-2019,far,z_plus_orth,p_z_plus_orth,,0.0389610389610389,,0.1,0.1,composite,85.0,0.6217532467532467,0.25,,,
anoshift_correlated_gaussian,power,adaptive_transfer,2018-2019,far,z_plus,p_z_plus,,0.0519480519480519,,0.1,0.15,composite,85.0,0.6038961038961039,0.125,,,
anoshift_correlated_gaussian,power,adaptive_transfer,2018-2019,far,z_plus_renorm,p_z_plus_renorm,,0.0389610389610389,,0.1,0.15,composite,85.0,0.5827922077922078,0.0,,,
anoshift_correlated_gaussian,power,adaptive_transfer,2018-2019,far,breadth,p_breadth,,0.0259740259740259,,0.1,0.15,composite,85.0,0.5803571428571429,0.125,,,
anoshift_correlated_gaussian,power,adaptive_transfer,2018-2019,far,z_mahalanobis_sq,p_z_mahalanobis_sq,,0.0389610389610389,,0.1,0.15,composite,85.0,0.5665584415584415,0.125,,,
anoshift_correlated_gaussian,power,adaptive_transfer,2018-2019,far,t_iut,p_t_iut,,0.0649350649350649,,0.1,0.15,composite,85.0,0.5357142857142857,0.125,,,
anoshift_correlated_gaussian,power,adaptive_transfer,2018-2019,far,z_plus_softmax,p_z_plus_softmax,,0.0519480519480519,,0.1,0.15,composite,85.0,0.6136363636363636,0.25,,,
anoshift_correlated_gaussian,power,adaptive_transfer,2018-2019,far,z_plus_orth,p_z_plus_orth,,0.0389610389610389,,0.1,0.15,composite,85.0,0.6103896103896104,0.25,,,
anoshift_correlated_gaussian,power,adaptive_transfer,2018-2019,far,z_plus,p_z_plus,,0.0259740259740259,,0.1,0.2,composite,85.0,0.7451298701298702,0.25,,,
anoshift_correlated_gaussian,power,adaptive_transfer,2018-2019,far,z_plus_renorm,p_z_plus_renorm,,0.0259740259740259,,0.1,0.2,composite,85.0,0.6672077922077921,0.125,,,
anoshift_correlated_gaussian,power,adaptive_transfer,2018-2019,far,breadth,p_breadth,,0.0259740259740259,,0.1,0.2,composite,85.0,0.6996753246753247,0.125,,,
anoshift_correlated_gaussian,power,adaptive_transfer,2018-2019,far,z_mahalanobis_sq,p_z_mahalanobis_sq,,0.0389610389610389,,0.1,0.2,composite,85.0,0.7305194805194806,0.125,,,
anoshift_correlated_gaussian,power,adaptive_transfer,2018-2019,far,t_iut,p_t_iut,,0.0649350649350649,,0.1,0.2,composite,85.0,0.663961038961039,0.125,,,
anoshift_correlated_gaussian,power,adaptive_transfer,2018-2019,far,z_plus_softmax,p_z_plus_softmax,,0.0519480519480519,,0.1,0.2,composite,85.0,0.7012987012987013,0.125,,,
anoshift_correlated_gaussian,power,adaptive_transfer,2018-2019,far,z_plus_orth,p_z_plus_orth,,0.0389610389610389,,0.1,0.2,composite,85.0,0.7061688311688311,0.25,,,
anoshift_correlated_gaussian,power,adaptive_transfer,2018-2019,far,z_plus,p_z_plus,,0.0519480519480519,,0.1,0.3,composite,85.0,0.5811688311688312,0.125,,,
anoshift_correlated_gaussian,power,adaptive_transfer,2018-2019,far,z_plus_renorm,p_z_plus_renorm,,0.0389610389610389,,0.1,0.3,composite,85.0,0.5064935064935066,0.0,,,
anoshift_correlated_gaussian,power,adaptive_transfer,2018-2019,far,breadth,p_breadth,,0.0389610389610389,,0.1,0.3,composite,85.0,0.734577922077922,0.0,,,
anoshift_correlated_gaussian,power,adaptive_transfer,2018-2019,far,z_mahalanobis_sq,p_z_mahalanobis_sq,,0.0389610389610389,,0.1,0.3,composite,85.0,0.6168831168831169,0.25,,,
anoshift_correlated_gaussian,power,adaptive_transfer,2018-2019,far,t_iut,p_t_iut,,0.0779220779220779,,0.1,0.3,composite,85.0,0.323051948051948,0.0,,,
anoshift_correlated_gaussian,power,adaptive_transfer,2018-2019,far,z_plus_softmax,p_z_plus_softmax,,0.0649350649350649,,0.1,0.3,composite,85.0,0.564935064935065,0.125,,,
anoshift_correlated_gaussian,power,adaptive_transfer,2018-2019,far,z_plus_orth,p_z_plus_orth,,0.0389610389610389,,0.1,0.3,composite,85.0,0.5762987012987013,0.125,,,
anoshift_threshold_clustering_m1_v2,power,adaptive_transfer,2018-2019,far,z_plus,p_z_plus,,0.1942777632837638,,0.01,0.05,composite,11499.0,,,,,
anoshift_threshold_clustering_m1_v2,power,adaptive_transfer,2018-2019,far,z_plus_renorm,p_z_plus_renorm,,0.2201409330122201,,0.01,0.05,composite,11211.0,,,,,
anoshift_threshold_clustering_m1_v2,power,adaptive_transfer,2018-2019,far,breadth,p_breadth,,0.0045221323593355,,0.01,0.05,composite,11499.0,,,,,
anoshift_threshold_clustering_m1_v2,power,adaptive_transfer,2018-2019,far,z_mahalanobis_sq,p_z_mahalanobis_sq,,0.3954351456670996,,0.01,0.05,composite,5389.0,,,,,
anoshift_threshold_clustering_m1_v2,power,adaptive_transfer,2018-2019,far,t_iut,p_t_iut,,0.0537438038090268,,0.01,0.05,composite,11499.0,,,,,
anoshift_threshold_clustering_m1_v2,power,adaptive_transfer,2018-2019,far,z_plus_softmax,p_z_plus_softmax,,0.2245116403532245,,0.01,0.05,composite,11211.0,,,,,
anoshift_threshold_clustering_m1_v2,power,adaptive_transfer,2018-2019,far,z_plus_orth,p_z_plus_orth,,0.232004281509232,,0.01,0.05,composite,11211.0,,,,,
anoshift_threshold_clustering_m1_v2,power,adaptive_transfer,2018-2019,far,z_plus,p_z_plus,,0.1942777632837638,,0.01,0.1,composite,11499.0,,,,,
anoshift_threshold_clustering_m1_v2,power,adaptive_transfer,2018-2019,far,z_plus_renorm,p_z_plus_renorm,,0.2201409330122201,,0.01,0.1,composite,11211.0,,,,,
anoshift_threshold_clustering_m1_v2,power,adaptive_transfer,2018-2019,far,breadth,p_breadth,,0.0045221323593355,,0.01,0.1,composite,11499.0,,,,,
anoshift_threshold_clustering_m1_v2,power,adaptive_transfer,2018-2019,far,z_mahalanobis_sq,p_z_mahalanobis_sq,,0.3954351456670996,,0.01,0.1,composite,5389.0,,,,,
anoshift_threshold_clustering_m1_v2,power,adaptive_transfer,2018-2019,far,t_iut,p_t_iut,,0.0537438038090268,,0.01,0.1,composite,11499.0,,,,,
anoshift_threshold_clustering_m1_v2,power,adaptive_transfer,2018-2019,far,z_plus_softmax,p_z_plus_softmax,,0.2245116403532245,,0.01,0.1,composite,11211.0,,,,,
anoshift_threshold_clustering_m1_v2,power,adaptive_transfer,2018-2019,far,z_plus_orth,p_z_plus_orth,,0.232004281509232,,0.01,0.1,composite,11211.0,,,,,
anoshift_threshold_clustering_m1_v2,power,adaptive_transfer,2018-2019,far,z_plus,p_z_plus,,0.1942777632837638,,0.01,0.15,composite,11499.0,,,,,
anoshift_threshold_clustering_m1_v2,power,adaptive_transfer,2018-2019,far,z_plus_renorm,p_z_plus_renorm,,0.2201409330122201,,0.01,0.15,composite,11211.0,,,,,
anoshift_threshold_clustering_m1_v2,power,adaptive_transfer,2018-2019,far,breadth,p_breadth,,0.0045221323593355,,0.01,0.15,composite,11499.0,,,,,
anoshift_threshold_clustering_m1_v2,power,adaptive_transfer,2018-2019,far,z_mahalanobis_sq,p_z_mahalanobis_sq,,0.3954351456670996,,0.01,0.15,composite,5389.0,,,,,
anoshift_threshold_clustering_m1_v2,power,adaptive_transfer,2018-2019,far,t_iut,p_t_iut,,0.0537438038090268,,0.01,0.15,composite,11499.0,,,,,
anoshift_threshold_clustering_m1_v2,power,adaptive_transfer,2018-2019,far,z_plus_softmax,p_z_plus_softmax,,0.2245116403532245,,0.01,0.15,composite,11211.0,,,,,
anoshift_threshold_clustering_m1_v2,power,adaptive_transfer,2018-2019,far,z_plus_orth,p_z_plus_orth,,0.232004281509232,,0.01,0.15,composite,11211.0,,,,,
anoshift_threshold_clustering_m1_v2,power,adaptive_transfer,2018-2019,far,z_plus,p_z_plus,,0.1942777632837638,,0.01,0.2,composite,11499.0,,,,,
anoshift_threshold_clustering_m1_v2,power,adaptive_transfer,2018-2019,far,z_plus_renorm,p_z_plus_renorm,,0.2201409330122201,,0.01,0.2,composite,11211.0,,,,,
anoshift_threshold_clustering_m1_v2,power,adaptive_transfer,2018-2019,far,breadth,p_breadth,,0.0045221323593355,,0.01,0.2,composite,11499.0,,,,,
anoshift_threshold_clustering_m1_v2,power,adaptive_transfer,2018-2019,far,z_mahalanobis_sq,p_z_mahalanobis_sq,,0.3954351456670996,,0.01,0.2,composite,5389.0,,,,,
anoshift_threshold_clustering_m1_v2,power,adaptive_transfer,2018-2019,far,t_iut,p_t_iut,,0.0537438038090268,,0.01,0.2,composite,11499.0,,,,,
anoshift_threshold_clustering_m1_v2,power,adaptive_transfer,2018-2019,far,z_plus_softmax,p_z_plus_softmax,,0.2245116403532245,,0.01,0.2,composite,11211.0,,,,,
anoshift_threshold_clustering_m1_v2,power,adaptive_transfer,2018-2019,far,z_plus_orth,p_z_plus_orth,,0.232004281509232,,0.01,0.2,composite,11211.0,,,,,
anoshift_threshold_clustering_m1_v2,power,adaptive_transfer,2018-2019,far,z_plus,p_z_plus,,0.1942777632837638,,0.01,0.3,composite,11499.0,,,,,
anoshift_threshold_clustering_m1_v2,power,adaptive_transfer,2018-2019,far,z_plus_renorm,p_z_plus_renorm,,0.2201409330122201,,0.01,0.3,composite,11211.0,,,,,
anoshift_threshold_clustering_m1_v2,power,adaptive_transfer,2018-2019,far,breadth,p_breadth,,0.0045221323593355,,0.01,0.3,composite,11499.0,,,,,
anoshift_threshold_clustering_m1_v2,power,adaptive_transfer,2018-2019,far,z_mahalanobis_sq,p_z_mahalanobis_sq,,0.3954351456670996,,0.01,0.3,composite,5389.0,,,,,
anoshift_threshold_clustering_m1_v2,power,adaptive_transfer,2018-2019,far,t_iut,p_t_iut,,0.0537438038090268,,0.01,0.3,composite,11499.0,,,,,
anoshift_threshold_clustering_m1_v2,power,adaptive_transfer,2018-2019,far,z_plus_softmax,p_z_plus_softmax,,0.2245116403532245,,0.01,0.3,composite,11211.0,,,,,
anoshift_threshold_clustering_m1_v2,power,adaptive_transfer,2018-2019,far,z_plus_orth,p_z_plus_orth,,0.232004281509232,,0.01,0.3,composite,11211.0,,,,,
anoshift_threshold_clustering_m1_v2,power,adaptive_transfer,2018-2019,far,z_plus,p_z_plus,,0.1942777632837638,,0.05,0.05,composite,11499.0,,,,,
anoshift_threshold_clustering_m1_v2,power,adaptive_transfer,2018-2019,far,z_plus_renorm,p_z_plus_renorm,,0.2201409330122201,,0.05,0.05,composite,11211.0,,,,,
anoshift_threshold_clustering_m1_v2,power,adaptive_transfer,2018-2019,far,breadth,p_breadth,,0.0045221323593355,,0.05,0.05,composite,11499.0,,,,,
anoshift_threshold_clustering_m1_v2,power,adaptive_transfer,2018-2019,far,z_mahalanobis_sq,p_z_mahalanobis_sq,,0.3954351456670996,,0.05,0.05,composite,5389.0,,,,,
anoshift_threshold_clustering_m1_v2,power,adaptive_transfer,2018-2019,far,t_iut,p_t_iut,,0.0537438038090268,,0.05,0.05,composite,11499.0,,,,,
anoshift_threshold_clustering_m1_v2,power,adaptive_transfer,2018-2019,far,z_plus_softmax,p_z_plus_softmax,,0.2245116403532245,,0.05,0.05,composite,11211.0,,,,,
anoshift_threshold_clustering_m1_v2,power,adaptive_transfer,2018-2019,far,z_plus_orth,p_z_plus_orth,,0.232004281509232,,0.05,0.05,composite,11211.0,,,,,
anoshift_threshold_clustering_m1_v2,power,adaptive_transfer,2018-2019,far,z_plus,p_z_plus,,0.1942777632837638,,0.05,0.1,composite,11499.0,,,,,
anoshift_threshold_clustering_m1_v2,power,adaptive_transfer,2018-2019,far,z_plus_renorm,p_z_plus_renorm,,0.2201409330122201,,0.05,0.1,composite,11211.0,,,,,
anoshift_threshold_clustering_m1_v2,power,adaptive_transfer,2018-2019,far,breadth,p_breadth,,0.0045221323593355,,0.05,0.1,composite,11499.0,,,,,
anoshift_threshold_clustering_m1_v2,power,adaptive_transfer,2018-2019,far,z_mahalanobis_sq,p_z_mahalanobis_sq,,0.3954351456670996,,0.05,0.1,composite,5389.0,,,,,
anoshift_threshold_clustering_m1_v2,power,adaptive_transfer,2018-2019,far,t_iut,p_t_iut,,0.0537438038090268,,0.05,0.1,composite,11499.0,,,,,
anoshift_threshold_clustering_m1_v2,power,adaptive_transfer,2018-2019,far,z_plus_softmax,p_z_plus_softmax,,0.2245116403532245,,0.05,0.1,composite,11211.0,,,,,
anoshift_threshold_clustering_m1_v2,power,adaptive_transfer,2018-2019,far,z_plus_orth,p_z_plus_orth,,0.232004281509232,,0.05,0.1,composite,11211.0,,,,,
anoshift_threshold_clustering_m1_v2,power,adaptive_transfer,2018-2019,far,z_plus,p_z_plus,,0.1942777632837638,,0.05,0.15,composite,11499.0,,,,,
anoshift_threshold_clustering_m1_v2,power,adaptive_transfer,2018-2019,far,z_plus_renorm,p_z_plus_renorm,,0.2201409330122201,,0.05,0.15,composite,11211.0,,,,,
anoshift_threshold_clustering_m1_v2,power,adaptive_transfer,2018-2019,far,breadth,p_breadth,,0.0045221323593355,,0.05,0.15,composite,11499.0,,,,,
anoshift_threshold_clustering_m1_v2,power,adaptive_transfer,2018-2019,far,z_mahalanobis_sq,p_z_mahalanobis_sq,,0.3954351456670996,,0.05,0.15,composite,5389.0,,,,,
anoshift_threshold_clustering_m1_v2,power,adaptive_transfer,2018-2019,far,t_iut,p_t_iut,,0.0537438038090268,,0.05,0.15,composite,11499.0,,,,,
anoshift_threshold_clustering_m1_v2,power,adaptive_transfer,2018-2019,far,z_plus_softmax,p_z_plus_softmax,,0.2245116403532245,,0.05,0.15,composite,11211.0,,,,,
anoshift_threshold_clustering_m1_v2,power,adaptive_transfer,2018-2019,far,z_plus_orth,p_z_plus_orth,,0.232004281509232,,0.05,0.15,composite,11211.0,,,,,
anoshift_threshold_clustering_m1_v2,power,adaptive_transfer,2018-2019,far,z_plus,p_z_plus,,0.1942777632837638,,0.05,0.2,composite,11499.0,,,,,
anoshift_threshold_clustering_m1_v2,power,adaptive_transfer,2018-2019,far,z_plus_renorm,p_z_plus_renorm,,0.2201409330122201,,0.05,0.2,composite,11211.0,,,,,
anoshift_threshold_clustering_m1_v2,power,adaptive_transfer,2018-2019,far,breadth,p_breadth,,0.0045221323593355,,0.05,0.2,composite,11499.0,,,,,
anoshift_threshold_clustering_m1_v2,power,adaptive_transfer,2018-2019,far,z_mahalanobis_sq,p_z_mahalanobis_sq,,0.3954351456670996,,0.05,0.2,composite,5389.0,,,,,
anoshift_threshold_clustering_m1_v2,power,adaptive_transfer,2018-2019,far,t_iut,p_t_iut,,0.0537438038090268,,0.05,0.2,composite,11499.0,,,,,
anoshift_threshold_clustering_m1_v2,power,adaptive_transfer,2018-2019,far,z_plus_softmax,p_z_plus_softmax,,0.2245116403532245,,0.05,0.2,composite,11211.0,,,,,
anoshift_threshold_clustering_m1_v2,power,adaptive_transfer,2018-2019,far,z_plus_orth,p_z_plus_orth,,0.232004281509232,,0.05,0.2,composite,11211.0,,,,,
anoshift_threshold_clustering_m1_v2,power,adaptive_transfer,2018-2019,far,z_plus,p_z_plus,,0.1942777632837638,,0.05,0.3,composite,11499.0,,,,,
anoshift_threshold_clustering_m1_v2,power,adaptive_transfer,2018-2019,far,z_plus_renorm,p_z_plus_renorm,,0.2201409330122201,,0.05,0.3,composite,11211.0,,,,,
anoshift_threshold_clustering_m1_v2,power,adaptive_transfer,2018-2019,far,breadth,p_breadth,,0.0045221323593355,,0.05,0.3,composite,11499.0,,,,,
anoshift_threshold_clustering_m1_v2,power,adaptive_transfer,2018-2019,far,z_mahalanobis_sq,p_z_mahalanobis_sq,,0.3954351456670996,,0.05,0.3,composite,5389.0,,,,,
anoshift_threshold_clustering_m1_v2,power,adaptive_transfer,2018-2019,far,t_iut,p_t_iut,,0.0537438038090268,,0.05,0.3,composite,11499.0,,,,,
anoshift_threshold_clustering_m1_v2,power,adaptive_transfer,2018-2019,far,z_plus_softmax,p_z_plus_softmax,,0.2245116403532245,,0.05,0.3,composite,11211.0,,,,,
anoshift_threshold_clustering_m1_v2,power,adaptive_transfer,2018-2019,far,z_plus_orth,p_z_plus_orth,,0.232004281509232,,0.05,0.3,composite,11211.0,,,,,
anoshift_threshold_clustering_m1_v2,power,adaptive_transfer,2018-2019,far,z_plus,p_z_plus,,0.1942777632837638,,0.1,0.05,composite,11499.0,,,,,
anoshift_threshold_clustering_m1_v2,power,adaptive_transfer,2018-2019,far,z_plus_renorm,p_z_plus_renorm,,0.2201409330122201,,0.1,0.05,composite,11211.0,,,,,
anoshift_threshold_clustering_m1_v2,power,adaptive_transfer,2018-2019,far,breadth,p_breadth,,0.0045221323593355,,0.1,0.05,composite,11499.0,,,,,
anoshift_threshold_clustering_m1_v2,power,adaptive_transfer,2018-2019,far,z_mahalanobis_sq,p_z_mahalanobis_sq,,0.3954351456670996,,0.1,0.05,composite,5389.0,,,,,
anoshift_threshold_clustering_m1_v2,power,adaptive_transfer,2018-2019,far,t_iut,p_t_iut,,0.0537438038090268,,0.1,0.05,composite,11499.0,,,,,
anoshift_threshold_clustering_m1_v2,power,adaptive_transfer,2018-2019,far,z_plus_softmax,p_z_plus_softmax,,0.2245116403532245,,0.1,0.05,composite,11211.0,,,,,
anoshift_threshold_clustering_m1_v2,power,adaptive_transfer,2018-2019,far,z_plus_orth,p_z_plus_orth,,0.232004281509232,,0.1,0.05,composite,11211.0,,,,,
anoshift_threshold_clustering_m1_v2,power,adaptive_transfer,2018-2019,far,z_plus,p_z_plus,,0.1942777632837638,,0.1,0.1,composite,11499.0,,,,,
anoshift_threshold_clustering_m1_v2,power,adaptive_transfer,2018-2019,far,z_plus_renorm,p_z_plus_renorm,,0.2201409330122201,,0.1,0.1,composite,11211.0,,,,,
anoshift_threshold_clustering_m1_v2,power,adaptive_transfer,2018-2019,far,breadth,p_breadth,,0.0045221323593355,,0.1,0.1,composite,11499.0,,,,,
anoshift_threshold_clustering_m1_v2,power,adaptive_transfer,2018-2019,far,z_mahalanobis_sq,p_z_mahalanobis_sq,,0.3954351456670996,,0.1,0.1,composite,5389.0,,,,,
anoshift_threshold_clustering_m1_v2,power,adaptive_transfer,2018-2019,far,t_iut,p_t_iut,,0.0537438038090268,,0.1,0.1,composite,11499.0,,,,,
anoshift_threshold_clustering_m1_v2,power,adaptive_transfer,2018-2019,far,z_plus_softmax,p_z_plus_softmax,,0.2245116403532245,,0.1,0.1,composite,11211.0,,,,,
anoshift_threshold_clustering_m1_v2,power,adaptive_transfer,2018-2019,far,z_plus_orth,p_z_plus_orth,,0.232004281509232,,0.1,0.1,composite,11211.0,,,,,
anoshift_threshold_clustering_m1_v2,power,adaptive_transfer,2018-2019,far,z_plus,p_z_plus,,0.1942777632837638,,0.1,0.15,composite,11499.0,,,,,
anoshift_threshold_clustering_m1_v2,power,adaptive_transfer,2018-2019,far,z_plus_renorm,p_z_plus_renorm,,0.2201409330122201,,0.1,0.15,composite,11211.0,,,,,
anoshift_threshold_clustering_m1_v2,power,adaptive_transfer,2018-2019,far,breadth,p_breadth,,0.0045221323593355,,0.1,0.15,composite,11499.0,,,,,
anoshift_threshold_clustering_m1_v2,power,adaptive_transfer,2018-2019,far,z_mahalanobis_sq,p_z_mahalanobis_sq,,0.3954351456670996,,0.1,0.15,composite,5389.0,,,,,
anoshift_threshold_clustering_m1_v2,power,adaptive_transfer,2018-2019,far,t_iut,p_t_iut,,0.0537438038090268,,0.1,0.15,composite,11499.0,,,,,
anoshift_threshold_clustering_m1_v2,power,adaptive_transfer,2018-2019,far,z_plus_softmax,p_z_plus_softmax,,0.2245116403532245,,0.1,0.15,composite,11211.0,,,,,
anoshift_threshold_clustering_m1_v2,power,adaptive_transfer,2018-2019,far,z_plus_orth,p_z_plus_orth,,0.232004281509232,,0.1,0.15,composite,11211.0,,,,,
anoshift_threshold_clustering_m1_v2,power,adaptive_transfer,2018-2019,far,z_plus,p_z_plus,,0.1942777632837638,,0.1,0.2,composite,11499.0,,,,,
anoshift_threshold_clustering_m1_v2,power,adaptive_transfer,2018-2019,far,z_plus_renorm,p_z_plus_renorm,,0.2201409330122201,,0.1,0.2,composite,11211.0,,,,,
anoshift_threshold_clustering_m1_v2,power,adaptive_transfer,2018-2019,far,breadth,p_breadth,,0.0045221323593355,,0.1,0.2,composite,11499.0,,,,,
anoshift_threshold_clustering_m1_v2,power,adaptive_transfer,2018-2019,far,z_mahalanobis_sq,p_z_mahalanobis_sq,,0.3954351456670996,,0.1,0.2,composite,5389.0,,,,,
anoshift_threshold_clustering_m1_v2,power,adaptive_transfer,2018-2019,far,t_iut,p_t_iut,,0.0537438038090268,,0.1,0.2,composite,11499.0,,,,,
anoshift_threshold_clustering_m1_v2,power,adaptive_transfer,2018-2019,far,z_plus_softmax,p_z_plus_softmax,,0.2245116403532245,,0.1,0.2,composite,11211.0,,,,,
anoshift_threshold_clustering_m1_v2,power,adaptive_transfer,2018-2019,far,z_plus_orth,p_z_plus_orth,,0.232004281509232,,0.1,0.2,composite,11211.0,,,,,
anoshift_threshold_clustering_m1_v2,power,adaptive_transfer,2018-2019,far,z_plus,p_z_plus,,0.1942777632837638,,0.1,0.3,composite,11499.0,,,,,
anoshift_threshold_clustering_m1_v2,power,adaptive_transfer,2018-2019,far,z_plus_renorm,p_z_plus_renorm,,0.2201409330122201,,0.1,0.3,composite,11211.0,,,,,
anoshift_threshold_clustering_m1_v2,power,adaptive_transfer,2018-2019,far,breadth,p_breadth,,0.0045221323593355,,0.1,0.3,composite,11499.0,,,,,
anoshift_threshold_clustering_m1_v2,power,adaptive_transfer,2018-2019,far,z_mahalanobis_sq,p_z_mahalanobis_sq,,0.3954351456670996,,0.1,0.3,composite,5389.0,,,,,
anoshift_threshold_clustering_m1_v2,power,adaptive_transfer,2018-2019,far,t_iut,p_t_iut,,0.0537438038090268,,0.1,0.3,composite,11499.0,,,,,
anoshift_threshold_clustering_m1_v2,power,adaptive_transfer,2018-2019,far,z_plus_softmax,p_z_plus_softmax,,0.2245116403532245,,0.1,0.3,composite,11211.0,,,,,
anoshift_threshold_clustering_m1_v2,power,adaptive_transfer,2018-2019,far,z_plus_orth,p_z_plus_orth,,0.232004281509232,,0.1,0.3,composite,11211.0,,,,,
