gvkey,n_quarters,z_plus_lag1,z_plus_renorm_lag1,breadth_lag1,z_mahalanobis_sq_lag1,t_iut_lag1,z_plus_softmax_lag1,z_plus_orth_lag1
1,101,0.8535530604503726,0.8167518886295603,0.8089594919785544,-0.1434391398461329,0.4959056384740758,0.7647290265952753,0.7618039055496081
2,76,0.5976883433409924,0.4497052749551538,0.7193832118160858,-0.0270541068310985,0.6780305312560468,0.4784956105940136,0.4767439625713282
3,92,0.3930660463994678,0.3494401494905323,0.7390815846510936,-0.0672809013282214,0.8080712111472756,0.2324748163432379,0.2443368125773493
4,103,0.679880721668018,0.6303930176805476,0.6584404577221831,0.4400403891301952,0.7086087139575867,0.7024436804565515,0.7001792956248695
5,102,0.4575991825736972,0.6300807404221366,0.5197144211169706,0.3665469193104141,0.8457357634265535,0.543123115172851,0.5394272209983344
6,102,0.8234389269756576,0.7107046170464831,0.6955589498122889,0.8326529204858107,0.6062198484002878,0.8241217395922058,0.8230787027815066
7,102,0.704261135823725,0.4398842608082658,0.7302275145972029,0.6201957602749406,0.9560399755060268,0.5593058199840282,0.5635442794481262
8,86,0.4202302207610204,0.4257538777678382,0.4572581003071183,0.3884386115173739,0.5120999010407015,0.608663306797601,0.6135043631360209
14,27,0.9303206015602608,0.8550469305259926,0.8180739779938616,,0.7561715493469676,0.8906549828764402,0.8931024526883135
15,101,0.5808324690532122,0.4007181907841939,0.7777718710706819,0.4873989484491133,0.8959752235001762,0.2262601456872668,0.2417482034004106
16,41,0.5500842153498803,0.6255326465441395,0.4893849573713741,0.6858767512086232,0.942970715022418,0.6679310505327678,0.666972021278665
17,27,0.8756028714684113,0.747016571238003,0.8036381442179273,,0.8554473603334233,0.8266425042397071,0.8280292245693989
18,91,0.7055905546709073,0.5967310676462215,0.6812797655391363,0.4478025616346384,0.9591905126804317,0.5392701557407615,0.5391667910552543
19,89,0.5371702946467108,0.5201605231309939,0.6812131575757215,-0.0845173203820455,0.6438664116669256,0.4607857407780507,0.4814483850786041
20,102,0.5631794250174018,0.6736226954003393,0.6520293989287789,0.0522308867973217,0.4357608707713363,0.5693283863605848,0.5702689415904795
21,29,0.3677954554993678,0.4476325473715987,0.1739343509193628,,0.8262354835958591,0.4066479863186861,0.4066479863186861
22,83,0.4640639707089785,0.2689968207590661,0.7291243437064236,0.1534794099507817,0.9454548493989878,0.1584103642044981,0.1542916155955618
23,105,0.6795325337131568,0.4472166189795262,0.7243420699232745,0.5926358585793644,0.7973528343751756,0.7036124222460295,0.7024944109737757
24,27,0.5583627555100069,0.141341250378399,0.6924653036227241,,0.9124387093851214,0.3373216475448542,0.3490674052686484
25,102,0.8710833459536772,0.6781852174795475,0.7951403407283563,-0.0330000451198024,0.7670155477478561,0.964810654256516,0.9662472074161482
26,102,0.2776234419380705,0.0483636642977872,0.6752487155360544,0.0842410040056405,0.2881441204101878,-0.0285205974661805,-0.038006108496917
27,102,0.3931120219338723,0.3654433914179539,0.6883181348245504,0.0740213373399146,0.8051829287522154,0.2100681490185315,0.219551019009883
28,42,0.6979410950002126,0.5279166679578784,0.708301372156303,,0.9367056795373409,0.689688245570363,0.687968785275873
29,67,0.5109045917479149,0.349452560290417,0.827450980392157,,0.9367821316761338,0.1560770416857131,0.1560076621319154
30,57,0.7846981145469129,0.6944026712556941,0.8372667915333486,0.8295904082388033,0.7902142938066462,0.6830378346364174,0.6794797447709899
31,54,0.5709856080641705,0.5740314124822267,0.5030032805243043,0.3367457965915758,0.6728028878803728,0.6015411424297019,0.5969248938064123
32,100,0.7727762443852799,0.7167357097346001,0.5173381894329753,0.6792986637315436,0.6457428486059457,0.6902460214850454,0.6819458317384783
33,79,0.6325179112650713,0.5207749742282967,0.5921978540691788,,0.8657679526183363,0.6258119702057762,0.6247283433765627
34,50,0.8371750286980636,0.7657101181032477,0.7840847990427163,,0.87007286155677,0.8153488570232688,0.8160195595297969
35,85,0.6508536087351737,0.60809360668126,0.7208093978959242,0.4995318260190612,0.7914360395077179,0.6857135620152826,0.6847862273895164
36,37,0.2455123486874307,-0.0469742592902914,0.7159256220055487,-0.16651026548824,0.8733617316557521,-0.1706639602595069,-0.1616802117183849
37,102,0.4532400044398156,0.1644131270307656,0.6707186537903278,0.4615575376447168,0.4284105267486614,0.1777263466530822,0.1803497947206425
38,86,0.5055995938981545,0.2917595332783766,0.7250007017260095,0.1015825243888214,0.8858005831187539,0.1152960230665619,0.1344114796299115
39,101,0.4570541586081004,0.6219315658153625,0.6372230144930628,0.3005042490663913,0.7577153634079508,0.5502769617156251,0.5539963538717817
40,94,0.241295246419828,-0.0289315014795464,0.6209914346079387,0.0126065701905673,0.8833435253179587,-0.0457727142892691,-0.0276260112532785
41,101,0.7300483238599519,0.6552606117259082,0.7321083053798125,,0.8466995784283124,0.7463130831851453,0.7494649610887552
42,25,0.824539505936893,0.5859041592002503,0.7603642344641565,,0.7554080342942088,0.7370707031800251,0.7327321918478957
43,108,0.6013573134596631,0.3843481663908996,0.721715022589765,0.0897325433107287,0.6862667567094621,0.4495964701776083,0.4542101234138477
44,102,0.4864685573383216,0.3725097290063046,0.7482949072547106,0.0800051636027122,0.831835673986365,0.3559970939183118,0.3600895161764317
45,45,0.5909151881117016,0.4709320622865245,0.7778383009237116,0.8724470619562753,0.6040076647778564,0.4579237913154036,0.4615452864243768
46,100,0.7811718490366725,0.7059333775568516,0.6551427743549734,0.6542280732979757,0.6437461342193508,0.6859888600666132,0.6869691914503455
47,50,0.5877132090977054,0.5686441309609173,0.7882459446397518,0.5774818108862739,0.7694898622982177,0.6146049946211734,0.6114812385633693
48,100,0.4458455651300868,0.2042798399408205,0.6648360988155569,0.8422767885261419,0.8751796427170389,0.4085101273083251,0.4111694166381002
49,29,0.7228635676418119,0.773614908381558,0.2170888205051459,,0.8663259239119888,0.7299189268874031,0.7276392993886316
50,105,0.5020682154563605,0.5262282473446449,0.4933326095628512,0.5565135752363174,0.7315907471007529,0.5275984719370728,0.5296279796879735
51,29,0.0521835583290349,-0.3019304680235293,0.6200672487424569,,0.7894369712627893,-0.2008703707131686,-0.2010028805263631
52,86,0.2155576971403233,0.1659404021148283,0.3732319278160269,0.243372685434482,0.8533605300331601,-0.0085245599482714,0.0028528549948119
53,18,0.7538385245744467,0.8220060451603642,0.5001531315435831,,0.8026079918348564,0.7949839984355661,0.7950812296103242
54,32,0.6390863590097877,0.045705813808727,0.7010055584344788,,0.7901388606467361,0.520627895945211,0.5241213772782402
55,102,0.5151421527370326,0.7210384249995199,0.518019388541609,0.3873433562975649,0.7221169443990838,0.5542165183470805,0.5552456026320689
56,45,0.7622249936256978,0.6061470854080793,0.768620805129629,0.4176773662930517,0.8399457936435565,0.6957932280222704,0.6941759867730611
57,102,0.7629080086738314,0.5842148011174785,0.6734773204099458,,0.8762552585470048,0.6743282717063761,0.6753861015580425
58,102,0.4838337363093158,0.4295255060060834,0.7343504618688341,0.6966273724844343,0.6136371102139797,0.4479620884565171,0.4445341111878749
59,100,0.6551227590487813,0.3986991047814685,0.6082858769370881,0.8915060273603113,0.8523499539054304,0.7671435313432888,0.7661472055212513
60,102,0.517076045967902,0.3333916900648107,0.6640216060055883,0.5757722734585335,0.8907021649283818,0.2663001933896553,0.271343753469226
61,102,0.5542238274406409,0.8048384737409482,0.7386158861026176,0.0136605877317823,0.5407671783361434,0.6160928321628952,0.6050553965152604
62,102,0.4462937083527049,0.4229284980421355,0.5919945642900863,0.2844153606114409,0.7538344788737258,0.3889426349353684,0.401215003861371
63,27,0.7043248738964217,0.734240055062624,0.6122804212628334,,0.8937461077773061,0.7897900297750517,0.7860671832755702
64,29,0.2322076660508734,0.1910513792492559,0.4843796320856984,,0.8388238644412276,0.1183087805724926,0.1369733375559703
65,102,0.4758698150439555,0.3340709196457981,0.5917303146914777,0.3799281469108971,0.8264511066089124,0.1372422404583349,0.1682919639092105
66,27,0.5292073362176097,0.4792231077757088,0.712137615850964,,0.3934031738224243,0.4123708541884094,0.4215008762378798
67,47,0.5561260552028067,0.5111750605604615,0.7318759551438357,0.4508036948025095,0.7527693743753132,0.5761089286444016,0.5780313814966157
68,73,0.5158874674097925,0.4149455529351346,0.7502382942445692,0.2796834152145404,0.927483989527468,0.2761146180822101,0.2766407361238043
69,75,0.6679269312986975,0.7714876354276684,0.6043899751177988,0.7685316189330336,0.9415354384513328,0.7178250816921814,0.7124546014048241
70,102,0.5480299611817391,0.5796374384590014,0.6532368751903447,0.2025747773103607,0.815379427799368,0.6678593706688105,0.6624617797868148
71,38,0.7735138847874978,0.6362807298436085,0.8296649004744082,-0.069870142462734,0.6255426247018989,0.7231026436851935,0.7238094344810596
72,102,0.4930342630932879,0.3057686844711046,0.7733789594480497,0.3268615172371306,0.8760999890421681,0.1558491057689991,0.1521196291371783
73,107,0.562385530423766,0.5751251084736984,0.4961139508557598,0.7702743509950895,0.559619259074663,0.6839734660464425,0.6848545831462272
74,48,0.3615268288766127,0.107905686488324,0.664747989192242,-0.1130303758934694,0.9116047815441016,-0.0575665086945884,-0.0552468384758183
75,37,0.5144207265163632,0.3226115932454764,0.7811376425340715,,0.8481839237180671,0.2309047037188286,0.2251090303584603
76,102,0.6956769136737819,0.4921718311913035,0.6844957286752515,0.6947192646899318,0.8946360652519756,0.6029665279189227,0.6080027979517556
77,100,0.197638010977684,0.0765597228768049,0.6149106632836886,0.0240692878931845,0.8981323069960493,0.0155975950680409,0.0267575983050806
78,84,0.5541109535737473,0.4127014186821408,0.6589538967233974,0.2208035258112582,0.7836187435696581,0.5680671296220924,0.5715001038828126
79,100,0.5148906698296426,0.2688307793037605,0.5945624607852479,0.2148514475113866,0.7495399052899546,0.3804944378738857,0.3792526343462553
80,100,0.7044411716952879,0.3757773023013896,0.6500673395633958,0.3505039292576147,0.8374283044471433,0.611717832885829,0.6109737745843911
81,101,0.6334798714377711,0.559065373393907,0.7783817216994572,0.3896719709883556,0.2525947072506228,0.3789549406529359,0.3822379034990118
82,102,0.2683703598961506,0.0705410024128949,0.6228219600064503,0.1135970447826699,0.8957001467561552,0.0878171267189328,0.0903522638235519
83,53,0.4485391091576967,0.462315081492995,0.7024139682411707,0.4061711604421875,0.8800797162569288,0.4089639955806118,0.4165541810969712
84,102,0.7760043711027961,0.6162902672613891,0.7141127006063327,0.8360035503529334,0.7923176906959263,0.6693620216649447,0.672138013724321
85,40,0.7355525653984311,0.5945333975794772,0.4418434044090239,0.3862452695385289,0.4194800495865667,0.813181567780407,0.8159137774910824
86,51,0.094322765425459,-0.0249396615681955,0.5300278099448307,0.1385121714561882,0.9180911734259454,-0.0714433410134745,-0.0524090700269329
87,95,0.5897131835217437,0.5903039640090848,0.5920436209519432,0.0935374701689267,0.7610661124172535,0.7109913059089423,0.7130105494556365
88,46,0.5648303691473199,0.820592809350848,0.7306409441333536,-0.0252541803547873,0.916850150611412,0.654022489059658,0.6543539776735814
89,104,0.6027818074183888,0.5806870504390443,0.5912553896552339,0.6937578328046348,0.9002683009879636,0.7313576468618906,0.7231074024157758
90,67,0.670154533126993,0.2557755290957443,0.7224809944021805,0.2502443470763771,0.3988457105664315,0.5480679069445928,0.558113400586001
91,101,0.6026858739833436,0.5581488527381226,0.7295810021991979,0.4970122514569458,0.5749384714202804,0.662448462056588,0.6636000620453134
92,26,0.7190275662949825,0.4960707847480813,0.7875644491482009,,0.8660426075757403,0.2589606048469841,0.2848077960593914
93,79,0.3977639344854416,0.5198461739422545,0.685863874345549,0.5079075752708415,0.8850649640723001,0.3629494548858378,0.3614100962632112
94,47,0.4162408397545455,-0.0531471327382205,0.8009563284192149,0.0461097675284695,0.9153547485362514,-0.0981220633166222,-0.0856004628983977
97,31,0.5773621043704377,0.3719448432179784,0.5078996559989687,,0.5021764165957645,0.4067631913510879,0.4177074987476818
98,28,0.2761429395565785,0.0325618631356514,0.4744269066860188,,0.7296963649513523,0.0902294801068713,0.1102380794295042
99,99,-0.0175362488447393,0.0773569910380835,0.4226316943938694,0.0124760089019537,0.944279872130745,-0.0083914655487011,-0.0084252840691571
100,28,0.6050671492958888,0.4156120996067319,0.7736840696518064,-0.1497676485728649,0.8948460142467566,0.2976606709871262,0.3095195233128602
101,62,0.8810143117440907,0.6961408552060238,0.8387566071725552,0.8215170413305652,0.6029633202966891,0.8003699712368763,0.8034976125499472
106,25,0.5508027340969803,0.7082744238737637,0.6375404339293076,,0.3991095043661624,0.7194514320558163,0.7152723224501074
109,102,0.5088800873085152,0.3769755301464354,0.6411992117976711,,0.8312562313925883,0.4339366202984177,0.4375770272657288
110,107,0.5280727396272014,0.5893692343994633,0.7458033573141487,0.5211422153794736,0.6201016566496619,0.5350352584280167,0.5395990798850908
111,102,0.7265107883946875,0.5926637086678488,0.6466482688854538,0.7080353770678407,0.7474572400159264,0.6482444128119522,0.649608954162849
112,101,0.5647126503170058,0.5536442889828899,0.7022601653049217,0.602827872644071,0.9046155271256726,0.5895818017937523,0.5881497020964355
116,102,0.6130570977790057,0.4124080162324802,0.7549486761992297,0.4384021392815377,0.876830676587281,0.4454918224497086,0.4450326298870585
118,46,0.6230528345203047,0.2437153417699566,0.7542195557291523,0.1997669431007148,0.7873651153836191,0.105936140186662,0.1199852205035987
125,96,0.1426074597390309,0.2584542431437465,0.5609496829298986,0.0979868675644029,0.7632307661056146,0.1087019567436106,0.1114932741511945
126,107,0.7367573770250629,0.659566315429902,0.8455895302284882,0.1076785604802064,0.8045722468099721,0.7787344541957643,0.7831188914294175
127,21,0.2350563355546886,0.0560169524635154,0.6403721118112209,,0.7915165642489135,0.18704047096205,0.1860670835316253
128,52,0.6889970396165691,0.7573173368938971,0.6236083321612099,,0.5515030744261719,0.7503663339056242,0.7483045782781996
129,103,0.4700125361905286,0.4107002163822443,0.5294015108417259,0.4304954326233215,0.8425732947368666,0.4478548945348833,0.4332626978126772
130,90,0.4706150838916716,0.5157507019466155,0.613194048411647,0.4677538725202496,0.2706585150015542,0.5649006835535701,0.5586024209969486
131,33,0.3587753031558746,0.4015442184143972,0.5350218626410645,0.3393716832173816,0.7472925107827293,0.443119749443451,0.4404240541850747
132,102,0.4378910497707967,0.5012770125765743,0.5791053715115345,0.3247165589566181,0.5443138593326549,0.2844963874753639,0.2973261412709503
133,101,0.7604673154064291,0.6882017695171304,0.6497044108434356,0.1152568526834147,0.7351736662028702,0.7627885618997214,0.7609877982436734
134,102,0.7899836417195388,0.7225808191546228,0.7738599325911375,0.7412343296712431,0.922264954568033,0.8935735490705987,0.8967816517962336
135,103,0.4625623433682398,0.4057304626494113,0.7730410744390421,0.7516320354292755,0.9079829911888544,0.4256193280913293,0.4317133260699445
136,102,0.8197374417102986,0.7318179826431536,0.762036648031091,,0.4295611166221071,0.7824773815093682,0.7816887949849455
137,46,0.6101898067824281,0.2317076308060427,0.7426590641589136,,0.9377580624496116,0.5258380714621247,0.535737149151449
147,103,0.5892235938192062,0.5521553091544968,0.6614148814198585,0.501491850534159,0.9120681906380396,0.6871405632222523,0.6836486212700104
150,100,0.6990087228985006,0.5732333270190443,0.7472722198732434,0.5337625656245941,0.9076939826504083,0.7131410313039307,0.7104947950772597
151,38,0.5302424007300435,0.4305646760582625,0.3659308738048596,,0.0106803631984718,0.5866043942465677,0.5862652246710987
154,27,0.688869283113051,0.6167917804498471,0.8513285771839905,,0.8814158740466169,0.6910557714709501,0.6944981016249784
155,102,0.6094813956082811,0.2632141953111426,0.8222867580188832,0.3465336593014766,0.9341091094253264,0.4038145205560418,0.412153915621599
156,45,0.5825907136765087,0.2979454648819712,0.6272388471934527,0.6259801267927487,0.7100110799640151,0.2514547465639357,0.2688969728853089
157,19,0.3088879720500407,0.0253930651351796,0.5457887026765409,,0.4349661505825067,0.1590460660218585,0.1629794760766539
160,101,0.7904352437862243,0.7089447398616869,0.698774012110969,0.7240757784216302,0.8494108403578973,0.77393498601311,0.7726454038271366
161,104,0.6724333755184464,0.6904646253684362,0.4750065037404412,0.4639359099077352,0.7132266809795091,0.6728794581424904,0.6728684268458474
162,45,0.3586172570373851,0.320593050777875,0.3330246132031067,,0.8786265096331844,0.2666704338048291,0.2832955333818521
163,102,0.620044866808747,0.5552192014858118,0.5912015738688954,0.602050597939826,0.6930191335305645,0.5803854295750343,0.5874401037412881
164,106,0.715946494680493,0.594976424320275,0.5206963249516449,0.8157487669421709,0.6944496428354043,0.6027095792687576,0.5979252933569569
165,102,0.567765418909827,0.6450973543869699,0.5959373370752774,-0.1431083352061816,0.7110451433785581,0.5303018451413384,0.5368648659658466
169,32,0.6003241754954359,0.6456437224117284,0.8313561572570712,0.3929439971841052,0.7366002921540611,0.7625261102498336,0.7625975287595002
170,24,0.4595434914495141,0.1959260644393645,0.3434365123793335,,0.3012008685984791,0.405454098474298,0.4054038666454664
171,104,0.6402651389237616,0.4403983063184602,0.6985435678293017,-0.3879398220705673,0.8399045436329373,0.4991150242194118,0.4983340116587152
172,75,0.3515055931436861,0.1708989639904763,0.5999289925379339,0.5885790405532694,0.8266636415310089,0.4063640538830934,0.4113024853852621
180,102,0.6784975705527848,0.6596467439448424,0.5399805819045019,0.6536575160545199,0.926288446655828,0.6679154149734623,0.6668568252287725
181,73,0.4424089278622267,0.3157093832715326,0.7346163086910906,0.3341522003031968,0.8027219999643697,0.4616746209453004,0.4667649440041435
182,96,0.4381719323647084,0.5855495124776379,0.5825954136941426,0.1333158921298818,-0.0547097044544386,0.3157215136263031,0.3179115308838259
184,101,0.420321431589595,0.4825421040559463,0.6199384623122058,0.3975263879748646,0.6056560985170275,0.3877607723507032,0.3951445923898682
187,101,0.4411183497842024,0.3081502368951767,0.6934925064764375,0.053110794520949,0.7503601508371585,0.2151731645735541,0.2316205877177356
191,101,0.5201643256853117,0.5536150121645829,0.7669892486435773,0.4476997371849783,0.8678912072302228,0.4412952600214112,0.4333562381844673
194,102,0.6496500870530412,0.4289213969267789,0.6278274879919673,-0.0281474718569508,0.7409189667191957,0.5978832728326196,0.5929334343535175
196,34,0.4968080576339518,0.3746762703167995,0.3518786793084216,0.2336982912904517,0.8545522265452642,0.3441794293872783,0.3685493852939511
198,105,0.4144668271633643,0.4704216807294962,0.0508815774603953,0.498540885364315,0.7001003823251406,0.5474406327893379,0.5449663248754949
199,36,0.2557443327559245,-0.0685148158334976,0.6934897827386739,,0.0386191527998448,-0.0222249343374061,-0.0089729903763564
200,49,0.533235965099746,0.3469569293973941,0.4414627005371455,0.4584099162063828,0.8767086888365053,0.4923962419276045,0.4884963845937743
211,28,0.3396763177560424,0.4923827379890105,0.5144769198967694,,0.8948083231566134,0.4134083572363485,0.4217165779107518
212,102,0.5755814731893028,0.3981054043033953,0.6681259205155263,0.2878150833062014,0.8489245544293279,0.6591984754771393,0.6632096392646699
214,102,0.4074074587213621,0.3421431771496394,0.4259181604485644,0.6588452363580858,0.783226718482354,0.281371161437872,0.2833242188733444
218,104,0.518741888392214,0.4330524124075688,0.617432969438481,0.5164415614464702,0.723079445442136,0.3844377328568752,0.3952887705145477
219,41,0.0721564182707212,0.0198618056553783,0.3623467224071945,0.5631026217822304,0.8406588037071016,0.0547991877622381,0.0523071916389565
220,102,0.4488879191298201,0.3541207397641798,0.6639489074056725,0.3931570228885538,0.5020947747660384,0.3621745685880926,0.3717404689236264
221,18,0.5385326111178613,0.5159410299023691,0.6066167414172989,,0.6699989709347917,0.4882292284809764,0.4882292284809764
222,101,0.719400865065471,0.5679544609286822,0.6638471002078805,0.4587436675013415,0.8502990688595128,0.7853135458304683,0.7842287859057119
225,47,0.5130222930726618,0.4016592485975132,0.6194671587107649,,0.6696536434808669,0.3474802022157902,0.3635359870853322
226,48,0.6378867762813605,0.4119020665195715,0.8616451756370309,0.4050919428710151,0.774230043585131,0.3290630056898488,0.3322795533436217
228,102,0.8357974509553094,0.7179755215274902,0.8208544441921104,0.8839934783441529,0.918568150620806,0.7631855405887688,0.767870208426279
229,102,0.8727757629476568,0.7957725094459046,0.7696373317244991,0.910873433323394,0.7600331921507845,0.8574524823388591,0.8538640228134913
230,75,0.3435842242289189,0.4125925773421001,0.3936896676313381,0.3134394381970505,0.6819827015038679,0.3254670404367454,0.3300249140077509
233,27,0.6177002110163212,0.3933188203770278,0.4274909800354805,,0.7839047241818119,0.7235582815928991,0.7233358302130758
235,66,0.8282020100421721,0.551760602168025,0.789868284696434,0.8668774137545021,0.705739712620235,0.730794846870849,0.7304675680669194
237,101,0.7565621408193625,0.6842344574715347,0.6554111394933371,,0.6930935983610124,0.7774042721802584,0.7791298990578269
238,102,0.6224364501124938,0.606576030673999,0.7982275190811415,0.5453363881721929,0.928484341090581,0.5645682739470598,0.5569102260654849
241,107,0.6654097196073637,0.5514516102135439,0.6263860385373271,0.7526836921859523,0.7364428811145265,0.6231572304224419,0.6222965546304783
242,75,0.5141647266279968,0.5142130177285743,0.3763942618042384,0.7127289776828793,0.8625912147515006,0.6176758667476911,0.6212742040812682
243,101,0.7472719051180677,0.7659257167337298,0.6609989200950366,,0.4588563099730345,0.7668054808383827,0.7645482720173453
246,27,0.5732996943068458,0.0476529680371003,0.7068590307052961,,0.6370131083191867,0.3944293522994905,0.3959878388021755
248,31,0.7202645937447831,0.7718710557051957,0.3523392818581182,,0.7794158203738647,0.7810150866636911,0.7789434412941594
250,102,0.5556481615971254,0.4641218862639468,0.6970315149076495,0.667911982288586,0.9139454271561748,0.4849389062600185,0.4891108141423809
251,11,0.7593244408344682,0.3907235582796064,0.593598151351816,,0.7830753246052464,0.6985939774666433,0.6953171627421014
252,102,0.5538748334554129,0.3294508535351025,0.5473646423107208,0.1474742687819947,0.3870100093750054,0.4689416946053175,0.4777960437198632
253,102,0.6772436630002081,0.7251242084969088,0.6551293732723562,0.5972858801173107,0.4224482482338857,0.6631545842557187,0.6649100489951574
254,29,0.7124807944246528,0.4822735032337557,0.8099911236087013,0.1299332453452907,0.9315612151388464,0.5073553938052208,0.5429681690551073
255,100,0.3473167540779766,0.3716556595926172,0.290364277320799,0.0037456987902591,0.8733789145657439,0.4060910659736238,0.4031763417368817
256,102,0.4757284904258498,0.6032767262965647,0.7877496511115926,-0.3045871242243542,0.8545308267991486,0.551824006671772,0.5674715102471466
257,102,0.7298719979149643,0.4573482821686422,0.7956841704986498,0.0297039311971631,0.6572105430957225,0.7321693064263749,0.7306273675223951
259,102,0.4580450996578944,0.377219097394169,0.6149028374474166,0.2076722886420993,0.8622378110739972,0.4080182584103463,0.4167745679984752
261,23,0.0471688096183158,0.1407971756087216,0.2112233575944302,,0.8860893371221792,0.0835632938014166,0.0835632938014166
262,102,0.7195632963548555,0.5840291312090347,0.7643095069761836,0.6188665545967598,0.7252407700554977,0.6297694840625447,0.6275324796223366
266,102,0.7017771428969798,0.5803992071582036,0.8653799005065651,0.4147254090004011,0.8950299104851243,0.5355720386580096,0.5443678709509574
268,102,0.7081891495248704,0.6860029806304091,0.7854868613152697,0.7281891543178031,0.8602342983754456,0.6330104686587561,0.6222985390591046
269,101,0.4878553994946242,0.2485589105250297,0.6155330324921661,,0.7606840665727673,0.2552037442862175,0.2596695030903486
273,102,0.3906121090270781,0.3987110004958994,0.5084733714361827,0.2928249180079915,0.8198743421880503,0.347484518348609,0.3508080947374266
274,100,0.5879590126554454,0.3563717496581794,0.7860768269354313,0.4075202367062562,0.3999678155843696,0.5007608127617947,0.5039017014509081
277,102,0.6411907418944126,0.4615334570186159,0.6064044009925015,0.7424497035696869,0.709348047340281,0.5235337651871744,0.5248424382975182
279,54,0.1493334162698552,0.1238095344804948,0.7658476513035276,-0.1520529777599548,0.8150961807308805,0.0157605021165473,0.0417841784747583
281,31,0.1332049428221234,0.324287893617114,0.5127958065510902,,0.8928635452117812,-0.0663470424760241,-0.0577602867121507
282,102,0.2770467472171933,0.1810797837348456,0.6010245009838188,0.2335741171283326,0.7951613766133413,0.2540564790120853,0.2492158391356923
283,107,0.4665250059646483,0.3692467850256554,0.7128259122768151,0.5619914960983953,0.5942597852642872,0.4499141220155956,0.4498692779157305
286,107,0.4991689163117522,0.5947236988694604,0.4614328476140176,0.8333628680045235,0.869095658323102,0.5645082188389564,0.5613453033569156
287,99,0.5346021280232015,0.5006549649673718,0.8318337829840303,0.5443348983189523,0.8887204884675702,0.5288869385251936,0.5302533780604587
288,101,0.6591166373278814,0.5034280573265427,0.660684513997439,0.5055586313229165,0.7745235617006744,0.5678224162899984,0.56897630994393
289,90,0.6972242041557195,0.7575427057009493,0.7252810277586623,,0.6726652548083728,0.7267701858577206,0.7286554771191444
290,29,0.9193184491630744,0.7578009587622075,0.8739801549533427,,0.6425329469982924,0.8812222879000016,0.8862719756075652
291,76,0.634086835575169,0.5163209434354187,0.4121891592893357,0.3715484027530466,0.5628749459782726,0.5240810278280962,0.5172620806099592
293,39,0.6082711489120184,0.3446938121853953,0.7474465754531616,,0.8663874553581363,0.4388053775124384,0.449150690019881
295,33,0.3026950325230549,-0.0883697466615828,0.8094688059957943,-0.259337426039067,0.8507652978119923,-0.0819781015093239,-0.0894721314141959
296,101,0.6718419938627117,0.5261420161528504,0.7954842442270716,0.4276000076683657,0.7399725460505365,0.7203607108558717,0.7289570124868591
297,59,0.7566952872102936,0.7412234447754377,0.8577116733374751,0.6330089667628466,0.9241093343541196,0.6915508641147168,0.7002102037894018
298,102,0.7275224145457269,0.6759579624316834,0.5391894437481041,0.3274041239880988,0.8534992996094396,0.781839768999869,0.7805579407772023
299,46,0.8692725234279172,0.7596345394850352,0.7627614720332125,0.7184661746351566,0.7471448040825187,0.9223214606472988,0.9223528207675832
300,102,0.5625362370746535,0.5289275570908537,0.2499999999999998,0.5845360319300676,0.7129695079704201,0.6151701028514311,0.614987401456951
302,102,0.4912228358232423,0.2158769840755562,0.6125962460758847,0.7534174336620695,0.9592530031688158,0.3512769675445478,0.3520159475585067
303,26,0.7222711499388357,0.3490681433867397,0.657521286042168,,0.4959066839105174,0.2855911087712225,0.3324374662007571
304,102,0.7458348719549283,0.723663716322865,0.7945418406288022,0.3800288910164101,0.4591189811067421,0.7142690133197296,0.7141018392067916
305,49,0.5949163813115006,0.6140618779529723,0.629489369557956,0.5516724812113102,0.9199865093024294,0.6516901181727532,0.6578704007490015
306,100,0.476418944212253,0.1984875827276738,0.5992877574829397,0.4117910189510612,0.8027114421472819,0.3347003611186809,0.3323344552354946
316,102,0.4395190802300752,0.6551563343540315,0.5856691262345319,0.602969407163935,0.9534218605101086,0.6433266975114038,0.6479373531690161
317,102,0.4866421846510124,0.241247701659796,0.7775887570176774,0.33399321955682,0.8771763250341174,0.1812278508133698,0.1968704172410106
318,101,0.7026709266353152,0.640679621703803,0.6549293350932578,0.5378474560603825,0.8527701266964135,0.8363684445804633,0.8382189567590903
319,39,0.4834349379976572,0.540283212975351,0.5844772211052658,0.5013192753002329,0.7822953900746523,0.5305689115367932,0.5266315003447298
323,100,0.1428511626080556,0.1745244924988939,0.192844612225341,0.0982706990400125,0.8439775149165772,0.0055467886384903,0.0207499825441108
324,60,0.5432343148709592,0.6900304914236616,0.8479234760967255,0.3365580906967167,0.9307125387911682,0.3591780936076764,0.3574928012444912
326,45,0.7731763874231744,0.60321032707973,0.8538603003443022,-0.2970874158419748,0.6161514178629254,0.6719121428929113,0.6778194726998905
327,42,0.5188487745642794,0.169669308269095,0.8223026799915515,0.319019662590617,0.8092875842753015,0.1134716367889963,0.1547373355251458
328,88,0.4278251431600839,0.3746981000053468,0.6952906819751621,0.2415990370604617,0.7950221768456914,0.1738761331734707,0.1772581569928212
329,101,0.5334302709612156,0.33375293724458,0.644493392414064,0.4494984358643378,0.645770445506649,0.2946259839239519,0.3046645902231438
330,71,0.5434924635210668,0.5319613695773514,0.6822232183277633,0.4778963374586927,0.1818303551344806,0.5713479032062871,0.5767401303697418
331,102,0.7418291179139429,0.6267398778659427,0.6993348563936392,0.8721792990314069,0.8439334295420693,0.6770058204054312,0.6796443410251081
332,98,0.7280020359994599,0.5495139103612042,0.7820384637448891,0.3961527214941702,0.7257297302537209,0.6179546430188939,0.6167699911206841
333,100,0.4965418996360441,0.5566481164114282,0.3702855976950338,0.2708756986770459,0.8152035747188603,0.5728192434143267,0.5676915686209517
335,29,0.2276928018728364,0.1765901831552424,0.7707580554767294,,0.8656925358044419,-0.0774764907432326,-0.077045357693917
336,102,0.547170272927568,0.6600616204521518,0.637280651336183,0.520450381666653,0.9294807360197844,0.5011426168805851,0.5072597006261055
338,101,0.6406265547927376,0.4780965147969473,0.6095815657430648,0.1663196242056666,0.8443015203920529,0.4360361162066818,0.4417469304267458
340,102,0.7998636076137702,0.7008155966701385,0.7308541205665191,0.7903291152885361,0.8987851327371492,0.7503965889743074,0.7492387365637446
342,102,0.4511423591572279,0.1230943546035912,0.6958680597289144,0.7449396661733731,0.6871346283482882,0.2533915292925166,0.2680816670607645
343,43,0.545102489384561,0.6792890684913715,0.7635050485584456,0.052444613175957,0.8414263484341217,0.472205177868152,0.477696158274683
344,55,0.596218937775383,0.5053170680234007,0.8162765786601841,0.8401077828830797,0.8476296386800282,0.4994887148379108,0.4994398465026817
345,29,0.6949890277212819,0.7409361135366145,0.7666762699078623,,0.9018381928143704,0.7922990805397998,0.7920529562764157
349,43,0.7241993078081465,0.1137280457185752,0.7879020547286472,0.0386603882772536,0.7994281144158855,0.190305709839706,0.2251649782139954
350,100,0.7170785897937441,0.6937299328666137,0.6308365758754854,0.1899712652860152,0.6660605659123727,0.7192551467440865,0.7200211978006287
351,28,0.725692056886769,0.6976313433908404,0.921181907185218,,0.7706624589178199,0.5889241265613193,0.6221736849225797
352,102,0.8180546876197449,0.6614133437373991,0.6095648214174506,,0.9253732575305836,0.8520858801255016,0.8544237543782397
353,23,0.5102652465341104,0.1374557349570871,0.3296221983586568,,0.1639055634870844,0.4319300370179917,0.4333262239430043
356,51,0.4303680299060007,0.3303553019441206,0.5019374965080143,0.2789342193763617,0.7433788562294718,0.2628836999842001,0.2617383408560401
357,108,0.6907897561345865,0.5156278032140381,0.8390072729047185,0.3464872732127547,0.9273440956657688,0.636476713567899,0.6354930378124826
358,100,0.767149976445298,0.6392064559217371,0.4605659862550111,0.8798617419968143,0.8439829185283413,0.5829812788825821,0.5808881513054543
359,102,0.2690967734308029,0.5715644681222832,0.3688691790828419,0.3208109013345868,0.5996775881428588,0.3567547319486975,0.3621365603731423
360,54,0.647745238901821,0.6812983854166976,0.6092613773554548,0.7304171405047444,0.804319182296203,0.699382506579321,0.7001923744175006
361,56,0.6653206662674269,0.3833010621223897,0.742794200568414,0.1953529097437563,0.4287879354023557,0.4166815448370318,0.4240970357937795
362,101,0.4856290255921901,0.1954514122197311,0.6422348408239468,0.1043212348518931,0.8634426877239628,0.3361057675168267,0.3404024476407137
363,81,0.3906386741427677,0.1823143639162412,0.5718389698319751,0.3544556766256579,0.7864566429741614,-0.0360999659138789,-0.0525191889626351
364,87,0.7354156960649584,0.6334223530200563,0.4763862022282616,0.5068267927013276,0.2281748581523338,0.7560812600174516,0.7568564445198057
389,41,0.6239176905645285,0.5219220221559012,0.5119099694246465,0.0909371300064414,0.7005161561560007,0.6249164262848207,0.6367415080870041
390,102,0.7203409614159859,0.6241298618294026,0.6412964406493828,0.4079628084823789,0.7792550347171435,0.627064386516034,0.6305711308402215
397,25,0.3152669477094717,0.2887303451031605,0.80883811355312,,0.6995283808627476,0.1803940218260237,0.2067197616211286
398,24,0.7496235202651866,0.2323255778823459,0.7424430295578801,,0.5325103729555797,0.0589751200695675,0.0685997065589837
399,40,0.3239837887469945,0.6718131435953201,0.735073978010795,-0.0928075089855765,0.8926007555192526,0.6022932751685464,0.6034538394312919
400,100,0.6236597710948525,0.5508061449103131,0.2854759094216099,0.7202948645634897,0.9480454513521006,0.655231372951422,0.6556154036449323
401,102,0.6279648223114371,0.5771442966529718,0.7552807742546515,0.4723695721003809,0.8005784777322161,0.4448856611939318,0.4586643868103835
402,102,0.3550633822788615,0.4441974967697905,0.6369194880644046,0.3767896745697296,0.7516770205576684,0.2965381993677504,0.3122203683672404
403,27,0.7068667791806461,0.8398654634968898,0.5756405190467907,,0.7037169575230934,0.8566329324572999,0.8562340658815806
404,99,0.66905165531326,0.5629591783967091,0.5433419656620172,0.3811125176122418,0.9455920241070116,0.7360814426617648,0.7468637502154433
406,102,0.4046264606661625,0.4370429573808245,0.5087582348010967,0.0781568642821627,0.0398704893917653,0.3498852526477021,0.3612751059088835
407,102,0.4846316219377486,0.3688650844428207,0.5525266568308139,0.5675849279711348,0.4560968211586731,0.529613794006587,0.5239475291041302
408,24,0.4451134921560619,0.5903124433009661,-0.02836380138987,0.7540167725676971,0.7851962668706363,0.5430046470701331,0.5449949181587517
413,103,0.4408541987337155,0.3536729204600759,0.4263347109198134,0.7705325117772869,0.8388296397353534,0.4198271104619381,0.4175548504332962
414,47,0.7825307712186185,0.6284427526200098,0.7459504096986276,0.9174398410416388,0.2222627064305266,0.6574376549179484,0.6619397251368966
416,102,0.4347799025543792,0.1092361225877658,0.6814203911649862,0.3223986848664949,0.9711645083751916,0.2368661580528072,0.2359232251861379
421,41,0.5326745493109053,0.3097752920534833,0.5267372579036438,-0.3574737501697467,0.4721589042652507,0.559507152665152,0.5561342278859454
424,103,0.5423409961046114,0.5922698856373001,0.5487027081190556,,0.7934596216393871,0.4996307644179605,0.498187655054764
426,22,0.4988563476444969,0.7036572430574086,0.3408556477661883,,0.779510513672231,0.4524515264480607,0.4016223464734862
427,102,0.4103322796173516,0.3814143142339392,0.6703030789238905,0.7983190350142997,0.3859944974618338,0.3346842742053389,0.3306913478938937
428,106,0.4189818356650692,0.3806924693745843,0.2653204707879164,0.6607612788103356,0.9264705036430344,0.5326407161338779,0.5314843501854075
429,28,0.6868057323172108,0.7679678925417023,0.7719091532789306,,0.936247256637082,0.554883008469801,0.5797734159891245
430,102,0.406902122926453,0.4957211766756795,0.6326321943885886,0.0722287884668035,0.846294183548312,0.3688463306833185,0.3724317475949074
432,102,0.6751895017081088,0.6441405071138202,0.7432540126537757,0.4413731867953746,0.8825918214875723,0.6133391120452463,0.6129857089985676
433,102,0.353326236803323,0.2427548536561209,0.6121716970612412,0.3529854213718285,0.8718481043524355,0.1355639574318441,0.1485509590453252
434,23,0.8468885735379025,0.6900364088917451,0.2399608123681965,,0.7000187065032699,0.9152218148189252,0.914082532545101
436,102,0.4760761573209601,0.3796877424760124,0.623391370843227,0.1617430004516991,0.8983351393902975,0.411133347104465,0.4115459955959865
437,91,0.6975829077527395,0.4657532219916338,0.6298393993927001,0.2680983392911221,0.4884286922380239,0.7361970902944269,0.7375503602786592
438,52,0.5055077093133924,0.2728359791303822,0.8018252423618073,0.2183561228356613,0.9442676095745542,0.3412951594486014,0.3417899110163631
439,44,0.6908471066212662,0.7117166832364948,0.7885952753731075,0.5257006270127457,0.8021116502748505,0.5681729787215397,0.5709184404527793
440,75,0.3886695560951978,0.3837962662856338,0.22762882486457,0.3746498150626893,0.8771343202251245,0.3065083959192506,0.3176710836171924
442,100,0.7993476339637681,0.6288983687961741,0.8204655598229246,,0.893815921488661,0.7122799998296453,0.713944994319617
443,33,0.811167580014433,0.6706099971735764,0.457362202244951,0.678311508696606,0.2283255584175102,0.654797670088036,0.6618255999753833
444,102,0.4899763156674567,0.5220932528658576,0.5984519114443145,0.4268795942860274,0.8842124697094182,0.5000320894705571,0.4998329184043121
445,102,0.5483759914056724,0.3322136008483038,0.7977013236455237,0.2045936201595034,0.4770277971637546,0.2530274434596065,0.262761896356266
446,87,0.5590641524465358,0.5620405419153172,0.5769095600138086,0.6317814622825708,0.737022672397747,0.5567023308434665,0.5637274238913856
447,102,0.514531363871333,0.2477343769339911,0.6842258571706399,0.0692146666308538,0.8552213818423222,0.4038717822747507,0.4142237607086768
448,100,0.8031302094598982,0.6710476479036257,0.6838179335486558,0.8289154269054867,0.8444817565170606,0.7818232170820074,0.7856684755447523
449,90,0.8549223669554765,0.7364285460908561,0.802441913442195,,0.9109731745121362,0.8120664821642465,0.8106637753257361
450,33,0.678437893495969,0.3033363700042464,0.8794752417351602,,0.940648761282464,0.4348668374623788,0.4998565385074969
451,102,0.3556625028059134,0.3763251257617186,0.6575864224505967,0.3955641449921738,0.8584449696174815,0.2575884163492727,0.2575345716164346
452,100,0.4172963120765582,0.1681481092559775,0.7127926443123421,0.5325307870863413,0.9286572168188276,0.1161844828109951,0.116267291686112
457,102,0.695401160693244,0.5107358388641501,0.6703143597937592,0.4058431948804656,0.7132994051407888,0.4993976224095776,0.5078566348044722
458,23,0.0828929492967578,0.0147367631757158,-0.0955438679633297,,0.1866506691040524,0.0227343655979304,0.0227081763595901
486,101,0.6715805434079345,0.4040598752577599,0.6441339563259041,0.1541705204045918,0.5008257625459132,0.7652413462983799,0.7688725428150467
489,104,0.6429816302039795,0.4670048141102488,0.7077218268325925,0.6146358325379409,0.0821182504171735,0.7089008597823118,0.7121743576115919
490,82,0.3809841950305622,0.1064650257618444,0.5956999187078736,0.0578967584499647,0.820722019118209,0.0591519036475435,0.0811721595658179
491,102,0.7866192609555869,0.7661017262055545,0.6820125935606515,0.1866842173222067,0.5022752140774883,0.8400265105595266,0.8407024019490036
492,54,0.5488945145536068,0.2960619132885113,0.7636605244645229,0.1401247528260348,0.8555837395452178,0.0392387311946126,0.0552795087304772
493,47,0.5958772543208982,0.0448485046670896,0.8127514373363565,0.3207608516129535,0.9298037984686434,0.0704811675120205,0.0809061372792266
494,50,0.5517791832462859,0.638556061335771,0.5056377107674495,0.8066592000885082,0.8974555154440156,0.7366496414225396,0.7349855551003396
496,98,0.7038966364747075,0.4324237562203503,0.6671790367799595,0.4871082908544385,0.3862939217828214,0.5858856708657103,0.5810523905634926
497,87,0.8063571067381285,0.6954698095100952,0.6305113393428202,0.8820843249022798,0.8198168119746215,0.8853627976378867,0.8858438670524938
498,71,0.732050795377909,0.7050444111363608,0.8005211182105888,0.6136820049417762,0.4058754552086814,0.7586117849548855,0.7626979068200678
500,104,0.6804376822676499,0.6614148361360078,0.7000442037483536,0.50447202907391,0.6830019736132367,0.7566690179355368,0.7562326729293628
501,101,0.7274835603217069,0.7876142472431255,0.4595553542501803,0.4007152180192984,0.7266369818262836,0.7003026567201563,0.7138335149068242
502,102,0.597367791236188,0.4657512004564808,0.607921645905846,-0.0509276704719198,0.2503431278373009,0.5580708507688831,0.5638258103724004
503,24,0.4245156666317067,0.1859960926919863,0.6540506540509811,,0.7294303305625849,0.1042216313575089,0.090007469715091
504,102,0.467320564724322,0.1801452374179738,0.8139855391632203,0.0720267431086438,0.8141352725693095,0.1607562521730841,0.171159790703389
505,102,0.6513485584501126,0.6014985412921245,0.5470725837848851,0.8643705785805587,0.6490637526491772,0.6619407218652699,0.6639241827745717
506,105,0.7827170343146205,0.3741624916686686,0.798198219903233,0.550662611181415,0.6529547339683279,0.78819194639739,0.7926828631863468
507,102,0.7637836022956241,0.7816988762347166,0.7084555301534975,0.7211309717651991,0.8944169412722485,0.826585383946582,0.827520858483628
508,102,0.4282862331371523,0.2681596145874754,0.6929074432220333,0.4264033261111394,0.8440108922132273,0.4101172255517725,0.4097268258006144
509,102,0.5933534975582258,0.3926873801544805,0.5436775245823314,0.5136109617372514,0.6584384287631799,0.5035415055908861,0.5104863386738154
510,29,0.6912365460322124,0.601597008856318,0.6968173173726282,,0.7935470321457911,0.6400102237910427,0.6429639054989332
511,107,0.6468084520483343,0.6478432733495881,0.5078745298237769,0.6249125701291387,0.800548961776482,0.666814411552835,0.6752859055807359
512,101,0.7428011645217331,0.5509082046255661,0.6311170268097797,0.3857355678591122,0.7764143068849862,0.8929982179906051,0.8914213438836182
513,36,0.8432496820063995,0.821195511387217,0.7940588602100642,-0.2493300247196127,0.519236873176337,0.9423275467036916,0.9416593984167346
514,102,0.601099868179433,0.5561753178278407,0.4817504334488696,0.9188896257209446,0.5904765578183461,0.7237369846435547,0.7235719281737183
515,59,0.6292192692939901,0.345261469741316,0.7917069194888033,0.092927991457574,0.7907880278793415,0.1686223829448901,0.1815165699097754
516,57,0.7923014441001079,0.7621894889258521,0.7314057747207309,0.3746559222450362,0.6541182112925181,0.6412176365015817,0.6414410556782515
517,102,0.4135657650991013,0.4657207830233826,0.6394105828764417,0.0673811235264069,0.8593985639307009,0.5233060736585068,0.519337769958313
518,90,0.6677182844380211,0.3578764228292802,0.691575572086391,0.4047351179851252,0.532664374048205,0.5461641562994257,0.55006606941335
519,91,0.8085378684079816,0.5908979418270868,0.5760180979954981,0.9211755203653784,0.5708969230395434,0.6476971020634651,0.649697104094988
520,102,0.7326581070697703,0.7083591107206328,0.6923540746355027,0.7784888641394184,0.7672563734706387,0.8981374575043175,0.9011271288069496
521,46,0.5719234078518809,0.4919353639230717,0.8179010616722692,,0.8931395526632586,0.3388802122075193,0.3448978667000795
522,102,0.5962014520677975,0.524073261934343,0.6940437470443582,0.0628471864065675,0.9153640421472614,0.6233771884700221,0.6302087048619665
523,102,0.6689372250822226,0.6528860858076871,0.6580351352213958,0.2572410641090847,0.6164503326256178,0.5617793709713148,0.5585223108386774
524,101,0.3802965204505441,0.2985041820458575,0.6051574127299713,0.5014700003510324,0.5297658193260714,0.2553459654762859,0.2580454497756541
525,47,0.595325722176234,0.4646307622218044,0.6684118913183467,0.3589112726125508,0.9169542867411304,0.2676178998513077,0.2872006682349222
527,25,0.7330685954017864,0.5670005650328543,0.8237069236186133,,0.4644864137803348,0.798011975695998,0.8056160493549529
528,102,0.4594771864581686,0.3662661892475027,0.5655821494386823,0.4445491114780888,0.8789543557393429,0.3843835099748557,0.3843122337892837
529,102,0.6666398268734048,0.5141750415125548,0.8203866694261237,0.3749154285436663,0.7915222707398064,0.4453344150696874,0.461022459056011
530,32,0.5356826837890324,0.6582507336100776,0.7839544348664607,,0.7799302188525231,0.4662500470563218,0.4786486138487751
531,101,0.6490320516088247,0.3906842571618478,0.8338792251683472,0.4758407006156423,0.8814014768041661,0.448414813523629,0.459662951822266
532,49,0.6119373975027135,0.6697905402490104,0.6667884522884537,0.1920798313134931,0.747462117129506,0.5957562254930049,0.5947435293519494
533,102,0.7349828966718273,0.7454664346888656,0.6721590709156894,0.9362425945496632,0.7808300924391249,0.7386787522023638,0.7408550678532655
534,102,0.6705116184420155,0.5416065091595758,0.8198216149514891,0.5889616544434155,0.9167975929920472,0.4888100254374439,0.4851248752933541
535,101,0.3859490653556634,0.4801916390842656,0.442463259549304,0.213616246927942,0.8719284538575698,0.4903648100557696,0.4826353174152861
536,102,0.5050679531921625,0.555684593330034,0.7127035040500596,0.6272266806929466,0.7726335338315837,0.5178294393120515,0.5103140332396819
537,79,0.8287052520636649,0.6716816907285045,0.7869752320667841,,0.7119865212774668,0.8765614743590967,0.8777485904123187
538,102,0.5626329225582057,0.3762085527267536,0.7242495150735804,0.1549675852608164,0.8913173790754177,0.174896565187555,0.1838101132970424
539,102,0.6535799507144797,0.8185239552009754,0.7615843353416307,0.6563185635477384,0.840150953280292,0.7748302910833588,0.7699440314710976
540,90,0.5720670981980884,0.6245955908003108,0.6574750409508315,0.2563055398851483,0.3329625188113387,0.521906521321114,0.5169685416841993
542,86,0.4198702022955244,0.6954286307782952,0.5222818305271889,,0.2163275163894642,0.536529121813082,0.5287600329789967
543,101,0.6825837796921074,0.4808568904965581,0.7325812558913491,0.3557924922423947,0.7161723324148012,0.71512832056253,0.7167402029594813
544,102,0.6841323468557189,0.6880199769916219,0.5179865185444494,0.6855216652412921,0.6050235407201707,0.7393691864171235,0.7420432303426273
545,101,0.4808600457060065,0.5153840742934442,0.5032685968479895,0.3596020691695052,0.8528128296126328,0.4448551481163399,0.4475328276908532
546,77,0.5997498400142228,0.6318504409926748,0.541898164142386,0.670196915385662,0.829422145247347,0.7218459911399718,0.7124542697268923
547,100,0.79390184583914,0.7619655503703046,0.7075999831740263,0.3881796631420374,0.8523805911591881,0.8252039215520929,0.8260319552461866
548,104,0.5354563042262127,0.5769535393624963,0.6825573770491796,0.2100481106126569,0.6862434188560989,0.4639058320583927,0.4729005318671208
549,101,0.8479461915931175,0.7681619599255831,0.6541772990453247,0.7715824428971316,0.913265584851796,0.7615402915198415,0.7600990173625182
550,30,0.7828588796738694,0.8710276743866081,0.5046386948605563,,0.5552789868043856,0.9018178151621392,0.8952363442606377
551,97,0.4228219267894328,0.481962933847315,0.680094560214672,0.3232819883655153,0.89989126059795,0.2037940119946138,0.2056429403092631
552,51,0.7452014516880473,0.3663494998791677,0.720517233453158,0.6420770412497867,0.786921589632654,0.5554671092824701,0.5700620058426804
553,96,0.3729585497770168,0.368538001890109,0.3520394079030368,0.1259998368622231,0.1151459217728992,0.3396598924624529,0.334115144757253
554,104,0.6427812765934997,0.6774174531379105,0.6010437116692884,0.8899027876059572,0.7272929729129272,0.728271534097341,0.7295604484518545
555,101,0.8572130416233733,0.7811336763218416,0.8504431774417077,0.6631427310929533,0.8970673283009333,0.8919183352166868,0.8953045391999609
556,45,0.726064433892079,0.6031162042565033,0.6697505075288877,0.5298318433510648,0.629776898681427,0.7366857767168544,0.73666437799794
557,102,0.6331875060805341,0.5337695864378886,0.7534860144406013,0.6497794536694237,0.5024919470862581,0.5233479697226013,0.5225126008392283
558,39,0.6403647080508951,0.5068655100064673,0.6295522400949188,0.3933082069188633,0.1563454907817302,0.5286149564966416,0.5326127490663511
559,65,0.6609340015541351,0.7026958004927065,0.4862961548620593,0.5714462383723492,0.7279389111979743,0.5959722429800696,0.5955547446107401
560,89,0.7942759150428126,0.6179965643202495,0.8167867472249577,0.7698686244852262,0.6538757295178049,0.6774573616463384,0.6793487546809127
561,102,0.4574584921176169,0.137770809513992,0.624672929848617,0.2741377950752475,0.4248770118666958,0.2960881362844996,0.3048370030820505
562,99,0.6145861677653615,0.6049937478569491,0.4977534400449309,0.7611315920930017,0.863162572130747,0.50426428028422,0.5058220199823036
563,101,0.598958861632678,0.3953813626969996,0.6191655639532475,0.5646368659003761,0.8354817680459673,0.6750642290784987,0.6802158719811316
564,100,0.6875795177350049,0.666431699985367,0.6744253578425469,0.8231977515835984,0.1547488151676048,0.6929959513933569,0.6956585249753101
565,26,0.3659192708518318,0.5396422135118568,0.5756166046404392,,0.7504231208409571,0.2484563568147396,0.2484563568147396
566,22,0.7121685019081787,0.9189464143486982,0.7506841219996996,,0.4461332792576428,0.8585323892565503,0.8630654293891116
567,24,-0.1271308421075676,-0.3518086052222001,0.0075190095289671,,0.7843406197368591,-0.3668800756065251,-0.3668800756065251
568,102,0.4602562708413995,0.298881245414819,0.6875382290984381,0.6696831180407309,0.8684323823929029,0.3469784077539166,0.3493523683642598
570,102,0.6530941650891677,0.5759334781767824,0.5472366479103845,0.0425419721868466,0.1909422941362991,0.6732420568597823,0.6689993122711025
571,77,0.6450377005965482,0.5610519621954475,0.7093988783801268,0.2636617357965208,0.9366328267058456,0.5945575547578381,0.596487287804861
572,102,0.4604889358029579,0.4059730531030937,0.6285125271218502,0.3837106797439344,0.7181343320327392,0.4103297659725913,0.409748017753778
575,98,0.5304677127874589,0.4514335806167048,0.6583425687669889,0.0731142571540566,0.872390446380929,0.4541762651531588,0.4549220064238619
576,25,0.372365979657518,0.324019179351213,0.751765396966142,,0.7937323370068048,0.0688669976471474,0.0701113165258928
577,48,0.4907521956653087,0.5289711674771028,0.7137180708081418,-0.0463748931831693,0.5808702165358212,0.2943652164950274,0.3015754113370781
579,102,0.5869663434041358,0.6669735627079724,0.6671197780101241,0.8351366356631081,0.8340189497069157,0.6748033958926873,0.6775991063734477
581,96,0.7764185389528953,0.6746152196843697,0.5914477190687109,0.6271497267702653,0.5880334275535418,0.7214735785786229,0.7198301814866985
582,107,0.630151841856508,0.1956502177348573,0.6730190156756085,0.2467791679434387,0.9376636761877588,0.4147021952715384,0.4171772585862424
584,102,0.4048504764418797,0.6508286835177929,0.5603343652647867,0.1465096897548603,0.8977225693206585,0.5362290997390531,0.5332124125462371
585,101,0.3509166977550405,0.3045085971296828,0.7032846809980152,0.2015251359214237,0.774394400215707,0.4561782536673484,0.4534708534221677
589,102,0.369271525000644,0.1979253620793799,0.6357283406892538,-0.0248613596770452,0.0275729180649591,0.2397488412502037,0.2537971880160725
590,55,0.3104257650663362,0.4621907219761779,0.4553433498586252,0.2534856283612502,0.7555223133718821,0.5321719453695514,0.5289309312876174
591,104,0.3896327358980527,0.3864705130530998,0.720574908207938,0.0415817433206943,0.9280217556984022,0.3042115228143749,0.3102341891299294
592,107,0.6660457871259349,0.5129247807447906,0.5561847843269918,0.4508091563247441,0.8804531137562907,0.5165098130110731,0.5228649324190937
593,102,0.7200829408190681,0.5705340557370207,0.8133053696304637,0.7669941243425146,0.4690690939379264,0.6706729843611874,0.6724690902184873
595,37,0.3935884393419868,0.4828009285034119,0.5018307725333054,0.0740731812280504,0.8084335736217246,0.4264395256733934,0.4282310589276382
596,78,0.3750749796765442,0.3244635449807139,0.4233238257322642,0.2784738382039549,0.8025901839108899,0.3018862093932236,0.2978499830517343
599,89,0.3344885704760036,0.3407932285151002,0.4544082893332636,0.1294251053961886,0.3066601244699143,0.2544565098793711,0.2869086225018222
601,32,0.4902810114884039,0.1607751331377359,0.5963728933115465,,0.3645421525931175,0.18053680480688,0.1939006112794161
602,102,0.3705476156291352,0.1657641399548808,0.7209662239470768,0.257600572675462,0.7098560651801092,0.2216106350588855,0.2245393370829805
604,61,0.7633902153607474,0.7014129151312831,0.6525367856642488,0.555498047791732,0.6982859139156526,0.7422558820737065,0.7449194639504192
608,102,0.7149622802297863,0.5954071835070156,0.8046629377553244,0.783844653753389,0.8368547347596468,0.7074537114452436,0.7023859201326177
609,37,0.6618418950607255,0.2670251913768174,0.8749272425059216,0.3526868082557593,0.9416013626195552,0.1335081554915546,0.1411247605293154
610,101,0.3522003254567806,0.4439505934521785,0.560765799205533,0.6176170345067008,0.8894869173905249,0.4411235450897912,0.4350982799013064
611,50,0.3760413640877214,0.1418759392272259,0.4618548742156789,0.2927961699728404,0.9417750726609831,0.1744708174220108,0.1790725024928455
612,102,0.6085015663124353,0.3384457144047261,0.6441040388759484,0.6665986297067034,0.9141838253796398,0.5489703056028317,0.5472871680992423
613,94,0.3859035120174445,0.2345294598292481,0.6760226989891093,0.3813149330795911,0.8809020044963195,0.2381842589439431,0.240336690076161
614,101,0.4451550656471664,0.4247425708598518,0.620706922943257,0.3232307778749909,0.8299652325414288,0.3479488313610526,0.3742756770961645
615,78,0.563286585749447,0.6121219164439992,0.7266226930122361,0.3759930420308304,0.6723547080710665,0.5746525171799222,0.5772566715223949
617,64,0.5911986088310343,0.3928239414160343,0.827977575063924,0.316797046009,0.9498541300510562,0.3623526380570621,0.368212185820934
619,102,0.6157560981638486,0.6841108401475772,0.770516971093758,0.6510837646321577,0.9316213299991212,0.6413866197071262,0.638299106623409
620,91,0.5137546491474133,0.5424389580440871,0.6717864127446156,0.5771741410969768,0.6380745997655969,0.4973964103766913,0.5030934773528024
623,100,0.5831922188488424,0.5239779266176967,0.4055037783678247,0.2876883509202386,0.4361502169267345,0.66005320932224,0.6651860676707086
624,102,0.4226344323660445,0.1874664972607731,0.6943757909641249,0.1047473774914691,0.7843845976095041,0.0316256706071703,0.0369604693938993
626,102,0.6268515719715727,0.4328363599088046,0.7019268510953238,0.7038018174032382,0.9279701450211656,0.5753603335139905,0.5787797969156397
628,107,0.5989278924045544,0.6071323617817497,0.6939333983589051,0.5468126096048672,0.7059875518060024,0.5561671058025696,0.5610481711204728
629,23,0.7832219834576375,-0.0719867206513125,0.9009311347543704,,0.8620781097674218,0.0526702374063358,0.0529106500015364
639,102,0.645647384778433,0.5423285579725827,0.508923754387428,0.6924208024221855,0.9222311570997378,0.6760053945859252,0.6742109373433414
640,107,0.55268534108342,0.5486619402820321,0.7058220348333963,0.6946898755061484,0.8753226035316214,0.4566745462972331,0.4531114703711223
641,102,0.6782099455120092,0.7186586198242279,0.6666353313222393,0.0787227485668734,0.8298880649132666,0.720963711563346,0.7312727748377892
643,102,0.3110080946067829,0.0422705421234992,0.6964140135090315,0.1500529694702427,0.8511013528207524,0.0586573023467377,0.0843625814712387
645,11,0.7699686436382369,0.5288611838112716,0.5570860145311555,,-0.2951178680460889,0.9619789324792212,0.9620098434017892
648,104,0.4325327876807303,0.6032940729180802,0.7499970961898739,0.1263956754243933,0.8832666512412455,0.4062402863736883,0.4038952202077747
649,101,0.4636112991826005,0.4124430578817961,0.6919098145951512,0.4424926283136792,0.7883621352897576,0.2684962052896438,0.2748850006722833
652,100,0.4675024072542648,0.5670267577430878,0.3187712620077201,0.5646588674048069,0.6605181409320119,0.6748728550673873,0.6701973942349486
654,41,0.5526708178211631,0.5384029454845938,0.6972490710265609,0.5650575479857763,0.9505824855416098,0.5089956288772128,0.5100193800759272
657,106,0.5131867955215381,0.554413523946478,0.7535153349462432,0.3460689188768056,0.579067397560906,0.6188630328599048,0.6272917464544642
661,35,0.4575914834935035,0.3046074233150799,0.657387711454128,0.4947117975800284,0.8577118867030793,0.4167437374686735,0.4171746576010939
663,91,0.4840071164022113,0.5734424538354953,0.651364573174479,0.4353549853928148,0.7019164173521713,0.5931959459552658,0.5882196902535985
664,101,0.5254880904820819,0.4980593483569321,0.6899936850565479,0.497830012285822,0.9327820756111188,0.6208633636492766,0.6249873110901201
666,104,0.480165266815759,0.3184079550002812,0.7445017514316068,0.7656278293764783,0.75638533835178,0.4967358756812035,0.4912406780973858
667,30,0.7730960660149989,0.7628651427054269,0.8468961329732662,,0.877634275689887,0.7569837768884335,0.756515988642484
668,80,0.5357174880594004,0.5943965071787398,0.6931650860296907,0.4968407950597265,0.778003272835145,0.516904668224441,0.5130278599759055
669,50,0.6442021883886327,0.6791674612563566,0.6870832739583737,,0.5655152721215627,0.5381987058354483,0.5358498146035612
672,101,0.4124351237839936,0.2503869054172396,0.5847198222061786,0.6058257302909842,0.8344029905543282,0.2455389450355158,0.2453375409992884
677,92,0.7286647138606102,0.6662719080411406,0.7305818160930869,0.4621296503607464,0.5723554671212684,0.6418519427804508,0.6497487237478302
678,101,0.8855347374418062,0.6686775205811902,0.8131453614045314,0.7041234090526077,0.9004223355022515,0.8579575905387022,0.8668766236912102
680,106,0.4916130216103071,0.2056539415178931,0.8295097708075632,-0.219991601964604,0.640500188629341,0.2593433988879267,0.2681993591073766
686,100,0.621131865610613,0.5079093092614003,0.6503463609873202,0.4002131362599605,0.6684935378550884,0.4868097323426669,0.5045974652933319
692,102,0.5650314006638891,0.4216986473907967,0.7295200336135292,0.6143705153686155,0.8601285333118414,0.4151515373914253,0.4122943847866975
693,38,0.7409184273696979,0.5884405265911314,0.7580870686973122,0.9233542947094776,0.8335437437559726,0.832365686993641,0.8332774444200141
694,102,0.7405029622918967,0.5757731066075956,0.7791849349754741,0.6609745764360953,0.5087988251932667,0.6008416975486237,0.5980062736063887
695,102,0.8211690315431917,0.7426734092528897,0.75978301927091,0.2520386866922698,0.8206356689314714,0.8578128441330047,0.8565812305586115
696,55,0.5093590368425576,0.3421107469211518,0.8775093170993826,0.2220000764817798,0.8972328520939534,0.127988219290283,0.1297023890070263
698,103,0.6073597883950216,0.4562770858155724,0.5790686248969177,0.5067912886408759,0.8900576522470547,0.5546000473671598,0.5523349501265952
714,103,0.4773792774308046,0.2293910062775641,0.551435267982643,0.073310691985609,0.8686363162163004,0.2965989488984916,0.2953029637940066
715,20,0.5329238651784955,0.0901053095681963,0.4291751675908691,,0.7573857238273632,0.2141706445301883,0.213700536140992
716,29,0.712011300329438,0.5583782003119324,0.8076200505890028,,0.7628448875926197,0.6927950017921216,0.6918442566169778
717,79,0.659861094125631,0.5410420094323221,0.3581360866614704,0.6878143074257888,-0.0169560166022618,0.7310531190904908,0.734662665080373
718,102,0.5302266432819475,0.5080902571440153,0.6373377968127636,0.0712239011323329,0.8556294885414985,0.5069831749244716,0.5112185613200703
719,101,0.7721985051702603,0.5571236126272607,0.6905021703202179,0.7154613867946686,0.7038486654927456,0.810037434832805,0.8141513498130195
720,38,0.6985119386623034,0.5185278480549743,0.669217002287966,0.36429132392335,0.2792573553426823,0.8252843922355384,0.83085614632339
721,102,0.3222749325973851,0.0601689805660257,0.6981197753097655,0.0141094307160899,0.6447100794776571,0.0463035640563656,0.0351989261731383
722,101,0.5482661077555304,0.2797814720694107,0.7394693843760367,0.469529806338485,0.5023407915441144,0.2799860291836148,0.2889209094996103
724,100,0.756800621223587,0.6598281597765506,0.7305262836509057,0.60860624218337,0.7835969549697342,0.7522127520114502,0.7486627532229541
725,102,0.5867576923845784,0.2631220197295218,0.6830221502022876,0.3577457938840703,0.8884147872333326,0.5098440942049947,0.5047466597674575
726,33,0.8288072864484137,0.2610514887680216,0.8257817459909047,,0.9455821222938944,0.7232402708262421,0.7882558429617751
727,100,0.2160505103896463,-0.1382889142712979,0.4709185716380619,0.2708560009630538,0.9308098941877476,0.0077205470042036,0.0093689080931136
728,102,0.3807035127261162,0.1574960983413338,0.6361087242780228,0.3487828878787798,0.8893678354547634,0.2056490337219327,0.2018488075177215
729,103,0.6606461480839529,0.4088841368616894,0.645277429247717,0.5820343435326424,0.2592634635992416,0.5529992525007158,0.5555809211422331
730,92,0.285210693634045,0.144974367413505,0.6078503217394073,0.2344444647530885,0.7018530916232875,0.1226330864171308,0.1225646781597598
731,52,0.3905870445594878,0.4081019836167772,0.6536138426291032,-0.0159071205870014,0.0535404533957385,0.1270919693093425,0.1229266935324506
732,36,0.677958101808162,0.6892705745588208,0.5027196012361633,0.8072601846580506,0.5967531687129559,0.7600569631600331,0.7618334667323339
733,33,0.6402041250739243,0.4477631303662004,0.7212259405795239,,0.8788462517736093,0.5441979685780671,0.5441639151722082
734,102,0.6963928046599974,0.4858505469459208,0.7163804600929017,0.8037967226586776,0.7431903164144326,0.5245333867162599,0.5275011159935924
735,101,0.4445041010635603,0.3548140375626571,0.6800135195504371,0.1465870553637174,0.8084510987792226,0.2838976984937746,0.3088980835127205
736,101,0.5913097107789798,0.5374603327891148,0.8052118528825449,0.5248124425551302,0.8931732549768072,0.5324217671359829,0.5322497342615518
737,102,0.7776374417188261,0.5801974286831564,0.7275411375700256,0.7353880635483411,0.8104265062247022,0.7492100547039602,0.7462816656455423
738,101,0.7596966480078312,0.5041573414547608,0.791037620777183,0.4925664903553462,0.8960882971310952,0.7978811786748112,0.7990266382973576
739,102,0.5436120554477928,0.2765346280171308,0.6952315752608829,-0.0359359974258134,0.7320203649178488,0.1904991377430617,0.2006825936868612
740,102,0.5750055729214507,0.5080103388257257,0.7677522495809789,0.3701181029963425,0.8252573378697905,0.2977298020975862,0.3057604484216966
741,107,0.5118415893461971,0.3029766547028376,0.4057438815853063,0.400639348984973,0.7109657946990394,0.0125355264288986,0.2151909041029567
742,102,0.5531589208634884,0.1609584742355147,0.61221417026536,0.417967127933067,0.5014551672675054,0.3264323383415283,0.3364911421277068
743,102,0.7293118237569112,0.5659734204868683,0.7141401074713304,0.1243048740319335,0.8023121088049149,0.5524446042842378,0.5552917725975774
744,74,0.5768252693354766,0.7247123976640406,0.7656271502028124,0.3892943400472068,0.7821799838895117,0.6921852598283704,0.6928641756998303
745,40,0.2131148088889918,0.666987009043184,0.593548387096774,0.3620160985854576,0.702212292445322,0.5757477146308917,0.5430620118129708
746,30,0.4153345533198496,0.2722682164662613,0.8680134688259424,,0.827454980998799,0.2294390149654154,0.2345179848846565
747,102,0.7730277426434587,0.6614812902893671,0.5867746546133348,0.5235792127658947,0.2643308081675078,0.8284150290167569,0.8253359232540066
748,100,0.666567682782005,0.4916701666382182,0.6652201896141765,0.6248442560513785,0.7645578863824564,0.5159750593658555,0.5095854767060322
749,102,0.5875163820305964,0.5137157798633295,0.6950295303898931,0.0577273801869179,0.8980353003955883,0.5415204736705005,0.5441024327857372
750,103,0.5839428964524555,0.7054269034968027,0.7511344267025634,0.1673849448239566,0.7095074320372365,0.593598353897408,0.5956165485901528
751,103,0.4528563327007317,0.245155350829056,0.7537819434512214,0.2732203005037064,0.8072049182827802,0.2608471606048318,0.2672743349229966
752,57,0.8413068945634508,0.7512616406101801,0.755375437072868,,0.7745582216165696,0.8086309702952202,0.8117785158090408
769,34,0.595858442202479,0.5775352104293751,0.5481755007924873,0.5996730500482059,0.727827244789717,0.6730843709383486,0.6782299001711114
770,35,0.1980218674995229,0.4141772772482914,0.7903634274097784,0.3050662397241197,0.8727281786277282,0.1455427589530406,0.1519246491856122
771,45,0.2833813818602254,0.2852395425511872,0.152542789733698,0.2086236860738416,0.5203894179676152,0.3418417994982242,0.3418222284692903
772,102,0.521422303552353,0.3543385828207432,0.7070153802225745,0.1523082569856482,0.7667910528067156,0.3331571154071274,0.3574350324917131
773,103,0.5928881848808425,0.5503531051610772,0.7834485102729667,-0.0227581497781222,0.7503794212555148,0.5226656527163848,0.5135373641294566
774,51,0.8852574886769035,0.8380347862959976,0.8408408693177966,0.5034674175587804,0.72858335306251,0.8043148889444685,0.8100183153176271
776,91,0.6401142547711317,0.6564738947630181,0.7632189521754442,0.8733200731463339,0.9545620202042344,0.6898890108284518,0.6897150557904114
799,27,0.0851885069645233,0.1546818489304476,0.3318234978141691,,0.8956602102456559,0.2849469148975914,0.2849469148975914
800,100,0.7259457336565837,0.6648723900569028,0.6691525178367308,0.6693393434236758,0.9039520397586348,0.6744532908406541,0.6752096863032857
804,104,0.6672011775226019,0.5942373311746889,0.7223885697713901,0.383494532610099,0.9373981916798976,0.6484502848727659,0.6460000076015088
805,101,0.520924729522866,0.6058024174091517,0.632597305907988,0.308352184562558,0.7383908963325928,0.566198370530829,0.5633098344093296
806,49,0.4551494387804408,0.4580478412763735,0.8169881421260771,0.3234178048028042,0.9428207780683572,0.3017587604284937,0.3092653677375793
808,73,0.6616242061444245,0.6967922662480364,0.5301552310801315,0.8240643086052237,0.7270026107619088,0.7219922109048661,0.7180149227856182
809,102,0.5760154013501535,0.4826488802007505,0.7135014432605291,0.5803281217140985,0.8753768256821284,0.4598976903869188,0.4599705645613598
814,42,0.442007704297899,0.4701078595114017,0.3578744691617367,0.2227330790584735,0.8154964193809356,0.4138625578691787,0.417199126421889
815,102,0.4306080321921737,0.4365806201013819,0.6794889392482256,0.1697317606534609,0.6954327014268721,0.5435608169251389,0.5432627731239317
818,60,0.7925445860147048,0.6564492930870741,0.7305651532722116,0.7830927883883264,0.852049899547398,0.7798277317712687,0.7785381440932518
825,104,0.6487160537928878,0.5652833370741533,0.711829762768422,0.6559376644071225,0.9092465180836384,0.6372777210622136,0.6346325077115488
826,34,0.8693111318866963,0.6936091557087475,0.9082074106166256,0.8486707535730038,0.6596977539117451,0.8238458795221876,0.8305278506342458
827,102,0.6126433162839032,0.7185223764856965,0.6649476329217336,0.3656216250495201,0.927848945675725,0.6007918123820658,0.592741607196725
829,102,0.6316498448208578,0.4800643000227615,0.6978257953549799,0.6541022191311998,0.853877288010072,0.5539904916946284,0.5605020707467941
830,54,0.4512731308956663,0.4083122050638419,0.613739305485657,0.6032364529094036,0.5579838831650729,0.270429336534575,0.2768159634305926
831,52,0.7864229180774615,0.841462089067835,0.7165105518055859,0.5673547101366521,0.585876594260392,0.8931082717477027,0.8898046549078481
834,102,0.7576104343909367,0.6464305420824166,0.6593820163907228,0.7573851875841195,0.633194633197529,0.7219117893701812,0.729177481585127
836,102,0.6049180605500513,0.3795272033671765,0.7464454148164019,0.3159745825866079,0.900907499198938,0.5539470385757213,0.5508875410840588
881,90,0.3758039017883567,0.519371079402031,0.7175197546998819,-0.3280152910042674,0.7141273082909321,0.4439989120420813,0.4444292536445071
882,102,0.619291085094523,0.5789809194520436,0.5212692937419283,0.1337375865137628,0.4453891935005016,0.5274011251184854,0.5355514566577649
883,100,0.6319134377576724,0.359406964674655,0.7426240988082708,0.6800127130506741,0.9521003867308409,0.567238241397616,0.5623655923186168
884,100,0.6829743775880698,0.526853004507598,0.6355782453899963,0.1958460948461926,0.8056773696788248,0.6848008433539066,0.6849474488183138
885,102,0.4784292293398355,0.1250939471394169,0.6730770891989127,0.4608967057731005,0.8910936852116952,0.222928280526257,0.2248498050627908
886,34,0.6636865510813517,0.3698988539115311,0.8131868131868131,,0.9054087139011427,0.7417912253119576,0.7432948234610163
887,101,0.6263251501733064,0.4404601770536181,0.673731409753937,0.385011874185424,0.3796611818606929,0.516207203972385,0.5147568872210142
888,102,0.6591101323667453,0.5954422932051037,0.6846749616964806,0.1268856440281617,0.7227456301650246,0.6442247211579536,0.6513848297018167
889,102,0.6192305655999681,0.6998381100821858,0.7607232759343955,,0.7602554761047643,0.6456447400005866,0.6415115146138582
890,101,0.4668038188789193,0.4878133933672401,0.7179683327456293,0.1851975421539844,0.8701294517497854,0.4325204374624298,0.4313649215927297
891,102,0.5989829163256983,0.529322968747183,0.4942124447452918,0.7923484600009264,0.5218766119436323,0.5406427679245561,0.54146115172486
896,102,0.5265906842918094,0.4240712960452581,0.2978679722350575,0.6932431533997723,0.912893520200106,0.6077367394202146,0.6106028444076097
897,55,0.6475736076639363,0.4153395637907721,0.8053720522924555,0.4765158064986157,0.8114974895731976,0.3636120546892156,0.3754245242893764
898,56,0.6459845727891557,0.5904983319344294,0.6268436578171094,,0.6223390049626849,0.6280939590271974,0.6272398826049433
899,102,0.5775731928345085,0.4005781669047569,0.6431529713400698,0.2675143793316492,0.6148721142126905,0.3595883785123943,0.3700215779914195
900,95,0.6600061204409728,0.546556351517315,0.789447008072427,0.2694732846089893,0.8465290641438009,0.471748236601546,0.4799948542775348
901,102,0.1821672715698088,0.1094087795365419,0.4689518208104769,0.1411958511979328,0.8373012474936807,0.0772314857152408,0.0802976972938023
902,102,0.6945123359523733,0.6525546665238324,0.6395211435835996,0.7594160246675419,0.763126401092862,0.6939373491934264,0.7008003692158212
903,95,0.5422286274486073,0.1217356896994663,0.6408815555577744,0.6255676631307172,0.6931960629298525,0.4077465851122299,0.3997778374518257
904,90,0.7072257381424425,0.6228826573893661,0.7723398520690369,0.6928842929312996,0.7651134537628118,0.6791404654443653,0.6791297084087563
905,103,0.6299331838152681,0.6827845999629427,0.7144332955778945,0.6363960785981934,0.8615367461385198,0.6728764278742647,0.6671427390903703
906,24,0.3048833594759171,0.3784819405798298,0.027599885330698,0.1515738607880172,0.0566617128004312,0.3535166855161756,0.3610935446178963
907,97,0.4821768484993917,0.2689162070185006,0.5053526870275645,0.4049259911874455,-0.023639923493076,0.4664341078171937,0.4722973440042768
908,102,0.5087153733234213,0.3382171702511053,0.7302031402041007,-0.0207893785340286,0.8243174282585298,0.3000857988838394,0.3165715386862283
909,41,0.5406683285366229,0.2821082985748239,0.6770271166749984,0.7022379770677022,0.6263762784253298,0.6357787762755952,0.6327544971759371
910,102,0.6661004949323639,0.4795223068136488,0.7396974817606456,0.4138205956913381,0.9216033010260266,0.4281859320795002,0.4609376343484329
911,106,0.6037236176768892,0.4271694648039085,0.7996478010750518,0.7200354100384337,0.7608366300555327,0.5404790279424057,0.5470089953310199
912,104,0.6380607548316374,0.6059373294046807,0.6741577475495995,0.5397894488731884,0.9146207976210088,0.4323867872422297,0.4364111621545098
913,55,0.8230891294331112,0.6392916324775957,0.8173307832572871,0.9512457709795916,0.8445102505678544,0.774597085476933,0.7691503326617914
914,26,0.9285992643043974,0.7749766246050848,0.9015827430510908,,0.4914486460372725,0.881225338155847,0.8779335289342297
915,101,0.5843042466470576,0.5084510747661376,0.7293343024256201,0.5800219552086309,0.7657783353709436,0.4951593989623801,0.4971621898505338
916,100,0.637827337290802,0.7279033717095438,0.7252257448218314,0.6709030995665144,0.4451827275326268,0.71916300700614,0.7141372574731063
917,103,0.6474993964259808,0.536445954123635,0.5377914668625213,0.5453973329126096,0.5552286137849751,0.6595446106753607,0.6570670696694765
918,100,0.4567341236545513,0.5146101470895074,0.6949358594561854,0.040283512157127,0.1364382272979528,0.3158379017213452,0.3406444189609673
919,40,0.8453778658589091,0.6949584481344974,0.7214288237858032,0.8677935715069753,0.8857923911089345,0.7945068352297043,0.7969509925905087
920,102,0.4343843263605922,0.7559216107832119,0.6296930969384289,0.2441503961629336,0.9484172126203712,0.4878200957807962,0.4900468653949895
921,101,0.728943288408085,0.58320793518683,0.7125463076085243,0.6026240142561456,0.8419288058410506,0.7031998164484101,0.7023126832505348
922,76,0.5228644039215004,0.4680248175948924,0.4162813133694508,0.141788125727287,0.8971751499516507,0.5147422342903886,0.5215387125190173
924,98,0.553626879891043,0.4627536609337827,0.7334252691573978,0.4563420991985625,0.9248867747021812,0.4306388395847322,0.4308261137027888
925,102,0.2880025534252982,0.092718740128498,0.6306065763666219,-0.0710389265979276,0.8888707843333452,0.0501237625880152,0.0580550056272637
938,40,0.6749732083969758,0.5697917974007263,0.852030306588555,0.4321399889408121,0.8773391333836745,0.6171149709334657,0.6401572660792756
944,67,0.7812191968711455,0.5983814378827407,0.783460354439071,0.5918039225633982,0.6746865981900847,0.7770364299703653,0.7782423802753721
945,44,0.5531727266884698,0.308266132640154,0.7469716904950285,-0.0552225015286319,0.9349949322102232,0.277352625959224,0.2883245166709479
946,101,0.5754767448894191,0.4935234903221525,0.5657110056931736,0.9219285117616608,0.8785511807330307,0.7883196771615882,0.7902487026793882
947,102,0.8522563596235792,0.8296341543115163,0.8249760400173237,0.5422733892673155,0.6550086995728274,0.8724410684229792,0.8722943911581583
948,27,0.6290860602759455,0.5864694038671491,0.6784695554111503,,0.6998637748708505,0.559271311618269,0.5837328781688065
950,102,0.5980026776208216,0.5880708693876843,0.5499132849013919,0.4171525076910806,0.367156025834621,0.6822304238208149,0.6817110235634812
951,102,0.5617235821591557,0.577109101231645,0.6280040301766572,0.3557810916833974,0.6493736442757129,0.5703604928195504,0.574516829651045
953,98,0.4602101163322918,0.1074557610256993,0.7063444942167476,0.0595999911847366,0.4874992223453734,-0.0079967157286707,-0.0074621819794033
954,87,0.6496667254015779,0.667111776689569,0.7079524786987681,0.5151689590497136,0.5636172395148995,0.7336022979507634,0.7325037213961431
955,102,0.8190837007349636,0.5381495431676235,0.7989870569855922,0.1226338185807504,0.3821890211544623,0.7710039202167807,0.7799469892073753
958,102,0.5297070435422325,0.3800814473270155,0.6390607981219333,0.6841200651730076,0.8759908803731623,0.5482153075540802,0.54567553062892
959,102,0.3313161478253239,0.1294620537180088,0.6066872280342457,0.2403159756231784,0.9293082263692448,0.1495887794818478,0.1444461112128538
960,102,0.3012758182611186,0.072640729054123,0.634208005115648,0.0373001980379943,0.7387825057147966,0.1450477630736375,0.1483727245901562
961,102,0.7764430253400818,0.6020910270359008,0.6612658305339371,,0.8739222861666991,0.6035059850514038,0.6027477672382786
962,12,0.8724781383591362,,0.903696114115064,,0.8535458993677962,,
963,47,0.7425799299460027,0.7118427635142608,0.7108075942594001,0.8589238020234817,0.5842837641854114,0.7193655498216032,0.7296622321713677
964,104,0.4919248166873239,0.2775664461793559,0.6087605119476341,0.1265178151796117,0.8997932519350925,0.209408617224767,0.218968010595398
968,98,0.4530891920885563,0.5910654081520034,0.571150561270096,0.5742343142278621,0.7654795731934781,0.579641155605477,0.5792147778748105
992,42,0.5846714324301323,0.6002760869553115,0.5691946749107387,0.5780126984315207,0.5122362061898764,0.5714464847780786,0.5736114349647078
993,98,0.5366652165667873,0.2426281955956924,0.7210677227683586,0.5444067017831185,0.8968298600547664,0.450118376461372,0.4458023778114041
994,96,0.3335483654841835,0.1981533355177357,0.4331964006259781,0.1963822754807877,0.4138852471812941,0.1951139473889655,0.1982894045080876
996,99,0.508041164151507,0.6241274711772011,0.6113271933040003,0.0776203853013663,0.7773958912506087,0.6628313810806489,0.6572677859494366
997,40,0.5973798056599698,0.5802072626040987,0.6836183556618762,0.7066941424104289,0.8809684109995396,0.5625942374953591,0.5653721884207209
999,29,0.6861988729324647,0.4961693054885002,0.6718340565599297,,0.1718853909636072,0.5745304573529594,0.5820153362883713
1001,102,0.4749050617015915,0.0465224757239486,0.5055784766751649,0.3942230192981281,0.9325501506093812,0.0941076942262194,0.1165337663069189
1002,22,0.9100822947976264,0.7701192205831833,0.7596213081436095,,0.2398723208539932,0.7981547613084953,0.7983984105353035
1003,101,0.5404477810636652,0.626389866940439,0.7259468953140107,0.4717943305832482,0.9331955312031436,0.6588083488867437,0.6611471732987331
1004,51,0.7502121856549672,0.6419043598701931,0.7310317622577085,,0.6148794222039944,0.5856740141037653,0.600405537065502
1005,101,0.7621443840115916,0.8644804162394211,0.7317024280746091,0.9807795742900588,0.7313050386065034,0.8139841346878056,0.8121058320232457
1006,103,0.6539414121574226,0.2709615245031168,0.7580651889912063,0.7488855653424967,0.5549017816903664,0.4434232896773672,0.4566025760828858
1007,100,0.6937769590110957,0.6847043979952174,0.5733047665591847,0.5295578186987496,0.6034564749407255,0.687716686444345,0.6841856341459205
1008,87,0.6408188889034844,0.5641930624283438,0.5857622446294038,,0.4733294126891827,0.690048479600404,0.6921278663450822
1009,102,0.5360280330642296,0.6405203679095858,0.6239332286545725,0.2198870552658981,0.6736277138323863,0.5269637990399805,0.5194628776961155
1010,103,0.6070249307561992,0.4237027677525046,0.8276281377189819,0.5513865334054467,0.934266544612408,0.5061957678633234,0.5031756241530452
1013,48,0.4774792943937977,0.3870811519210024,0.6801283565673264,0.3648207828238263,0.924778961490032,0.0004351749991873,0.0289340848080212
1014,98,0.5020134114133737,0.5657201176847263,0.6553233053465222,0.311010480994066,0.774898108415356,0.6220877919678501,0.6210150981961242
1015,102,0.7959130760654736,0.6229050990346975,0.7633207540084047,0.6715426684362862,0.8088412012599792,0.7682274813660863,0.7688816834076632
1017,101,0.2979652914206097,0.1632464487958249,0.6045450379010208,0.5317784011221531,0.9214519776262892,0.1547798707072776,0.1629827240500998
1018,100,0.6232880856694881,0.4780310581407016,0.8223120454878031,0.1515230169885496,0.919503348849927,0.4718627416714256,0.4844087019688001
1019,100,0.685742748096602,0.4097854128825201,0.629910648520805,-0.1395753569979344,0.8493836458044701,0.5946364134278563,0.5939643783309154
1020,31,0.7182358575020152,0.7740492085902511,0.3979978521740253,,0.7996074484047958,0.8648489817209299,0.8643784195379703
1021,107,0.4400675527916368,0.2445421727822165,0.6627166995830596,0.0094070532715803,0.7603282998454063,0.3446249351491343,0.3610413328014745
1022,41,0.4448018523198584,0.333803494486192,0.6971154888810956,,0.572231784452701,0.3586098148289595,0.3635267386517699
1023,100,0.4153969510931852,0.1976394748307802,0.6331484359309708,0.2959133325333846,0.7015589901407872,0.2092972016862886,0.2192958671194734
1024,102,0.479689320098305,0.3830622289688866,0.6893134383990681,0.3345508153107075,0.6513727127973618,0.2843605936669478,0.3006475308699065
1025,43,0.5661625477446137,0.5526866028048766,0.1454569074088166,0.5795826190122572,0.8513327348718167,0.5007454634379613,0.5296941798952809
1026,104,0.4617868862063703,0.2462401614602872,0.4949814330256267,0.4668946799218875,0.7240128772957897,0.3351531498252844,0.324122138774983
1027,102,0.7732532053888737,0.7093608051166711,0.7950914366780916,0.5571449427928541,0.9027931571596772,0.7573635717443994,0.7603839273604057
1028,103,0.4189261193193965,0.3296117275132573,0.7960696738158984,0.0334271209473285,0.6970592979179312,0.3239476948747325,0.3210278040639579
1074,75,0.2330835744375714,0.2490904496053186,0.4282892495222001,-0.0270984148110419,0.1908002568313768,0.1531777551394446,0.1528931397912112
1075,98,0.5860881543843263,0.3505759150356196,0.6396352576871803,0.4690667406965343,0.85003702188721,0.3286950960350309,0.3314056385717583
1076,101,0.463598898179768,0.3357109596778362,0.6970426508353168,0.4395079097116497,0.8162856971433387,0.3350972450408573,0.3336245448013364
1077,102,0.8277840019329841,0.5672610958615867,0.6182464218763019,0.6891192882880421,0.8267737054682488,0.8473638115876838,0.8470070512518184
1078,102,0.6611586521075282,0.3724343913195985,0.6789429349520469,0.4250410221677673,0.8283519706707766,0.5974429466174127,0.6009827736076095
1079,100,0.5624270394340513,0.3823615082522705,0.6921074591195521,0.4014694962021934,0.8009067433434682,0.2688437993937054,0.2743622203290548
1080,102,0.7117524282832597,0.5180791840192904,0.6649459819050321,0.5425420565856335,0.9201359494031024,0.7645788689563346,0.7632610001668806
1081,101,0.7386267867500788,0.734891628850115,0.7752622717144084,0.5942548785011175,0.7199629937121648,0.7678427103000136,0.7656712608922958
1082,50,0.7517279285516634,0.6159772829388077,0.615843913968984,0.617155631586009,0.671493354951971,0.5974695517400527,0.6080678373021119
1083,53,0.2060878351489508,0.2445066256030914,0.1342579147644881,0.2273294250118296,0.8646798871208989,0.2359450455738119,0.2304664610133489
1084,89,0.4627294643025161,0.3323249103363132,0.5929634592458116,0.2362493253633186,0.2357238970852217,0.3026787082592242,0.3027077582815149
1085,101,0.7032237622170484,0.5466604498717977,0.8030463026821557,0.4713344566817234,0.3102046236715365,0.6400523651982758,0.6440261296971023
1086,102,0.7178549939001754,0.7098887402700754,0.6189323803347097,-0.0427682625137566,0.85967691013437,0.8452406615220074,0.8430166438182788
1087,100,0.6546648259313539,0.4843193108947452,0.4781233526620985,0.4941923724058594,0.7196856633747576,0.811429649483236,0.8107075972846789
1088,102,0.6460102873073055,0.3935664907821368,0.7468284721408125,0.6031704381683849,0.7445676753248904,0.4381691187904784,0.4503047399485257
1089,98,0.4572773673623585,0.2344142052440593,0.5462043908383757,0.723383788503369,0.8755227611470877,0.3069938683411781,0.3140192766553755
1090,31,0.821303836461044,0.5704420942408903,0.7964861913028983,0.6088630804590938,0.7368624294404237,0.741481765583127,0.7427647240240463
1091,98,0.3635440426268571,0.2745300867324257,0.6642227359046247,0.1410456806934316,0.2394294268538685,0.1071792803395465,0.114523746187977
1092,32,0.1769991348712332,-0.2836963655435718,0.6340085057410423,,0.3502058647333942,-0.2109031884072361,-0.2164153839048292
1093,87,0.4008584666020653,0.1616318661016195,0.5133279259215812,0.3699370696834459,0.54102569499874,0.391766159702369,0.3779072314981828
1094,66,0.4498372994240671,0.6153443088443344,0.4123471194556065,0.7569619216878907,0.8241177764033273,0.5827332825811758,0.5802110213677196
1102,20,0.6561248376268388,0.5616278644983015,0.6198113161094128,,0.8863774215510297,0.5578610841473512,0.5792348355106217
1103,38,0.7234002845675034,0.3404186895657778,0.8053211041865497,-0.1565920207530321,0.5516795206511957,0.6094706727552048,0.6179689532982283
1104,38,0.5873749935331222,0.6335894469084157,0.7070909875057179,0.720360026925953,0.7562678344176703,0.7369918705325227,0.736414562277588
1105,104,0.5669961942609187,0.501070219929738,0.760014206083291,0.3692623586734882,0.6950443345160672,0.470549527671487,0.4707309603263068
1106,102,0.3699722731316816,0.654097322055538,0.7092157152065931,0.1815064974396955,0.792662478447488,0.4707486884563913,0.463853063837438
1107,61,0.7479371802187667,0.6918200331141167,0.7866452039238658,0.5554513600701652,0.7433836212074211,0.8547402537344178,0.8555666180533827
1108,94,0.5860570412188053,0.6910685450494758,0.612601354257458,0.1146613405369924,0.7891370136022401,0.6015298092360021,0.5947254806650925
1109,102,0.7776545624840057,0.5633316441286025,0.7468368654568773,0.3218976414661002,0.9353893379080588,0.8329463402635272,0.8392699414482957
1110,102,0.5958726948951786,0.5330294565991862,0.663469056232709,0.448221266184197,0.6803481829807736,0.4160682186953037,0.4236855930691979
1111,94,0.2443146294655725,0.1400824237007034,0.3389787708496536,0.1460960968093282,0.9622913429471736,0.1780205219304917,0.1819971053672691
1112,33,0.5683189213212585,0.3571032585093942,0.6709961569932109,0.3302792591005177,0.6557995215532797,0.2535139899347483,0.2738756587436593
1113,88,0.3000917658001515,0.3504597604066327,0.6873928186868284,0.4678963241161044,0.8905254554355253,0.1482799663885723,0.140946241436936
1114,101,0.6536057470347227,0.5541782580743101,0.7013564930778394,0.9538963670655684,0.6865411992061877,0.6324283877731371,0.6328082729706017
1115,92,0.5854876822377489,0.5230920553810325,0.721821231885802,0.8008652014163261,0.93300451003889,0.6234082011501915,0.6332308416177237
1116,38,0.7744972743353562,0.5532138626438647,0.866173503698722,0.3080369372940732,0.7651149917948513,0.6949416699984036,0.7000487880430781
1117,76,0.3932790268722397,0.2308904441858958,0.3201595358955763,0.2001929602382173,0.8467298480010733,0.2300408903075453,0.2413531965631706
1118,73,0.4724065148012321,0.0472481828456013,0.6890268018333597,0.2885683216022168,0.8371561880991357,0.1115287029348781,0.1301009465541071
1119,102,0.5485814097397095,0.4574726397046746,0.5989803637473647,0.7794156769049658,0.9172933997423416,0.5415091421727959,0.5398850190162346
1120,103,0.5599840018826585,0.3845815809419379,0.5677079925645089,0.3282115107460434,0.8631115249674778,0.5303019227626463,0.5373798523089716
1121,56,0.4690771898232889,0.4079982517134468,0.5711634485237533,0.41777918584375,0.6725507989900874,0.4796730358433128,0.4902652115383534
1122,47,0.5671851369720954,0.3275005574901983,0.7527748542866115,-0.0978503700703083,0.9324983162645446,0.2068237535974654,0.2464043109287592
1123,21,0.8176968482975473,0.7220106072807337,0.797412337742884,,0.5137617590637569,0.817327482169969,0.8185162899830308
1124,51,0.4710057145471119,0.3605609067854192,0.7191375520961188,0.2023516038879654,0.249002605978782,0.2356566417062115,0.2452529867868649
1125,102,0.4890121159980873,0.3566653341208918,0.649296177731329,0.2123975349588785,0.7278014769722894,0.3186239017014495,0.3485292298779081
1126,100,0.5358725646567825,0.4415656015538577,0.5806093641228492,0.3754121868079808,0.7597448555146278,0.4390990184018433,0.4359193142091415
1127,72,0.7875914836649508,0.6518582504137105,0.7250681935135715,0.8543172475635216,0.7278882847599503,0.7437069471573605,0.7488195455235855
1128,29,0.3233458561983444,0.102870741949496,0.7574167036986739,,0.6216142887281131,0.1819463055505059,0.1931551728612478
1129,102,0.7191929834977627,0.6344753682619411,0.8215709776010923,0.7243991888312457,0.4139819624795533,0.795118688935634,0.7924511569308971
1130,32,0.91231322609989,0.871318013808793,0.8277498515863222,,0.8319167925802637,0.9232553610383468,0.9238787935822006
1131,26,0.9275392693820862,0.6570327890515575,0.6061047722591066,,0.5463306999687941,0.838447527776865,0.839149680861852
1132,101,0.5777866674774708,0.4405042855740638,0.5862979521608234,0.6833149987950365,0.5057107317694939,0.5602421639733992,0.5675705024154712
1133,100,0.429596930099631,0.3413009819908946,0.6076324634734779,0.0814352816414443,0.786997657881759,0.3046389306392573,0.325195820448048
1134,102,0.6579716628780764,0.5493686768805575,0.6102531629629385,0.4999160884663404,0.6849691006307758,0.6314869392536364,0.627313304000614
1135,61,0.7966576541830238,0.4468879014068524,0.6636726664412692,0.9001542394314676,0.962772280784064,0.8880755670664945,0.8860230905313834
1136,41,0.4365487035035313,0.4608409278329922,0.5519512659295569,,0.5487299980140253,0.6890999452672785,0.6934307412228766
1137,99,0.6342186572738945,0.6778294767817076,0.7390028984881798,0.3443035224681913,0.8533145584749079,0.4712298625790581,0.4796698282598128
1138,47,0.5308237742759301,0.1943866928016807,0.6810328803579573,0.4071907926469049,0.9389866269782142,0.1380617277458015,0.1326889417467119
1139,44,0.7122818401077846,0.4047318142050583,0.8322428265842765,0.859266603397977,0.8921346888928715,0.5774196304782382,0.5774742050695698
1140,44,0.5301190605076626,0.4153335817888392,0.8139808571092264,0.0512622710021183,0.8843888737007443,0.6768614578480379,0.6761006944599657
1141,71,0.7779936942930031,0.6545686782490021,0.8039108822313153,0.5252465402986893,0.386219116669653,0.7037643494227067,0.7056106446838873
1142,100,0.3834714058623299,0.2677017841230302,0.5748422048761059,0.2041341487083913,0.3412531278920693,0.1469115281539502,0.1329789586230995
1143,104,0.6474862637310612,0.1736072436154897,0.7559157314068233,0.2782020090335553,0.8668691594805419,0.4013712375772562,0.4123025927719482
1144,102,0.622688100984473,0.6692083435956688,0.5400952915919314,0.8091631190730102,0.7188802103734946,0.6758969006690625,0.6822164593999572
1145,103,0.5273466656761923,0.169977412277698,0.7105419038677806,0.19878729218156,0.8530760802644822,0.287067227629582,0.2957441781785421
1146,102,0.5505749608286856,0.4246457513039106,0.5566897320287902,0.3313577281564186,0.7600938974154028,0.5299475632581174,0.5277806449223038
1147,38,0.7067641699136813,0.5909375633735282,0.6764855117491705,0.6919976066069917,0.6777281951226061,0.6179687608026042,0.6230538814604053
1148,102,0.4481237272628748,0.4336708373178937,0.6464527261179196,0.6051386992485152,0.6651115548473202,0.4281943685891905,0.4288366016043766
1149,100,0.5103941157494617,0.3415932251444641,0.7980660252253646,0.3786765824110095,0.7756050068831793,0.3945270011203529,0.4067911047364941
1150,102,0.4971358653998792,0.2408252944113,0.6429930987647737,0.4766252632694169,0.9397062372274644,0.4537382321825421,0.4564552439884466
1151,102,0.712119651076397,0.5971920234704985,0.7207877183785751,0.5451008402318914,0.2070125085109092,0.5912784311972035,0.5922706617916146
1152,102,0.1829571101061083,0.2149657925523342,0.6442963737533536,-0.0179731000829252,0.7618638848641228,-0.0254034675593371,-0.0217745336659755
1153,104,0.4051670672441111,0.3187969664443253,0.5838068110945502,0.0985720326194275,0.2374888630954384,0.262303858334209,0.2749396183217684
1154,37,0.6553195755574935,0.6902070757528862,0.7127751901509342,0.6919789843836961,0.8399449210676255,0.7309667124690359,0.7344550110761905
1155,104,0.6811573050831075,0.5772489070462539,0.6464592439374505,0.6153574784350423,0.91188934763649,0.5583533364584171,0.5630229426239739
1156,35,0.8163612803409788,0.7918992958453142,0.7452672961284275,,0.9601683399127684,0.8697242177278021,0.8706350621935105
1157,102,0.5657233744060612,0.6604210646566963,0.8024008784330705,0.1125351255180159,0.8888722401677225,0.5212374338656869,0.5223630623048088
1158,69,0.4357082715476343,0.2804304174846477,0.5662542469249467,0.3216111134619566,0.2356848925033263,0.2113212007419774,0.2120370234999792
1159,41,0.7137594657886834,0.7685664538057249,0.6720613656555777,0.4588954444405174,0.5602604899870053,0.736512202182015,0.7427154907508825
1160,102,0.3077777227960711,0.4631501298994553,0.7405505496359162,-0.0208373438891281,0.8682166366042571,-0.0442790193587398,-0.0448844869772243
1161,93,0.7988950945514469,0.6875694546276016,0.4538104574638651,0.4359703346076281,0.5634490587082591,0.9283220229955026,0.9263719683117452
1162,75,0.5823394259797322,0.3148051550701963,0.702385896107993,0.503264095128252,0.7236539117449309,0.3463351064478341,0.3457317131916088
1163,39,0.6056401570247233,0.6575573823355099,0.6935746517643193,0.0228941378580341,0.4644459184781568,0.6906102584223642,0.6902770939540283
1164,93,0.418031148818315,0.5099722560284512,0.6726885516154515,0.36120877227714,0.5509651096881452,0.3683984411326699,0.3734686284370134
1165,43,0.7173693928175756,0.7459566158304906,0.8075104539518948,,0.9068649743999736,0.6926843208013944,0.6924868050308634
1166,72,0.5830248558699608,0.4219164772885471,0.7541377234136748,0.4349941115878059,0.8015503213093131,0.4859032261295528,0.4898518370614794
1167,69,0.7667047838424775,0.6123431838373103,0.5684943957557461,0.436597167839484,0.3553182024069856,0.6902060988175128,0.6935511603550906
1168,97,0.4206222720798773,0.1372813498248424,0.7118362079456548,0.393434928930768,0.8217729945094375,0.1315985593613045,0.1468636932759571
1169,73,0.6308669758292086,0.3966989528704798,0.6767175460993662,0.5538154118865926,0.5877761885702188,0.518326387338678,0.5193704196176441
1170,94,0.4204216383924359,0.4479478458058581,0.4973653771899627,0.2205533104678218,0.0454310105361121,0.3312122651168047,0.3358699948189841
1171,94,0.6810102495710002,0.528207067609566,0.590974136915427,0.7452003644073477,0.841331149035475,0.714474692998185,0.7131888502783652
1172,94,0.7322197251822321,0.7065935342016244,0.6872194946138238,-0.1240558407558926,0.7217637833538133,0.8186320734151811,0.8161877939517159
1173,94,0.6815215556493385,0.5854415547459333,0.7414040564183247,0.8863931462165373,0.8064198009397798,0.6753600408117308,0.6786688321882973
1174,29,0.6399983468866994,0.6266514279683294,0.7064764739423337,0.7469001093742693,0.921375774558353,0.7058045177059398,0.7225485608719353
1175,94,0.8220033355408933,0.7758911800819244,0.6800940850193783,0.2298202263221461,0.8663235723206634,0.7816658392175617,0.7796381008070536
1176,58,0.3591857059880596,0.133974135193529,0.7649867757106319,0.1789882198637318,0.8734941614846183,-0.0876309931439712,-0.0765790190513255
1177,94,0.4535962835338495,0.3517039467554827,0.5157183908186799,0.2793504563234915,0.8308738757644508,0.3172929405595621,0.3219307931246919
1178,51,0.8752312153496272,0.6422403191418998,0.8857615384243107,0.6063965739532444,0.894470196853329,0.7452612433234365,0.7474738534655543
1179,38,0.5343261483775299,0.5371849171535168,0.5723809365290381,0.4754437222823053,0.5087512130254778,0.6354286215191202,0.631502533342959
1180,93,0.7283689144293791,0.7322405813425861,0.4448193102719882,0.8315905918461263,0.5697559142652282,0.7383383210767286,0.7426507392929798
1181,94,0.3897810186933789,0.3296467244748745,0.5983187405143067,0.1773237848758924,0.4324424740645867,0.2022955571218646,0.19537634997082
1182,94,0.5117141940628328,0.4300496437046638,0.5032876868360531,0.4603493432464311,0.7490232982777056,0.4077150823460147,0.4097020033945394
1183,50,0.8487206194373998,0.7574145535204204,0.6452894156640171,0.9018275809006748,0.8950456081766371,0.8820161775246124,0.8836584387318138
1184,94,0.4635655763052771,0.4918969449218843,0.4518291687707896,0.5797016308191331,0.0565332572380434,0.54006822456457,0.5414612640317522
1185,63,0.6224679861744499,0.4232075992311548,0.5942483881885233,0.6860735862947039,0.5087080435201198,0.5941646802523749,0.5823225204539377
1186,94,0.5035520885485083,0.3927523138079438,0.6656816818599528,0.0692578463226271,0.676158640596141,0.339743921635212,0.3299178104927575
1187,95,0.6974907797657143,0.253165453042501,0.6321304403992636,0.182929704546054,0.6595652561984578,0.622868997085038,0.6228699387005978
1188,59,0.8779515823721742,0.6819096932514754,0.8201825356570174,0.7274218368796661,0.1815203010612478,0.92851007685855,0.9305671203075528
1207,94,0.7583076844751013,0.5868004523848211,0.5051849520928111,0.7687672376943736,0.5482225189599622,0.8178549776582769,0.8178306495687189
1209,100,0.6788675770269189,0.5575270604695339,0.6017741710109615,0.5692494815686128,0.4294173969462219,0.584271916128061,0.5899376634203236
1210,55,0.5902097183565949,0.1540057952394479,0.671957805021525,0.1769378647784693,0.7144942624100825,0.4296759395854199,0.4318434820424726
1214,96,0.6926657402604987,0.6567456302173725,0.6425246850717243,0.7339517604693232,0.6622725873028411,0.6790180210391845,0.6839268889174179
1216,24,0.6723641841075352,0.7220402674556656,0.3313215160282369,,0.872574691255711,0.7902862173608612,0.7904162850581512
1221,92,0.4157698007041453,0.5932099432267744,0.3343773824854912,0.4317269386100402,0.0201354940640003,0.6593624064751146,0.6630382458250654
1222,41,0.6666659801880528,0.335630898042826,0.7834314079979859,0.0375762883805439,0.6295090021873228,0.267919525722764,0.2720878639291434
1223,33,0.2910186227490423,0.3145140980971209,0.529031490807495,0.3128723827004329,0.3867766001141955,0.15120063075008,0.1630015920398264
1224,22,0.4665247002720822,0.4356569853786511,0.5225,0.4340017559922491,0.7771403471264737,0.4284629380391345,0.4250250472458345
1225,94,0.4602186416655104,0.1894100266184027,0.815623766922153,0.1983999628856994,0.8978059265897126,0.0988851818355557,0.1130362811070275
1226,94,0.6049603301058067,0.4674936071877325,0.7989269815299852,0.2976880439001769,0.6711781063609027,0.6148391894549864,0.6197111110256601
1227,94,0.5486890570831305,0.3154139685321073,0.688401142659605,0.2115343915709245,0.5315418751058232,0.8282977960224874,0.8273791159262815
1228,90,0.4841460708984441,0.4235129406022417,0.5031173065581768,0.5448112173576088,0.5521818435026421,0.373289185754065,0.3748849556807079
1229,26,0.4224790251725445,0.1731353888860773,0.7156375433741318,0.1362426132364292,-0.0926875774974191,0.1992416596331451,0.2045176534172651
1230,12,0.3011671754739816,0.3247914292750813,0.3356585566713093,,0.7638442802754,-0.048696245902534,-0.0007036721334033
1231,25,0.4427016881477416,0.4284223657785729,0.5549970003722849,,0.4789789136952387,0.1957963747505876,0.2127555052412827
1232,70,0.7827892839683551,0.6871832409335252,0.4913047316128409,0.8634809429357444,0.836604391078013,0.7371387368520891,0.7382645251734851
1233,93,0.7539450939756881,0.5037341469879906,0.7075042029480515,0.738053191518284,0.7387380649252623,0.6212359723224431,0.6226992183217038
1234,30,0.6777220935590309,0.5900793420301209,0.4858561639343,0.4564298471376564,0.2728307795808116,0.7296384293899193,0.7302233393601116
1235,90,0.7967777319505831,0.6696016432849768,0.7135335885433713,0.8024470739505605,0.424970456605984,0.8415975849339313,0.8404530504793619
1236,95,0.6500324070683292,0.6295205137771099,0.6544366123340102,0.4943419495965325,0.6921835626355086,0.5447861717595301,0.556445052303276
1237,98,0.5685932462854251,0.4842901865358981,0.5599463544458968,-0.0318019765003133,0.7888387033013924,0.4506593974377018,0.4603429925455665
1238,107,0.762065710661127,0.4628380820792623,0.6736554733481298,0.7147546087788187,0.7691659441925229,0.8850464582994487,0.8895977885803674
1239,50,0.6633394478218385,0.6141360087806726,0.7371626345736142,0.7021987889219367,0.6037154871786957,0.6326476409698251,0.6298232361066114
1240,94,0.3400643884421197,0.4329296008234622,0.5566009703943262,0.3237612860060457,0.6722993262062094,0.2517479491741852,0.2491704475127996
1241,37,0.8105243660758716,0.3587884528346456,0.7910398521054727,0.9935720903888148,0.8275617513738056,0.8675325543007961,0.869121120015522
1242,94,0.5271855744247358,0.4171990792868942,0.59112062977917,0.4988359680365393,0.3665059558905476,0.4967379241438188,0.5035746500045809
1243,26,0.774202549680883,0.6806118338307351,0.7903688076736591,,0.7937408454473847,0.5997683139970039,0.6044413553373829
1244,94,0.2843227514349592,0.4808185024152395,0.5344515901197523,0.1819723719435598,0.8175728286729603,0.3631412731308023,0.3589207210460099
1263,91,0.5942864419477908,0.533191347534499,0.4953133927902966,0.2156358744722324,,0.5732332219691781,0.5849578636502347
1264,94,0.7397368588412109,0.7019660583917671,0.7420513687719851,0.7558571169413962,0.7610384255002158,0.4619567190336396,0.3157807941055879
1265,84,0.3242767546407576,0.5146373636216922,0.3335443839783063,0.2280896685808501,0.3745238123800702,0.4340176834673349,0.4401359266900386
1266,88,0.4621502443986079,0.4924961250109609,0.5300526428503697,0.4831694461077886,0.6802874119265632,0.4728478505931136,0.4734448884435731
1267,93,0.7003626387520336,0.5279479533734934,0.672898707900416,0.239225021273447,0.4058693307050383,0.8453777924999986,0.8449095931741989
1268,79,0.6543022468543992,0.5065216129557347,0.522350225384203,0.8048302047766865,0.7061232129879194,0.5006062500937551,0.5034552683251691
1269,16,0.3823395593309579,0.7054115695346098,-0.1448413648755803,,0.6676873894368517,0.5730116867127572,0.6185744813869771
1270,22,0.8446818088705451,0.628195283630625,0.4395220736974299,,0.2323226156921972,0.7782383371054149,0.7764285552139473
1295,90,0.4696507169515858,0.5872060390732359,0.3947851889839053,0.5468594523607999,0.0697252838805258,0.5714250052270456,0.5657079861324678
1298,87,0.4484661049365632,0.5011305288655683,0.3186985759916032,0.3685666794557866,0.2521556018141391,0.5421874258470213,0.5388003239912648
1299,90,0.5357696287687544,0.6788431629651532,0.5359374863829827,0.2396951976838739,0.5079567027340424,0.640199864789143,0.6443365710754949
1301,90,0.6085300468380953,0.6021074375149539,0.5230006755344896,0.2050781244964134,0.6597858210112744,0.5145889769435322,0.5240554999590761
1302,106,0.727393956781757,0.7576616137446897,0.8097753273195082,0.776250930418213,0.7355551007160218,0.7199306206955504,0.7215145431632084
1303,90,0.3065662771093325,0.3199611497036865,0.5582391332138187,0.1291256121216144,0.4820851811988672,0.1164373054638223,0.1178108729192244
1304,90,0.4469148651048643,0.4192607586033099,0.6737753497931918,0.6300406252299297,0.5755960179372371,0.4403183693316628,0.4317217508634134
1305,71,0.7419038435927489,0.6036884458155467,0.7713347471861165,0.2808913448952873,0.9280265944787052,0.6723225148929447,0.6731030091223489
1306,104,0.6909768222072861,0.7455713409136051,0.7893593369552622,0.8160647685077762,0.816317856453363,0.8064698003139069,0.8134452257816235
1307,93,0.5900298138674079,0.5530930438098994,0.7045266586637992,0.391743390508736,0.6427873891540943,0.6820408362810568,0.6871676284799734
1308,88,0.4678190265292544,0.4746906019395606,0.3532461309811354,0.7005949608060354,0.7859597306594771,0.6692318645436665,0.6718714702955614
1309,86,0.5712938635935344,0.5885666724596458,0.310136280813841,0.6394914123870623,0.034406896268797,0.6597196083088935,0.659733154455278
1310,91,0.5550266727344989,0.3148108855391649,0.819058016976557,0.2933977752956995,0.8946428328965006,0.2231454723359176,0.2356723485197124
1311,26,0.5501396569280492,0.3387355847844629,0.813921628099144,-0.0066878779970175,0.7731169799113541,0.1821613806754316,0.2005364437999548
1312,90,0.5869926079832039,0.334553358512873,0.6459182232114979,0.2741538517713668,0.7403442215593563,0.413604971639636,0.4182229605537121
1313,43,0.7806929635699182,0.6223173032447487,0.6614991623722051,0.8229409671266615,0.8470956912473412,0.6935685078450874,0.7022505909316802
1314,89,0.6649079638770238,0.5461764364543962,0.503795328140149,0.6755593867461535,0.8380461126584096,0.7002187433015632,0.7040615476263532
1315,49,0.8198019988308829,0.6360240022500252,0.8229827506990021,0.6538223086785886,0.3899347545532884,0.8174593554063766,0.8173061792890356
1316,90,0.6530141708788674,0.2152061687579191,0.7015072195297607,0.2284915063883869,0.3762527627427159,0.3275784327481976,0.3464982181820509
1317,90,0.3854680016482198,0.4484205385948545,0.5172493812815597,0.015146294683153,0.6231244050350128,0.3467021541602098,0.347294267579892
1318,90,0.2310965236551032,0.3634065668693115,0.4039737079079323,0.1328551676743018,0.2285294975666053,0.2495630453826759,0.2491822900869453
1319,86,0.5537371375326197,0.5486764615148976,0.4124986949221342,0.53151036078749,0.5409082882128872,0.5365825538874279,0.5328379495275658
1320,90,0.5932541030975308,0.507028639690205,0.5982554847759793,0.4273753734275007,0.4522272119807212,0.5904921121350103,0.6012332699471479
1321,100,0.3721482473627016,0.6494741204081008,0.138004771371921,0.0265371333225224,0.193917401443142,0.5724672172306428,0.5611152026016474
1322,87,0.5809154094998455,0.5431141090372421,0.4512377547645759,0.3134508762609171,0.6081365203446345,0.5626271516506931,0.5682519636385697
1323,90,0.5285163182520122,0.4328070934484284,0.588085729419503,0.5661284436744337,0.6729686812385755,0.4087167848653104,0.4106815005124457
1324,90,0.5728195499330637,0.7316932638444006,0.4220896608861099,0.8151292145802337,0.7898666471037542,0.5905425304341617,0.5922277952356354
1325,87,0.5578780469938134,0.499865286388071,0.5004472129946891,0.2717372383795693,0.1404251041095768,0.5913815660705879,0.5866887941752842
1326,87,0.6113047340258777,0.4346711505408637,0.540138821282847,0.8929206782989528,0.8984085661452583,0.6931610259057944,0.6933891943353798
1327,17,0.3974726500592775,0.2400540794829667,0.4352721946185763,,0.289013386105405,0.2404347326653084,0.2404960094696976
1328,103,0.6282697948368484,0.5387266504887045,0.6562814395440515,0.5494269310762413,0.7394513841576247,0.6580223319579722,0.65866896361835
1329,33,0.6198949406915975,0.6224486117190847,0.5839146474401201,0.6555430234897743,0.1648457538904983,0.6414070188056188,0.6373065857868001
1330,17,0.6250383075752317,0.517068563751772,0.6533052580081485,,0.3548764327321224,0.4690905562137965,0.4817263922296146
1331,87,0.4701796321957977,0.325733569313436,0.2755404036369468,0.6298212816485136,0.8832377020670158,0.3988340654082445,0.4169068663620864
1332,107,0.7529486845214441,0.5847716168214109,0.8603425559947296,0.2270700021211508,0.8245559458977452,0.663382295730384,0.6668578460802149
1333,106,0.5146691467756398,0.236483731895907,0.5355159755027046,0.7296664814358971,0.8863004235481288,0.4702984881186468,0.4711123632153738
1334,93,0.4719366675512244,0.6550949098415587,0.4762585631468022,0.4897359743773787,0.3935228314594028,0.5431412488969201,0.5427296207856265
1335,87,0.5476977300700314,0.5363342949289049,0.5939042713028537,0.3750893827712827,0.9176708044948312,0.6101731227126984,0.6135941009707846
1336,26,0.6796295291815527,0.2371188186025689,0.7389209012882609,,0.5223856301454552,0.3618251076401027,0.3603977183199802
1337,107,0.5686790355203184,0.537100116845173,0.6281179961030738,0.288662379180808,0.3738796806941361,0.5317858983055028,0.532381559497693
1338,89,0.5459853761748107,0.6144437654267114,0.5138261476964294,0.5551324796669636,0.5479301050194313,0.6774806316945761,0.6769127466917464
1339,74,0.2893442746526509,0.2582155351072296,0.4172283996796446,0.3418867231202263,0.8750506957084002,0.2643824652250563,0.260738862008689
1340,62,0.5717599676898544,0.4779603976751795,0.6458665957914672,0.1943971584107901,0.446625221381217,0.6484540842756719,0.6457966336352436
1342,26,0.4068923673003918,0.5977322501388295,0.2882204283468775,0.7821952897778435,0.6345068353424668,0.8160951224361352,0.8216960059644006
1343,104,0.7013679287970345,0.4881874488171169,0.6440652574494736,0.4870046100384625,0.8864655565046471,0.7162124852437743,0.7129061465682747
1344,87,0.4000643464648056,0.126606688212891,0.5400192491068672,0.0072693942073192,0.5247488696723018,0.1131298510135234,0.1253518905128249
1345,81,0.4581805882794212,0.5668176405061188,0.6329487452792713,0.3760487994580577,0.3309740868640311,0.3502606350240547,0.3496312822434144
1346,69,0.8035148693581857,0.6916271376921306,0.3566109848963883,0.9487627723622892,0.6893806152501903,0.779334447834021,0.7797756379646931
1347,51,0.6613286207499441,0.6142039911867995,0.7927002419223603,0.9584260800625598,0.9070545700012388,0.8308775249670756,0.8336516005141059
1348,44,0.8009067901161399,0.3955347420281472,0.9284094613661976,0.723225863457916,0.849513738354176,0.7562056143179644,0.7569147142048247
1349,86,0.3068046553535323,0.2413118266644672,0.545769181119155,0.2665659164983428,0.3091481096212277,0.2669926249285048,0.2827602107129743
1350,87,0.5146470670284092,0.4691499208960616,0.6191180527456716,0.4852671738372199,0.4808891199574263,0.5309324741977434,0.5272138288457866
1363,87,0.4866142229821742,0.4496991649296608,0.527716344438896,0.6824630140492475,0.2027635485361995,0.5985560518932898,0.5962865280891622
1364,88,0.5107419349065047,0.5962075997160998,0.3461646287550249,0.6761626658115693,0.3435031405236812,0.6602093564875893,0.6565133614697022
1365,40,0.7496883492787627,0.7601431713940988,0.8793407373756267,0.6811551445931541,0.9147755262995012,0.5492952272568978,0.5537155648046285
1366,88,0.1260234503927352,-0.0550034254691652,0.3548153004924101,0.1120283246742942,0.8027897420553781,-0.0982457118555287,-0.0987337379618825
1367,87,0.6108006740514519,0.570250472468754,0.6217081170618467,0.2202792807266843,0.6455618654647737,0.5671342594450088,0.5708029459695411
1368,87,0.2406717936388182,0.2297089448502278,0.2816822976861918,0.5499589118541761,0.7999671386409953,0.1635347974027977,0.1649211661607074
1369,85,0.3435822940973744,0.4292962216147232,0.2307675587312597,0.8227883646392591,0.9999999999999998,0.4198093703323248,0.415856967497079
1370,88,0.2824894238519169,0.252024573230644,0.5241895828975156,0.3479924529270741,0.2634124097701981,0.1552854576717878,0.1459674892008483
1371,107,0.5681880163333323,0.2143342506981966,0.7731369760876157,0.1651713267565179,0.9173100147440384,0.3456952670736398,0.3558932896057131
1372,87,0.4713698768589396,0.6827842229730415,0.4488527226339048,0.5369683336065469,0.517658946794153,0.7190918321356689,0.723008351411079
1373,88,0.5911857704979143,0.6088197974593103,0.4097930706228027,0.0444715667401567,0.0178162571784855,0.5010815202176532,0.5041047202945635
1374,83,0.617867265943379,0.3262657150282554,0.8338919375191789,0.5208888426994566,0.8973950886318974,0.2664585979550765,0.271272599858938
1375,88,0.6626736498369822,0.6012240016804234,0.3908540054382631,0.7614790067444098,0.7943139317143034,0.5538554543505181,0.5540096368872685
1376,104,0.6098877849906273,0.3829114509844301,0.8063237930461142,0.4701936933267676,0.7762415110897285,0.169459948650807,0.1744696447596951
1385,87,0.5593070027138288,0.3747118036374479,0.6568798348198973,0.6125278264308376,0.4488070952599823,0.384629124380207,0.3893409303897509
1386,70,0.1457190570012347,0.2818944932584835,0.3777555110220442,0.0619200078525158,0.1138634827225805,0.3367241346284074,0.338293139307283
1388,96,0.6018659683556674,0.4672774582711592,0.5304234896203345,0.6749662813772064,0.5867430727956959,0.6127654754461368,0.612322993713993
1389,88,0.6939400800174559,0.5795626453732854,0.7127081688646376,0.319148279678149,0.2406157225933304,0.5257142156422548,0.5224398643233699
1390,18,0.7559569551925165,0.7523095799370166,0.4940944834624579,,0.1739766029418463,0.8442637836344362,0.8429369420040195
1391,104,0.6393861402962319,0.4366335734024826,0.8521934701674643,0.2045945752407188,0.5914687333131248,0.4507212338080619,0.4638553157501698
1392,87,0.5693963998080879,0.5256512123251141,0.4711519961670629,0.4560241383923467,0.2533583416492694,0.5426258585365199,0.5411672799354327
1393,108,0.7020772961325399,0.5542836059722064,0.8817315008826963,0.5733132993679159,0.8354118555347392,0.5931357740541835,0.6036859816279516
1412,104,0.6396422640814471,0.4425453424580161,0.8137305473699935,0.2501487415908334,0.7313721761216087,0.4593310947928745,0.4658795434022338
1413,38,0.6660490497114198,0.6906121108147939,0.108288431352665,0.8270608002649348,0.5683521998010217,0.8342937640653515,0.8346336310602528
1414,44,0.8679861262915154,0.5830462967729725,0.8748823357655209,0.8412842958907379,0.867451454287307,0.7737660519089651,0.7802311015686382
1415,59,0.5327603128625235,0.5614243406674984,0.3511432675769589,0.770329855841867,0.7028136025535626,0.5778330081453366,0.5807354865729757
1416,88,0.4501328117026936,0.3824772569056441,0.6155488992579566,0.2273055855788612,0.773225954829506,0.4592735720465394,0.4586544215163802
1418,20,0.598628135378527,0.7110242363816748,0.257807865465788,0.7358904680231368,0.0341435818948338,0.5527427867785943,0.5463949994487801
1419,104,0.5213975556178856,0.4449980099104936,0.7789855698481792,-0.1882489879735936,0.9036677490044062,0.4758590108430062,0.4748646834472321
1420,88,0.5723079075516562,0.4982685029376265,0.5208158843562826,0.5423158305726637,0.720702338784751,0.7135216648550263,0.7141156046399649
1424,104,0.4103976239575414,0.0847968036672499,0.6979073423934392,0.2843684706409666,0.7732965865780096,0.162033719671097,0.159849050435086
1425,85,0.6367630968261364,0.5312132813522072,0.53014710428644,0.7113612552154062,0.1443344037752369,0.6134645762268116,0.6103095650371134
1426,15,0.2697574392852577,0.0729321607178314,0.563092506371473,,0.7390236453043777,0.077990848205052,0.0811176146049653
1427,103,0.6506354937699917,0.3967888561775924,0.8814231687885653,0.667066662598458,0.3451374109392066,0.5661253071935068,0.5519089778679029
1430,74,0.7750587006414235,0.6428586628041266,0.8244577693708955,0.1450841362144338,0.7640166073916146,0.8773710345542381,0.8760197409181996
1432,28,0.154786500052267,-0.045223772520885,0.4913417481238026,-0.2574076513241089,0.6151543916911131,-0.0944498288430835,-0.0773307049859416
1433,86,0.4903950506366036,0.3951680777966226,0.5802183674141753,0.316076618434311,0.5306265329411269,0.1877147996696722,0.2101296842895531
1434,88,0.5596610813514415,0.2757012542516459,0.3550921292371398,0.3632732457575734,0.2565704782665242,0.4850311315955714,0.4883612712072345
1435,91,0.4721384014190684,0.3599950830867764,0.3021476738641539,0.5788916315364008,0.755804122354334,0.3918207571805742,0.3923248916526007
1439,50,0.7886169963154885,0.7431862100875077,0.299085170631606,-0.009448916144577,0.0682863655159484,0.7833677949616938,0.7837804727702306
1440,104,0.7514446375461138,0.4970146906660555,0.7207033408893498,0.6380058302283258,0.9102631879255316,0.7052377006625119,0.7042071981747796
1441,104,0.624217217629077,0.5057186699167429,0.8386514541102084,0.1190369708396217,0.5368079323721535,0.492734513156439,0.4967474255152772
1442,83,0.7293665460043138,0.6046905379683601,0.3087248635614851,0.6111975909726705,0.260301632709343,0.7787221611292009,0.7774786744849159
1443,85,0.0483045741613635,0.0558720354027517,0.2995772464654621,0.0078495562488076,0.6308287337291629,-0.0049798789438846,-0.0002968337570038
1444,104,0.5433970337865582,0.2965064949988321,0.7816607480560164,0.27546963246152,0.758779081943045,0.2462332535880932,0.2467385352264413
1448,16,0.3182935555955437,0.0920479483366517,0.6895828271676112,,0.3800837977603638,0.104024475440395,0.1304432203898334
1454,88,0.5962146420534786,0.5836991162332643,0.5197972639031263,0.1044861789617178,0.4195186149736241,0.6230115043257058,0.6287923653714635
1457,104,0.6207144515060455,0.556033996758392,0.8455538875674092,0.4759061717551467,0.752219071831552,0.5004208395257375,0.5002401630293442
1460,88,0.6977297728088672,0.6215765456689863,0.4518902048868209,0.8065624082619752,0.6542869001712955,0.7362390239761881,0.7347083831026411
1461,85,0.4063025034039563,0.3621758527955352,0.4996399143964228,0.2791651263223548,0.908638374763741,0.3597159393515263,0.3763256981332114
1462,85,0.1653798312708471,0.4726772940860743,0.3320629649940848,0.0690158603763,0.2098174470165348,0.2424805996914579,0.2402010028922785
1463,84,0.4740720272935598,0.3281671687018254,0.4702348593837712,0.1264264314193042,0.6548563180445323,0.4073843916358614,0.4149243327359837
1464,32,0.7550382678054668,0.5452568870151947,0.5485609064296094,0.6265577237595932,0.4083537623544542,0.5482750301145402,0.5535849631955543
1466,104,0.5597866023512753,0.3417255594302794,0.7168225521896754,,0.8619268520458274,0.3819006481565195,0.3832059546536456
1467,20,0.5802974744961283,0.3405938783086978,0.4566251126542358,0.6467753748464408,0.7659407312899179,0.1675465188925937,0.1879191050055089
1468,85,0.6296757534646926,0.5892424142836202,0.5348842296559363,0.8881897684251201,0.6832357323693711,0.7692418033457421,0.7734163805582123
1469,104,0.705272169186355,0.5820279385042196,0.6411298592801968,0.613895962946592,0.4741955825442753,0.5952545401120851,0.6023440086605758
1470,89,0.2842549469594845,0.1617383835258746,0.6500480588111072,0.287917054591244,0.7013494350936902,0.1298165478293247,0.1289437871171392
1471,25,0.3113640366651395,0.2934548113557851,0.6881903428234014,0.0469827011607324,0.2781078503808947,0.1101840010161357,0.1280745129910733
1472,83,0.7764407462953986,0.7472512104908547,0.6012050084447944,0.7559104609837142,0.4707753045106276,0.7152049949273468,0.7190050362081797
1473,104,0.675001313596896,0.6659633951517635,0.7248450953533223,0.5131024790074107,0.6855513687497925,0.6749918296843941,0.6822898346314711
1474,97,0.5628930645591783,0.5783452047140237,0.617923975518798,0.7800969367128392,0.2356615120906922,0.6137672343813797,0.6269479206829532
1475,104,0.5783173772478685,0.3149684452523789,0.7360042107720476,0.6045518580212037,0.703037711258262,0.2624361526846867,0.2770560639789667
1477,73,0.5959868582657513,0.5712749341832244,0.6045353388951079,0.4108042805488716,0.626874947571389,0.6236667169754665,0.6236944313268357
1478,104,0.7870891076308834,0.651978224231679,0.7715809936124299,0.7162652716862007,0.7056243077932074,0.8651659526353596,0.865656033274223
1479,104,0.5387615518360136,0.2319791269454142,0.737088402960945,0.58584950528211,0.7468627945661325,0.3781301526159774,0.3791128014549283
1480,104,0.4157331431156301,0.371540221934105,0.6965337488994293,0.4140254425194646,0.7282914051428981,0.1740415766208203,0.1845992748199892
1481,34,0.1103787358940476,0.2749923836354122,0.3841359172908737,0.1092221887702003,0.4767823328143815,0.2442556016381486,0.2476752032898596
1482,102,0.6963048598140831,0.4229849306407806,0.7051473638513202,0.7038541233955389,0.5737423670767334,0.617691973927366,0.6158715805239996
1483,88,0.7792035496769368,0.6033617734199793,0.6804198762827425,0.79623102689758,0.6704518350452784,0.8459574812382185,0.8485899666368006
1484,87,0.6087331051612329,0.5358063455165836,0.4825366175926852,0.3691016504529381,0.4719959422921184,0.4874217572037612,0.4980418995591503
1485,39,0.8244748078733919,0.7354002237213815,0.8866962084583759,0.8398139802570737,0.6959161279391566,0.7743894647493157,0.7836079416053768
1486,71,0.4520541897485796,0.4597247577563643,0.3224186776527347,0.5765324652171981,0.3688331000891188,0.6045483404556409,0.6070909507161463
1487,104,0.6272718387513277,0.4762372125031773,0.7765352762797407,0.4550154401610327,0.3365017288546892,0.4056572717465795,0.4110414904403244
1488,83,0.4263086088532895,0.510373595271723,0.3783580774514034,-0.0304329490841099,0.1972626167969761,0.5348487300248095,0.5338274822507106
1489,28,0.3896839812396978,0.2103143926578213,0.754139932313331,-0.2836550216782988,0.6579254207200971,0.0914789338125716,0.0957775720510157
1490,84,0.3638879915724449,0.2841874393074178,0.3676163043490082,0.2328279155286215,0.3965364935839947,0.4106511523737426,0.4134879057180686
1491,82,0.4741034636893007,0.4338648888122529,0.4394362258104236,0.6100836605627455,0.8012889447150915,0.3577780523439645,0.3677082800998165
1492,84,0.3912012223532187,0.3784904168693594,0.39687367505734,0.4517944646161799,0.5079386396278871,0.4334689379000646,0.4263598318432468
1494,101,0.3102001277698626,0.0763682188311788,0.6775098149186768,-0.0045726930406621,0.6758410361043494,0.0710825051151742,0.0833944566049347
1498,84,0.8171622973921794,0.7652932624825983,0.5608747069153399,0.955751121397764,0.0515083554219383,0.8952734993150496,0.8946427401053401
1499,74,0.4936605298476101,0.4308767332812894,0.8315261468175995,0.2139637675025502,0.8201093011333868,0.4711369754511396,0.4913564191022233
1500,30,0.8323512192801941,0.7307050525723071,0.6571275159647174,0.7654239569052229,0.6860091406696425,0.754132814880373,0.7609391877687284
1501,83,0.5017523900082131,0.5405066024983279,0.3843363631471314,0.5487885676345672,0.4922189274732745,0.6312821833872126,0.629854050811659
1502,86,0.5800749220236192,0.5989115564530215,0.1991073642449787,0.7889596012823215,0.7941136858864052,0.74113456648637,0.7364422377892018
1503,46,0.6774713463616419,0.4175659088524506,0.8624470528072113,0.6696614559665394,0.9547231564794476,0.4226839958982836,0.4258425466196892
1504,104,0.7629230168001672,0.6507879594099711,0.7369061334121573,0.6358429304499956,0.759746487891686,0.7607213164861354,0.761476545948763
1505,84,0.4996300334749029,0.520290864881342,0.5052947265087389,0.4895440270578199,0.7314300110260783,0.5887214498520225,0.5932509975724045
1506,102,0.4064730321402413,0.2243302934115982,0.7670946013992568,0.3504922465158134,0.9128421623112992,0.2487027075620886,0.2611334387969347
1507,104,0.5914768476227467,0.5442992619084859,0.691898902001851,0.8576767463193591,0.865227973272589,0.6199825640561133,0.6236806198303372
1508,83,0.3993806360311447,0.2959380611459948,0.4336830760212365,0.3357972585884955,0.715552312634247,0.3868058168903847,0.387327954013575
1509,104,0.6109812307998675,0.3796164311940145,0.7528790813439216,0.1101724979038995,0.6783740806377114,0.3296414686461172,0.3573249635574522
1510,100,0.425764079421616,0.285694921149741,0.7366360872613686,0.0737356585126122,0.8862768138243435,0.0645875328908903,0.0729042516121867
1511,83,0.5656016688745281,0.4200300182085007,0.3962753623020139,0.2172078026341141,0.7271348648212133,0.550542953893882,0.5557400515579454
1512,100,0.7114856108739797,0.6151157409987525,0.8250298596407613,0.4465951814365018,0.7271389633242942,0.5191653132313396,0.5323709203799636
1513,83,0.3228201968188128,0.0429184475186395,0.6937015858621013,0.1863255048878228,0.7252645041265272,0.092994609641351,0.0878449924328614
1515,82,0.6413140254768129,0.3704716692257598,0.8057405096953472,0.3391764468539822,0.5734017471815174,0.4123162809413605,0.4113852837818072
1518,79,0.4356492861264106,0.2408993784232349,0.2069345668957934,0.2735524755910298,0.2219199948390599,0.3090387817065171,0.3223827320985607
1522,93,0.7967450688614814,0.6549805661703395,0.6777568569744903,0.8586303064957158,0.337208821388691,0.8997963390651837,0.9006779724022179
1524,100,0.524271812896858,0.3850626388657444,0.8120830713827141,0.3311273097884224,0.6997144890753089,0.3470342234558812,0.3497382819210135
1525,100,0.6345927567538499,0.1752601615399866,0.7344826819891124,-0.1131308252717654,-0.0117496798311225,0.3696745677438479,0.3797978246967883
1526,84,0.4084470855642333,0.1799510761445994,0.5060644746469939,0.0105350318664189,0.4544702860568155,0.1657795391448988,0.1737125521916425
1527,100,0.3281457563454473,0.2281912752603009,0.5761914860452872,0.211692504548562,0.7919499794913538,0.2567667219170281,0.2587698478799204
1528,100,0.8225176245592165,0.5698850905386986,0.8364893815077531,0.4379401129660911,0.7113105020236853,0.8478765683612606,0.8537807805301502
1529,102,0.7257941781027132,0.7642571744894243,0.8393903111795198,0.6449300928102221,0.8407151584568022,0.906677194833382,0.9094204124458408
1530,58,0.8512703956591261,0.5187811089270804,0.8796930403643471,-0.0583054591271472,0.8998730076447002,0.7757403477920941,0.7763865891091297
1531,28,0.7086158708782074,0.6915875751966223,0.5422789998766473,0.7813660571495853,0.8740077279121762,0.8717838917698979,0.8679888125255137
1533,100,0.7177469829752711,0.5930360405548046,0.6958287672366181,0.0486725045206687,0.8681102911610713,0.6759537364041834,0.676600018589884
1534,96,0.5410336091562764,0.4989706884317658,0.6501144009497459,0.4811724718833319,0.726968507739344,0.4547162354291544,0.4551111176136813
1535,28,0.7034647318180943,0.3451023776747361,0.8488801291454058,0.0120482206239885,0.9338113461825576,0.4834383941369835,0.5007501733826214
1536,100,0.7046534829571873,0.6807791954927627,0.6152205010562505,0.9108356636937802,0.7654261424675515,0.7070141412299453,0.7009767216665982
1537,100,0.7213405825757273,0.6124882165230929,0.6812754382521838,,0.9386826089167936,0.6554693093372852,0.6557350311002825
1538,52,0.5486226316505601,0.2383548329929078,0.6681433699533996,0.5777275374804376,0.6166105485996355,0.1460048612400928,0.1472013983506497
1539,100,0.4718540051106011,0.328618940863863,0.8039900039262882,0.4009822351693,0.5070703458618508,0.1752039563490759,0.1752569012271928
1540,100,0.6375050417909705,0.6004653948074561,0.5497005830145882,0.5889090950757724,0.8470715688529887,0.6145036313164673,0.6099175337431807
1541,84,0.4504732173073935,0.4662572055724384,0.4598111494792613,0.5401252774080512,0.3227543873107934,0.5549262952305213,0.5592016842846815
1542,86,0.3867269275079857,0.36585949763575,0.4821706668281334,0.1845736864966631,0.6944746016280857,0.4061900048257298,0.4092218361566927
1543,82,0.2006264803904845,0.4012977111336784,0.1300863541030992,0.2159461513500933,0.4369954888334468,0.3170904511069438,0.323903715667008
1546,100,0.614896490210086,0.6254451452609084,0.7190488048357814,0.2233213535485864,0.8551732674053323,0.7658173499076402,0.7703352470130232
1547,90,0.7029490070226256,0.6565528680941787,0.7375869835627862,0.1356052457898369,0.7830312387479321,0.5680042499963399,0.5659447684142183
1550,82,0.4813185725670042,0.4093683026687372,0.6187918822572834,0.1718077781557275,0.538059452378683,0.3857914945062931,0.4041217351361901
1555,83,0.5718467119443931,0.6470471193727341,0.5024764735017333,0.5649384000407752,0.5179429002536107,0.5076348385848671,0.5055407254683176
1557,99,0.8053905715129778,0.7100889655509934,0.8339120032278147,0.4343591059235157,0.3592323970390935,0.7657308478957081,0.7666996577901034
1560,100,0.6386003796524844,0.3382989889134435,0.8115173808367154,0.4244681125889863,0.3584313408869973,0.5564298790022217,0.55151919299994
1565,100,0.4943711709663766,0.04632686079538,0.7268595671406787,0.1875675923549349,0.444634220704004,0.1991591041859638,0.2199409531268653
1566,85,0.3039100316088212,0.1299744104224187,0.5565181475571939,0.7498235110181846,0.6731912925530199,0.288243250180719,0.2802058952210025
1567,98,0.7816617110941523,0.1597577775860727,0.7061257652214016,,0.901216353981302,0.6686599164240641,0.6805079693933854
1572,68,0.7445520654328723,0.6857836666652696,0.7140403366088328,0.8060482354489771,0.5480557521616419,0.711717190449366,0.7164443586512267
1573,84,0.3759297564468731,0.4247904371526583,0.2226287234217578,0.468901198611424,0.5811549921000075,0.40293200319806,0.4066133674475958
1574,84,0.6010328895010293,0.5595605338185291,0.4865462412363232,0.6320992223904639,0.6896021856017328,0.6874910776434101,0.6845738218460582
1575,100,0.7143536772553338,0.5213608866038716,0.6183477596709107,0.2962354564152222,0.6915132538004507,0.7077592048160137,0.7074404024222114
1595,98,0.7269566087217937,0.6030008733549672,0.7511181771605806,0.7191902979902655,0.616403903603366,0.5560063490995474,0.5448837554549704
1611,96,0.8180228306419832,0.6435554699395679,0.7939761738573067,0.6673930871075691,0.4241915845939516,0.7147868557130029,0.7128922326387881
1612,84,0.7315226038412387,0.6336259876026702,0.4248925466378702,0.1635859062126946,0.7981046210109656,0.7674256226951581,0.7667800832979946
1614,12,0.6651791704748624,0.2859049660709123,0.6325987349183444,,0.1663978893964648,0.5030926959462027,0.5237856196328158
1623,98,0.4135109018679578,0.3411679941953963,0.671986911254964,0.4480436104870357,0.6427894344289427,0.3123458224416296,0.311970497123114
1628,89,0.7473137729937189,0.7346943075928143,0.6778856416717881,0.8995138574777409,0.8095153155614989,0.6713553904248092,0.6796663904656884
1630,79,0.7295961511031321,0.5336115834455645,0.50768131475527,0.8450315198498249,0.8767437330242929,0.7314206507176898,0.7337836779520291
1631,84,0.5373639240103243,0.3409596034127024,0.4889472030913429,0.5197394155106492,0.7166489271030373,0.4535487680869199,0.4638659944054689
1632,96,0.5901109806702028,0.3870708665667838,0.697802724313066,0.4197900107966936,0.6519793296394802,0.4316038176254642,0.430075022514565
1633,100,0.2812615292004379,0.1366815285217234,0.5859578113004116,0.171031197780505,0.6158031325721591,0.0512956694890764,0.060256239137149
1634,96,0.3486218075882898,0.3153910981426015,0.6108113892713518,0.5267905834463915,0.8613724617472499,0.2830949790890197,0.2882614739507696
1635,88,0.5678257636089283,0.3708541935414956,0.6799287851838479,0.8430213378428777,0.4012786939424645,0.4340954465629417,0.4386648250920319
1636,96,0.6250894562353531,0.5978133144867676,0.7529041859085954,0.2815177377013779,0.6784311393407594,0.649463179619661,0.6429361932274394
1641,84,0.6940313303587419,0.7140282665358992,0.5782876726420827,0.4526901641926301,0.8655009297104951,0.6952407029002715,0.6947492882055532
1642,89,0.532531176050691,0.117862210917624,0.6990291262135917,0.4436787780812607,0.8613476640815507,0.0482601806629294,0.0673993198866732
1643,42,0.7390101840939807,0.5330410780301887,0.7705627759903882,0.5061081104621572,0.7825121695644935,0.8106018561268808,0.8186046672880554
1645,88,0.6036720005531481,0.2427844374352411,0.7906138220920754,0.2467001448536487,0.6104309755243598,0.2625900082786109,0.2757310677529361
1647,89,0.6511363157758857,0.5129006466230176,0.7727061645145507,0.4932519837368659,0.7550243294043816,0.6505654641700641,0.647820728053685
1648,88,0.5515518900239803,0.3437241593138698,0.6609936766383847,0.2309497803761255,0.2420202436141151,0.2990545993115648,0.3114101424634288
1649,76,0.5923457574358476,0.6028896718482621,0.4242803762849458,0.2430771616121081,0.0829628863643544,0.6040681730425378,0.5988090677551815
1651,79,0.2247070606324104,0.29257377876932,0.1472000078432019,0.4200774449727911,0.8498515170392814,0.1880500341724754,0.1870840843559212
1652,37,0.4717603056524055,0.5103652344447112,0.5005304653122623,0.7949794459705557,0.7842270801668977,0.7181910603082843,0.7212213465723315
1653,88,0.5054589726005914,0.4724722198085701,0.4827092003533795,0.5425390005308708,0.5127039589251896,0.5029406007085695,0.496321679734907
1656,98,0.6829723417278233,0.5437950512704866,0.7807719999875112,0.4304410055907609,0.8379967362724193,0.6305616256018699,0.6492413513002868
1657,88,0.5901574985879233,0.5708644934414528,0.5320352107265959,0.5215264217248795,0.5415469996194109,0.5190160302732185,0.5334334933098829
1658,84,0.2674389763612188,0.3617731832669284,0.4000442104809233,-0.0852813912019168,0.6647585843503766,0.4652176023333806,0.4615480133984795
1659,90,0.2482006616361237,0.284775706196483,0.6315666587029004,0.0094733172989732,0.5209192054986738,0.0743933714195114,0.0894636841103049
1663,53,0.5237492513294355,0.5178128734879232,0.6674382276054708,0.6637357885458247,0.4707751515634847,0.495964559097186,0.5018787793377754
1665,20,0.7996309240614698,0.8632480389460471,0.6398890150714531,0.8412357956551261,0.3148613471245076,0.850388602406677,0.8580230299986381
1667,53,0.8461998638349983,0.6920564334195317,0.5455291685837265,,0.5371773152281701,0.7297191574228047,0.7335263910969273
1668,26,0.7073654092316662,0.5682731404045779,0.3973205161213075,,0.3876749610830891,0.8343455877256133,0.8350652321970561
1671,34,0.5310054470831209,0.4273036022015421,0.6876355696186836,0.2674729068376121,0.3540536142780477,0.5735634934034646,0.5838669738708064
1675,31,0.5359889817477306,0.5359692502390978,0.839280222580635,-0.2980922635161517,0.4642694192298911,0.3794335009619641,0.3978080481061207
1677,88,0.6988156482374993,0.7019989529242516,0.4880714190403933,0.7600378632943786,0.7738625765584894,0.8127294170754249,0.8097806347026454
1682,90,0.2014540531171903,-0.0156817843185424,0.6526348321598585,0.1413943090217113,0.3927915129702768,-0.0564141707356943,-0.0387977453664129
1684,83,0.6919082119617719,0.6842653168663205,0.6247798409173685,0.8659316317142473,0.814302597649683,0.7555290170355417,0.7559943083153802
1685,86,0.5219237798778091,0.3921927194581281,0.4495010747764837,0.1785430304580538,0.3533588559331697,0.4290954584265628,0.4317449155943683
1691,88,0.5718551108863106,0.5457550613762246,0.6512404394942513,0.6247009194079572,0.7589760736671994,0.5946566594656318,0.5924492027006135
1700,30,0.7348871937487095,0.6085108627606474,0.864429470655825,0.2990536176663238,0.7304496934072674,0.207792842782731,0.242255708008853
1705,88,0.6434930178209537,0.3096859140844495,0.6554636420545188,0.6139398486393987,0.9119852893959288,0.618578963140074,0.6170003661760168
1708,84,0.5850282317679194,0.5731664828256724,0.4924961994241184,0.5368899326564609,0.6928345796315389,0.6527416447452468,0.651711925115886
1714,86,0.5745940485011106,0.5315494409437455,0.4307266911956001,0.5532560122925981,0.5061164919429462,0.7429192686031986,0.7442391910255716
1722,96,0.2205183514942093,0.0460944274214867,0.6230716915709439,-0.0267210538878227,0.8575689533675783,0.0767831436715935,0.0838296979065761
1750,38,0.7942948356651219,0.6189425145956178,0.8043608306234563,0.3351075498213325,0.3390326590613446,0.8233987488736376,0.819596315592428
1755,85,0.7433279704727254,0.669501577390217,0.773669814983794,0.4743695070813501,0.915825263501182,0.729906057176628,0.7335631813403263
1757,87,0.2596650046026773,-0.0305380941214839,0.7069438914387827,0.1079120141187423,0.7539272305894629,0.0560789410149026,0.0560124056733847
1761,87,0.6300522977115997,0.0170719661463354,0.6814206465498169,0.0577357743917698,0.2803218039214477,0.3386048540208873,0.3673370205544223
1763,37,0.8517197399249665,0.6641700252100501,0.8385897373157819,,0.6329717552393591,0.9192717863231242,0.922854140769054
1766,84,0.394422938539388,0.068193483645614,0.6153099065817041,0.2338819715470283,0.4699141912464998,-0.0341904302647335,-0.0199157774372461
1778,83,0.6313082867894699,0.4722123779716152,0.6459012809527783,0.5556942229640323,0.2780556531809743,0.6357051030668325,0.6332636149356495
1781,76,0.1274663198317596,-0.0409285736786558,0.3871879112273009,0.092679295720114,0.5448584500691313,0.1108252389809592,0.1184859375600623
1785,84,0.5032308583881506,0.4569635282857153,0.7392845943152395,0.3066763106859911,0.565843590372967,0.4675991062970079,0.4780214929415776
1792,84,0.4053962978335972,0.3669396020440901,0.5613260040438611,0.622581975598898,0.8654973308750428,0.4036992586936431,0.4034295438146562
1801,75,0.1402530151748531,0.1080955188954276,0.2119935408774117,0.1312000763024992,0.6328218217889083,0.0721752268014447,0.0810491322305067
1807,84,0.6801086908366776,0.4239923993411021,0.7060024898019692,-0.0166482693691252,0.5388090449196864,0.5608514985852453,0.5740478875567984
1822,84,0.5762503524721875,0.3824679440501641,0.4575355646153259,0.736748316398456,0.9341978121552535,0.6233282144722246,0.6199552706959633
1823,86,0.6710076039900722,0.4698704884322806,0.7400901104506562,0.2650743314599372,0.8326546500918549,0.4685063924642824,0.4861054000376634
1836,85,0.3083187370066801,0.410053901392814,0.5538350766453767,0.2691009939614645,0.1225196067768084,0.2480883684183589,0.2515095471275257
1837,82,0.2287816339328895,-0.0813614272163244,0.636712144840227,0.1805862131698321,0.6508591190218613,-0.1039357955939733,-0.0845777801630874
1840,81,0.5951910388780649,0.5162801926845978,0.6173052419564612,,0.8127881842750447,0.630805846840293,0.6290525922065803
1852,84,0.6638983254653961,0.6189841813983321,0.7970227013172514,0.5257855013690153,0.2831230473540388,0.6830256430159404,0.681480536658492
1854,80,0.6497341565269309,0.5795830430506217,0.7720263006334864,0.7090700938689743,0.6139771108089734,0.4856365784897516,0.4901615233447441
1858,76,0.4767719154031052,0.507623219456227,0.3249793750582093,0.6161346205088672,0.7927308292102381,0.5251584534891734,0.5232566291376668
1859,81,0.5611976544971247,0.3708045386905774,0.6229117097167602,0.3815803114399073,0.4676017628116714,0.4583707627929985,0.4572895341912072
1866,84,0.6601246372768409,0.4029876926751988,0.6422682690597339,0.5737588178669114,0.8269225567015631,0.5416298783081382,0.5448793977044312
1870,64,0.6571368461395459,0.6747347809369726,0.727184266674566,,0.5812363182374368,0.7065118937083426,0.7143739280720885
1873,80,0.7509220713283914,0.6202987236212486,0.6239678077192138,0.6826138310975794,0.4450824875622,0.8966161453707245,0.8952879913910967
1874,84,0.5193747197790746,0.4775997179305071,0.566356799091272,0.2904236530143596,0.2273982256109251,0.5385175003255862,0.5491505411972757
1879,84,0.7232195170139166,0.3454269305362559,0.7855150299328831,0.7242576381453594,0.5794507428398648,0.5104325891192633,0.5157670243054886
1885,80,0.5725456453415424,0.2823641489109253,0.7878628275990797,0.2707873259816554,0.3797684845960997,0.2840495621393252,0.280930487518613
1896,46,0.7525236922525441,0.5213433300433342,0.650782817580366,0.9029924148575844,0.8877254856581215,0.831791193672298,0.8264994393431093
1898,74,0.4201616783455188,0.4588720303677566,0.5834448178952154,0.4609767030292157,0.3855383570775584,0.5388601038633317,0.5423495573659521
1901,83,0.399913649247623,0.3377267898360224,0.6074664150625083,0.548442895823471,0.8775119133565779,0.2536289797532607,0.2711616517317124
1902,80,0.7182299318192151,0.688572428599222,0.702044957414999,0.7084935857372328,0.4780649330935562,0.7092321030062331,0.7027289088093447
1904,80,0.5422558682961784,0.5308198294527713,0.6981339812663099,0.6089255835294525,0.7000580735009898,0.6217346302038504,0.6160671097986223
1905,80,0.549983021857884,0.575802875893629,0.5983915674020869,0.1865365573761054,0.6860147180946337,0.4133858093495702,0.4123515252716346
1907,76,0.3508634939185484,0.10425450640039,0.5521283967689086,0.1094930786709394,0.8598834465081923,0.2469857553166626,0.2502793771287634
1908,71,0.5514580895044007,0.52345926740024,0.4031950855611107,,0.904848560512418,0.7811334685376703,0.7879169279133487
1914,80,0.4603239123709503,0.483429575911442,0.5112216086316654,0.4403145357781035,0.8072512059306441,0.4886745824694708,0.5085828558546295
1933,76,0.6261684971823112,0.7016910338601609,0.6917241989461282,0.6062399294328082,0.6762122462519167,0.3207366742236011,0.2975157268296002
1939,76,0.3295091493598976,0.0272032844156098,0.5330305100920705,0.4773722404853654,0.5737311736568274,0.1398482698292023,0.1351708296388491
1942,80,0.6549441036970406,0.4834115691144614,0.5303362612804391,0.7011066758038957,0.8865040060569007,0.6774151810320095,0.6836298189826542
1943,72,0.7164766474915927,0.484504640172325,0.6509206982556724,0.3671550363026644,0.0851111554487537,0.6658507832048729,0.6676844948860874
1952,80,0.4742100526552221,0.1273807587173859,0.7286988476110615,0.3381483174806969,0.2241870538411938,0.0473486265972631,0.0464254511899563
1953,74,0.5468068292573699,0.4968202205828527,0.6139018721103318,0.4676393501671936,0.722958935795391,0.4805189103123653,0.4796712122388859
1954,76,0.3246077939692576,0.204356488944759,0.4219545985654628,0.0515370358421384,0.3101935585094477,0.1750336400681108,0.1835011953765782
1956,56,0.4209174212384198,0.4590173311274806,0.7659457215666895,0.3314443140726985,0.9037601916302648,0.5116637961549612,0.5380068306337266
1957,76,0.5925128495756113,0.5481924525583035,0.6544117647058824,0.3316614808413227,0.3983499466791313,0.5209066131293922,0.5300761855896324
1959,77,0.4402590417537901,0.4527805979138833,0.6700972499477234,0.6449100420482333,0.7308159074580453,0.4499071735466301,0.4641505985401723
1966,82,0.6455963596666847,0.6195771202345401,0.6666702569851569,0.8040081974737897,0.5454723766770092,0.7715608501284639,0.7636051617742126
1974,74,0.6449036196917067,0.5602507865316483,0.7252427918469169,0.4210550418348993,0.8301903616247094,0.7050367201986366,0.7042855105642807
1976,73,0.6330637078687706,0.6277198345293894,0.6491908192461225,0.6464806450962152,0.7050217660494735,0.6167726971830394,0.6181614775694086
1980,88,0.1277352310661513,0.4428448160061646,0.4423497023183095,0.1941087142061165,0.4456971584876919,0.1519174335392636,0.1508812454657747
1981,76,0.2826948001103356,0.0760464585239053,0.7826855123674913,-0.0326735948065346,0.6804147084941168,0.0272906996726391,0.0277021042581643
1982,68,-0.0891870569764784,-0.0546528714090466,0.2298180045282081,0.0752997698550109,0.8147841807396958,-0.1372221369877073,-0.1235726600062701
1984,76,0.7171519948451138,0.5225083750744939,0.6702998233940255,0.0994766214206685,-0.0250317342018949,0.7035495295376983,0.6939900296885377
1987,80,0.7326778019339806,0.5115528638632421,0.8074211874460893,-0.0044966008187295,0.8235920319481356,0.4437951509320066,0.4522657596168659
1989,80,0.6989003038898174,0.3873540452334681,0.7716673938429316,0.4074692413693723,0.676872426762045,0.4816207951614121,0.4901588412040336
1991,72,0.5493178795940518,0.5551849340651824,0.6002162981926681,0.1041663719810143,0.5038710685611814,0.4247728982295932,0.4394358781844918
1992,70,0.6187041245325485,0.660584866184466,0.6007599640657435,0.9351934930989004,0.8446615259032418,0.5304323678379205,0.5310552997833627
1998,74,0.225641405799006,0.0827936502490124,0.6392598318018209,-0.0706558475691008,0.7715818752204613,-0.0747434650538627,-0.0685312022351994
2000,72,0.4483218685875305,0.330756443261856,0.5288985996605401,0.6018771132885475,0.3390345108596073,0.3891800661550654,0.3843952692762702
2007,73,0.1594658902493559,-0.1259904902988467,0.5412469649709115,0.0906063760567919,0.7928649039353861,-0.0838295183453221,-0.0695747982857298
2008,73,0.4977727212901063,0.4472066082517726,0.5214071238869588,0.2448764260045997,0.8119860278879283,0.3891785077814467,0.3908246932610231
2009,79,0.580016774127056,0.4159564322519931,0.8227854852267907,0.4451121625471506,0.4642532273783648,0.402924347070948,0.3929021643428595
2010,72,0.7497263744283185,0.7219535859622287,0.6703791687171167,0.7253478938853095,0.739841807603693,0.864300771217156,0.8692506350688115
2011,60,0.5518746799259792,0.3915536170548421,0.4763191468024973,-0.0026338070258598,0.4186697624940098,0.3353799896960975,0.3426355789958127
2014,72,0.5584496709098409,0.3056200044121156,0.6751570463165233,0.2254831106412869,0.5703685235535791,0.264566629018696,0.2621474796113078
2015,74,0.5805734364399927,0.5516987805791793,0.1970085722725523,0.3619790577362903,0.83785409888534,0.5210068797261577,0.525977313302632
2018,81,0.7009541422804679,0.6848841147075461,0.5346638641082417,0.9078102690948142,0.8770531147783488,0.7192442999345092,0.7230342700956254
2019,72,0.551170913214849,0.3834918325273022,0.8142862961313637,0.150326100207999,0.7083379775168608,0.404891006569443,0.4055216990235949
2025,71,0.5885943795500014,0.5570168510738611,0.5729999195743581,0.3046045356907012,0.1882315221994466,0.544033729847438,0.549630154903526
2029,71,0.2447542408290242,0.3639146521026496,0.6113569565791904,0.2897701974716703,0.7596705989049555,0.2773767764329144,0.2745809853292405
2032,72,0.630459308421472,0.6252470672962184,0.4554806267532062,0.5372896285558016,0.7776827483687256,0.6215047633161837,0.6222172091039091
2037,35,0.5550509854963346,0.6580684745127592,0.2949315328344153,,0.4113917593462075,0.6706119824434486,0.666302844724663
2038,73,0.4550379793490566,0.3124046424701784,0.6450418447362931,-0.063167238180727,0.4041856576569398,0.4919933087959171,0.4955544607626109
2041,70,0.4748403747031471,0.5271941879639183,0.5414729029790514,0.6107092122826395,0.7554873744393448,0.5850622521846164,0.5825859667981956
2042,72,0.6576407878914318,0.5453736336817827,0.7750811657625354,0.707986051137176,0.3508909706103821,0.6400210006196839,0.6337664272027305
2043,72,0.5587027361851201,0.5634667616885943,0.6572279566565515,0.607556553509747,0.8159420015197886,0.6338864433576405,0.636380181652389
2044,72,0.5552331427832979,0.1359327225290872,0.6427894884146299,0.368248985272511,0.3601631196401547,0.1967778583470003,0.1882932479489907
2046,80,0.479728877983452,0.4522072300782242,0.8467143532525395,0.1948989711007364,0.5199512914852732,0.3439657079672006,0.3535792981307032
2047,72,0.4558639729552554,0.3877287789083661,0.6868897096608544,0.43770705551591,0.7573593117755114,0.3614265727070658,0.3698213130952741
2048,39,0.0679775480284241,-0.068111688474832,0.5110822674240458,0.1777680495794275,0.8883812043762718,-0.0895107870728085,-0.0686787287262236
2051,69,0.5539286539249907,0.5213840751483234,0.4601084430673895,,0.4648414394759025,0.7437523594731694,0.7447554826160986
2052,72,0.486080102588524,0.3192682045832993,0.4519680919035956,,0.6508628633311453,0.5182187995880824,0.5172503399772954
2053,71,0.6115042715597845,0.4019680929385555,0.8008108209066653,0.2168499131121536,-0.0003973023150242,0.508579583507749,0.5165814057146733
2055,73,0.5720161027134598,0.2547501778203523,0.7309052113201253,0.7153396021962368,0.3227035823246409,0.3269478193123434,0.3237143582272624
2060,72,0.7560725837604667,0.6679041104593664,0.7843477654773339,0.4370071771202652,0.4569108545473918,0.8399175915330199,0.8448568325028782
2062,72,0.4055901425894608,0.2054074941064075,0.6838759762375729,-0.0403604853273383,0.784890091549857,0.0008692261848114,0.0081198261595179
2066,68,0.2157973510282612,0.1541376909170632,0.5559464401607791,-0.0178209073322067,0.7527571448780159,0.1327604705202566,0.1452550633126562
2068,68,0.555328575940619,0.4077096278055265,0.7725451630576009,0.1225867960212758,0.3775708408717004,0.3487230723510688,0.3651052476235692
2074,41,0.6250287679507136,0.272514426414679,0.8264754686406467,-0.2592347905787174,0.6442016905423621,0.256185213193654,0.3136700894109632
2076,74,0.5529878302145704,0.3767110616824691,0.7103344588979539,0.012028755230727,0.5914956601801595,0.2877041381179087,0.3013937182227825
2078,72,0.5431399641003294,0.5319073679712372,0.654843726530161,,0.6004875790626237,0.628142875715905,0.630455744248764
2079,67,0.503964584783951,0.6278256907282562,0.5084033604021831,0.15295663179503,0.5666238351885484,0.6444875409349224,0.6530034222637747
2080,76,0.2402798827108757,0.0558150055981404,0.6467047524957935,0.0104836818638901,0.5966872203159426,0.0131705858281919,0.0322969870109544
2083,100,0.6425086456247582,0.6089874852431789,0.7227275773104372,0.4441298934745898,0.7531963671624442,0.6884196182740181,0.6923545145848531
2084,93,0.8036790984116721,0.5918453688463811,0.6809304215470274,0.7465029830865254,0.5719161320456974,0.7427336796726903,0.7420296820167388
2085,83,0.1716191106668959,0.2301774382167133,0.3689037783804553,0.1334831679657652,-0.0557932837600568,0.1020679366964735,0.1056807097691252
2086,72,0.4175435723495415,-0.0077196088776533,0.5798259107594119,0.335557863838348,0.5214931695165026,0.1361420232833676,0.1371389996572775
2087,83,0.7167061631402458,0.5963523600497717,0.5896748157013302,0.6642076953057955,0.9013815476271564,0.7044016133802128,0.701389726418557
2098,72,0.7345232844971491,0.3808960781321079,0.7075023908127763,0.5628556757115045,0.5279370120460585,0.514141455840066,0.5089032839696191
2116,69,0.7821757050969498,0.8487116129395175,0.8553003739101624,0.6959384475704598,0.3453947172567453,0.8071986056352966,0.8080919813041054
2118,76,0.6105101151296902,0.7617632820538726,0.7647831758782861,0.2382157669825648,0.572759826827792,0.7091730987321091,0.7142532268284113
2194,76,0.5147322025318728,0.1285167386120695,0.8271052250658967,0.5320478367325957,0.7964051605225335,0.4045539801319889,0.4090111022310717
2195,68,0.4802251536582578,0.1066433701433484,0.8186549580875545,0.4768773250897983,0.5053042732795427,0.3998838662791809,0.3997194263038082
2198,68,0.6540702118438941,0.4285320127042596,0.475116669332056,0.1044176219247537,0.6461503956409423,0.693884222676329,0.6931721001560465
2200,63,0.5477388986657762,0.5902588837241429,0.6587717549754375,0.6384014526235877,0.4638978060988977,0.6117906478497657,0.6120066054020586
2213,68,0.3170327225965277,0.1483830309288869,0.6246155553351788,0.3032491548519433,0.7787702849023727,0.0845488255713242,0.0803763999202216
2214,64,0.210852350828952,0.0858185395352129,0.6113967606267351,0.3535948025417996,0.5769117505131414,-0.0615796521072054,-0.0587416293949212
2215,72,0.795414667778485,0.7233610571599761,0.7734145297742376,0.7403055636558509,0.684506975753639,0.7131986362852709,0.714605798658514
2216,68,0.4259449730136083,0.2840924441735483,0.5697846968341015,0.2074960664186854,0.7973245564050443,0.1120466279044063,0.1347914761918819
2220,68,0.3654189202205053,0.4110262310125476,0.6047899047639442,0.362839059847813,0.583997561665423,0.1265706731120404,0.1307237147208012
2231,68,0.4387343563438161,0.1868959592173666,0.6808142052836725,0.0298402257016466,0.8866561019727024,0.1667226553592321,0.1739289918288263
2242,99,0.6240658569054434,0.4658661675570344,0.7431884964470375,0.4844541405742048,0.6421939264601119,0.5146207816546624,0.5189672387256485
2252,17,0.7047567274821451,0.4941037636670327,0.5822225097395819,,0.5695185474251837,0.4802180782631773,0.2397482294841494
2280,64,0.5602701440614719,0.3857289440646191,0.6097951656187501,0.5757867770538379,0.5011122425190684,0.283825850487423,0.2804173029289892
2281,64,0.6854242959414915,0.6154914615305953,0.8540712253614111,0.563159875170362,0.5402850498184836,0.5743663896881929,0.5766301841833541
2298,64,0.6183480664268975,0.7113625852157612,0.4428265072297129,0.8375137687226158,0.5391503548843759,0.5919828514760396,0.5903243831554112
2301,68,0.7632002033071235,0.5999679613489433,0.7335083149296183,0.7393513993556062,0.7098239109250075,0.7215153427772639,0.7196843291046253
2302,19,0.7821912154574243,0.5648990666193761,0.7171371656006361,,0.5098746266514889,0.7926594610091263,0.7919711926635434
2307,63,0.4228620182198772,0.0795353798631625,0.6589868070252927,0.645915623643102,0.4820490126958495,0.249409414611642,0.2503072919589327
2309,61,0.347303508702446,0.4391689768280418,0.4800843709675143,0.3343229142086326,0.8344026085924205,0.3398771646172479,0.3411482911626688
2311,60,0.3278555361159953,0.2872729679846678,0.5752416120422312,0.0471240845339965,0.6610702704222692,0.2225974144778261,0.2340849264147995
2312,62,0.4154993187987974,0.3776315588346624,0.7110322783138776,0.3106523800212636,0.7586756119520723,0.2323093542808491,0.2348713973232475
2314,39,0.7030969005251737,0.6667331726881448,0.7232952883077315,0.4107100733387879,0.4329949565740563,0.5732550809000257,0.5707751314221055
2315,63,0.3748188431797164,0.3606557639574121,0.5289292586583221,-0.2801584817575525,0.8366609281161996,0.3320727251385453,0.339020009360633
2317,66,0.3342104880825152,0.1781401545251476,0.7254898069647098,-0.1185102295835694,0.4374717305130625,0.0285048075860485,0.0360441959037693
2323,62,0.8437680082294063,0.5705693143899625,0.8959233689304259,0.1874937747069506,0.4258648249189096,0.7403845159029344,0.7396462873818929
2324,60,0.3456693681586472,0.0943125305530584,0.596731210452953,0.0533177586887336,0.3932606001566782,0.0113608362419335,0.0299638000209463
2334,65,0.1677108631007723,0.2021238285381981,0.4334708622545822,0.5454944473127231,0.4694772636874467,0.1209884779732532,0.1105600841008601
2348,54,0.5341316758401837,0.5991533238594757,0.3846470095474312,0.3498446518422312,0.7926684579383756,0.607860246716566,0.6085713411382738
2351,58,0.8056943136241461,0.8080339110523291,0.6313338689457175,0.8018313383935096,0.8678960047412122,0.77528054584872,0.7752342764382287
2358,21,0.1382083921180323,-0.0308186909229759,0.4538755973368584,0.3194929371512824,0.8812183425457266,-0.0593388731776045,-0.059218013026233
2359,62,0.6734212550157352,0.4269721873549177,0.680727977768676,0.2693988797449815,0.1296826850898035,0.7588271168717101,0.7641240123168869
2360,56,0.2643056088295989,0.0502210171909713,0.455061946992657,0.2998743600254467,0.8763986801118765,0.1409343241707836,0.1328003603313676
2361,47,0.7273958941040115,0.8308605091863787,0.5447014368195673,0.2169904711931792,0.5773492655465077,0.8348179809549182,0.8271037924887096
2367,58,0.1651933311741544,0.2441059854640558,0.6374422324149253,-0.0038496119534028,0.6391227952430321,0.1349916351320653,0.1319297996832207
2373,60,0.5510291746973316,0.3167596199510777,0.7526148764086378,0.2935375642040618,0.762590809177351,0.3647011743795624,0.3788977275162076
2374,56,0.0457653291048076,0.1800426977637516,0.2605197134099094,0.1821020593599993,0.8234787174485751,-0.0457534719594697,-0.0611146963994248
2378,54,0.5342742136438561,0.5911552542506372,0.691501007475156,0.6387237411700604,0.951080264686837,0.5070771566993498,0.5153840663256126
2389,68,0.3371190529710978,0.2331122656274155,0.495114106269055,0.2511756924168968,0.7824997894292067,0.1460208926764026,0.1390367935421636
2391,52,0.1846165772495844,0.1101466223623205,0.5898315145392395,-0.483620259168196,0.3717517908011687,0.1830541501501698,0.1890469666590901
2393,72,0.3363246998271774,0.0669117505877538,0.4301543591566803,0.2671442098619644,0.7074034443585091,0.097663811233198,0.1107898688670185
2397,56,0.543560693453677,0.6156629414183854,0.646035613694835,0.6771110247222627,0.937497383752448,0.6546113304123116,0.6533192839451177
2399,48,0.1394172776918081,0.1920040730395544,0.5059894963697512,-0.0565196350108566,0.74300215681784,0.1416077564278411,0.1418214541170337
2401,68,0.7971487355908948,0.6600293919681505,0.8471037792894066,0.4384685499156104,0.858851067439159,0.8205454931815035,0.8253394560606205
2405,47,0.5840829649674762,0.3638971953231965,0.827755256313534,0.0544641976234094,0.3133450376162298,0.2994726681656,0.3125928923611891
2409,53,0.6207112488886464,0.1771494543535683,0.667908328348445,0.7878273881517114,0.6855048047453774,0.6093190174206169,0.620113832007801
2413,54,0.5557932712270777,0.2770566383778275,0.8649737709183511,0.382588252541073,0.7169352599847229,0.1382373192048107,0.1572903332255114
2414,51,0.6688380739334906,0.6388908737971944,0.6083748852137539,,0.5290364693207421,0.7313194788210409,0.748041555055507
2420,66,0.3934548895395436,0.2884663311421411,0.4134838516190892,0.2736944939110349,0.5241421636678648,0.2493776537182506,0.2515624858707068
2424,56,0.6416233126307388,0.732000263783875,0.6598417189857539,0.8461542280749347,0.8928385314534246,0.796964607889247,0.7952692540138419
2427,54,0.674797219031412,0.6400197410326366,0.8365905878481233,0.9288588786772348,0.6396745047110011,0.6287007951002033,0.6415482127834211
2428,46,0.6124483028182253,0.7200261294077824,0.4743580351535253,0.6228801466747886,0.585403701106219,0.7536126865888368,0.7572333775564513
2431,51,0.3606318587381696,0.2365667996128919,0.4432764143383474,0.4470770853001581,0.786526003614228,0.192798803584973,0.1906912355491425
2439,58,0.7050827594815273,0.5109536881529527,0.7073258979995869,0.1846830399910292,0.6854534469987649,0.4555734309073752,0.4713947307975568
2441,52,0.435871739842445,0.8136893442263757,0.5640673386525161,0.4093828776350209,0.5063194746679207,0.5951416505703337,0.5875330741737232
2446,52,0.2809559329958904,0.2279052539488517,0.6292880010490303,0.1349824800985196,0.895211424011671,-0.0181497736858663,-0.0052206781217224
2447,52,0.5973784867564258,0.6179398784867651,0.5505747126436782,0.5448734195812402,0.8562778283241305,0.5664027245371432,0.5617895156398403
2454,51,0.4470310527761217,0.2774182615766791,0.6614724526210607,0.1736355398833567,0.7694035952309776,0.2957276043506681,0.2941374347009668
2455,56,0.7084893624005453,0.7547259510882035,0.5866300852011592,0.7546146918434589,0.7098311559711847,0.7065902690417167,0.7064953308023483
2456,52,0.738451331201353,0.744294046618344,0.6994244984518444,0.947682496711255,0.5034059085158353,0.772311487156846,0.7728140748569883
2457,42,0.5177094597782885,0.5410532011459164,0.5947244598119298,0.4479762963961067,0.7700675246803891,0.2717007621225966,0.2770281936009397
2467,45,0.3046217039740565,0.2279500474101871,0.5077226351190636,0.2610282055549147,0.3565506659135977,0.2294948320799302,0.2290600718255165
2469,48,0.7984715997039393,0.6982850409644623,0.7312299445711495,0.7041610402947769,0.6471508141795067,0.7975494992481428,0.7967144369591912
2478,49,0.4604754292147986,0.2429855262170376,0.5184067179090965,0.1546346235148421,0.889939029794811,0.2101240028075166,0.2203333147195001
2479,44,0.5515314229059992,0.8200732225231524,0.7835220539744207,0.4210330404865683,0.8008248632384009,0.6966985441187682,0.6933444638499628
2492,44,0.0947445363230035,0.1765646334250445,0.1739891239965486,0.1736976341522469,0.9104915705418049,0.0819948325816803,0.0810046299937605
2505,39,0.6869277301234725,0.5302793147351411,0.4302191222200968,0.8639996181263617,0.3050433975100279,0.4246511116674969,0.4355987600595904
2513,52,0.7221845374989777,0.6975802360682721,0.7598375770723027,0.7731920495409648,0.8385579209083487,0.6863976341684059,0.6763411820845634
2518,42,0.4690476010080034,0.413654998759125,0.7799454267198509,0.1268262343794815,0.7283276021144043,0.4266920409476191,0.4241493005026411
2519,42,0.0499289199791242,-0.0242542208545983,0.5623762002357852,-0.0474181970102224,0.4778474272432336,-0.0588409951290354,-0.0472772856229467
2529,46,0.5480958353125944,0.4967223718012755,0.5804050318746653,0.5043978578366706,0.4059873063819162,0.62062911292984,0.6287959519020949
2537,40,0.160330205213094,0.2172598442718607,0.695049768771024,-0.0982016586015454,0.4171851374556946,0.0448454711704555,0.0432900554699312
2538,44,0.4023351867349773,0.0837697283221678,0.6660799294778817,0.0310532092223687,0.5184633767193056,0.2922108618318781,0.3252194175014282
2539,44,0.3828373976471727,0.0602531210502784,0.7799840543870549,0.2774092554348034,0.9084066506709544,-0.017795477096371,-0.0103754176171752
2540,19,0.1544725278502668,-0.0023436482954706,0.6393442622950822,-0.262593575440524,0.8162787168050722,-0.0905321865075357,-0.0592730190736973
2545,44,0.6912240294035342,0.7436027616678874,0.6821750125100552,,0.5202906089772946,0.7564594086855645,0.7555510906886562
2547,39,0.3525326585773486,0.632256610613761,0.463969831507707,0.7906374792239869,0.0122009922142674,0.6046799742439374,0.5980652113989161
2556,41,0.560866731947143,0.4439757740144642,0.5222264286339474,-0.1105379258688573,0.7801870813188944,0.4970288122705755,0.505354235466564
2562,40,0.3382170220944681,0.2599876574662915,0.4718750000000003,-0.2453615725916177,0.6220795378935285,-0.057978603407456,-0.0517602128848723
2568,39,0.4089747728164902,0.4712172284266467,0.5895264407246182,0.1379645813777875,0.6781130412707587,0.5959155615577252,0.5998646808341118
2575,40,0.3907037506741999,0.0843952350787093,0.7458070087399316,0.118697024094197,0.8608270682078278,0.0786955777884355,0.0885225685674511
2586,42,0.050124193724336,-0.0333889226146842,0.6172116766436155,-0.1259767276412658,0.7968622002613192,-0.0828951627172692,-0.0581886162793017
2587,42,0.6574076422515884,0.6063008342021043,0.3720780176605454,,0.7613986072326685,0.8389219452278996,0.8378735365807223
2589,40,0.8544758580408162,0.8330760690726795,0.6550169781842434,0.7694178170930732,0.867792738570362,0.915773312927544,0.9156168981443646
2598,35,0.2834655530554675,0.3466776209926018,0.379274713397296,0.0278177296399358,0.783971412892647,0.3342277732953946,0.3299994870973209
2611,38,0.7060806086380054,0.6728852159284435,0.460017743368999,0.6505756461468472,0.5739542993142963,0.661183342174346,0.6549032296607389
2612,37,0.2571757828043507,0.4123190440870324,0.3036563771405949,0.366702536979587,-0.2805274493305609,0.3337369711997511,0.3254510838424899
2613,40,0.6409895038781982,0.6567141958765943,0.4660056657223796,0.6504725547425005,0.5597421661290408,0.7268826622179503,0.7232788699523686
2622,42,0.475612907711984,0.4935573234245414,0.7218729556586233,,0.8441716846447807,0.5111162730719269,0.512663447956291
2624,36,0.2219471085355612,0.247970019404684,0.3784581290775223,0.2551372509135302,0.8727233997429429,0.1886816310763606,0.1871609187787117
2626,32,0.3891285603798103,0.2810930208289364,0.5548060294040617,0.1851175431554991,-0.2572057870758377,-0.012619231643261,-0.0210064096690656
2631,32,0.4514607166850168,0.5491491634353709,0.4854256952074197,0.4518264203987401,0.1564725361553663,0.7625452509554228,0.7739383848493894
2633,39,0.7551236057763624,0.7179180857564168,0.6531682183183212,0.6253948956279054,0.8397495706676199,0.6226376927118846,0.6350164943888057
2634,44,0.3633079595809673,0.1826808066242164,0.6205112598904451,0.2180756806142171,0.9708994808978884,0.1587944880712241,0.1633234803716851
2638,35,-0.0352514289708514,0.2043499615242024,0.0136857952891039,0.0417993513073831,0.5532662040774726,-0.0529171757238443,-0.068255015118508
2639,35,0.5863668996711239,0.5039196691774253,0.588405067661983,0.5772674388635578,0.7067032432804441,0.3736427745515421,0.3735282588833272
2645,35,0.2212842322845843,0.3426200817067886,0.2544427180953284,0.2852513993332263,0.0996024219003461,0.2928622653016284,0.292757475190844
2649,37,0.2572115491990774,0.1968891016071752,0.4533622559652929,-0.1111764336955384,0.6724622029988141,-0.0394082513543109,-0.0390621922413797
2650,35,0.7495176666185962,0.5512978528916657,0.7472014696266127,0.7979807150552773,0.7955294440453978,0.6171163571743031,0.6133986067592926
2654,36,0.122255359917311,0.258898483253093,0.4086649382548286,0.169054497969282,0.3165801876285252,0.1394093585982773,0.1733845754718569
2657,36,0.5140175947116167,0.0879080959488314,0.8346541980694465,0.1643653302611697,0.866468072915639,0.2656083123206899,0.2635540403716245
2660,40,0.5913421693637909,0.4153558771759357,0.7699756796466907,0.7133998668353134,0.9583529724756904,0.2824728533209762,0.3142748816678969
2661,40,0.2906415659758716,0.3517559863378716,0.6807659206177482,0.0344774494571065,0.8795321499792262,0.1383242061850632,0.1724307363055604
2663,40,0.1233075397458521,0.0664377055315802,0.467834557012177,-0.1590004972742435,0.8374330376926856,-0.05321493744118,-0.044178003985005
2669,40,0.5915910684202288,0.2734577551468251,0.5924635845471821,0.4494152342288988,0.7181446523395094,0.4473787691697222,0.4485681124809137
2673,35,0.0649077297288897,0.3473941487549107,0.3271490414347558,0.3175871444648794,0.7195516398445175,0.3070170205611713,0.308117435773078
2675,31,0.0288600166842394,-0.1123318098325918,0.521159534514804,-0.3293625872257144,-0.0410837872863093,-0.3239479468500596,-0.3196901523782681
2677,40,0.584452217449228,0.3235946201950343,0.7035952645493686,0.4741203660839007,0.5039290832351839,0.312331511701485,0.3204730356878917
2686,38,0.7496012870243163,0.5577307073778008,0.6880419604416645,0.640338415117777,0.8605487561046036,0.4061878775768335,0.3927998863220418
2689,40,0.5474225348337584,0.6451720247047391,0.5992639304593396,0.5107770775445241,0.4221829290425063,0.7460154531912803,0.7494713314597343
2690,35,-0.004325759032283,-0.0882852101054997,0.5829203193990944,-0.243980563329289,-0.1824771540191545,-0.1351664496975992,-0.1346390827808107
2694,38,0.7101172186199878,0.5710345642744045,0.7186721314845551,0.5265112691112895,0.8998798776501321,0.6955510098155475,0.6938458999562827
2696,33,0.5166178205314952,0.6489989722395786,0.0169491525423728,0.677244552569821,0.8723163401122482,0.5301250399027618,0.5286401137234914
2702,39,0.2223879937092356,0.2313721893295667,0.4954476479514415,-0.061480206113582,0.9137528405343046,0.0942804784692907,0.0883637104210157
2704,39,0.1953258589410706,0.1831802253062998,0.5056407501107563,-0.1342433448915184,0.9546528802029076,0.0548621855216223,0.0634365322048798
2705,31,0.3853515466890039,0.6809208895091845,0.3770585775038643,0.6110401640834536,0.2379691083194104,0.6503191003122567,0.644930800203317
2707,33,0.2745939976718312,0.2800115423969495,0.5773175812762694,0.2448008094306249,0.6277749869805286,0.0641718525752342,0.0787176511683668
2709,40,0.2891039741833628,0.6345619894976716,0.5686954106535884,-0.1180161548880096,0.9306693547069737,0.3315111551441643,0.3326917935286077
2711,33,0.457474436193013,0.4281269694904828,0.7508726985473926,0.4463149124081328,0.8966213291526127,0.4242222535842508,0.4271442068702988
2717,31,0.5104805482580056,0.419621380172835,0.3577163247100802,0.435809664573735,0.7085195097239556,0.383413333836029,0.3837011388684632
2718,39,0.0349425458556509,0.0597071167600432,0.555457250140715,0.3561883060282407,0.9303669780830854,-0.0037285695958202,-0.0113209858945859
2723,31,0.3788454237145292,0.2297759712928949,0.4508667891033228,-0.2449300355927854,0.6046781120135157,0.0458491016263711,0.0493510091758149
2735,36,0.5215641730851622,0.5375617827794432,0.2564731625868426,0.7119511315787834,0.3626307417610185,0.5877389164543078,0.5962645192153246
2741,36,0.3046399777689184,0.5026565281005342,0.5812834716544648,0.5933759446559552,0.7962991634435418,0.480617851430405,0.4761921498676457
2745,31,0.3722181730964004,0.4445449082158606,0.5683267797490796,0.4882989091427392,0.2839950877517216,0.259443598004809,0.2563666212028912
2750,31,0.4818790568806959,0.2539057341793846,0.5028880921625264,0.3642889134074471,0.7951861865506616,0.3130321396401629,0.3147489854155419
2753,36,0.7783017677848559,0.6536715356206236,0.8272567822260687,0.6825158805973386,0.8581711563874032,0.8295447730563061,0.8265394925882099
2766,36,0.3943019977961808,0.1120011311496557,0.6455836480001338,-0.0269434885116321,0.9529475268836818,0.1071289582873713,0.0993717751980188
2774,36,0.4255981435964001,0.0353184783030295,0.6592489568845619,-0.0603829418047299,0.2017853179843425,-0.0953139712463264,-0.0945588215440514
2775,35,0.468842746643039,0.2116243139884966,0.816873785114345,0.4019721521200962,-0.0813862909575801,0.567330526475293,0.5781421743023735
2776,36,0.6179367737452385,-0.2622810286275926,0.8387636026802882,0.3503576933470064,0.813079338699206,0.0337879413425179,0.0423305190367792
2777,29,0.5753213717845115,0.487453468197253,0.5875161010753163,0.297355863888165,0.3900297025506731,0.6143817260466252,0.6148700531878365
2781,36,0.0468015579904306,-0.0076887975000577,0.6238353378737009,-0.1310034374048189,0.8499968185912467,-0.0491903680834256,-0.0459607255656203
2787,27,0.331549123620695,0.1353313315412307,0.5169813699178196,0.6207688246874825,0.5595285429410742,0.0502708349124646,0.0580507117317117
2799,34,0.6573243185347257,0.470574427442423,0.7290678377250152,0.4654533110265751,0.837289854568594,0.6661705971125518,0.6701094010888353
2800,34,0.4379949778180547,0.2099313003719828,0.7224054992758825,0.2003042839366508,0.8610167833377785,0.2814904037850275,0.3034850774245915
2801,34,0.4979063091355704,0.4091109564972384,0.592169563815203,0.26694711599754,0.3588550189094599,0.2980536241808796,0.2943964205788749
2802,36,0.7122288410613834,0.5792981967098005,0.7454585161039504,0.7167799851570715,0.8659387008841047,0.6639289441313805,0.6637267373364767
2803,36,0.5957237963725476,0.6212628392672348,0.5108296834127547,0.7544133658808976,0.3896313037431775,0.6120938016893852,0.6119231338619462
2808,28,0.1827460102338914,-0.0428564753024234,0.5645486113796756,0.2397648679286792,0.3240270312681689,-0.017252849940575,-0.024780008272387
2818,31,0.0649050099870563,-0.0086037013775772,0.5018802107708586,-0.0014713766758787,0.8559333656565232,-0.0751382870795048,-0.0711091482716911
2824,27,-0.2038035891395321,-0.2707750899976534,-0.0268562401263823,0.3677907391664395,0.9332318793869414,-0.1285206403177976,-0.1442630101758247
2826,32,0.3937746381023662,0.1690670791362663,0.5226375865902188,-0.0185827507555958,0.9361500106806158,0.1498816801547235,0.1520343382766645
2829,36,0.375055069015746,0.0340644036452148,0.7968103141946945,0.3722986237402426,0.8475779914513236,0.0189684882270946,0.0341567949944302
2834,27,0.5055562405132312,0.6321297546573061,0.6443960568346596,0.6208488084702196,0.524383756426267,0.6012035156012776,0.601227469454672
2837,32,0.7359521653384257,0.5948369135690763,0.8174717599938597,0.445433183957256,0.7767415716007291,0.8626702981803902,0.8671841535913554
2841,29,0.5105042791010029,0.4026624367204444,0.7367069311281369,0.0415985267660839,0.8385134893881204,0.3697292485946875,0.3724474953625004
2843,29,0.5216595169135398,0.4447432499801798,0.724833321412806,0.2487787577619768,0.1497924762826031,0.7103191237851215,0.7370159445281242
2847,32,0.8677004309221845,0.8027199660759375,0.836871033885619,0.6448704759962052,0.8506056646718825,0.9616766072903328,0.962086198138782
2852,32,0.2679860814304433,-0.1018967737563567,0.6679457711339065,0.3017944243089375,0.917414277360002,-0.1077004823973821,-0.1093931669414764
2856,24,0.0101582539938886,0.1367421969028119,0.3631705071759122,0.0245016514478389,-0.2533381417447432,-0.1005553254322199,-0.1217653815180667
2859,32,0.2332875715952869,0.475959402472352,0.1848647129490747,0.2904820287129405,0.91441555959848,0.1589874432482699,0.1551158088057427
2862,32,0.6177722416157829,0.7451042017174482,0.6839890930857524,0.1199845432437219,0.1148356840312189,0.942690522312297,0.9404247302005272
2863,32,0.7216975349351428,0.5917321556943196,0.8540715663789094,0.6715025745114639,0.9225810593971924,0.4606834026889055,0.4703473997467242
2870,29,0.6048602147519325,0.6300620030438054,0.6905827752818674,0.6937623047153894,0.87315956450491,0.6726297521571653,0.6686179444566868
2875,23,0.6393742158486373,0.7782588868297543,0.6529302513398844,0.9535974354247004,0.6159066570085828,0.5855480681599027,0.586819758265792
2889,24,0.0777659084785878,0.0866058289686931,0.5360934182590232,-0.1347516656025183,0.3236315501131812,-0.0678264616957151,-0.0437771249929483
2892,25,0.1835675680846273,-0.2444760606955087,0.5059507143632467,-0.1032979153488787,0.1338072061827592,-0.0605913577549868,-0.0461172800166249
2897,22,0.4565020979921999,0.2117282401310304,0.4493585171364584,0.2128966090356362,0.7430152109504913,0.3800419995163296,0.3730973751978939
2899,78,0.8238010381656575,0.3535552411689838,0.7342986937286803,0.7104601666539379,0.8467412737331794,0.1068422773954545,0.1017318855078455
2902,32,0.2741661669300745,-0.1856778870685473,0.5900124413484907,-0.0494408571759999,0.4916594810483239,0.1749043935941691,0.1761995621196364
2915,27,0.4183984933479628,0.8059277301290211,0.3682553240228987,0.2622717737894554,0.7933608594372051,0.818451299935881,0.8149416958020956
2916,28,0.5444978046515397,0.2776304395778252,0.4931274371998393,0.276518688720578,0.3440768286995317,0.4689678287546828,0.4883555306506607
2919,28,0.6978144674746491,0.6708029056614564,0.5116279069767442,0.8365732510220203,0.8057554852835562,0.7206570954028917,0.7106249363931623
2930,29,0.5494436894126047,0.5725013881824895,0.6396529059129816,0.8510424259520919,0.4075315790071606,0.5341812017186416,0.5469419370671669
2935,28,0.8083773152105728,0.7436650383040767,0.6757381850180841,0.6983581446524317,0.8694461285671546,0.8029784531286506,0.8018839830166049
2941,28,0.1723327300887984,0.1633969920978783,0.3835616438356166,-0.1655514020145858,0.7021164089341791,-0.0448690163896674,-0.036430410181709
2951,29,0.7312373111493035,0.5682422777438108,0.7065010984667661,0.4335264641262922,0.6712534658334293,0.5479655297902006,0.5594030329773794
2962,27,0.1094619256256828,0.0511634872040284,0.5551330798479086,-0.3000155539021554,0.5142815640600386,-0.1000597944580303,-0.0834800321602225
2967,25,0.1234839299109796,0.043447407628348,0.3266163156293877,-0.2327382100409904,0.5165521771069169,0.0929683772630884,0.1220693694870218
2973,23,0.5718476604016651,0.7163486534987441,0.5124526967890585,0.6953488317567529,-0.1574469875368045,0.8005958955635104,0.802628825728998
2977,31,0.3070493208312109,0.433388192422401,0.2567034515792299,-0.1169105117370977,0.8308149295536233,0.3991340244006705,0.3974982934867284
2982,30,0.0598880628382023,-0.1564579448948921,0.6333602026116422,-0.1872359389225731,0.8595151890763912,-0.1844172159335061,-0.190182824118416
2987,28,0.8572597715308721,0.637759272815808,0.8079842584508514,-0.3837300785157263,0.9256973057171864,0.6768335198649592,0.6781072628720797
2990,28,0.8362612730527915,0.5940448672701095,0.806063522617902,0.7004754748559472,0.8745622965365137,0.8319789978686852,0.827627209743463
2991,28,0.7381686946212226,0.6508616907468554,0.7452847700561384,-0.3851177512122148,0.5733401419721562,0.6752813242387801,0.6761699876498257
2992,28,0.1671672230377142,-0.045921985538317,0.6994473139904099,0.2083385601628254,0.8672263256706336,-0.0632949786539169,-0.0663032137576782
2999,26,0.4780848400652221,0.3009451296430908,0.6415723219152983,-0.0422342665350691,0.6458373279519729,0.5863824615843456,0.5827975731741367
3000,30,0.2020737931724116,0.0299242272455611,0.6859487744273808,-0.0874004308610402,0.8682997543440902,-0.095019392313993,-0.068703785332315
3001,22,0.4764695557221846,0.1957538368881127,0.7513774116287251,,0.937199575255168,0.0694626407201432,0.1057972156079761
3004,29,0.001830706865105,0.1082441811332304,0.5717277642866609,-0.0567990862144492,0.4263479599787192,-0.0633027481963992,-0.0606878394129061
3005,37,0.4359884930220463,0.3473275294205107,0.6853102675519002,0.4808525551336737,0.2775631272261755,0.3350940229082398,0.3319176621912768
3009,26,0.1548837357427336,0.0651688524709975,0.3309561333107653,0.1500601607776981,0.839487289972037,0.088764530968708,0.0849630470247487
3017,28,0.8718610866697803,0.8155363390423463,0.5525265998035693,0.8591523567546583,0.9236252018447102,0.9072122273002018,0.9069897577953838
3027,28,0.7536485549274681,0.6751130790197075,0.7516722428786933,0.6334692151235135,0.756162371173707,0.7513879388574634,0.7526012029515768
3030,27,0.6102879400181986,0.0609671607817497,0.7998948876390556,0.5396025085936186,0.7790078616659987,0.422962662547518,0.4170641302773735
3037,27,0.5767074283748166,0.479503530156151,0.3346904804184212,0.4892318948206725,0.876762194900794,0.4243354435465449,0.4242637874801942
3042,28,0.7576675995827278,0.3777056246437537,0.5942969968412638,-0.1251627199167642,0.8573857201950423,0.713140201052377,0.7338349508832445
3044,27,0.5522430791938139,0.0804777239407849,0.8742604535831525,0.6011243395383242,0.8321582041186785,0.0418616977455162,0.0491332018992922
3051,27,0.5754099304423866,0.4400843593920664,0.7466411242909143,0.089395747616213,0.941747674533673,0.3743546152173808,0.4115680370118141
3053,27,0.5025447017537507,0.5822272278990942,0.4909111822110755,0.491834717336205,0.7938337217679678,0.4895458819743854,0.515828759661743
3054,24,0.7244097545240259,0.455703603130229,0.8641907643288886,0.5149715278110357,0.4052950139077322,0.1043985957770121,0.1187587392311951
3074,25,0.2139473809959513,0.3140957966032479,0.5009496684719984,-0.0493554683960209,0.7931911756200649,0.1816752672091004,0.1785359879980844
3075,27,0.727955190066649,0.6579619736884199,0.848240197200365,0.278910765961568,0.4297227008422025,0.7694330455534112,0.7656664948344303
3082,24,0.4725383631161131,0.2704114862501509,0.7165984810678837,0.4140578536970739,0.7551443467815021,0.2974755339445124,0.3084793078875361
3085,26,0.5871609286675614,0.6976522198500362,0.5604804498650984,0.6476794698132147,0.9053277085271422,0.5842382059060215,0.600640208297243
3099,24,0.1228014284261872,0.0391597820213615,0.7637696590503327,0.0252171846111968,0.919753089402066,-0.0086619125031511,-0.014628050198768
3100,24,0.7483931205495575,0.7668588273260079,0.6114036784410741,0.6862149218317367,0.8343584626139707,0.8208768854076024,0.8232155287004159
3102,37,0.4170531399704833,0.3695937715971046,0.6438905452987145,0.5456888857659299,0.279619408901113,0.2905251792121053,0.2672204976819416
3103,24,0.863928716895045,0.7820077309332129,0.6215393489363231,0.6519127708205237,0.8948223953059024,0.8158807998692051,0.818189861674397
3105,24,0.2387734222008034,0.4389570343699506,0.0848413575389342,0.0474295310274543,0.3776428609672164,0.4951437304314896,0.4993819226102352
3108,24,0.8194981114441371,0.5976655920292077,0.600129171709448,0.1929790061530797,0.8239246332474194,0.7403665606189512,0.7592674550205102
3121,24,0.6878049420209367,0.1972996030733748,0.6779700019124795,0.4096426819321859,0.8803714945591713,0.200232938406189,0.2331106690299386
3133,19,0.4255854107160579,0.4936972634540043,0.1828840175853621,0.0265624837732669,0.6307163259153168,0.4988645627832226,0.4980421160812511
3147,24,0.6563391016435727,0.6092265320072491,0.7728098233339651,,0.9333720987605514,0.7611050984458906,0.7644813527458284
3150,28,0.3103492707164269,-0.0742382870430909,0.3651026308696453,,0.5609167975065504,0.0202589220338237,0.0225825787126489
3157,24,0.2588450313194658,0.1419954825230584,0.8126614987080104,,0.8356140239347701,0.0898895860883627,0.1027191631770109
3158,24,0.8494258461564694,0.7491802841915098,0.6227651390803276,0.7522962063750872,0.4259226554831751,0.8616762901021666,0.8671106986456332
3159,24,-0.0043901343175886,-0.1103751445010858,0.2938596491228069,,0.8864833970448424,-0.0981776621551343,-0.1159383709284286
3171,23,0.471620326565021,0.3047211659056754,0.8203858828129079,-0.5615149551339285,0.762972918055443,0.1643540481618662,0.1650309140008989
3173,24,0.4848725263495261,0.2434101441826087,0.5593600234989351,,0.873698541202656,0.1608605794069006,0.1765775927295997
3174,24,0.5431740199620354,0.4843695952437165,0.767575701913052,0.6247888857631834,0.7882081745774313,0.438725323263699,0.4684720167072322
3180,24,0.669388996496861,0.6438367410466639,0.555057703129449,0.4303223398273635,0.4683126951958727,0.8962845594330187,0.8995681419372948
3181,24,-0.1031526753449744,-0.4929244625343572,0.4549794187871813,,0.9035467319891944,-0.4589790171432822,-0.4595877298842913
3184,24,0.6018848272519074,0.206424648737826,0.6300614814519683,,0.917027446336573,0.2843157526766515,0.291766328387779
3188,24,0.2724246605206571,0.3029869003300796,0.7305046192478798,,0.8990813761512096,-0.0255671083975989,-0.009557566473501
3207,23,0.281608411254763,-0.0993450539692162,0.3878502967087863,,0.8415636318342973,0.0415016995949468,0.0666778680613397
3209,24,0.4400422751167155,0.1666010791150108,0.7082965094913667,-0.3188409659034631,0.6405950270720571,0.2986726890254856,0.2976789359662118
3218,24,0.2020022206876091,0.3753229355891751,0.6555801483786107,-0.425821749087747,0.8149135091047347,-0.024657048400914,-0.0176499504845076
3228,24,0.6418561294584556,0.4507658463149098,0.646792258578868,,0.8231740393397735,0.5301768456986474,0.5216667658502729
3232,27,0.6949921031137241,0.6751566540270235,0.8108974484903689,0.4443204939794599,0.8049144656314047,0.7640818665459773,0.7680057087347502
3237,22,0.8446617940924138,0.6154327427685533,0.8714706189260332,,0.2837392744611647,0.6060459324889977,0.5996009280493624
3239,24,0.6407026710420525,0.3722293259628628,0.8518538735217803,-0.0804188658186814,0.6555171639378381,0.5612872533182987,0.5725641447864467
3241,25,0.7665214588203617,0.6682758821573881,0.6009247407488687,0.8875211375302002,0.6491051952238348,0.6242708392712955,0.6240991644861442
3253,20,0.5775755826144973,0.6558536289626302,0.2781700962499213,,0.747485290465159,0.7410691422161066,0.7432305704272575
3255,20,0.77906198560318,0.5395927937130034,0.6511547895972635,,0.7946689934757111,0.6678259339464271,0.6676963053713576
3258,20,0.5404627378903906,0.8363616131673438,0.2244897959183673,,0.6420042341395633,0.8359232010039644,0.8359232010039644
3259,20,0.3780924909480861,0.3076685297884297,0.6436107547717647,,0.8969641566404181,0.4653412117555137,0.4510097679879686
3261,20,0.8729662254325832,0.697803123171328,0.1363636363636364,,0.7245273776687527,0.8824025581371345,0.8804687330339778
3262,20,-0.0254692042088044,-0.2622546064956179,0.6528057621636941,,0.5512287082819809,-0.2385194662820733,-0.237686744802208
3270,21,0.8174549962821902,0.796722430915959,0.7792280807306038,,0.9187490991847188,0.9475166049055976,0.9467112645349955
3284,20,0.0899835404243575,0.05641279202935,0.2723735829357369,,0.935259903563637,0.0548862334272525,0.0548862334272525
3285,20,0.7545983083424613,0.7356207907519579,0.8877563718383533,0.638475411154486,0.8345772221024298,0.839865535629406,0.840422354973603
3289,20,0.2952604055854247,0.6029553733552516,0.1143517878641169,,0.8227917588263558,0.4698850018835967,0.4679553785695655
3291,20,0.0880536547482161,-0.0419154299943188,0.3823007273781285,,0.7573513508229591,-0.0047067547416147,-0.0021858499295713
3292,20,-0.0864296500973153,-0.256369856530899,0.1299027749948245,,0.90856514506631,-0.3696805434419156,-0.3704047680437125
3295,20,0.7522526410232312,0.2407334962728077,0.6547702297173059,,0.8835594605717,0.1792238529299019,0.1873853807974346
3301,20,0.6576164778803031,0.972893720793738,0.5740287585253666,,0.8775178405244249,0.902519329260454,0.7140066593874448
3302,20,0.8367296423037124,0.5499728613476469,0.7605379770488262,,0.8424340186122904,0.8399014585310368,0.839543467837075
3304,20,0.5581318851350895,0.3695482532992059,0.5513329656416802,,0.630132725948081,0.4931085820917171,0.4906027463979608
3305,20,0.7384257258543547,0.2056220456365567,0.7906720175492916,,0.7598661303645774,0.4711563227602895,0.4544098977886976
3307,21,0.4595664599909348,0.3599295659241227,0.4021121567030747,,0.7030449626891635,0.2290674675408343,0.1774188864477079
3310,20,0.0609335558765726,0.0094427030095223,0.0572519083969465,,0.9001746815214203,0.0281080639751136,0.0327536844093824
3319,20,0.1700615045068941,0.2788322320444577,0.511029411764706,,0.7688479552297179,0.358697502804607,0.3590647414145089
3322,20,0.6454538231779117,0.5201623368152691,0.6290923793452059,,0.8353452507479332,0.5501271123608453,0.5655975357141345
3323,20,0.1550221378464579,0.1435537608763658,0.291044776119403,,0.900723492294768,0.0794274155702565,0.135304371434222
3324,20,0.4732540531836715,0.4201450003291062,0.2857142857142856,,0.7952433837075026,0.5682162532692586,0.5682162532692586
3326,20,0.3506521584469049,0.06026656482355,0.4344622022837776,-0.3728591076575764,-0.1246049776647569,0.3328594362090555,0.3466894996335908
3327,20,0.5514367972471642,0.5200912352461192,0.674819312074564,0.6933608737880823,0.2541235983561995,0.5546362801476196,0.5494866203694229
3328,20,0.2949867519888106,0.0860516117741186,0.5935828877005348,,0.8840221410428019,0.2972826894504318,0.2930689974282973
3336,19,0.8817808097588328,0.8270074732923715,0.4715355210772316,,0.8691934691785478,0.917221326968035,0.9078927750062704
3339,16,0.5460037028452613,0.4159659763309619,0.4080522340291475,,0.4128968369618221,0.4461456566445727,0.4415915507957968
3340,18,0.4722680478422149,0.1821831298005029,0.793457403186157,,0.1959255556649164,0.2205932892354838,0.2144257031178127
3343,20,0.6366599869229501,0.3830695263171193,0.7852853055031707,,0.4085810665472851,0.3226237593034161,0.3321580949099338
3350,20,0.4498194788397587,0.3719161292378969,0.3627930086663731,,0.3000049111461136,0.4885103342840921,0.4857851262496637
3353,16,0.3944448245513881,-0.0097734617146077,0.6820993724370057,,0.7964547632191304,-0.0182251637807666,-0.0237370252680817
3354,17,-0.0616040502040839,-0.0826175203294054,0.4011995884032681,,0.7152022148218123,-0.0840192784233803,-0.0787749668032637
3356,20,0.3368731196165525,-0.2873790097910894,0.7561225505666458,,0.8436759128524208,-0.2175212274267267,-0.1485926227621906
3361,16,0.1617893611641843,-0.1205229701287726,0.5491768516215237,,0.8439827480398387,-0.1055474796401424,-0.1018944430471536
3362,19,0.2953302938238937,0.2827707668031417,0.5667939508370857,,0.8420911864492641,0.0956874152378284,0.0988893423280102
3363,18,0.6012170304193318,,0.3098898934004561,,0.9153129821758555,,
3370,16,0.04872707231582,-0.9630355491833764,0.4400991149615698,,0.8358819479892977,-0.8495276300109263,-0.8347088995803258
3374,16,0.203581997618154,0.3009659083606019,-1.8307744900080217e-18,,0.8258449769167199,0.2233073401457931,0.2080797273567364
3375,16,0.073907373707215,-0.1916771253432497,0.586156811177252,,0.7537926601109336,-0.2557268729204237,-0.2508807643157887
3377,17,0.3085314318088387,0.3325210021719146,0.2820512820512821,,0.941745228322158,0.2233322997642732,0.2258352124790077
3387,17,0.5707968835086548,-0.2842289363446937,0.7480934631234476,,0.8267204839808869,0.0020822876941666,0.0387190235205507
3390,15,0.0458783695373658,-0.5194727517896699,0.1428571428571428,,0.7704267970684703,-0.5194727517896699,-0.5194727517896699
3402,17,-0.088275556730209,,-0.1690308509457033,,0.5107876368813945,,
3404,16,0.3594818805334524,0.6093200859767056,0.3365199108118645,,0.9464324960345152,0.6820356313644276,0.6779575921751887
3406,16,-0.024070584691935,-0.618822171157067,0.6305046056075305,,0.6222250420380083,-0.6189263641762588,-0.6189263641762588
3407,16,0.3722001192046332,0.1490132338622217,0.4047619047619048,,0.3085789847442896,0.2648876544235998,0.2623508859388171
3410,18,0.2060617743240425,0.0181254124657114,0.7833494518006402,-0.4331696652767295,0.6385399802299128,-0.0336552739059705,-0.0097772005814253
3412,16,-0.0210565028261515,-0.0283664141923796,0.0979811894172745,,0.8059350001097589,-0.0061816353364861,0.0073972403632463
3414,16,0.3097661003848465,0.2117991960366633,0.8033988232686141,,0.7976819468662542,0.1832824667579574,0.2073071653403123
3422,18,0.7646126245795529,0.6194409982990667,0.7515754283066645,,-0.0055474366164765,0.4156328480492991,0.4162612009344874
3424,16,0.0495182221816752,0.2502616678919289,0.5639534883720929,,0.7352017667773528,-0.0227913408226086,-0.0331038346140084
3426,16,0.2059388681454071,-0.1170709552022878,0.4619442574321999,,0.8157751657467704,-0.1834571137935051,-0.10988574649779
3429,16,0.2268617420711388,,0.5714285714285716,,0.8182763588082668,,
3431,16,0.8164637178945866,0.4501826567427709,0.7123016183511154,,0.5958490600271236,0.4163695887633027,0.4533037654076424
3433,16,0.027987097433692,-0.015212441518214,0.1891891891891892,,0.7500063492179595,-0.0710477392354774,-0.0710477392354773
3434,16,-0.2957783079360304,-0.2809047117241504,-0.311420549451525,,0.8841925413922591,-0.2510703932505124,-0.2584258930758377
3435,20,0.356057542053062,0.5528954327199714,0.2114376559483697,,0.3473166437324104,0.5067598393897106,0.4883905846907379
3436,16,0.8463002231182161,,0.6407693851706188,,0.7874783237246502,,
3438,14,0.2490597782005995,0.4682511830052362,0.1794245216065026,,0.4759702262554762,0.5606044621281367,0.5606044621281367
3441,15,0.4990379129711909,0.2918272021737423,0.8280848435094615,,0.6955897775509434,0.2229570006908533,0.2160035387669396
3444,16,0.1498002415477368,0.0937263366375426,0.2618924633082485,,0.1893251874693736,0.0902644275195138,0.0908463096979013
3445,17,0.6356855126484741,0.6407559566749838,0.7328739110597597,0.3519402358359855,0.4468815312775134,0.382481154571728,0.3856282367400796
3450,15,0.0189964105244768,0.2756140104717703,0.5000000000000001,,0.669967542238408,0.2318251428758662,0.2318251428758662
3456,14,0.4226671050616286,0.3642405815820613,0.1855270596303204,,0.7852812737763478,0.4112661437657544,0.345076456962499
3457,15,0.6329368914534633,0.6241471355814828,0.5011288111695723,,0.8117553534092761,0.6188549314765561,0.6227496452755013
3459,14,0.766991032253318,0.1487729614232499,0.7454707244320341,,0.4062100404227926,0.6842732702368625,0.6849024935089562
3460,16,0.5421012514033346,0.0012238645742259,0.7620558677753327,,0.7626604022028078,-0.0766074451041901,-0.0191159781791196
3469,16,0.0527996494922994,-0.1725555169107534,0.7637121082377821,,0.7958905107947266,-0.2087137478361221,-0.1950869427392904
3471,16,0.5709503601667133,0.3543845842898516,0.8339503888294595,,0.7982085513965091,0.0218860255510827,0.0162911449629676
3472,15,0.8316221726967732,0.7056910820299281,0.4693396640810579,,0.782812661511001,0.8163776683200359,0.8185273985577298
3474,16,0.8649045747038123,0.5080599874961017,0.6068014249455934,,0.7565288040590149,0.7565181039885163,0.7788027529811339
3477,15,0.0497436799452798,-0.0337725758749856,0.125,,0.7821700263171748,-0.0350358274114348,-0.0350358274114348
3481,14,-0.3637746375698777,,-0.3651483716701107,,0.7949066907191962,,
3482,15,0.6708413007034626,0.6014995984790059,0.0853912563829966,,0.7366520185918961,0.6621648790669709,0.6586601101121398
3483,16,0.3387807191353066,-0.3289262301990317,0.8782050437462922,,0.7865593659380369,-0.2571041013787082,-0.2571258155917884
3484,15,0.6073797942574138,0.7054361397226695,0.3101933772205294,,0.6633641390562184,0.782561764953514,0.7801750700789327
3486,16,0.8700929958388331,0.836683223714155,0.826742101734796,,0.540079372760907,0.9074007066809048,0.9064577162398316
3487,16,0.2790373935615694,0.5067868621349375,0.5077957928975466,,0.7935857327934498,0.4781577908704514,0.4801156083161904
3489,16,0.8196845132795889,0.54921396201678,0.7777777777777777,,0.8738959536805144,0.7350922303599503,0.724004188022571
