protocol,calibration_split,split,year,kind,entity_name,n_rows,fpr,detection_rate,auc,status
adaptive_transfer,2012-2012,,,calibration_diagnostic,,,,,,failed: phase2: only 10 complete z-vectors in C (< 30); Σ̂ not estimable.
adaptive_transfer,2012-2013,,,calibration_diagnostic,,,,,,failed: phase2: only 19 complete z-vectors in C (< 30); Σ̂ not estimable.
adaptive_transfer,2012-2014,,2012.0,annual_fpr,z_mahalanobis_sq,10.0,0.0769230769230769,,,
adaptive_transfer,2012-2014,,2013.0,annual_fpr,z_mahalanobis_sq,11.0,0.0666666666666666,,,
adaptive_transfer,2012-2014,,2014.0,annual_fpr,z_mahalanobis_sq,13.0,0.0454545454545454,,,
adaptive_transfer,2012-2014,,2015.0,annual_fpr,z_mahalanobis_sq,10.0,0.0588235294117647,,,
adaptive_transfer,2012-2014,,2016.0,annual_fpr,z_mahalanobis_sq,10.0,0.0,,,
adaptive_transfer,2012-2014,,2017.0,annual_fpr,z_mahalanobis_sq,12.0,0.0588235294117647,,,
adaptive_transfer,2012-2014,,2018.0,annual_fpr,z_mahalanobis_sq,12.0,0.05,,,
adaptive_transfer,2012-2014,,2019.0,annual_fpr,z_mahalanobis_sq,13.0,0.0909090909090909,,,
adaptive_transfer,2012-2014,,2020.0,annual_fpr,z_mahalanobis_sq,14.0,0.0,,,
adaptive_transfer,2012-2014,,2021.0,annual_fpr,z_mahalanobis_sq,15.0,0.0,,,
adaptive_transfer,2012-2014,,2022.0,annual_fpr,z_mahalanobis_sq,16.0,0.15,,,
adaptive_transfer,2012-2014,,2023.0,annual_fpr,z_mahalanobis_sq,15.0,0.0434782608695652,,,
adaptive_transfer,2012-2014,,2024.0,annual_fpr,z_mahalanobis_sq,13.0,0.0,,,
adaptive_transfer,2012-2014,,2025.0,annual_fpr,z_mahalanobis_sq,12.0,0.0,,,
adaptive_transfer,2012-2014,,,calibration_diagnostic,,,,,,candidate_scored
adaptive_transfer,2012-2014,,,calibration_diagnostic,,,,,,selected
adaptive_transfer,2012-2014,far,,fpr,breadth,121.0,0.024793388429752,,,
adaptive_transfer,2012-2014,far,,fpr,t_iut,121.0,0.0661157024793388,,,
adaptive_transfer,2012-2014,far,,fpr,z_mahalanobis_sq,85.0,0.0330578512396694,,,
adaptive_transfer,2012-2014,far,,fpr,z_plus,121.0,0.1157024793388429,,,
adaptive_transfer,2012-2014,far,,fpr,z_plus_orth,120.0,0.0991735537190082,,,
adaptive_transfer,2012-2014,far,,fpr,z_plus_renorm,120.0,0.1157024793388429,,,
adaptive_transfer,2012-2014,far,,fpr,z_plus_softmax,120.0,0.1239669421487603,,,
adaptive_transfer,2012-2014,iid,,fpr,breadth,13.0,0.0,,,
adaptive_transfer,2012-2014,iid,,fpr,t_iut,13.0,0.0,,,
adaptive_transfer,2012-2014,iid,,fpr,z_mahalanobis_sq,10.0,0.0769230769230769,,,
adaptive_transfer,2012-2014,iid,,fpr,z_plus,13.0,0.0769230769230769,,,
adaptive_transfer,2012-2014,iid,,fpr,z_plus_orth,12.0,0.0769230769230769,,,
adaptive_transfer,2012-2014,iid,,fpr,z_plus_renorm,12.0,0.0769230769230769,,,
adaptive_transfer,2012-2014,iid,,fpr,z_plus_softmax,12.0,0.0769230769230769,,,
adaptive_transfer,2012-2014,near,,fpr,breadth,88.0,0.0113636363636363,,,
adaptive_transfer,2012-2014,near,,fpr,t_iut,88.0,0.034090909090909,,,
adaptive_transfer,2012-2014,near,,fpr,z_mahalanobis_sq,56.0,0.0454545454545454,,,
adaptive_transfer,2012-2014,near,,fpr,z_plus,88.0,0.0568181818181818,,,
adaptive_transfer,2012-2014,near,,fpr,z_plus_orth,86.0,0.0909090909090909,,,
adaptive_transfer,2012-2014,near,,fpr,z_plus_renorm,86.0,0.1363636363636363,,,
adaptive_transfer,2012-2014,near,,fpr,z_plus_softmax,86.0,0.1022727272727272,,,
adaptive_transfer,2012-2014,far,,power,breadth,,0.0357142857142857,0.0,0.6428571428571429,
adaptive_transfer,2012-2014,far,,power,breadth,,0.0357142857142857,0.0,0.3571428571428571,
adaptive_transfer,2012-2014,far,,power,breadth,,0.0357142857142857,0.0,0.8630952380952381,
adaptive_transfer,2012-2014,far,,power,breadth,,0.0357142857142857,0.0,0.6428571428571429,
adaptive_transfer,2012-2014,far,,power,breadth,,0.0357142857142857,0.0,0.6428571428571429,
adaptive_transfer,2012-2014,far,,power,breadth,,0.0246913580246913,0.25,0.4722222222222222,
adaptive_transfer,2012-2014,far,,power,breadth,,0.037037037037037,0.0,0.5570987654320988,
adaptive_transfer,2012-2014,far,,power,breadth,,0.037037037037037,0.0,0.5231481481481481,
adaptive_transfer,2012-2014,far,,power,breadth,,0.037037037037037,0.0,0.4429012345679012,
adaptive_transfer,2012-2014,far,,power,breadth,,0.037037037037037,0.25,0.6080246913580247,
adaptive_transfer,2012-2014,far,,power,breadth,,0.0259740259740259,0.125,0.601461038961039,
adaptive_transfer,2012-2014,far,,power,breadth,,0.0389610389610389,0.0,0.6452922077922078,
adaptive_transfer,2012-2014,far,,power,breadth,,0.0259740259740259,0.125,0.5803571428571429,
adaptive_transfer,2012-2014,far,,power,breadth,,0.0259740259740259,0.125,0.6996753246753247,
adaptive_transfer,2012-2014,far,,power,breadth,,0.0389610389610389,0.0,0.734577922077922,
adaptive_transfer,2012-2014,far,,power,breadth,,0.0045221323593355,,,
adaptive_transfer,2012-2014,far,,power,breadth,,0.0045221323593355,,,
adaptive_transfer,2012-2014,far,,power,breadth,,0.0045221323593355,,,
adaptive_transfer,2012-2014,far,,power,breadth,,0.0045221323593355,,,
adaptive_transfer,2012-2014,far,,power,breadth,,0.0045221323593355,,,
adaptive_transfer,2012-2014,far,,power,breadth,,0.0045221323593355,,,
adaptive_transfer,2012-2014,far,,power,breadth,,0.0045221323593355,,,
adaptive_transfer,2012-2014,far,,power,breadth,,0.0045221323593355,,,
adaptive_transfer,2012-2014,far,,power,breadth,,0.0045221323593355,,,
adaptive_transfer,2012-2014,far,,power,breadth,,0.0045221323593355,,,
adaptive_transfer,2012-2014,far,,power,breadth,,0.0045221323593355,,,
adaptive_transfer,2012-2014,far,,power,breadth,,0.0045221323593355,,,
adaptive_transfer,2012-2014,far,,power,breadth,,0.0045221323593355,,,
adaptive_transfer,2012-2014,far,,power,breadth,,0.0045221323593355,,,
adaptive_transfer,2012-2014,far,,power,breadth,,0.0045221323593355,,,
adaptive_transfer,2012-2014,far,,power,t_iut,,0.0833333333333333,0.0,0.0476190476190476,
adaptive_transfer,2012-2014,far,,power,t_iut,,0.0833333333333333,0.0,0.7857142857142858,
adaptive_transfer,2012-2014,far,,power,t_iut,,0.0833333333333333,0.0,0.0,
adaptive_transfer,2012-2014,far,,power,t_iut,,0.0833333333333333,0.0,0.2857142857142857,
adaptive_transfer,2012-2014,far,,power,t_iut,,0.0833333333333333,0.0,0.25,
adaptive_transfer,2012-2014,far,,power,t_iut,,0.074074074074074,0.25,0.4753086419753086,
adaptive_transfer,2012-2014,far,,power,t_iut,,0.0864197530864197,0.0,0.308641975308642,
adaptive_transfer,2012-2014,far,,power,t_iut,,0.074074074074074,0.25,0.6141975308641976,
adaptive_transfer,2012-2014,far,,power,t_iut,,0.0864197530864197,0.0,0.4444444444444444,
adaptive_transfer,2012-2014,far,,power,t_iut,,0.0617283950617283,0.25,0.7345679012345679,
adaptive_transfer,2012-2014,far,,power,t_iut,,0.0779220779220779,0.125,0.5373376623376623,
adaptive_transfer,2012-2014,far,,power,t_iut,,0.0909090909090909,0.0,0.650974025974026,
adaptive_transfer,2012-2014,far,,power,t_iut,,0.0649350649350649,0.125,0.5357142857142857,
adaptive_transfer,2012-2014,far,,power,t_iut,,0.0649350649350649,0.125,0.663961038961039,
adaptive_transfer,2012-2014,far,,power,t_iut,,0.0779220779220779,0.0,0.323051948051948,
adaptive_transfer,2012-2014,far,,power,t_iut,,0.0537438038090268,,,
adaptive_transfer,2012-2014,far,,power,t_iut,,0.0537438038090268,,,
adaptive_transfer,2012-2014,far,,power,t_iut,,0.0537438038090268,,,
adaptive_transfer,2012-2014,far,,power,t_iut,,0.0537438038090268,,,
adaptive_transfer,2012-2014,far,,power,t_iut,,0.0537438038090268,,,
adaptive_transfer,2012-2014,far,,power,t_iut,,0.0537438038090268,,,
adaptive_transfer,2012-2014,far,,power,t_iut,,0.0537438038090268,,,
adaptive_transfer,2012-2014,far,,power,t_iut,,0.0537438038090268,,,
adaptive_transfer,2012-2014,far,,power,t_iut,,0.0537438038090268,,,
adaptive_transfer,2012-2014,far,,power,t_iut,,0.0537438038090268,,,
adaptive_transfer,2012-2014,far,,power,t_iut,,0.0537438038090268,,,
adaptive_transfer,2012-2014,far,,power,t_iut,,0.0537438038090268,,,
adaptive_transfer,2012-2014,far,,power,t_iut,,0.0537438038090268,,,
adaptive_transfer,2012-2014,far,,power,t_iut,,0.0537438038090268,,,
adaptive_transfer,2012-2014,far,,power,t_iut,,0.0537438038090268,,,
adaptive_transfer,2012-2014,far,,power,z_mahalanobis_sq,,0.0476190476190476,0.0,0.6071428571428572,
adaptive_transfer,2012-2014,far,,power,z_mahalanobis_sq,,0.0476190476190476,0.0,0.119047619047619,
adaptive_transfer,2012-2014,far,,power,z_mahalanobis_sq,,0.0357142857142857,1.0,0.9761904761904762,
adaptive_transfer,2012-2014,far,,power,z_mahalanobis_sq,,0.0476190476190476,0.0,0.7380952380952381,
adaptive_transfer,2012-2014,far,,power,z_mahalanobis_sq,,0.0476190476190476,0.0,0.5,
adaptive_transfer,2012-2014,far,,power,z_mahalanobis_sq,,0.0493827160493827,0.0,0.5802469135802469,
adaptive_transfer,2012-2014,far,,power,z_mahalanobis_sq,,0.037037037037037,0.25,0.7839506172839507,
adaptive_transfer,2012-2014,far,,power,z_mahalanobis_sq,,0.0493827160493827,0.0,0.5987654320987654,
adaptive_transfer,2012-2014,far,,power,z_mahalanobis_sq,,0.0493827160493827,0.0,0.4228395061728395,
adaptive_transfer,2012-2014,far,,power,z_mahalanobis_sq,,0.0493827160493827,0.0,0.3302469135802469,
adaptive_transfer,2012-2014,far,,power,z_mahalanobis_sq,,0.0389610389610389,0.125,0.3766233766233766,
adaptive_transfer,2012-2014,far,,power,z_mahalanobis_sq,,0.0519480519480519,0.0,0.5308441558441559,
adaptive_transfer,2012-2014,far,,power,z_mahalanobis_sq,,0.0389610389610389,0.125,0.5665584415584415,
adaptive_transfer,2012-2014,far,,power,z_mahalanobis_sq,,0.0389610389610389,0.125,0.7305194805194806,
adaptive_transfer,2012-2014,far,,power,z_mahalanobis_sq,,0.0389610389610389,0.25,0.6168831168831169,
adaptive_transfer,2012-2014,far,,power,z_mahalanobis_sq,,0.3954351456670996,,,
adaptive_transfer,2012-2014,far,,power,z_mahalanobis_sq,,0.3954351456670996,,,
adaptive_transfer,2012-2014,far,,power,z_mahalanobis_sq,,0.3954351456670996,,,
adaptive_transfer,2012-2014,far,,power,z_mahalanobis_sq,,0.3954351456670996,,,
adaptive_transfer,2012-2014,far,,power,z_mahalanobis_sq,,0.3954351456670996,,,
adaptive_transfer,2012-2014,far,,power,z_mahalanobis_sq,,0.3954351456670996,,,
adaptive_transfer,2012-2014,far,,power,z_mahalanobis_sq,,0.3954351456670996,,,
adaptive_transfer,2012-2014,far,,power,z_mahalanobis_sq,,0.3954351456670996,,,
adaptive_transfer,2012-2014,far,,power,z_mahalanobis_sq,,0.3954351456670996,,,
adaptive_transfer,2012-2014,far,,power,z_mahalanobis_sq,,0.3954351456670996,,,
adaptive_transfer,2012-2014,far,,power,z_mahalanobis_sq,,0.3954351456670996,,,
adaptive_transfer,2012-2014,far,,power,z_mahalanobis_sq,,0.3954351456670996,,,
adaptive_transfer,2012-2014,far,,power,z_mahalanobis_sq,,0.3954351456670996,,,
adaptive_transfer,2012-2014,far,,power,z_mahalanobis_sq,,0.3954351456670996,,,
adaptive_transfer,2012-2014,far,,power,z_mahalanobis_sq,,0.3954351456670996,,,
adaptive_transfer,2012-2014,far,,power,z_plus,,0.0476190476190476,0.0,0.4761904761904761,
adaptive_transfer,2012-2014,far,,power,z_plus,,0.0476190476190476,0.0,0.2261904761904761,
adaptive_transfer,2012-2014,far,,power,z_plus,,0.0476190476190476,0.0,0.9047619047619048,
adaptive_transfer,2012-2014,far,,power,z_plus,,0.0476190476190476,0.0,0.6309523809523809,
adaptive_transfer,2012-2014,far,,power,z_plus,,0.0476190476190476,0.0,0.5,
adaptive_transfer,2012-2014,far,,power,z_plus,,0.0493827160493827,0.0,0.5061728395061729,
adaptive_transfer,2012-2014,far,,power,z_plus,,0.0493827160493827,0.5,0.6975308641975309,
adaptive_transfer,2012-2014,far,,power,z_plus,,0.037037037037037,0.25,0.654320987654321,
adaptive_transfer,2012-2014,far,,power,z_plus,,0.0493827160493827,0.0,0.4074074074074074,
adaptive_transfer,2012-2014,far,,power,z_plus,,0.0493827160493827,0.0,0.4753086419753086,
adaptive_transfer,2012-2014,far,,power,z_plus,,0.0389610389610389,0.125,0.4415584415584416,
adaptive_transfer,2012-2014,far,,power,z_plus,,0.0389610389610389,0.125,0.6444805194805194,
adaptive_transfer,2012-2014,far,,power,z_plus,,0.0519480519480519,0.125,0.6038961038961039,
adaptive_transfer,2012-2014,far,,power,z_plus,,0.0259740259740259,0.25,0.7451298701298702,
adaptive_transfer,2012-2014,far,,power,z_plus,,0.0519480519480519,0.125,0.5811688311688312,
adaptive_transfer,2012-2014,far,,power,z_plus,,0.1942777632837638,,,
adaptive_transfer,2012-2014,far,,power,z_plus,,0.1942777632837638,,,
adaptive_transfer,2012-2014,far,,power,z_plus,,0.1942777632837638,,,
adaptive_transfer,2012-2014,far,,power,z_plus,,0.1942777632837638,,,
adaptive_transfer,2012-2014,far,,power,z_plus,,0.1942777632837638,,,
adaptive_transfer,2012-2014,far,,power,z_plus,,0.1942777632837638,,,
adaptive_transfer,2012-2014,far,,power,z_plus,,0.1942777632837638,,,
adaptive_transfer,2012-2014,far,,power,z_plus,,0.1942777632837638,,,
adaptive_transfer,2012-2014,far,,power,z_plus,,0.1942777632837638,,,
adaptive_transfer,2012-2014,far,,power,z_plus,,0.1942777632837638,,,
adaptive_transfer,2012-2014,far,,power,z_plus,,0.1942777632837638,,,
adaptive_transfer,2012-2014,far,,power,z_plus,,0.1942777632837638,,,
adaptive_transfer,2012-2014,far,,power,z_plus,,0.1942777632837638,,,
adaptive_transfer,2012-2014,far,,power,z_plus,,0.1942777632837638,,,
adaptive_transfer,2012-2014,far,,power,z_plus,,0.1942777632837638,,,
adaptive_transfer,2012-2014,far,,power,z_plus_orth,,0.0357142857142857,0.0,0.4166666666666666,
adaptive_transfer,2012-2014,far,,power,z_plus_orth,,0.0357142857142857,0.0,0.2738095238095238,
adaptive_transfer,2012-2014,far,,power,z_plus_orth,,0.0357142857142857,1.0,1.0,
adaptive_transfer,2012-2014,far,,power,z_plus_orth,,0.0357142857142857,0.0,0.5,
adaptive_transfer,2012-2014,far,,power,z_plus_orth,,0.0357142857142857,0.0,0.3809523809523809,
adaptive_transfer,2012-2014,far,,power,z_plus_orth,,0.037037037037037,0.0,0.5493827160493827,
adaptive_transfer,2012-2014,far,,power,z_plus_orth,,0.037037037037037,0.5,0.7438271604938272,
adaptive_transfer,2012-2014,far,,power,z_plus_orth,,0.0246913580246913,0.25,0.5864197530864198,
adaptive_transfer,2012-2014,far,,power,z_plus_orth,,0.037037037037037,0.0,0.4475308641975308,
adaptive_transfer,2012-2014,far,,power,z_plus_orth,,0.037037037037037,0.0,0.4691358024691358,
adaptive_transfer,2012-2014,far,,power,z_plus_orth,,0.0389610389610389,0.0,0.387987012987013,
adaptive_transfer,2012-2014,far,,power,z_plus_orth,,0.0389610389610389,0.25,0.6217532467532467,
adaptive_transfer,2012-2014,far,,power,z_plus_orth,,0.0389610389610389,0.25,0.6103896103896104,
adaptive_transfer,2012-2014,far,,power,z_plus_orth,,0.0389610389610389,0.25,0.7061688311688311,
adaptive_transfer,2012-2014,far,,power,z_plus_orth,,0.0389610389610389,0.125,0.5762987012987013,
adaptive_transfer,2012-2014,far,,power,z_plus_orth,,0.232004281509232,,,
adaptive_transfer,2012-2014,far,,power,z_plus_orth,,0.232004281509232,,,
adaptive_transfer,2012-2014,far,,power,z_plus_orth,,0.232004281509232,,,
adaptive_transfer,2012-2014,far,,power,z_plus_orth,,0.232004281509232,,,
adaptive_transfer,2012-2014,far,,power,z_plus_orth,,0.232004281509232,,,
adaptive_transfer,2012-2014,far,,power,z_plus_orth,,0.232004281509232,,,
adaptive_transfer,2012-2014,far,,power,z_plus_orth,,0.232004281509232,,,
adaptive_transfer,2012-2014,far,,power,z_plus_orth,,0.232004281509232,,,
adaptive_transfer,2012-2014,far,,power,z_plus_orth,,0.232004281509232,,,
adaptive_transfer,2012-2014,far,,power,z_plus_orth,,0.232004281509232,,,
adaptive_transfer,2012-2014,far,,power,z_plus_orth,,0.232004281509232,,,
adaptive_transfer,2012-2014,far,,power,z_plus_orth,,0.232004281509232,,,
adaptive_transfer,2012-2014,far,,power,z_plus_orth,,0.232004281509232,,,
adaptive_transfer,2012-2014,far,,power,z_plus_orth,,0.232004281509232,,,
adaptive_transfer,2012-2014,far,,power,z_plus_orth,,0.232004281509232,,,
adaptive_transfer,2012-2014,far,,power,z_plus_renorm,,0.0357142857142857,0.0,0.3571428571428571,
adaptive_transfer,2012-2014,far,,power,z_plus_renorm,,0.0357142857142857,0.0,0.25,
adaptive_transfer,2012-2014,far,,power,z_plus_renorm,,0.0357142857142857,0.0,0.8452380952380952,
adaptive_transfer,2012-2014,far,,power,z_plus_renorm,,0.0357142857142857,0.0,0.5357142857142857,
adaptive_transfer,2012-2014,far,,power,z_plus_renorm,,0.0357142857142857,0.0,0.369047619047619,
adaptive_transfer,2012-2014,far,,power,z_plus_renorm,,0.037037037037037,0.0,0.5030864197530864,
adaptive_transfer,2012-2014,far,,power,z_plus_renorm,,0.037037037037037,0.0,0.7345679012345679,
adaptive_transfer,2012-2014,far,,power,z_plus_renorm,,0.037037037037037,0.25,0.6697530864197531,
adaptive_transfer,2012-2014,far,,power,z_plus_renorm,,0.037037037037037,0.0,0.4166666666666667,
adaptive_transfer,2012-2014,far,,power,z_plus_renorm,,0.037037037037037,0.0,0.3888888888888889,
adaptive_transfer,2012-2014,far,,power,z_plus_renorm,,0.0389610389610389,0.0,0.3668831168831169,
adaptive_transfer,2012-2014,far,,power,z_plus_renorm,,0.0389610389610389,0.0,0.5698051948051948,
adaptive_transfer,2012-2014,far,,power,z_plus_renorm,,0.0389610389610389,0.0,0.5827922077922078,
adaptive_transfer,2012-2014,far,,power,z_plus_renorm,,0.0259740259740259,0.125,0.6672077922077921,
adaptive_transfer,2012-2014,far,,power,z_plus_renorm,,0.0389610389610389,0.0,0.5064935064935066,
adaptive_transfer,2012-2014,far,,power,z_plus_renorm,,0.2201409330122201,,,
adaptive_transfer,2012-2014,far,,power,z_plus_renorm,,0.2201409330122201,,,
adaptive_transfer,2012-2014,far,,power,z_plus_renorm,,0.2201409330122201,,,
adaptive_transfer,2012-2014,far,,power,z_plus_renorm,,0.2201409330122201,,,
adaptive_transfer,2012-2014,far,,power,z_plus_renorm,,0.2201409330122201,,,
adaptive_transfer,2012-2014,far,,power,z_plus_renorm,,0.2201409330122201,,,
adaptive_transfer,2012-2014,far,,power,z_plus_renorm,,0.2201409330122201,,,
adaptive_transfer,2012-2014,far,,power,z_plus_renorm,,0.2201409330122201,,,
adaptive_transfer,2012-2014,far,,power,z_plus_renorm,,0.2201409330122201,,,
adaptive_transfer,2012-2014,far,,power,z_plus_renorm,,0.2201409330122201,,,
adaptive_transfer,2012-2014,far,,power,z_plus_renorm,,0.2201409330122201,,,
adaptive_transfer,2012-2014,far,,power,z_plus_renorm,,0.2201409330122201,,,
adaptive_transfer,2012-2014,far,,power,z_plus_renorm,,0.2201409330122201,,,
adaptive_transfer,2012-2014,far,,power,z_plus_renorm,,0.2201409330122201,,,
adaptive_transfer,2012-2014,far,,power,z_plus_renorm,,0.2201409330122201,,,
adaptive_transfer,2012-2014,far,,power,z_plus_softmax,,0.0595238095238095,0.0,0.369047619047619,
adaptive_transfer,2012-2014,far,,power,z_plus_softmax,,0.0595238095238095,0.0,0.3095238095238095,
adaptive_transfer,2012-2014,far,,power,z_plus_softmax,,0.0595238095238095,1.0,1.0,
adaptive_transfer,2012-2014,far,,power,z_plus_softmax,,0.0595238095238095,0.0,0.5357142857142857,
adaptive_transfer,2012-2014,far,,power,z_plus_softmax,,0.0595238095238095,0.0,0.4404761904761904,
adaptive_transfer,2012-2014,far,,power,z_plus_softmax,,0.0617283950617283,0.0,0.5216049382716049,
adaptive_transfer,2012-2014,far,,power,z_plus_softmax,,0.0617283950617283,0.25,0.7469135802469137,
adaptive_transfer,2012-2014,far,,power,z_plus_softmax,,0.0493827160493827,0.25,0.6018518518518517,
adaptive_transfer,2012-2014,far,,power,z_plus_softmax,,0.0617283950617283,0.0,0.4444444444444445,
adaptive_transfer,2012-2014,far,,power,z_plus_softmax,,0.0617283950617283,0.0,0.4814814814814815,
adaptive_transfer,2012-2014,far,,power,z_plus_softmax,,0.0519480519480519,0.0,0.3912337662337662,
adaptive_transfer,2012-2014,far,,power,z_plus_softmax,,0.0649350649350649,0.25,0.6185064935064934,
adaptive_transfer,2012-2014,far,,power,z_plus_softmax,,0.0519480519480519,0.25,0.6136363636363636,
adaptive_transfer,2012-2014,far,,power,z_plus_softmax,,0.0519480519480519,0.125,0.7012987012987013,
adaptive_transfer,2012-2014,far,,power,z_plus_softmax,,0.0649350649350649,0.125,0.564935064935065,
adaptive_transfer,2012-2014,far,,power,z_plus_softmax,,0.2245116403532245,,,
adaptive_transfer,2012-2014,far,,power,z_plus_softmax,,0.2245116403532245,,,
adaptive_transfer,2012-2014,far,,power,z_plus_softmax,,0.2245116403532245,,,
adaptive_transfer,2012-2014,far,,power,z_plus_softmax,,0.2245116403532245,,,
adaptive_transfer,2012-2014,far,,power,z_plus_softmax,,0.2245116403532245,,,
adaptive_transfer,2012-2014,far,,power,z_plus_softmax,,0.2245116403532245,,,
adaptive_transfer,2012-2014,far,,power,z_plus_softmax,,0.2245116403532245,,,
adaptive_transfer,2012-2014,far,,power,z_plus_softmax,,0.2245116403532245,,,
adaptive_transfer,2012-2014,far,,power,z_plus_softmax,,0.2245116403532245,,,
adaptive_transfer,2012-2014,far,,power,z_plus_softmax,,0.2245116403532245,,,
adaptive_transfer,2012-2014,far,,power,z_plus_softmax,,0.2245116403532245,,,
adaptive_transfer,2012-2014,far,,power,z_plus_softmax,,0.2245116403532245,,,
adaptive_transfer,2012-2014,far,,power,z_plus_softmax,,0.2245116403532245,,,
adaptive_transfer,2012-2014,far,,power,z_plus_softmax,,0.2245116403532245,,,
adaptive_transfer,2012-2014,far,,power,z_plus_softmax,,0.2245116403532245,,,
adaptive_transfer,2012-2014,near,,power,breadth,,0.0181818181818181,0.0,0.9545454545454546,
adaptive_transfer,2012-2014,near,,power,breadth,,0.0181818181818181,0.0,0.1454545454545454,
adaptive_transfer,2012-2014,near,,power,breadth,,0.0181818181818181,0.0,0.5909090909090909,
adaptive_transfer,2012-2014,near,,power,breadth,,0.0181818181818181,0.0,0.1363636363636363,
adaptive_transfer,2012-2014,near,,power,breadth,,0.0181818181818181,0.0,0.5909090909090909,
adaptive_transfer,2012-2014,near,,power,breadth,,0.0188679245283018,0.0,0.5628930817610063,
adaptive_transfer,2012-2014,near,,power,breadth,,0.0188679245283018,0.0,0.5974842767295597,
adaptive_transfer,2012-2014,near,,power,breadth,,0.0188679245283018,0.0,0.4842767295597484,
adaptive_transfer,2012-2014,near,,power,breadth,,0.0188679245283018,0.0,0.5031446540880503,
adaptive_transfer,2012-2014,near,,power,breadth,,0.0188679245283018,0.0,0.2358490566037735,
adaptive_transfer,2012-2014,near,,power,breadth,,0.02,0.0,0.4983333333333333,
adaptive_transfer,2012-2014,near,,power,breadth,,0.02,0.0,0.7,
adaptive_transfer,2012-2014,near,,power,breadth,,0.02,0.0,0.6183333333333334,
adaptive_transfer,2012-2014,near,,power,breadth,,0.02,0.0,0.3066666666666666,
adaptive_transfer,2012-2014,near,,power,breadth,,0.02,0.0,0.4716666666666667,
adaptive_transfer,2012-2014,near,,power,breadth,,0.0045221323593355,,,
adaptive_transfer,2012-2014,near,,power,breadth,,0.0045221323593355,,,
adaptive_transfer,2012-2014,near,,power,breadth,,0.0045221323593355,,,
adaptive_transfer,2012-2014,near,,power,breadth,,0.0045221323593355,,,
adaptive_transfer,2012-2014,near,,power,breadth,,0.0045221323593355,,,
adaptive_transfer,2012-2014,near,,power,breadth,,0.0045221323593355,,,
adaptive_transfer,2012-2014,near,,power,breadth,,0.0045221323593355,,,
adaptive_transfer,2012-2014,near,,power,breadth,,0.0045221323593355,,,
adaptive_transfer,2012-2014,near,,power,breadth,,0.0045221323593355,,,
adaptive_transfer,2012-2014,near,,power,breadth,,0.0045221323593355,,,
adaptive_transfer,2012-2014,near,,power,breadth,,0.0045221323593355,,,
adaptive_transfer,2012-2014,near,,power,breadth,,0.0045221323593355,,,
adaptive_transfer,2012-2014,near,,power,breadth,,0.0045221323593355,,,
adaptive_transfer,2012-2014,near,,power,breadth,,0.0045221323593355,,,
adaptive_transfer,2012-2014,near,,power,breadth,,0.0045221323593355,,,
adaptive_transfer,2012-2014,near,,power,t_iut,,0.0181818181818181,0.0,0.1272727272727273,
adaptive_transfer,2012-2014,near,,power,t_iut,,0.0181818181818181,0.0,0.2363636363636363,
adaptive_transfer,2012-2014,near,,power,t_iut,,0.0181818181818181,0.0,0.4,
adaptive_transfer,2012-2014,near,,power,t_iut,,0.0181818181818181,0.0,0.0363636363636363,
adaptive_transfer,2012-2014,near,,power,t_iut,,0.0181818181818181,0.0,0.0181818181818181,
adaptive_transfer,2012-2014,near,,power,t_iut,,0.0188679245283018,0.0,0.830188679245283,
adaptive_transfer,2012-2014,near,,power,t_iut,,0.0188679245283018,0.0,0.4716981132075471,
adaptive_transfer,2012-2014,near,,power,t_iut,,0.0188679245283018,0.3333333333333333,0.559748427672956,
adaptive_transfer,2012-2014,near,,power,t_iut,,0.0188679245283018,0.0,0.6981132075471698,
adaptive_transfer,2012-2014,near,,power,t_iut,,0.0188679245283018,0.0,0.5471698113207547,
adaptive_transfer,2012-2014,near,,power,t_iut,,0.02,0.0,0.3766666666666666,
adaptive_transfer,2012-2014,near,,power,t_iut,,0.02,0.0,0.6033333333333334,
adaptive_transfer,2012-2014,near,,power,t_iut,,0.02,0.0,0.3533333333333333,
adaptive_transfer,2012-2014,near,,power,t_iut,,0.02,0.0,0.4766666666666667,
adaptive_transfer,2012-2014,near,,power,t_iut,,0.02,0.1666666666666666,0.47,
adaptive_transfer,2012-2014,near,,power,t_iut,,0.0537438038090268,,,
adaptive_transfer,2012-2014,near,,power,t_iut,,0.0537438038090268,,,
adaptive_transfer,2012-2014,near,,power,t_iut,,0.0537438038090268,,,
adaptive_transfer,2012-2014,near,,power,t_iut,,0.0537438038090268,,,
adaptive_transfer,2012-2014,near,,power,t_iut,,0.0537438038090268,,,
adaptive_transfer,2012-2014,near,,power,t_iut,,0.0537438038090268,,,
adaptive_transfer,2012-2014,near,,power,t_iut,,0.0537438038090268,,,
adaptive_transfer,2012-2014,near,,power,t_iut,,0.0537438038090268,,,
adaptive_transfer,2012-2014,near,,power,t_iut,,0.0537438038090268,,,
adaptive_transfer,2012-2014,near,,power,t_iut,,0.0537438038090268,,,
adaptive_transfer,2012-2014,near,,power,t_iut,,0.0537438038090268,,,
adaptive_transfer,2012-2014,near,,power,t_iut,,0.0537438038090268,,,
adaptive_transfer,2012-2014,near,,power,t_iut,,0.0537438038090268,,,
adaptive_transfer,2012-2014,near,,power,t_iut,,0.0537438038090268,,,
adaptive_transfer,2012-2014,near,,power,t_iut,,0.0537438038090268,,,
adaptive_transfer,2012-2014,near,,power,z_mahalanobis_sq,,0.0727272727272727,0.0,0.8545454545454545,
adaptive_transfer,2012-2014,near,,power,z_mahalanobis_sq,,0.0727272727272727,0.0,0.0363636363636363,
adaptive_transfer,2012-2014,near,,power,z_mahalanobis_sq,,0.0545454545454545,1.0,1.0,
adaptive_transfer,2012-2014,near,,power,z_mahalanobis_sq,,0.0727272727272727,0.0,0.5636363636363637,
adaptive_transfer,2012-2014,near,,power,z_mahalanobis_sq,,0.0727272727272727,0.0,0.7636363636363637,
adaptive_transfer,2012-2014,near,,power,z_mahalanobis_sq,,0.0754716981132075,0.0,0.7106918238993711,
adaptive_transfer,2012-2014,near,,power,z_mahalanobis_sq,,0.0754716981132075,0.0,0.3396226415094339,
adaptive_transfer,2012-2014,near,,power,z_mahalanobis_sq,,0.0754716981132075,0.0,0.5345911949685535,
adaptive_transfer,2012-2014,near,,power,z_mahalanobis_sq,,0.0754716981132075,0.0,0.3333333333333333,
adaptive_transfer,2012-2014,near,,power,z_mahalanobis_sq,,0.0754716981132075,0.0,0.2264150943396226,
adaptive_transfer,2012-2014,near,,power,z_mahalanobis_sq,,0.08,0.0,0.61,
adaptive_transfer,2012-2014,near,,power,z_mahalanobis_sq,,0.06,0.1666666666666666,0.36,
adaptive_transfer,2012-2014,near,,power,z_mahalanobis_sq,,0.06,0.1666666666666666,0.5633333333333334,
adaptive_transfer,2012-2014,near,,power,z_mahalanobis_sq,,0.08,0.0,0.5266666666666666,
adaptive_transfer,2012-2014,near,,power,z_mahalanobis_sq,,0.06,0.1666666666666666,0.3233333333333333,
adaptive_transfer,2012-2014,near,,power,z_mahalanobis_sq,,0.3954351456670996,,,
adaptive_transfer,2012-2014,near,,power,z_mahalanobis_sq,,0.3954351456670996,,,
adaptive_transfer,2012-2014,near,,power,z_mahalanobis_sq,,0.3954351456670996,,,
adaptive_transfer,2012-2014,near,,power,z_mahalanobis_sq,,0.3954351456670996,,,
adaptive_transfer,2012-2014,near,,power,z_mahalanobis_sq,,0.3954351456670996,,,
adaptive_transfer,2012-2014,near,,power,z_mahalanobis_sq,,0.3954351456670996,,,
adaptive_transfer,2012-2014,near,,power,z_mahalanobis_sq,,0.3954351456670996,,,
adaptive_transfer,2012-2014,near,,power,z_mahalanobis_sq,,0.3954351456670996,,,
adaptive_transfer,2012-2014,near,,power,z_mahalanobis_sq,,0.3954351456670996,,,
adaptive_transfer,2012-2014,near,,power,z_mahalanobis_sq,,0.3954351456670996,,,
adaptive_transfer,2012-2014,near,,power,z_mahalanobis_sq,,0.3954351456670996,,,
adaptive_transfer,2012-2014,near,,power,z_mahalanobis_sq,,0.3954351456670996,,,
adaptive_transfer,2012-2014,near,,power,z_mahalanobis_sq,,0.3954351456670996,,,
adaptive_transfer,2012-2014,near,,power,z_mahalanobis_sq,,0.3954351456670996,,,
adaptive_transfer,2012-2014,near,,power,z_mahalanobis_sq,,0.3954351456670996,,,
adaptive_transfer,2012-2014,near,,power,z_plus,,0.0545454545454545,0.0,0.9272727272727272,
adaptive_transfer,2012-2014,near,,power,z_plus,,0.0545454545454545,0.0,0.0545454545454545,
adaptive_transfer,2012-2014,near,,power,z_plus,,0.0545454545454545,0.0,0.9454545454545454,
adaptive_transfer,2012-2014,near,,power,z_plus,,0.0545454545454545,0.0,0.1272727272727273,
adaptive_transfer,2012-2014,near,,power,z_plus,,0.0545454545454545,0.0,0.7454545454545455,
adaptive_transfer,2012-2014,near,,power,z_plus,,0.0566037735849056,0.0,0.7924528301886793,
adaptive_transfer,2012-2014,near,,power,z_plus,,0.0566037735849056,0.0,0.4528301886792453,
adaptive_transfer,2012-2014,near,,power,z_plus,,0.0377358490566037,0.3333333333333333,0.5220125786163522,
adaptive_transfer,2012-2014,near,,power,z_plus,,0.0566037735849056,0.0,0.3836477987421383,
adaptive_transfer,2012-2014,near,,power,z_plus,,0.0566037735849056,0.0,0.1194968553459119,
adaptive_transfer,2012-2014,near,,power,z_plus,,0.04,0.1666666666666666,0.4633333333333333,
adaptive_transfer,2012-2014,near,,power,z_plus,,0.04,0.1666666666666666,0.4566666666666666,
adaptive_transfer,2012-2014,near,,power,z_plus,,0.04,0.1666666666666666,0.5866666666666667,
adaptive_transfer,2012-2014,near,,power,z_plus,,0.06,0.0,0.4333333333333333,
adaptive_transfer,2012-2014,near,,power,z_plus,,0.04,0.1666666666666666,0.42,
adaptive_transfer,2012-2014,near,,power,z_plus,,0.1942777632837638,,,
adaptive_transfer,2012-2014,near,,power,z_plus,,0.1942777632837638,,,
adaptive_transfer,2012-2014,near,,power,z_plus,,0.1942777632837638,,,
adaptive_transfer,2012-2014,near,,power,z_plus,,0.1942777632837638,,,
adaptive_transfer,2012-2014,near,,power,z_plus,,0.1942777632837638,,,
adaptive_transfer,2012-2014,near,,power,z_plus,,0.1942777632837638,,,
adaptive_transfer,2012-2014,near,,power,z_plus,,0.1942777632837638,,,
adaptive_transfer,2012-2014,near,,power,z_plus,,0.1942777632837638,,,
adaptive_transfer,2012-2014,near,,power,z_plus,,0.1942777632837638,,,
adaptive_transfer,2012-2014,near,,power,z_plus,,0.1942777632837638,,,
adaptive_transfer,2012-2014,near,,power,z_plus,,0.1942777632837638,,,
adaptive_transfer,2012-2014,near,,power,z_plus,,0.1942777632837638,,,
adaptive_transfer,2012-2014,near,,power,z_plus,,0.1942777632837638,,,
adaptive_transfer,2012-2014,near,,power,z_plus,,0.1942777632837638,,,
adaptive_transfer,2012-2014,near,,power,z_plus,,0.1942777632837638,,,
adaptive_transfer,2012-2014,near,,power,z_plus_orth,,0.0727272727272727,0.0,0.8181818181818181,
adaptive_transfer,2012-2014,near,,power,z_plus_orth,,0.0727272727272727,0.0,0.0363636363636363,
adaptive_transfer,2012-2014,near,,power,z_plus_orth,,0.0727272727272727,1.0,0.9636363636363636,
adaptive_transfer,2012-2014,near,,power,z_plus_orth,,0.0727272727272727,0.0,0.2545454545454545,
adaptive_transfer,2012-2014,near,,power,z_plus_orth,,0.0727272727272727,0.0,0.6909090909090909,
adaptive_transfer,2012-2014,near,,power,z_plus_orth,,0.0566037735849056,0.6666666666666666,0.8867924528301887,
adaptive_transfer,2012-2014,near,,power,z_plus_orth,,0.0754716981132075,0.0,0.4276729559748427,
adaptive_transfer,2012-2014,near,,power,z_plus_orth,,0.0754716981132075,0.0,0.4591194968553458,
adaptive_transfer,2012-2014,near,,power,z_plus_orth,,0.0566037735849056,0.0,0.3333333333333333,
adaptive_transfer,2012-2014,near,,power,z_plus_orth,,0.0754716981132075,0.0,0.1823899371069182,
adaptive_transfer,2012-2014,near,,power,z_plus_orth,,0.08,0.0,0.4666666666666667,
adaptive_transfer,2012-2014,near,,power,z_plus_orth,,0.08,0.0,0.35,
adaptive_transfer,2012-2014,near,,power,z_plus_orth,,0.08,0.2,0.5880000000000001,
adaptive_transfer,2012-2014,near,,power,z_plus_orth,,0.06,0.1666666666666666,0.5533333333333333,
adaptive_transfer,2012-2014,near,,power,z_plus_orth,,0.08,0.0,0.3366666666666666,
adaptive_transfer,2012-2014,near,,power,z_plus_orth,,0.232004281509232,,,
adaptive_transfer,2012-2014,near,,power,z_plus_orth,,0.232004281509232,,,
adaptive_transfer,2012-2014,near,,power,z_plus_orth,,0.232004281509232,,,
adaptive_transfer,2012-2014,near,,power,z_plus_orth,,0.232004281509232,,,
adaptive_transfer,2012-2014,near,,power,z_plus_orth,,0.232004281509232,,,
adaptive_transfer,2012-2014,near,,power,z_plus_orth,,0.232004281509232,,,
adaptive_transfer,2012-2014,near,,power,z_plus_orth,,0.232004281509232,,,
adaptive_transfer,2012-2014,near,,power,z_plus_orth,,0.232004281509232,,,
adaptive_transfer,2012-2014,near,,power,z_plus_orth,,0.232004281509232,,,
adaptive_transfer,2012-2014,near,,power,z_plus_orth,,0.232004281509232,,,
adaptive_transfer,2012-2014,near,,power,z_plus_orth,,0.232004281509232,,,
adaptive_transfer,2012-2014,near,,power,z_plus_orth,,0.232004281509232,,,
adaptive_transfer,2012-2014,near,,power,z_plus_orth,,0.232004281509232,,,
adaptive_transfer,2012-2014,near,,power,z_plus_orth,,0.232004281509232,,,
adaptive_transfer,2012-2014,near,,power,z_plus_orth,,0.232004281509232,,,
adaptive_transfer,2012-2014,near,,power,z_plus_renorm,,0.0727272727272727,0.0,0.6909090909090909,
adaptive_transfer,2012-2014,near,,power,z_plus_renorm,,0.0727272727272727,0.0,0.0545454545454545,
adaptive_transfer,2012-2014,near,,power,z_plus_renorm,,0.0727272727272727,0.0,0.9090909090909092,
adaptive_transfer,2012-2014,near,,power,z_plus_renorm,,0.0727272727272727,0.0,0.4181818181818182,
adaptive_transfer,2012-2014,near,,power,z_plus_renorm,,0.0727272727272727,0.0,0.7454545454545455,
adaptive_transfer,2012-2014,near,,power,z_plus_renorm,,0.0566037735849056,0.3333333333333333,0.7987421383647799,
adaptive_transfer,2012-2014,near,,power,z_plus_renorm,,0.0754716981132075,0.0,0.3710691823899371,
adaptive_transfer,2012-2014,near,,power,z_plus_renorm,,0.0754716981132075,0.0,0.5974842767295597,
adaptive_transfer,2012-2014,near,,power,z_plus_renorm,,0.0754716981132075,0.0,0.3962264150943396,
adaptive_transfer,2012-2014,near,,power,z_plus_renorm,,0.0754716981132075,0.0,0.2767295597484276,
adaptive_transfer,2012-2014,near,,power,z_plus_renorm,,0.06,0.0,0.5066666666666666,
adaptive_transfer,2012-2014,near,,power,z_plus_renorm,,0.08,0.0,0.37,
adaptive_transfer,2012-2014,near,,power,z_plus_renorm,,0.08,0.0,0.5960000000000001,
adaptive_transfer,2012-2014,near,,power,z_plus_renorm,,0.06,0.1666666666666666,0.5700000000000001,
adaptive_transfer,2012-2014,near,,power,z_plus_renorm,,0.08,0.0,0.4066666666666667,
adaptive_transfer,2012-2014,near,,power,z_plus_renorm,,0.2201409330122201,,,
adaptive_transfer,2012-2014,near,,power,z_plus_renorm,,0.2201409330122201,,,
adaptive_transfer,2012-2014,near,,power,z_plus_renorm,,0.2201409330122201,,,
adaptive_transfer,2012-2014,near,,power,z_plus_renorm,,0.2201409330122201,,,
adaptive_transfer,2012-2014,near,,power,z_plus_renorm,,0.2201409330122201,,,
adaptive_transfer,2012-2014,near,,power,z_plus_renorm,,0.2201409330122201,,,
adaptive_transfer,2012-2014,near,,power,z_plus_renorm,,0.2201409330122201,,,
adaptive_transfer,2012-2014,near,,power,z_plus_renorm,,0.2201409330122201,,,
adaptive_transfer,2012-2014,near,,power,z_plus_renorm,,0.2201409330122201,,,
adaptive_transfer,2012-2014,near,,power,z_plus_renorm,,0.2201409330122201,,,
adaptive_transfer,2012-2014,near,,power,z_plus_renorm,,0.2201409330122201,,,
adaptive_transfer,2012-2014,near,,power,z_plus_renorm,,0.2201409330122201,,,
adaptive_transfer,2012-2014,near,,power,z_plus_renorm,,0.2201409330122201,,,
adaptive_transfer,2012-2014,near,,power,z_plus_renorm,,0.2201409330122201,,,
adaptive_transfer,2012-2014,near,,power,z_plus_renorm,,0.2201409330122201,,,
adaptive_transfer,2012-2014,near,,power,z_plus_softmax,,0.0727272727272727,0.0,0.8545454545454545,
adaptive_transfer,2012-2014,near,,power,z_plus_softmax,,0.0727272727272727,0.0,0.0363636363636363,
adaptive_transfer,2012-2014,near,,power,z_plus_softmax,,0.0727272727272727,1.0,0.9454545454545454,
adaptive_transfer,2012-2014,near,,power,z_plus_softmax,,0.0727272727272727,0.0,0.2727272727272727,
adaptive_transfer,2012-2014,near,,power,z_plus_softmax,,0.0727272727272727,0.0,0.6909090909090909,
adaptive_transfer,2012-2014,near,,power,z_plus_softmax,,0.0566037735849056,0.6666666666666666,0.8867924528301887,
adaptive_transfer,2012-2014,near,,power,z_plus_softmax,,0.0754716981132075,0.0,0.4150943396226415,
adaptive_transfer,2012-2014,near,,power,z_plus_softmax,,0.0754716981132075,0.0,0.4654088050314465,
adaptive_transfer,2012-2014,near,,power,z_plus_softmax,,0.0566037735849056,0.0,0.3333333333333333,
adaptive_transfer,2012-2014,near,,power,z_plus_softmax,,0.0754716981132075,0.0,0.1949685534591194,
adaptive_transfer,2012-2014,near,,power,z_plus_softmax,,0.08,0.0,0.4766666666666667,
adaptive_transfer,2012-2014,near,,power,z_plus_softmax,,0.08,0.0,0.3566666666666666,
adaptive_transfer,2012-2014,near,,power,z_plus_softmax,,0.08,0.2,0.584,
adaptive_transfer,2012-2014,near,,power,z_plus_softmax,,0.06,0.1666666666666666,0.5566666666666666,
adaptive_transfer,2012-2014,near,,power,z_plus_softmax,,0.08,0.0,0.3333333333333333,
adaptive_transfer,2012-2014,near,,power,z_plus_softmax,,0.2245116403532245,,,
adaptive_transfer,2012-2014,near,,power,z_plus_softmax,,0.2245116403532245,,,
adaptive_transfer,2012-2014,near,,power,z_plus_softmax,,0.2245116403532245,,,
adaptive_transfer,2012-2014,near,,power,z_plus_softmax,,0.2245116403532245,,,
adaptive_transfer,2012-2014,near,,power,z_plus_softmax,,0.2245116403532245,,,
adaptive_transfer,2012-2014,near,,power,z_plus_softmax,,0.2245116403532245,,,
adaptive_transfer,2012-2014,near,,power,z_plus_softmax,,0.2245116403532245,,,
adaptive_transfer,2012-2014,near,,power,z_plus_softmax,,0.2245116403532245,,,
adaptive_transfer,2012-2014,near,,power,z_plus_softmax,,0.2245116403532245,,,
adaptive_transfer,2012-2014,near,,power,z_plus_softmax,,0.2245116403532245,,,
adaptive_transfer,2012-2014,near,,power,z_plus_softmax,,0.2245116403532245,,,
adaptive_transfer,2012-2014,near,,power,z_plus_softmax,,0.2245116403532245,,,
adaptive_transfer,2012-2014,near,,power,z_plus_softmax,,0.2245116403532245,,,
adaptive_transfer,2012-2014,near,,power,z_plus_softmax,,0.2245116403532245,,,
adaptive_transfer,2012-2014,near,,power,z_plus_softmax,,0.2245116403532245,,,
adaptive_transfer,2014-2014,,,calibration_diagnostic,,,,,,failed: phase2: only 14 complete z-vectors in C (< 30); Σ̂ not estimable.
adaptive_transfer,2014-2015,,2012.0,annual_fpr,z_mahalanobis_sq,10.0,0.0769230769230769,,,
adaptive_transfer,2014-2015,,2013.0,annual_fpr,z_mahalanobis_sq,11.0,0.0666666666666666,,,
adaptive_transfer,2014-2015,,2014.0,annual_fpr,z_mahalanobis_sq,13.0,0.0454545454545454,,,
adaptive_transfer,2014-2015,,2015.0,annual_fpr,z_mahalanobis_sq,10.0,0.0588235294117647,,,
adaptive_transfer,2014-2015,,2016.0,annual_fpr,z_mahalanobis_sq,10.0,0.0,,,
adaptive_transfer,2014-2015,,2017.0,annual_fpr,z_mahalanobis_sq,12.0,0.0588235294117647,,,
adaptive_transfer,2014-2015,,2018.0,annual_fpr,z_mahalanobis_sq,12.0,0.05,,,
adaptive_transfer,2014-2015,,2019.0,annual_fpr,z_mahalanobis_sq,13.0,0.0909090909090909,,,
adaptive_transfer,2014-2015,,2020.0,annual_fpr,z_mahalanobis_sq,14.0,0.0,,,
adaptive_transfer,2014-2015,,2021.0,annual_fpr,z_mahalanobis_sq,15.0,0.0,,,
adaptive_transfer,2014-2015,,2022.0,annual_fpr,z_mahalanobis_sq,16.0,0.15,,,
adaptive_transfer,2014-2015,,2023.0,annual_fpr,z_mahalanobis_sq,15.0,0.0434782608695652,,,
adaptive_transfer,2014-2015,,2024.0,annual_fpr,z_mahalanobis_sq,13.0,0.0,,,
adaptive_transfer,2014-2015,,2025.0,annual_fpr,z_mahalanobis_sq,12.0,0.0,,,
adaptive_transfer,2014-2015,,,calibration_diagnostic,,,,,,candidate_scored
adaptive_transfer,2014-2015,,,calibration_diagnostic,,,,,,selected
adaptive_transfer,2014-2015,far,,fpr,breadth,121.0,0.024793388429752,,,
adaptive_transfer,2014-2015,far,,fpr,t_iut,121.0,0.0661157024793388,,,
adaptive_transfer,2014-2015,far,,fpr,z_mahalanobis_sq,85.0,0.0330578512396694,,,
adaptive_transfer,2014-2015,far,,fpr,z_plus,121.0,0.1157024793388429,,,
adaptive_transfer,2014-2015,far,,fpr,z_plus_orth,120.0,0.0991735537190082,,,
adaptive_transfer,2014-2015,far,,fpr,z_plus_renorm,120.0,0.1157024793388429,,,
adaptive_transfer,2014-2015,far,,fpr,z_plus_softmax,120.0,0.1239669421487603,,,
adaptive_transfer,2014-2015,iid,,fpr,breadth,13.0,0.0,,,
adaptive_transfer,2014-2015,iid,,fpr,t_iut,13.0,0.0,,,
adaptive_transfer,2014-2015,iid,,fpr,z_mahalanobis_sq,10.0,0.0769230769230769,,,
adaptive_transfer,2014-2015,iid,,fpr,z_plus,13.0,0.0769230769230769,,,
adaptive_transfer,2014-2015,iid,,fpr,z_plus_orth,12.0,0.0769230769230769,,,
adaptive_transfer,2014-2015,iid,,fpr,z_plus_renorm,12.0,0.0769230769230769,,,
adaptive_transfer,2014-2015,iid,,fpr,z_plus_softmax,12.0,0.0769230769230769,,,
adaptive_transfer,2014-2015,near,,fpr,breadth,88.0,0.0113636363636363,,,
adaptive_transfer,2014-2015,near,,fpr,t_iut,88.0,0.034090909090909,,,
adaptive_transfer,2014-2015,near,,fpr,z_mahalanobis_sq,56.0,0.0454545454545454,,,
adaptive_transfer,2014-2015,near,,fpr,z_plus,88.0,0.0568181818181818,,,
adaptive_transfer,2014-2015,near,,fpr,z_plus_orth,86.0,0.0909090909090909,,,
adaptive_transfer,2014-2015,near,,fpr,z_plus_renorm,86.0,0.1363636363636363,,,
adaptive_transfer,2014-2015,near,,fpr,z_plus_softmax,86.0,0.1022727272727272,,,
adaptive_transfer,2014-2015,far,,power,breadth,,0.0357142857142857,0.0,0.6428571428571429,
adaptive_transfer,2014-2015,far,,power,breadth,,0.0357142857142857,0.0,0.3571428571428571,
adaptive_transfer,2014-2015,far,,power,breadth,,0.0357142857142857,0.0,0.8630952380952381,
adaptive_transfer,2014-2015,far,,power,breadth,,0.0357142857142857,0.0,0.6428571428571429,
adaptive_transfer,2014-2015,far,,power,breadth,,0.0357142857142857,0.0,0.6428571428571429,
adaptive_transfer,2014-2015,far,,power,breadth,,0.0246913580246913,0.25,0.4722222222222222,
adaptive_transfer,2014-2015,far,,power,breadth,,0.037037037037037,0.0,0.5570987654320988,
adaptive_transfer,2014-2015,far,,power,breadth,,0.037037037037037,0.0,0.5231481481481481,
adaptive_transfer,2014-2015,far,,power,breadth,,0.037037037037037,0.0,0.4429012345679012,
adaptive_transfer,2014-2015,far,,power,breadth,,0.037037037037037,0.25,0.6080246913580247,
adaptive_transfer,2014-2015,far,,power,breadth,,0.0259740259740259,0.125,0.601461038961039,
adaptive_transfer,2014-2015,far,,power,breadth,,0.0389610389610389,0.0,0.6452922077922078,
adaptive_transfer,2014-2015,far,,power,breadth,,0.0259740259740259,0.125,0.5803571428571429,
adaptive_transfer,2014-2015,far,,power,breadth,,0.0259740259740259,0.125,0.6996753246753247,
adaptive_transfer,2014-2015,far,,power,breadth,,0.0389610389610389,0.0,0.734577922077922,
adaptive_transfer,2014-2015,far,,power,breadth,,0.0045221323593355,,,
adaptive_transfer,2014-2015,far,,power,breadth,,0.0045221323593355,,,
adaptive_transfer,2014-2015,far,,power,breadth,,0.0045221323593355,,,
adaptive_transfer,2014-2015,far,,power,breadth,,0.0045221323593355,,,
adaptive_transfer,2014-2015,far,,power,breadth,,0.0045221323593355,,,
adaptive_transfer,2014-2015,far,,power,breadth,,0.0045221323593355,,,
adaptive_transfer,2014-2015,far,,power,breadth,,0.0045221323593355,,,
adaptive_transfer,2014-2015,far,,power,breadth,,0.0045221323593355,,,
adaptive_transfer,2014-2015,far,,power,breadth,,0.0045221323593355,,,
adaptive_transfer,2014-2015,far,,power,breadth,,0.0045221323593355,,,
adaptive_transfer,2014-2015,far,,power,breadth,,0.0045221323593355,,,
adaptive_transfer,2014-2015,far,,power,breadth,,0.0045221323593355,,,
adaptive_transfer,2014-2015,far,,power,breadth,,0.0045221323593355,,,
adaptive_transfer,2014-2015,far,,power,breadth,,0.0045221323593355,,,
adaptive_transfer,2014-2015,far,,power,breadth,,0.0045221323593355,,,
adaptive_transfer,2014-2015,far,,power,t_iut,,0.0833333333333333,0.0,0.0476190476190476,
adaptive_transfer,2014-2015,far,,power,t_iut,,0.0833333333333333,0.0,0.7857142857142858,
adaptive_transfer,2014-2015,far,,power,t_iut,,0.0833333333333333,0.0,0.0,
adaptive_transfer,2014-2015,far,,power,t_iut,,0.0833333333333333,0.0,0.2857142857142857,
adaptive_transfer,2014-2015,far,,power,t_iut,,0.0833333333333333,0.0,0.25,
adaptive_transfer,2014-2015,far,,power,t_iut,,0.074074074074074,0.25,0.4753086419753086,
adaptive_transfer,2014-2015,far,,power,t_iut,,0.0864197530864197,0.0,0.308641975308642,
adaptive_transfer,2014-2015,far,,power,t_iut,,0.074074074074074,0.25,0.6141975308641976,
adaptive_transfer,2014-2015,far,,power,t_iut,,0.0864197530864197,0.0,0.4444444444444444,
adaptive_transfer,2014-2015,far,,power,t_iut,,0.0617283950617283,0.25,0.7345679012345679,
adaptive_transfer,2014-2015,far,,power,t_iut,,0.0779220779220779,0.125,0.5373376623376623,
adaptive_transfer,2014-2015,far,,power,t_iut,,0.0909090909090909,0.0,0.650974025974026,
adaptive_transfer,2014-2015,far,,power,t_iut,,0.0649350649350649,0.125,0.5357142857142857,
adaptive_transfer,2014-2015,far,,power,t_iut,,0.0649350649350649,0.125,0.663961038961039,
adaptive_transfer,2014-2015,far,,power,t_iut,,0.0779220779220779,0.0,0.323051948051948,
adaptive_transfer,2014-2015,far,,power,t_iut,,0.0537438038090268,,,
adaptive_transfer,2014-2015,far,,power,t_iut,,0.0537438038090268,,,
adaptive_transfer,2014-2015,far,,power,t_iut,,0.0537438038090268,,,
adaptive_transfer,2014-2015,far,,power,t_iut,,0.0537438038090268,,,
adaptive_transfer,2014-2015,far,,power,t_iut,,0.0537438038090268,,,
adaptive_transfer,2014-2015,far,,power,t_iut,,0.0537438038090268,,,
adaptive_transfer,2014-2015,far,,power,t_iut,,0.0537438038090268,,,
adaptive_transfer,2014-2015,far,,power,t_iut,,0.0537438038090268,,,
adaptive_transfer,2014-2015,far,,power,t_iut,,0.0537438038090268,,,
adaptive_transfer,2014-2015,far,,power,t_iut,,0.0537438038090268,,,
adaptive_transfer,2014-2015,far,,power,t_iut,,0.0537438038090268,,,
adaptive_transfer,2014-2015,far,,power,t_iut,,0.0537438038090268,,,
adaptive_transfer,2014-2015,far,,power,t_iut,,0.0537438038090268,,,
adaptive_transfer,2014-2015,far,,power,t_iut,,0.0537438038090268,,,
adaptive_transfer,2014-2015,far,,power,t_iut,,0.0537438038090268,,,
adaptive_transfer,2014-2015,far,,power,z_mahalanobis_sq,,0.0476190476190476,0.0,0.6071428571428572,
adaptive_transfer,2014-2015,far,,power,z_mahalanobis_sq,,0.0476190476190476,0.0,0.119047619047619,
adaptive_transfer,2014-2015,far,,power,z_mahalanobis_sq,,0.0357142857142857,1.0,0.9761904761904762,
adaptive_transfer,2014-2015,far,,power,z_mahalanobis_sq,,0.0476190476190476,0.0,0.7380952380952381,
adaptive_transfer,2014-2015,far,,power,z_mahalanobis_sq,,0.0476190476190476,0.0,0.5,
adaptive_transfer,2014-2015,far,,power,z_mahalanobis_sq,,0.0493827160493827,0.0,0.5802469135802469,
adaptive_transfer,2014-2015,far,,power,z_mahalanobis_sq,,0.037037037037037,0.25,0.7839506172839507,
adaptive_transfer,2014-2015,far,,power,z_mahalanobis_sq,,0.0493827160493827,0.0,0.5987654320987654,
adaptive_transfer,2014-2015,far,,power,z_mahalanobis_sq,,0.0493827160493827,0.0,0.4228395061728395,
adaptive_transfer,2014-2015,far,,power,z_mahalanobis_sq,,0.0493827160493827,0.0,0.3302469135802469,
adaptive_transfer,2014-2015,far,,power,z_mahalanobis_sq,,0.0389610389610389,0.125,0.3766233766233766,
adaptive_transfer,2014-2015,far,,power,z_mahalanobis_sq,,0.0519480519480519,0.0,0.5308441558441559,
adaptive_transfer,2014-2015,far,,power,z_mahalanobis_sq,,0.0389610389610389,0.125,0.5665584415584415,
adaptive_transfer,2014-2015,far,,power,z_mahalanobis_sq,,0.0389610389610389,0.125,0.7305194805194806,
adaptive_transfer,2014-2015,far,,power,z_mahalanobis_sq,,0.0389610389610389,0.25,0.6168831168831169,
adaptive_transfer,2014-2015,far,,power,z_mahalanobis_sq,,0.3954351456670996,,,
adaptive_transfer,2014-2015,far,,power,z_mahalanobis_sq,,0.3954351456670996,,,
adaptive_transfer,2014-2015,far,,power,z_mahalanobis_sq,,0.3954351456670996,,,
adaptive_transfer,2014-2015,far,,power,z_mahalanobis_sq,,0.3954351456670996,,,
adaptive_transfer,2014-2015,far,,power,z_mahalanobis_sq,,0.3954351456670996,,,
adaptive_transfer,2014-2015,far,,power,z_mahalanobis_sq,,0.3954351456670996,,,
adaptive_transfer,2014-2015,far,,power,z_mahalanobis_sq,,0.3954351456670996,,,
adaptive_transfer,2014-2015,far,,power,z_mahalanobis_sq,,0.3954351456670996,,,
adaptive_transfer,2014-2015,far,,power,z_mahalanobis_sq,,0.3954351456670996,,,
adaptive_transfer,2014-2015,far,,power,z_mahalanobis_sq,,0.3954351456670996,,,
adaptive_transfer,2014-2015,far,,power,z_mahalanobis_sq,,0.3954351456670996,,,
adaptive_transfer,2014-2015,far,,power,z_mahalanobis_sq,,0.3954351456670996,,,
adaptive_transfer,2014-2015,far,,power,z_mahalanobis_sq,,0.3954351456670996,,,
adaptive_transfer,2014-2015,far,,power,z_mahalanobis_sq,,0.3954351456670996,,,
adaptive_transfer,2014-2015,far,,power,z_mahalanobis_sq,,0.3954351456670996,,,
adaptive_transfer,2014-2015,far,,power,z_plus,,0.0476190476190476,0.0,0.4761904761904761,
adaptive_transfer,2014-2015,far,,power,z_plus,,0.0476190476190476,0.0,0.2261904761904761,
adaptive_transfer,2014-2015,far,,power,z_plus,,0.0476190476190476,0.0,0.9047619047619048,
adaptive_transfer,2014-2015,far,,power,z_plus,,0.0476190476190476,0.0,0.6309523809523809,
adaptive_transfer,2014-2015,far,,power,z_plus,,0.0476190476190476,0.0,0.5,
adaptive_transfer,2014-2015,far,,power,z_plus,,0.0493827160493827,0.0,0.5061728395061729,
adaptive_transfer,2014-2015,far,,power,z_plus,,0.0493827160493827,0.5,0.6975308641975309,
adaptive_transfer,2014-2015,far,,power,z_plus,,0.037037037037037,0.25,0.654320987654321,
adaptive_transfer,2014-2015,far,,power,z_plus,,0.0493827160493827,0.0,0.4074074074074074,
adaptive_transfer,2014-2015,far,,power,z_plus,,0.0493827160493827,0.0,0.4753086419753086,
adaptive_transfer,2014-2015,far,,power,z_plus,,0.0389610389610389,0.125,0.4415584415584416,
adaptive_transfer,2014-2015,far,,power,z_plus,,0.0389610389610389,0.125,0.6444805194805194,
adaptive_transfer,2014-2015,far,,power,z_plus,,0.0519480519480519,0.125,0.6038961038961039,
adaptive_transfer,2014-2015,far,,power,z_plus,,0.0259740259740259,0.25,0.7451298701298702,
adaptive_transfer,2014-2015,far,,power,z_plus,,0.0519480519480519,0.125,0.5811688311688312,
adaptive_transfer,2014-2015,far,,power,z_plus,,0.1942777632837638,,,
adaptive_transfer,2014-2015,far,,power,z_plus,,0.1942777632837638,,,
adaptive_transfer,2014-2015,far,,power,z_plus,,0.1942777632837638,,,
adaptive_transfer,2014-2015,far,,power,z_plus,,0.1942777632837638,,,
adaptive_transfer,2014-2015,far,,power,z_plus,,0.1942777632837638,,,
adaptive_transfer,2014-2015,far,,power,z_plus,,0.1942777632837638,,,
adaptive_transfer,2014-2015,far,,power,z_plus,,0.1942777632837638,,,
adaptive_transfer,2014-2015,far,,power,z_plus,,0.1942777632837638,,,
adaptive_transfer,2014-2015,far,,power,z_plus,,0.1942777632837638,,,
adaptive_transfer,2014-2015,far,,power,z_plus,,0.1942777632837638,,,
adaptive_transfer,2014-2015,far,,power,z_plus,,0.1942777632837638,,,
adaptive_transfer,2014-2015,far,,power,z_plus,,0.1942777632837638,,,
adaptive_transfer,2014-2015,far,,power,z_plus,,0.1942777632837638,,,
adaptive_transfer,2014-2015,far,,power,z_plus,,0.1942777632837638,,,
adaptive_transfer,2014-2015,far,,power,z_plus,,0.1942777632837638,,,
adaptive_transfer,2014-2015,far,,power,z_plus_orth,,0.0357142857142857,0.0,0.4166666666666666,
adaptive_transfer,2014-2015,far,,power,z_plus_orth,,0.0357142857142857,0.0,0.2738095238095238,
adaptive_transfer,2014-2015,far,,power,z_plus_orth,,0.0357142857142857,1.0,1.0,
adaptive_transfer,2014-2015,far,,power,z_plus_orth,,0.0357142857142857,0.0,0.5,
adaptive_transfer,2014-2015,far,,power,z_plus_orth,,0.0357142857142857,0.0,0.3809523809523809,
adaptive_transfer,2014-2015,far,,power,z_plus_orth,,0.037037037037037,0.0,0.5493827160493827,
adaptive_transfer,2014-2015,far,,power,z_plus_orth,,0.037037037037037,0.5,0.7438271604938272,
adaptive_transfer,2014-2015,far,,power,z_plus_orth,,0.0246913580246913,0.25,0.5864197530864198,
adaptive_transfer,2014-2015,far,,power,z_plus_orth,,0.037037037037037,0.0,0.4475308641975308,
adaptive_transfer,2014-2015,far,,power,z_plus_orth,,0.037037037037037,0.0,0.4691358024691358,
adaptive_transfer,2014-2015,far,,power,z_plus_orth,,0.0389610389610389,0.0,0.387987012987013,
adaptive_transfer,2014-2015,far,,power,z_plus_orth,,0.0389610389610389,0.25,0.6217532467532467,
adaptive_transfer,2014-2015,far,,power,z_plus_orth,,0.0389610389610389,0.25,0.6103896103896104,
adaptive_transfer,2014-2015,far,,power,z_plus_orth,,0.0389610389610389,0.25,0.7061688311688311,
adaptive_transfer,2014-2015,far,,power,z_plus_orth,,0.0389610389610389,0.125,0.5762987012987013,
adaptive_transfer,2014-2015,far,,power,z_plus_orth,,0.232004281509232,,,
adaptive_transfer,2014-2015,far,,power,z_plus_orth,,0.232004281509232,,,
adaptive_transfer,2014-2015,far,,power,z_plus_orth,,0.232004281509232,,,
adaptive_transfer,2014-2015,far,,power,z_plus_orth,,0.232004281509232,,,
adaptive_transfer,2014-2015,far,,power,z_plus_orth,,0.232004281509232,,,
adaptive_transfer,2014-2015,far,,power,z_plus_orth,,0.232004281509232,,,
adaptive_transfer,2014-2015,far,,power,z_plus_orth,,0.232004281509232,,,
adaptive_transfer,2014-2015,far,,power,z_plus_orth,,0.232004281509232,,,
adaptive_transfer,2014-2015,far,,power,z_plus_orth,,0.232004281509232,,,
adaptive_transfer,2014-2015,far,,power,z_plus_orth,,0.232004281509232,,,
adaptive_transfer,2014-2015,far,,power,z_plus_orth,,0.232004281509232,,,
adaptive_transfer,2014-2015,far,,power,z_plus_orth,,0.232004281509232,,,
adaptive_transfer,2014-2015,far,,power,z_plus_orth,,0.232004281509232,,,
adaptive_transfer,2014-2015,far,,power,z_plus_orth,,0.232004281509232,,,
adaptive_transfer,2014-2015,far,,power,z_plus_orth,,0.232004281509232,,,
adaptive_transfer,2014-2015,far,,power,z_plus_renorm,,0.0357142857142857,0.0,0.3571428571428571,
adaptive_transfer,2014-2015,far,,power,z_plus_renorm,,0.0357142857142857,0.0,0.25,
adaptive_transfer,2014-2015,far,,power,z_plus_renorm,,0.0357142857142857,0.0,0.8452380952380952,
adaptive_transfer,2014-2015,far,,power,z_plus_renorm,,0.0357142857142857,0.0,0.5357142857142857,
adaptive_transfer,2014-2015,far,,power,z_plus_renorm,,0.0357142857142857,0.0,0.369047619047619,
adaptive_transfer,2014-2015,far,,power,z_plus_renorm,,0.037037037037037,0.0,0.5030864197530864,
adaptive_transfer,2014-2015,far,,power,z_plus_renorm,,0.037037037037037,0.0,0.7345679012345679,
adaptive_transfer,2014-2015,far,,power,z_plus_renorm,,0.037037037037037,0.25,0.6697530864197531,
adaptive_transfer,2014-2015,far,,power,z_plus_renorm,,0.037037037037037,0.0,0.4166666666666667,
adaptive_transfer,2014-2015,far,,power,z_plus_renorm,,0.037037037037037,0.0,0.3888888888888889,
adaptive_transfer,2014-2015,far,,power,z_plus_renorm,,0.0389610389610389,0.0,0.3668831168831169,
adaptive_transfer,2014-2015,far,,power,z_plus_renorm,,0.0389610389610389,0.0,0.5698051948051948,
adaptive_transfer,2014-2015,far,,power,z_plus_renorm,,0.0389610389610389,0.0,0.5827922077922078,
adaptive_transfer,2014-2015,far,,power,z_plus_renorm,,0.0259740259740259,0.125,0.6672077922077921,
adaptive_transfer,2014-2015,far,,power,z_plus_renorm,,0.0389610389610389,0.0,0.5064935064935066,
adaptive_transfer,2014-2015,far,,power,z_plus_renorm,,0.2201409330122201,,,
adaptive_transfer,2014-2015,far,,power,z_plus_renorm,,0.2201409330122201,,,
adaptive_transfer,2014-2015,far,,power,z_plus_renorm,,0.2201409330122201,,,
adaptive_transfer,2014-2015,far,,power,z_plus_renorm,,0.2201409330122201,,,
adaptive_transfer,2014-2015,far,,power,z_plus_renorm,,0.2201409330122201,,,
adaptive_transfer,2014-2015,far,,power,z_plus_renorm,,0.2201409330122201,,,
adaptive_transfer,2014-2015,far,,power,z_plus_renorm,,0.2201409330122201,,,
adaptive_transfer,2014-2015,far,,power,z_plus_renorm,,0.2201409330122201,,,
adaptive_transfer,2014-2015,far,,power,z_plus_renorm,,0.2201409330122201,,,
adaptive_transfer,2014-2015,far,,power,z_plus_renorm,,0.2201409330122201,,,
adaptive_transfer,2014-2015,far,,power,z_plus_renorm,,0.2201409330122201,,,
adaptive_transfer,2014-2015,far,,power,z_plus_renorm,,0.2201409330122201,,,
adaptive_transfer,2014-2015,far,,power,z_plus_renorm,,0.2201409330122201,,,
adaptive_transfer,2014-2015,far,,power,z_plus_renorm,,0.2201409330122201,,,
adaptive_transfer,2014-2015,far,,power,z_plus_renorm,,0.2201409330122201,,,
adaptive_transfer,2014-2015,far,,power,z_plus_softmax,,0.0595238095238095,0.0,0.369047619047619,
adaptive_transfer,2014-2015,far,,power,z_plus_softmax,,0.0595238095238095,0.0,0.3095238095238095,
adaptive_transfer,2014-2015,far,,power,z_plus_softmax,,0.0595238095238095,1.0,1.0,
adaptive_transfer,2014-2015,far,,power,z_plus_softmax,,0.0595238095238095,0.0,0.5357142857142857,
adaptive_transfer,2014-2015,far,,power,z_plus_softmax,,0.0595238095238095,0.0,0.4404761904761904,
adaptive_transfer,2014-2015,far,,power,z_plus_softmax,,0.0617283950617283,0.0,0.5216049382716049,
adaptive_transfer,2014-2015,far,,power,z_plus_softmax,,0.0617283950617283,0.25,0.7469135802469137,
adaptive_transfer,2014-2015,far,,power,z_plus_softmax,,0.0493827160493827,0.25,0.6018518518518517,
adaptive_transfer,2014-2015,far,,power,z_plus_softmax,,0.0617283950617283,0.0,0.4444444444444445,
adaptive_transfer,2014-2015,far,,power,z_plus_softmax,,0.0617283950617283,0.0,0.4814814814814815,
adaptive_transfer,2014-2015,far,,power,z_plus_softmax,,0.0519480519480519,0.0,0.3912337662337662,
adaptive_transfer,2014-2015,far,,power,z_plus_softmax,,0.0649350649350649,0.25,0.6185064935064934,
adaptive_transfer,2014-2015,far,,power,z_plus_softmax,,0.0519480519480519,0.25,0.6136363636363636,
adaptive_transfer,2014-2015,far,,power,z_plus_softmax,,0.0519480519480519,0.125,0.7012987012987013,
adaptive_transfer,2014-2015,far,,power,z_plus_softmax,,0.0649350649350649,0.125,0.564935064935065,
adaptive_transfer,2014-2015,far,,power,z_plus_softmax,,0.2245116403532245,,,
adaptive_transfer,2014-2015,far,,power,z_plus_softmax,,0.2245116403532245,,,
adaptive_transfer,2014-2015,far,,power,z_plus_softmax,,0.2245116403532245,,,
adaptive_transfer,2014-2015,far,,power,z_plus_softmax,,0.2245116403532245,,,
adaptive_transfer,2014-2015,far,,power,z_plus_softmax,,0.2245116403532245,,,
adaptive_transfer,2014-2015,far,,power,z_plus_softmax,,0.2245116403532245,,,
adaptive_transfer,2014-2015,far,,power,z_plus_softmax,,0.2245116403532245,,,
adaptive_transfer,2014-2015,far,,power,z_plus_softmax,,0.2245116403532245,,,
adaptive_transfer,2014-2015,far,,power,z_plus_softmax,,0.2245116403532245,,,
adaptive_transfer,2014-2015,far,,power,z_plus_softmax,,0.2245116403532245,,,
adaptive_transfer,2014-2015,far,,power,z_plus_softmax,,0.2245116403532245,,,
adaptive_transfer,2014-2015,far,,power,z_plus_softmax,,0.2245116403532245,,,
adaptive_transfer,2014-2015,far,,power,z_plus_softmax,,0.2245116403532245,,,
adaptive_transfer,2014-2015,far,,power,z_plus_softmax,,0.2245116403532245,,,
adaptive_transfer,2014-2015,far,,power,z_plus_softmax,,0.2245116403532245,,,
adaptive_transfer,2014-2015,near,,power,breadth,,0.0181818181818181,0.0,0.9545454545454546,
adaptive_transfer,2014-2015,near,,power,breadth,,0.0181818181818181,0.0,0.1454545454545454,
adaptive_transfer,2014-2015,near,,power,breadth,,0.0181818181818181,0.0,0.5909090909090909,
adaptive_transfer,2014-2015,near,,power,breadth,,0.0181818181818181,0.0,0.1363636363636363,
adaptive_transfer,2014-2015,near,,power,breadth,,0.0181818181818181,0.0,0.5909090909090909,
adaptive_transfer,2014-2015,near,,power,breadth,,0.0188679245283018,0.0,0.5628930817610063,
adaptive_transfer,2014-2015,near,,power,breadth,,0.0188679245283018,0.0,0.5974842767295597,
adaptive_transfer,2014-2015,near,,power,breadth,,0.0188679245283018,0.0,0.4842767295597484,
adaptive_transfer,2014-2015,near,,power,breadth,,0.0188679245283018,0.0,0.5031446540880503,
adaptive_transfer,2014-2015,near,,power,breadth,,0.0188679245283018,0.0,0.2358490566037735,
adaptive_transfer,2014-2015,near,,power,breadth,,0.02,0.0,0.4983333333333333,
adaptive_transfer,2014-2015,near,,power,breadth,,0.02,0.0,0.7,
adaptive_transfer,2014-2015,near,,power,breadth,,0.02,0.0,0.6183333333333334,
adaptive_transfer,2014-2015,near,,power,breadth,,0.02,0.0,0.3066666666666666,
adaptive_transfer,2014-2015,near,,power,breadth,,0.02,0.0,0.4716666666666667,
adaptive_transfer,2014-2015,near,,power,breadth,,0.0045221323593355,,,
adaptive_transfer,2014-2015,near,,power,breadth,,0.0045221323593355,,,
adaptive_transfer,2014-2015,near,,power,breadth,,0.0045221323593355,,,
adaptive_transfer,2014-2015,near,,power,breadth,,0.0045221323593355,,,
adaptive_transfer,2014-2015,near,,power,breadth,,0.0045221323593355,,,
adaptive_transfer,2014-2015,near,,power,breadth,,0.0045221323593355,,,
adaptive_transfer,2014-2015,near,,power,breadth,,0.0045221323593355,,,
adaptive_transfer,2014-2015,near,,power,breadth,,0.0045221323593355,,,
adaptive_transfer,2014-2015,near,,power,breadth,,0.0045221323593355,,,
adaptive_transfer,2014-2015,near,,power,breadth,,0.0045221323593355,,,
adaptive_transfer,2014-2015,near,,power,breadth,,0.0045221323593355,,,
adaptive_transfer,2014-2015,near,,power,breadth,,0.0045221323593355,,,
adaptive_transfer,2014-2015,near,,power,breadth,,0.0045221323593355,,,
adaptive_transfer,2014-2015,near,,power,breadth,,0.0045221323593355,,,
adaptive_transfer,2014-2015,near,,power,breadth,,0.0045221323593355,,,
adaptive_transfer,2014-2015,near,,power,t_iut,,0.0181818181818181,0.0,0.1272727272727273,
adaptive_transfer,2014-2015,near,,power,t_iut,,0.0181818181818181,0.0,0.2363636363636363,
adaptive_transfer,2014-2015,near,,power,t_iut,,0.0181818181818181,0.0,0.4,
adaptive_transfer,2014-2015,near,,power,t_iut,,0.0181818181818181,0.0,0.0363636363636363,
adaptive_transfer,2014-2015,near,,power,t_iut,,0.0181818181818181,0.0,0.0181818181818181,
adaptive_transfer,2014-2015,near,,power,t_iut,,0.0188679245283018,0.0,0.830188679245283,
adaptive_transfer,2014-2015,near,,power,t_iut,,0.0188679245283018,0.0,0.4716981132075471,
adaptive_transfer,2014-2015,near,,power,t_iut,,0.0188679245283018,0.3333333333333333,0.559748427672956,
adaptive_transfer,2014-2015,near,,power,t_iut,,0.0188679245283018,0.0,0.6981132075471698,
adaptive_transfer,2014-2015,near,,power,t_iut,,0.0188679245283018,0.0,0.5471698113207547,
adaptive_transfer,2014-2015,near,,power,t_iut,,0.02,0.0,0.3766666666666666,
adaptive_transfer,2014-2015,near,,power,t_iut,,0.02,0.0,0.6033333333333334,
adaptive_transfer,2014-2015,near,,power,t_iut,,0.02,0.0,0.3533333333333333,
adaptive_transfer,2014-2015,near,,power,t_iut,,0.02,0.0,0.4766666666666667,
adaptive_transfer,2014-2015,near,,power,t_iut,,0.02,0.1666666666666666,0.47,
adaptive_transfer,2014-2015,near,,power,t_iut,,0.0537438038090268,,,
adaptive_transfer,2014-2015,near,,power,t_iut,,0.0537438038090268,,,
adaptive_transfer,2014-2015,near,,power,t_iut,,0.0537438038090268,,,
adaptive_transfer,2014-2015,near,,power,t_iut,,0.0537438038090268,,,
adaptive_transfer,2014-2015,near,,power,t_iut,,0.0537438038090268,,,
adaptive_transfer,2014-2015,near,,power,t_iut,,0.0537438038090268,,,
adaptive_transfer,2014-2015,near,,power,t_iut,,0.0537438038090268,,,
adaptive_transfer,2014-2015,near,,power,t_iut,,0.0537438038090268,,,
adaptive_transfer,2014-2015,near,,power,t_iut,,0.0537438038090268,,,
adaptive_transfer,2014-2015,near,,power,t_iut,,0.0537438038090268,,,
adaptive_transfer,2014-2015,near,,power,t_iut,,0.0537438038090268,,,
adaptive_transfer,2014-2015,near,,power,t_iut,,0.0537438038090268,,,
adaptive_transfer,2014-2015,near,,power,t_iut,,0.0537438038090268,,,
adaptive_transfer,2014-2015,near,,power,t_iut,,0.0537438038090268,,,
adaptive_transfer,2014-2015,near,,power,t_iut,,0.0537438038090268,,,
adaptive_transfer,2014-2015,near,,power,z_mahalanobis_sq,,0.0727272727272727,0.0,0.8545454545454545,
adaptive_transfer,2014-2015,near,,power,z_mahalanobis_sq,,0.0727272727272727,0.0,0.0363636363636363,
adaptive_transfer,2014-2015,near,,power,z_mahalanobis_sq,,0.0545454545454545,1.0,1.0,
adaptive_transfer,2014-2015,near,,power,z_mahalanobis_sq,,0.0727272727272727,0.0,0.5636363636363637,
adaptive_transfer,2014-2015,near,,power,z_mahalanobis_sq,,0.0727272727272727,0.0,0.7636363636363637,
adaptive_transfer,2014-2015,near,,power,z_mahalanobis_sq,,0.0754716981132075,0.0,0.7106918238993711,
adaptive_transfer,2014-2015,near,,power,z_mahalanobis_sq,,0.0754716981132075,0.0,0.3396226415094339,
adaptive_transfer,2014-2015,near,,power,z_mahalanobis_sq,,0.0754716981132075,0.0,0.5345911949685535,
adaptive_transfer,2014-2015,near,,power,z_mahalanobis_sq,,0.0754716981132075,0.0,0.3333333333333333,
adaptive_transfer,2014-2015,near,,power,z_mahalanobis_sq,,0.0754716981132075,0.0,0.2264150943396226,
adaptive_transfer,2014-2015,near,,power,z_mahalanobis_sq,,0.08,0.0,0.61,
adaptive_transfer,2014-2015,near,,power,z_mahalanobis_sq,,0.06,0.1666666666666666,0.36,
adaptive_transfer,2014-2015,near,,power,z_mahalanobis_sq,,0.06,0.1666666666666666,0.5633333333333334,
adaptive_transfer,2014-2015,near,,power,z_mahalanobis_sq,,0.08,0.0,0.5266666666666666,
adaptive_transfer,2014-2015,near,,power,z_mahalanobis_sq,,0.06,0.1666666666666666,0.3233333333333333,
adaptive_transfer,2014-2015,near,,power,z_mahalanobis_sq,,0.3954351456670996,,,
adaptive_transfer,2014-2015,near,,power,z_mahalanobis_sq,,0.3954351456670996,,,
adaptive_transfer,2014-2015,near,,power,z_mahalanobis_sq,,0.3954351456670996,,,
adaptive_transfer,2014-2015,near,,power,z_mahalanobis_sq,,0.3954351456670996,,,
adaptive_transfer,2014-2015,near,,power,z_mahalanobis_sq,,0.3954351456670996,,,
adaptive_transfer,2014-2015,near,,power,z_mahalanobis_sq,,0.3954351456670996,,,
adaptive_transfer,2014-2015,near,,power,z_mahalanobis_sq,,0.3954351456670996,,,
adaptive_transfer,2014-2015,near,,power,z_mahalanobis_sq,,0.3954351456670996,,,
adaptive_transfer,2014-2015,near,,power,z_mahalanobis_sq,,0.3954351456670996,,,
adaptive_transfer,2014-2015,near,,power,z_mahalanobis_sq,,0.3954351456670996,,,
adaptive_transfer,2014-2015,near,,power,z_mahalanobis_sq,,0.3954351456670996,,,
adaptive_transfer,2014-2015,near,,power,z_mahalanobis_sq,,0.3954351456670996,,,
adaptive_transfer,2014-2015,near,,power,z_mahalanobis_sq,,0.3954351456670996,,,
adaptive_transfer,2014-2015,near,,power,z_mahalanobis_sq,,0.3954351456670996,,,
adaptive_transfer,2014-2015,near,,power,z_mahalanobis_sq,,0.3954351456670996,,,
adaptive_transfer,2014-2015,near,,power,z_plus,,0.0545454545454545,0.0,0.9272727272727272,
adaptive_transfer,2014-2015,near,,power,z_plus,,0.0545454545454545,0.0,0.0545454545454545,
adaptive_transfer,2014-2015,near,,power,z_plus,,0.0545454545454545,0.0,0.9454545454545454,
adaptive_transfer,2014-2015,near,,power,z_plus,,0.0545454545454545,0.0,0.1272727272727273,
adaptive_transfer,2014-2015,near,,power,z_plus,,0.0545454545454545,0.0,0.7454545454545455,
adaptive_transfer,2014-2015,near,,power,z_plus,,0.0566037735849056,0.0,0.7924528301886793,
adaptive_transfer,2014-2015,near,,power,z_plus,,0.0566037735849056,0.0,0.4528301886792453,
adaptive_transfer,2014-2015,near,,power,z_plus,,0.0377358490566037,0.3333333333333333,0.5220125786163522,
adaptive_transfer,2014-2015,near,,power,z_plus,,0.0566037735849056,0.0,0.3836477987421383,
adaptive_transfer,2014-2015,near,,power,z_plus,,0.0566037735849056,0.0,0.1194968553459119,
adaptive_transfer,2014-2015,near,,power,z_plus,,0.04,0.1666666666666666,0.4633333333333333,
adaptive_transfer,2014-2015,near,,power,z_plus,,0.04,0.1666666666666666,0.4566666666666666,
adaptive_transfer,2014-2015,near,,power,z_plus,,0.04,0.1666666666666666,0.5866666666666667,
adaptive_transfer,2014-2015,near,,power,z_plus,,0.06,0.0,0.4333333333333333,
adaptive_transfer,2014-2015,near,,power,z_plus,,0.04,0.1666666666666666,0.42,
adaptive_transfer,2014-2015,near,,power,z_plus,,0.1942777632837638,,,
adaptive_transfer,2014-2015,near,,power,z_plus,,0.1942777632837638,,,
adaptive_transfer,2014-2015,near,,power,z_plus,,0.1942777632837638,,,
adaptive_transfer,2014-2015,near,,power,z_plus,,0.1942777632837638,,,
adaptive_transfer,2014-2015,near,,power,z_plus,,0.1942777632837638,,,
adaptive_transfer,2014-2015,near,,power,z_plus,,0.1942777632837638,,,
adaptive_transfer,2014-2015,near,,power,z_plus,,0.1942777632837638,,,
adaptive_transfer,2014-2015,near,,power,z_plus,,0.1942777632837638,,,
adaptive_transfer,2014-2015,near,,power,z_plus,,0.1942777632837638,,,
adaptive_transfer,2014-2015,near,,power,z_plus,,0.1942777632837638,,,
adaptive_transfer,2014-2015,near,,power,z_plus,,0.1942777632837638,,,
adaptive_transfer,2014-2015,near,,power,z_plus,,0.1942777632837638,,,
adaptive_transfer,2014-2015,near,,power,z_plus,,0.1942777632837638,,,
adaptive_transfer,2014-2015,near,,power,z_plus,,0.1942777632837638,,,
adaptive_transfer,2014-2015,near,,power,z_plus,,0.1942777632837638,,,
adaptive_transfer,2014-2015,near,,power,z_plus_orth,,0.0727272727272727,0.0,0.8181818181818181,
adaptive_transfer,2014-2015,near,,power,z_plus_orth,,0.0727272727272727,0.0,0.0363636363636363,
adaptive_transfer,2014-2015,near,,power,z_plus_orth,,0.0727272727272727,1.0,0.9636363636363636,
adaptive_transfer,2014-2015,near,,power,z_plus_orth,,0.0727272727272727,0.0,0.2545454545454545,
adaptive_transfer,2014-2015,near,,power,z_plus_orth,,0.0727272727272727,0.0,0.6909090909090909,
adaptive_transfer,2014-2015,near,,power,z_plus_orth,,0.0566037735849056,0.6666666666666666,0.8867924528301887,
adaptive_transfer,2014-2015,near,,power,z_plus_orth,,0.0754716981132075,0.0,0.4276729559748427,
adaptive_transfer,2014-2015,near,,power,z_plus_orth,,0.0754716981132075,0.0,0.4591194968553458,
adaptive_transfer,2014-2015,near,,power,z_plus_orth,,0.0566037735849056,0.0,0.3333333333333333,
adaptive_transfer,2014-2015,near,,power,z_plus_orth,,0.0754716981132075,0.0,0.1823899371069182,
adaptive_transfer,2014-2015,near,,power,z_plus_orth,,0.08,0.0,0.4666666666666667,
adaptive_transfer,2014-2015,near,,power,z_plus_orth,,0.08,0.0,0.35,
adaptive_transfer,2014-2015,near,,power,z_plus_orth,,0.08,0.2,0.5880000000000001,
adaptive_transfer,2014-2015,near,,power,z_plus_orth,,0.06,0.1666666666666666,0.5533333333333333,
adaptive_transfer,2014-2015,near,,power,z_plus_orth,,0.08,0.0,0.3366666666666666,
adaptive_transfer,2014-2015,near,,power,z_plus_orth,,0.232004281509232,,,
adaptive_transfer,2014-2015,near,,power,z_plus_orth,,0.232004281509232,,,
adaptive_transfer,2014-2015,near,,power,z_plus_orth,,0.232004281509232,,,
adaptive_transfer,2014-2015,near,,power,z_plus_orth,,0.232004281509232,,,
adaptive_transfer,2014-2015,near,,power,z_plus_orth,,0.232004281509232,,,
adaptive_transfer,2014-2015,near,,power,z_plus_orth,,0.232004281509232,,,
adaptive_transfer,2014-2015,near,,power,z_plus_orth,,0.232004281509232,,,
adaptive_transfer,2014-2015,near,,power,z_plus_orth,,0.232004281509232,,,
adaptive_transfer,2014-2015,near,,power,z_plus_orth,,0.232004281509232,,,
adaptive_transfer,2014-2015,near,,power,z_plus_orth,,0.232004281509232,,,
adaptive_transfer,2014-2015,near,,power,z_plus_orth,,0.232004281509232,,,
adaptive_transfer,2014-2015,near,,power,z_plus_orth,,0.232004281509232,,,
adaptive_transfer,2014-2015,near,,power,z_plus_orth,,0.232004281509232,,,
adaptive_transfer,2014-2015,near,,power,z_plus_orth,,0.232004281509232,,,
adaptive_transfer,2014-2015,near,,power,z_plus_orth,,0.232004281509232,,,
adaptive_transfer,2014-2015,near,,power,z_plus_renorm,,0.0727272727272727,0.0,0.6909090909090909,
adaptive_transfer,2014-2015,near,,power,z_plus_renorm,,0.0727272727272727,0.0,0.0545454545454545,
adaptive_transfer,2014-2015,near,,power,z_plus_renorm,,0.0727272727272727,0.0,0.9090909090909092,
adaptive_transfer,2014-2015,near,,power,z_plus_renorm,,0.0727272727272727,0.0,0.4181818181818182,
adaptive_transfer,2014-2015,near,,power,z_plus_renorm,,0.0727272727272727,0.0,0.7454545454545455,
adaptive_transfer,2014-2015,near,,power,z_plus_renorm,,0.0566037735849056,0.3333333333333333,0.7987421383647799,
adaptive_transfer,2014-2015,near,,power,z_plus_renorm,,0.0754716981132075,0.0,0.3710691823899371,
adaptive_transfer,2014-2015,near,,power,z_plus_renorm,,0.0754716981132075,0.0,0.5974842767295597,
adaptive_transfer,2014-2015,near,,power,z_plus_renorm,,0.0754716981132075,0.0,0.3962264150943396,
adaptive_transfer,2014-2015,near,,power,z_plus_renorm,,0.0754716981132075,0.0,0.2767295597484276,
adaptive_transfer,2014-2015,near,,power,z_plus_renorm,,0.06,0.0,0.5066666666666666,
adaptive_transfer,2014-2015,near,,power,z_plus_renorm,,0.08,0.0,0.37,
adaptive_transfer,2014-2015,near,,power,z_plus_renorm,,0.08,0.0,0.5960000000000001,
adaptive_transfer,2014-2015,near,,power,z_plus_renorm,,0.06,0.1666666666666666,0.5700000000000001,
adaptive_transfer,2014-2015,near,,power,z_plus_renorm,,0.08,0.0,0.4066666666666667,
adaptive_transfer,2014-2015,near,,power,z_plus_renorm,,0.2201409330122201,,,
adaptive_transfer,2014-2015,near,,power,z_plus_renorm,,0.2201409330122201,,,
adaptive_transfer,2014-2015,near,,power,z_plus_renorm,,0.2201409330122201,,,
adaptive_transfer,2014-2015,near,,power,z_plus_renorm,,0.2201409330122201,,,
adaptive_transfer,2014-2015,near,,power,z_plus_renorm,,0.2201409330122201,,,
adaptive_transfer,2014-2015,near,,power,z_plus_renorm,,0.2201409330122201,,,
adaptive_transfer,2014-2015,near,,power,z_plus_renorm,,0.2201409330122201,,,
adaptive_transfer,2014-2015,near,,power,z_plus_renorm,,0.2201409330122201,,,
adaptive_transfer,2014-2015,near,,power,z_plus_renorm,,0.2201409330122201,,,
adaptive_transfer,2014-2015,near,,power,z_plus_renorm,,0.2201409330122201,,,
adaptive_transfer,2014-2015,near,,power,z_plus_renorm,,0.2201409330122201,,,
adaptive_transfer,2014-2015,near,,power,z_plus_renorm,,0.2201409330122201,,,
adaptive_transfer,2014-2015,near,,power,z_plus_renorm,,0.2201409330122201,,,
adaptive_transfer,2014-2015,near,,power,z_plus_renorm,,0.2201409330122201,,,
adaptive_transfer,2014-2015,near,,power,z_plus_renorm,,0.2201409330122201,,,
adaptive_transfer,2014-2015,near,,power,z_plus_softmax,,0.0727272727272727,0.0,0.8545454545454545,
adaptive_transfer,2014-2015,near,,power,z_plus_softmax,,0.0727272727272727,0.0,0.0363636363636363,
adaptive_transfer,2014-2015,near,,power,z_plus_softmax,,0.0727272727272727,1.0,0.9454545454545454,
adaptive_transfer,2014-2015,near,,power,z_plus_softmax,,0.0727272727272727,0.0,0.2727272727272727,
adaptive_transfer,2014-2015,near,,power,z_plus_softmax,,0.0727272727272727,0.0,0.6909090909090909,
adaptive_transfer,2014-2015,near,,power,z_plus_softmax,,0.0566037735849056,0.6666666666666666,0.8867924528301887,
adaptive_transfer,2014-2015,near,,power,z_plus_softmax,,0.0754716981132075,0.0,0.4150943396226415,
adaptive_transfer,2014-2015,near,,power,z_plus_softmax,,0.0754716981132075,0.0,0.4654088050314465,
adaptive_transfer,2014-2015,near,,power,z_plus_softmax,,0.0566037735849056,0.0,0.3333333333333333,
adaptive_transfer,2014-2015,near,,power,z_plus_softmax,,0.0754716981132075,0.0,0.1949685534591194,
adaptive_transfer,2014-2015,near,,power,z_plus_softmax,,0.08,0.0,0.4766666666666667,
adaptive_transfer,2014-2015,near,,power,z_plus_softmax,,0.08,0.0,0.3566666666666666,
adaptive_transfer,2014-2015,near,,power,z_plus_softmax,,0.08,0.2,0.584,
adaptive_transfer,2014-2015,near,,power,z_plus_softmax,,0.06,0.1666666666666666,0.5566666666666666,
adaptive_transfer,2014-2015,near,,power,z_plus_softmax,,0.08,0.0,0.3333333333333333,
adaptive_transfer,2014-2015,near,,power,z_plus_softmax,,0.2245116403532245,,,
adaptive_transfer,2014-2015,near,,power,z_plus_softmax,,0.2245116403532245,,,
adaptive_transfer,2014-2015,near,,power,z_plus_softmax,,0.2245116403532245,,,
adaptive_transfer,2014-2015,near,,power,z_plus_softmax,,0.2245116403532245,,,
adaptive_transfer,2014-2015,near,,power,z_plus_softmax,,0.2245116403532245,,,
adaptive_transfer,2014-2015,near,,power,z_plus_softmax,,0.2245116403532245,,,
adaptive_transfer,2014-2015,near,,power,z_plus_softmax,,0.2245116403532245,,,
adaptive_transfer,2014-2015,near,,power,z_plus_softmax,,0.2245116403532245,,,
adaptive_transfer,2014-2015,near,,power,z_plus_softmax,,0.2245116403532245,,,
adaptive_transfer,2014-2015,near,,power,z_plus_softmax,,0.2245116403532245,,,
adaptive_transfer,2014-2015,near,,power,z_plus_softmax,,0.2245116403532245,,,
adaptive_transfer,2014-2015,near,,power,z_plus_softmax,,0.2245116403532245,,,
adaptive_transfer,2014-2015,near,,power,z_plus_softmax,,0.2245116403532245,,,
adaptive_transfer,2014-2015,near,,power,z_plus_softmax,,0.2245116403532245,,,
adaptive_transfer,2014-2015,near,,power,z_plus_softmax,,0.2245116403532245,,,
adaptive_transfer,2016-2016,,,calibration_diagnostic,,,,,,failed: phase2: only 11 complete z-vectors in C (< 30); Σ̂ not estimable.
adaptive_transfer,2016-2017,,2012.0,annual_fpr,z_mahalanobis_sq,10.0,0.0769230769230769,,,
adaptive_transfer,2016-2017,,2013.0,annual_fpr,z_mahalanobis_sq,11.0,0.0666666666666666,,,
adaptive_transfer,2016-2017,,2014.0,annual_fpr,z_mahalanobis_sq,13.0,0.0454545454545454,,,
adaptive_transfer,2016-2017,,2015.0,annual_fpr,z_mahalanobis_sq,10.0,0.0588235294117647,,,
adaptive_transfer,2016-2017,,2016.0,annual_fpr,z_mahalanobis_sq,10.0,0.0,,,
adaptive_transfer,2016-2017,,2017.0,annual_fpr,z_mahalanobis_sq,12.0,0.0588235294117647,,,
adaptive_transfer,2016-2017,,2018.0,annual_fpr,z_mahalanobis_sq,12.0,0.05,,,
adaptive_transfer,2016-2017,,2019.0,annual_fpr,z_mahalanobis_sq,13.0,0.0909090909090909,,,
adaptive_transfer,2016-2017,,2020.0,annual_fpr,z_mahalanobis_sq,14.0,0.0,,,
adaptive_transfer,2016-2017,,2021.0,annual_fpr,z_mahalanobis_sq,15.0,0.0,,,
adaptive_transfer,2016-2017,,2022.0,annual_fpr,z_mahalanobis_sq,16.0,0.15,,,
adaptive_transfer,2016-2017,,2023.0,annual_fpr,z_mahalanobis_sq,15.0,0.0434782608695652,,,
adaptive_transfer,2016-2017,,2024.0,annual_fpr,z_mahalanobis_sq,13.0,0.0,,,
adaptive_transfer,2016-2017,,2025.0,annual_fpr,z_mahalanobis_sq,12.0,0.0,,,
adaptive_transfer,2016-2017,,,calibration_diagnostic,,,,,,candidate_scored
adaptive_transfer,2016-2017,,,calibration_diagnostic,,,,,,selected
adaptive_transfer,2016-2017,far,,fpr,breadth,121.0,0.024793388429752,,,
adaptive_transfer,2016-2017,far,,fpr,t_iut,121.0,0.0661157024793388,,,
adaptive_transfer,2016-2017,far,,fpr,z_mahalanobis_sq,85.0,0.0330578512396694,,,
adaptive_transfer,2016-2017,far,,fpr,z_plus,121.0,0.1157024793388429,,,
adaptive_transfer,2016-2017,far,,fpr,z_plus_orth,120.0,0.0991735537190082,,,
adaptive_transfer,2016-2017,far,,fpr,z_plus_renorm,120.0,0.1157024793388429,,,
adaptive_transfer,2016-2017,far,,fpr,z_plus_softmax,120.0,0.1239669421487603,,,
adaptive_transfer,2016-2017,iid,,fpr,breadth,13.0,0.0,,,
adaptive_transfer,2016-2017,iid,,fpr,t_iut,13.0,0.0,,,
adaptive_transfer,2016-2017,iid,,fpr,z_mahalanobis_sq,10.0,0.0769230769230769,,,
adaptive_transfer,2016-2017,iid,,fpr,z_plus,13.0,0.0769230769230769,,,
adaptive_transfer,2016-2017,iid,,fpr,z_plus_orth,12.0,0.0769230769230769,,,
adaptive_transfer,2016-2017,iid,,fpr,z_plus_renorm,12.0,0.0769230769230769,,,
adaptive_transfer,2016-2017,iid,,fpr,z_plus_softmax,12.0,0.0769230769230769,,,
adaptive_transfer,2016-2017,near,,fpr,breadth,88.0,0.0113636363636363,,,
adaptive_transfer,2016-2017,near,,fpr,t_iut,88.0,0.034090909090909,,,
adaptive_transfer,2016-2017,near,,fpr,z_mahalanobis_sq,56.0,0.0454545454545454,,,
adaptive_transfer,2016-2017,near,,fpr,z_plus,88.0,0.0568181818181818,,,
adaptive_transfer,2016-2017,near,,fpr,z_plus_orth,86.0,0.0909090909090909,,,
adaptive_transfer,2016-2017,near,,fpr,z_plus_renorm,86.0,0.1363636363636363,,,
adaptive_transfer,2016-2017,near,,fpr,z_plus_softmax,86.0,0.1022727272727272,,,
adaptive_transfer,2016-2017,far,,power,breadth,,0.0357142857142857,0.0,0.6428571428571429,
adaptive_transfer,2016-2017,far,,power,breadth,,0.0357142857142857,0.0,0.3571428571428571,
adaptive_transfer,2016-2017,far,,power,breadth,,0.0357142857142857,0.0,0.8630952380952381,
adaptive_transfer,2016-2017,far,,power,breadth,,0.0357142857142857,0.0,0.6428571428571429,
adaptive_transfer,2016-2017,far,,power,breadth,,0.0357142857142857,0.0,0.6428571428571429,
adaptive_transfer,2016-2017,far,,power,breadth,,0.0246913580246913,0.25,0.4722222222222222,
adaptive_transfer,2016-2017,far,,power,breadth,,0.037037037037037,0.0,0.5570987654320988,
adaptive_transfer,2016-2017,far,,power,breadth,,0.037037037037037,0.0,0.5231481481481481,
adaptive_transfer,2016-2017,far,,power,breadth,,0.037037037037037,0.0,0.4429012345679012,
adaptive_transfer,2016-2017,far,,power,breadth,,0.037037037037037,0.25,0.6080246913580247,
adaptive_transfer,2016-2017,far,,power,breadth,,0.0259740259740259,0.125,0.601461038961039,
adaptive_transfer,2016-2017,far,,power,breadth,,0.0389610389610389,0.0,0.6452922077922078,
adaptive_transfer,2016-2017,far,,power,breadth,,0.0259740259740259,0.125,0.5803571428571429,
adaptive_transfer,2016-2017,far,,power,breadth,,0.0259740259740259,0.125,0.6996753246753247,
adaptive_transfer,2016-2017,far,,power,breadth,,0.0389610389610389,0.0,0.734577922077922,
adaptive_transfer,2016-2017,far,,power,breadth,,0.0045221323593355,,,
adaptive_transfer,2016-2017,far,,power,breadth,,0.0045221323593355,,,
adaptive_transfer,2016-2017,far,,power,breadth,,0.0045221323593355,,,
adaptive_transfer,2016-2017,far,,power,breadth,,0.0045221323593355,,,
adaptive_transfer,2016-2017,far,,power,breadth,,0.0045221323593355,,,
adaptive_transfer,2016-2017,far,,power,breadth,,0.0045221323593355,,,
adaptive_transfer,2016-2017,far,,power,breadth,,0.0045221323593355,,,
adaptive_transfer,2016-2017,far,,power,breadth,,0.0045221323593355,,,
adaptive_transfer,2016-2017,far,,power,breadth,,0.0045221323593355,,,
adaptive_transfer,2016-2017,far,,power,breadth,,0.0045221323593355,,,
adaptive_transfer,2016-2017,far,,power,breadth,,0.0045221323593355,,,
adaptive_transfer,2016-2017,far,,power,breadth,,0.0045221323593355,,,
adaptive_transfer,2016-2017,far,,power,breadth,,0.0045221323593355,,,
adaptive_transfer,2016-2017,far,,power,breadth,,0.0045221323593355,,,
adaptive_transfer,2016-2017,far,,power,breadth,,0.0045221323593355,,,
adaptive_transfer,2016-2017,far,,power,t_iut,,0.0833333333333333,0.0,0.0476190476190476,
adaptive_transfer,2016-2017,far,,power,t_iut,,0.0833333333333333,0.0,0.7857142857142858,
adaptive_transfer,2016-2017,far,,power,t_iut,,0.0833333333333333,0.0,0.0,
adaptive_transfer,2016-2017,far,,power,t_iut,,0.0833333333333333,0.0,0.2857142857142857,
adaptive_transfer,2016-2017,far,,power,t_iut,,0.0833333333333333,0.0,0.25,
adaptive_transfer,2016-2017,far,,power,t_iut,,0.074074074074074,0.25,0.4753086419753086,
adaptive_transfer,2016-2017,far,,power,t_iut,,0.0864197530864197,0.0,0.308641975308642,
adaptive_transfer,2016-2017,far,,power,t_iut,,0.074074074074074,0.25,0.6141975308641976,
adaptive_transfer,2016-2017,far,,power,t_iut,,0.0864197530864197,0.0,0.4444444444444444,
adaptive_transfer,2016-2017,far,,power,t_iut,,0.0617283950617283,0.25,0.7345679012345679,
adaptive_transfer,2016-2017,far,,power,t_iut,,0.0779220779220779,0.125,0.5373376623376623,
adaptive_transfer,2016-2017,far,,power,t_iut,,0.0909090909090909,0.0,0.650974025974026,
adaptive_transfer,2016-2017,far,,power,t_iut,,0.0649350649350649,0.125,0.5357142857142857,
adaptive_transfer,2016-2017,far,,power,t_iut,,0.0649350649350649,0.125,0.663961038961039,
adaptive_transfer,2016-2017,far,,power,t_iut,,0.0779220779220779,0.0,0.323051948051948,
adaptive_transfer,2016-2017,far,,power,t_iut,,0.0537438038090268,,,
adaptive_transfer,2016-2017,far,,power,t_iut,,0.0537438038090268,,,
adaptive_transfer,2016-2017,far,,power,t_iut,,0.0537438038090268,,,
adaptive_transfer,2016-2017,far,,power,t_iut,,0.0537438038090268,,,
adaptive_transfer,2016-2017,far,,power,t_iut,,0.0537438038090268,,,
adaptive_transfer,2016-2017,far,,power,t_iut,,0.0537438038090268,,,
adaptive_transfer,2016-2017,far,,power,t_iut,,0.0537438038090268,,,
adaptive_transfer,2016-2017,far,,power,t_iut,,0.0537438038090268,,,
adaptive_transfer,2016-2017,far,,power,t_iut,,0.0537438038090268,,,
adaptive_transfer,2016-2017,far,,power,t_iut,,0.0537438038090268,,,
adaptive_transfer,2016-2017,far,,power,t_iut,,0.0537438038090268,,,
adaptive_transfer,2016-2017,far,,power,t_iut,,0.0537438038090268,,,
adaptive_transfer,2016-2017,far,,power,t_iut,,0.0537438038090268,,,
adaptive_transfer,2016-2017,far,,power,t_iut,,0.0537438038090268,,,
adaptive_transfer,2016-2017,far,,power,t_iut,,0.0537438038090268,,,
adaptive_transfer,2016-2017,far,,power,z_mahalanobis_sq,,0.0476190476190476,0.0,0.6071428571428572,
adaptive_transfer,2016-2017,far,,power,z_mahalanobis_sq,,0.0476190476190476,0.0,0.119047619047619,
adaptive_transfer,2016-2017,far,,power,z_mahalanobis_sq,,0.0357142857142857,1.0,0.9761904761904762,
adaptive_transfer,2016-2017,far,,power,z_mahalanobis_sq,,0.0476190476190476,0.0,0.7380952380952381,
adaptive_transfer,2016-2017,far,,power,z_mahalanobis_sq,,0.0476190476190476,0.0,0.5,
adaptive_transfer,2016-2017,far,,power,z_mahalanobis_sq,,0.0493827160493827,0.0,0.5802469135802469,
adaptive_transfer,2016-2017,far,,power,z_mahalanobis_sq,,0.037037037037037,0.25,0.7839506172839507,
adaptive_transfer,2016-2017,far,,power,z_mahalanobis_sq,,0.0493827160493827,0.0,0.5987654320987654,
adaptive_transfer,2016-2017,far,,power,z_mahalanobis_sq,,0.0493827160493827,0.0,0.4228395061728395,
adaptive_transfer,2016-2017,far,,power,z_mahalanobis_sq,,0.0493827160493827,0.0,0.3302469135802469,
adaptive_transfer,2016-2017,far,,power,z_mahalanobis_sq,,0.0389610389610389,0.125,0.3766233766233766,
adaptive_transfer,2016-2017,far,,power,z_mahalanobis_sq,,0.0519480519480519,0.0,0.5308441558441559,
adaptive_transfer,2016-2017,far,,power,z_mahalanobis_sq,,0.0389610389610389,0.125,0.5665584415584415,
adaptive_transfer,2016-2017,far,,power,z_mahalanobis_sq,,0.0389610389610389,0.125,0.7305194805194806,
adaptive_transfer,2016-2017,far,,power,z_mahalanobis_sq,,0.0389610389610389,0.25,0.6168831168831169,
adaptive_transfer,2016-2017,far,,power,z_mahalanobis_sq,,0.3954351456670996,,,
adaptive_transfer,2016-2017,far,,power,z_mahalanobis_sq,,0.3954351456670996,,,
adaptive_transfer,2016-2017,far,,power,z_mahalanobis_sq,,0.3954351456670996,,,
adaptive_transfer,2016-2017,far,,power,z_mahalanobis_sq,,0.3954351456670996,,,
adaptive_transfer,2016-2017,far,,power,z_mahalanobis_sq,,0.3954351456670996,,,
adaptive_transfer,2016-2017,far,,power,z_mahalanobis_sq,,0.3954351456670996,,,
adaptive_transfer,2016-2017,far,,power,z_mahalanobis_sq,,0.3954351456670996,,,
adaptive_transfer,2016-2017,far,,power,z_mahalanobis_sq,,0.3954351456670996,,,
adaptive_transfer,2016-2017,far,,power,z_mahalanobis_sq,,0.3954351456670996,,,
adaptive_transfer,2016-2017,far,,power,z_mahalanobis_sq,,0.3954351456670996,,,
adaptive_transfer,2016-2017,far,,power,z_mahalanobis_sq,,0.3954351456670996,,,
adaptive_transfer,2016-2017,far,,power,z_mahalanobis_sq,,0.3954351456670996,,,
adaptive_transfer,2016-2017,far,,power,z_mahalanobis_sq,,0.3954351456670996,,,
adaptive_transfer,2016-2017,far,,power,z_mahalanobis_sq,,0.3954351456670996,,,
adaptive_transfer,2016-2017,far,,power,z_mahalanobis_sq,,0.3954351456670996,,,
adaptive_transfer,2016-2017,far,,power,z_plus,,0.0476190476190476,0.0,0.4761904761904761,
adaptive_transfer,2016-2017,far,,power,z_plus,,0.0476190476190476,0.0,0.2261904761904761,
adaptive_transfer,2016-2017,far,,power,z_plus,,0.0476190476190476,0.0,0.9047619047619048,
adaptive_transfer,2016-2017,far,,power,z_plus,,0.0476190476190476,0.0,0.6309523809523809,
adaptive_transfer,2016-2017,far,,power,z_plus,,0.0476190476190476,0.0,0.5,
adaptive_transfer,2016-2017,far,,power,z_plus,,0.0493827160493827,0.0,0.5061728395061729,
adaptive_transfer,2016-2017,far,,power,z_plus,,0.0493827160493827,0.5,0.6975308641975309,
adaptive_transfer,2016-2017,far,,power,z_plus,,0.037037037037037,0.25,0.654320987654321,
adaptive_transfer,2016-2017,far,,power,z_plus,,0.0493827160493827,0.0,0.4074074074074074,
adaptive_transfer,2016-2017,far,,power,z_plus,,0.0493827160493827,0.0,0.4753086419753086,
adaptive_transfer,2016-2017,far,,power,z_plus,,0.0389610389610389,0.125,0.4415584415584416,
adaptive_transfer,2016-2017,far,,power,z_plus,,0.0389610389610389,0.125,0.6444805194805194,
adaptive_transfer,2016-2017,far,,power,z_plus,,0.0519480519480519,0.125,0.6038961038961039,
adaptive_transfer,2016-2017,far,,power,z_plus,,0.0259740259740259,0.25,0.7451298701298702,
adaptive_transfer,2016-2017,far,,power,z_plus,,0.0519480519480519,0.125,0.5811688311688312,
adaptive_transfer,2016-2017,far,,power,z_plus,,0.1942777632837638,,,
adaptive_transfer,2016-2017,far,,power,z_plus,,0.1942777632837638,,,
adaptive_transfer,2016-2017,far,,power,z_plus,,0.1942777632837638,,,
adaptive_transfer,2016-2017,far,,power,z_plus,,0.1942777632837638,,,
adaptive_transfer,2016-2017,far,,power,z_plus,,0.1942777632837638,,,
adaptive_transfer,2016-2017,far,,power,z_plus,,0.1942777632837638,,,
adaptive_transfer,2016-2017,far,,power,z_plus,,0.1942777632837638,,,
adaptive_transfer,2016-2017,far,,power,z_plus,,0.1942777632837638,,,
adaptive_transfer,2016-2017,far,,power,z_plus,,0.1942777632837638,,,
adaptive_transfer,2016-2017,far,,power,z_plus,,0.1942777632837638,,,
adaptive_transfer,2016-2017,far,,power,z_plus,,0.1942777632837638,,,
adaptive_transfer,2016-2017,far,,power,z_plus,,0.1942777632837638,,,
adaptive_transfer,2016-2017,far,,power,z_plus,,0.1942777632837638,,,
adaptive_transfer,2016-2017,far,,power,z_plus,,0.1942777632837638,,,
adaptive_transfer,2016-2017,far,,power,z_plus,,0.1942777632837638,,,
adaptive_transfer,2016-2017,far,,power,z_plus_orth,,0.0357142857142857,0.0,0.4166666666666666,
adaptive_transfer,2016-2017,far,,power,z_plus_orth,,0.0357142857142857,0.0,0.2738095238095238,
adaptive_transfer,2016-2017,far,,power,z_plus_orth,,0.0357142857142857,1.0,1.0,
adaptive_transfer,2016-2017,far,,power,z_plus_orth,,0.0357142857142857,0.0,0.5,
adaptive_transfer,2016-2017,far,,power,z_plus_orth,,0.0357142857142857,0.0,0.3809523809523809,
adaptive_transfer,2016-2017,far,,power,z_plus_orth,,0.037037037037037,0.0,0.5493827160493827,
adaptive_transfer,2016-2017,far,,power,z_plus_orth,,0.037037037037037,0.5,0.7438271604938272,
adaptive_transfer,2016-2017,far,,power,z_plus_orth,,0.0246913580246913,0.25,0.5864197530864198,
adaptive_transfer,2016-2017,far,,power,z_plus_orth,,0.037037037037037,0.0,0.4475308641975308,
adaptive_transfer,2016-2017,far,,power,z_plus_orth,,0.037037037037037,0.0,0.4691358024691358,
adaptive_transfer,2016-2017,far,,power,z_plus_orth,,0.0389610389610389,0.0,0.387987012987013,
adaptive_transfer,2016-2017,far,,power,z_plus_orth,,0.0389610389610389,0.25,0.6217532467532467,
adaptive_transfer,2016-2017,far,,power,z_plus_orth,,0.0389610389610389,0.25,0.6103896103896104,
adaptive_transfer,2016-2017,far,,power,z_plus_orth,,0.0389610389610389,0.25,0.7061688311688311,
adaptive_transfer,2016-2017,far,,power,z_plus_orth,,0.0389610389610389,0.125,0.5762987012987013,
adaptive_transfer,2016-2017,far,,power,z_plus_orth,,0.232004281509232,,,
adaptive_transfer,2016-2017,far,,power,z_plus_orth,,0.232004281509232,,,
adaptive_transfer,2016-2017,far,,power,z_plus_orth,,0.232004281509232,,,
adaptive_transfer,2016-2017,far,,power,z_plus_orth,,0.232004281509232,,,
adaptive_transfer,2016-2017,far,,power,z_plus_orth,,0.232004281509232,,,
adaptive_transfer,2016-2017,far,,power,z_plus_orth,,0.232004281509232,,,
adaptive_transfer,2016-2017,far,,power,z_plus_orth,,0.232004281509232,,,
adaptive_transfer,2016-2017,far,,power,z_plus_orth,,0.232004281509232,,,
adaptive_transfer,2016-2017,far,,power,z_plus_orth,,0.232004281509232,,,
adaptive_transfer,2016-2017,far,,power,z_plus_orth,,0.232004281509232,,,
adaptive_transfer,2016-2017,far,,power,z_plus_orth,,0.232004281509232,,,
adaptive_transfer,2016-2017,far,,power,z_plus_orth,,0.232004281509232,,,
adaptive_transfer,2016-2017,far,,power,z_plus_orth,,0.232004281509232,,,
adaptive_transfer,2016-2017,far,,power,z_plus_orth,,0.232004281509232,,,
adaptive_transfer,2016-2017,far,,power,z_plus_orth,,0.232004281509232,,,
adaptive_transfer,2016-2017,far,,power,z_plus_renorm,,0.0357142857142857,0.0,0.3571428571428571,
adaptive_transfer,2016-2017,far,,power,z_plus_renorm,,0.0357142857142857,0.0,0.25,
adaptive_transfer,2016-2017,far,,power,z_plus_renorm,,0.0357142857142857,0.0,0.8452380952380952,
adaptive_transfer,2016-2017,far,,power,z_plus_renorm,,0.0357142857142857,0.0,0.5357142857142857,
adaptive_transfer,2016-2017,far,,power,z_plus_renorm,,0.0357142857142857,0.0,0.369047619047619,
adaptive_transfer,2016-2017,far,,power,z_plus_renorm,,0.037037037037037,0.0,0.5030864197530864,
adaptive_transfer,2016-2017,far,,power,z_plus_renorm,,0.037037037037037,0.0,0.7345679012345679,
adaptive_transfer,2016-2017,far,,power,z_plus_renorm,,0.037037037037037,0.25,0.6697530864197531,
adaptive_transfer,2016-2017,far,,power,z_plus_renorm,,0.037037037037037,0.0,0.4166666666666667,
adaptive_transfer,2016-2017,far,,power,z_plus_renorm,,0.037037037037037,0.0,0.3888888888888889,
adaptive_transfer,2016-2017,far,,power,z_plus_renorm,,0.0389610389610389,0.0,0.3668831168831169,
adaptive_transfer,2016-2017,far,,power,z_plus_renorm,,0.0389610389610389,0.0,0.5698051948051948,
adaptive_transfer,2016-2017,far,,power,z_plus_renorm,,0.0389610389610389,0.0,0.5827922077922078,
adaptive_transfer,2016-2017,far,,power,z_plus_renorm,,0.0259740259740259,0.125,0.6672077922077921,
adaptive_transfer,2016-2017,far,,power,z_plus_renorm,,0.0389610389610389,0.0,0.5064935064935066,
adaptive_transfer,2016-2017,far,,power,z_plus_renorm,,0.2201409330122201,,,
adaptive_transfer,2016-2017,far,,power,z_plus_renorm,,0.2201409330122201,,,
adaptive_transfer,2016-2017,far,,power,z_plus_renorm,,0.2201409330122201,,,
adaptive_transfer,2016-2017,far,,power,z_plus_renorm,,0.2201409330122201,,,
adaptive_transfer,2016-2017,far,,power,z_plus_renorm,,0.2201409330122201,,,
adaptive_transfer,2016-2017,far,,power,z_plus_renorm,,0.2201409330122201,,,
adaptive_transfer,2016-2017,far,,power,z_plus_renorm,,0.2201409330122201,,,
adaptive_transfer,2016-2017,far,,power,z_plus_renorm,,0.2201409330122201,,,
adaptive_transfer,2016-2017,far,,power,z_plus_renorm,,0.2201409330122201,,,
adaptive_transfer,2016-2017,far,,power,z_plus_renorm,,0.2201409330122201,,,
adaptive_transfer,2016-2017,far,,power,z_plus_renorm,,0.2201409330122201,,,
adaptive_transfer,2016-2017,far,,power,z_plus_renorm,,0.2201409330122201,,,
adaptive_transfer,2016-2017,far,,power,z_plus_renorm,,0.2201409330122201,,,
adaptive_transfer,2016-2017,far,,power,z_plus_renorm,,0.2201409330122201,,,
adaptive_transfer,2016-2017,far,,power,z_plus_renorm,,0.2201409330122201,,,
adaptive_transfer,2016-2017,far,,power,z_plus_softmax,,0.0595238095238095,0.0,0.369047619047619,
adaptive_transfer,2016-2017,far,,power,z_plus_softmax,,0.0595238095238095,0.0,0.3095238095238095,
adaptive_transfer,2016-2017,far,,power,z_plus_softmax,,0.0595238095238095,1.0,1.0,
adaptive_transfer,2016-2017,far,,power,z_plus_softmax,,0.0595238095238095,0.0,0.5357142857142857,
adaptive_transfer,2016-2017,far,,power,z_plus_softmax,,0.0595238095238095,0.0,0.4404761904761904,
adaptive_transfer,2016-2017,far,,power,z_plus_softmax,,0.0617283950617283,0.0,0.5216049382716049,
adaptive_transfer,2016-2017,far,,power,z_plus_softmax,,0.0617283950617283,0.25,0.7469135802469137,
adaptive_transfer,2016-2017,far,,power,z_plus_softmax,,0.0493827160493827,0.25,0.6018518518518517,
adaptive_transfer,2016-2017,far,,power,z_plus_softmax,,0.0617283950617283,0.0,0.4444444444444445,
adaptive_transfer,2016-2017,far,,power,z_plus_softmax,,0.0617283950617283,0.0,0.4814814814814815,
adaptive_transfer,2016-2017,far,,power,z_plus_softmax,,0.0519480519480519,0.0,0.3912337662337662,
adaptive_transfer,2016-2017,far,,power,z_plus_softmax,,0.0649350649350649,0.25,0.6185064935064934,
adaptive_transfer,2016-2017,far,,power,z_plus_softmax,,0.0519480519480519,0.25,0.6136363636363636,
adaptive_transfer,2016-2017,far,,power,z_plus_softmax,,0.0519480519480519,0.125,0.7012987012987013,
adaptive_transfer,2016-2017,far,,power,z_plus_softmax,,0.0649350649350649,0.125,0.564935064935065,
adaptive_transfer,2016-2017,far,,power,z_plus_softmax,,0.2245116403532245,,,
adaptive_transfer,2016-2017,far,,power,z_plus_softmax,,0.2245116403532245,,,
adaptive_transfer,2016-2017,far,,power,z_plus_softmax,,0.2245116403532245,,,
adaptive_transfer,2016-2017,far,,power,z_plus_softmax,,0.2245116403532245,,,
adaptive_transfer,2016-2017,far,,power,z_plus_softmax,,0.2245116403532245,,,
adaptive_transfer,2016-2017,far,,power,z_plus_softmax,,0.2245116403532245,,,
adaptive_transfer,2016-2017,far,,power,z_plus_softmax,,0.2245116403532245,,,
adaptive_transfer,2016-2017,far,,power,z_plus_softmax,,0.2245116403532245,,,
adaptive_transfer,2016-2017,far,,power,z_plus_softmax,,0.2245116403532245,,,
adaptive_transfer,2016-2017,far,,power,z_plus_softmax,,0.2245116403532245,,,
adaptive_transfer,2016-2017,far,,power,z_plus_softmax,,0.2245116403532245,,,
adaptive_transfer,2016-2017,far,,power,z_plus_softmax,,0.2245116403532245,,,
adaptive_transfer,2016-2017,far,,power,z_plus_softmax,,0.2245116403532245,,,
adaptive_transfer,2016-2017,far,,power,z_plus_softmax,,0.2245116403532245,,,
adaptive_transfer,2016-2017,far,,power,z_plus_softmax,,0.2245116403532245,,,
adaptive_transfer,2016-2017,near,,power,breadth,,0.0181818181818181,0.0,0.9545454545454546,
adaptive_transfer,2016-2017,near,,power,breadth,,0.0181818181818181,0.0,0.1454545454545454,
adaptive_transfer,2016-2017,near,,power,breadth,,0.0181818181818181,0.0,0.5909090909090909,
adaptive_transfer,2016-2017,near,,power,breadth,,0.0181818181818181,0.0,0.1363636363636363,
adaptive_transfer,2016-2017,near,,power,breadth,,0.0181818181818181,0.0,0.5909090909090909,
adaptive_transfer,2016-2017,near,,power,breadth,,0.0188679245283018,0.0,0.5628930817610063,
adaptive_transfer,2016-2017,near,,power,breadth,,0.0188679245283018,0.0,0.5974842767295597,
adaptive_transfer,2016-2017,near,,power,breadth,,0.0188679245283018,0.0,0.4842767295597484,
adaptive_transfer,2016-2017,near,,power,breadth,,0.0188679245283018,0.0,0.5031446540880503,
adaptive_transfer,2016-2017,near,,power,breadth,,0.0188679245283018,0.0,0.2358490566037735,
adaptive_transfer,2016-2017,near,,power,breadth,,0.02,0.0,0.4983333333333333,
adaptive_transfer,2016-2017,near,,power,breadth,,0.02,0.0,0.7,
adaptive_transfer,2016-2017,near,,power,breadth,,0.02,0.0,0.6183333333333334,
adaptive_transfer,2016-2017,near,,power,breadth,,0.02,0.0,0.3066666666666666,
adaptive_transfer,2016-2017,near,,power,breadth,,0.02,0.0,0.4716666666666667,
adaptive_transfer,2016-2017,near,,power,breadth,,0.0045221323593355,,,
adaptive_transfer,2016-2017,near,,power,breadth,,0.0045221323593355,,,
adaptive_transfer,2016-2017,near,,power,breadth,,0.0045221323593355,,,
adaptive_transfer,2016-2017,near,,power,breadth,,0.0045221323593355,,,
adaptive_transfer,2016-2017,near,,power,breadth,,0.0045221323593355,,,
adaptive_transfer,2016-2017,near,,power,breadth,,0.0045221323593355,,,
adaptive_transfer,2016-2017,near,,power,breadth,,0.0045221323593355,,,
adaptive_transfer,2016-2017,near,,power,breadth,,0.0045221323593355,,,
adaptive_transfer,2016-2017,near,,power,breadth,,0.0045221323593355,,,
adaptive_transfer,2016-2017,near,,power,breadth,,0.0045221323593355,,,
adaptive_transfer,2016-2017,near,,power,breadth,,0.0045221323593355,,,
adaptive_transfer,2016-2017,near,,power,breadth,,0.0045221323593355,,,
adaptive_transfer,2016-2017,near,,power,breadth,,0.0045221323593355,,,
adaptive_transfer,2016-2017,near,,power,breadth,,0.0045221323593355,,,
adaptive_transfer,2016-2017,near,,power,breadth,,0.0045221323593355,,,
adaptive_transfer,2016-2017,near,,power,t_iut,,0.0181818181818181,0.0,0.1272727272727273,
adaptive_transfer,2016-2017,near,,power,t_iut,,0.0181818181818181,0.0,0.2363636363636363,
adaptive_transfer,2016-2017,near,,power,t_iut,,0.0181818181818181,0.0,0.4,
adaptive_transfer,2016-2017,near,,power,t_iut,,0.0181818181818181,0.0,0.0363636363636363,
adaptive_transfer,2016-2017,near,,power,t_iut,,0.0181818181818181,0.0,0.0181818181818181,
adaptive_transfer,2016-2017,near,,power,t_iut,,0.0188679245283018,0.0,0.830188679245283,
adaptive_transfer,2016-2017,near,,power,t_iut,,0.0188679245283018,0.0,0.4716981132075471,
adaptive_transfer,2016-2017,near,,power,t_iut,,0.0188679245283018,0.3333333333333333,0.559748427672956,
adaptive_transfer,2016-2017,near,,power,t_iut,,0.0188679245283018,0.0,0.6981132075471698,
adaptive_transfer,2016-2017,near,,power,t_iut,,0.0188679245283018,0.0,0.5471698113207547,
adaptive_transfer,2016-2017,near,,power,t_iut,,0.02,0.0,0.3766666666666666,
adaptive_transfer,2016-2017,near,,power,t_iut,,0.02,0.0,0.6033333333333334,
adaptive_transfer,2016-2017,near,,power,t_iut,,0.02,0.0,0.3533333333333333,
adaptive_transfer,2016-2017,near,,power,t_iut,,0.02,0.0,0.4766666666666667,
adaptive_transfer,2016-2017,near,,power,t_iut,,0.02,0.1666666666666666,0.47,
adaptive_transfer,2016-2017,near,,power,t_iut,,0.0537438038090268,,,
adaptive_transfer,2016-2017,near,,power,t_iut,,0.0537438038090268,,,
adaptive_transfer,2016-2017,near,,power,t_iut,,0.0537438038090268,,,
adaptive_transfer,2016-2017,near,,power,t_iut,,0.0537438038090268,,,
adaptive_transfer,2016-2017,near,,power,t_iut,,0.0537438038090268,,,
adaptive_transfer,2016-2017,near,,power,t_iut,,0.0537438038090268,,,
adaptive_transfer,2016-2017,near,,power,t_iut,,0.0537438038090268,,,
adaptive_transfer,2016-2017,near,,power,t_iut,,0.0537438038090268,,,
adaptive_transfer,2016-2017,near,,power,t_iut,,0.0537438038090268,,,
adaptive_transfer,2016-2017,near,,power,t_iut,,0.0537438038090268,,,
adaptive_transfer,2016-2017,near,,power,t_iut,,0.0537438038090268,,,
adaptive_transfer,2016-2017,near,,power,t_iut,,0.0537438038090268,,,
adaptive_transfer,2016-2017,near,,power,t_iut,,0.0537438038090268,,,
adaptive_transfer,2016-2017,near,,power,t_iut,,0.0537438038090268,,,
adaptive_transfer,2016-2017,near,,power,t_iut,,0.0537438038090268,,,
adaptive_transfer,2016-2017,near,,power,z_mahalanobis_sq,,0.0727272727272727,0.0,0.8545454545454545,
adaptive_transfer,2016-2017,near,,power,z_mahalanobis_sq,,0.0727272727272727,0.0,0.0363636363636363,
adaptive_transfer,2016-2017,near,,power,z_mahalanobis_sq,,0.0545454545454545,1.0,1.0,
adaptive_transfer,2016-2017,near,,power,z_mahalanobis_sq,,0.0727272727272727,0.0,0.5636363636363637,
adaptive_transfer,2016-2017,near,,power,z_mahalanobis_sq,,0.0727272727272727,0.0,0.7636363636363637,
adaptive_transfer,2016-2017,near,,power,z_mahalanobis_sq,,0.0754716981132075,0.0,0.7106918238993711,
adaptive_transfer,2016-2017,near,,power,z_mahalanobis_sq,,0.0754716981132075,0.0,0.3396226415094339,
adaptive_transfer,2016-2017,near,,power,z_mahalanobis_sq,,0.0754716981132075,0.0,0.5345911949685535,
adaptive_transfer,2016-2017,near,,power,z_mahalanobis_sq,,0.0754716981132075,0.0,0.3333333333333333,
adaptive_transfer,2016-2017,near,,power,z_mahalanobis_sq,,0.0754716981132075,0.0,0.2264150943396226,
adaptive_transfer,2016-2017,near,,power,z_mahalanobis_sq,,0.08,0.0,0.61,
adaptive_transfer,2016-2017,near,,power,z_mahalanobis_sq,,0.06,0.1666666666666666,0.36,
adaptive_transfer,2016-2017,near,,power,z_mahalanobis_sq,,0.06,0.1666666666666666,0.5633333333333334,
adaptive_transfer,2016-2017,near,,power,z_mahalanobis_sq,,0.08,0.0,0.5266666666666666,
adaptive_transfer,2016-2017,near,,power,z_mahalanobis_sq,,0.06,0.1666666666666666,0.3233333333333333,
adaptive_transfer,2016-2017,near,,power,z_mahalanobis_sq,,0.3954351456670996,,,
adaptive_transfer,2016-2017,near,,power,z_mahalanobis_sq,,0.3954351456670996,,,
adaptive_transfer,2016-2017,near,,power,z_mahalanobis_sq,,0.3954351456670996,,,
adaptive_transfer,2016-2017,near,,power,z_mahalanobis_sq,,0.3954351456670996,,,
adaptive_transfer,2016-2017,near,,power,z_mahalanobis_sq,,0.3954351456670996,,,
adaptive_transfer,2016-2017,near,,power,z_mahalanobis_sq,,0.3954351456670996,,,
adaptive_transfer,2016-2017,near,,power,z_mahalanobis_sq,,0.3954351456670996,,,
adaptive_transfer,2016-2017,near,,power,z_mahalanobis_sq,,0.3954351456670996,,,
adaptive_transfer,2016-2017,near,,power,z_mahalanobis_sq,,0.3954351456670996,,,
adaptive_transfer,2016-2017,near,,power,z_mahalanobis_sq,,0.3954351456670996,,,
adaptive_transfer,2016-2017,near,,power,z_mahalanobis_sq,,0.3954351456670996,,,
adaptive_transfer,2016-2017,near,,power,z_mahalanobis_sq,,0.3954351456670996,,,
adaptive_transfer,2016-2017,near,,power,z_mahalanobis_sq,,0.3954351456670996,,,
adaptive_transfer,2016-2017,near,,power,z_mahalanobis_sq,,0.3954351456670996,,,
adaptive_transfer,2016-2017,near,,power,z_mahalanobis_sq,,0.3954351456670996,,,
adaptive_transfer,2016-2017,near,,power,z_plus,,0.0545454545454545,0.0,0.9272727272727272,
adaptive_transfer,2016-2017,near,,power,z_plus,,0.0545454545454545,0.0,0.0545454545454545,
adaptive_transfer,2016-2017,near,,power,z_plus,,0.0545454545454545,0.0,0.9454545454545454,
adaptive_transfer,2016-2017,near,,power,z_plus,,0.0545454545454545,0.0,0.1272727272727273,
adaptive_transfer,2016-2017,near,,power,z_plus,,0.0545454545454545,0.0,0.7454545454545455,
adaptive_transfer,2016-2017,near,,power,z_plus,,0.0566037735849056,0.0,0.7924528301886793,
adaptive_transfer,2016-2017,near,,power,z_plus,,0.0566037735849056,0.0,0.4528301886792453,
adaptive_transfer,2016-2017,near,,power,z_plus,,0.0377358490566037,0.3333333333333333,0.5220125786163522,
adaptive_transfer,2016-2017,near,,power,z_plus,,0.0566037735849056,0.0,0.3836477987421383,
adaptive_transfer,2016-2017,near,,power,z_plus,,0.0566037735849056,0.0,0.1194968553459119,
adaptive_transfer,2016-2017,near,,power,z_plus,,0.04,0.1666666666666666,0.4633333333333333,
adaptive_transfer,2016-2017,near,,power,z_plus,,0.04,0.1666666666666666,0.4566666666666666,
adaptive_transfer,2016-2017,near,,power,z_plus,,0.04,0.1666666666666666,0.5866666666666667,
adaptive_transfer,2016-2017,near,,power,z_plus,,0.06,0.0,0.4333333333333333,
adaptive_transfer,2016-2017,near,,power,z_plus,,0.04,0.1666666666666666,0.42,
adaptive_transfer,2016-2017,near,,power,z_plus,,0.1942777632837638,,,
adaptive_transfer,2016-2017,near,,power,z_plus,,0.1942777632837638,,,
adaptive_transfer,2016-2017,near,,power,z_plus,,0.1942777632837638,,,
adaptive_transfer,2016-2017,near,,power,z_plus,,0.1942777632837638,,,
adaptive_transfer,2016-2017,near,,power,z_plus,,0.1942777632837638,,,
adaptive_transfer,2016-2017,near,,power,z_plus,,0.1942777632837638,,,
adaptive_transfer,2016-2017,near,,power,z_plus,,0.1942777632837638,,,
adaptive_transfer,2016-2017,near,,power,z_plus,,0.1942777632837638,,,
adaptive_transfer,2016-2017,near,,power,z_plus,,0.1942777632837638,,,
adaptive_transfer,2016-2017,near,,power,z_plus,,0.1942777632837638,,,
adaptive_transfer,2016-2017,near,,power,z_plus,,0.1942777632837638,,,
adaptive_transfer,2016-2017,near,,power,z_plus,,0.1942777632837638,,,
adaptive_transfer,2016-2017,near,,power,z_plus,,0.1942777632837638,,,
adaptive_transfer,2016-2017,near,,power,z_plus,,0.1942777632837638,,,
adaptive_transfer,2016-2017,near,,power,z_plus,,0.1942777632837638,,,
adaptive_transfer,2016-2017,near,,power,z_plus_orth,,0.0727272727272727,0.0,0.8181818181818181,
adaptive_transfer,2016-2017,near,,power,z_plus_orth,,0.0727272727272727,0.0,0.0363636363636363,
adaptive_transfer,2016-2017,near,,power,z_plus_orth,,0.0727272727272727,1.0,0.9636363636363636,
adaptive_transfer,2016-2017,near,,power,z_plus_orth,,0.0727272727272727,0.0,0.2545454545454545,
adaptive_transfer,2016-2017,near,,power,z_plus_orth,,0.0727272727272727,0.0,0.6909090909090909,
adaptive_transfer,2016-2017,near,,power,z_plus_orth,,0.0566037735849056,0.6666666666666666,0.8867924528301887,
adaptive_transfer,2016-2017,near,,power,z_plus_orth,,0.0754716981132075,0.0,0.4276729559748427,
adaptive_transfer,2016-2017,near,,power,z_plus_orth,,0.0754716981132075,0.0,0.4591194968553458,
adaptive_transfer,2016-2017,near,,power,z_plus_orth,,0.0566037735849056,0.0,0.3333333333333333,
adaptive_transfer,2016-2017,near,,power,z_plus_orth,,0.0754716981132075,0.0,0.1823899371069182,
adaptive_transfer,2016-2017,near,,power,z_plus_orth,,0.08,0.0,0.4666666666666667,
adaptive_transfer,2016-2017,near,,power,z_plus_orth,,0.08,0.0,0.35,
adaptive_transfer,2016-2017,near,,power,z_plus_orth,,0.08,0.2,0.5880000000000001,
adaptive_transfer,2016-2017,near,,power,z_plus_orth,,0.06,0.1666666666666666,0.5533333333333333,
adaptive_transfer,2016-2017,near,,power,z_plus_orth,,0.08,0.0,0.3366666666666666,
adaptive_transfer,2016-2017,near,,power,z_plus_orth,,0.232004281509232,,,
adaptive_transfer,2016-2017,near,,power,z_plus_orth,,0.232004281509232,,,
adaptive_transfer,2016-2017,near,,power,z_plus_orth,,0.232004281509232,,,
adaptive_transfer,2016-2017,near,,power,z_plus_orth,,0.232004281509232,,,
adaptive_transfer,2016-2017,near,,power,z_plus_orth,,0.232004281509232,,,
adaptive_transfer,2016-2017,near,,power,z_plus_orth,,0.232004281509232,,,
adaptive_transfer,2016-2017,near,,power,z_plus_orth,,0.232004281509232,,,
adaptive_transfer,2016-2017,near,,power,z_plus_orth,,0.232004281509232,,,
adaptive_transfer,2016-2017,near,,power,z_plus_orth,,0.232004281509232,,,
adaptive_transfer,2016-2017,near,,power,z_plus_orth,,0.232004281509232,,,
adaptive_transfer,2016-2017,near,,power,z_plus_orth,,0.232004281509232,,,
adaptive_transfer,2016-2017,near,,power,z_plus_orth,,0.232004281509232,,,
adaptive_transfer,2016-2017,near,,power,z_plus_orth,,0.232004281509232,,,
adaptive_transfer,2016-2017,near,,power,z_plus_orth,,0.232004281509232,,,
adaptive_transfer,2016-2017,near,,power,z_plus_orth,,0.232004281509232,,,
adaptive_transfer,2016-2017,near,,power,z_plus_renorm,,0.0727272727272727,0.0,0.6909090909090909,
adaptive_transfer,2016-2017,near,,power,z_plus_renorm,,0.0727272727272727,0.0,0.0545454545454545,
adaptive_transfer,2016-2017,near,,power,z_plus_renorm,,0.0727272727272727,0.0,0.9090909090909092,
adaptive_transfer,2016-2017,near,,power,z_plus_renorm,,0.0727272727272727,0.0,0.4181818181818182,
adaptive_transfer,2016-2017,near,,power,z_plus_renorm,,0.0727272727272727,0.0,0.7454545454545455,
adaptive_transfer,2016-2017,near,,power,z_plus_renorm,,0.0566037735849056,0.3333333333333333,0.7987421383647799,
adaptive_transfer,2016-2017,near,,power,z_plus_renorm,,0.0754716981132075,0.0,0.3710691823899371,
adaptive_transfer,2016-2017,near,,power,z_plus_renorm,,0.0754716981132075,0.0,0.5974842767295597,
adaptive_transfer,2016-2017,near,,power,z_plus_renorm,,0.0754716981132075,0.0,0.3962264150943396,
adaptive_transfer,2016-2017,near,,power,z_plus_renorm,,0.0754716981132075,0.0,0.2767295597484276,
adaptive_transfer,2016-2017,near,,power,z_plus_renorm,,0.06,0.0,0.5066666666666666,
adaptive_transfer,2016-2017,near,,power,z_plus_renorm,,0.08,0.0,0.37,
adaptive_transfer,2016-2017,near,,power,z_plus_renorm,,0.08,0.0,0.5960000000000001,
adaptive_transfer,2016-2017,near,,power,z_plus_renorm,,0.06,0.1666666666666666,0.5700000000000001,
adaptive_transfer,2016-2017,near,,power,z_plus_renorm,,0.08,0.0,0.4066666666666667,
adaptive_transfer,2016-2017,near,,power,z_plus_renorm,,0.2201409330122201,,,
adaptive_transfer,2016-2017,near,,power,z_plus_renorm,,0.2201409330122201,,,
adaptive_transfer,2016-2017,near,,power,z_plus_renorm,,0.2201409330122201,,,
adaptive_transfer,2016-2017,near,,power,z_plus_renorm,,0.2201409330122201,,,
adaptive_transfer,2016-2017,near,,power,z_plus_renorm,,0.2201409330122201,,,
adaptive_transfer,2016-2017,near,,power,z_plus_renorm,,0.2201409330122201,,,
adaptive_transfer,2016-2017,near,,power,z_plus_renorm,,0.2201409330122201,,,
adaptive_transfer,2016-2017,near,,power,z_plus_renorm,,0.2201409330122201,,,
adaptive_transfer,2016-2017,near,,power,z_plus_renorm,,0.2201409330122201,,,
adaptive_transfer,2016-2017,near,,power,z_plus_renorm,,0.2201409330122201,,,
adaptive_transfer,2016-2017,near,,power,z_plus_renorm,,0.2201409330122201,,,
adaptive_transfer,2016-2017,near,,power,z_plus_renorm,,0.2201409330122201,,,
adaptive_transfer,2016-2017,near,,power,z_plus_renorm,,0.2201409330122201,,,
adaptive_transfer,2016-2017,near,,power,z_plus_renorm,,0.2201409330122201,,,
adaptive_transfer,2016-2017,near,,power,z_plus_renorm,,0.2201409330122201,,,
adaptive_transfer,2016-2017,near,,power,z_plus_softmax,,0.0727272727272727,0.0,0.8545454545454545,
adaptive_transfer,2016-2017,near,,power,z_plus_softmax,,0.0727272727272727,0.0,0.0363636363636363,
adaptive_transfer,2016-2017,near,,power,z_plus_softmax,,0.0727272727272727,1.0,0.9454545454545454,
adaptive_transfer,2016-2017,near,,power,z_plus_softmax,,0.0727272727272727,0.0,0.2727272727272727,
adaptive_transfer,2016-2017,near,,power,z_plus_softmax,,0.0727272727272727,0.0,0.6909090909090909,
adaptive_transfer,2016-2017,near,,power,z_plus_softmax,,0.0566037735849056,0.6666666666666666,0.8867924528301887,
adaptive_transfer,2016-2017,near,,power,z_plus_softmax,,0.0754716981132075,0.0,0.4150943396226415,
adaptive_transfer,2016-2017,near,,power,z_plus_softmax,,0.0754716981132075,0.0,0.4654088050314465,
adaptive_transfer,2016-2017,near,,power,z_plus_softmax,,0.0566037735849056,0.0,0.3333333333333333,
adaptive_transfer,2016-2017,near,,power,z_plus_softmax,,0.0754716981132075,0.0,0.1949685534591194,
adaptive_transfer,2016-2017,near,,power,z_plus_softmax,,0.08,0.0,0.4766666666666667,
adaptive_transfer,2016-2017,near,,power,z_plus_softmax,,0.08,0.0,0.3566666666666666,
adaptive_transfer,2016-2017,near,,power,z_plus_softmax,,0.08,0.2,0.584,
adaptive_transfer,2016-2017,near,,power,z_plus_softmax,,0.06,0.1666666666666666,0.5566666666666666,
adaptive_transfer,2016-2017,near,,power,z_plus_softmax,,0.08,0.0,0.3333333333333333,
adaptive_transfer,2016-2017,near,,power,z_plus_softmax,,0.2245116403532245,,,
adaptive_transfer,2016-2017,near,,power,z_plus_softmax,,0.2245116403532245,,,
adaptive_transfer,2016-2017,near,,power,z_plus_softmax,,0.2245116403532245,,,
adaptive_transfer,2016-2017,near,,power,z_plus_softmax,,0.2245116403532245,,,
adaptive_transfer,2016-2017,near,,power,z_plus_softmax,,0.2245116403532245,,,
adaptive_transfer,2016-2017,near,,power,z_plus_softmax,,0.2245116403532245,,,
adaptive_transfer,2016-2017,near,,power,z_plus_softmax,,0.2245116403532245,,,
adaptive_transfer,2016-2017,near,,power,z_plus_softmax,,0.2245116403532245,,,
adaptive_transfer,2016-2017,near,,power,z_plus_softmax,,0.2245116403532245,,,
adaptive_transfer,2016-2017,near,,power,z_plus_softmax,,0.2245116403532245,,,
adaptive_transfer,2016-2017,near,,power,z_plus_softmax,,0.2245116403532245,,,
adaptive_transfer,2016-2017,near,,power,z_plus_softmax,,0.2245116403532245,,,
adaptive_transfer,2016-2017,near,,power,z_plus_softmax,,0.2245116403532245,,,
adaptive_transfer,2016-2017,near,,power,z_plus_softmax,,0.2245116403532245,,,
adaptive_transfer,2016-2017,near,,power,z_plus_softmax,,0.2245116403532245,,,
adaptive_transfer,2018-2018,,,calibration_diagnostic,,,,,,failed: phase2: only 13 complete z-vectors in C (< 30); Σ̂ not estimable.
adaptive_transfer,2018-2019,,2012.0,annual_fpr,z_mahalanobis_sq,10.0,0.0769230769230769,,,
adaptive_transfer,2018-2019,,2013.0,annual_fpr,z_mahalanobis_sq,11.0,0.0666666666666666,,,
adaptive_transfer,2018-2019,,2014.0,annual_fpr,z_mahalanobis_sq,13.0,0.0454545454545454,,,
adaptive_transfer,2018-2019,,2015.0,annual_fpr,z_mahalanobis_sq,10.0,0.0588235294117647,,,
adaptive_transfer,2018-2019,,2016.0,annual_fpr,z_mahalanobis_sq,10.0,0.0,,,
adaptive_transfer,2018-2019,,2017.0,annual_fpr,z_mahalanobis_sq,12.0,0.0588235294117647,,,
adaptive_transfer,2018-2019,,2018.0,annual_fpr,z_mahalanobis_sq,12.0,0.05,,,
adaptive_transfer,2018-2019,,2019.0,annual_fpr,z_mahalanobis_sq,13.0,0.0909090909090909,,,
adaptive_transfer,2018-2019,,2020.0,annual_fpr,z_mahalanobis_sq,14.0,0.0,,,
adaptive_transfer,2018-2019,,2021.0,annual_fpr,z_mahalanobis_sq,15.0,0.0,,,
adaptive_transfer,2018-2019,,2022.0,annual_fpr,z_mahalanobis_sq,16.0,0.15,,,
adaptive_transfer,2018-2019,,2023.0,annual_fpr,z_mahalanobis_sq,15.0,0.0434782608695652,,,
adaptive_transfer,2018-2019,,2024.0,annual_fpr,z_mahalanobis_sq,13.0,0.0,,,
adaptive_transfer,2018-2019,,2025.0,annual_fpr,z_mahalanobis_sq,12.0,0.0,,,
adaptive_transfer,2018-2019,,,calibration_diagnostic,,,,,,candidate_scored
adaptive_transfer,2018-2019,,,calibration_diagnostic,,,,,,selected
adaptive_transfer,2018-2019,far,,fpr,breadth,121.0,0.024793388429752,,,
adaptive_transfer,2018-2019,far,,fpr,t_iut,121.0,0.0661157024793388,,,
adaptive_transfer,2018-2019,far,,fpr,z_mahalanobis_sq,85.0,0.0330578512396694,,,
adaptive_transfer,2018-2019,far,,fpr,z_plus,121.0,0.1157024793388429,,,
adaptive_transfer,2018-2019,far,,fpr,z_plus_orth,120.0,0.0991735537190082,,,
adaptive_transfer,2018-2019,far,,fpr,z_plus_renorm,120.0,0.1157024793388429,,,
adaptive_transfer,2018-2019,far,,fpr,z_plus_softmax,120.0,0.1239669421487603,,,
adaptive_transfer,2018-2019,iid,,fpr,breadth,13.0,0.0,,,
adaptive_transfer,2018-2019,iid,,fpr,t_iut,13.0,0.0,,,
adaptive_transfer,2018-2019,iid,,fpr,z_mahalanobis_sq,10.0,0.0769230769230769,,,
adaptive_transfer,2018-2019,iid,,fpr,z_plus,13.0,0.0769230769230769,,,
adaptive_transfer,2018-2019,iid,,fpr,z_plus_orth,12.0,0.0769230769230769,,,
adaptive_transfer,2018-2019,iid,,fpr,z_plus_renorm,12.0,0.0769230769230769,,,
adaptive_transfer,2018-2019,iid,,fpr,z_plus_softmax,12.0,0.0769230769230769,,,
adaptive_transfer,2018-2019,near,,fpr,breadth,88.0,0.0113636363636363,,,
adaptive_transfer,2018-2019,near,,fpr,t_iut,88.0,0.034090909090909,,,
adaptive_transfer,2018-2019,near,,fpr,z_mahalanobis_sq,56.0,0.0454545454545454,,,
adaptive_transfer,2018-2019,near,,fpr,z_plus,88.0,0.0568181818181818,,,
adaptive_transfer,2018-2019,near,,fpr,z_plus_orth,86.0,0.0909090909090909,,,
adaptive_transfer,2018-2019,near,,fpr,z_plus_renorm,86.0,0.1363636363636363,,,
adaptive_transfer,2018-2019,near,,fpr,z_plus_softmax,86.0,0.1022727272727272,,,
adaptive_transfer,2018-2019,far,,power,breadth,,0.0357142857142857,0.0,0.6428571428571429,
adaptive_transfer,2018-2019,far,,power,breadth,,0.0357142857142857,0.0,0.3571428571428571,
adaptive_transfer,2018-2019,far,,power,breadth,,0.0357142857142857,0.0,0.8630952380952381,
adaptive_transfer,2018-2019,far,,power,breadth,,0.0357142857142857,0.0,0.6428571428571429,
adaptive_transfer,2018-2019,far,,power,breadth,,0.0357142857142857,0.0,0.6428571428571429,
adaptive_transfer,2018-2019,far,,power,breadth,,0.0246913580246913,0.25,0.4722222222222222,
adaptive_transfer,2018-2019,far,,power,breadth,,0.037037037037037,0.0,0.5570987654320988,
adaptive_transfer,2018-2019,far,,power,breadth,,0.037037037037037,0.0,0.5231481481481481,
adaptive_transfer,2018-2019,far,,power,breadth,,0.037037037037037,0.0,0.4429012345679012,
adaptive_transfer,2018-2019,far,,power,breadth,,0.037037037037037,0.25,0.6080246913580247,
adaptive_transfer,2018-2019,far,,power,breadth,,0.0259740259740259,0.125,0.601461038961039,
adaptive_transfer,2018-2019,far,,power,breadth,,0.0389610389610389,0.0,0.6452922077922078,
adaptive_transfer,2018-2019,far,,power,breadth,,0.0259740259740259,0.125,0.5803571428571429,
adaptive_transfer,2018-2019,far,,power,breadth,,0.0259740259740259,0.125,0.6996753246753247,
adaptive_transfer,2018-2019,far,,power,breadth,,0.0389610389610389,0.0,0.734577922077922,
adaptive_transfer,2018-2019,far,,power,breadth,,0.0045221323593355,,,
adaptive_transfer,2018-2019,far,,power,breadth,,0.0045221323593355,,,
adaptive_transfer,2018-2019,far,,power,breadth,,0.0045221323593355,,,
adaptive_transfer,2018-2019,far,,power,breadth,,0.0045221323593355,,,
adaptive_transfer,2018-2019,far,,power,breadth,,0.0045221323593355,,,
adaptive_transfer,2018-2019,far,,power,breadth,,0.0045221323593355,,,
adaptive_transfer,2018-2019,far,,power,breadth,,0.0045221323593355,,,
adaptive_transfer,2018-2019,far,,power,breadth,,0.0045221323593355,,,
adaptive_transfer,2018-2019,far,,power,breadth,,0.0045221323593355,,,
adaptive_transfer,2018-2019,far,,power,breadth,,0.0045221323593355,,,
adaptive_transfer,2018-2019,far,,power,breadth,,0.0045221323593355,,,
adaptive_transfer,2018-2019,far,,power,breadth,,0.0045221323593355,,,
adaptive_transfer,2018-2019,far,,power,breadth,,0.0045221323593355,,,
adaptive_transfer,2018-2019,far,,power,breadth,,0.0045221323593355,,,
adaptive_transfer,2018-2019,far,,power,breadth,,0.0045221323593355,,,
adaptive_transfer,2018-2019,far,,power,t_iut,,0.0833333333333333,0.0,0.0476190476190476,
adaptive_transfer,2018-2019,far,,power,t_iut,,0.0833333333333333,0.0,0.7857142857142858,
adaptive_transfer,2018-2019,far,,power,t_iut,,0.0833333333333333,0.0,0.0,
adaptive_transfer,2018-2019,far,,power,t_iut,,0.0833333333333333,0.0,0.2857142857142857,
adaptive_transfer,2018-2019,far,,power,t_iut,,0.0833333333333333,0.0,0.25,
adaptive_transfer,2018-2019,far,,power,t_iut,,0.074074074074074,0.25,0.4753086419753086,
adaptive_transfer,2018-2019,far,,power,t_iut,,0.0864197530864197,0.0,0.308641975308642,
adaptive_transfer,2018-2019,far,,power,t_iut,,0.074074074074074,0.25,0.6141975308641976,
adaptive_transfer,2018-2019,far,,power,t_iut,,0.0864197530864197,0.0,0.4444444444444444,
adaptive_transfer,2018-2019,far,,power,t_iut,,0.0617283950617283,0.25,0.7345679012345679,
adaptive_transfer,2018-2019,far,,power,t_iut,,0.0779220779220779,0.125,0.5373376623376623,
adaptive_transfer,2018-2019,far,,power,t_iut,,0.0909090909090909,0.0,0.650974025974026,
adaptive_transfer,2018-2019,far,,power,t_iut,,0.0649350649350649,0.125,0.5357142857142857,
adaptive_transfer,2018-2019,far,,power,t_iut,,0.0649350649350649,0.125,0.663961038961039,
adaptive_transfer,2018-2019,far,,power,t_iut,,0.0779220779220779,0.0,0.323051948051948,
adaptive_transfer,2018-2019,far,,power,t_iut,,0.0537438038090268,,,
adaptive_transfer,2018-2019,far,,power,t_iut,,0.0537438038090268,,,
adaptive_transfer,2018-2019,far,,power,t_iut,,0.0537438038090268,,,
adaptive_transfer,2018-2019,far,,power,t_iut,,0.0537438038090268,,,
adaptive_transfer,2018-2019,far,,power,t_iut,,0.0537438038090268,,,
adaptive_transfer,2018-2019,far,,power,t_iut,,0.0537438038090268,,,
adaptive_transfer,2018-2019,far,,power,t_iut,,0.0537438038090268,,,
adaptive_transfer,2018-2019,far,,power,t_iut,,0.0537438038090268,,,
adaptive_transfer,2018-2019,far,,power,t_iut,,0.0537438038090268,,,
adaptive_transfer,2018-2019,far,,power,t_iut,,0.0537438038090268,,,
adaptive_transfer,2018-2019,far,,power,t_iut,,0.0537438038090268,,,
adaptive_transfer,2018-2019,far,,power,t_iut,,0.0537438038090268,,,
adaptive_transfer,2018-2019,far,,power,t_iut,,0.0537438038090268,,,
adaptive_transfer,2018-2019,far,,power,t_iut,,0.0537438038090268,,,
adaptive_transfer,2018-2019,far,,power,t_iut,,0.0537438038090268,,,
adaptive_transfer,2018-2019,far,,power,z_mahalanobis_sq,,0.0476190476190476,0.0,0.6071428571428572,
adaptive_transfer,2018-2019,far,,power,z_mahalanobis_sq,,0.0476190476190476,0.0,0.119047619047619,
adaptive_transfer,2018-2019,far,,power,z_mahalanobis_sq,,0.0357142857142857,1.0,0.9761904761904762,
adaptive_transfer,2018-2019,far,,power,z_mahalanobis_sq,,0.0476190476190476,0.0,0.7380952380952381,
adaptive_transfer,2018-2019,far,,power,z_mahalanobis_sq,,0.0476190476190476,0.0,0.5,
adaptive_transfer,2018-2019,far,,power,z_mahalanobis_sq,,0.0493827160493827,0.0,0.5802469135802469,
adaptive_transfer,2018-2019,far,,power,z_mahalanobis_sq,,0.037037037037037,0.25,0.7839506172839507,
adaptive_transfer,2018-2019,far,,power,z_mahalanobis_sq,,0.0493827160493827,0.0,0.5987654320987654,
adaptive_transfer,2018-2019,far,,power,z_mahalanobis_sq,,0.0493827160493827,0.0,0.4228395061728395,
adaptive_transfer,2018-2019,far,,power,z_mahalanobis_sq,,0.0493827160493827,0.0,0.3302469135802469,
adaptive_transfer,2018-2019,far,,power,z_mahalanobis_sq,,0.0389610389610389,0.125,0.3766233766233766,
adaptive_transfer,2018-2019,far,,power,z_mahalanobis_sq,,0.0519480519480519,0.0,0.5308441558441559,
adaptive_transfer,2018-2019,far,,power,z_mahalanobis_sq,,0.0389610389610389,0.125,0.5665584415584415,
adaptive_transfer,2018-2019,far,,power,z_mahalanobis_sq,,0.0389610389610389,0.125,0.7305194805194806,
adaptive_transfer,2018-2019,far,,power,z_mahalanobis_sq,,0.0389610389610389,0.25,0.6168831168831169,
adaptive_transfer,2018-2019,far,,power,z_mahalanobis_sq,,0.3954351456670996,,,
adaptive_transfer,2018-2019,far,,power,z_mahalanobis_sq,,0.3954351456670996,,,
adaptive_transfer,2018-2019,far,,power,z_mahalanobis_sq,,0.3954351456670996,,,
adaptive_transfer,2018-2019,far,,power,z_mahalanobis_sq,,0.3954351456670996,,,
adaptive_transfer,2018-2019,far,,power,z_mahalanobis_sq,,0.3954351456670996,,,
adaptive_transfer,2018-2019,far,,power,z_mahalanobis_sq,,0.3954351456670996,,,
adaptive_transfer,2018-2019,far,,power,z_mahalanobis_sq,,0.3954351456670996,,,
adaptive_transfer,2018-2019,far,,power,z_mahalanobis_sq,,0.3954351456670996,,,
adaptive_transfer,2018-2019,far,,power,z_mahalanobis_sq,,0.3954351456670996,,,
adaptive_transfer,2018-2019,far,,power,z_mahalanobis_sq,,0.3954351456670996,,,
adaptive_transfer,2018-2019,far,,power,z_mahalanobis_sq,,0.3954351456670996,,,
adaptive_transfer,2018-2019,far,,power,z_mahalanobis_sq,,0.3954351456670996,,,
adaptive_transfer,2018-2019,far,,power,z_mahalanobis_sq,,0.3954351456670996,,,
adaptive_transfer,2018-2019,far,,power,z_mahalanobis_sq,,0.3954351456670996,,,
adaptive_transfer,2018-2019,far,,power,z_mahalanobis_sq,,0.3954351456670996,,,
adaptive_transfer,2018-2019,far,,power,z_plus,,0.0476190476190476,0.0,0.4761904761904761,
adaptive_transfer,2018-2019,far,,power,z_plus,,0.0476190476190476,0.0,0.2261904761904761,
adaptive_transfer,2018-2019,far,,power,z_plus,,0.0476190476190476,0.0,0.9047619047619048,
adaptive_transfer,2018-2019,far,,power,z_plus,,0.0476190476190476,0.0,0.6309523809523809,
adaptive_transfer,2018-2019,far,,power,z_plus,,0.0476190476190476,0.0,0.5,
adaptive_transfer,2018-2019,far,,power,z_plus,,0.0493827160493827,0.0,0.5061728395061729,
adaptive_transfer,2018-2019,far,,power,z_plus,,0.0493827160493827,0.5,0.6975308641975309,
adaptive_transfer,2018-2019,far,,power,z_plus,,0.037037037037037,0.25,0.654320987654321,
adaptive_transfer,2018-2019,far,,power,z_plus,,0.0493827160493827,0.0,0.4074074074074074,
adaptive_transfer,2018-2019,far,,power,z_plus,,0.0493827160493827,0.0,0.4753086419753086,
adaptive_transfer,2018-2019,far,,power,z_plus,,0.0389610389610389,0.125,0.4415584415584416,
adaptive_transfer,2018-2019,far,,power,z_plus,,0.0389610389610389,0.125,0.6444805194805194,
adaptive_transfer,2018-2019,far,,power,z_plus,,0.0519480519480519,0.125,0.6038961038961039,
adaptive_transfer,2018-2019,far,,power,z_plus,,0.0259740259740259,0.25,0.7451298701298702,
adaptive_transfer,2018-2019,far,,power,z_plus,,0.0519480519480519,0.125,0.5811688311688312,
adaptive_transfer,2018-2019,far,,power,z_plus,,0.1942777632837638,,,
adaptive_transfer,2018-2019,far,,power,z_plus,,0.1942777632837638,,,
adaptive_transfer,2018-2019,far,,power,z_plus,,0.1942777632837638,,,
adaptive_transfer,2018-2019,far,,power,z_plus,,0.1942777632837638,,,
adaptive_transfer,2018-2019,far,,power,z_plus,,0.1942777632837638,,,
adaptive_transfer,2018-2019,far,,power,z_plus,,0.1942777632837638,,,
adaptive_transfer,2018-2019,far,,power,z_plus,,0.1942777632837638,,,
adaptive_transfer,2018-2019,far,,power,z_plus,,0.1942777632837638,,,
adaptive_transfer,2018-2019,far,,power,z_plus,,0.1942777632837638,,,
adaptive_transfer,2018-2019,far,,power,z_plus,,0.1942777632837638,,,
adaptive_transfer,2018-2019,far,,power,z_plus,,0.1942777632837638,,,
adaptive_transfer,2018-2019,far,,power,z_plus,,0.1942777632837638,,,
adaptive_transfer,2018-2019,far,,power,z_plus,,0.1942777632837638,,,
adaptive_transfer,2018-2019,far,,power,z_plus,,0.1942777632837638,,,
adaptive_transfer,2018-2019,far,,power,z_plus,,0.1942777632837638,,,
adaptive_transfer,2018-2019,far,,power,z_plus_orth,,0.0357142857142857,0.0,0.4166666666666666,
adaptive_transfer,2018-2019,far,,power,z_plus_orth,,0.0357142857142857,0.0,0.2738095238095238,
adaptive_transfer,2018-2019,far,,power,z_plus_orth,,0.0357142857142857,1.0,1.0,
adaptive_transfer,2018-2019,far,,power,z_plus_orth,,0.0357142857142857,0.0,0.5,
adaptive_transfer,2018-2019,far,,power,z_plus_orth,,0.0357142857142857,0.0,0.3809523809523809,
adaptive_transfer,2018-2019,far,,power,z_plus_orth,,0.037037037037037,0.0,0.5493827160493827,
adaptive_transfer,2018-2019,far,,power,z_plus_orth,,0.037037037037037,0.5,0.7438271604938272,
adaptive_transfer,2018-2019,far,,power,z_plus_orth,,0.0246913580246913,0.25,0.5864197530864198,
adaptive_transfer,2018-2019,far,,power,z_plus_orth,,0.037037037037037,0.0,0.4475308641975308,
adaptive_transfer,2018-2019,far,,power,z_plus_orth,,0.037037037037037,0.0,0.4691358024691358,
adaptive_transfer,2018-2019,far,,power,z_plus_orth,,0.0389610389610389,0.0,0.387987012987013,
adaptive_transfer,2018-2019,far,,power,z_plus_orth,,0.0389610389610389,0.25,0.6217532467532467,
adaptive_transfer,2018-2019,far,,power,z_plus_orth,,0.0389610389610389,0.25,0.6103896103896104,
adaptive_transfer,2018-2019,far,,power,z_plus_orth,,0.0389610389610389,0.25,0.7061688311688311,
adaptive_transfer,2018-2019,far,,power,z_plus_orth,,0.0389610389610389,0.125,0.5762987012987013,
adaptive_transfer,2018-2019,far,,power,z_plus_orth,,0.232004281509232,,,
adaptive_transfer,2018-2019,far,,power,z_plus_orth,,0.232004281509232,,,
adaptive_transfer,2018-2019,far,,power,z_plus_orth,,0.232004281509232,,,
adaptive_transfer,2018-2019,far,,power,z_plus_orth,,0.232004281509232,,,
adaptive_transfer,2018-2019,far,,power,z_plus_orth,,0.232004281509232,,,
adaptive_transfer,2018-2019,far,,power,z_plus_orth,,0.232004281509232,,,
adaptive_transfer,2018-2019,far,,power,z_plus_orth,,0.232004281509232,,,
adaptive_transfer,2018-2019,far,,power,z_plus_orth,,0.232004281509232,,,
adaptive_transfer,2018-2019,far,,power,z_plus_orth,,0.232004281509232,,,
adaptive_transfer,2018-2019,far,,power,z_plus_orth,,0.232004281509232,,,
adaptive_transfer,2018-2019,far,,power,z_plus_orth,,0.232004281509232,,,
adaptive_transfer,2018-2019,far,,power,z_plus_orth,,0.232004281509232,,,
adaptive_transfer,2018-2019,far,,power,z_plus_orth,,0.232004281509232,,,
adaptive_transfer,2018-2019,far,,power,z_plus_orth,,0.232004281509232,,,
adaptive_transfer,2018-2019,far,,power,z_plus_orth,,0.232004281509232,,,
adaptive_transfer,2018-2019,far,,power,z_plus_renorm,,0.0357142857142857,0.0,0.3571428571428571,
adaptive_transfer,2018-2019,far,,power,z_plus_renorm,,0.0357142857142857,0.0,0.25,
adaptive_transfer,2018-2019,far,,power,z_plus_renorm,,0.0357142857142857,0.0,0.8452380952380952,
adaptive_transfer,2018-2019,far,,power,z_plus_renorm,,0.0357142857142857,0.0,0.5357142857142857,
adaptive_transfer,2018-2019,far,,power,z_plus_renorm,,0.0357142857142857,0.0,0.369047619047619,
adaptive_transfer,2018-2019,far,,power,z_plus_renorm,,0.037037037037037,0.0,0.5030864197530864,
adaptive_transfer,2018-2019,far,,power,z_plus_renorm,,0.037037037037037,0.0,0.7345679012345679,
adaptive_transfer,2018-2019,far,,power,z_plus_renorm,,0.037037037037037,0.25,0.6697530864197531,
adaptive_transfer,2018-2019,far,,power,z_plus_renorm,,0.037037037037037,0.0,0.4166666666666667,
adaptive_transfer,2018-2019,far,,power,z_plus_renorm,,0.037037037037037,0.0,0.3888888888888889,
adaptive_transfer,2018-2019,far,,power,z_plus_renorm,,0.0389610389610389,0.0,0.3668831168831169,
adaptive_transfer,2018-2019,far,,power,z_plus_renorm,,0.0389610389610389,0.0,0.5698051948051948,
adaptive_transfer,2018-2019,far,,power,z_plus_renorm,,0.0389610389610389,0.0,0.5827922077922078,
adaptive_transfer,2018-2019,far,,power,z_plus_renorm,,0.0259740259740259,0.125,0.6672077922077921,
adaptive_transfer,2018-2019,far,,power,z_plus_renorm,,0.0389610389610389,0.0,0.5064935064935066,
adaptive_transfer,2018-2019,far,,power,z_plus_renorm,,0.2201409330122201,,,
adaptive_transfer,2018-2019,far,,power,z_plus_renorm,,0.2201409330122201,,,
adaptive_transfer,2018-2019,far,,power,z_plus_renorm,,0.2201409330122201,,,
adaptive_transfer,2018-2019,far,,power,z_plus_renorm,,0.2201409330122201,,,
adaptive_transfer,2018-2019,far,,power,z_plus_renorm,,0.2201409330122201,,,
adaptive_transfer,2018-2019,far,,power,z_plus_renorm,,0.2201409330122201,,,
adaptive_transfer,2018-2019,far,,power,z_plus_renorm,,0.2201409330122201,,,
adaptive_transfer,2018-2019,far,,power,z_plus_renorm,,0.2201409330122201,,,
adaptive_transfer,2018-2019,far,,power,z_plus_renorm,,0.2201409330122201,,,
adaptive_transfer,2018-2019,far,,power,z_plus_renorm,,0.2201409330122201,,,
adaptive_transfer,2018-2019,far,,power,z_plus_renorm,,0.2201409330122201,,,
adaptive_transfer,2018-2019,far,,power,z_plus_renorm,,0.2201409330122201,,,
adaptive_transfer,2018-2019,far,,power,z_plus_renorm,,0.2201409330122201,,,
adaptive_transfer,2018-2019,far,,power,z_plus_renorm,,0.2201409330122201,,,
adaptive_transfer,2018-2019,far,,power,z_plus_renorm,,0.2201409330122201,,,
adaptive_transfer,2018-2019,far,,power,z_plus_softmax,,0.0595238095238095,0.0,0.369047619047619,
adaptive_transfer,2018-2019,far,,power,z_plus_softmax,,0.0595238095238095,0.0,0.3095238095238095,
adaptive_transfer,2018-2019,far,,power,z_plus_softmax,,0.0595238095238095,1.0,1.0,
adaptive_transfer,2018-2019,far,,power,z_plus_softmax,,0.0595238095238095,0.0,0.5357142857142857,
adaptive_transfer,2018-2019,far,,power,z_plus_softmax,,0.0595238095238095,0.0,0.4404761904761904,
adaptive_transfer,2018-2019,far,,power,z_plus_softmax,,0.0617283950617283,0.0,0.5216049382716049,
adaptive_transfer,2018-2019,far,,power,z_plus_softmax,,0.0617283950617283,0.25,0.7469135802469137,
adaptive_transfer,2018-2019,far,,power,z_plus_softmax,,0.0493827160493827,0.25,0.6018518518518517,
adaptive_transfer,2018-2019,far,,power,z_plus_softmax,,0.0617283950617283,0.0,0.4444444444444445,
adaptive_transfer,2018-2019,far,,power,z_plus_softmax,,0.0617283950617283,0.0,0.4814814814814815,
adaptive_transfer,2018-2019,far,,power,z_plus_softmax,,0.0519480519480519,0.0,0.3912337662337662,
adaptive_transfer,2018-2019,far,,power,z_plus_softmax,,0.0649350649350649,0.25,0.6185064935064934,
adaptive_transfer,2018-2019,far,,power,z_plus_softmax,,0.0519480519480519,0.25,0.6136363636363636,
adaptive_transfer,2018-2019,far,,power,z_plus_softmax,,0.0519480519480519,0.125,0.7012987012987013,
adaptive_transfer,2018-2019,far,,power,z_plus_softmax,,0.0649350649350649,0.125,0.564935064935065,
adaptive_transfer,2018-2019,far,,power,z_plus_softmax,,0.2245116403532245,,,
adaptive_transfer,2018-2019,far,,power,z_plus_softmax,,0.2245116403532245,,,
adaptive_transfer,2018-2019,far,,power,z_plus_softmax,,0.2245116403532245,,,
adaptive_transfer,2018-2019,far,,power,z_plus_softmax,,0.2245116403532245,,,
adaptive_transfer,2018-2019,far,,power,z_plus_softmax,,0.2245116403532245,,,
adaptive_transfer,2018-2019,far,,power,z_plus_softmax,,0.2245116403532245,,,
adaptive_transfer,2018-2019,far,,power,z_plus_softmax,,0.2245116403532245,,,
adaptive_transfer,2018-2019,far,,power,z_plus_softmax,,0.2245116403532245,,,
adaptive_transfer,2018-2019,far,,power,z_plus_softmax,,0.2245116403532245,,,
adaptive_transfer,2018-2019,far,,power,z_plus_softmax,,0.2245116403532245,,,
adaptive_transfer,2018-2019,far,,power,z_plus_softmax,,0.2245116403532245,,,
adaptive_transfer,2018-2019,far,,power,z_plus_softmax,,0.2245116403532245,,,
adaptive_transfer,2018-2019,far,,power,z_plus_softmax,,0.2245116403532245,,,
adaptive_transfer,2018-2019,far,,power,z_plus_softmax,,0.2245116403532245,,,
adaptive_transfer,2018-2019,far,,power,z_plus_softmax,,0.2245116403532245,,,
adaptive_transfer,2018-2019,near,,power,breadth,,0.0181818181818181,0.0,0.9545454545454546,
adaptive_transfer,2018-2019,near,,power,breadth,,0.0181818181818181,0.0,0.1454545454545454,
adaptive_transfer,2018-2019,near,,power,breadth,,0.0181818181818181,0.0,0.5909090909090909,
adaptive_transfer,2018-2019,near,,power,breadth,,0.0181818181818181,0.0,0.1363636363636363,
adaptive_transfer,2018-2019,near,,power,breadth,,0.0181818181818181,0.0,0.5909090909090909,
adaptive_transfer,2018-2019,near,,power,breadth,,0.0188679245283018,0.0,0.5628930817610063,
adaptive_transfer,2018-2019,near,,power,breadth,,0.0188679245283018,0.0,0.5974842767295597,
adaptive_transfer,2018-2019,near,,power,breadth,,0.0188679245283018,0.0,0.4842767295597484,
adaptive_transfer,2018-2019,near,,power,breadth,,0.0188679245283018,0.0,0.5031446540880503,
adaptive_transfer,2018-2019,near,,power,breadth,,0.0188679245283018,0.0,0.2358490566037735,
adaptive_transfer,2018-2019,near,,power,breadth,,0.02,0.0,0.4983333333333333,
adaptive_transfer,2018-2019,near,,power,breadth,,0.02,0.0,0.7,
adaptive_transfer,2018-2019,near,,power,breadth,,0.02,0.0,0.6183333333333334,
adaptive_transfer,2018-2019,near,,power,breadth,,0.02,0.0,0.3066666666666666,
adaptive_transfer,2018-2019,near,,power,breadth,,0.02,0.0,0.4716666666666667,
adaptive_transfer,2018-2019,near,,power,breadth,,0.0045221323593355,,,
adaptive_transfer,2018-2019,near,,power,breadth,,0.0045221323593355,,,
adaptive_transfer,2018-2019,near,,power,breadth,,0.0045221323593355,,,
adaptive_transfer,2018-2019,near,,power,breadth,,0.0045221323593355,,,
adaptive_transfer,2018-2019,near,,power,breadth,,0.0045221323593355,,,
adaptive_transfer,2018-2019,near,,power,breadth,,0.0045221323593355,,,
adaptive_transfer,2018-2019,near,,power,breadth,,0.0045221323593355,,,
adaptive_transfer,2018-2019,near,,power,breadth,,0.0045221323593355,,,
adaptive_transfer,2018-2019,near,,power,breadth,,0.0045221323593355,,,
adaptive_transfer,2018-2019,near,,power,breadth,,0.0045221323593355,,,
adaptive_transfer,2018-2019,near,,power,breadth,,0.0045221323593355,,,
adaptive_transfer,2018-2019,near,,power,breadth,,0.0045221323593355,,,
adaptive_transfer,2018-2019,near,,power,breadth,,0.0045221323593355,,,
adaptive_transfer,2018-2019,near,,power,breadth,,0.0045221323593355,,,
adaptive_transfer,2018-2019,near,,power,breadth,,0.0045221323593355,,,
adaptive_transfer,2018-2019,near,,power,t_iut,,0.0181818181818181,0.0,0.1272727272727273,
adaptive_transfer,2018-2019,near,,power,t_iut,,0.0181818181818181,0.0,0.2363636363636363,
adaptive_transfer,2018-2019,near,,power,t_iut,,0.0181818181818181,0.0,0.4,
adaptive_transfer,2018-2019,near,,power,t_iut,,0.0181818181818181,0.0,0.0363636363636363,
adaptive_transfer,2018-2019,near,,power,t_iut,,0.0181818181818181,0.0,0.0181818181818181,
adaptive_transfer,2018-2019,near,,power,t_iut,,0.0188679245283018,0.0,0.830188679245283,
adaptive_transfer,2018-2019,near,,power,t_iut,,0.0188679245283018,0.0,0.4716981132075471,
adaptive_transfer,2018-2019,near,,power,t_iut,,0.0188679245283018,0.3333333333333333,0.559748427672956,
adaptive_transfer,2018-2019,near,,power,t_iut,,0.0188679245283018,0.0,0.6981132075471698,
adaptive_transfer,2018-2019,near,,power,t_iut,,0.0188679245283018,0.0,0.5471698113207547,
adaptive_transfer,2018-2019,near,,power,t_iut,,0.02,0.0,0.3766666666666666,
adaptive_transfer,2018-2019,near,,power,t_iut,,0.02,0.0,0.6033333333333334,
adaptive_transfer,2018-2019,near,,power,t_iut,,0.02,0.0,0.3533333333333333,
adaptive_transfer,2018-2019,near,,power,t_iut,,0.02,0.0,0.4766666666666667,
adaptive_transfer,2018-2019,near,,power,t_iut,,0.02,0.1666666666666666,0.47,
adaptive_transfer,2018-2019,near,,power,t_iut,,0.0537438038090268,,,
adaptive_transfer,2018-2019,near,,power,t_iut,,0.0537438038090268,,,
adaptive_transfer,2018-2019,near,,power,t_iut,,0.0537438038090268,,,
adaptive_transfer,2018-2019,near,,power,t_iut,,0.0537438038090268,,,
adaptive_transfer,2018-2019,near,,power,t_iut,,0.0537438038090268,,,
adaptive_transfer,2018-2019,near,,power,t_iut,,0.0537438038090268,,,
adaptive_transfer,2018-2019,near,,power,t_iut,,0.0537438038090268,,,
adaptive_transfer,2018-2019,near,,power,t_iut,,0.0537438038090268,,,
adaptive_transfer,2018-2019,near,,power,t_iut,,0.0537438038090268,,,
adaptive_transfer,2018-2019,near,,power,t_iut,,0.0537438038090268,,,
adaptive_transfer,2018-2019,near,,power,t_iut,,0.0537438038090268,,,
adaptive_transfer,2018-2019,near,,power,t_iut,,0.0537438038090268,,,
adaptive_transfer,2018-2019,near,,power,t_iut,,0.0537438038090268,,,
adaptive_transfer,2018-2019,near,,power,t_iut,,0.0537438038090268,,,
adaptive_transfer,2018-2019,near,,power,t_iut,,0.0537438038090268,,,
adaptive_transfer,2018-2019,near,,power,z_mahalanobis_sq,,0.0727272727272727,0.0,0.8545454545454545,
adaptive_transfer,2018-2019,near,,power,z_mahalanobis_sq,,0.0727272727272727,0.0,0.0363636363636363,
adaptive_transfer,2018-2019,near,,power,z_mahalanobis_sq,,0.0545454545454545,1.0,1.0,
adaptive_transfer,2018-2019,near,,power,z_mahalanobis_sq,,0.0727272727272727,0.0,0.5636363636363637,
adaptive_transfer,2018-2019,near,,power,z_mahalanobis_sq,,0.0727272727272727,0.0,0.7636363636363637,
adaptive_transfer,2018-2019,near,,power,z_mahalanobis_sq,,0.0754716981132075,0.0,0.7106918238993711,
adaptive_transfer,2018-2019,near,,power,z_mahalanobis_sq,,0.0754716981132075,0.0,0.3396226415094339,
adaptive_transfer,2018-2019,near,,power,z_mahalanobis_sq,,0.0754716981132075,0.0,0.5345911949685535,
adaptive_transfer,2018-2019,near,,power,z_mahalanobis_sq,,0.0754716981132075,0.0,0.3333333333333333,
adaptive_transfer,2018-2019,near,,power,z_mahalanobis_sq,,0.0754716981132075,0.0,0.2264150943396226,
adaptive_transfer,2018-2019,near,,power,z_mahalanobis_sq,,0.08,0.0,0.61,
adaptive_transfer,2018-2019,near,,power,z_mahalanobis_sq,,0.06,0.1666666666666666,0.36,
adaptive_transfer,2018-2019,near,,power,z_mahalanobis_sq,,0.06,0.1666666666666666,0.5633333333333334,
adaptive_transfer,2018-2019,near,,power,z_mahalanobis_sq,,0.08,0.0,0.5266666666666666,
adaptive_transfer,2018-2019,near,,power,z_mahalanobis_sq,,0.06,0.1666666666666666,0.3233333333333333,
adaptive_transfer,2018-2019,near,,power,z_mahalanobis_sq,,0.3954351456670996,,,
adaptive_transfer,2018-2019,near,,power,z_mahalanobis_sq,,0.3954351456670996,,,
adaptive_transfer,2018-2019,near,,power,z_mahalanobis_sq,,0.3954351456670996,,,
adaptive_transfer,2018-2019,near,,power,z_mahalanobis_sq,,0.3954351456670996,,,
adaptive_transfer,2018-2019,near,,power,z_mahalanobis_sq,,0.3954351456670996,,,
adaptive_transfer,2018-2019,near,,power,z_mahalanobis_sq,,0.3954351456670996,,,
adaptive_transfer,2018-2019,near,,power,z_mahalanobis_sq,,0.3954351456670996,,,
adaptive_transfer,2018-2019,near,,power,z_mahalanobis_sq,,0.3954351456670996,,,
adaptive_transfer,2018-2019,near,,power,z_mahalanobis_sq,,0.3954351456670996,,,
adaptive_transfer,2018-2019,near,,power,z_mahalanobis_sq,,0.3954351456670996,,,
adaptive_transfer,2018-2019,near,,power,z_mahalanobis_sq,,0.3954351456670996,,,
adaptive_transfer,2018-2019,near,,power,z_mahalanobis_sq,,0.3954351456670996,,,
adaptive_transfer,2018-2019,near,,power,z_mahalanobis_sq,,0.3954351456670996,,,
adaptive_transfer,2018-2019,near,,power,z_mahalanobis_sq,,0.3954351456670996,,,
adaptive_transfer,2018-2019,near,,power,z_mahalanobis_sq,,0.3954351456670996,,,
adaptive_transfer,2018-2019,near,,power,z_plus,,0.0545454545454545,0.0,0.9272727272727272,
adaptive_transfer,2018-2019,near,,power,z_plus,,0.0545454545454545,0.0,0.0545454545454545,
adaptive_transfer,2018-2019,near,,power,z_plus,,0.0545454545454545,0.0,0.9454545454545454,
adaptive_transfer,2018-2019,near,,power,z_plus,,0.0545454545454545,0.0,0.1272727272727273,
adaptive_transfer,2018-2019,near,,power,z_plus,,0.0545454545454545,0.0,0.7454545454545455,
adaptive_transfer,2018-2019,near,,power,z_plus,,0.0566037735849056,0.0,0.7924528301886793,
adaptive_transfer,2018-2019,near,,power,z_plus,,0.0566037735849056,0.0,0.4528301886792453,
adaptive_transfer,2018-2019,near,,power,z_plus,,0.0377358490566037,0.3333333333333333,0.5220125786163522,
adaptive_transfer,2018-2019,near,,power,z_plus,,0.0566037735849056,0.0,0.3836477987421383,
adaptive_transfer,2018-2019,near,,power,z_plus,,0.0566037735849056,0.0,0.1194968553459119,
adaptive_transfer,2018-2019,near,,power,z_plus,,0.04,0.1666666666666666,0.4633333333333333,
adaptive_transfer,2018-2019,near,,power,z_plus,,0.04,0.1666666666666666,0.4566666666666666,
adaptive_transfer,2018-2019,near,,power,z_plus,,0.04,0.1666666666666666,0.5866666666666667,
adaptive_transfer,2018-2019,near,,power,z_plus,,0.06,0.0,0.4333333333333333,
adaptive_transfer,2018-2019,near,,power,z_plus,,0.04,0.1666666666666666,0.42,
adaptive_transfer,2018-2019,near,,power,z_plus,,0.1942777632837638,,,
adaptive_transfer,2018-2019,near,,power,z_plus,,0.1942777632837638,,,
adaptive_transfer,2018-2019,near,,power,z_plus,,0.1942777632837638,,,
adaptive_transfer,2018-2019,near,,power,z_plus,,0.1942777632837638,,,
adaptive_transfer,2018-2019,near,,power,z_plus,,0.1942777632837638,,,
adaptive_transfer,2018-2019,near,,power,z_plus,,0.1942777632837638,,,
adaptive_transfer,2018-2019,near,,power,z_plus,,0.1942777632837638,,,
adaptive_transfer,2018-2019,near,,power,z_plus,,0.1942777632837638,,,
adaptive_transfer,2018-2019,near,,power,z_plus,,0.1942777632837638,,,
adaptive_transfer,2018-2019,near,,power,z_plus,,0.1942777632837638,,,
adaptive_transfer,2018-2019,near,,power,z_plus,,0.1942777632837638,,,
adaptive_transfer,2018-2019,near,,power,z_plus,,0.1942777632837638,,,
adaptive_transfer,2018-2019,near,,power,z_plus,,0.1942777632837638,,,
adaptive_transfer,2018-2019,near,,power,z_plus,,0.1942777632837638,,,
adaptive_transfer,2018-2019,near,,power,z_plus,,0.1942777632837638,,,
adaptive_transfer,2018-2019,near,,power,z_plus_orth,,0.0727272727272727,0.0,0.8181818181818181,
adaptive_transfer,2018-2019,near,,power,z_plus_orth,,0.0727272727272727,0.0,0.0363636363636363,
adaptive_transfer,2018-2019,near,,power,z_plus_orth,,0.0727272727272727,1.0,0.9636363636363636,
adaptive_transfer,2018-2019,near,,power,z_plus_orth,,0.0727272727272727,0.0,0.2545454545454545,
adaptive_transfer,2018-2019,near,,power,z_plus_orth,,0.0727272727272727,0.0,0.6909090909090909,
adaptive_transfer,2018-2019,near,,power,z_plus_orth,,0.0566037735849056,0.6666666666666666,0.8867924528301887,
adaptive_transfer,2018-2019,near,,power,z_plus_orth,,0.0754716981132075,0.0,0.4276729559748427,
adaptive_transfer,2018-2019,near,,power,z_plus_orth,,0.0754716981132075,0.0,0.4591194968553458,
adaptive_transfer,2018-2019,near,,power,z_plus_orth,,0.0566037735849056,0.0,0.3333333333333333,
adaptive_transfer,2018-2019,near,,power,z_plus_orth,,0.0754716981132075,0.0,0.1823899371069182,
adaptive_transfer,2018-2019,near,,power,z_plus_orth,,0.08,0.0,0.4666666666666667,
adaptive_transfer,2018-2019,near,,power,z_plus_orth,,0.08,0.0,0.35,
adaptive_transfer,2018-2019,near,,power,z_plus_orth,,0.08,0.2,0.5880000000000001,
adaptive_transfer,2018-2019,near,,power,z_plus_orth,,0.06,0.1666666666666666,0.5533333333333333,
adaptive_transfer,2018-2019,near,,power,z_plus_orth,,0.08,0.0,0.3366666666666666,
adaptive_transfer,2018-2019,near,,power,z_plus_orth,,0.232004281509232,,,
adaptive_transfer,2018-2019,near,,power,z_plus_orth,,0.232004281509232,,,
adaptive_transfer,2018-2019,near,,power,z_plus_orth,,0.232004281509232,,,
adaptive_transfer,2018-2019,near,,power,z_plus_orth,,0.232004281509232,,,
adaptive_transfer,2018-2019,near,,power,z_plus_orth,,0.232004281509232,,,
adaptive_transfer,2018-2019,near,,power,z_plus_orth,,0.232004281509232,,,
adaptive_transfer,2018-2019,near,,power,z_plus_orth,,0.232004281509232,,,
adaptive_transfer,2018-2019,near,,power,z_plus_orth,,0.232004281509232,,,
adaptive_transfer,2018-2019,near,,power,z_plus_orth,,0.232004281509232,,,
adaptive_transfer,2018-2019,near,,power,z_plus_orth,,0.232004281509232,,,
adaptive_transfer,2018-2019,near,,power,z_plus_orth,,0.232004281509232,,,
adaptive_transfer,2018-2019,near,,power,z_plus_orth,,0.232004281509232,,,
adaptive_transfer,2018-2019,near,,power,z_plus_orth,,0.232004281509232,,,
adaptive_transfer,2018-2019,near,,power,z_plus_orth,,0.232004281509232,,,
adaptive_transfer,2018-2019,near,,power,z_plus_orth,,0.232004281509232,,,
adaptive_transfer,2018-2019,near,,power,z_plus_renorm,,0.0727272727272727,0.0,0.6909090909090909,
adaptive_transfer,2018-2019,near,,power,z_plus_renorm,,0.0727272727272727,0.0,0.0545454545454545,
adaptive_transfer,2018-2019,near,,power,z_plus_renorm,,0.0727272727272727,0.0,0.9090909090909092,
adaptive_transfer,2018-2019,near,,power,z_plus_renorm,,0.0727272727272727,0.0,0.4181818181818182,
adaptive_transfer,2018-2019,near,,power,z_plus_renorm,,0.0727272727272727,0.0,0.7454545454545455,
adaptive_transfer,2018-2019,near,,power,z_plus_renorm,,0.0566037735849056,0.3333333333333333,0.7987421383647799,
adaptive_transfer,2018-2019,near,,power,z_plus_renorm,,0.0754716981132075,0.0,0.3710691823899371,
adaptive_transfer,2018-2019,near,,power,z_plus_renorm,,0.0754716981132075,0.0,0.5974842767295597,
adaptive_transfer,2018-2019,near,,power,z_plus_renorm,,0.0754716981132075,0.0,0.3962264150943396,
adaptive_transfer,2018-2019,near,,power,z_plus_renorm,,0.0754716981132075,0.0,0.2767295597484276,
adaptive_transfer,2018-2019,near,,power,z_plus_renorm,,0.06,0.0,0.5066666666666666,
adaptive_transfer,2018-2019,near,,power,z_plus_renorm,,0.08,0.0,0.37,
adaptive_transfer,2018-2019,near,,power,z_plus_renorm,,0.08,0.0,0.5960000000000001,
adaptive_transfer,2018-2019,near,,power,z_plus_renorm,,0.06,0.1666666666666666,0.5700000000000001,
adaptive_transfer,2018-2019,near,,power,z_plus_renorm,,0.08,0.0,0.4066666666666667,
adaptive_transfer,2018-2019,near,,power,z_plus_renorm,,0.2201409330122201,,,
adaptive_transfer,2018-2019,near,,power,z_plus_renorm,,0.2201409330122201,,,
adaptive_transfer,2018-2019,near,,power,z_plus_renorm,,0.2201409330122201,,,
adaptive_transfer,2018-2019,near,,power,z_plus_renorm,,0.2201409330122201,,,
adaptive_transfer,2018-2019,near,,power,z_plus_renorm,,0.2201409330122201,,,
adaptive_transfer,2018-2019,near,,power,z_plus_renorm,,0.2201409330122201,,,
adaptive_transfer,2018-2019,near,,power,z_plus_renorm,,0.2201409330122201,,,
adaptive_transfer,2018-2019,near,,power,z_plus_renorm,,0.2201409330122201,,,
adaptive_transfer,2018-2019,near,,power,z_plus_renorm,,0.2201409330122201,,,
adaptive_transfer,2018-2019,near,,power,z_plus_renorm,,0.2201409330122201,,,
adaptive_transfer,2018-2019,near,,power,z_plus_renorm,,0.2201409330122201,,,
adaptive_transfer,2018-2019,near,,power,z_plus_renorm,,0.2201409330122201,,,
adaptive_transfer,2018-2019,near,,power,z_plus_renorm,,0.2201409330122201,,,
adaptive_transfer,2018-2019,near,,power,z_plus_renorm,,0.2201409330122201,,,
adaptive_transfer,2018-2019,near,,power,z_plus_renorm,,0.2201409330122201,,,
adaptive_transfer,2018-2019,near,,power,z_plus_softmax,,0.0727272727272727,0.0,0.8545454545454545,
adaptive_transfer,2018-2019,near,,power,z_plus_softmax,,0.0727272727272727,0.0,0.0363636363636363,
adaptive_transfer,2018-2019,near,,power,z_plus_softmax,,0.0727272727272727,1.0,0.9454545454545454,
adaptive_transfer,2018-2019,near,,power,z_plus_softmax,,0.0727272727272727,0.0,0.2727272727272727,
adaptive_transfer,2018-2019,near,,power,z_plus_softmax,,0.0727272727272727,0.0,0.6909090909090909,
adaptive_transfer,2018-2019,near,,power,z_plus_softmax,,0.0566037735849056,0.6666666666666666,0.8867924528301887,
adaptive_transfer,2018-2019,near,,power,z_plus_softmax,,0.0754716981132075,0.0,0.4150943396226415,
adaptive_transfer,2018-2019,near,,power,z_plus_softmax,,0.0754716981132075,0.0,0.4654088050314465,
adaptive_transfer,2018-2019,near,,power,z_plus_softmax,,0.0566037735849056,0.0,0.3333333333333333,
adaptive_transfer,2018-2019,near,,power,z_plus_softmax,,0.0754716981132075,0.0,0.1949685534591194,
adaptive_transfer,2018-2019,near,,power,z_plus_softmax,,0.08,0.0,0.4766666666666667,
adaptive_transfer,2018-2019,near,,power,z_plus_softmax,,0.08,0.0,0.3566666666666666,
adaptive_transfer,2018-2019,near,,power,z_plus_softmax,,0.08,0.2,0.584,
adaptive_transfer,2018-2019,near,,power,z_plus_softmax,,0.06,0.1666666666666666,0.5566666666666666,
adaptive_transfer,2018-2019,near,,power,z_plus_softmax,,0.08,0.0,0.3333333333333333,
adaptive_transfer,2018-2019,near,,power,z_plus_softmax,,0.2245116403532245,,,
adaptive_transfer,2018-2019,near,,power,z_plus_softmax,,0.2245116403532245,,,
adaptive_transfer,2018-2019,near,,power,z_plus_softmax,,0.2245116403532245,,,
adaptive_transfer,2018-2019,near,,power,z_plus_softmax,,0.2245116403532245,,,
adaptive_transfer,2018-2019,near,,power,z_plus_softmax,,0.2245116403532245,,,
adaptive_transfer,2018-2019,near,,power,z_plus_softmax,,0.2245116403532245,,,
adaptive_transfer,2018-2019,near,,power,z_plus_softmax,,0.2245116403532245,,,
adaptive_transfer,2018-2019,near,,power,z_plus_softmax,,0.2245116403532245,,,
adaptive_transfer,2018-2019,near,,power,z_plus_softmax,,0.2245116403532245,,,
adaptive_transfer,2018-2019,near,,power,z_plus_softmax,,0.2245116403532245,,,
adaptive_transfer,2018-2019,near,,power,z_plus_softmax,,0.2245116403532245,,,
adaptive_transfer,2018-2019,near,,power,z_plus_softmax,,0.2245116403532245,,,
adaptive_transfer,2018-2019,near,,power,z_plus_softmax,,0.2245116403532245,,,
adaptive_transfer,2018-2019,near,,power,z_plus_softmax,,0.2245116403532245,,,
adaptive_transfer,2018-2019,near,,power,z_plus_softmax,,0.2245116403532245,,,
global_c_near_far,global_c,,2012.0,annual_fpr,z_mahalanobis_sq,10.0,0.0769230769230769,,,
global_c_near_far,global_c,,2013.0,annual_fpr,z_mahalanobis_sq,11.0,0.0666666666666666,,,
global_c_near_far,global_c,,2014.0,annual_fpr,z_mahalanobis_sq,13.0,0.0454545454545454,,,
global_c_near_far,global_c,,2015.0,annual_fpr,z_mahalanobis_sq,10.0,0.0588235294117647,,,
global_c_near_far,global_c,,2016.0,annual_fpr,z_mahalanobis_sq,10.0,0.0,,,
global_c_near_far,global_c,,2017.0,annual_fpr,z_mahalanobis_sq,12.0,0.0588235294117647,,,
global_c_near_far,global_c,,2018.0,annual_fpr,z_mahalanobis_sq,12.0,0.05,,,
global_c_near_far,global_c,,2019.0,annual_fpr,z_mahalanobis_sq,13.0,0.0909090909090909,,,
global_c_near_far,global_c,,2020.0,annual_fpr,z_mahalanobis_sq,14.0,0.0,,,
global_c_near_far,global_c,,2021.0,annual_fpr,z_mahalanobis_sq,15.0,0.0,,,
global_c_near_far,global_c,,2022.0,annual_fpr,z_mahalanobis_sq,16.0,0.15,,,
global_c_near_far,global_c,,2023.0,annual_fpr,z_mahalanobis_sq,15.0,0.0434782608695652,,,
global_c_near_far,global_c,,2024.0,annual_fpr,z_mahalanobis_sq,13.0,0.0,,,
global_c_near_far,global_c,,2025.0,annual_fpr,z_mahalanobis_sq,12.0,0.0,,,
global_c_near_far,global_c,far,,fpr,breadth,121.0,0.024793388429752,,,
global_c_near_far,global_c,far,,fpr,t_iut,121.0,0.0661157024793388,,,
global_c_near_far,global_c,far,,fpr,z_mahalanobis_sq,85.0,0.0330578512396694,,,
global_c_near_far,global_c,far,,fpr,z_plus,121.0,0.1157024793388429,,,
global_c_near_far,global_c,far,,fpr,z_plus_orth,120.0,0.0991735537190082,,,
global_c_near_far,global_c,far,,fpr,z_plus_renorm,120.0,0.1157024793388429,,,
global_c_near_far,global_c,far,,fpr,z_plus_softmax,120.0,0.1239669421487603,,,
global_c_near_far,global_c,iid,,fpr,breadth,13.0,0.0,,,
global_c_near_far,global_c,iid,,fpr,t_iut,13.0,0.0,,,
global_c_near_far,global_c,iid,,fpr,z_mahalanobis_sq,10.0,0.0769230769230769,,,
global_c_near_far,global_c,iid,,fpr,z_plus,13.0,0.0769230769230769,,,
global_c_near_far,global_c,iid,,fpr,z_plus_orth,12.0,0.0769230769230769,,,
global_c_near_far,global_c,iid,,fpr,z_plus_renorm,12.0,0.0769230769230769,,,
global_c_near_far,global_c,iid,,fpr,z_plus_softmax,12.0,0.0769230769230769,,,
global_c_near_far,global_c,near,,fpr,breadth,88.0,0.0113636363636363,,,
global_c_near_far,global_c,near,,fpr,t_iut,88.0,0.034090909090909,,,
global_c_near_far,global_c,near,,fpr,z_mahalanobis_sq,56.0,0.0454545454545454,,,
global_c_near_far,global_c,near,,fpr,z_plus,88.0,0.0568181818181818,,,
global_c_near_far,global_c,near,,fpr,z_plus_orth,86.0,0.0909090909090909,,,
global_c_near_far,global_c,near,,fpr,z_plus_renorm,86.0,0.1363636363636363,,,
global_c_near_far,global_c,near,,fpr,z_plus_softmax,86.0,0.1022727272727272,,,
global_c_near_far,global_c,far,,power,breadth,,0.0357142857142857,0.0,0.6428571428571429,
global_c_near_far,global_c,far,,power,breadth,,0.0357142857142857,0.0,0.3571428571428571,
global_c_near_far,global_c,far,,power,breadth,,0.0357142857142857,0.0,0.8630952380952381,
global_c_near_far,global_c,far,,power,breadth,,0.0357142857142857,0.0,0.6428571428571429,
global_c_near_far,global_c,far,,power,breadth,,0.0357142857142857,0.0,0.6428571428571429,
global_c_near_far,global_c,far,,power,breadth,,0.0246913580246913,0.25,0.4722222222222222,
global_c_near_far,global_c,far,,power,breadth,,0.037037037037037,0.0,0.5570987654320988,
global_c_near_far,global_c,far,,power,breadth,,0.037037037037037,0.0,0.5231481481481481,
global_c_near_far,global_c,far,,power,breadth,,0.037037037037037,0.0,0.4429012345679012,
global_c_near_far,global_c,far,,power,breadth,,0.037037037037037,0.25,0.6080246913580247,
global_c_near_far,global_c,far,,power,breadth,,0.0259740259740259,0.125,0.601461038961039,
global_c_near_far,global_c,far,,power,breadth,,0.0389610389610389,0.0,0.6452922077922078,
global_c_near_far,global_c,far,,power,breadth,,0.0259740259740259,0.125,0.5803571428571429,
global_c_near_far,global_c,far,,power,breadth,,0.0259740259740259,0.125,0.6996753246753247,
global_c_near_far,global_c,far,,power,breadth,,0.0389610389610389,0.0,0.734577922077922,
global_c_near_far,global_c,far,,power,breadth,,0.0045221323593355,,,
global_c_near_far,global_c,far,,power,breadth,,0.0045221323593355,,,
global_c_near_far,global_c,far,,power,breadth,,0.0045221323593355,,,
global_c_near_far,global_c,far,,power,breadth,,0.0045221323593355,,,
global_c_near_far,global_c,far,,power,breadth,,0.0045221323593355,,,
global_c_near_far,global_c,far,,power,breadth,,0.0045221323593355,,,
global_c_near_far,global_c,far,,power,breadth,,0.0045221323593355,,,
global_c_near_far,global_c,far,,power,breadth,,0.0045221323593355,,,
global_c_near_far,global_c,far,,power,breadth,,0.0045221323593355,,,
global_c_near_far,global_c,far,,power,breadth,,0.0045221323593355,,,
global_c_near_far,global_c,far,,power,breadth,,0.0045221323593355,,,
global_c_near_far,global_c,far,,power,breadth,,0.0045221323593355,,,
global_c_near_far,global_c,far,,power,breadth,,0.0045221323593355,,,
global_c_near_far,global_c,far,,power,breadth,,0.0045221323593355,,,
global_c_near_far,global_c,far,,power,breadth,,0.0045221323593355,,,
global_c_near_far,global_c,far,,power,t_iut,,0.0833333333333333,0.0,0.0476190476190476,
global_c_near_far,global_c,far,,power,t_iut,,0.0833333333333333,0.0,0.7857142857142858,
global_c_near_far,global_c,far,,power,t_iut,,0.0833333333333333,0.0,0.0,
global_c_near_far,global_c,far,,power,t_iut,,0.0833333333333333,0.0,0.2857142857142857,
global_c_near_far,global_c,far,,power,t_iut,,0.0833333333333333,0.0,0.25,
global_c_near_far,global_c,far,,power,t_iut,,0.074074074074074,0.25,0.4753086419753086,
global_c_near_far,global_c,far,,power,t_iut,,0.0864197530864197,0.0,0.308641975308642,
global_c_near_far,global_c,far,,power,t_iut,,0.074074074074074,0.25,0.6141975308641976,
global_c_near_far,global_c,far,,power,t_iut,,0.0864197530864197,0.0,0.4444444444444444,
global_c_near_far,global_c,far,,power,t_iut,,0.0617283950617283,0.25,0.7345679012345679,
global_c_near_far,global_c,far,,power,t_iut,,0.0779220779220779,0.125,0.5373376623376623,
global_c_near_far,global_c,far,,power,t_iut,,0.0909090909090909,0.0,0.650974025974026,
global_c_near_far,global_c,far,,power,t_iut,,0.0649350649350649,0.125,0.5357142857142857,
global_c_near_far,global_c,far,,power,t_iut,,0.0649350649350649,0.125,0.663961038961039,
global_c_near_far,global_c,far,,power,t_iut,,0.0779220779220779,0.0,0.323051948051948,
global_c_near_far,global_c,far,,power,t_iut,,0.0537438038090268,,,
global_c_near_far,global_c,far,,power,t_iut,,0.0537438038090268,,,
global_c_near_far,global_c,far,,power,t_iut,,0.0537438038090268,,,
global_c_near_far,global_c,far,,power,t_iut,,0.0537438038090268,,,
global_c_near_far,global_c,far,,power,t_iut,,0.0537438038090268,,,
global_c_near_far,global_c,far,,power,t_iut,,0.0537438038090268,,,
global_c_near_far,global_c,far,,power,t_iut,,0.0537438038090268,,,
global_c_near_far,global_c,far,,power,t_iut,,0.0537438038090268,,,
global_c_near_far,global_c,far,,power,t_iut,,0.0537438038090268,,,
global_c_near_far,global_c,far,,power,t_iut,,0.0537438038090268,,,
global_c_near_far,global_c,far,,power,t_iut,,0.0537438038090268,,,
global_c_near_far,global_c,far,,power,t_iut,,0.0537438038090268,,,
global_c_near_far,global_c,far,,power,t_iut,,0.0537438038090268,,,
global_c_near_far,global_c,far,,power,t_iut,,0.0537438038090268,,,
global_c_near_far,global_c,far,,power,t_iut,,0.0537438038090268,,,
global_c_near_far,global_c,far,,power,z_mahalanobis_sq,,0.0476190476190476,0.0,0.6071428571428572,
global_c_near_far,global_c,far,,power,z_mahalanobis_sq,,0.0476190476190476,0.0,0.119047619047619,
global_c_near_far,global_c,far,,power,z_mahalanobis_sq,,0.0357142857142857,1.0,0.9761904761904762,
global_c_near_far,global_c,far,,power,z_mahalanobis_sq,,0.0476190476190476,0.0,0.7380952380952381,
global_c_near_far,global_c,far,,power,z_mahalanobis_sq,,0.0476190476190476,0.0,0.5,
global_c_near_far,global_c,far,,power,z_mahalanobis_sq,,0.0493827160493827,0.0,0.5802469135802469,
global_c_near_far,global_c,far,,power,z_mahalanobis_sq,,0.037037037037037,0.25,0.7839506172839507,
global_c_near_far,global_c,far,,power,z_mahalanobis_sq,,0.0493827160493827,0.0,0.5987654320987654,
global_c_near_far,global_c,far,,power,z_mahalanobis_sq,,0.0493827160493827,0.0,0.4228395061728395,
global_c_near_far,global_c,far,,power,z_mahalanobis_sq,,0.0493827160493827,0.0,0.3302469135802469,
global_c_near_far,global_c,far,,power,z_mahalanobis_sq,,0.0389610389610389,0.125,0.3766233766233766,
global_c_near_far,global_c,far,,power,z_mahalanobis_sq,,0.0519480519480519,0.0,0.5308441558441559,
global_c_near_far,global_c,far,,power,z_mahalanobis_sq,,0.0389610389610389,0.125,0.5665584415584415,
global_c_near_far,global_c,far,,power,z_mahalanobis_sq,,0.0389610389610389,0.125,0.7305194805194806,
global_c_near_far,global_c,far,,power,z_mahalanobis_sq,,0.0389610389610389,0.25,0.6168831168831169,
global_c_near_far,global_c,far,,power,z_mahalanobis_sq,,0.3954351456670996,,,
global_c_near_far,global_c,far,,power,z_mahalanobis_sq,,0.3954351456670996,,,
global_c_near_far,global_c,far,,power,z_mahalanobis_sq,,0.3954351456670996,,,
global_c_near_far,global_c,far,,power,z_mahalanobis_sq,,0.3954351456670996,,,
global_c_near_far,global_c,far,,power,z_mahalanobis_sq,,0.3954351456670996,,,
global_c_near_far,global_c,far,,power,z_mahalanobis_sq,,0.3954351456670996,,,
global_c_near_far,global_c,far,,power,z_mahalanobis_sq,,0.3954351456670996,,,
global_c_near_far,global_c,far,,power,z_mahalanobis_sq,,0.3954351456670996,,,
global_c_near_far,global_c,far,,power,z_mahalanobis_sq,,0.3954351456670996,,,
global_c_near_far,global_c,far,,power,z_mahalanobis_sq,,0.3954351456670996,,,
global_c_near_far,global_c,far,,power,z_mahalanobis_sq,,0.3954351456670996,,,
global_c_near_far,global_c,far,,power,z_mahalanobis_sq,,0.3954351456670996,,,
global_c_near_far,global_c,far,,power,z_mahalanobis_sq,,0.3954351456670996,,,
global_c_near_far,global_c,far,,power,z_mahalanobis_sq,,0.3954351456670996,,,
global_c_near_far,global_c,far,,power,z_mahalanobis_sq,,0.3954351456670996,,,
global_c_near_far,global_c,far,,power,z_plus,,0.0476190476190476,0.0,0.4761904761904761,
global_c_near_far,global_c,far,,power,z_plus,,0.0476190476190476,0.0,0.2261904761904761,
global_c_near_far,global_c,far,,power,z_plus,,0.0476190476190476,0.0,0.9047619047619048,
global_c_near_far,global_c,far,,power,z_plus,,0.0476190476190476,0.0,0.6309523809523809,
global_c_near_far,global_c,far,,power,z_plus,,0.0476190476190476,0.0,0.5,
global_c_near_far,global_c,far,,power,z_plus,,0.0493827160493827,0.0,0.5061728395061729,
global_c_near_far,global_c,far,,power,z_plus,,0.0493827160493827,0.5,0.6975308641975309,
global_c_near_far,global_c,far,,power,z_plus,,0.037037037037037,0.25,0.654320987654321,
global_c_near_far,global_c,far,,power,z_plus,,0.0493827160493827,0.0,0.4074074074074074,
global_c_near_far,global_c,far,,power,z_plus,,0.0493827160493827,0.0,0.4753086419753086,
global_c_near_far,global_c,far,,power,z_plus,,0.0389610389610389,0.125,0.4415584415584416,
global_c_near_far,global_c,far,,power,z_plus,,0.0389610389610389,0.125,0.6444805194805194,
global_c_near_far,global_c,far,,power,z_plus,,0.0519480519480519,0.125,0.6038961038961039,
global_c_near_far,global_c,far,,power,z_plus,,0.0259740259740259,0.25,0.7451298701298702,
global_c_near_far,global_c,far,,power,z_plus,,0.0519480519480519,0.125,0.5811688311688312,
global_c_near_far,global_c,far,,power,z_plus,,0.1942777632837638,,,
global_c_near_far,global_c,far,,power,z_plus,,0.1942777632837638,,,
global_c_near_far,global_c,far,,power,z_plus,,0.1942777632837638,,,
global_c_near_far,global_c,far,,power,z_plus,,0.1942777632837638,,,
global_c_near_far,global_c,far,,power,z_plus,,0.1942777632837638,,,
global_c_near_far,global_c,far,,power,z_plus,,0.1942777632837638,,,
global_c_near_far,global_c,far,,power,z_plus,,0.1942777632837638,,,
global_c_near_far,global_c,far,,power,z_plus,,0.1942777632837638,,,
global_c_near_far,global_c,far,,power,z_plus,,0.1942777632837638,,,
global_c_near_far,global_c,far,,power,z_plus,,0.1942777632837638,,,
global_c_near_far,global_c,far,,power,z_plus,,0.1942777632837638,,,
global_c_near_far,global_c,far,,power,z_plus,,0.1942777632837638,,,
global_c_near_far,global_c,far,,power,z_plus,,0.1942777632837638,,,
global_c_near_far,global_c,far,,power,z_plus,,0.1942777632837638,,,
global_c_near_far,global_c,far,,power,z_plus,,0.1942777632837638,,,
global_c_near_far,global_c,far,,power,z_plus_orth,,0.0357142857142857,0.0,0.4166666666666666,
global_c_near_far,global_c,far,,power,z_plus_orth,,0.0357142857142857,0.0,0.2738095238095238,
global_c_near_far,global_c,far,,power,z_plus_orth,,0.0357142857142857,1.0,1.0,
global_c_near_far,global_c,far,,power,z_plus_orth,,0.0357142857142857,0.0,0.5,
global_c_near_far,global_c,far,,power,z_plus_orth,,0.0357142857142857,0.0,0.3809523809523809,
global_c_near_far,global_c,far,,power,z_plus_orth,,0.037037037037037,0.0,0.5493827160493827,
global_c_near_far,global_c,far,,power,z_plus_orth,,0.037037037037037,0.5,0.7438271604938272,
global_c_near_far,global_c,far,,power,z_plus_orth,,0.0246913580246913,0.25,0.5864197530864198,
global_c_near_far,global_c,far,,power,z_plus_orth,,0.037037037037037,0.0,0.4475308641975308,
global_c_near_far,global_c,far,,power,z_plus_orth,,0.037037037037037,0.0,0.4691358024691358,
global_c_near_far,global_c,far,,power,z_plus_orth,,0.0389610389610389,0.0,0.387987012987013,
global_c_near_far,global_c,far,,power,z_plus_orth,,0.0389610389610389,0.25,0.6217532467532467,
global_c_near_far,global_c,far,,power,z_plus_orth,,0.0389610389610389,0.25,0.6103896103896104,
global_c_near_far,global_c,far,,power,z_plus_orth,,0.0389610389610389,0.25,0.7061688311688311,
global_c_near_far,global_c,far,,power,z_plus_orth,,0.0389610389610389,0.125,0.5762987012987013,
global_c_near_far,global_c,far,,power,z_plus_orth,,0.232004281509232,,,
global_c_near_far,global_c,far,,power,z_plus_orth,,0.232004281509232,,,
global_c_near_far,global_c,far,,power,z_plus_orth,,0.232004281509232,,,
global_c_near_far,global_c,far,,power,z_plus_orth,,0.232004281509232,,,
global_c_near_far,global_c,far,,power,z_plus_orth,,0.232004281509232,,,
global_c_near_far,global_c,far,,power,z_plus_orth,,0.232004281509232,,,
global_c_near_far,global_c,far,,power,z_plus_orth,,0.232004281509232,,,
global_c_near_far,global_c,far,,power,z_plus_orth,,0.232004281509232,,,
global_c_near_far,global_c,far,,power,z_plus_orth,,0.232004281509232,,,
global_c_near_far,global_c,far,,power,z_plus_orth,,0.232004281509232,,,
global_c_near_far,global_c,far,,power,z_plus_orth,,0.232004281509232,,,
global_c_near_far,global_c,far,,power,z_plus_orth,,0.232004281509232,,,
global_c_near_far,global_c,far,,power,z_plus_orth,,0.232004281509232,,,
global_c_near_far,global_c,far,,power,z_plus_orth,,0.232004281509232,,,
global_c_near_far,global_c,far,,power,z_plus_orth,,0.232004281509232,,,
global_c_near_far,global_c,far,,power,z_plus_renorm,,0.0357142857142857,0.0,0.3571428571428571,
global_c_near_far,global_c,far,,power,z_plus_renorm,,0.0357142857142857,0.0,0.25,
global_c_near_far,global_c,far,,power,z_plus_renorm,,0.0357142857142857,0.0,0.8452380952380952,
global_c_near_far,global_c,far,,power,z_plus_renorm,,0.0357142857142857,0.0,0.5357142857142857,
global_c_near_far,global_c,far,,power,z_plus_renorm,,0.0357142857142857,0.0,0.369047619047619,
global_c_near_far,global_c,far,,power,z_plus_renorm,,0.037037037037037,0.0,0.5030864197530864,
global_c_near_far,global_c,far,,power,z_plus_renorm,,0.037037037037037,0.0,0.7345679012345679,
global_c_near_far,global_c,far,,power,z_plus_renorm,,0.037037037037037,0.25,0.6697530864197531,
global_c_near_far,global_c,far,,power,z_plus_renorm,,0.037037037037037,0.0,0.4166666666666667,
global_c_near_far,global_c,far,,power,z_plus_renorm,,0.037037037037037,0.0,0.3888888888888889,
global_c_near_far,global_c,far,,power,z_plus_renorm,,0.0389610389610389,0.0,0.3668831168831169,
global_c_near_far,global_c,far,,power,z_plus_renorm,,0.0389610389610389,0.0,0.5698051948051948,
global_c_near_far,global_c,far,,power,z_plus_renorm,,0.0389610389610389,0.0,0.5827922077922078,
global_c_near_far,global_c,far,,power,z_plus_renorm,,0.0259740259740259,0.125,0.6672077922077921,
global_c_near_far,global_c,far,,power,z_plus_renorm,,0.0389610389610389,0.0,0.5064935064935066,
global_c_near_far,global_c,far,,power,z_plus_renorm,,0.2201409330122201,,,
global_c_near_far,global_c,far,,power,z_plus_renorm,,0.2201409330122201,,,
global_c_near_far,global_c,far,,power,z_plus_renorm,,0.2201409330122201,,,
global_c_near_far,global_c,far,,power,z_plus_renorm,,0.2201409330122201,,,
global_c_near_far,global_c,far,,power,z_plus_renorm,,0.2201409330122201,,,
global_c_near_far,global_c,far,,power,z_plus_renorm,,0.2201409330122201,,,
global_c_near_far,global_c,far,,power,z_plus_renorm,,0.2201409330122201,,,
global_c_near_far,global_c,far,,power,z_plus_renorm,,0.2201409330122201,,,
global_c_near_far,global_c,far,,power,z_plus_renorm,,0.2201409330122201,,,
global_c_near_far,global_c,far,,power,z_plus_renorm,,0.2201409330122201,,,
global_c_near_far,global_c,far,,power,z_plus_renorm,,0.2201409330122201,,,
global_c_near_far,global_c,far,,power,z_plus_renorm,,0.2201409330122201,,,
global_c_near_far,global_c,far,,power,z_plus_renorm,,0.2201409330122201,,,
global_c_near_far,global_c,far,,power,z_plus_renorm,,0.2201409330122201,,,
global_c_near_far,global_c,far,,power,z_plus_renorm,,0.2201409330122201,,,
global_c_near_far,global_c,far,,power,z_plus_softmax,,0.0595238095238095,0.0,0.369047619047619,
global_c_near_far,global_c,far,,power,z_plus_softmax,,0.0595238095238095,0.0,0.3095238095238095,
global_c_near_far,global_c,far,,power,z_plus_softmax,,0.0595238095238095,1.0,1.0,
global_c_near_far,global_c,far,,power,z_plus_softmax,,0.0595238095238095,0.0,0.5357142857142857,
global_c_near_far,global_c,far,,power,z_plus_softmax,,0.0595238095238095,0.0,0.4404761904761904,
global_c_near_far,global_c,far,,power,z_plus_softmax,,0.0617283950617283,0.0,0.5216049382716049,
global_c_near_far,global_c,far,,power,z_plus_softmax,,0.0617283950617283,0.25,0.7469135802469137,
global_c_near_far,global_c,far,,power,z_plus_softmax,,0.0493827160493827,0.25,0.6018518518518517,
global_c_near_far,global_c,far,,power,z_plus_softmax,,0.0617283950617283,0.0,0.4444444444444445,
global_c_near_far,global_c,far,,power,z_plus_softmax,,0.0617283950617283,0.0,0.4814814814814815,
global_c_near_far,global_c,far,,power,z_plus_softmax,,0.0519480519480519,0.0,0.3912337662337662,
global_c_near_far,global_c,far,,power,z_plus_softmax,,0.0649350649350649,0.25,0.6185064935064934,
global_c_near_far,global_c,far,,power,z_plus_softmax,,0.0519480519480519,0.25,0.6136363636363636,
global_c_near_far,global_c,far,,power,z_plus_softmax,,0.0519480519480519,0.125,0.7012987012987013,
global_c_near_far,global_c,far,,power,z_plus_softmax,,0.0649350649350649,0.125,0.564935064935065,
global_c_near_far,global_c,far,,power,z_plus_softmax,,0.2245116403532245,,,
global_c_near_far,global_c,far,,power,z_plus_softmax,,0.2245116403532245,,,
global_c_near_far,global_c,far,,power,z_plus_softmax,,0.2245116403532245,,,
global_c_near_far,global_c,far,,power,z_plus_softmax,,0.2245116403532245,,,
global_c_near_far,global_c,far,,power,z_plus_softmax,,0.2245116403532245,,,
global_c_near_far,global_c,far,,power,z_plus_softmax,,0.2245116403532245,,,
global_c_near_far,global_c,far,,power,z_plus_softmax,,0.2245116403532245,,,
global_c_near_far,global_c,far,,power,z_plus_softmax,,0.2245116403532245,,,
global_c_near_far,global_c,far,,power,z_plus_softmax,,0.2245116403532245,,,
global_c_near_far,global_c,far,,power,z_plus_softmax,,0.2245116403532245,,,
global_c_near_far,global_c,far,,power,z_plus_softmax,,0.2245116403532245,,,
global_c_near_far,global_c,far,,power,z_plus_softmax,,0.2245116403532245,,,
global_c_near_far,global_c,far,,power,z_plus_softmax,,0.2245116403532245,,,
global_c_near_far,global_c,far,,power,z_plus_softmax,,0.2245116403532245,,,
global_c_near_far,global_c,far,,power,z_plus_softmax,,0.2245116403532245,,,
global_c_near_far,global_c,near,,power,breadth,,0.0181818181818181,0.0,0.9545454545454546,
global_c_near_far,global_c,near,,power,breadth,,0.0181818181818181,0.0,0.1454545454545454,
global_c_near_far,global_c,near,,power,breadth,,0.0181818181818181,0.0,0.5909090909090909,
global_c_near_far,global_c,near,,power,breadth,,0.0181818181818181,0.0,0.1363636363636363,
global_c_near_far,global_c,near,,power,breadth,,0.0181818181818181,0.0,0.5909090909090909,
global_c_near_far,global_c,near,,power,breadth,,0.0188679245283018,0.0,0.5628930817610063,
global_c_near_far,global_c,near,,power,breadth,,0.0188679245283018,0.0,0.5974842767295597,
global_c_near_far,global_c,near,,power,breadth,,0.0188679245283018,0.0,0.4842767295597484,
global_c_near_far,global_c,near,,power,breadth,,0.0188679245283018,0.0,0.5031446540880503,
global_c_near_far,global_c,near,,power,breadth,,0.0188679245283018,0.0,0.2358490566037735,
global_c_near_far,global_c,near,,power,breadth,,0.02,0.0,0.4983333333333333,
global_c_near_far,global_c,near,,power,breadth,,0.02,0.0,0.7,
global_c_near_far,global_c,near,,power,breadth,,0.02,0.0,0.6183333333333334,
global_c_near_far,global_c,near,,power,breadth,,0.02,0.0,0.3066666666666666,
global_c_near_far,global_c,near,,power,breadth,,0.02,0.0,0.4716666666666667,
global_c_near_far,global_c,near,,power,breadth,,0.0045221323593355,,,
global_c_near_far,global_c,near,,power,breadth,,0.0045221323593355,,,
global_c_near_far,global_c,near,,power,breadth,,0.0045221323593355,,,
global_c_near_far,global_c,near,,power,breadth,,0.0045221323593355,,,
global_c_near_far,global_c,near,,power,breadth,,0.0045221323593355,,,
global_c_near_far,global_c,near,,power,breadth,,0.0045221323593355,,,
global_c_near_far,global_c,near,,power,breadth,,0.0045221323593355,,,
global_c_near_far,global_c,near,,power,breadth,,0.0045221323593355,,,
global_c_near_far,global_c,near,,power,breadth,,0.0045221323593355,,,
global_c_near_far,global_c,near,,power,breadth,,0.0045221323593355,,,
global_c_near_far,global_c,near,,power,breadth,,0.0045221323593355,,,
global_c_near_far,global_c,near,,power,breadth,,0.0045221323593355,,,
global_c_near_far,global_c,near,,power,breadth,,0.0045221323593355,,,
global_c_near_far,global_c,near,,power,breadth,,0.0045221323593355,,,
global_c_near_far,global_c,near,,power,breadth,,0.0045221323593355,,,
global_c_near_far,global_c,near,,power,t_iut,,0.0181818181818181,0.0,0.1272727272727273,
global_c_near_far,global_c,near,,power,t_iut,,0.0181818181818181,0.0,0.2363636363636363,
global_c_near_far,global_c,near,,power,t_iut,,0.0181818181818181,0.0,0.4,
global_c_near_far,global_c,near,,power,t_iut,,0.0181818181818181,0.0,0.0363636363636363,
global_c_near_far,global_c,near,,power,t_iut,,0.0181818181818181,0.0,0.0181818181818181,
global_c_near_far,global_c,near,,power,t_iut,,0.0188679245283018,0.0,0.830188679245283,
global_c_near_far,global_c,near,,power,t_iut,,0.0188679245283018,0.0,0.4716981132075471,
global_c_near_far,global_c,near,,power,t_iut,,0.0188679245283018,0.3333333333333333,0.559748427672956,
global_c_near_far,global_c,near,,power,t_iut,,0.0188679245283018,0.0,0.6981132075471698,
global_c_near_far,global_c,near,,power,t_iut,,0.0188679245283018,0.0,0.5471698113207547,
global_c_near_far,global_c,near,,power,t_iut,,0.02,0.0,0.3766666666666666,
global_c_near_far,global_c,near,,power,t_iut,,0.02,0.0,0.6033333333333334,
global_c_near_far,global_c,near,,power,t_iut,,0.02,0.0,0.3533333333333333,
global_c_near_far,global_c,near,,power,t_iut,,0.02,0.0,0.4766666666666667,
global_c_near_far,global_c,near,,power,t_iut,,0.02,0.1666666666666666,0.47,
global_c_near_far,global_c,near,,power,t_iut,,0.0537438038090268,,,
global_c_near_far,global_c,near,,power,t_iut,,0.0537438038090268,,,
global_c_near_far,global_c,near,,power,t_iut,,0.0537438038090268,,,
global_c_near_far,global_c,near,,power,t_iut,,0.0537438038090268,,,
global_c_near_far,global_c,near,,power,t_iut,,0.0537438038090268,,,
global_c_near_far,global_c,near,,power,t_iut,,0.0537438038090268,,,
global_c_near_far,global_c,near,,power,t_iut,,0.0537438038090268,,,
global_c_near_far,global_c,near,,power,t_iut,,0.0537438038090268,,,
global_c_near_far,global_c,near,,power,t_iut,,0.0537438038090268,,,
global_c_near_far,global_c,near,,power,t_iut,,0.0537438038090268,,,
global_c_near_far,global_c,near,,power,t_iut,,0.0537438038090268,,,
global_c_near_far,global_c,near,,power,t_iut,,0.0537438038090268,,,
global_c_near_far,global_c,near,,power,t_iut,,0.0537438038090268,,,
global_c_near_far,global_c,near,,power,t_iut,,0.0537438038090268,,,
global_c_near_far,global_c,near,,power,t_iut,,0.0537438038090268,,,
global_c_near_far,global_c,near,,power,z_mahalanobis_sq,,0.0727272727272727,0.0,0.8545454545454545,
global_c_near_far,global_c,near,,power,z_mahalanobis_sq,,0.0727272727272727,0.0,0.0363636363636363,
global_c_near_far,global_c,near,,power,z_mahalanobis_sq,,0.0545454545454545,1.0,1.0,
global_c_near_far,global_c,near,,power,z_mahalanobis_sq,,0.0727272727272727,0.0,0.5636363636363637,
global_c_near_far,global_c,near,,power,z_mahalanobis_sq,,0.0727272727272727,0.0,0.7636363636363637,
global_c_near_far,global_c,near,,power,z_mahalanobis_sq,,0.0754716981132075,0.0,0.7106918238993711,
global_c_near_far,global_c,near,,power,z_mahalanobis_sq,,0.0754716981132075,0.0,0.3396226415094339,
global_c_near_far,global_c,near,,power,z_mahalanobis_sq,,0.0754716981132075,0.0,0.5345911949685535,
global_c_near_far,global_c,near,,power,z_mahalanobis_sq,,0.0754716981132075,0.0,0.3333333333333333,
global_c_near_far,global_c,near,,power,z_mahalanobis_sq,,0.0754716981132075,0.0,0.2264150943396226,
global_c_near_far,global_c,near,,power,z_mahalanobis_sq,,0.08,0.0,0.61,
global_c_near_far,global_c,near,,power,z_mahalanobis_sq,,0.06,0.1666666666666666,0.36,
global_c_near_far,global_c,near,,power,z_mahalanobis_sq,,0.06,0.1666666666666666,0.5633333333333334,
global_c_near_far,global_c,near,,power,z_mahalanobis_sq,,0.08,0.0,0.5266666666666666,
global_c_near_far,global_c,near,,power,z_mahalanobis_sq,,0.06,0.1666666666666666,0.3233333333333333,
global_c_near_far,global_c,near,,power,z_mahalanobis_sq,,0.3954351456670996,,,
global_c_near_far,global_c,near,,power,z_mahalanobis_sq,,0.3954351456670996,,,
global_c_near_far,global_c,near,,power,z_mahalanobis_sq,,0.3954351456670996,,,
global_c_near_far,global_c,near,,power,z_mahalanobis_sq,,0.3954351456670996,,,
global_c_near_far,global_c,near,,power,z_mahalanobis_sq,,0.3954351456670996,,,
global_c_near_far,global_c,near,,power,z_mahalanobis_sq,,0.3954351456670996,,,
global_c_near_far,global_c,near,,power,z_mahalanobis_sq,,0.3954351456670996,,,
global_c_near_far,global_c,near,,power,z_mahalanobis_sq,,0.3954351456670996,,,
global_c_near_far,global_c,near,,power,z_mahalanobis_sq,,0.3954351456670996,,,
global_c_near_far,global_c,near,,power,z_mahalanobis_sq,,0.3954351456670996,,,
global_c_near_far,global_c,near,,power,z_mahalanobis_sq,,0.3954351456670996,,,
global_c_near_far,global_c,near,,power,z_mahalanobis_sq,,0.3954351456670996,,,
global_c_near_far,global_c,near,,power,z_mahalanobis_sq,,0.3954351456670996,,,
global_c_near_far,global_c,near,,power,z_mahalanobis_sq,,0.3954351456670996,,,
global_c_near_far,global_c,near,,power,z_mahalanobis_sq,,0.3954351456670996,,,
global_c_near_far,global_c,near,,power,z_plus,,0.0545454545454545,0.0,0.9272727272727272,
global_c_near_far,global_c,near,,power,z_plus,,0.0545454545454545,0.0,0.0545454545454545,
global_c_near_far,global_c,near,,power,z_plus,,0.0545454545454545,0.0,0.9454545454545454,
global_c_near_far,global_c,near,,power,z_plus,,0.0545454545454545,0.0,0.1272727272727273,
global_c_near_far,global_c,near,,power,z_plus,,0.0545454545454545,0.0,0.7454545454545455,
global_c_near_far,global_c,near,,power,z_plus,,0.0566037735849056,0.0,0.7924528301886793,
global_c_near_far,global_c,near,,power,z_plus,,0.0566037735849056,0.0,0.4528301886792453,
global_c_near_far,global_c,near,,power,z_plus,,0.0377358490566037,0.3333333333333333,0.5220125786163522,
global_c_near_far,global_c,near,,power,z_plus,,0.0566037735849056,0.0,0.3836477987421383,
global_c_near_far,global_c,near,,power,z_plus,,0.0566037735849056,0.0,0.1194968553459119,
global_c_near_far,global_c,near,,power,z_plus,,0.04,0.1666666666666666,0.4633333333333333,
global_c_near_far,global_c,near,,power,z_plus,,0.04,0.1666666666666666,0.4566666666666666,
global_c_near_far,global_c,near,,power,z_plus,,0.04,0.1666666666666666,0.5866666666666667,
global_c_near_far,global_c,near,,power,z_plus,,0.06,0.0,0.4333333333333333,
global_c_near_far,global_c,near,,power,z_plus,,0.04,0.1666666666666666,0.42,
global_c_near_far,global_c,near,,power,z_plus,,0.1942777632837638,,,
global_c_near_far,global_c,near,,power,z_plus,,0.1942777632837638,,,
global_c_near_far,global_c,near,,power,z_plus,,0.1942777632837638,,,
global_c_near_far,global_c,near,,power,z_plus,,0.1942777632837638,,,
global_c_near_far,global_c,near,,power,z_plus,,0.1942777632837638,,,
global_c_near_far,global_c,near,,power,z_plus,,0.1942777632837638,,,
global_c_near_far,global_c,near,,power,z_plus,,0.1942777632837638,,,
global_c_near_far,global_c,near,,power,z_plus,,0.1942777632837638,,,
global_c_near_far,global_c,near,,power,z_plus,,0.1942777632837638,,,
global_c_near_far,global_c,near,,power,z_plus,,0.1942777632837638,,,
global_c_near_far,global_c,near,,power,z_plus,,0.1942777632837638,,,
global_c_near_far,global_c,near,,power,z_plus,,0.1942777632837638,,,
global_c_near_far,global_c,near,,power,z_plus,,0.1942777632837638,,,
global_c_near_far,global_c,near,,power,z_plus,,0.1942777632837638,,,
global_c_near_far,global_c,near,,power,z_plus,,0.1942777632837638,,,
global_c_near_far,global_c,near,,power,z_plus_orth,,0.0727272727272727,0.0,0.8181818181818181,
global_c_near_far,global_c,near,,power,z_plus_orth,,0.0727272727272727,0.0,0.0363636363636363,
global_c_near_far,global_c,near,,power,z_plus_orth,,0.0727272727272727,1.0,0.9636363636363636,
global_c_near_far,global_c,near,,power,z_plus_orth,,0.0727272727272727,0.0,0.2545454545454545,
global_c_near_far,global_c,near,,power,z_plus_orth,,0.0727272727272727,0.0,0.6909090909090909,
global_c_near_far,global_c,near,,power,z_plus_orth,,0.0566037735849056,0.6666666666666666,0.8867924528301887,
global_c_near_far,global_c,near,,power,z_plus_orth,,0.0754716981132075,0.0,0.4276729559748427,
global_c_near_far,global_c,near,,power,z_plus_orth,,0.0754716981132075,0.0,0.4591194968553458,
global_c_near_far,global_c,near,,power,z_plus_orth,,0.0566037735849056,0.0,0.3333333333333333,
global_c_near_far,global_c,near,,power,z_plus_orth,,0.0754716981132075,0.0,0.1823899371069182,
global_c_near_far,global_c,near,,power,z_plus_orth,,0.08,0.0,0.4666666666666667,
global_c_near_far,global_c,near,,power,z_plus_orth,,0.08,0.0,0.35,
global_c_near_far,global_c,near,,power,z_plus_orth,,0.08,0.2,0.5880000000000001,
global_c_near_far,global_c,near,,power,z_plus_orth,,0.06,0.1666666666666666,0.5533333333333333,
global_c_near_far,global_c,near,,power,z_plus_orth,,0.08,0.0,0.3366666666666666,
global_c_near_far,global_c,near,,power,z_plus_orth,,0.232004281509232,,,
global_c_near_far,global_c,near,,power,z_plus_orth,,0.232004281509232,,,
global_c_near_far,global_c,near,,power,z_plus_orth,,0.232004281509232,,,
global_c_near_far,global_c,near,,power,z_plus_orth,,0.232004281509232,,,
global_c_near_far,global_c,near,,power,z_plus_orth,,0.232004281509232,,,
global_c_near_far,global_c,near,,power,z_plus_orth,,0.232004281509232,,,
global_c_near_far,global_c,near,,power,z_plus_orth,,0.232004281509232,,,
global_c_near_far,global_c,near,,power,z_plus_orth,,0.232004281509232,,,
global_c_near_far,global_c,near,,power,z_plus_orth,,0.232004281509232,,,
global_c_near_far,global_c,near,,power,z_plus_orth,,0.232004281509232,,,
global_c_near_far,global_c,near,,power,z_plus_orth,,0.232004281509232,,,
global_c_near_far,global_c,near,,power,z_plus_orth,,0.232004281509232,,,
global_c_near_far,global_c,near,,power,z_plus_orth,,0.232004281509232,,,
global_c_near_far,global_c,near,,power,z_plus_orth,,0.232004281509232,,,
global_c_near_far,global_c,near,,power,z_plus_orth,,0.232004281509232,,,
global_c_near_far,global_c,near,,power,z_plus_renorm,,0.0727272727272727,0.0,0.6909090909090909,
global_c_near_far,global_c,near,,power,z_plus_renorm,,0.0727272727272727,0.0,0.0545454545454545,
global_c_near_far,global_c,near,,power,z_plus_renorm,,0.0727272727272727,0.0,0.9090909090909092,
global_c_near_far,global_c,near,,power,z_plus_renorm,,0.0727272727272727,0.0,0.4181818181818182,
global_c_near_far,global_c,near,,power,z_plus_renorm,,0.0727272727272727,0.0,0.7454545454545455,
global_c_near_far,global_c,near,,power,z_plus_renorm,,0.0566037735849056,0.3333333333333333,0.7987421383647799,
global_c_near_far,global_c,near,,power,z_plus_renorm,,0.0754716981132075,0.0,0.3710691823899371,
global_c_near_far,global_c,near,,power,z_plus_renorm,,0.0754716981132075,0.0,0.5974842767295597,
global_c_near_far,global_c,near,,power,z_plus_renorm,,0.0754716981132075,0.0,0.3962264150943396,
global_c_near_far,global_c,near,,power,z_plus_renorm,,0.0754716981132075,0.0,0.2767295597484276,
global_c_near_far,global_c,near,,power,z_plus_renorm,,0.06,0.0,0.5066666666666666,
global_c_near_far,global_c,near,,power,z_plus_renorm,,0.08,0.0,0.37,
global_c_near_far,global_c,near,,power,z_plus_renorm,,0.08,0.0,0.5960000000000001,
global_c_near_far,global_c,near,,power,z_plus_renorm,,0.06,0.1666666666666666,0.5700000000000001,
global_c_near_far,global_c,near,,power,z_plus_renorm,,0.08,0.0,0.4066666666666667,
global_c_near_far,global_c,near,,power,z_plus_renorm,,0.2201409330122201,,,
global_c_near_far,global_c,near,,power,z_plus_renorm,,0.2201409330122201,,,
global_c_near_far,global_c,near,,power,z_plus_renorm,,0.2201409330122201,,,
global_c_near_far,global_c,near,,power,z_plus_renorm,,0.2201409330122201,,,
global_c_near_far,global_c,near,,power,z_plus_renorm,,0.2201409330122201,,,
global_c_near_far,global_c,near,,power,z_plus_renorm,,0.2201409330122201,,,
global_c_near_far,global_c,near,,power,z_plus_renorm,,0.2201409330122201,,,
global_c_near_far,global_c,near,,power,z_plus_renorm,,0.2201409330122201,,,
global_c_near_far,global_c,near,,power,z_plus_renorm,,0.2201409330122201,,,
global_c_near_far,global_c,near,,power,z_plus_renorm,,0.2201409330122201,,,
global_c_near_far,global_c,near,,power,z_plus_renorm,,0.2201409330122201,,,
global_c_near_far,global_c,near,,power,z_plus_renorm,,0.2201409330122201,,,
global_c_near_far,global_c,near,,power,z_plus_renorm,,0.2201409330122201,,,
global_c_near_far,global_c,near,,power,z_plus_renorm,,0.2201409330122201,,,
global_c_near_far,global_c,near,,power,z_plus_renorm,,0.2201409330122201,,,
global_c_near_far,global_c,near,,power,z_plus_softmax,,0.0727272727272727,0.0,0.8545454545454545,
global_c_near_far,global_c,near,,power,z_plus_softmax,,0.0727272727272727,0.0,0.0363636363636363,
global_c_near_far,global_c,near,,power,z_plus_softmax,,0.0727272727272727,1.0,0.9454545454545454,
global_c_near_far,global_c,near,,power,z_plus_softmax,,0.0727272727272727,0.0,0.2727272727272727,
global_c_near_far,global_c,near,,power,z_plus_softmax,,0.0727272727272727,0.0,0.6909090909090909,
global_c_near_far,global_c,near,,power,z_plus_softmax,,0.0566037735849056,0.6666666666666666,0.8867924528301887,
global_c_near_far,global_c,near,,power,z_plus_softmax,,0.0754716981132075,0.0,0.4150943396226415,
global_c_near_far,global_c,near,,power,z_plus_softmax,,0.0754716981132075,0.0,0.4654088050314465,
global_c_near_far,global_c,near,,power,z_plus_softmax,,0.0566037735849056,0.0,0.3333333333333333,
global_c_near_far,global_c,near,,power,z_plus_softmax,,0.0754716981132075,0.0,0.1949685534591194,
global_c_near_far,global_c,near,,power,z_plus_softmax,,0.08,0.0,0.4766666666666667,
global_c_near_far,global_c,near,,power,z_plus_softmax,,0.08,0.0,0.3566666666666666,
global_c_near_far,global_c,near,,power,z_plus_softmax,,0.08,0.2,0.584,
global_c_near_far,global_c,near,,power,z_plus_softmax,,0.06,0.1666666666666666,0.5566666666666666,
global_c_near_far,global_c,near,,power,z_plus_softmax,,0.08,0.0,0.3333333333333333,
global_c_near_far,global_c,near,,power,z_plus_softmax,,0.2245116403532245,,,
global_c_near_far,global_c,near,,power,z_plus_softmax,,0.2245116403532245,,,
global_c_near_far,global_c,near,,power,z_plus_softmax,,0.2245116403532245,,,
global_c_near_far,global_c,near,,power,z_plus_softmax,,0.2245116403532245,,,
global_c_near_far,global_c,near,,power,z_plus_softmax,,0.2245116403532245,,,
global_c_near_far,global_c,near,,power,z_plus_softmax,,0.2245116403532245,,,
global_c_near_far,global_c,near,,power,z_plus_softmax,,0.2245116403532245,,,
global_c_near_far,global_c,near,,power,z_plus_softmax,,0.2245116403532245,,,
global_c_near_far,global_c,near,,power,z_plus_softmax,,0.2245116403532245,,,
global_c_near_far,global_c,near,,power,z_plus_softmax,,0.2245116403532245,,,
global_c_near_far,global_c,near,,power,z_plus_softmax,,0.2245116403532245,,,
global_c_near_far,global_c,near,,power,z_plus_softmax,,0.2245116403532245,,,
global_c_near_far,global_c,near,,power,z_plus_softmax,,0.2245116403532245,,,
global_c_near_far,global_c,near,,power,z_plus_softmax,,0.2245116403532245,,,
global_c_near_far,global_c,near,,power,z_plus_softmax,,0.2245116403532245,,,
iid_transfer,2006-2012,,,calibration_diagnostic,,,,,,failed: phase2: only 10 complete z-vectors in C (< 30); Σ̂ not estimable.
iid_transfer,2006-2013,,,calibration_diagnostic,,,,,,failed: phase2: only 19 complete z-vectors in C (< 30); Σ̂ not estimable.
iid_transfer,2006-2014,,2012.0,annual_fpr,z_mahalanobis_sq,10.0,0.0769230769230769,,,
iid_transfer,2006-2014,,2013.0,annual_fpr,z_mahalanobis_sq,11.0,0.0666666666666666,,,
iid_transfer,2006-2014,,2014.0,annual_fpr,z_mahalanobis_sq,13.0,0.0454545454545454,,,
iid_transfer,2006-2014,,2015.0,annual_fpr,z_mahalanobis_sq,10.0,0.0588235294117647,,,
iid_transfer,2006-2014,,2016.0,annual_fpr,z_mahalanobis_sq,10.0,0.0,,,
iid_transfer,2006-2014,,2017.0,annual_fpr,z_mahalanobis_sq,12.0,0.0588235294117647,,,
iid_transfer,2006-2014,,2018.0,annual_fpr,z_mahalanobis_sq,12.0,0.05,,,
iid_transfer,2006-2014,,2019.0,annual_fpr,z_mahalanobis_sq,13.0,0.0909090909090909,,,
iid_transfer,2006-2014,,2020.0,annual_fpr,z_mahalanobis_sq,14.0,0.0,,,
iid_transfer,2006-2014,,2021.0,annual_fpr,z_mahalanobis_sq,15.0,0.0,,,
iid_transfer,2006-2014,,2022.0,annual_fpr,z_mahalanobis_sq,16.0,0.15,,,
iid_transfer,2006-2014,,2023.0,annual_fpr,z_mahalanobis_sq,15.0,0.0434782608695652,,,
iid_transfer,2006-2014,,2024.0,annual_fpr,z_mahalanobis_sq,13.0,0.0,,,
iid_transfer,2006-2014,,2025.0,annual_fpr,z_mahalanobis_sq,12.0,0.0,,,
iid_transfer,2006-2014,,,calibration_diagnostic,,,,,,candidate_scored
iid_transfer,2006-2014,,,calibration_diagnostic,,,,,,selected
iid_transfer,2006-2014,far,,fpr,breadth,121.0,0.024793388429752,,,
iid_transfer,2006-2014,far,,fpr,t_iut,121.0,0.0661157024793388,,,
iid_transfer,2006-2014,far,,fpr,z_mahalanobis_sq,85.0,0.0330578512396694,,,
iid_transfer,2006-2014,far,,fpr,z_plus,121.0,0.1157024793388429,,,
iid_transfer,2006-2014,far,,fpr,z_plus_orth,120.0,0.0991735537190082,,,
iid_transfer,2006-2014,far,,fpr,z_plus_renorm,120.0,0.1157024793388429,,,
iid_transfer,2006-2014,far,,fpr,z_plus_softmax,120.0,0.1239669421487603,,,
iid_transfer,2006-2014,iid,,fpr,breadth,13.0,0.0,,,
iid_transfer,2006-2014,iid,,fpr,t_iut,13.0,0.0,,,
iid_transfer,2006-2014,iid,,fpr,z_mahalanobis_sq,10.0,0.0769230769230769,,,
iid_transfer,2006-2014,iid,,fpr,z_plus,13.0,0.0769230769230769,,,
iid_transfer,2006-2014,iid,,fpr,z_plus_orth,12.0,0.0769230769230769,,,
iid_transfer,2006-2014,iid,,fpr,z_plus_renorm,12.0,0.0769230769230769,,,
iid_transfer,2006-2014,iid,,fpr,z_plus_softmax,12.0,0.0769230769230769,,,
iid_transfer,2006-2014,near,,fpr,breadth,88.0,0.0113636363636363,,,
iid_transfer,2006-2014,near,,fpr,t_iut,88.0,0.034090909090909,,,
iid_transfer,2006-2014,near,,fpr,z_mahalanobis_sq,56.0,0.0454545454545454,,,
iid_transfer,2006-2014,near,,fpr,z_plus,88.0,0.0568181818181818,,,
iid_transfer,2006-2014,near,,fpr,z_plus_orth,86.0,0.0909090909090909,,,
iid_transfer,2006-2014,near,,fpr,z_plus_renorm,86.0,0.1363636363636363,,,
iid_transfer,2006-2014,near,,fpr,z_plus_softmax,86.0,0.1022727272727272,,,
iid_transfer,2006-2014,far,,power,breadth,,0.0357142857142857,0.0,0.6428571428571429,
iid_transfer,2006-2014,far,,power,breadth,,0.0357142857142857,0.0,0.3571428571428571,
iid_transfer,2006-2014,far,,power,breadth,,0.0357142857142857,0.0,0.8630952380952381,
iid_transfer,2006-2014,far,,power,breadth,,0.0357142857142857,0.0,0.6428571428571429,
iid_transfer,2006-2014,far,,power,breadth,,0.0357142857142857,0.0,0.6428571428571429,
iid_transfer,2006-2014,far,,power,breadth,,0.0246913580246913,0.25,0.4722222222222222,
iid_transfer,2006-2014,far,,power,breadth,,0.037037037037037,0.0,0.5570987654320988,
iid_transfer,2006-2014,far,,power,breadth,,0.037037037037037,0.0,0.5231481481481481,
iid_transfer,2006-2014,far,,power,breadth,,0.037037037037037,0.0,0.4429012345679012,
iid_transfer,2006-2014,far,,power,breadth,,0.037037037037037,0.25,0.6080246913580247,
iid_transfer,2006-2014,far,,power,breadth,,0.0259740259740259,0.125,0.601461038961039,
iid_transfer,2006-2014,far,,power,breadth,,0.0389610389610389,0.0,0.6452922077922078,
iid_transfer,2006-2014,far,,power,breadth,,0.0259740259740259,0.125,0.5803571428571429,
iid_transfer,2006-2014,far,,power,breadth,,0.0259740259740259,0.125,0.6996753246753247,
iid_transfer,2006-2014,far,,power,breadth,,0.0389610389610389,0.0,0.734577922077922,
iid_transfer,2006-2014,far,,power,breadth,,0.0045221323593355,,,
iid_transfer,2006-2014,far,,power,breadth,,0.0045221323593355,,,
iid_transfer,2006-2014,far,,power,breadth,,0.0045221323593355,,,
iid_transfer,2006-2014,far,,power,breadth,,0.0045221323593355,,,
iid_transfer,2006-2014,far,,power,breadth,,0.0045221323593355,,,
iid_transfer,2006-2014,far,,power,breadth,,0.0045221323593355,,,
iid_transfer,2006-2014,far,,power,breadth,,0.0045221323593355,,,
iid_transfer,2006-2014,far,,power,breadth,,0.0045221323593355,,,
iid_transfer,2006-2014,far,,power,breadth,,0.0045221323593355,,,
iid_transfer,2006-2014,far,,power,breadth,,0.0045221323593355,,,
iid_transfer,2006-2014,far,,power,breadth,,0.0045221323593355,,,
iid_transfer,2006-2014,far,,power,breadth,,0.0045221323593355,,,
iid_transfer,2006-2014,far,,power,breadth,,0.0045221323593355,,,
iid_transfer,2006-2014,far,,power,breadth,,0.0045221323593355,,,
iid_transfer,2006-2014,far,,power,breadth,,0.0045221323593355,,,
iid_transfer,2006-2014,far,,power,t_iut,,0.0833333333333333,0.0,0.0476190476190476,
iid_transfer,2006-2014,far,,power,t_iut,,0.0833333333333333,0.0,0.7857142857142858,
iid_transfer,2006-2014,far,,power,t_iut,,0.0833333333333333,0.0,0.0,
iid_transfer,2006-2014,far,,power,t_iut,,0.0833333333333333,0.0,0.2857142857142857,
iid_transfer,2006-2014,far,,power,t_iut,,0.0833333333333333,0.0,0.25,
iid_transfer,2006-2014,far,,power,t_iut,,0.074074074074074,0.25,0.4753086419753086,
iid_transfer,2006-2014,far,,power,t_iut,,0.0864197530864197,0.0,0.308641975308642,
iid_transfer,2006-2014,far,,power,t_iut,,0.074074074074074,0.25,0.6141975308641976,
iid_transfer,2006-2014,far,,power,t_iut,,0.0864197530864197,0.0,0.4444444444444444,
iid_transfer,2006-2014,far,,power,t_iut,,0.0617283950617283,0.25,0.7345679012345679,
iid_transfer,2006-2014,far,,power,t_iut,,0.0779220779220779,0.125,0.5373376623376623,
iid_transfer,2006-2014,far,,power,t_iut,,0.0909090909090909,0.0,0.650974025974026,
iid_transfer,2006-2014,far,,power,t_iut,,0.0649350649350649,0.125,0.5357142857142857,
iid_transfer,2006-2014,far,,power,t_iut,,0.0649350649350649,0.125,0.663961038961039,
iid_transfer,2006-2014,far,,power,t_iut,,0.0779220779220779,0.0,0.323051948051948,
iid_transfer,2006-2014,far,,power,t_iut,,0.0537438038090268,,,
iid_transfer,2006-2014,far,,power,t_iut,,0.0537438038090268,,,
iid_transfer,2006-2014,far,,power,t_iut,,0.0537438038090268,,,
iid_transfer,2006-2014,far,,power,t_iut,,0.0537438038090268,,,
iid_transfer,2006-2014,far,,power,t_iut,,0.0537438038090268,,,
iid_transfer,2006-2014,far,,power,t_iut,,0.0537438038090268,,,
iid_transfer,2006-2014,far,,power,t_iut,,0.0537438038090268,,,
iid_transfer,2006-2014,far,,power,t_iut,,0.0537438038090268,,,
iid_transfer,2006-2014,far,,power,t_iut,,0.0537438038090268,,,
iid_transfer,2006-2014,far,,power,t_iut,,0.0537438038090268,,,
iid_transfer,2006-2014,far,,power,t_iut,,0.0537438038090268,,,
iid_transfer,2006-2014,far,,power,t_iut,,0.0537438038090268,,,
iid_transfer,2006-2014,far,,power,t_iut,,0.0537438038090268,,,
iid_transfer,2006-2014,far,,power,t_iut,,0.0537438038090268,,,
iid_transfer,2006-2014,far,,power,t_iut,,0.0537438038090268,,,
iid_transfer,2006-2014,far,,power,z_mahalanobis_sq,,0.0476190476190476,0.0,0.6071428571428572,
iid_transfer,2006-2014,far,,power,z_mahalanobis_sq,,0.0476190476190476,0.0,0.119047619047619,
iid_transfer,2006-2014,far,,power,z_mahalanobis_sq,,0.0357142857142857,1.0,0.9761904761904762,
iid_transfer,2006-2014,far,,power,z_mahalanobis_sq,,0.0476190476190476,0.0,0.7380952380952381,
iid_transfer,2006-2014,far,,power,z_mahalanobis_sq,,0.0476190476190476,0.0,0.5,
iid_transfer,2006-2014,far,,power,z_mahalanobis_sq,,0.0493827160493827,0.0,0.5802469135802469,
iid_transfer,2006-2014,far,,power,z_mahalanobis_sq,,0.037037037037037,0.25,0.7839506172839507,
iid_transfer,2006-2014,far,,power,z_mahalanobis_sq,,0.0493827160493827,0.0,0.5987654320987654,
iid_transfer,2006-2014,far,,power,z_mahalanobis_sq,,0.0493827160493827,0.0,0.4228395061728395,
iid_transfer,2006-2014,far,,power,z_mahalanobis_sq,,0.0493827160493827,0.0,0.3302469135802469,
iid_transfer,2006-2014,far,,power,z_mahalanobis_sq,,0.0389610389610389,0.125,0.3766233766233766,
iid_transfer,2006-2014,far,,power,z_mahalanobis_sq,,0.0519480519480519,0.0,0.5308441558441559,
iid_transfer,2006-2014,far,,power,z_mahalanobis_sq,,0.0389610389610389,0.125,0.5665584415584415,
iid_transfer,2006-2014,far,,power,z_mahalanobis_sq,,0.0389610389610389,0.125,0.7305194805194806,
iid_transfer,2006-2014,far,,power,z_mahalanobis_sq,,0.0389610389610389,0.25,0.6168831168831169,
iid_transfer,2006-2014,far,,power,z_mahalanobis_sq,,0.3954351456670996,,,
iid_transfer,2006-2014,far,,power,z_mahalanobis_sq,,0.3954351456670996,,,
iid_transfer,2006-2014,far,,power,z_mahalanobis_sq,,0.3954351456670996,,,
iid_transfer,2006-2014,far,,power,z_mahalanobis_sq,,0.3954351456670996,,,
iid_transfer,2006-2014,far,,power,z_mahalanobis_sq,,0.3954351456670996,,,
iid_transfer,2006-2014,far,,power,z_mahalanobis_sq,,0.3954351456670996,,,
iid_transfer,2006-2014,far,,power,z_mahalanobis_sq,,0.3954351456670996,,,
iid_transfer,2006-2014,far,,power,z_mahalanobis_sq,,0.3954351456670996,,,
iid_transfer,2006-2014,far,,power,z_mahalanobis_sq,,0.3954351456670996,,,
iid_transfer,2006-2014,far,,power,z_mahalanobis_sq,,0.3954351456670996,,,
iid_transfer,2006-2014,far,,power,z_mahalanobis_sq,,0.3954351456670996,,,
iid_transfer,2006-2014,far,,power,z_mahalanobis_sq,,0.3954351456670996,,,
iid_transfer,2006-2014,far,,power,z_mahalanobis_sq,,0.3954351456670996,,,
iid_transfer,2006-2014,far,,power,z_mahalanobis_sq,,0.3954351456670996,,,
iid_transfer,2006-2014,far,,power,z_mahalanobis_sq,,0.3954351456670996,,,
iid_transfer,2006-2014,far,,power,z_plus,,0.0476190476190476,0.0,0.4761904761904761,
iid_transfer,2006-2014,far,,power,z_plus,,0.0476190476190476,0.0,0.2261904761904761,
iid_transfer,2006-2014,far,,power,z_plus,,0.0476190476190476,0.0,0.9047619047619048,
iid_transfer,2006-2014,far,,power,z_plus,,0.0476190476190476,0.0,0.6309523809523809,
iid_transfer,2006-2014,far,,power,z_plus,,0.0476190476190476,0.0,0.5,
iid_transfer,2006-2014,far,,power,z_plus,,0.0493827160493827,0.0,0.5061728395061729,
iid_transfer,2006-2014,far,,power,z_plus,,0.0493827160493827,0.5,0.6975308641975309,
iid_transfer,2006-2014,far,,power,z_plus,,0.037037037037037,0.25,0.654320987654321,
iid_transfer,2006-2014,far,,power,z_plus,,0.0493827160493827,0.0,0.4074074074074074,
iid_transfer,2006-2014,far,,power,z_plus,,0.0493827160493827,0.0,0.4753086419753086,
iid_transfer,2006-2014,far,,power,z_plus,,0.0389610389610389,0.125,0.4415584415584416,
iid_transfer,2006-2014,far,,power,z_plus,,0.0389610389610389,0.125,0.6444805194805194,
iid_transfer,2006-2014,far,,power,z_plus,,0.0519480519480519,0.125,0.6038961038961039,
iid_transfer,2006-2014,far,,power,z_plus,,0.0259740259740259,0.25,0.7451298701298702,
iid_transfer,2006-2014,far,,power,z_plus,,0.0519480519480519,0.125,0.5811688311688312,
iid_transfer,2006-2014,far,,power,z_plus,,0.1942777632837638,,,
iid_transfer,2006-2014,far,,power,z_plus,,0.1942777632837638,,,
iid_transfer,2006-2014,far,,power,z_plus,,0.1942777632837638,,,
iid_transfer,2006-2014,far,,power,z_plus,,0.1942777632837638,,,
iid_transfer,2006-2014,far,,power,z_plus,,0.1942777632837638,,,
iid_transfer,2006-2014,far,,power,z_plus,,0.1942777632837638,,,
iid_transfer,2006-2014,far,,power,z_plus,,0.1942777632837638,,,
iid_transfer,2006-2014,far,,power,z_plus,,0.1942777632837638,,,
iid_transfer,2006-2014,far,,power,z_plus,,0.1942777632837638,,,
iid_transfer,2006-2014,far,,power,z_plus,,0.1942777632837638,,,
iid_transfer,2006-2014,far,,power,z_plus,,0.1942777632837638,,,
iid_transfer,2006-2014,far,,power,z_plus,,0.1942777632837638,,,
iid_transfer,2006-2014,far,,power,z_plus,,0.1942777632837638,,,
iid_transfer,2006-2014,far,,power,z_plus,,0.1942777632837638,,,
iid_transfer,2006-2014,far,,power,z_plus,,0.1942777632837638,,,
iid_transfer,2006-2014,far,,power,z_plus_orth,,0.0357142857142857,0.0,0.4166666666666666,
iid_transfer,2006-2014,far,,power,z_plus_orth,,0.0357142857142857,0.0,0.2738095238095238,
iid_transfer,2006-2014,far,,power,z_plus_orth,,0.0357142857142857,1.0,1.0,
iid_transfer,2006-2014,far,,power,z_plus_orth,,0.0357142857142857,0.0,0.5,
iid_transfer,2006-2014,far,,power,z_plus_orth,,0.0357142857142857,0.0,0.3809523809523809,
iid_transfer,2006-2014,far,,power,z_plus_orth,,0.037037037037037,0.0,0.5493827160493827,
iid_transfer,2006-2014,far,,power,z_plus_orth,,0.037037037037037,0.5,0.7438271604938272,
iid_transfer,2006-2014,far,,power,z_plus_orth,,0.0246913580246913,0.25,0.5864197530864198,
iid_transfer,2006-2014,far,,power,z_plus_orth,,0.037037037037037,0.0,0.4475308641975308,
iid_transfer,2006-2014,far,,power,z_plus_orth,,0.037037037037037,0.0,0.4691358024691358,
iid_transfer,2006-2014,far,,power,z_plus_orth,,0.0389610389610389,0.0,0.387987012987013,
iid_transfer,2006-2014,far,,power,z_plus_orth,,0.0389610389610389,0.25,0.6217532467532467,
iid_transfer,2006-2014,far,,power,z_plus_orth,,0.0389610389610389,0.25,0.6103896103896104,
iid_transfer,2006-2014,far,,power,z_plus_orth,,0.0389610389610389,0.25,0.7061688311688311,
iid_transfer,2006-2014,far,,power,z_plus_orth,,0.0389610389610389,0.125,0.5762987012987013,
iid_transfer,2006-2014,far,,power,z_plus_orth,,0.232004281509232,,,
iid_transfer,2006-2014,far,,power,z_plus_orth,,0.232004281509232,,,
iid_transfer,2006-2014,far,,power,z_plus_orth,,0.232004281509232,,,
iid_transfer,2006-2014,far,,power,z_plus_orth,,0.232004281509232,,,
iid_transfer,2006-2014,far,,power,z_plus_orth,,0.232004281509232,,,
iid_transfer,2006-2014,far,,power,z_plus_orth,,0.232004281509232,,,
iid_transfer,2006-2014,far,,power,z_plus_orth,,0.232004281509232,,,
iid_transfer,2006-2014,far,,power,z_plus_orth,,0.232004281509232,,,
iid_transfer,2006-2014,far,,power,z_plus_orth,,0.232004281509232,,,
iid_transfer,2006-2014,far,,power,z_plus_orth,,0.232004281509232,,,
iid_transfer,2006-2014,far,,power,z_plus_orth,,0.232004281509232,,,
iid_transfer,2006-2014,far,,power,z_plus_orth,,0.232004281509232,,,
iid_transfer,2006-2014,far,,power,z_plus_orth,,0.232004281509232,,,
iid_transfer,2006-2014,far,,power,z_plus_orth,,0.232004281509232,,,
iid_transfer,2006-2014,far,,power,z_plus_orth,,0.232004281509232,,,
iid_transfer,2006-2014,far,,power,z_plus_renorm,,0.0357142857142857,0.0,0.3571428571428571,
iid_transfer,2006-2014,far,,power,z_plus_renorm,,0.0357142857142857,0.0,0.25,
iid_transfer,2006-2014,far,,power,z_plus_renorm,,0.0357142857142857,0.0,0.8452380952380952,
iid_transfer,2006-2014,far,,power,z_plus_renorm,,0.0357142857142857,0.0,0.5357142857142857,
iid_transfer,2006-2014,far,,power,z_plus_renorm,,0.0357142857142857,0.0,0.369047619047619,
iid_transfer,2006-2014,far,,power,z_plus_renorm,,0.037037037037037,0.0,0.5030864197530864,
iid_transfer,2006-2014,far,,power,z_plus_renorm,,0.037037037037037,0.0,0.7345679012345679,
iid_transfer,2006-2014,far,,power,z_plus_renorm,,0.037037037037037,0.25,0.6697530864197531,
iid_transfer,2006-2014,far,,power,z_plus_renorm,,0.037037037037037,0.0,0.4166666666666667,
iid_transfer,2006-2014,far,,power,z_plus_renorm,,0.037037037037037,0.0,0.3888888888888889,
iid_transfer,2006-2014,far,,power,z_plus_renorm,,0.0389610389610389,0.0,0.3668831168831169,
iid_transfer,2006-2014,far,,power,z_plus_renorm,,0.0389610389610389,0.0,0.5698051948051948,
iid_transfer,2006-2014,far,,power,z_plus_renorm,,0.0389610389610389,0.0,0.5827922077922078,
iid_transfer,2006-2014,far,,power,z_plus_renorm,,0.0259740259740259,0.125,0.6672077922077921,
iid_transfer,2006-2014,far,,power,z_plus_renorm,,0.0389610389610389,0.0,0.5064935064935066,
iid_transfer,2006-2014,far,,power,z_plus_renorm,,0.2201409330122201,,,
iid_transfer,2006-2014,far,,power,z_plus_renorm,,0.2201409330122201,,,
iid_transfer,2006-2014,far,,power,z_plus_renorm,,0.2201409330122201,,,
iid_transfer,2006-2014,far,,power,z_plus_renorm,,0.2201409330122201,,,
iid_transfer,2006-2014,far,,power,z_plus_renorm,,0.2201409330122201,,,
iid_transfer,2006-2014,far,,power,z_plus_renorm,,0.2201409330122201,,,
iid_transfer,2006-2014,far,,power,z_plus_renorm,,0.2201409330122201,,,
iid_transfer,2006-2014,far,,power,z_plus_renorm,,0.2201409330122201,,,
iid_transfer,2006-2014,far,,power,z_plus_renorm,,0.2201409330122201,,,
iid_transfer,2006-2014,far,,power,z_plus_renorm,,0.2201409330122201,,,
iid_transfer,2006-2014,far,,power,z_plus_renorm,,0.2201409330122201,,,
iid_transfer,2006-2014,far,,power,z_plus_renorm,,0.2201409330122201,,,
iid_transfer,2006-2014,far,,power,z_plus_renorm,,0.2201409330122201,,,
iid_transfer,2006-2014,far,,power,z_plus_renorm,,0.2201409330122201,,,
iid_transfer,2006-2014,far,,power,z_plus_renorm,,0.2201409330122201,,,
iid_transfer,2006-2014,far,,power,z_plus_softmax,,0.0595238095238095,0.0,0.369047619047619,
iid_transfer,2006-2014,far,,power,z_plus_softmax,,0.0595238095238095,0.0,0.3095238095238095,
iid_transfer,2006-2014,far,,power,z_plus_softmax,,0.0595238095238095,1.0,1.0,
iid_transfer,2006-2014,far,,power,z_plus_softmax,,0.0595238095238095,0.0,0.5357142857142857,
iid_transfer,2006-2014,far,,power,z_plus_softmax,,0.0595238095238095,0.0,0.4404761904761904,
iid_transfer,2006-2014,far,,power,z_plus_softmax,,0.0617283950617283,0.0,0.5216049382716049,
iid_transfer,2006-2014,far,,power,z_plus_softmax,,0.0617283950617283,0.25,0.7469135802469137,
iid_transfer,2006-2014,far,,power,z_plus_softmax,,0.0493827160493827,0.25,0.6018518518518517,
iid_transfer,2006-2014,far,,power,z_plus_softmax,,0.0617283950617283,0.0,0.4444444444444445,
iid_transfer,2006-2014,far,,power,z_plus_softmax,,0.0617283950617283,0.0,0.4814814814814815,
iid_transfer,2006-2014,far,,power,z_plus_softmax,,0.0519480519480519,0.0,0.3912337662337662,
iid_transfer,2006-2014,far,,power,z_plus_softmax,,0.0649350649350649,0.25,0.6185064935064934,
iid_transfer,2006-2014,far,,power,z_plus_softmax,,0.0519480519480519,0.25,0.6136363636363636,
iid_transfer,2006-2014,far,,power,z_plus_softmax,,0.0519480519480519,0.125,0.7012987012987013,
iid_transfer,2006-2014,far,,power,z_plus_softmax,,0.0649350649350649,0.125,0.564935064935065,
iid_transfer,2006-2014,far,,power,z_plus_softmax,,0.2245116403532245,,,
iid_transfer,2006-2014,far,,power,z_plus_softmax,,0.2245116403532245,,,
iid_transfer,2006-2014,far,,power,z_plus_softmax,,0.2245116403532245,,,
iid_transfer,2006-2014,far,,power,z_plus_softmax,,0.2245116403532245,,,
iid_transfer,2006-2014,far,,power,z_plus_softmax,,0.2245116403532245,,,
iid_transfer,2006-2014,far,,power,z_plus_softmax,,0.2245116403532245,,,
iid_transfer,2006-2014,far,,power,z_plus_softmax,,0.2245116403532245,,,
iid_transfer,2006-2014,far,,power,z_plus_softmax,,0.2245116403532245,,,
iid_transfer,2006-2014,far,,power,z_plus_softmax,,0.2245116403532245,,,
iid_transfer,2006-2014,far,,power,z_plus_softmax,,0.2245116403532245,,,
iid_transfer,2006-2014,far,,power,z_plus_softmax,,0.2245116403532245,,,
iid_transfer,2006-2014,far,,power,z_plus_softmax,,0.2245116403532245,,,
iid_transfer,2006-2014,far,,power,z_plus_softmax,,0.2245116403532245,,,
iid_transfer,2006-2014,far,,power,z_plus_softmax,,0.2245116403532245,,,
iid_transfer,2006-2014,far,,power,z_plus_softmax,,0.2245116403532245,,,
iid_transfer,2006-2014,near,,power,breadth,,0.0181818181818181,0.0,0.9545454545454546,
iid_transfer,2006-2014,near,,power,breadth,,0.0181818181818181,0.0,0.1454545454545454,
iid_transfer,2006-2014,near,,power,breadth,,0.0181818181818181,0.0,0.5909090909090909,
iid_transfer,2006-2014,near,,power,breadth,,0.0181818181818181,0.0,0.1363636363636363,
iid_transfer,2006-2014,near,,power,breadth,,0.0181818181818181,0.0,0.5909090909090909,
iid_transfer,2006-2014,near,,power,breadth,,0.0188679245283018,0.0,0.5628930817610063,
iid_transfer,2006-2014,near,,power,breadth,,0.0188679245283018,0.0,0.5974842767295597,
iid_transfer,2006-2014,near,,power,breadth,,0.0188679245283018,0.0,0.4842767295597484,
iid_transfer,2006-2014,near,,power,breadth,,0.0188679245283018,0.0,0.5031446540880503,
iid_transfer,2006-2014,near,,power,breadth,,0.0188679245283018,0.0,0.2358490566037735,
iid_transfer,2006-2014,near,,power,breadth,,0.02,0.0,0.4983333333333333,
iid_transfer,2006-2014,near,,power,breadth,,0.02,0.0,0.7,
iid_transfer,2006-2014,near,,power,breadth,,0.02,0.0,0.6183333333333334,
iid_transfer,2006-2014,near,,power,breadth,,0.02,0.0,0.3066666666666666,
iid_transfer,2006-2014,near,,power,breadth,,0.02,0.0,0.4716666666666667,
iid_transfer,2006-2014,near,,power,breadth,,0.0045221323593355,,,
iid_transfer,2006-2014,near,,power,breadth,,0.0045221323593355,,,
iid_transfer,2006-2014,near,,power,breadth,,0.0045221323593355,,,
iid_transfer,2006-2014,near,,power,breadth,,0.0045221323593355,,,
iid_transfer,2006-2014,near,,power,breadth,,0.0045221323593355,,,
iid_transfer,2006-2014,near,,power,breadth,,0.0045221323593355,,,
iid_transfer,2006-2014,near,,power,breadth,,0.0045221323593355,,,
iid_transfer,2006-2014,near,,power,breadth,,0.0045221323593355,,,
iid_transfer,2006-2014,near,,power,breadth,,0.0045221323593355,,,
iid_transfer,2006-2014,near,,power,breadth,,0.0045221323593355,,,
iid_transfer,2006-2014,near,,power,breadth,,0.0045221323593355,,,
iid_transfer,2006-2014,near,,power,breadth,,0.0045221323593355,,,
iid_transfer,2006-2014,near,,power,breadth,,0.0045221323593355,,,
iid_transfer,2006-2014,near,,power,breadth,,0.0045221323593355,,,
iid_transfer,2006-2014,near,,power,breadth,,0.0045221323593355,,,
iid_transfer,2006-2014,near,,power,t_iut,,0.0181818181818181,0.0,0.1272727272727273,
iid_transfer,2006-2014,near,,power,t_iut,,0.0181818181818181,0.0,0.2363636363636363,
iid_transfer,2006-2014,near,,power,t_iut,,0.0181818181818181,0.0,0.4,
iid_transfer,2006-2014,near,,power,t_iut,,0.0181818181818181,0.0,0.0363636363636363,
iid_transfer,2006-2014,near,,power,t_iut,,0.0181818181818181,0.0,0.0181818181818181,
iid_transfer,2006-2014,near,,power,t_iut,,0.0188679245283018,0.0,0.830188679245283,
iid_transfer,2006-2014,near,,power,t_iut,,0.0188679245283018,0.0,0.4716981132075471,
iid_transfer,2006-2014,near,,power,t_iut,,0.0188679245283018,0.3333333333333333,0.559748427672956,
iid_transfer,2006-2014,near,,power,t_iut,,0.0188679245283018,0.0,0.6981132075471698,
iid_transfer,2006-2014,near,,power,t_iut,,0.0188679245283018,0.0,0.5471698113207547,
iid_transfer,2006-2014,near,,power,t_iut,,0.02,0.0,0.3766666666666666,
iid_transfer,2006-2014,near,,power,t_iut,,0.02,0.0,0.6033333333333334,
iid_transfer,2006-2014,near,,power,t_iut,,0.02,0.0,0.3533333333333333,
iid_transfer,2006-2014,near,,power,t_iut,,0.02,0.0,0.4766666666666667,
iid_transfer,2006-2014,near,,power,t_iut,,0.02,0.1666666666666666,0.47,
iid_transfer,2006-2014,near,,power,t_iut,,0.0537438038090268,,,
iid_transfer,2006-2014,near,,power,t_iut,,0.0537438038090268,,,
iid_transfer,2006-2014,near,,power,t_iut,,0.0537438038090268,,,
iid_transfer,2006-2014,near,,power,t_iut,,0.0537438038090268,,,
iid_transfer,2006-2014,near,,power,t_iut,,0.0537438038090268,,,
iid_transfer,2006-2014,near,,power,t_iut,,0.0537438038090268,,,
iid_transfer,2006-2014,near,,power,t_iut,,0.0537438038090268,,,
iid_transfer,2006-2014,near,,power,t_iut,,0.0537438038090268,,,
iid_transfer,2006-2014,near,,power,t_iut,,0.0537438038090268,,,
iid_transfer,2006-2014,near,,power,t_iut,,0.0537438038090268,,,
iid_transfer,2006-2014,near,,power,t_iut,,0.0537438038090268,,,
iid_transfer,2006-2014,near,,power,t_iut,,0.0537438038090268,,,
iid_transfer,2006-2014,near,,power,t_iut,,0.0537438038090268,,,
iid_transfer,2006-2014,near,,power,t_iut,,0.0537438038090268,,,
iid_transfer,2006-2014,near,,power,t_iut,,0.0537438038090268,,,
iid_transfer,2006-2014,near,,power,z_mahalanobis_sq,,0.0727272727272727,0.0,0.8545454545454545,
iid_transfer,2006-2014,near,,power,z_mahalanobis_sq,,0.0727272727272727,0.0,0.0363636363636363,
iid_transfer,2006-2014,near,,power,z_mahalanobis_sq,,0.0545454545454545,1.0,1.0,
iid_transfer,2006-2014,near,,power,z_mahalanobis_sq,,0.0727272727272727,0.0,0.5636363636363637,
iid_transfer,2006-2014,near,,power,z_mahalanobis_sq,,0.0727272727272727,0.0,0.7636363636363637,
iid_transfer,2006-2014,near,,power,z_mahalanobis_sq,,0.0754716981132075,0.0,0.7106918238993711,
iid_transfer,2006-2014,near,,power,z_mahalanobis_sq,,0.0754716981132075,0.0,0.3396226415094339,
iid_transfer,2006-2014,near,,power,z_mahalanobis_sq,,0.0754716981132075,0.0,0.5345911949685535,
iid_transfer,2006-2014,near,,power,z_mahalanobis_sq,,0.0754716981132075,0.0,0.3333333333333333,
iid_transfer,2006-2014,near,,power,z_mahalanobis_sq,,0.0754716981132075,0.0,0.2264150943396226,
iid_transfer,2006-2014,near,,power,z_mahalanobis_sq,,0.08,0.0,0.61,
iid_transfer,2006-2014,near,,power,z_mahalanobis_sq,,0.06,0.1666666666666666,0.36,
iid_transfer,2006-2014,near,,power,z_mahalanobis_sq,,0.06,0.1666666666666666,0.5633333333333334,
iid_transfer,2006-2014,near,,power,z_mahalanobis_sq,,0.08,0.0,0.5266666666666666,
iid_transfer,2006-2014,near,,power,z_mahalanobis_sq,,0.06,0.1666666666666666,0.3233333333333333,
iid_transfer,2006-2014,near,,power,z_mahalanobis_sq,,0.3954351456670996,,,
iid_transfer,2006-2014,near,,power,z_mahalanobis_sq,,0.3954351456670996,,,
iid_transfer,2006-2014,near,,power,z_mahalanobis_sq,,0.3954351456670996,,,
iid_transfer,2006-2014,near,,power,z_mahalanobis_sq,,0.3954351456670996,,,
iid_transfer,2006-2014,near,,power,z_mahalanobis_sq,,0.3954351456670996,,,
iid_transfer,2006-2014,near,,power,z_mahalanobis_sq,,0.3954351456670996,,,
iid_transfer,2006-2014,near,,power,z_mahalanobis_sq,,0.3954351456670996,,,
iid_transfer,2006-2014,near,,power,z_mahalanobis_sq,,0.3954351456670996,,,
iid_transfer,2006-2014,near,,power,z_mahalanobis_sq,,0.3954351456670996,,,
iid_transfer,2006-2014,near,,power,z_mahalanobis_sq,,0.3954351456670996,,,
iid_transfer,2006-2014,near,,power,z_mahalanobis_sq,,0.3954351456670996,,,
iid_transfer,2006-2014,near,,power,z_mahalanobis_sq,,0.3954351456670996,,,
iid_transfer,2006-2014,near,,power,z_mahalanobis_sq,,0.3954351456670996,,,
iid_transfer,2006-2014,near,,power,z_mahalanobis_sq,,0.3954351456670996,,,
iid_transfer,2006-2014,near,,power,z_mahalanobis_sq,,0.3954351456670996,,,
iid_transfer,2006-2014,near,,power,z_plus,,0.0545454545454545,0.0,0.9272727272727272,
iid_transfer,2006-2014,near,,power,z_plus,,0.0545454545454545,0.0,0.0545454545454545,
iid_transfer,2006-2014,near,,power,z_plus,,0.0545454545454545,0.0,0.9454545454545454,
iid_transfer,2006-2014,near,,power,z_plus,,0.0545454545454545,0.0,0.1272727272727273,
iid_transfer,2006-2014,near,,power,z_plus,,0.0545454545454545,0.0,0.7454545454545455,
iid_transfer,2006-2014,near,,power,z_plus,,0.0566037735849056,0.0,0.7924528301886793,
iid_transfer,2006-2014,near,,power,z_plus,,0.0566037735849056,0.0,0.4528301886792453,
iid_transfer,2006-2014,near,,power,z_plus,,0.0377358490566037,0.3333333333333333,0.5220125786163522,
iid_transfer,2006-2014,near,,power,z_plus,,0.0566037735849056,0.0,0.3836477987421383,
iid_transfer,2006-2014,near,,power,z_plus,,0.0566037735849056,0.0,0.1194968553459119,
iid_transfer,2006-2014,near,,power,z_plus,,0.04,0.1666666666666666,0.4633333333333333,
iid_transfer,2006-2014,near,,power,z_plus,,0.04,0.1666666666666666,0.4566666666666666,
iid_transfer,2006-2014,near,,power,z_plus,,0.04,0.1666666666666666,0.5866666666666667,
iid_transfer,2006-2014,near,,power,z_plus,,0.06,0.0,0.4333333333333333,
iid_transfer,2006-2014,near,,power,z_plus,,0.04,0.1666666666666666,0.42,
iid_transfer,2006-2014,near,,power,z_plus,,0.1942777632837638,,,
iid_transfer,2006-2014,near,,power,z_plus,,0.1942777632837638,,,
iid_transfer,2006-2014,near,,power,z_plus,,0.1942777632837638,,,
iid_transfer,2006-2014,near,,power,z_plus,,0.1942777632837638,,,
iid_transfer,2006-2014,near,,power,z_plus,,0.1942777632837638,,,
iid_transfer,2006-2014,near,,power,z_plus,,0.1942777632837638,,,
iid_transfer,2006-2014,near,,power,z_plus,,0.1942777632837638,,,
iid_transfer,2006-2014,near,,power,z_plus,,0.1942777632837638,,,
iid_transfer,2006-2014,near,,power,z_plus,,0.1942777632837638,,,
iid_transfer,2006-2014,near,,power,z_plus,,0.1942777632837638,,,
iid_transfer,2006-2014,near,,power,z_plus,,0.1942777632837638,,,
iid_transfer,2006-2014,near,,power,z_plus,,0.1942777632837638,,,
iid_transfer,2006-2014,near,,power,z_plus,,0.1942777632837638,,,
iid_transfer,2006-2014,near,,power,z_plus,,0.1942777632837638,,,
iid_transfer,2006-2014,near,,power,z_plus,,0.1942777632837638,,,
iid_transfer,2006-2014,near,,power,z_plus_orth,,0.0727272727272727,0.0,0.8181818181818181,
iid_transfer,2006-2014,near,,power,z_plus_orth,,0.0727272727272727,0.0,0.0363636363636363,
iid_transfer,2006-2014,near,,power,z_plus_orth,,0.0727272727272727,1.0,0.9636363636363636,
iid_transfer,2006-2014,near,,power,z_plus_orth,,0.0727272727272727,0.0,0.2545454545454545,
iid_transfer,2006-2014,near,,power,z_plus_orth,,0.0727272727272727,0.0,0.6909090909090909,
iid_transfer,2006-2014,near,,power,z_plus_orth,,0.0566037735849056,0.6666666666666666,0.8867924528301887,
iid_transfer,2006-2014,near,,power,z_plus_orth,,0.0754716981132075,0.0,0.4276729559748427,
iid_transfer,2006-2014,near,,power,z_plus_orth,,0.0754716981132075,0.0,0.4591194968553458,
iid_transfer,2006-2014,near,,power,z_plus_orth,,0.0566037735849056,0.0,0.3333333333333333,
iid_transfer,2006-2014,near,,power,z_plus_orth,,0.0754716981132075,0.0,0.1823899371069182,
iid_transfer,2006-2014,near,,power,z_plus_orth,,0.08,0.0,0.4666666666666667,
iid_transfer,2006-2014,near,,power,z_plus_orth,,0.08,0.0,0.35,
iid_transfer,2006-2014,near,,power,z_plus_orth,,0.08,0.2,0.5880000000000001,
iid_transfer,2006-2014,near,,power,z_plus_orth,,0.06,0.1666666666666666,0.5533333333333333,
iid_transfer,2006-2014,near,,power,z_plus_orth,,0.08,0.0,0.3366666666666666,
iid_transfer,2006-2014,near,,power,z_plus_orth,,0.232004281509232,,,
iid_transfer,2006-2014,near,,power,z_plus_orth,,0.232004281509232,,,
iid_transfer,2006-2014,near,,power,z_plus_orth,,0.232004281509232,,,
iid_transfer,2006-2014,near,,power,z_plus_orth,,0.232004281509232,,,
iid_transfer,2006-2014,near,,power,z_plus_orth,,0.232004281509232,,,
iid_transfer,2006-2014,near,,power,z_plus_orth,,0.232004281509232,,,
iid_transfer,2006-2014,near,,power,z_plus_orth,,0.232004281509232,,,
iid_transfer,2006-2014,near,,power,z_plus_orth,,0.232004281509232,,,
iid_transfer,2006-2014,near,,power,z_plus_orth,,0.232004281509232,,,
iid_transfer,2006-2014,near,,power,z_plus_orth,,0.232004281509232,,,
iid_transfer,2006-2014,near,,power,z_plus_orth,,0.232004281509232,,,
iid_transfer,2006-2014,near,,power,z_plus_orth,,0.232004281509232,,,
iid_transfer,2006-2014,near,,power,z_plus_orth,,0.232004281509232,,,
iid_transfer,2006-2014,near,,power,z_plus_orth,,0.232004281509232,,,
iid_transfer,2006-2014,near,,power,z_plus_orth,,0.232004281509232,,,
iid_transfer,2006-2014,near,,power,z_plus_renorm,,0.0727272727272727,0.0,0.6909090909090909,
iid_transfer,2006-2014,near,,power,z_plus_renorm,,0.0727272727272727,0.0,0.0545454545454545,
iid_transfer,2006-2014,near,,power,z_plus_renorm,,0.0727272727272727,0.0,0.9090909090909092,
iid_transfer,2006-2014,near,,power,z_plus_renorm,,0.0727272727272727,0.0,0.4181818181818182,
iid_transfer,2006-2014,near,,power,z_plus_renorm,,0.0727272727272727,0.0,0.7454545454545455,
iid_transfer,2006-2014,near,,power,z_plus_renorm,,0.0566037735849056,0.3333333333333333,0.7987421383647799,
iid_transfer,2006-2014,near,,power,z_plus_renorm,,0.0754716981132075,0.0,0.3710691823899371,
iid_transfer,2006-2014,near,,power,z_plus_renorm,,0.0754716981132075,0.0,0.5974842767295597,
iid_transfer,2006-2014,near,,power,z_plus_renorm,,0.0754716981132075,0.0,0.3962264150943396,
iid_transfer,2006-2014,near,,power,z_plus_renorm,,0.0754716981132075,0.0,0.2767295597484276,
iid_transfer,2006-2014,near,,power,z_plus_renorm,,0.06,0.0,0.5066666666666666,
iid_transfer,2006-2014,near,,power,z_plus_renorm,,0.08,0.0,0.37,
iid_transfer,2006-2014,near,,power,z_plus_renorm,,0.08,0.0,0.5960000000000001,
iid_transfer,2006-2014,near,,power,z_plus_renorm,,0.06,0.1666666666666666,0.5700000000000001,
iid_transfer,2006-2014,near,,power,z_plus_renorm,,0.08,0.0,0.4066666666666667,
iid_transfer,2006-2014,near,,power,z_plus_renorm,,0.2201409330122201,,,
iid_transfer,2006-2014,near,,power,z_plus_renorm,,0.2201409330122201,,,
iid_transfer,2006-2014,near,,power,z_plus_renorm,,0.2201409330122201,,,
iid_transfer,2006-2014,near,,power,z_plus_renorm,,0.2201409330122201,,,
iid_transfer,2006-2014,near,,power,z_plus_renorm,,0.2201409330122201,,,
iid_transfer,2006-2014,near,,power,z_plus_renorm,,0.2201409330122201,,,
iid_transfer,2006-2014,near,,power,z_plus_renorm,,0.2201409330122201,,,
iid_transfer,2006-2014,near,,power,z_plus_renorm,,0.2201409330122201,,,
iid_transfer,2006-2014,near,,power,z_plus_renorm,,0.2201409330122201,,,
iid_transfer,2006-2014,near,,power,z_plus_renorm,,0.2201409330122201,,,
iid_transfer,2006-2014,near,,power,z_plus_renorm,,0.2201409330122201,,,
iid_transfer,2006-2014,near,,power,z_plus_renorm,,0.2201409330122201,,,
iid_transfer,2006-2014,near,,power,z_plus_renorm,,0.2201409330122201,,,
iid_transfer,2006-2014,near,,power,z_plus_renorm,,0.2201409330122201,,,
iid_transfer,2006-2014,near,,power,z_plus_renorm,,0.2201409330122201,,,
iid_transfer,2006-2014,near,,power,z_plus_softmax,,0.0727272727272727,0.0,0.8545454545454545,
iid_transfer,2006-2014,near,,power,z_plus_softmax,,0.0727272727272727,0.0,0.0363636363636363,
iid_transfer,2006-2014,near,,power,z_plus_softmax,,0.0727272727272727,1.0,0.9454545454545454,
iid_transfer,2006-2014,near,,power,z_plus_softmax,,0.0727272727272727,0.0,0.2727272727272727,
iid_transfer,2006-2014,near,,power,z_plus_softmax,,0.0727272727272727,0.0,0.6909090909090909,
iid_transfer,2006-2014,near,,power,z_plus_softmax,,0.0566037735849056,0.6666666666666666,0.8867924528301887,
iid_transfer,2006-2014,near,,power,z_plus_softmax,,0.0754716981132075,0.0,0.4150943396226415,
iid_transfer,2006-2014,near,,power,z_plus_softmax,,0.0754716981132075,0.0,0.4654088050314465,
iid_transfer,2006-2014,near,,power,z_plus_softmax,,0.0566037735849056,0.0,0.3333333333333333,
iid_transfer,2006-2014,near,,power,z_plus_softmax,,0.0754716981132075,0.0,0.1949685534591194,
iid_transfer,2006-2014,near,,power,z_plus_softmax,,0.08,0.0,0.4766666666666667,
iid_transfer,2006-2014,near,,power,z_plus_softmax,,0.08,0.0,0.3566666666666666,
iid_transfer,2006-2014,near,,power,z_plus_softmax,,0.08,0.2,0.584,
iid_transfer,2006-2014,near,,power,z_plus_softmax,,0.06,0.1666666666666666,0.5566666666666666,
iid_transfer,2006-2014,near,,power,z_plus_softmax,,0.08,0.0,0.3333333333333333,
iid_transfer,2006-2014,near,,power,z_plus_softmax,,0.2245116403532245,,,
iid_transfer,2006-2014,near,,power,z_plus_softmax,,0.2245116403532245,,,
iid_transfer,2006-2014,near,,power,z_plus_softmax,,0.2245116403532245,,,
iid_transfer,2006-2014,near,,power,z_plus_softmax,,0.2245116403532245,,,
iid_transfer,2006-2014,near,,power,z_plus_softmax,,0.2245116403532245,,,
iid_transfer,2006-2014,near,,power,z_plus_softmax,,0.2245116403532245,,,
iid_transfer,2006-2014,near,,power,z_plus_softmax,,0.2245116403532245,,,
iid_transfer,2006-2014,near,,power,z_plus_softmax,,0.2245116403532245,,,
iid_transfer,2006-2014,near,,power,z_plus_softmax,,0.2245116403532245,,,
iid_transfer,2006-2014,near,,power,z_plus_softmax,,0.2245116403532245,,,
iid_transfer,2006-2014,near,,power,z_plus_softmax,,0.2245116403532245,,,
iid_transfer,2006-2014,near,,power,z_plus_softmax,,0.2245116403532245,,,
iid_transfer,2006-2014,near,,power,z_plus_softmax,,0.2245116403532245,,,
iid_transfer,2006-2014,near,,power,z_plus_softmax,,0.2245116403532245,,,
iid_transfer,2006-2014,near,,power,z_plus_softmax,,0.2245116403532245,,,
