gvkey,n_quarters,z_plus_lag1,z_plus_renorm_lag1,breadth_lag1,z_mahalanobis_sq_lag1,t_iut_lag1,z_plus_softmax_lag1,z_plus_orth_lag1
10,102,0.4993092703666986,0.4116536776597649,0.3722915489016045,0.7803108291564571,0.747325045738342,0.534385321215878,0.530663924890607
11,106,0.3149489475187356,0.0679470856407213,0.4474412600661702,0.2925147016054212,0.8696757325842469,0.1262713426392035,0.1338652662359005
12,102,0.6806234962929445,0.7395078283223938,0.4503025062017057,0.8842085084518001,0.6872808023911552,0.7623395423623844,0.7673076850079825
13,106,0.1404870797511065,0.0973814628070526,0.1414364640883977,0.276157779765418,0.8591307621931933,0.17580710387328,0.1787542108465446
102,90,0.7359534041964363,0.4926509014512997,0.598031694560058,0.7775430078953265,0.9435166392751458,0.3447077622316469,0.3042364895966576
103,76,0.3584798243919401,0.5558424126785818,0.2448180295634706,0.1374814705858731,0.3504837654029644,0.5426136510045795,0.534040938263875
108,94,0.6595823507223951,0.6994459922325637,0.4688702202165141,0.5365910559190619,0.6362754837887166,0.7676266160740505,0.768199940371278
113,38,0.8444490474545296,0.8211150320054362,0.580791406502882,,0.7147970809816121,0.8905132026028272,0.8914251238338845
114,94,0.4847443830286679,0.7144021436851873,0.4344284015517901,0.3660258241222383,0.8106279822897146,0.5034416649118664,0.5030894328724316
115,106,0.5914485558105402,0.3435581267064519,0.5345358230878868,0.5483218595993473,0.4277018790319599,0.6225133337240714,0.6669189822525052
117,18,0.144816338455493,0.0675148706904104,0.577524406164482,,0.7539127085376368,-0.0308785330688999,-0.0182358001601443
119,102,0.435213660568166,0.411153927873747,0.5032433664524832,0.0962346906519443,0.9120215757394412,0.3421621654822568,0.338438056173181
120,88,0.4923492032141713,0.2852978468352953,0.4823146067865445,-0.0078023644323163,0.8181695954734397,0.4091547212355981,0.4159208037113739
121,104,0.5699696847816522,0.3256361020176693,0.5668957689794142,,0.9527876228953714,0.5091097156858156,0.5173632737495688
122,104,0.5547559174031248,0.479548601005732,0.6480559256651581,,0.9502508835029824,0.434689978223485,0.4315451601462716
123,104,0.6199905769935294,0.3714077529163706,0.7588183625291017,0.3078003706249944,0.925717247896342,0.4718804509151992,0.4774375942799387
124,87,0.3345933665555795,0.0815425782162238,0.5069006235097746,0.1483925706252181,1.0,0.1151568785982762,0.1128197440706602
138,102,0.4295662788862491,0.1695641754912604,0.4657922249422136,0.3079559401044835,0.8443098806320463,0.2480828082245635,0.2492194851236852
139,102,0.589165837826449,0.3727335325323191,0.5215918289318718,0.8900907719641521,0.7163843285434643,0.4768829886977125,0.5543937483914764
140,102,0.7307329223752079,0.5323412356899331,0.6688306403775242,0.7384685668344843,0.7438608542549056,0.5887786308388626,0.626300581467433
141,102,0.7108342185166796,0.545203809509732,0.6693253554726994,0.7309294482496866,0.9579085306186088,0.4216084205080645,0.4078670365301256
142,102,0.6480006378095299,0.6589808635593111,0.7116994732783023,0.560117356163114,0.9389092999989732,0.4884405568531625,0.4874710472019032
143,102,0.7853815837413614,0.5829571636074801,0.7231096086509434,0.8898974470572364,0.8794875599774178,0.3827465979854358,0.3738738475138569
145,102,0.404263046456115,0.404873237256943,0.5711333291938425,0.6158480881342979,0.8451791091290456,0.3871187893906305,0.3899583602449338
146,38,0.5930586743276623,0.7618302620758346,0.6695587280413067,,0.9160378574968668,0.8331262064013267,0.832036744724755
148,102,0.6955601036725417,0.5821263815944545,0.5132800266127832,,0.800114697864192,0.8029572098364581,0.8005329043074209
149,100,0.5891953469521264,0.5611102013665258,0.6378971486117792,0.913641452062571,0.8413549847396533,0.4712602354818708,0.6889827159968226
152,102,0.6180028498179065,0.5943288379608812,0.366904843249719,0.7869584220811682,0.8241658897156151,0.5963241238534778,0.6019141194566795
153,102,0.3605929053793364,0.2190641320009727,0.5545205958441805,0.2259767855768555,0.903803436530081,0.0997622731634769,0.1005040505404808
158,94,0.7104348736500765,0.6932306749020426,0.4797922278925682,0.6626582246286854,0.8196643312401617,0.456227474984114,0.4557290211398138
159,106,0.6377725979344315,0.6177787584470248,0.4788127502006537,0.7730891795951622,0.936105514791267,0.3429272022986169,0.4026550876906521
166,97,0.8428774885023377,0.7412511214042982,0.6662900188520894,0.4974256975235083,0.5519139870717613,0.8673472011132647,0.8657001967764659
167,98,0.0661150678942766,-0.0385664322336823,0.3845896979795562,0.1770792315368306,0.8635475178031946,-0.0253000452252546,-0.0211549325179961
173,45,0.7123068281076633,0.5063597996786714,0.7472444086477423,0.3329137401910295,0.3216294650614131,0.7954058408128856,0.7921019431674777
177,53,0.6300249719836349,0.6731806848979238,0.4847141907781456,,0.5185902437643619,0.785076236047903,0.7871955113050435
178,102,0.492831042819798,0.1842478992524053,0.4626219941448949,0.3339442007181667,0.7082864726088,0.3547914581651873,0.3477385348429405
183,22,0.1113969654006562,-0.1927033681644415,0.5935427798957783,,0.7020379532900628,-0.1114818139948255,-0.114179611123004
186,94,0.8104990875235873,0.7581978638767822,0.5085404159591937,,0.5602901066493783,0.7940007843325793,0.7938470953368306
190,102,0.3680387845892791,0.3880091145533362,0.5968822544719856,0.4705407269893781,0.4888735458833956,0.3925226145160428,0.389415415002201
192,102,0.6671328784093983,0.5652736447567182,0.7452652459157247,0.8909617716065725,0.2429009734880366,0.6185438797535316,0.6175352460443069
193,94,0.6245974427594957,0.4649027185272382,0.6149604788584274,-0.1047348887370669,0.822908360960512,0.4681056710264694,0.4730501782318687
195,47,0.3963942448477464,0.1497719813667498,0.547394578284625,0.16513743341683,0.918232356314944,0.0135037187110848,0.0077364853772169
197,102,0.285240451990415,0.2370212791815228,0.4408577073939095,0.3799115571023803,0.6459178110532691,0.1771010561705439,0.1769176331642247
203,98,0.7083271056379193,0.4431098267527562,0.6462748485057691,0.7567137222040836,0.7364534368897876,0.7412523402794805,0.7625540578356749
209,102,0.6403981262837349,0.4749999200345852,0.7169904168452501,0.2354601817772403,0.8091089677688571,0.635358748231139,0.6403762831281417
213,91,0.4940461256485151,0.3522393302999306,0.5346551763125338,0.6091460234770455,0.2916514087558506,0.4995397405588471,0.4938865042639214
216,102,0.2174656782715961,0.0783750880266137,0.3658319775440913,0.231910075031706,0.8137573676480139,0.0341535116819841,0.0364511960150102
217,96,0.3129367710416122,0.47382394764729,0.3908774611385158,0.3065826256653399,0.7918631075612342,0.3992760492771156,0.3981348277954956
227,94,0.5815382926625704,0.5308494372395962,0.4400414328338033,0.374402179674118,0.4239856100540415,0.7935572399098952,0.7991783581465319
231,18,0.3653460065859784,0.0118773804828932,0.5967777880422016,,0.3414157285248482,0.1041975197112801,0.1185643159136488
232,102,0.637019724405296,0.6866196593197345,0.3886219540398646,-0.2229496206208824,0.7165022758427984,0.6797356876439337,0.6770486104145412
234,100,0.5477217281780297,0.6264275454955479,0.3904869597009554,0.3093831295576708,0.7256232689470982,0.5751293970249833,0.5757192534877199
236,106,0.6373084937239407,0.6186676312667362,0.4180211893501812,0.4179688904526666,0.7996207693672841,0.4731444778713833,0.4744647643791994
239,69,0.0420356295827602,0.263650785936087,-0.0136203150891512,,0.5271366699573238,0.1768228995928474,0.1728282819854015
240,98,0.5289353493564778,0.3657100747560741,0.4632060985680085,0.1484474212507308,0.6805011816703599,0.3816230056957859,0.3836565304032469
244,102,0.5736435665065863,0.3793313534691696,0.4345317354638248,0.777296471359299,0.8451490357567968,0.5893954083609784,0.589932915191986
245,102,0.5124748866547906,0.3498540586281159,0.3120680514067965,0.089006969542312,0.3872870429665419,0.5091235171586581,0.5101840158685127
247,98,0.6716324104828095,0.531560445075215,0.5048945302366207,0.4327041804680127,0.922521338622725,0.7265238983702914,0.7206387072321501
264,94,0.6723937472161741,0.501972781357927,0.5475376152590462,0.5792758850030347,0.8165355795897783,0.7164867996956473,0.711909094702117
265,99,0.622279466806611,0.549527022079005,0.6082178770905736,0.7809389388921607,0.885796083652146,0.7515599003963187,0.75359499895474
267,94,0.5263025890088296,0.5586908963639019,0.5615297911856479,0.2515623207007639,0.8645729030591763,0.5194730505646248,0.5145974303656369
270,39,0.6565563822568364,0.6279163186369588,0.7030449752304369,0.0953409442740964,0.3553095876119516,0.5294920236675367,0.5321861750702143
271,102,0.4427975513304282,0.2507491964211265,0.6732714562235995,0.1649056479033224,0.6832178927774007,0.0962706007106954,0.089661805059417
272,102,0.4007438008579168,0.3802154384385118,0.4748994381291926,0.33657705088646,0.8232152670898139,0.2219357947840692,0.2284538436533075
275,98,0.4842964869793424,0.3537234353747968,0.4764534515685159,0.2155281868394435,0.5488206332876355,0.5093702519180405,0.5023820030318263
276,104,0.6248983568787263,0.6391574639016715,0.5320786904164614,0.8688272219084827,0.6277754766644881,0.7150767677579344,0.7112812759987123
278,87,0.74098553803599,0.6619303494697536,0.5108770553007126,0.7472285659055057,0.8410043015233808,0.473778486613895,0.4717276413263379
280,104,0.7397518743454936,0.4859688715832063,0.820552039432948,0.2090850158350392,0.7876987989717221,0.5882281672619527,0.5845672141504548
284,102,0.1231103421098639,0.1933678025791641,0.2996381954388278,0.2039663859768027,0.8821166372604275,0.1373360038696241,0.130266941347956
292,102,0.4706342614855334,0.241027170713804,0.4832914004981916,0.1324065209471884,0.8246877513510702,0.2683081906375613,0.2595134477092095
294,37,0.6173338697863661,0.2350323165447492,0.5075161430764605,,0.7437932041440658,0.0860503639758489,0.0877647646119308
307,106,0.2427552061844843,0.3410219592950942,0.2963093605744696,0.5613972974173855,0.8570575544977068,0.2503673227973799,0.2446280318381711
308,22,0.4480531590585639,0.0845933993045012,0.5417705383329124,,0.4422792013725669,0.1087180911806005,0.1307679399987245
309,34,0.8329629594041558,0.6210641785563841,0.7980561478853558,,0.9685403792949542,0.8306824996094052,0.8319470575239187
310,100,0.437531545401673,0.1987161660061769,0.4111077434663016,-0.0278587058939491,0.8107743940495,0.2566788780620267,0.2636040020244795
311,9,0.0023326086439797,-0.0641446165728152,-9.356402631322573e-18,,0.2397746838009075,-0.0961801299258729,-0.0982632033037949
312,75,0.0742786494799525,0.0864530114291506,0.206321531097147,0.1093606196020665,0.59021582526564,0.0192914955093924,0.0181097234650356
313,87,0.2692936804872149,0.3497067586032654,0.45909193247218,0.7637914923106942,0.7247335732034311,0.4083108856770472,0.4041844477177499
314,97,0.4088031723211219,0.2656615471590611,0.41718770491031,,0.2834488592909263,0.3185105131709172,0.3216489240212483
320,26,0.2505750663863492,0.2451121215660813,0.2362637362637362,0.1138739183999764,0.6504829130397443,-0.0686931884834991,-0.0642530993005755
322,102,0.6276656123911912,0.5943106695930918,0.5239011270766623,0.783724509063546,0.8438383470402131,0.7238309995511083,0.7170522233538934
325,102,0.359347111876338,0.2700145414491953,0.6630484486271792,0.1889900542036908,0.4593588464662115,0.065768033361313,0.0745570232183048
334,98,0.6311138006833106,0.4022694966683379,0.5133931768881891,0.3300280797026392,0.6061279556151434,0.5237738987704659,0.523084699518915
339,98,0.7977075223527293,0.8277969587073245,0.3080307647518965,,0.5187829989837713,0.8750840371939754,0.8765181178528094
341,11,0.5058972584834862,-0.3272712870881456,0.7770928126270502,,-0.3488521580824168,-0.3292290021059684,-0.2549952847217452
354,70,0.5928767654443154,0.4715636192046249,0.4665256990687277,0.5692780498659884,0.7698314442675905,0.4368035169558846,0.4361984999959736
365,106,0.5634949109552082,0.4979577808192497,0.4063145766515027,0.6759417915708873,0.7839491612127221,0.6353502619566571,0.6308242457761013
369,87,0.7327116850526177,0.6383654242718899,0.5711422065114719,0.7455742860821342,0.6652511426809299,0.790585360858853,0.789764608010874
371,102,0.5145563091518078,0.4808406990260763,0.5337050922308475,0.3708400170569404,0.8825867611650821,0.5656273533215048,0.563933502235859
376,11,0.393174809838256,0.1831387915515223,0.5917813771642473,,0.2228384481535684,0.5205913250933476,0.5202459385313422
377,102,0.6625682231527957,0.4414326176730393,0.6128080122177846,0.7927475532381667,0.7545766948001875,0.6460205899615994,0.6443320953189375
383,104,0.7492301388641704,0.6307565053512173,0.6621426514028365,0.870783883342853,0.6639474639111264,0.6960387783961852,0.6972911032465772
384,99,0.4262434497811687,0.4653033934286653,0.340648759114692,0.3484787796943602,0.7654241681874586,0.4467765832016216,0.4504424138177061
385,66,0.3445685948880631,0.4379976264780856,0.4137123085298093,0.4003376279329341,0.6915001858205578,0.5228817093043086,0.5256289989389497
391,87,0.208851153741382,-0.1096528937040958,0.6500053840376664,,1.0,-0.0309002652955996,-0.0260213404234213
392,98,0.4039819324526862,0.4681130383770721,0.3716225868930764,0.2522397578921462,0.8322526120797916,0.3560587731442824,0.3528882479354501
394,101,0.5634204405684478,0.2626231306618435,0.4297590075999868,0.7404023868235676,0.6948745984350685,0.5445370543088095,0.5488307662337966
395,78,0.6827429699262226,0.6803887832746977,0.661995772874075,0.5522964062785882,0.7248297369896639,0.5563488290295973,0.5563253930351781
396,102,0.2213890050988604,0.1901437294716526,0.5764674669259487,0.4551136024082083,0.8871481356960143,0.0914582904379825,0.0935382016738497
405,98,0.3298001689086952,0.3956337045291671,0.2212081636272868,-0.1505492022532491,0.8919397612227218,0.2882359398915277,0.2807953511780769
409,98,0.5938453539194867,0.7026150628153316,0.5098916061324859,0.6430068045958641,0.8026915687079151,0.7315798994050129,0.7274932550328326
410,91,0.4667566341902078,0.5817455607260829,0.4996993814170662,0.5195490874864583,0.4904591762660351,0.5651313857021677,0.5643366980745663
411,104,0.3732495979109147,0.3357414555650111,0.4931452047166106,,0.8505261943970108,0.4166577452625541,0.4200337846982415
412,102,0.5066423059363115,0.6721647662173086,0.54020794576848,0.2327562995757904,0.918434977624351,0.6165542020709861,0.6094431097631909
418,101,0.7476548438893102,0.7742506892974383,0.1842449310369367,0.8067744097517787,0.4761536686106129,0.7836805678309539,0.7829715289824014
420,98,0.4596738789466416,0.4872709529586436,0.2825924638031524,0.2845085526054257,0.42520728896811,0.3809765679080772,0.3791043821487468
422,106,0.315087035582456,0.2194452168244725,0.5281403405868415,-0.0161423396446877,0.8469699034680291,0.1198944226013356,0.1226846661562925
423,102,0.0793758142849266,0.0809786672926494,0.3919720993311723,0.0640356119108143,0.8611202386281159,-0.0100972526887271,-0.0042504574871732
441,102,0.1622932280053952,0.0733129584998647,0.368061482973867,0.2191038608836281,0.8495087741059124,0.048203501758223,0.0460862819714648
453,94,0.7204876390190171,0.5037416253628031,0.5775895022715964,0.5120774135772111,0.8506506066165409,0.6406912196465718,0.641551599109328
454,94,0.411676443538032,0.5390639316545381,0.2369864291840048,0.2721514279564988,0.4461583767120289,0.3877218893275859,0.3851362379426299
455,98,0.4411415386762183,0.4071200684475193,0.4947643961019219,0.6529804660821014,0.3192024357485615,0.1596100117274289,0.1599619817105544
456,74,0.6676481503395224,0.7787542236810343,0.3630095214968293,0.7812562448126746,0.8174320369184657,0.7128849698072931,0.7107755501541536
470,11,0.4809938041537731,-0.2639610446191825,0.5328598904230363,,0.8515290169027805,0.1994586486310381,0.2501624896011233
471,104,0.6911953551013732,0.5424907275493166,0.600281963994105,0.6685876411756903,0.8140499258583498,0.5530035657748563,0.5541113457212385
475,13,0.5626848863921056,0.4542778312694013,0.4869258405481765,,0.5879043665517127,0.5881398909154558,0.5891004234719049
476,102,0.5743987596592508,0.3359249821792414,0.319950430793543,0.9163319326828352,0.886963272650581,0.6285687479011011,0.6361814755194233
477,102,0.6721110085259876,0.256772202523872,0.66302777210078,0.3227383502784688,0.6001819920091704,0.5382012813438464,0.5385404354912017
495,102,0.4290992281978669,0.3353389614629642,0.3573529130463536,0.6769733612846669,0.8958554541447802,0.3694091891086302,0.3620424600508274
499,102,0.3954060096647845,0.3276692575362438,0.4546908165239167,0.0700867601862191,0.8447961855613777,0.2277153002481934,0.2317679437352751
526,102,0.6711839491149694,0.6724278934483899,0.7413736704096806,0.1459279331891592,0.5832539662778261,0.7226872404545449,0.7228178556571803
541,102,0.5739809598593416,0.6329825540650794,0.4835760235529477,0.2682012071200347,0.9387739182409212,0.6387786123973845,0.6363316237434162
569,93,0.5331714764283743,0.1926767441676812,0.6171195457521484,0.4002458494722918,0.7923111973722301,0.0254753172493525,0.0307734076914218
574,99,0.4074345277018957,0.4640959135470472,0.528380327382905,0.4227916758317939,0.4844799639414072,0.4275310338569046,0.4286681126123043
578,106,0.3650419016873563,0.2769404246095411,0.4857841916636254,0.3204598935574043,0.7876918060373092,0.4011425258745739,0.4010149716827962
586,98,0.2639144725605235,0.2868882562680669,0.3616805998942125,0.5095297486068393,0.8515773263478288,0.2112217688339889,0.2152385877368493
587,98,0.5165456799069396,0.501075787867292,0.4031194780967481,0.7026958069438453,0.6641072513973837,0.5601486741252959,0.5576265814387568
588,72,0.5988493206851848,0.6076863372775115,0.4141631985604769,0.4060106859689617,0.8664588277548848,0.6601558104414201,0.6567905556558074
594,75,0.4665909444526434,0.4254780582743235,0.5631894133817352,0.2405399030789794,0.3289642343832435,0.1585809029321773,0.1731582986202193
597,106,0.4927214338043968,0.4331948707079529,0.6098080191331507,0.4318216622654314,0.8057200671852699,0.2686037229065672,0.2710743033109282
598,106,0.6138832072574281,0.5268981008618132,0.349320882852291,0.0683185996971298,0.9279794042337036,0.5322627189552883,0.5279947244111715
600,98,0.6975872172102041,0.6703618858260363,0.511185432662342,-0.3655188766290806,0.7677572881290016,0.7242758757854576,0.7246908341786873
605,87,0.5430155836295759,0.3224291010381893,0.4230532699922883,0.6550695665502518,0.9455820019583338,0.1225943592832216,0.1159008715634596
606,87,0.8278600081847882,0.8376808917691217,0.6786472172607186,,0.8490959138547499,0.8156720985473137,0.8172709931181338
607,102,0.7019767705924189,0.7946022114337141,0.7290983701384803,,0.8412783505050652,0.7845538863870558,0.7840212188184502
616,102,0.5467915319608087,0.4983774242512521,0.333363693283606,0.2510688491394784,0.5942104803250068,0.4260602742136405,0.4224801496699142
618,102,0.1657072614537768,0.0836366175503463,0.4791857788450336,0.4413092557026923,0.8616352360188848,0.0878167790920623,0.0957617114310472
621,106,0.6208431734890641,0.6413813933082531,0.6385996543028091,0.6689654018961604,0.1673629971095546,0.7085065069543954,0.7492615782031157
622,80,0.4211191318199737,0.4155193018538725,0.3915551950753853,,0.4280810156577469,0.2888216746142483,0.2908604031661136
625,90,0.6094436352032261,0.4961237234388255,0.5480216309132602,0.6647163350317856,0.3234664495473199,0.4972626571992598,0.4999777154551088
627,106,0.192319372774214,0.1803486153866187,0.2207455157343816,0.0967408916501755,0.9162530099731996,0.1128892448841239,0.1154790720775823
636,102,0.6534321879435717,0.5685614385437114,0.6404120203093077,0.7693988768492193,0.8364500010273533,0.6855303248000041,0.6844452022479007
637,98,0.3826380619010012,0.2575505095760644,0.5048086108210248,0.2241469297356058,0.616727866148583,0.3127879082777271,0.3163958286733959
638,83,0.6075003267092872,0.4445784910716393,0.5654166828309749,0.5137720330828422,0.2055057351479489,0.8333112046168171,0.8307894684946416
642,98,0.683484631733508,0.6833304130884971,0.5153953262318073,0.498233783037199,0.7550323401682414,0.8850936392616396,0.8843650809373093
644,27,0.1553957179164833,0.3430004684909207,0.240449438202247,,0.726486931494083,0.2308849195408464,0.2064395754106735
646,11,0.6687486312052997,0.0390064592171149,0.7264673178315607,,0.0012197974600725,-0.0338636337331094,-0.0197767185808698
647,102,0.6680076282013219,0.7496099601499843,0.4234636452677414,0.2728568343146347,0.888939433117839,0.7053919125662229,0.7051196948706507
650,98,0.4093438357204902,0.2718770066932123,0.5205603131717697,-0.0250328742722566,0.816636741050268,0.1923764805512637,0.1947606534839362
651,54,0.5080093935634329,0.4440445111795756,0.2253602995884526,0.5588401409409249,0.7255807958036203,0.3692203929889014,0.3720176763443282
655,102,0.6559740209248326,0.6345581528297254,0.5649083639898226,0.4390255533851069,0.8707877167796447,0.7594388194555681,0.7560886131816238
656,98,0.4548667667337174,0.4192576415951232,0.3488030414071854,0.6990202928608731,0.8453011464431153,0.6154546982625502,0.6130620002749525
658,98,0.523719798579368,0.4598770732247201,0.5358929490114315,0.3564672961737735,0.9308895506742848,0.4351787275185927,0.4345106729759166
659,102,0.3924819993417017,0.0280030264871829,0.7226874714352662,0.1413155678700524,0.8009766216321066,0.0165318726571954,0.0109285887785969
660,102,0.5343230279863193,0.6555513367992408,0.6184504411089297,0.0901145015571555,0.9048376730227374,0.6295769856495864,0.6295677566710071
662,106,0.3632334532771681,0.2468342506620334,0.5739686592076425,0.4032090063428784,0.9422264756164896,0.169823576351103,0.175280146480914
665,98,0.3971895012989699,0.4988833503802082,0.466488461939598,0.2486867353030304,0.8803251722567715,0.4696642231937813,0.4712758940989093
670,94,0.4953975496432571,0.2668854397064529,0.5762835391193639,0.0081286998700905,0.8092206986648849,0.3286829644927763,0.3395939513970919
671,102,0.592681941976544,0.5707492452215309,0.6685965914397977,0.6914599856796724,0.8666917781164141,0.4693507402216073,0.4699472333365352
674,102,0.6067466394311501,0.3392930119271668,0.4632183303722372,0.3075801854792713,0.8610901414983215,0.472018210394784,0.4800865623228111
675,92,0.6726060171624866,0.3874253012674005,0.4087749478351451,0.5939945323597067,0.8317965127606993,0.5383795189241967,0.5963518397953402
676,11,0.2505043952042567,-0.0467008365669513,0.6002450479987809,,0.3883413229597319,-0.0195146726313986,-0.0148357865376698
679,86,0.5920240808088794,0.5681163457558465,0.4417627948665642,0.4501925726915327,0.4197989393301474,0.6559963792388386,0.6548547521334406
681,87,0.657987493741259,0.4567895130271074,0.3998045345634154,0.7291076730359164,0.3954923778222075,0.4138939120689716,0.4144285097512322
682,102,0.637902298315381,0.4560709130006376,0.5654033149025139,0.7429226460225693,0.8098947791650826,0.5730822003382959,0.5691965207141098
687,98,0.3114700825543388,0.1696373922890068,0.4756931954810429,0.1079413341377719,0.5463448876965027,-0.0278681037343616,-0.018661592562518
697,21,-0.0027597446647557,-0.3177723491876632,0.607843137254902,,0.9340414273976306,-0.2693506036434763,-0.271218544582213
713,102,0.368777460532576,0.317621680020018,0.5276129135053916,0.5741080814008065,0.8702638057033314,0.4563654623665796,0.4554782451447643
756,99,0.3651409185971252,0.5522217145365497,0.6920311109175957,0.498550785724609,0.8786713131065577,0.4202979954869535,0.4079680482606931
757,87,0.6519055835813969,0.6200657726812129,0.4910954823379433,0.8074767064555592,0.3230941755240997,0.6865044961002059,0.6774994940188284
758,90,0.6265048232014866,0.4072938139715729,0.5780139599519025,0.1971541623705707,0.8394489110846131,0.4300209300621713,0.4362875387795423
759,102,0.376020364756805,0.4918156468263036,0.319436610947454,0.1086298206152369,0.8967830176284813,0.5549994976276155,0.5531417717699403
760,22,0.3611663221906415,0.0679235430442355,0.648093244480784,,0.5517770236183688,0.0681164958639676,0.0748609846648182
761,102,0.5454235098804884,0.5891640248500094,0.3799054805268932,-0.0251067837607264,0.5645375664003008,0.6349716647194052,0.638292466463243
762,94,0.6269428693137756,0.2869422697081605,0.5519775104801086,0.418507795036404,0.5282295194009631,0.5309599426838582,0.5376936920895242
763,98,0.4571775886011038,0.3727573870735366,0.5621690224032323,0.2438567771088909,0.4573376481074342,0.286472999396676,0.2971828374664776
764,98,0.4533659374125207,0.3330320740777958,0.5331991054574448,-0.0410028540074525,0.5237461730451969,0.2212209450424095,0.2239263376864665
765,102,0.0713178142778809,-0.0509686347113896,0.5140873649731342,0.0514976506195068,0.955663558219196,-0.1363059736791183,-0.1337401806362992
767,102,0.3805897355871841,0.3470380958902151,0.6054171156548616,0.2126597764558053,0.7812355188540727,0.3043463944262686,0.3010957364729679
768,106,0.7259158506025748,0.6199650221733951,0.6326169469299698,0.2905260081058736,0.77206957669468,0.7252646265471432,0.726134295423737
775,102,0.2720492661743543,0.1394313720147404,0.4162869342550274,0.1878826793212176,0.8494025820125662,0.1550872204728567,0.1649923478666928
777,102,0.1690491231939837,0.302929194511581,0.3672104121620168,0.0312497091486208,0.8566324488606634,0.1613955680819249,0.1632751206849343
778,102,0.2004067861055741,0.0998884792288016,0.5305523897265622,0.0909059161013602,0.5062141810338783,0.171049341593421,0.1698842557726135
779,102,0.6397214651714767,0.6750606010556285,0.5400090712768203,0.7497267828001776,0.9104190315199642,0.6823049773207015,0.6819959516031494
780,100,0.5128309838406846,0.5450529695930678,0.5778063217415454,0.3263870670919243,0.6831053012401015,0.587703903479879,0.578213472405637
781,102,0.3183394822137035,0.5456396235719283,0.0536036091588059,0.2009263424902663,0.7890151606298902,0.4144185808247396,0.4076972218989013
782,87,0.3035770339883785,0.1449387249721806,0.3932119045907296,0.1871703441487565,0.8461860304864014,0.041257254037028,0.0457492172280969
783,11,-0.222434309744657,-0.09764600389525,0.7100107226918819,,0.8017837257372731,-0.0806059179011419,-0.0156846556834627
784,60,0.8376783719748813,0.5329766972695776,0.8888012427499845,,0.4463831861455984,0.6892296304171958,0.6847283119589974
785,15,0.032969386110898,0.2116873532717948,0.4933937379817957,,0.7284628912557538,0.0772958414480547,0.1337793950926001
787,76,0.5892296622992192,0.4204399271945293,0.6315457426700458,0.5352136154853646,0.7901562226820297,0.4680380622562904,0.4761202729526765
788,102,0.6929442737354686,0.5683568913716771,0.5968048033649185,0.3386222282153722,0.7797743802565339,0.620351455441296,0.6185603946927019
789,102,0.181240073605123,0.1186604965343069,0.3775884192447493,0.5028821350399293,0.9058823603213356,0.096935897080951,0.1057975449627613
790,87,0.5089210713609905,0.6439226664838127,0.5683949497331258,0.3727977799726148,-0.0340590290906645,0.6835311307774716,0.6800442363358745
791,102,0.4762813940533693,0.4399220668833196,0.61575187714913,0.5076832428659095,0.8696222947803844,0.364863350613228,0.3591985773501703
792,96,0.3847571114007501,0.3248251060927545,0.2739767759578413,0.0650161148061524,0.209403057332915,0.3449761467895927,0.3535874728033621
793,102,0.6250028784863567,0.5053529770623169,0.4203785519651721,0.247428323756399,0.8269165316613836,0.8001400397709386,0.8003820493974142
794,98,0.3788032820304666,0.4011804634073012,0.3754768546868626,0.5217627511044222,0.92050146809071,0.3439232904535944,0.3404230770989478
795,84,0.4893560818529283,0.4278288230725955,0.3588734918144638,,0.2190103129059828,0.7320875444336221,0.7339998522896649
796,87,0.7154162640664756,0.6237866389776121,0.5583324509455091,,0.2127174568905718,0.8675343651398312,0.8671655955355677
797,18,0.3763900313133005,0.0564245098667086,0.7239252992420239,,0.4068045761686367,0.0749187778406031,0.0810636455279511
798,104,0.4482244564787932,0.5059564532765596,0.4773174216795419,0.0792795246632389,0.4423711745231368,0.4871561288761078,0.4862497741446717
801,102,0.2604522950315859,0.2745827285836069,0.1914399116079171,0.2345530627482115,0.9560668908531582,0.1930881675856846,0.1788694451866199
802,102,0.6220006449321095,0.6487828730874873,0.3087929180913239,0.6744032354828364,0.8039274728439502,0.6281186028728996,0.6237716677984834
810,106,0.5389003339064752,0.5407260805770729,0.3956326196868818,0.145645647447309,0.8150800754705282,0.7313223358705163,0.7277171467617954
821,102,0.4973705204251934,0.4791142609852383,0.6418580137550961,0.701435402355993,0.519612270884724,0.4207275332290512,0.4141123171927899
822,102,0.5619686891518999,0.1645750901896115,0.6601870248410601,0.5061892648403246,0.9168708909526452,0.4001009094740008,0.4088246478931372
823,98,0.6629368136271133,0.6820735235266018,0.6627081887068987,0.564636917629377,0.3989106238090012,0.5711590025767642,0.5712442962444954
824,102,0.6555875629111769,0.5752853751032999,0.4623343201549695,0.6213062983295917,0.572227919850717,0.7103125308255226,0.7060268982719864
828,104,0.4739903474634206,0.5314744510099901,0.4640465564236326,0.5152551753021549,0.7843036332553154,0.508238567533777,0.5081788748260908
832,11,0.5197116357766685,-0.2986724217777934,0.61502080535259,,0.9407449961757453,-0.120444768030205,-0.0931101477533279
833,98,0.4835564371323146,0.4765346334673038,0.4907813570410185,,0.4864619682342355,0.4279790167256327,0.4368583592035726
835,106,0.2413523863063816,0.1390361092034412,0.4963692932998798,0.4453432197515525,0.9201263771802488,0.067113829823838,0.0680700458636536
851,102,0.01992601477347,0.2242235719105978,0.2587208829062726,0.1914981041258814,0.8856020483128908,-0.025552444604308,-0.0297971537226403
852,98,0.6510822383300036,0.2615150857833456,0.7039964222495952,0.6588047169208145,0.8601100296450144,0.4248894651391099,0.4248642861916736
853,52,0.4110783564345999,0.2211687149252357,0.6096033402922755,0.247182338941072,0.6479811620681337,0.1126153002136288,0.1126539034725032
854,102,0.702513378484799,0.4908722572614051,0.7059377940574975,0.0866055361186168,0.1067369188432431,0.6118067907195585,0.6025915991925582
855,106,0.6418754184335449,0.6401921612908854,0.3882753470836109,0.8484232049061919,0.5867286963502621,0.6002604685803103,0.5970209421155673
857,94,0.583721562970451,0.4894120190047181,0.4564145935472584,0.5254208381728515,0.4864105783638445,0.55451593032329,0.5496690673320873
858,98,0.2294992804080513,0.1234485098537923,0.3029015293537799,0.0607265750312544,0.8118043033963086,0.0957526367417532,0.0908147027226648
859,68,0.6306387980302278,0.4474858693178914,0.5780304935007997,0.1101474806434694,0.8392145307425523,0.2977359258901537,0.307823871747867
860,106,0.592788062465622,0.7153990944440378,0.5130964477443457,0.2944593937038594,0.7684318908573975,0.6694030547905561,0.6684873128809206
861,87,0.5457585141214805,0.5057832073024505,0.5235335624810598,0.4790062611707543,0.8678633063028823,0.175938783726899,0.1131552862407293
862,104,0.7491954282418472,0.4079840029481187,0.4764381970985268,0.1830301569660579,0.9481131769264454,0.7217813052419687,0.7153635072700435
863,56,0.4943758845268162,0.5791535333767908,0.4271710412936183,,0.523132950132533,0.6399517533677012,0.636331382869823
864,102,0.6980535690041252,0.5934769583808821,0.3979340173288222,0.1492649456300833,0.7847526493953838,0.7671240302174588,0.770542328193265
865,102,0.4027568853403225,0.3302088826369542,0.6017474369519247,0.1599004105757288,0.7847018258076863,0.5922987628329077,0.6385257822616242
866,18,0.2011772828122363,-0.3239887339862466,0.6615660188583988,,0.8393278503513232,-0.1165249835116033,-0.1045831244798671
867,98,0.3529487734035744,0.1818100033040304,0.3372419474065794,0.5731393959633244,0.9120483914091796,0.2635654539353652,0.249983410760262
868,98,0.5755282576552821,0.568641488200279,0.5480284311210902,0.923264701384172,0.4363057683122954,0.7355267946442339,0.7401781703433329
869,102,0.728984917516338,0.6852681393391503,0.3527216481953524,0.9085786249522848,0.5619067983087752,0.7328224482670163,0.7329910412597676
870,102,0.5574805557422124,0.514228424435179,0.6247238788988779,0.5152090045749832,0.3006665197380856,0.5202254383955979,0.5243666054901123
871,85,0.2033921618187399,0.2900111720164639,0.4789296499296728,0.0637955526221765,0.6735255450685675,0.1584042621470432,0.1607948548291998
872,102,0.6752389875494665,0.6822830659003168,0.5634651177418976,0.8036595748694424,0.7921715188505876,0.647074059623128,0.6449534668647323
874,9,,,,,0.7086723848718016,,
875,87,0.5545186246133527,0.4448504655162584,0.4810103624873744,0.3027771702267244,0.7389264487931974,0.4702163017963145,0.4749197331862915
876,81,0.8976643360828682,0.8004347279696643,0.903645063544718,,0.6063845298416101,0.8269532308186864,0.8288438030457413
877,98,0.3160875373001195,0.4247075653514899,0.4353445876961623,0.7785392892084786,0.8127765033025315,0.4574207317625766,0.4569769802340476
878,102,0.3521419650344615,0.2631150512182856,0.5326265749928693,-0.044281952998154,0.3188642231080181,0.1912970425373285,0.1909378234464407
879,42,0.8060872721796869,0.7814134256966994,0.7424766753590755,0.6604684004508633,0.6673772187979209,0.8123222896833473,0.813106356750245
880,102,0.2907757129542681,0.196335510379396,0.4876622154928172,0.1344306085078968,0.4360448589613067,0.0177194134544551,0.0166304868192977
927,98,0.3083872825055208,0.0840512709559169,0.5598471964886478,0.5683980291323879,0.9204511079325712,0.342856759188734,0.3481235166119889
928,104,0.5337218961038261,0.155339846314317,0.2950037508166697,0.3249260170594494,0.8926895453849015,0.2546918420583455,0.2642257879563595
943,99,0.3059023320644528,0.4773819527842623,0.6234297257753608,0.3653492761886097,0.8911938237182063,0.3161398936950248,0.3372395355097117
965,98,0.5849156064270992,0.4755097984307474,0.3671275969045975,0.5007688552476133,0.5541029829554359,0.5126167724953202,0.5063986841662415
969,104,0.5832940592112165,0.4441560085773791,0.536372949082374,0.5771421672523093,0.8899484810794547,0.4581096339052679,0.4585403839030966
970,24,0.2499224087232507,-0.18908757290092,0.3694341460520603,-0.1699923979240728,0.4842339366562253,0.0205334742433371,0.1008086440992977
971,37,0.5223592888012533,0.370708203492965,0.56742657881291,,0.2556153287829947,0.3520093404695585,0.3522959718366891
972,18,0.1231873464632446,0.239052848366431,0.3414408713674271,,0.7400169048933668,-0.0086672427875977,-0.0179430734874049
973,22,0.2567642931920623,0.4072921732740726,0.4394307796819118,-0.2019643906897781,0.6840797710289508,0.147119630422707,0.1384872642896555
974,104,0.6171527302551826,0.5348497198258828,0.5846357448323819,0.6071680174066605,0.6356204398251911,0.541520096544085,0.54345761042126
975,87,0.2703649610786323,0.2105322189473302,0.313988813304674,0.4081335116528886,0.870024823998713,0.2003587349369563,0.2298238432950401
976,88,0.5408821407138718,0.4181541134457618,0.628452629157632,0.6557409356708964,0.9024051880507842,0.2963074338836223,0.212236818944387
977,49,0.6292949036415423,0.6171866169591279,0.6835900863422623,,0.8684047283046696,0.6191097689337262,0.6213864305209705
978,104,0.5025323336149664,0.6116597260155106,0.6159251410330837,0.2503707419236557,0.9367389494616984,0.4257451590688306,0.3740434338473765
979,79,0.5215586302060106,0.5302756458788185,0.3267638291447733,0.645729878568535,0.2731288166114137,0.652032664089285,0.6478594556282687
980,56,0.2960261120127391,0.2341098201670766,0.4007758472786311,0.5397190700257571,0.2725201852310516,0.2072959889252955,0.2133620588165277
981,98,0.4833013175988038,0.6485965458279113,0.4641011130500208,0.4289086273229175,0.515567648149985,0.7057552150923297,0.7008030627054762
982,87,0.4885389058074265,0.5882610083713575,0.086217369417252,0.7525942150090994,0.8484142082044552,0.6959097957402328,0.6941379147944933
983,91,0.465919092537036,0.4496598039593543,0.5567147633012602,0.0058073253290372,-0.0259451739373189,0.4141998431900341,0.4195856711754345
984,101,0.0595536255835027,0.2737925650866745,0.329815883664318,-0.0239356391820831,0.7759898698777221,0.0577320428144738,0.0479394073113632
985,104,0.1706452770883815,0.4133065560551917,0.4879415296512654,0.866988698286702,0.8554860349483361,0.1651558948453511,0.2071939125798686
986,51,0.4960723600168112,0.5360093508284138,0.320959710276143,0.5750175285245331,0.6985185000692591,0.5618646812770068,0.5656991727377089
987,98,0.5641987879921424,0.449071643622945,0.5250177028653894,0.4601547479247009,0.6533033947348985,0.400081282487371,0.3980180636913981
988,97,0.7251135641045703,0.6979775141360979,0.6550941991886655,0.8216759591284828,0.765853636977759,0.6653868031604518,0.66089639961345
989,98,0.3847231946190922,0.4419169009837708,0.4534750174815198,0.5690810039536881,0.8748490483603785,0.3623477720156158,0.3595260294459138
990,98,0.8494013144618737,0.719939279007479,0.5083263833506442,0.9228695101357008,0.6222778816306331,0.7222545024858924,0.7420569932240869
991,98,0.3044781570575709,0.2801609255003283,0.532465711019842,0.2030180053024567,0.8444504338542888,0.0057816474354847,0.0075033007348716
995,98,0.7677178693054534,0.6687973240692506,0.6608358143691073,0.1790291578876616,0.5021333541802222,0.848982149617656,0.8523784928511334
998,98,0.455679203413918,0.3537652974502107,0.5556345204648847,0.0235865299236515,0.7160466710923705,0.2235045172738514,0.2333029399601894
1000,72,0.0651895588920565,-0.0395776723549861,0.420009701826423,0.2630198250291748,0.7916362701431451,0.1046919786353045,0.0963063788521666
1012,98,0.3902844601815321,0.4029974041897472,0.4929944516923896,0.273534271329553,0.5805323496689265,0.3418673454947948,0.3517291376126314
1029,94,0.6600499282238084,0.7192377975641959,0.5036738613287804,0.344507244114358,0.4853832508638818,0.7883547663568651,0.791161976918246
1189,94,0.7983015172567447,0.5052761443457103,0.4299963264382518,,0.3383908528586267,0.8553670377034437,0.8573138678705712
1190,69,0.4765320045453223,0.5148106009652648,0.5933908728513414,0.4324178201498659,0.6761726975464167,0.6135490711549925,0.6161740655989799
1191,98,0.7088990751264842,0.6797082541659304,0.5121180243251762,0.7603351925379095,0.8529826333238656,0.7583393937524785,0.7533091944251075
1192,92,0.6628704060663844,0.3896698488791166,0.6061933263268986,0.5893588241122193,0.9464740987565216,0.0595127143126711,-0.020968555963676
1193,94,0.3784913669407948,0.3441145903770329,0.4956764938888057,0.265219662774211,0.5139977309243593,0.1514103765677221,0.1570861543591087
1194,94,0.2803987125028681,0.308702883412183,0.3292934024501894,0.4047093094975605,0.8433403498321194,0.4163640642350544,0.4093958898975809
1195,93,0.7471589774647021,0.6951754509796976,0.4982642508740161,0.1492762693521434,0.7315438914823127,0.849688755018815,0.8459852631311111
1196,94,0.5933894549824397,0.5352746406404186,0.3719914664807521,0.1624654016763961,0.5704314696731919,0.6075809014446886,0.6121268466794327
1197,79,0.6619851798899087,0.3054561290762556,0.7953210911076046,0.2294827005177484,0.5965639827997208,0.5266153484237774,0.5327064921748816
1198,94,0.5145612922767588,0.5378279183477991,0.6223911452310157,0.2338618194842032,0.2325737914730289,0.7003424971849501,0.6894477118210764
1199,94,0.3264373529503864,0.2675375014099583,0.2579845134210627,0.4660729903770904,-0.0158020001855063,0.3130301802007014,0.3220037325553128
1200,90,0.6423775200329087,0.712813972035187,0.5268642742406627,,0.6832706742094208,0.7626285604312658,0.7627603135711181
1201,26,0.374966100092343,0.2876989413145248,0.4349545701712005,,0.1046318583722703,0.3826798199555932,0.369667500470446
1202,80,0.631552983690368,0.5334548811789651,0.5719357249626311,,0.6693807443294033,0.5910683183382388,0.5872747736718098
1204,94,0.2669309016907239,0.1514917482208359,0.4379624154284877,0.1656662845063662,0.8349382716775615,0.1927087858144233,0.2048694937497569
1205,43,0.4082520464708871,0.4498166380182439,0.4905097688931555,-0.052063909204241,0.6520919016833938,0.3055463720556862,0.3090742791112016
1206,79,0.442849171904084,0.0673372656581845,0.4088989627067915,-0.0055726966181478,0.4849310900898765,0.0677093235542014,0.0709346698761329
1208,90,0.4283395290209491,0.5054057440557809,0.4559402440025187,0.6979972501965209,0.5374618593094136,0.3121614437296798,0.3119185411833838
1211,94,0.2535659362100041,0.4722851274082662,0.2431344148093846,0.3273044813186023,0.6870610623288401,0.3721896549801691,0.3627239431182826
1212,96,0.3247071741834448,0.3602279482715644,0.372825794632218,0.1029774896140086,0.3765247672811276,0.4440857516406205,0.4424069906827285
1213,94,0.3164947352984124,0.392265439844684,0.3743867963951282,0.5016639941104677,0.6535562199630706,0.4885450764456762,0.4780207203966697
1215,94,0.5413108382465452,0.3924717795400348,0.568200132222967,0.4959793851462931,0.8759561291765413,0.4965517445116894,0.503433694930509
1245,37,0.6240112058774899,0.7791036732031632,0.0583655511449058,,0.2258449394777588,0.9225981570911556,0.9249169929443064
1246,90,0.4567914477143741,0.566750575182205,0.5224877758066104,0.4074865478164003,0.8604825957753457,0.4824770066779592,0.4814600816091905
1247,92,0.526104809123335,0.4897151528068081,0.4141676801488162,0.7237993695079517,0.7084722424891209,0.7210578860294108,0.7193921008628851
1248,91,0.5856535118708014,0.5777166087577912,0.4578166759264501,0.3447796086294524,0.7927483698423377,0.5452715722298952,0.5441443855249125
1249,92,0.7295469734184258,0.6218629088792055,0.4712150309682932,0.2289179194422471,0.3123400062544792,0.6185387548052506,0.6172467660113133
1250,87,0.7642491777834225,0.5388894964576109,0.5332410538445308,0.4782065449834977,0.8335868464519894,0.4589371499713762,0.4578316121361836
1251,87,0.5990865351678766,0.6101700124183188,0.6117235176184976,0.967181853681332,0.869023953830442,0.7664956401569006,0.8136711661524695
1252,87,0.7020115321560639,0.5000417898468494,0.6054765240108277,0.6349682425169912,0.9013104971085634,0.44245987678449,0.4416393211827117
1253,10,0.140238934187412,0.3737219110711752,0.428746462856272,,0.5173147906329991,0.0242083559550421,0.0470775486548284
1254,87,0.5954069638440888,0.3018700635381666,0.400380308472428,,0.903980439040178,0.430342577660418,0.4364908574734484
1255,90,0.5916844886994321,0.5586045239672073,0.4322165138553636,0.4402015246076214,0.8436055002340906,0.5731919117529164,0.5776203990857058
1256,90,0.531842216741272,0.5751337925241805,0.5118746207781986,0.3672434521039265,0.8177568631372684,0.4652761903586309,0.4650491728221894
1257,87,0.5088067813794728,0.5123485455020798,0.5409358752166379,0.04113576487133,0.7686616745441063,0.4201099199902446,0.4170920720858136
1258,96,0.6247933394019988,0.5844417111105262,0.5047894808428551,,0.6047850657849599,0.7313640751066958,0.734863479194381
1259,87,0.3416734382454,0.3517392863987712,0.2070610811549506,0.277899226401318,0.7825011453351551,0.2983494825791353,0.3001754767409387
1260,62,0.6965631244394972,0.1702614298227023,0.6433002568053214,0.52067510299295,0.2154680880392303,0.3621133677066492,0.3625213572707863
1261,90,0.4713671022053289,0.1977543467028638,0.5477277940060009,-0.1100779190202835,0.8120424167173462,0.136583650730582,0.1477990661308169
1262,96,0.389604080162254,0.4386543729345155,0.3809225152168627,0.7376116585849273,0.9166682034959024,0.2720707541612583,0.2708484369365979
1290,87,0.4089693824729838,0.0478963223714554,0.530529720986656,0.171360633633403,0.8529234111604198,-0.0712631669900666,-0.071350190722824
1292,88,0.7303624009493381,0.3881958097380758,0.4475821406019312,0.6243376380920309,0.9118612874702074,0.180014914340818,0.2257758924537935
1341,87,0.4219693060908941,0.5614152981106048,0.05085993781364,0.2756528945071975,0.7368184576175478,0.3378638920067831,0.3374056083101954
1356,98,0.7291376524871908,0.5775575509296064,0.6142221003872578,0.7990681447369501,0.8380214605501222,0.5031880155763967,0.5149928701488549
1362,100,0.5883242604764622,0.556295227732509,0.4766667626695317,0.6432036807156017,0.8820687326242896,0.4427400095051817,0.4386347338439209
1377,87,0.6367941211649938,0.73339603461501,0.370245027802057,0.7477217958902678,0.7051633760360787,0.6807044287784348,0.6755746301110707
1378,89,0.7448060144553844,0.7274394299298415,0.6627424101266007,0.8956934508041471,0.681628033463059,0.5998783868205654,0.6808678670892822
1379,87,0.5732691183564245,0.6358634541032054,0.051362172576372,0.2951592871519278,0.7433675066349081,0.4631218568152886,0.4659105440360027
1380,92,0.3631130363251931,0.2762172433644393,0.4954506681831104,,0.9713837820542216,0.3311981476358391,0.3253645236563345
1381,92,0.4465965004381779,0.6536662326998709,0.5369829503958751,0.2896789541876604,0.9633898612413808,0.3465321796128701,0.2946153977204795
1382,88,0.4210636921708173,0.3247652272637096,0.4427668115829309,0.3881729324429638,0.619529048017883,0.4421466188685612,0.4415126820370578
1383,87,0.2493863743386616,0.4518700576270688,0.4378103533025889,0.1412144087005189,0.8755346330300735,0.2901796768374131,0.2883609797209581
1384,91,0.592238010532222,0.556810012715311,0.5785203776437009,0.5571714809791529,0.76460321532996,0.5120022114090556,0.5136144454649971
1421,38,0.3738994494256905,0.5874566901803565,0.375625,0.8659918388186869,0.9345335576226764,0.5846308911893989,0.5806222816064827
1431,89,0.1464948692762415,0.2764607431540838,0.451118794427146,0.043732258575411,0.3391894091216438,0.0175264877580775,0.0168558841133746
1438,91,0.0515798744131305,0.0457316675667443,0.1377306555204403,0.1645330044956537,0.657622580132068,-0.019536465283249,-0.0035103190488341
1458,92,0.735431614594284,0.4310683210806187,0.6857035388893187,0.6030290625400421,0.3936024937310604,0.8006693608929274,0.8026047592610573
1514,83,0.4768821686250781,0.5953505822800736,0.4756322300548961,0.3866185477630042,0.4624981237480421,0.5731148347185718,0.5680118091451357
1516,68,0.5838736550823538,0.4084935490235504,0.4164153050037664,0.8572677162338299,0.4023205595044385,0.6546933335612666,0.6572320893042247
1517,87,0.362025994381218,0.3193581330263604,0.4102739548776739,0.0112061741294333,0.4735257870993944,0.4952098528440872,0.4986575805401446
1519,88,0.4466333370989621,0.529783410897208,0.3036004187498137,0.4546205840152703,0.3116410666405594,0.6179417139409398,0.6066460825379939
1520,91,0.5933894664057598,0.6375159614599615,0.829654139499965,0.5920253069544775,0.689086431561955,0.4455555764815909,0.4450965009597357
1521,87,0.2319685381126549,0.3066763696277232,0.3467539926957748,,0.2986518583695291,0.3566660557623243,0.3558563265773895
1532,85,0.4207323019581443,0.2225017064519239,0.3255829699222187,-0.2140790052745984,0.7366434700766944,0.4011545199616292,0.4050976919866464
1544,82,0.6153415469314154,0.4989459825570714,0.5529398256492503,0.8829202542148794,0.8780331855028868,0.6681662744375807,0.6718709265156038
1593,96,0.484884314953673,0.2651829883760594,0.7251237948094699,0.0897995519116991,0.8538596320347013,0.1089102757371725,0.1178539030029645
1597,85,0.5843160456920169,0.5324609539868327,0.6963639412671108,,0.9071553622672542,0.446649017852511,0.4505595061420374
1617,84,0.6146795754561564,0.6298770902069443,0.4236147661383859,0.8037306864329271,0.6294055479725549,0.5457103262247506,0.5473610111444078
1618,84,0.4264045575500269,0.3431168090057643,0.0534818154927215,0.2813592106272527,0.4093682771312754,0.4993444967999433,0.4937932048792757
1640,83,0.6150235303613795,0.5878836525553608,0.478330938237699,-0.0204195905956182,0.8445808111202268,0.7098531927234955,0.7097508325694031
1644,83,0.6738539872373541,0.6202521601934818,0.4992659681776789,0.7372307716880288,0.8671335245099856,0.6936772942670669,0.69532870694964
1646,83,0.2396965492696536,0.1506222140349301,0.4840443868082467,0.0411237741044247,0.188476892873054,-0.0404073733796425,-0.0533869288096526
1654,88,0.6068297903014941,0.4072650070723989,0.7343295160092029,0.1167871065334747,0.5407597789908629,0.476323011158919,0.4745493527047761
1655,79,0.1183868287431387,-0.0179616396856517,0.4742116359579713,0.3116264604254447,0.7526428505988778,-0.0846804703062657,-0.0711510700303536
1662,79,0.4232571879932242,0.2904236206524082,0.3333218227548279,0.149394994410556,0.1532451383864964,0.4436562724808865,0.4429732802697563
1669,47,0.2226930626155555,0.2378610467883448,0.6516852065524753,0.569819354531835,0.3448169175802074,0.2690048175721184,0.2731845515734057
1672,77,0.2629010933724882,0.1332784387168786,0.5125778515364015,0.432448176050216,0.8218884566118452,-0.0309376449558931,-0.0404111282027524
1674,79,0.6077510801310697,0.4246324954910503,0.5782494159542648,0.7504575657882839,0.8797631500577113,0.5828527237583031,0.5847092936351584
1742,91,0.1229776465208089,0.0450237694792467,0.2587189737106583,-0.001184770101524,0.6770848680314414,0.0086701219285234,0.0129536412020525
1743,84,0.5005503855939284,0.520579913900999,0.4860524141390797,0.8687986041178024,0.826354710505209,0.4417458536720702,0.4403580424219849
1744,87,0.5403426724791238,0.6171218342265091,0.25883555261795,0.6683134963670647,0.2953123555664085,0.6456611619334953,0.6464514932903677
1767,79,0.3878471731088544,0.3247218447741253,0.3136754407375569,0.5065144244325152,0.3609403781581558,0.2932193727271414,0.2947420676295046
1772,79,0.4577765746717872,0.3978600991376844,0.6227725250647758,0.3143658512096416,0.3315176709808741,0.3305927847528028,0.3315108566644408
1773,79,0.0919529313441423,0.1224684478406604,0.3281399358923954,0.0236685564823063,0.7882951741973993,0.0230954744183052,0.0209901353114387
1775,79,0.3332943613131294,0.3181574674795765,0.4605956163668808,-0.4028819248448125,0.8579687961994029,0.2622922588917402,0.2620743559095924
1776,79,0.5846039233476754,0.5519371263568276,0.4757583237968108,0.5938438608852623,0.0442352445970289,0.5558919393411859,0.5597064279016772
1777,76,0.7230250459681491,0.5601143386731654,0.6568505130911307,0.1930711957732548,0.8824700083540974,0.6881651912232,0.6905623617053169
1784,63,0.2163687948253637,0.3455427112806122,0.4265701352769919,-0.292994259130321,0.0661110311438152,0.3345545844057453,0.3431932052621654
1786,84,0.5808689414133672,0.4706424472038756,0.4927929489221128,-0.1342716998147672,0.4299968976331733,0.5882308822559423,0.5958114388646468
1802,82,0.2637208115909676,0.3450474143565292,0.387464884250513,0.0251422398928355,0.5649605406927912,0.1834094764852014,0.1801478342232762
1803,77,0.5353685707732884,0.320554504524295,0.6126584180356214,0.5977515243678546,0.7934478871328537,0.3683533081114974,0.3748601819914674
1805,76,0.5808944984058154,0.6463975117415545,0.1702255028421909,0.6391507194282089,0.62564325192022,0.6932907199039751,0.691236740359548
1809,76,0.1210251772590501,-0.0518913413029281,0.3770767620599548,0.0163482459647408,0.4091982494359955,-0.0403071114541129,-0.0344480704918178
1811,84,0.533960904898235,0.5969080236616952,0.3987401574803153,0.0872005730285937,0.3549969203483519,0.5270706074777368,0.5210758529419599
1812,92,0.5274260379187892,0.3867296208873774,0.4401730648473709,0.6547987593686623,0.708083551575871,0.2793942553123331,0.2754571067852636
1813,88,0.6543580796166724,0.6835108487336482,0.2716310121175996,0.6610041577933293,0.913421736453312,0.7190730159100104,0.7187631901346323
1817,44,0.5937910350337104,0.5822421847499311,0.3757522100003646,0.5681532525128589,0.4351935514465416,0.5742589114769645,0.574856891398132
1824,76,0.110647197769042,0.0156485232929718,0.2188619041238637,0.3243984010664294,0.4411626842339549,0.1259651601591012,0.1087482319626771
1826,76,0.5312588163001353,0.3858237523910683,0.4997003849426931,-0.0514993142438276,0.2173350237347207,0.6413548180730043,0.6686428540597116
1829,75,0.3625230280003992,0.1945808339647118,0.4639638396720662,0.4506453386236407,0.3389755901217173,0.3249393394694074,0.3181735572057012
1830,76,0.299707145628868,0.4299429847691269,0.4766019196196213,-0.0734598722923962,0.4871317576739978,0.2376653364168596,0.2380559340466967
1831,76,0.4319232404545785,0.4949321893362962,0.2591151738061665,0.2574978089114844,0.3465510624488213,0.4183261785531295,0.4195183223065739
1833,90,0.6465652899170019,0.518128842056655,0.6540560512241146,0.825599417240272,0.9446459419978576,0.4335085688263867,0.4354505434584986
1834,76,0.3250523345742625,0.2585935848988395,0.2821400701018983,0.4131853179550429,0.6487178275065978,0.3073461789760163,0.3022500260712072
1839,59,0.687481365596795,0.7317886329008515,0.3310949445777342,0.8144478016413362,0.4598299200929875,0.884472434271065,0.8804119381277516
1842,52,0.321839776626741,0.2134298686768324,0.6486244055590203,0.2622679598047375,0.3289460803886461,0.1408319753702215,0.1472324169336768
1843,84,0.5010326724213965,0.4913242687111174,0.4453937547430069,0.2939671819545887,0.8790528090604334,0.4849150061418805,0.4750865818410364
1851,75,0.302169601946921,0.1878031640337324,0.5263189251005501,0.4464853457597744,0.8699223981065678,0.2442478094151146,0.2457803824699918
1856,76,0.5485838593881245,0.6658256050915946,0.5237232785898589,0.1732912327651279,-0.0567981301703579,0.5606681808315889,0.5688432651247881
1862,80,0.5014672965824322,0.5215736433452859,0.3312153468737062,0.7238084067536016,0.7915991014435484,0.4324653489770822,0.4285767092656581
1867,75,0.4769861901701976,0.4981740649238113,0.0872606774668629,0.3399535905233505,0.6147245799141388,0.5851019536390556,0.5828812525438287
1868,92,0.5771664847210441,0.6049043713312608,0.7153334159922831,0.2525461501658675,0.7390422836456095,0.5757101668422779,0.5733425350391385
1872,75,0.6681453173026302,0.4382234512497376,0.5872317481759209,0.5223538594191116,0.8820025400950631,0.900036887276344,0.9025675405108652
1876,56,0.5555504707808839,0.4820714390977747,0.548016563395202,0.4358848581238081,0.8151180081681392,0.5630029078307149,0.5649102765790416
1880,55,0.1795247663386144,0.2085063965032485,0.576125017353368,-0.0558583077630899,0.4464845067152382,0.0470690250004242,0.0546520668392115
1881,80,0.4685922817787925,0.459839291312589,0.3587102663567207,0.1594381936651432,0.8081187567829358,0.3850808522207239,0.3830844492954907
1884,75,0.7281026663127586,0.6215375807365169,0.5690903022109224,0.7035317419384624,0.4523281541245701,0.8172041684635536,0.8172916924235809
1887,76,0.5015212963113753,0.2963523955271036,0.4931975738507015,0.6843734020318847,0.4398774157580091,0.7054415799389547,0.7041056799323487
1890,80,0.4111308403901769,0.2399813634957078,0.5145929339477726,0.098358394028227,0.6130503461572353,0.2436659311535088,0.2474497650092667
1897,54,0.3349208239809905,0.3248829233205914,0.2576583553660851,-0.0697462731523967,0.2012364153396657,0.5266069821568204,0.5270264297616248
1903,47,0.3773093252941609,0.4999529140790355,0.289050697889797,0.5890485626991534,0.7424638242372547,0.4530391082201386,0.4478177123820205
1909,72,0.4236206773918741,0.2093314478286716,0.4910174569677871,0.3270168991271375,0.2128711411202385,0.2480502055886643,0.2778362832351119
1929,71,0.5356247791826161,0.5025712193349628,0.3621409380283695,0.8526116447567545,0.1506656619569396,0.821052991008319,0.8267465186164473
1931,71,0.4228192004527666,0.4289411651050216,0.597343726365188,0.44588553763856,0.8734605083107564,0.3802729551071919,0.3850930755659791
1934,39,0.4053946913784979,0.5193930039936347,0.7738095238095236,0.1681618137783025,0.0957196671170934,0.443942771310821,0.4313384066415986
1935,71,0.5700411486920938,0.5500279917075244,0.5088256362995783,,0.3286835232112819,0.6759042046566388,0.6754968256731623
1936,71,0.7718512098819236,0.7309010871787871,0.6263594879434842,0.7486845505282603,0.6408422934545283,0.6712968197761437,0.6650969419055447
1945,73,0.281979758406315,0.3571321036135964,0.3746342038297738,0.378004917600972,0.3192319813854704,0.2617471627352687,0.2554332615888035
1949,80,0.0800411941455368,0.0086251321466397,0.4021142268557173,0.1854472395500935,0.7642966371900192,-0.119308620384211,-0.1158101542483757
1960,68,0.7408142751795579,0.6599289047409453,0.4287646826359947,0.837529340333802,0.1660481256413569,0.6664084687691885,0.664939139821783
1961,68,0.1194168688634842,-0.0145779165902715,0.2417601335729927,0.0530359326279519,0.8073744587079212,-0.0619667884476678,-0.0563574035409342
1962,68,0.3815652248842107,0.6579409911552654,0.4019811659605063,0.5772689735685986,0.2676937246840228,0.4594842177092835,0.4575295868112533
1964,68,0.6538677876088012,0.4102828782188257,0.4238125297068784,0.7223936484052726,0.6501159178242479,0.5634355607854016,0.5713544947526057
1967,68,0.2770303304083281,0.213079375204774,0.4902405005235526,0.152123935130458,0.869149115863765,0.090374790191835,0.1035053946325912
1971,68,0.3649768733895583,0.2812150029224015,0.437243640502887,0.2684708177641257,0.2328558696918285,0.1903272736163448,0.1967353098958457
1972,72,0.4525194013382493,0.5439912503075416,0.4893992553746378,0.7349336539542672,0.755616641459007,0.699554799056529,0.6980330192455075
1977,68,0.4155116673030696,0.318316508299223,0.4798917900593076,0.219836630126291,0.6475261187368633,0.0317138986760796,0.0436892289318859
1985,73,0.7912469327499864,0.6934665733701386,0.6052501210893043,0.7891294059318807,0.7559200231823108,0.7796132700726965,0.7850623174848526
1986,75,0.3444600192712476,0.2853517203912632,0.3739362921538566,0.420005176582725,0.8180566608639047,0.2399234605835425,0.2395783555116208
1997,71,0.3312093356450292,0.3978239482222884,0.3137254901960785,0.0095454550192,0.6954958077969288,0.2879649462976039,0.2901008512885614
1999,67,0.3136669225848994,0.2965653152129029,0.3849002577087901,0.3867844483709762,0.8148262819745099,0.2960335478778428,0.2899185657405881
2001,68,0.5768782834166789,0.5199230114865874,0.4494964535410956,0.4662610707909964,0.7684432120015797,0.540647688895123,0.5358368877956038
2002,43,0.6205665233425744,0.8205063900895464,0.4404812773265559,-0.4226607969037451,0.1304021320490549,0.7448081124310847,0.73837419043931
2003,89,0.5899480736155664,0.4323426380029464,0.7231283752801223,0.5007121595705674,0.9086758849379892,0.4542721221635842,0.4518518028473529
2004,31,0.6970812101285577,0.3626203944190961,0.6555183946488288,,0.8003036682528292,0.6554155082597732,0.6542141166347387
2005,72,0.3865231228245178,0.4264887592178571,0.3098042257784787,0.2866092133840447,0.757823996698737,0.6855799602403506,0.6898525850839478
2006,67,0.4685571376460007,0.4414794489378583,0.4178403755868546,0.2951172139860787,0.5561105512866273,0.4341907247685816,0.4324415112433482
2016,72,0.6694669242534618,0.5152017290711649,0.1726709687096973,0.8232318780465175,0.8546240625022583,0.551242675514513,0.559022973199631
2017,72,0.0856073371406946,-0.0899867962779303,0.5792195102623421,0.2421672756570144,0.8641448976378847,-0.1378508453168391,-0.1312707717302947
2022,72,0.2625972214846394,0.1582553216973719,0.5392779035918606,0.3777951280138026,0.6915879671667171,-0.045097996837872,-0.0501867568931157
2024,99,0.6857836999026089,0.6489264980321484,0.6657214986343567,0.6107893322079402,0.8156547016682117,0.482038659137027,0.4844835112806046
2026,72,0.4088669039398141,0.4349411310058313,0.1975484932013498,0.0874883059454064,0.6061506438358195,0.3074247383697197,0.3071966472041497
2027,72,0.5139385816598824,0.6592612393287718,0.0861637311331699,0.790983708853002,0.7876812673261292,0.6223512855605982,0.6201902133478524
2028,39,0.1972592054231592,0.3287105710882664,0.4024842224514105,0.3196595035633264,0.2380091040050083,0.3950813230197262,0.3889359168360721
2030,72,0.1777982486271214,0.3433213378253798,0.3409230115710375,0.1262152218781332,0.5545503413101782,0.2100841689690431,0.2178974273700074
2031,72,0.7435805214450552,0.6702706896838891,0.531233759278026,0.8354728540173476,0.6916563212735772,0.7152604614043148,0.7126820849837368
2033,88,0.3910503374038104,0.3598035205005613,0.6999993946795829,0.3308034438216873,0.927323405232012,0.1981455765955853,0.1972269431579929
2034,104,0.6937356529082965,0.615826199353308,0.5776209087171021,0.6518053202382689,0.8294564870881025,0.7074030339933949,0.7071088426402207
2036,72,0.3090003115842422,0.339632442796215,0.5271379605408208,0.3263545849707372,0.7865224404101642,0.1995390139487249,0.220313804628174
2039,72,0.4240313293643444,0.4743172249464041,0.2554067822778303,0.3513685036012098,0.6503677628210035,0.4787882232319106,0.4793289500192487
2040,72,0.6994573517140154,0.745592146704701,0.7359124608306027,0.2266059361926011,0.5455900380384684,0.7043175877649085,0.7045535926248878
2045,84,0.4051160815367384,0.5002320383357548,0.3539498396579753,0.3926494932532115,0.928010617656218,0.4592842243309127,0.4529941616344912
2049,64,0.5988178858470156,0.5872182433092206,0.4176852329363058,0.6281810887435214,0.7495200047502067,0.5794077043896877,0.5797626337414763
2050,64,0.3301701322232269,0.3033978190922679,0.282298572365625,0.3245133819615964,0.7980111580041908,0.2931766683026574,0.2942207268934249
2054,64,0.6275384661075158,0.5193996567358582,0.4745522278773659,0.8839682640110431,0.8943899982822869,0.8665025961993803,0.8668629255841525
2056,68,0.3940323136344084,0.5254498803812331,0.326702677155747,0.2511252359268685,0.8499163959226739,0.4897012802923132,0.4834444072275503
2058,68,0.5970456192536188,0.3865998153577098,0.3295993085166915,0.5478987912095302,0.813991578727804,0.4234761069885114,0.4242288640518184
2061,68,0.1248963482714029,0.0847179075923177,0.1253203376789606,0.0536870930664826,0.7072895797687438,0.053451596109345,0.0655157049517416
2064,68,0.6259297009528175,0.5381166856068456,0.6001786762233814,0.6876493119210346,0.5141012679957143,0.5895122400093779,0.591664618076054
2065,76,0.1380605967636378,0.178975053686607,0.0173109014245756,-0.0889261215866413,0.9026481182930544,0.1928040393124687,0.1998974450217087
2067,88,0.6598383589738017,0.6436007284248157,0.7742385842832394,,0.8959930317599013,0.6255244744496481,0.6310125886708053
2069,68,0.5641682381001629,0.4866051684287716,0.3959041289172523,0.8509277512073419,0.8534318147122275,0.7216937964000515,0.7242456423190392
2071,63,0.3876571271540996,0.3341851753149906,0.3169660557296186,0.3819235798757334,0.3472378890238141,0.5146472136049041,0.5247260210574358
2072,76,0.6341429058427726,0.4197726706254844,0.6498560670266438,0.6537969076392557,0.7494349866963312,0.2886428764121471,0.2950137291588562
2073,63,0.6003520211153697,0.5333170346028645,0.3639575275930029,0.345231046445348,0.3656807788608597,0.4363294853317698,0.4361225742473706
2075,63,0.6249204417352249,0.5309702871725187,0.6559123639936567,0.7626103883347075,0.7472253025604936,0.7532862158513459,0.7524245500599079
2090,76,0.5762391908364578,0.5261224415533425,0.505919849852853,0.5316190553342952,0.6818284307860993,0.633046021338217,0.6327962526660185
2091,68,0.2212739475905375,-0.0499969794005164,0.4137843671526222,-0.0327878226456909,0.7746538108416546,-0.0649676486020541,-0.071469389912057
2093,75,0.5038262951849872,0.5372428788431143,0.3714599339684679,0.6116012627564185,0.2226439976454304,0.6068064603574534,0.607018552136172
2096,68,0.1997852941216505,0.2376040282847351,0.4646997551834074,0.2846138692017821,0.0606450140339661,0.2847194498121752,0.2816343534154926
2099,57,0.378147194615913,0.2966524252701162,0.4259026287658541,0.1681772039886504,0.780699018422081,0.3543281249558093,0.3543821140474997
2100,68,0.5900609231968902,0.504543888086618,0.5510072793583977,0.5565035940024496,0.1354432247474638,0.5030501328574835,0.5081190825082056
2101,76,0.7097763392556281,0.5259948259279583,0.6625054964208018,0.5935659743693066,0.6484314500499624,0.5593195112071365,0.5609158622006587
2102,60,0.1580885162237884,0.1001527455689598,0.2796064239853048,0.291737656251618,0.8574311784152389,0.0980424207691676,0.093560000981853
2103,68,0.4313486717319705,0.2708135412899425,0.4376283719743941,0.0147628908212122,0.6801996516674904,0.1531262480564189,0.1542948064331288
2104,68,0.5062062826364128,0.5987623794550926,0.0946418701974596,0.7090084884695554,0.0455073279662651,0.7560879318008752,0.7574719942636045
2105,68,0.613838962621428,0.6673502323025674,0.5639215954809134,0.3096806163451939,0.3045390082719691,0.5676903490820026,0.5678388429322041
2106,68,0.4792393650671697,0.5130395737912581,0.6291783114837095,0.1368266382459551,0.7013953515966339,0.536498948624678,0.5315243136799453
2110,76,0.3710348500808182,0.3599037933375125,-0.0283119658119658,0.4275882832857086,0.6741457521849701,0.3690293205348555,0.3634802522969041
2111,67,0.7531794077451108,0.7995237109624262,0.25666341256864,0.8764306274785971,0.1883713916450649,0.7550883516463055,0.7574578170394262
2112,68,0.5857441225961167,0.5739468164467215,0.6208845223161494,0.3462978901229755,0.7040735653821859,0.413396763567303,0.4114962856761047
2113,76,0.4654119104585205,0.5902626836168613,0.2479719416740158,0.3123223005190758,0.1514447424057267,0.6748058749326419,0.6714512049745781
2119,64,0.2650671927070305,0.0047646547060058,0.5551341074970177,0.3080463466758424,0.6835479752171281,0.014756203258124,0.0038816157078446
2197,64,0.6058484719918013,0.4894895806918264,0.4005634668470722,0.2328430020106089,0.6529037634118807,0.5735930329454355,0.5648363220557573
2201,59,0.6068056004930253,0.5544329051301494,0.6054793782299834,0.798728290315079,0.5348633822569053,0.7373532791809644,0.729253437599879
2202,64,0.4324369882236933,0.4254034819889174,0.5089384519827712,0.1285232526606756,0.5119462328900107,0.4224707713086177,0.4201870522417109
2203,64,0.2730499789568822,0.3287550682168849,0.0779062798550938,0.4842073249043669,0.9527214241979652,0.3399528644362053,0.3445621579782214
2205,72,0.6336959450766468,0.7368169520612241,0.4697106064832399,0.8062647159052058,0.8301471607000132,0.6749170067338944,0.6743218916193877
2207,64,0.6652923188841922,0.5184940761030359,0.6162413046234911,0.560368515156844,0.3300110362704583,0.6670542973796724,0.6706160204373537
2208,60,0.5784567049510579,0.595872293675465,0.6046689598373881,0.6841314073274865,0.6135466367134063,0.5481219684764945,0.5474003148840504
2209,47,0.4760325943231837,0.2934075542978209,0.4890236052133947,0.4842392021137723,0.2743496333395069,0.4121698763527967,0.4170098394137234
2210,60,0.6658541857605773,0.507491007040507,0.6310476032056118,0.6829862089024897,0.8689531421831768,0.4615932847096831,0.461688127368982
2217,72,0.6428974820589857,0.6158593997041034,0.4963338069025364,0.6484908550581877,0.8693966107232269,0.6076434579138109,0.6092940151152233
2218,60,0.2224176349923522,0.1810642600230098,0.4790519869737311,-0.0966014555979595,0.659047197457022,0.1969169269379574,0.2207685494101164
2221,60,0.0616044834538898,0.0679288945695527,0.279050855441125,0.1292832235701464,0.8164669627704718,0.1227934336570941,0.1229326084941643
2222,64,0.0939222327356612,-0.1054417373484215,0.4639484591961501,0.0927068534135932,0.8216057155141288,-0.1658851706405046,-0.1686228597825642
2224,64,0.6563539695068527,0.5206981609035854,0.5270803693497721,0.8285106316122143,0.6842278392322881,0.6456704124546628,0.648913526468317
2225,60,0.3522473896197343,0.1535160872451256,0.5433950508679958,0.3250692143393087,0.6532795455062758,0.1829960478417858,0.1953178457620622
2227,64,0.3646846600521269,0.3859479671668893,0.206042317704185,0.6315014918073597,0.699352748811579,0.3891850625517662,0.3883152560819514
2232,60,0.4067737381615756,0.3469634694651781,0.4999614311085545,0.0495646657414935,0.5071778860063555,0.3322416551591832,0.3365091977111423
2234,75,0.4815702747234803,0.3704016195885824,0.3241201051338105,0.3400551777023702,0.5875288603267376,0.4031912921570461,0.4063334854422708
2235,60,0.558797358016538,0.3002659610978058,0.6638048971468784,0.8089225260127554,0.3485043117068123,0.4184540063800594,0.4250672619931802
2236,60,0.5763516235939568,0.5582121003775714,0.3386040362126671,0.7628307346643423,0.3755741507727794,0.7469800990043995,0.7430138860402107
2237,64,0.1545491208627147,0.0811425134326712,0.3002793414919335,0.4701996159669317,0.9405639526567195,0.0192913069149716,0.0157079136869874
2238,46,0.7019449943287588,0.7658426702263936,0.5815008296952363,0.5960967321782259,0.6146972472505796,0.7324956300604414,0.7337897042377498
2248,64,0.256397429740133,0.0780904956219064,0.4611627321170327,0.4548691405204716,0.7979425940315715,-0.0025910636975174,0.002874514981303
2249,60,0.4130966946567405,0.3565118519468998,0.3365048271251639,0.3944624286493992,0.0744626482634199,0.5009704538984996,0.5012372888976878
2251,60,0.1369098667200806,0.2835931875054008,0.0780434245947379,0.149285031607906,0.5765285015002191,0.1581349443058588,0.1508379063506439
2253,80,0.160023533996403,0.146354815778158,0.3322484461195931,0.4327097770774424,0.9432756396918172,0.1944600035495588,0.1938131249490413
2266,68,0.6389792392436014,0.7669625886584343,0.7944769499569515,0.1552255776256293,0.8507052212484753,0.6307927708990632,0.6293393198987187
2279,60,0.3470302784319707,0.1304476179063626,0.6445090048306653,0.0879434884526758,0.8661168220419855,-0.0231052472681498,-0.0176498057105651
2282,60,0.0409987825433869,-0.0450484340127529,0.1174320591522826,0.1238634532602113,0.8122307387711458,-0.0795778132802125,-0.0805634714750956
2284,60,0.7544625677918714,0.7082935009029137,0.2941870545878581,0.5409140509020414,0.597631335838935,0.6766418740402947,0.6788810522894856
2287,60,0.3389357545502066,0.1273628472076958,0.5139546073421402,0.1863555119335239,0.2073607193642565,0.1658541578895913,0.1799026296401483
2288,55,0.2720648506821846,0.3973124116988535,0.2137921870061808,0.1224484329050137,0.8740366125875658,0.4524355954577714,0.4529300185039003
2289,60,0.5872307602800496,0.5675594413063237,0.4265947789654715,0.5509914907380978,0.2165869771207341,0.6864545264310391,0.6846020637592015
2290,92,0.5483188767290281,0.3836212675795817,0.5021712093859485,0.84995880601991,0.8829462669098193,0.3736171194073629,0.3840009548498033
2292,68,0.4013715513413413,0.1387469053810096,0.717035681620316,-0.0387322985652546,0.4134634868467323,0.2113597514024065,0.2203925890458498
2293,68,0.3952606276383461,0.3634990814496617,0.3735356033160027,,0.912328805373445,0.3898236424007646,0.3909071028898059
2294,60,0.1420774085136039,0.0215936536136878,0.0176128900274644,0.4135297866670451,0.8734458967580848,0.2209115230713707,0.2314607644963463
2295,60,0.0440793705876218,-0.0412397980886789,0.7139494279905356,0.314127139533364,0.9427388011936256,0.0661217960266601,0.059094550996352
2296,35,0.8196140683826477,0.6686216267146945,0.5014771080925114,,0.5366939887570701,0.6997495258740988,0.6964584676458913
2297,24,0.6288911495318297,0.4063325426158822,0.6669953209375873,-0.3221301485638343,0.6955584738660314,0.220878304121871,0.2396335758024181
2299,68,0.4993697699037364,0.2980572222557836,0.5487410626903713,,0.9443828043431828,0.4885509694703275,0.4870771775609007
2306,60,0.218130976462076,-0.0021891785187553,0.4624728850325386,0.2618803747042481,0.7167360414217645,0.0160882348256126,0.0231195714674345
2308,75,0.7550457565776126,0.6008933382348368,0.6753187054186782,0.4450293623039887,0.6807574438130527,0.8776826679659504,0.8794557162884458
2310,56,0.0787487123395612,0.0386657821162374,0.0658334489426279,0.0915066576448645,0.8198559075687403,0.0080800860675731,0.0014346479018967
2313,44,0.7545739604935661,0.7788265058760171,0.6471946956510992,0.8241109992088265,0.8178697586218151,0.7039673089076893,0.7037392996325416
2319,60,0.7671220275848978,0.632881600049977,0.4372997237980246,,0.2594502079388674,0.7108287433641656,0.7541514298286891
2320,56,0.2666664481971903,0.1336446361971319,0.4929044090483661,0.4161742923013666,0.8025599041658399,0.4033361719210689,0.4025530272655289
2321,60,0.2552594173913912,0.1047818051227745,0.4700844055450586,0.0336870188207745,0.8637761406529426,0.1115782549174018,0.1123277479076366
2322,56,0.4993012190915011,0.530755392607247,0.5801133162090178,0.3103478026507283,0.6440973813750526,0.6090977440595301,0.6070324334251832
2326,68,0.6843844572117359,0.4917694832272479,0.4803618265809545,0.4919723524264657,0.8756500572246886,0.6658921274533791,0.6668071464962771
2327,56,0.6540191804704699,0.5008710842797448,0.6871935135510154,0.7799311598225876,0.8380289221894989,0.5414224884571611,0.5399865269320188
2328,72,0.376117711024253,0.2311432634389933,0.5077149705985367,0.1303206484557603,0.8536195995915069,0.1597457624970871,0.1585273288260417
2329,69,0.6642523082255055,0.6813317680263015,0.4356403887015782,0.7212994395178612,0.7006483483034526,0.6363022653049889,0.6377983261221926
2332,75,0.751399311630874,0.6077928683838432,0.69103001315432,0.9284230377868076,0.4358485620525948,0.6573763991110785,0.6569443863450887
2336,60,0.4961584080291629,0.4400199777789345,0.3662925191239464,0.1913577922038043,0.9617568795037028,0.2313500576706558,0.2322031765974605
2337,52,0.0878513240449611,-0.1643019966055311,0.4884605974530612,-0.0268889233289477,0.5683382621036499,-0.0965129448648917,-0.0900866575887592
2338,56,0.3370653507523488,0.2938814426728916,0.5376717284519892,-0.0287903056843928,0.2174288874444898,0.2865492078291991,0.2852806654122742
2339,60,0.5178751149309159,0.53517159182898,0.5415857798981526,0.42767115338932,0.5880532925818898,0.5708770984562446,0.5717116030218922
2342,60,-0.1172402031750911,0.0490111025833744,-0.0955480890382191,-0.1164141152539898,0.8434445959656751,-0.026719178262752,-0.0172860088997796
2343,56,0.3660568153538742,0.3129553561846325,0.3781863043297377,0.1558019296673212,0.2500550231459202,0.691843852630787,0.6939684023184537
2345,24,0.0920239635454018,-0.0162526646330216,0.7687826379575913,0.5271301984499588,0.4981312779587831,-0.1766971009302334,-0.1754713849253497
2346,56,0.4533980217219502,0.456974110058225,0.4881354220825903,0.5280648078696313,0.69705679828578,0.3123467751432114,0.3096285103211876
2350,56,0.3315407553048223,0.3278016034717211,0.3701783161447872,0.1342763924688468,0.8358904216656274,0.2119416692611622,0.2125312115979137
2352,56,0.5711766609274368,0.5941092427966075,0.4492960707307418,0.7372079752445958,0.7778581594999103,0.6470487139406045,0.6459205124920473
2353,56,0.3719630771506701,0.3645478840838616,0.5222482721242308,0.2507439685098873,0.8548660629086319,0.3457314967477316,0.3378203867116111
2354,56,0.4487748937160447,0.2032348882198847,0.5596377519686914,0.1978490064734195,0.7650698233288261,0.2557332591438389,0.2421462077075699
2355,56,0.7206043665163075,0.496907798500126,0.571819589348379,0.8488843260529858,0.8280338170473679,0.760915373183354,0.7603945023287441
2356,56,0.4617821731353134,0.4119611349083101,0.5602052219515279,0.0544680807787913,0.7601873543884753,0.4899975335275927,0.489270465412881
2362,75,0.3315429148589627,0.2889034592370129,0.522303621329312,0.0794858739201546,0.6896462082551909,0.2273541618540928,0.2341636231227356
2366,52,0.0590392443189194,-0.2363300959470102,0.3846791325223882,0.3276024000902321,0.6400503671098458,-0.107043410151597,-0.1102516183067421
2369,56,0.5383059835618793,0.4792050193135457,0.5782151487808197,0.2014156640688495,0.4725782394644013,0.3878776544463383,0.3882745715032803
2375,52,0.0576819098212213,0.0251491185591198,0.2310488479484554,-0.0193143894629051,0.683234207996292,-0.0950033677220537,-0.0990743278554012
2379,32,0.5148093870222451,0.3080847517771197,0.4696407185103675,0.1233196689586165,0.3302861716087548,0.4333188371745159,0.434551805684103
2380,56,0.5809203306699575,0.3981310282812353,0.4041185526785618,0.0979530548466573,0.8712491585714719,0.5423250185613528,0.5410667057474956
2381,60,0.6395281253508375,0.641822584918833,0.6142548852426245,0.4144541508123318,0.8593041987308706,0.8214162556054322,0.8208575649694982
2383,60,0.539814299374186,0.5436956525983516,0.4950254578261885,0.4942531342227703,0.7781203055672736,0.5868719800223562,0.5888423862193081
2388,52,0.5450539835412782,0.5551183380807391,0.3265456540072567,0.5299302392697433,0.8528636056394328,0.6716871147502362,0.6775961105208546
2392,48,0.387907531722048,0.3710610052945287,0.5957017141662407,0.3657773312864217,0.0723694941151645,0.4124826754762883,0.4042869054515079
2395,68,0.4860793598095379,0.4797909147656364,0.4753715080259001,,0.2802281651862839,0.654781360507132,0.6518086581053917
2396,52,0.6658945911274459,0.6009081775406887,0.6713984651838242,0.4309110053816714,0.6067106757882469,0.662910036961248,0.6627230927323137
2398,52,0.6763066672915586,0.5441056502690205,0.4742095689761223,0.8524404910089619,0.5551521982823617,0.6519516401088368,0.6559035318229607
2402,56,0.3447737368648523,0.2953655972345694,0.3570669500531349,-0.0691074477885848,0.6642298395290284,0.107483309117624,0.1010689425628889
2403,52,0.500895583454271,0.2205650222678596,0.4938269238051391,0.4083179606423157,0.2614065885382382,0.4305049883575445,0.4286440334379401
2404,48,0.582615216996599,0.5653562619810775,0.6129508274736635,0.6487926742430593,0.6704829643026083,0.7119850347939208,0.7080984037877469
2406,64,0.7397178320464838,0.5538917944479491,0.7073951496587692,0.2655567614394984,0.830089746176982,0.6649659135335286,0.6661206086824197
2412,49,0.78392410734163,0.7338248719337046,0.5778917269230802,0.7638877366234825,0.6362530632562825,0.9230585546620282,0.9209812766782902
2416,60,0.3838367402445075,0.3728276878532286,0.3617414248021109,0.3415238666350453,0.8402593998004436,0.6396543973133721,0.6395272089153111
2417,52,0.6316173224877284,0.5092486911489623,0.7175418962797656,0.6723733230159129,0.5763576250164196,0.7153787964166382,0.7163243581934976
2418,52,0.3360204337825458,0.3956829955164274,0.4877391464455831,0.1186689145193948,0.506721573039441,0.3853467154575714,0.3850579554316639
2419,44,0.4513058968464331,0.4485391670630961,0.5246868091378042,-0.091954094616994,0.6486041453497208,0.1708806276624488,0.1711083391479416
2421,64,0.6155416032618284,0.5409271964733113,0.5109815274092326,0.5557466977601602,0.8796632984336447,0.6677254294615137,0.6717916508760975
2423,60,0.5440295073032015,0.5865657492632428,0.5034126624451454,0.5641600592318035,0.8811701142114041,0.4537513439847763,0.4561907181772132
2429,48,0.6521027503289819,0.5774062512698914,0.5675067740536437,0.3885463905113259,0.5892692340126854,0.6195568875073001,0.6304131938303548
2430,87,0.4590469041912859,0.2837383276402974,0.2417822106634978,-0.4296837209318115,0.9247119229664652,0.2679034979913269,0.2944215498454268
2434,48,0.743249534177011,0.4393336387576961,0.5460353287741985,0.7453263418988412,0.8771726806794309,0.7508671621176959,0.7494234352764072
2435,48,-0.0140257037212193,-0.1557416952501411,0.4842210996673657,-0.2252516151107904,0.7209725714677293,-0.1690855427409419,-0.1677605063730124
2436,48,0.2250920927628435,0.2561026119059238,0.5204892155361266,0.0005275583695729,0.355932721952419,0.0726376918100144,0.0836798103407087
2438,48,0.6284235133918712,0.5404300018596944,0.5622170105730486,0.6028706315568426,0.8827497384733689,0.7877837757085072,0.7847035069573527
2442,48,0.3561990944630732,0.5916740117662616,0.4068808569035521,0.1215797053597437,-0.0246606611632372,0.5746201832304805,0.5732433830459089
2443,44,0.4259335440277845,0.4331249089309316,0.1647614834553607,0.3764915331595153,0.007114814227401,0.311155002061655,0.3212612762124422
2444,73,0.2665877667131686,0.2536111301706263,0.2117870104880946,0.4291886112062364,0.7976123619021043,0.4709436763191145,0.4676772200822316
2445,44,0.7805407543644863,0.7737150398674918,0.6210917498604792,0.8248409238021168,0.112669594927357,0.5879183870932368,0.5912955242890995
2450,48,0.7373449299575199,0.6470356274229779,0.6292244685421193,0.9838229295723872,0.5548771895586571,0.7389484192521509,0.7433144473541983
2451,48,0.5413604523049903,0.6822277922534027,0.3736027515047289,0.5900671308354545,0.890488971286551,0.6391082484904266,0.641838352024671
2452,52,0.1975140177840744,0.2260013640132275,0.0670731707317072,,0.8433741105508669,0.1611434780806964,0.1574688946036824
2453,48,0.0462234380456773,0.0721176007432939,0.0930549929570907,0.2689055821101996,0.5947395675297491,0.0597053361979717,0.0600354868444822
2465,41,0.1992405706605736,0.0769699094197001,0.2253087898064583,0.2112086044764221,0.3175650602924232,0.1499746104566137,0.1546901905019766
2468,48,0.3481424384544405,0.4960778616952117,0.4352898064145686,0.4698906923957506,0.5030998140172122,0.4843686861207939,0.4854399607345598
2470,24,0.2674744027840221,0.2985015215755639,0.5470032634424298,,0.6089183255767077,0.5562481106007847,0.552106508393828
2471,44,0.4147103914495872,0.4536969533403928,0.5527857011032244,-0.1591390478603276,0.6938789478987473,0.6866921484420567,0.6908581518327613
2472,56,0.4707141040769124,0.6680156207927085,0.5117856181417326,0.6749972196974245,0.7227922633346878,0.6133704306638227,0.6112140227214846
2475,56,0.515622473142197,0.8015021766982056,0.5689610271367408,0.2904471605414728,0.5425367093843411,0.6631527289358138,0.6616706342417322
2476,44,-0.0769740603493079,-0.1266459081621713,0.1348088531187122,0.0709783662247919,0.8500222183454631,-0.1521516210008236,-0.1506901843612868
2477,56,0.30600816714947,0.2087391263714335,0.4982741617357,-0.0381016004651514,0.8228485840637848,0.1544325202626326,0.1454890963182214
2480,40,0.3385913666954915,0.4153726491561076,0.347320634987006,0.6473484940013887,0.159476254797636,0.2672694678816773,0.2777231491294967
2481,31,0.7543185641794453,0.7800818396546698,0.7920278783642324,,0.867767897683581,0.904447432771142,0.90520993465523
2483,40,0.3024911591792812,0.300008640016299,0.4324461624602912,-0.133721474931365,0.4885809389363027,0.2804148064790073,0.2876802374747246
2484,44,0.4920812636976472,0.2627707826286128,0.7113709537550316,0.3824360094099105,0.6257373985410872,0.1674801698062812,0.1755444885871859
2485,48,0.6631808797355051,0.4123830554167847,0.7527245396467495,0.376323854084045,0.8319395463189246,0.5097791700927662,0.5240630481875396
2486,60,0.5421037434174821,0.6428732191141803,0.5703220565758428,-0.1790219198568279,0.4016482464439103,0.9071315926200642,0.9066090876312975
2487,28,0.3570505121695428,0.4989936540741521,0.3408417825456986,0.4780290519603012,0.2459915224662725,0.6963618101712691,0.690691992054467
2488,44,0.3532215772699781,0.2828105304303261,0.3588569730669841,0.3382109428141517,0.1804004072310119,0.1125342978881367,0.1107172396789841
2489,44,0.3976562802061116,0.2972302772812255,0.3573604442372525,0.3611436498854942,0.5417721167395483,0.2646526447083256,0.2619175601973328
2490,21,0.2627098063820099,0.4248291973131152,-0.1446926418002414,-0.0616079478296939,0.6463966916647141,0.4134731345748836,0.4101315286985165
2493,39,0.0438723716171367,0.2684054227255514,0.0648069101330056,0.2950705724644625,-0.0198561157453599,-0.0374421965519832,-0.0304994123416094
2495,44,0.2543027071662753,0.7470849633765702,0.23778827533044,0.4112698633111385,0.5807768855708411,0.6272715793448634,0.6120101221825868
2499,44,0.4050717912518288,0.4964165980931661,0.7405930527034655,0.5079396366524981,0.2072045198922971,0.4831151579180875,0.4789243224751678
2506,44,0.3755247777376717,0.3925420873321515,0.5711631683700101,0.0802688386177744,0.1395983077813559,0.3576434562060004,0.3558039798548456
2507,39,0.6921499603844526,0.7288695198580543,0.5908104621982226,0.858822721532305,0.3780389421208868,0.8206041027958361,0.8191448707773418
2508,60,0.5833735721279354,0.5082737472646317,0.489375326799208,0.738599305403328,0.8211166399941368,0.4804353030125134,0.4864700185474899
2509,44,0.3260829279609746,0.4548811214202254,0.6564122549220489,0.2002117651350078,0.8991799797002858,0.4082754716368097,0.4077362644802493
2511,44,-0.0228184590892545,0.1461775273352121,0.0513908207121949,-0.2351771147527283,0.2844892335628179,-0.0948105438531445,-0.0938848026451184
2512,44,0.2513344883343895,0.218323222374008,0.3912552178327861,0.4721959359053773,0.7656974124803753,0.0997293804180926,0.1102729759715807
2515,44,0.1988026175928114,0.2867433335605266,0.0699450832535794,0.0251131431278587,0.8260676015640932,0.2343706402231123,0.2270782954031997
2516,52,0.3072615916585156,0.373359074989481,0.4592688970863043,-0.102276561276135,0.766303503690345,0.2380166518500196,0.2279035801963217
2517,44,0.4698601533629893,0.1888223311709516,0.2839453458582407,0.7123222428061865,0.8721883339619996,0.4106931902742389,0.4075612964151607
2521,52,0.6264295971182151,0.4818010871035046,0.6597775073121885,0.4179688810292173,0.4333887323961267,0.3891127447936386,0.3978151772553092
2522,44,0.3621413212878931,0.4913336779057673,0.1269631583443395,,0.7078877462350365,0.4106070320620543,0.4032798301930436
2524,44,0.0446265455289782,-0.120486124949251,0.5635794577582395,-0.0135470050676465,0.6821855577081416,-0.1608722886339099,-0.1564959147775136
2525,44,0.4960272646685247,0.4667254393536232,0.512682040010342,0.3326450971130245,0.7189567150653394,0.4704738028337781,0.4673539295102167
2526,44,0.6715958180006135,0.6060925484132167,0.6895306859205774,,0.9700329948805746,0.5887413647182703,0.5873197699868341
2527,44,0.2511331702838747,0.3602755205423297,0.3533265829427158,-0.0739494886674511,0.6827995520340727,0.4350727661158913,0.433310180067733
2530,44,0.6325986391190793,0.5532670084936568,0.5076781997617963,,0.7911885753239447,0.6850518957188974,0.6797279948315067
2532,48,0.6333927062782119,0.2987176331386803,0.4742075823492855,0.2710822487171302,0.9259299792298716,0.5420189410950339,0.5484941785972341
2533,36,0.1666874410328215,0.1785536162160882,0.062031286131922,0.5675720963730457,0.7705102636203724,0.3153978504000344,0.3099334442504602
2542,29,0.2828646237345053,0.4770380709619544,0.1396914673680668,0.5540972675837211,0.4915967712991721,0.3238409061668574,0.3154641506041467
2546,40,0.4446472336707965,0.3580077336174938,0.4868910780983757,0.5033147848310926,0.3095819934864728,0.365374579300112,0.3688600111072236
2548,44,0.541952593136351,0.3381996418454118,0.5862145836128997,-0.2136025660063047,0.7578202713400174,0.7860508044633081,0.7822230960728443
2549,36,0.1660272124205456,0.0653451253887403,0.3874618551408502,-0.0128870359058088,0.6189661110087595,-0.0257595059783647,-0.0299247478961938
2550,44,0.2742422197098746,0.1926898518884681,0.489311163895487,0.0689606706756376,0.7704476323248488,0.286959285445941,0.2914766388302962
2555,40,0.3113001656813119,0.4653050060678915,0.4872714333570885,0.6132639557683675,0.8712152222771968,0.4797689230401912,0.4738785472684704
2557,36,0.5669506141313206,0.5304397604779891,0.5234349880502348,,0.1368582108417062,0.6973830948496994,0.6934273115836633
2561,69,0.7869237379330619,0.4858429843974809,0.6375596934705337,0.7524603060636766,0.9324719508823516,0.6414929161258169,0.645824150716032
2564,40,0.1627477321049645,0.4086315235061052,0.0652647437389263,0.2807541286453663,-0.0175718559517042,0.3883262500536565,0.3706888756905333
2565,48,0.4235991824738593,0.4521769844959689,0.5325309097476429,,0.9061072413076802,0.4389789095086466,0.4360977939365144
2566,40,0.4454611244485383,0.2651631697451911,0.2817725993207254,0.2272155021352608,0.8435282946271466,0.5587877314141233,0.5619081375384903
2567,44,0.7291099081983083,0.5045528535691872,0.6102544364898346,,0.4885495899879834,0.661228890531981,0.6555197730899502
2569,40,0.7787515932574289,0.7010834374179512,0.127078984584318,0.7856561712859615,0.6857653172598599,0.7987418894868826,0.7963834723117349
2570,39,0.7175795762454593,0.5749317373287971,0.6757327791427861,0.4780789131458541,0.6042478451615771,0.6706141526466389,0.6695144229986427
2571,60,0.4765515808776615,0.6719422141656152,0.1723356274279363,-0.0296577325577325,-0.0487082549651403,0.5714355048942997,0.568435985340984
2572,20,0.456437268548206,0.7196235909450496,0.2355645436087686,0.3389859002633005,-0.212316291801819,0.7855345912195835,0.7886412914855657
2573,40,0.421706981958754,-0.0319396734724459,0.6728367489549028,-0.0446573223589025,0.6414635562756859,0.2714604804262472,0.2731392278395259
2574,36,0.5653699911712338,0.70972478837054,0.1173605030794263,0.8541464551898508,-0.0632982510374128,0.6367421638975147,0.6385693154318293
2576,40,0.2791734447235801,0.2392576908239116,0.3471600523375957,,0.7724396953019605,0.0793469261756867,0.0776988289773368
2577,40,0.6902975614389968,0.6782351269673884,0.6142296238460438,0.5059574307583874,0.2644835307906295,0.7018913583205452,0.7003931721493477
2578,40,0.2807867796733259,0.0748590673697615,0.4917378124614078,0.1807872912069541,0.6992446311028787,0.0120048421973577,0.039689603986848
2579,52,0.7046443827638373,0.6783735683830541,0.8152809381650565,0.3171255016212767,0.6885956441846639,0.7087002535362158,0.7118117892089821
2580,40,0.497451814754657,0.5603201033417992,0.1738660286418688,0.1733702659572333,0.7109500255995831,0.6283102614482208,0.6301092227212381
2581,40,0.5603879517502748,0.6291563275431877,0.3025660875930435,0.0634035605793423,-0.0100154512385551,0.4385335806847373,0.4390542090445333
2582,16,-0.024867677398924,0.0004503679391369,0.2520322621944735,,0.1321492666918812,0.0808694248024221,0.0741002992220215
2583,38,0.4007166116542894,0.320299574895405,0.3581277333714391,0.3437477058971783,0.2223306951783197,0.3779513872611394,0.3873955682435122
2584,40,0.3188356070051868,0.5562196051794187,0.3120089552094425,-0.4840237191758814,0.1537231013017503,0.3771462470058853,0.3748507504247033
2585,40,0.1110567493923923,0.1483283859599934,0.3171138776755032,0.0361644996456124,0.8523931552187465,-0.0254843241579748,-0.0378454431273481
2590,40,0.5113132922651437,0.4833751942340821,0.4966200830692219,-0.7352420699985224,0.7622565347129039,0.4144744095929311,0.4270241202372857
2593,40,0.6501140801500733,0.6418841357087793,0.221716578777902,0.4693942534019237,0.6870776242128225,0.5189637643722866,0.524945865651423
2594,40,0.2256825127379707,0.1533711395243535,0.4252845433984893,0.2060547833651181,0.888336169893091,0.2726773148090285,0.2827114279093066
2595,40,0.4195635043889533,0.5225465630432768,0.2373164329823731,0.1493008507660759,0.496875848508248,0.5617624825094365,0.5610288625611222
2596,40,0.735461640407647,0.2570529822911229,0.5651044732555488,-0.0028943962958209,0.6985166713433002,0.7247002707640123,0.7254983305940503
2600,40,0.1358020504659299,0.1670852425452916,0.4440789473684212,0.0975528049750577,-0.023197522289392,0.0508160810019775,0.0478425049325659
2601,40,0.5278941203751067,0.5563971336144787,0.5321497120921305,,0.5262025599389933,0.4021162368135719,0.4098897402304605
2602,36,0.6378402033880742,0.3551367605378788,0.5519996452427708,0.4352354048810946,0.6898839221041495,0.4560322264254302,0.4746386012599597
2603,40,0.3865023320463718,0.349023926272304,0.3398437499999999,0.4911561842685496,0.8389306225672737,0.3657916437209522,0.3592234869527804
2604,40,0.53159427267651,0.4514623667167173,0.3590265350668009,0.3096211379260379,0.4385107230228268,0.3121900557243137,0.3101141618443085
2605,40,0.2031600886352683,0.4363513324339453,0.0040198960376444,0.4028064179713173,0.6270629952848724,0.2845991571168395,0.2853234300309576
2606,24,0.4981972237631109,0.521291660894839,0.3486219729360807,0.3384251825822961,0.2782621690749294,0.4344276251131881,0.429048191182489
2608,43,0.2909263261711492,0.3415236657124339,0.6672097241645245,0.5199051471387207,0.3339789198606738,0.3483817006033048,0.348219239064623
2609,30,0.3856949312983376,0.2940194425839303,0.2393579425515769,0.3713138337171582,0.1661735273471639,0.2863836796804354,0.2969789637952432
2610,20,0.3374060616621883,0.4551228027711603,0.1601805923124726,,0.8741782332510818,0.568775105002043,0.5684277760121338
2614,36,0.7286092023688043,0.5054528279191032,0.5869793086452764,,0.0564382773617244,0.5520359191461582,0.5597780027842573
2616,40,0.4795811999007465,0.5770385583418581,0.1689178645338686,0.2844051758592499,0.2960620689936806,0.4212572113644156,0.4161623108914714
2617,40,0.2991817768178469,0.4990707142280031,0.5832752067702822,0.379370260681477,0.7454915759792536,0.5819276246802838,0.5723850126778228
2618,75,0.5753058474168675,0.2096055394411962,0.8038542472664583,0.0124070924584978,0.9229117669257884,0.1741856756322595,0.1825089818605622
2620,40,0.5100049716843615,0.2606287120112496,0.7139678814875101,0.3289917417877167,0.0362135469011814,0.2388163741881667,0.2616591248860247
2621,32,0.6830888727290272,0.6477119825627736,0.5863526424463104,0.6780350894697137,0.6711728517696967,0.6657908154499359,0.6637098213912154
2625,40,0.3523621307631854,0.1371024433467169,0.4329220677058454,0.0656823249160807,0.597365766007648,0.201887193465619,0.2110983648916699
2627,40,0.6992083506154467,0.6270660675027848,0.6451472643955968,0.5002500914231872,0.353289932901368,0.4378393291034381,0.4362429345639683
2628,40,0.3104558464016164,0.6229195475823959,0.3250301003339237,0.2708604107359334,0.6330839403186118,0.5104920972194797,0.5057594389992558
2629,36,0.4760916849886325,0.438916487197137,0.422674598195249,,0.5803599587335883,0.1273755606217754,0.1191312514769981
2630,36,0.7561088637000908,0.6225134200030066,0.7289877566732055,0.8988545580614972,0.3238356869451725,0.727720055253409,0.7334341352570508
2632,36,0.2925294687212712,0.1340963871760978,0.3436511667228607,0.1284542439476085,-0.043400587055376,0.0520511545461628,0.0487503823830427
2635,40,0.0732564553882002,0.19478223380806,0.2184968599686059,0.5206152163409035,0.7113924568908353,0.2067676257823336,0.2272677205664196
2636,40,0.6064454849288339,0.6805498808783532,0.5501173977357133,0.8493631360900461,0.6563800941325804,0.8442483911050989,0.8471234803445056
2637,40,0.7929663138662102,0.778045787381913,0.5358701836110445,0.606019738814135,0.7151786874335976,0.7321596549330481,0.7326310633462959
2640,40,0.0367083441148295,0.1167132733972872,0.4649276164968683,0.1888495300560909,0.9297987611392474,-0.0429855607214406,-0.0467716777569268
2641,39,0.26496698872256,0.1063703160423713,0.5765115661221377,0.3368266206379933,0.6530846550780786,0.2137807915340179,0.2163995901493759
2642,36,0.6421465452233446,0.554509529062275,0.5773835206281885,,0.7207896925655224,0.4354729144485524,0.438514580169255
2644,40,0.8310662453455806,0.8040995906846461,0.5770844820964189,0.6425176317448399,0.2216110568784196,0.761556055818074,0.7622779725392024
2646,36,0.566262084127392,0.5542319935615955,0.3292395969780941,0.2714200839057053,0.5543700763479008,0.8519571656272551,0.8502018872421612
2647,40,0.4452411839684715,0.5979886220038585,0.4942491134957607,0.5488067944754119,0.5219472410598155,0.5461697447162649,0.5448657441125256
2651,20,0.435540498890351,0.3750698555415374,0.6319957641520968,0.3575512942973778,0.0876276094360055,0.5958183682778514,0.5955650330137281
2653,44,0.4821088382978771,0.3878063684894085,0.7228981817867535,-0.1243378872955069,0.7904216050398692,0.1621118585215751,0.1537458487397668
2655,40,0.5990489989250584,0.5042403201829387,0.4153105577646757,0.7149559713142136,0.1736340017241681,0.6337168249373711,0.6333463231698322
2658,35,0.5733842808364831,0.5679165821109827,0.4382206004716597,0.7484444806584988,0.7428154842348594,0.6004241421881997,0.6120613301648671
2659,31,0.2813151132621797,0.2539288306421294,-0.0749185667752443,0.2440644455282068,0.7610708876597323,0.1943334337269478,0.1971609603947616
2662,36,0.332257252203125,0.1725607270398128,0.2319098457888493,0.0878707831175689,0.7335999970335219,0.3494330892108884,0.3543461477492652
2666,36,0.3898898569213135,0.3722372799912352,0.5470593705119807,0.3824696973486176,0.3680799797179115,0.2261781254054166,0.2427574670153782
2667,36,0.4448757403083494,0.6187302566408219,0.3672316384180789,0.0240595682344109,0.7365654494604472,0.6524717442446104,0.6523984546389431
2668,31,0.5214813320656997,0.3096330171689406,0.422235951603033,0.0874612052830118,0.0235386424691431,0.7325584292828733,0.7279092857687809
2670,36,0.1969874785511767,0.1916240907341844,0.5130776272769437,-0.0755607685685742,0.3594810605492189,0.3722497150597392,0.3794866915043559
2671,28,0.6094853973878449,0.323479710235347,0.3791150064445457,-0.1139765218503374,0.3418017877752143,0.8766166815687052,0.8767843117165594
2672,29,0.4956446566151153,0.2991619185946968,0.2755241993923988,0.6306143412126322,0.6815191955801919,0.4567149850286949,0.4627883263736788
2674,36,0.384126687314301,0.426970965853285,0.3634028775635741,-0.094521302751161,0.6518788208923512,0.1314511545402089,0.129985356691609
2676,36,0.3418294873485107,0.0025444011628029,0.5875385550616445,,0.1934643634636202,0.0492584437854432,0.0360494549629148
2678,36,0.0664120784560169,0.0425466946657951,0.3560315161814604,0.2911278060002727,0.742257954343032,0.0580833275093942,0.0539404794174176
2679,32,0.5123459440628063,0.4905763356876764,0.2859583521352368,0.5626676747130047,0.2311017996387566,0.6574093457632655,0.648335198529428
2680,32,0.3829253357975,0.3153465007752493,0.0381161338843583,,0.3856262962664853,0.3980525356617036,0.3935828887121732
2681,36,0.3221531291990784,0.1600011897230354,0.6758511730313461,0.2369731342783278,0.8299364633897224,0.2458948543786442,0.23730531724005
2682,44,0.7785207207794526,0.6346872742628156,0.748264001949961,,0.9337269199053756,0.7170279627416879,0.7221626538103144
2683,21,0.900666220037988,0.3104268888343029,0.688021640813111,,0.3637630287751582,0.6503353922130051,0.6422961402442898
2684,36,0.3333677085509842,-0.1956953152940589,0.7709925881735579,0.1402475293000796,0.8070151012324969,-0.0518231952285534,-0.0467771759282286
2685,40,0.0904736251094683,0.0164558203835298,-0.1314519682563646,0.3441357499932722,0.4231618908116462,0.2611013171532939,0.2675539838395772
2687,36,0.583762167357593,0.33856413583717,0.5470861079020919,0.1163113382292193,0.3061013381999546,0.4434514549781759,0.447256390299717
2688,36,0.7240419354709292,0.716839231184974,0.7193585337915241,,0.3837301141156609,0.8009282526847081,0.8037659438946179
2693,40,0.6863489696601875,0.5375303033745142,0.4446951593847149,0.0281428493618371,0.9392439906474076,0.6705449356426937,0.6703437345124598
2695,36,0.1734379757374249,0.1659785068315808,-0.0635476688714194,0.3628579105372774,0.8995257009385262,0.1133173130930784,0.1059433593815515
2697,36,0.3478744034498812,0.2658128905450268,0.4662373386182133,-0.1479827502696734,0.6384570507745859,0.1245624024907625,0.1340407465793588
2698,36,0.8409356574935392,0.83587452293515,0.3587941026815703,,0.4610763619331087,0.8049412259906328,0.8023617316251664
2699,32,0.4854036236946741,0.5301381683097489,0.768606877624867,,0.8286409994634947,0.5284705886090764,0.5328550020746033
2700,36,0.3736952554678117,0.1923887942951775,0.4385569568225265,0.3765079068064622,0.7904177132042385,0.2895488705794923,0.2986541122031095
2701,36,0.3723065572465402,0.4014560481268566,0.2765819767746513,0.250299236418974,0.8783918755138743,0.4888619496446211,0.4888949169938615
2703,32,0.5654706145354043,0.5468312205983656,0.3472256395989654,0.854642355146022,0.5200712255349749,0.434273606535683,0.4414824103614162
2706,36,0.5911180926367766,0.4523968789704439,0.4617430320863672,0.3331483382111389,0.373498805873904,0.5536635031580939,0.5563431701172243
2708,36,0.4107300476052691,0.4469945988868793,0.240540044254591,,0.0750654245668003,0.426929565953677,0.4435292736919698
2710,36,0.2749181021951246,0.5531689994505109,0.5079559043379167,0.2103748432220364,0.8413562670593833,0.3245050132461018,0.3161024072045138
2712,36,0.2250584248020968,0.0496171807076478,0.45565035506688,-0.0892449104900721,0.8718619280638764,0.0525571080038708,0.0640692533088338
2714,32,0.5181744692001392,0.3914111484904288,0.3999999999999999,0.6030441405817328,0.6839111970237214,0.5335773678562837,0.5294225243285873
2715,36,0.3250065431262098,0.4675892987744955,0.4930066485916344,0.5845698049924609,0.945442434656528,0.2569316672939896,0.2519424082640044
2716,36,0.5232087741595302,0.1098329794052018,0.5847606263906769,0.1600086250443408,0.7197751993969465,0.3217051790153123,0.3392847324147399
2719,36,0.4250483652471905,0.0948335202805534,0.4857738851869926,0.1547491493074,0.8918519028584064,0.0065740065787278,0.0261346078021332
2720,36,0.4328741615789165,0.3611495249652763,0.3581364383409567,0.4138204224167453,0.7761919315218764,0.5603380436018405,0.5728947762715101
2721,32,0.5701649717761612,0.5754269811903736,0.568529749963493,0.5189301190241086,0.18752199359507,0.578708168132701,0.5839488261632149
2722,36,-0.0104905256095833,-0.2079777124202011,0.271982693281471,-0.0334380835886468,0.91082493383513,-0.1564406886560272,-0.1406474321144172
2724,36,0.4755438793489556,0.6238702880537578,0.3335417959635646,,0.4880344001688029,0.708017293523994,0.7026269876983794
2725,36,0.3508022599494526,0.4616009444085448,0.4177519298777628,-0.1287390411745873,0.6615990114983104,0.5465118333622865,0.5456013392176583
2726,36,-0.0231507305064462,-0.2164093273739163,0.6143680164386547,-0.0945854327445163,0.4234410418940909,-0.1772001045865624,-0.1647266141322668
2727,36,0.6042424186904761,0.1293643212602064,0.4606700294970541,0.4101359466831526,0.8151100761570786,0.1782594777777204,0.185799320057666
2728,36,0.5061528056189019,0.3347181616557321,0.6805155124059542,0.3832686404285239,0.5271988136976106,0.2601660598185138,0.2637503391704458
2729,48,0.7776012795218981,0.6447704724323692,0.6271643171284345,0.6200715773945646,0.4358301959000527,0.7818937551716909,0.7775832512554225
2730,36,0.2818425665151836,0.4036211645753251,0.3108552076853293,0.0002484392968663,0.7924828904722511,0.2847414411780273,0.2867108730308317
2731,31,0.3753228411402102,0.1236708677317545,0.5932754880694141,0.4278840733750448,0.5893356208841066,0.2121034862759431,0.2198974245629373
2732,31,0.4984803405004189,0.4534967654029025,0.5287281501438644,-0.0447364380807545,0.5097224361986593,0.5545942012383275,0.5511614391513691
2733,36,0.6074952015342295,0.7430945941533361,0.2456909027952539,,0.8788781056046651,0.784382061508207,0.7821242588650106
2734,35,0.6055804448704836,0.4836811761701942,0.6077168079314929,0.1249099077987204,0.2518280308861757,0.557013292317201,0.5563826809515899
2736,36,0.1866644009453242,0.1418603051687927,0.4414893617021275,-0.0645136943720256,0.6074195577051575,0.1905150883229461,0.2176693419747573
2737,36,0.4203247206695368,0.2577457617375494,0.1938806568130221,0.143107110876394,0.6853722383465083,0.4693331830776494,0.4842230276092685
2739,32,0.2427785125585043,0.1925191470098856,3.157754523722389e-17,-0.1070279355701735,0.3603807714141412,0.2814146498157185,0.2781224169295307
2740,36,0.3869627352915455,0.2665133248497966,0.3317449551888265,-0.0627254636051557,0.7617450532615607,0.3489089309806432,0.3609112617566519
2742,36,0.7680475526307788,0.6635672481020816,0.4089753461119768,,0.6343717536728631,0.96791732512443,0.9681381580221664
2743,32,0.653757357989038,0.2875425848646286,0.2441402634074551,0.06256981845872,0.6746006562667585,0.9217123515698568,0.9228550161433826
2744,35,0.3060175690879748,0.1575494057760383,0.5554460680818317,0.302200371622314,0.6400521535186131,0.2884675630354626,0.2859983585414627
2746,32,0.6740768434734403,0.687643887310163,0.4452214452214451,,0.0424051487444559,0.6934129945534662,0.6857612962604597
2748,36,0.497755629547103,0.3946580154935731,0.4449106895759913,0.2667875385732652,0.4919899901264243,0.2010572174828892,0.2185593634983507
2749,36,0.0447353573597522,-0.0159202566853121,0.158931163333275,0.2362386492541491,0.8921939959959602,-0.0511757904603709,-0.0396930111990446
2751,36,0.5577785169533929,0.5176323408312651,0.4056869914573656,0.2853258718238509,0.8305784093596384,0.6164549325473477,0.6193774541627961
2752,36,0.3115063780665921,0.2144556150227497,0.037098217335171,0.4540577575149078,0.9341720065863944,0.4396184494552215,0.4429070528980774
2755,36,0.533184523721912,0.5398123541124674,0.2891722772723925,-0.1773516338509743,0.8612430239360154,0.6042872266662951,0.6050975045161706
2756,36,0.4474954848303807,0.239509850965961,0.187880480930112,-0.2112948833558149,0.5506241495196772,0.0909983529669132,0.1024597997255174
2757,28,0.7949157276617884,0.4805208410431347,0.3890791030505093,0.5958852601450583,0.1966899789519319,0.7385452575709249,0.7465430445421938
2758,28,0.133600364104047,-0.042303943050684,0.2810342739914382,0.3352009565986227,0.7335535627844715,-0.0664307640767885,-0.060863053644029
2759,32,0.542886063860954,0.6303380338975914,0.4170773804790478,0.2548545693324553,0.2008587089443473,0.6989617428947673,0.6996804740206308
2760,36,0.1460193035328563,-0.0999574321557361,0.6362917653805984,-0.6036141136396526,0.113156358853392,-0.1581696735969955,-0.129293210586733
2761,32,0.5950600461267888,0.7042652326078488,0.3910183568164429,,0.7032506283251684,0.6040599484751519,0.6051422478268331
2762,36,0.4337394705842889,0.376338079731201,0.5717180145088847,,0.6183013456990296,0.6171295267895566,0.6174698494508819
2763,31,0.3525122634205286,0.1205307473913879,0.2444348045955624,0.2661862937506072,0.6306129459234243,0.3628394279432365,0.355667446759445
2765,22,0.5511175896865407,0.2945742531091307,0.2585291254982175,,0.6641662058502231,0.5075462260377804,0.5059094505726677
2767,32,0.3299294352999321,0.3880824593545131,0.2974433517309487,-0.1899816148959067,0.709787762672779,0.36397682855427,0.357878602245123
2768,32,0.431980098694112,0.4496869529684787,0.017464630247208,0.1130662723172971,0.1630456650666394,0.3108913984163709,0.3192593196283121
2769,27,0.1437029670182847,0.2423399513670104,0.1227157765096752,-0.2652579246105033,-0.2319263860585784,0.2097668441077327,0.2012376455327869
2771,32,0.2624834803756019,0.2008834304471515,0.1941930873389009,0.2355349960624576,0.2705991765173005,0.1293055779823708,0.1280132612696636
2772,32,0.0955955669912584,0.0316307661619917,0.3031752483957008,0.110052752504275,0.3568572126045609,0.1626732188386379,0.1609981900506621
2779,25,0.8113109928259697,0.74091597837833,0.382207607213607,0.6184034543597317,0.5683327010407179,0.7518071396571857,0.7539214674734942
2780,32,0.5374564540585459,0.3514011008529419,0.3348675671425414,0.0122390150118428,0.3729086165513019,0.5024110795143628,0.4911324534314142
2782,32,0.4791134811781403,0.2951369841150429,0.6319708555997708,0.4397841113832096,0.8152113263009082,0.3632256809162884,0.3796695831737787
2783,32,0.3519338060668724,0.304763208772197,0.4184348021225126,0.3286002643376846,0.4737039988779081,0.0714084384555784,0.0762604238873955
2785,32,0.060942995671853,-0.2457234796128351,0.5800223956124304,,0.2318548876665437,-0.0945422099888344,-0.0874996512607886
2786,48,0.4304241003272827,0.3137508128898791,0.5933665751180687,,0.8358794792038285,0.4841768614286602,0.480721755642878
2788,32,0.4023863885822565,0.6060847406353073,0.2482678983833718,,0.2198052907914926,0.5557545655010316,0.556592501688625
2789,32,0.2118272361046544,0.2347154250040712,0.4103271479787416,-0.0372776585428156,-0.0431987581694202,0.2541993222282687,0.251253370227299
2790,32,0.7737693794704223,0.8085137597994145,0.6947762019835961,0.8175615337190805,0.5367807476681439,0.8047659945007121,0.8051951552632782
2791,32,0.6377282776438383,0.3734373627232045,0.3987246363849045,0.0020598532764207,0.8254887183321744,0.523071632794877,0.5275383636360764
2792,31,0.3915108554869257,0.3130397890212448,0.2398392089805366,0.4250935402730081,0.7508027739595783,0.3716274549903386,0.3687461142625142
2793,32,0.3242377171306732,-0.1516474220659801,0.6666197152847857,-0.2469344583568091,0.7259873479741921,-0.1655024812477152,-0.1679207439581897
2794,32,0.563357862398315,0.4856874851341072,0.2416827434800208,0.526925293860621,0.8547801863708743,0.6236942656125921,0.619306110431712
2806,32,0.2787419387470752,0.0985265439673168,0.4488821464548301,-0.0008063309405659,0.5813591274414142,0.0347357666001616,0.0281946080550941
2807,31,0.603315908996299,0.5110161241362244,0.4159156461022291,0.2694174601450141,0.6852563296837552,0.5385972923383017,0.539385457240926
2809,32,0.7681766890503682,0.7280642153964846,0.6684455649496446,0.1729438288378665,0.7316439265111173,0.9071963490483173,0.9028859960378556
2810,28,0.3892442142376947,0.0766719345686607,0.5067066375964029,-0.0130047299891529,0.0079588109559121,0.1196815669534989,0.1266251436494791
2813,32,0.4505294877807864,0.2897863566463371,0.6286196477425741,-0.3121109826099512,0.7741281218832732,0.4001866532278762,0.4035380399394788
2814,32,0.7224950223009149,0.6208923701796022,0.6012388562682305,0.7225522783503789,0.7128871271930679,0.6389360232577684,0.6393088461457515
2816,32,0.442465096150982,0.3842069734194255,0.4464285714285714,0.3928662609090597,0.8434788020188556,0.3491877838471198,0.355840071026186
2817,32,0.1530482883964448,0.2516576378249369,0.4026196654585905,0.4164013953156285,0.7367147689127521,0.1089733974999394,0.0936240169737967
2821,32,0.3335076785154131,0.1904616902929423,0.1344439575764701,-0.1170755639056243,0.6962890208780336,0.3186744947326791,0.3155952444713036
2822,59,0.5999409730306046,0.5580867735421718,0.2461188351306255,0.0471289848113356,0.5618323725682676,0.70288428647499,0.7010016899909226
2825,32,0.4078302927072157,0.2235404633574526,0.3057694251483259,0.3214562940977085,0.8421824337532874,0.37541348391908,0.3955796865107029
2830,32,0.6686392237557665,0.5247458281191862,0.2788950103143523,0.3112379012568486,0.6360098682927668,0.5162824205902156,0.5234527148017762
2831,23,0.0949219536809744,0.3642032891183323,0.6206255450540957,,-0.0633242787699897,0.1555731088012229,0.1574564483060989
2836,32,0.611670062445136,0.6056208886710392,0.414568345323741,0.1122526024018781,0.54351543864592,0.5754129188439558,0.57117133919251
2838,32,0.1235779036640951,0.2108220285491551,0.1627014079897105,,0.6839774105844124,0.1779008886675572,0.194766284401868
2839,32,0.5430916057963214,0.5497266953622906,0.2161081534346644,0.069299650106875,0.7202577131289869,0.7362279787942766,0.7360574911285437
2840,18,0.2811245558898652,0.3282577439511351,0.5264020503399793,0.3258345849240698,0.300355032150885,0.0893105394048263,0.1185848816763012
2842,32,0.053999793442217,-0.0745968378208139,0.6213576934671673,0.5377464673767,0.8242223554603166,-0.0720498225420006,-0.0637236231995088
2844,27,0.3915647024701312,0.6496641787538375,0.3442725398306934,0.1692495326904693,-0.1051616234090407,0.4337282800297902,0.4254372303816313
2845,32,0.4362241337296085,0.2280460056659009,0.6061991869918699,0.1536405480009752,0.5699809457729629,0.2593127651010612,0.2609283065053198
2848,19,-0.3643901485744638,-0.4184317175708132,-0.0935469701568031,-0.124571047157926,0.6925063918969736,-0.2823997504519921,-0.2841210344210463
2849,32,0.3141652658970634,0.3485339019700911,0.5251750408477271,0.0571676901242341,0.4304032899070039,0.1969821572082522,0.1946894789015318
2853,32,0.6060684925708482,0.6916306458120277,0.528298235823314,,0.544132610926848,0.7892001772210491,0.7881673718277044
2854,27,-0.0164057019410039,0.0676556004088517,0.1515663767909689,0.0072243259895875,0.6208431854046955,0.3648295132145999,0.3766385444835302
2855,25,0.5981523507648664,0.5609439116231631,0.5792533076002186,0.5128751228281248,0.6280529991840141,0.4663352057889984,0.4756432474804802
2857,56,0.3396184855315667,0.4586835492557168,0.5302468461717613,0.6778822148788793,0.8732399857820443,0.3194253389369941,0.3119828646789623
2858,23,0.6224916329797437,0.3505160414317125,0.7613194511614831,0.6732903439594287,0.2200622287423362,0.7858978923286816,0.7898614586026426
2860,24,0.7857301905371576,0.5137182641231226,0.3934560868860619,,0.1563911618310693,0.8004283694540595,0.8024878819928245
2861,28,0.2360289675620303,0.1241682112554711,0.3095517423099226,0.5178648690948799,0.7373220422960947,0.1548283327714097,0.1556840527653636
2864,32,0.0024007895304864,0.2739623665010301,-5.658973302434202e-18,0.4291131614517882,-0.0441454203635679,0.1285869868343422,0.1401759025326585
2867,24,0.6781329177832565,0.5616136493418921,0.5129420612635262,0.6719536787316577,0.2135060071072269,0.7344404413362243,0.7250051596962755
2872,24,0.6554874616867551,0.6984210065875861,0.6428571428571429,0.5229354218037906,0.8086418994779343,0.7134885560128386,0.7063087976885146
2874,28,0.6655461848911903,0.465387234237643,0.3202701548584733,-0.3350644267085831,0.6304386949689719,0.9194226467324124,0.9290077570143164
2879,28,-0.0585754217179946,-0.0194252782293728,0.2674418604651164,0.158653702418522,0.855037479354863,-0.0645851280892597,-0.0640526328987018
2880,28,0.3719363582088427,0.1233714461618005,0.6195398670913633,,0.7459744412256265,0.359525890219854,0.3596366918249388
2881,17,0.2612595911340059,-0.1817405268591443,0.7631816554234364,-0.1840364265183579,0.3098469577660168,-0.0845560092087417,-0.0650713202055606
2882,28,0.2363893496030552,0.2822721121101403,0.0995075867422096,0.2517245533064919,0.8644182728255934,0.0410509954835086,0.0505555613175801
2883,28,0.4310801752159517,0.438112933892546,0.2533472959690699,0.3582159227395692,0.7339133344937941,0.3846759500210533,0.3833138273957554
2884,28,0.5009883804914019,0.24376555771898,0.1620505844605026,,0.7977815402899469,0.4055640561489443,0.4071002700389707
2885,20,0.0485726611638858,0.0798489100560452,0.6949352149503263,-0.008323713579585,0.942420418760765,0.1558386599750346,0.1666580531643246
2886,23,0.3785783646759714,0.1704450028573197,0.4452559640961797,-0.1509848847557541,0.1021227577318585,0.4445146707138821,0.4474820196488947
2887,28,0.556652420082843,0.3470660287583195,0.5953539356759409,0.4191093855398715,0.7821068532139539,0.6295935956892114,0.6312167023229679
2888,23,0.0484428107664336,0.194582165916816,0.01171875,0.0959486126962823,0.8300606354199618,0.1419704983753036,0.1538362607310305
2901,28,0.5631934666321924,0.5130391063005776,0.5334067904086469,0.4624545357119826,0.7485197057611811,0.3325466024892426,0.3437405696575629
2906,28,0.3639519365022114,0.2567663952822744,0.7808698871716487,0.060972570783187,0.1710678901050009,0.0640863696289725,0.0660880366780298
2910,28,0.5040025326815368,0.5452203375738536,0.2674751381929182,0.56265502417011,0.8625613311938864,0.353199903455934,0.3482039893094169
2911,28,0.3343500559484612,0.0872201859589308,0.5266821211462566,0.1638984689900197,0.1995603969356309,0.1728556587881256,0.1943199690798016
2912,28,0.2348987407769088,0.1473467695470504,0.4115205391415333,0.2753384194478622,0.7745381365379118,0.0166951306937081,0.0316504165958029
2920,28,0.2995002260003805,0.1832765824721996,0.5086235902615656,-0.0539075822548632,0.6001766348147413,0.0964772021680995,0.1090041194346622
2921,28,0.5985666577887113,0.4297577769564997,0.2681923211097737,0.3473357958755415,-0.0296779877298507,0.3269248540007343,0.334078500171074
2922,28,0.2420860025536313,0.3227815047511128,0.1381703745027592,0.226805345824073,0.7280710897942287,0.1239449798732009,0.1261868174989753
2923,22,-0.4235590039409869,-0.420921861045419,-0.0051970671870379,,0.7731416256084973,-0.3883909381380561,-0.405328436814929
2924,19,0.5253076034169636,0.2160555135234851,0.7052654314930372,0.0760900553956319,0.4570641156957494,0.3163564299690048,0.3093181686206971
2926,20,-0.0730305223201234,-0.0707285101359513,0.1579649297176927,,-0.0078651275040079,-0.1552628987953702,-0.1275182546188666
2927,32,0.3081916054954539,0.1427096606069469,0.7132429614181434,-0.1229308354214372,0.867378259010161,-0.0460196746335917,-0.0446779759449003
2929,28,0.4433588229673602,0.0026041614809499,0.410686291977911,0.4967490664342791,0.5605964003666629,0.4171711728733034,0.4248684818349946
2931,32,0.6991506469285399,0.6921038161047423,0.3515453663608758,-0.0452898795792002,0.8535818313901927,0.917683938543102,0.9125549980381727
2932,28,0.0306068055081545,-0.0011276466885218,0.5866682968831838,-0.0292052212374143,0.4177213103204246,-0.0992690231448363,-0.0959696243285362
2933,28,0.4241290510787732,0.5801313670968972,0.4130434782608695,0.1957303310172767,0.8439147124510106,0.4991808958746487,0.5043163917120915
2934,21,0.6965668519340943,0.5639654283036245,0.7482154249667408,0.3728530981561044,0.2633359210169054,0.3834865890326369,0.3742230284902013
2936,23,0.396383463019587,0.0276854321942722,0.4471007055333733,-0.1937140291026858,0.3884687253510104,-0.1022840472446079,-0.1026608665588851
2942,28,0.434042268403058,0.4709726150372207,0.3991979386937431,0.5651831046388333,0.6874767676953005,0.4477575912467217,0.4513928037326667
2943,28,-0.0542808205514276,-0.2875850380114589,0.4352653618791628,-0.2911993247160376,0.7089818188197645,-0.3498542763917009,-0.3406978358790656
2944,28,0.7744879063111627,0.5288667677076219,0.6819708238318475,0.3346321472527959,0.8157790251702873,0.7070140695545036,0.70798173964558
2948,28,0.4917608020639256,0.307135845410631,0.3985557667729594,0.6270286606676811,0.927854512231046,0.3268884601090505,0.3323193281779502
2949,28,0.3216372650105824,0.0245937828887753,0.4387592157054322,0.1171749631301277,0.873832765365257,-0.1257889683955378,-0.1146164995537718
2958,28,0.4751028734434319,0.1872926431692739,0.8164360878076169,-0.1583632120976689,0.5298681966259837,0.0885707858042683,0.079982064283428
2963,23,-0.1984591065982167,-0.237177783138324,0.1787788527656102,-0.3993344770210709,0.2403032382720209,-0.258899729497249,-0.2645543745986164
2964,23,0.5391138242771342,0.5486450497098165,0.648865143897892,,0.5712769665078901,0.2636819502698073,0.2651897586231832
2965,32,0.6203582809641536,0.6472112759569469,0.5113673832043564,0.4733016217099529,0.8962587705516961,0.6720643152715797,0.6642767677080263
2969,21,0.846783937837343,0.7305075031824209,0.682845594111322,0.7183974354961562,0.2420587867034599,0.7167325537516726,0.7181982031703087
2971,22,0.2631065711426037,0.0693382277170368,0.583697356925772,-0.3155652685433295,0.2751219858810572,-0.2144873836659117,-0.2143261453573061
2972,28,0.203627526155814,0.1379768799073686,0.6267831705280085,-0.0680485042948756,0.7492004597726448,-0.0287752256261698,0.0023133998682599
2974,28,0.3318693735647,-0.4700842547294394,0.7706013509215621,-0.0090298900202698,0.5357589573302974,-0.4623192739751419,-0.4680517600643691
2975,21,0.1498455077743578,-0.0106553686475362,0.5770392749244714,0.0771718637965437,0.4795861029530614,-0.03727179956085,-0.0250078967744937
2978,20,0.6487266845145107,0.571124526886613,0.5415239455713775,0.2381826647548458,0.6647559268878681,0.7680559347880214,0.7691425894612623
2980,23,-0.1718137530999663,-0.1016714493784552,0.2640444507032758,0.0225574382412835,0.669533056262659,-0.1292836907646894,-0.138931711035618
2981,28,0.3853120662493202,0.4748600551613809,0.3688118320874273,-0.0224161500237594,0.7958882529031102,0.5214003313662974,0.5139925697554393
2983,20,-0.1996088205994604,0.4606600346272652,0.1074299454613012,-0.6857635812515677,0.4649267234756852,-0.1361354863364375,-0.149446122413537
2988,28,0.3131748465692721,0.2143012253394325,0.4231995715480943,0.056679712040895,0.7367382075912967,0.1210665676457386,0.1271741390895856
3006,20,-0.0244385281815822,0.243875052287715,0.2689474494405528,-0.0068225686320397,0.872146652658847,-0.114479468237487,-0.1004258731112071
3007,24,0.3172310324381893,0.3059184619103923,0.3301184251191907,-0.0989244331548961,0.6766668359866465,0.2585810751272392,0.2631109321216236
3008,20,0.533455353000545,0.0267676778166278,0.8176245950128921,0.1142497267729491,0.3583447231184439,0.0603864269705144,0.0615107272788502
3014,24,0.0507747572062308,0.0131384237480061,0.3215065966109622,-0.1583748536686881,0.7293420279580101,0.210773744755741,0.2136208440602538
3015,24,0.1353059987711739,0.048124013672727,0.3235294117647057,0.2292425956411438,0.7078454511822291,0.0248514319015797,0.0460495046738875
3018,19,0.447188735671712,0.5058453322690432,0.6349264645975806,,0.6329674416712563,0.4951561896628927,0.5030181182853954
3019,20,0.7984380559482229,0.8971114249735374,0.4108333309116552,0.725418601675249,0.54842611328673,0.9817191976717872,0.9815202398762342
3020,24,0.5188835171974736,0.505457298789543,0.7328831230473103,-0.1108633885548842,0.5220881773701762,0.4461476454940412,0.4603565865049235
3021,24,0.159113748249859,0.2509882677969344,0.2701936496199177,-0.1070160673097515,0.8466922745790972,0.151735154096867,0.1504762866596088
3022,24,0.7368030177630873,0.5111558515791433,0.6233230952602934,-0.1722547031650882,0.3140396849979777,0.7982953279570119,0.7998937101542003
3023,24,0.187515305727531,0.5195242250994903,0.1908868754301608,0.4051360717663876,0.4908934178216962,0.2855810564775345,0.2775745007861839
3025,24,0.4196160049207572,0.3269863904528424,0.4687508325355426,0.1202487379840276,0.7522940575062238,0.3662827449856095,0.3534554281132376
3028,24,0.5314726785313993,0.4145815949852958,0.7812782658203261,-0.1458688064443708,0.5283999057484178,0.533126843407315,0.5382640909603065
3029,40,0.275326864188399,0.249266179356927,0.3400851952326241,0.4560248223607905,0.9401452909824506,0.2718429387790434,0.2716503737566697
3031,24,0.1566039851430338,0.2821534460817493,0.4445252712411811,-0.7120506035539901,0.5811042214001463,0.5691820105017366,0.5908274684702063
3032,19,0.69936771473614,0.716230327014759,0.3986330141108646,,0.6844885894177768,0.8716395565168897,0.8775349712808376
3033,24,0.2066176311257777,0.2502476551603205,0.2005362208347373,-0.0947941396121275,0.8436503984072784,0.3568535173993174,0.3740638764533331
3034,19,0.4396807599315359,0.4843447093469649,0.0777486514856311,0.3925155129846353,0.3686680647390946,0.7053683729737632,0.7035188399201179
3035,24,0.5677138046442793,0.1909587102881839,0.4087113010944715,0.3238575052180452,0.1969540188216874,0.5135332514741787,0.5201420426180177
3036,24,0.521975770521424,0.456518341277492,0.4001203864623512,0.4134322060909839,0.1733499753910334,0.3186720237646314,0.3241641969412001
3038,24,0.639834624159037,0.6064198524545688,0.3299945798436846,0.2762433944441934,0.772029529490716,0.6538314762702144,0.6513753236781217
3039,28,0.7070352462666559,0.3134133974436782,0.5167359621519215,0.71380193010439,0.3066551574961846,0.797586076345234,0.8037650245462465
3043,20,0.3453502461010445,0.3692256746011099,0.4120706511785632,-0.1993984068736431,0.1159256308813851,0.2736773447812782,0.2646502192346894
3058,24,0.0511253996279372,0.1158303870836092,-0.0851773159898553,-0.0583586944609463,0.7993499992169164,0.1000805291911985,0.1052474356552064
3059,24,0.1136451155749078,-0.0412760248696056,0.5971557939239394,-0.1080729492873471,0.0449794493692949,-0.0410751484238482,-0.0174683177581113
3060,24,0.29011268497096,0.2870162906711793,0.5233804906619632,-0.0667945228973999,0.741367634964916,0.2238172569359253,0.2464127806468632
3062,24,0.0321817195673141,0.0803618999396145,0.6395764533357118,0.0754234571946477,0.7353036316949223,-0.0605114592885871,-0.0474141724873565
3063,24,-0.0587721083918593,-0.0019746734158895,0.1835837025889295,0.4043062057811223,0.7942747353515588,-0.052154355447431,-0.047174721030682
3064,24,0.0689749693560697,0.162704911909808,0.2496150883013531,0.3021733885622545,0.6116385477302961,0.2119114223495823,0.2177717748229942
3065,24,0.0842841668599036,-0.0688071102471711,-0.0171565879076878,-0.134247936373745,0.1970683472652845,-0.1031711461056443,-0.0905884953592419
3067,24,-0.1202936822238654,-0.0873374277276813,-0.0730595006266008,0.6962580881631998,0.6046357109582091,-0.0480751708323292,-0.045944731088559
3068,24,0.5097713799324344,0.2968580746729911,0.5295460827889704,0.2975856860090053,0.6737878745592515,0.4533709289153099,0.4592923196995971
3069,24,0.4321567705568807,0.3756606036802438,0.3972912500800981,0.1559096752249915,0.8673707523686875,0.2914759778462704,0.2841554309793904
3077,19,0.3513719686506596,0.5184245674417334,-0.1094869019721995,,0.1590279457051256,0.6426418517601424,0.6346459759465697
3079,20,0.7407703664018794,0.6113338456148439,0.7360920668086335,0.464836725628618,0.5079333516051578,0.6110556357340386,0.6241891746708257
3080,19,0.5121183744354857,0.2537936516271021,0.3042956359573106,0.6222252492093268,0.5922068263118654,0.3547624487603479,0.3485661212895627
3081,24,0.8658145374264454,0.7639828983541528,0.7576152650094355,0.481407321988762,0.3088944100868862,0.8642745095126353,0.861760098560181
3083,18,0.502528532607354,-0.4511635573029416,0.771697833145243,,0.3596306930905236,-0.1438604837813894,-0.122370782252833
3091,24,0.3907457286842007,0.2653772891020878,0.8483726748649897,-0.2478975239724879,0.8467126693612447,0.4991047592069935,0.5109962284498485
3092,16,0.468535949904545,0.4848592074531009,0.6669834226857145,,0.7919395421993995,0.4141525916233026,0.4130473821715704
3093,24,0.3778030874058806,0.3621575909811523,0.4821841917212487,-0.1958492878110749,0.5970461926517622,0.489303798154456,0.4854072228278171
3094,24,0.3274938243782317,0.1174075228488926,0.6610816095402758,-0.2665395015912119,0.4613369740023435,-0.106726522461845,-0.0900591689491991
3095,24,0.4523326568770281,0.3264481662270507,0.2759481112120346,0.2613233871699943,0.7470062334600952,0.1427535371273741,0.1569356785337252
3096,19,0.3652263489254342,0.2017748462309805,0.7994661353754675,,0.7171421894282166,0.1001229969215547,0.0980517691137935
3097,24,0.1578155728106309,0.2912983166904952,0.1830058754315771,0.0458999513674769,0.591902465005207,0.5069077624942967,0.5068915544964282
3098,24,0.6012007199942802,0.5466968848270276,0.5938420367549665,0.5471540345439321,0.6309455174974646,0.5117756637915442,0.5149709419289603
3101,24,0.650672191367106,0.3546769565516292,0.7719766302537148,-0.5937703692287715,0.5642480306202411,0.6644010490089258,0.6640448251047497
3107,24,0.5455811997255599,0.4981414487884434,0.7248764418984512,-0.1159073002658349,0.7354163480022747,0.3598063897874139,0.3685034918065729
3109,24,0.4150589026314307,0.3729386149864225,0.0418424692565538,-0.0378546941177584,0.9427461730573472,0.3771691846228394,0.3936803012769673
3110,24,0.4258284238666177,0.4477385971089727,0.5789487092989839,,0.463427260885234,0.5075428159510403,0.511936066413573
3111,19,0.3097378934273448,0.2988291832010817,0.3225911354182048,-0.1340447794407692,0.1645083125236965,0.5295388489005354,0.5172700080393793
3112,24,0.3364499899112592,0.3504008520138217,0.1023315439037561,,0.3546459572063082,0.7006143783310486,0.7107800116980393
3113,24,0.5005528555700082,0.3858269696860938,0.5817758308338598,0.100403483745298,0.2722528531942582,0.4065727125603436,0.4248229260906151
3114,18,0.5025468495130713,0.6256237570615439,0.532571041578301,0.6524337630825477,-0.2277197814219326,0.689908099851046,0.6775113721092256
3115,20,0.2459193933235287,0.4465347031075024,-0.0559933651793161,-0.4166883636246712,0.375571865070692,0.3823294412720577,0.37175627466057
3117,19,-0.0296528819234849,-0.1713405802401103,0.4622737471114337,-0.1587938797335884,0.5194396438784663,-0.0675431446826916,-0.0636722797762165
3118,24,0.1061719582474359,0.0683030378526447,0.4748791468169903,-0.1874861112614394,0.7117408738205565,0.0467821818978032,0.0476299021262216
3119,17,0.3592869057862097,0.4813147810575128,0.6119164098122649,-0.2548870890945071,-0.0598770617227411,0.2720590529632852,0.2693062783456083
3120,24,0.3365151038126839,0.2294938722648724,0.4291324159467712,-0.0584287109750589,-0.2350364203357836,0.2632748785591778,0.2655691438789689
3122,24,0.7009667550563193,0.6717324423297433,0.0852272727272727,0.7152341151171002,0.8546669505612503,0.8224167319209204,0.8209862797999373
3123,24,0.2863418326620948,0.101290233067017,0.3106694305639415,0.693430677808991,0.9001566608427761,0.1438346076093384,0.1574339504750155
3124,28,0.4467598935848501,0.2351056799574545,0.5138344394455913,0.6735464893927495,0.7232114473897696,0.1453503811284497,0.1701572707050139
3125,24,0.174219541638689,-0.1621939816958038,0.4692331388149086,,0.3067932559345319,0.2582585595339306,0.275825078634561
3126,24,0.3461178988493448,0.2450361743240537,0.1481481481481482,,0.5617276949756301,0.2508093618085847,0.2644675340466262
3128,24,0.1394441561561817,0.0627492286179573,0.3320293542011199,-0.276219441009305,0.1655931411190808,0.0288903335458948,0.0432146887792327
3135,24,0.7417647951866521,0.738177992550764,0.6250662524931914,0.5669802918322384,0.2619103507448466,0.7767499398384636,0.7779200098268265
3137,24,0.2381988600802345,0.3990470270396749,0.2880685334952808,-0.1748065176849576,0.7116962369382762,0.1834418865233867,0.1771406452455916
3140,17,0.5824545188693688,0.520607950471318,0.4412482711640919,0.3914709658019921,0.1818883635005658,0.745913497348556,0.7447606114184936
3143,24,0.7182636900493758,0.3994493855828943,0.4367876030043078,0.8951260788409438,0.794019946559913,0.4654381792557642,0.481805232609224
3145,19,0.395173809265154,0.4030333497708329,0.6930369309187357,,0.0334468243820558,0.4826612228951734,0.4893699587453948
3146,24,0.7094792561766047,0.5448430403391746,0.5660681514514541,0.4755421615207166,0.6641419041293114,0.5497157509406219,0.5533006618134273
3148,24,0.5250327752048577,0.2307812427686016,0.5018214996572467,0.8219577932047206,0.5411504976141159,0.3925255229398672,0.4100252820030641
3151,24,0.5386380083981062,0.6273345201092962,0.53054922465721,,-0.1083301414202477,0.4711595178341958,0.4722366453706439
3152,24,0.6677607210253601,0.6645098469147003,0.4513598627766159,0.8006722054353478,0.6089609506609026,0.8191249057007142,0.8213313069097742
3153,17,0.0911680457839183,0.0117803259193057,0.0320805162010457,,-0.202762608243893,0.2114415429183251,0.2029763666338404
3154,24,0.5893086321963205,0.3045381318060189,0.3451768709901023,0.2713942142650454,0.213365413287252,0.5272410950269023,0.5377282437169573
3155,24,0.3909803288668303,0.311765688923581,0.5772189030930226,0.2306047056095653,0.667302839354332,0.2204007193547495,0.2355771212510026
3156,24,-0.0348946963336194,0.0775554320386627,0.0424698427000684,-0.0298245772380333,0.8146801429235504,0.0788310614980419,0.0837359236996954
3162,24,0.0834884676088332,-0.0318628935261925,0.2247191011235954,-0.1710394845123629,0.8412839186806241,-0.1314290607650983,-0.1243732243360795
3163,24,0.2747595185367042,0.1777926884859326,0.2210426598695041,-0.1697020007831925,0.686203713237151,0.0922199622377273,0.1093916843250093
3170,20,0.2090051178380021,0.2952956991375953,0.2873218690896916,0.7319532613579501,0.3935935285222992,0.1742865744240738,0.1727359325794777
3172,15,0.2882922094828321,0.5981888172888866,0.6440611887195306,,0.2672582625911505,0.5843178878734374,0.5986086016761505
3175,20,0.1601023076725566,0.0906357740904848,0.3145764348029479,-0.0634193291845862,0.5270993608555886,0.0906850673961343,0.0964157724589572
3176,15,-0.1330007423691646,-0.2785851078529406,-0.0153392997769474,-0.1645498260072369,0.5591528572138893,-0.1197646199060952,-0.0972631720672656
3177,16,0.3731689201901999,0.4484240647022723,0.5912059341056541,,0.4923813603999509,0.7144113552893862,0.7057502815404035
3178,20,0.4013978962245354,0.4366739533636736,0.8199847514419225,-0.068079456989418,0.172559675862565,0.3550355050151975,0.3495573593888653
3179,20,0.461253570291207,0.4933872952069623,0.7001801865077172,0.7324251330260294,0.3130194145499171,0.5398952944073351,0.545531737462305
3182,20,0.5353855439786426,0.5071936974832516,0.7924530291985377,,0.6668477953923212,0.4744248325478481,0.4696456769141789
3183,20,-0.1066943295970769,-0.1202789328676648,0.1760780667742937,,0.7758748838149756,-0.1981550314810747,-0.1966472816398236
3185,20,0.6465485351559266,0.5559688338332561,0.461340206185567,0.3005025678210906,0.8834616717861862,0.5679942829243748,0.5723335789205728
3187,24,0.2307165554437922,0.2034929628453871,0.6104794715509976,0.2600199778291313,0.6557358430425325,0.1391521894068568,0.1610438961902053
3189,15,0.4939307334963494,0.2783098005625458,0.4814814814814812,,-0.0339014493546358,0.4661593832144809,0.4700031783681561
3190,20,0.3051951831535793,0.1225010713951347,0.6049861781475736,,0.8922738177427704,0.0822132185893181,0.0879888842359083
3192,20,0.4330935265390788,0.5334057281152759,0.1522921124500398,0.422814454569366,0.7804806670159927,0.2173119053274173,0.2341233849556573
3193,15,-0.183217674619195,-0.074480033571029,0.3098866597049237,,-0.0297842032706341,-0.1145767292858775,-0.1090041772138951
3194,16,-0.1716616949951333,-0.3579121763871238,0.4266435246325719,,0.2289021851270831,-0.2666753098001471,-0.2443696982473401
3195,20,0.319937048134365,0.3433940177974243,0.5415298451338869,-0.1163675525117524,0.7370231997131059,0.2441350485598819,0.2571589033177056
3197,20,0.1114332268910282,0.2775521362900773,0.3664666963124655,0.1161568607137317,0.8480492299242897,0.0021063967407356,0.0437972975653294
3198,20,0.3943484802121513,0.0352583783476691,0.4056070904344547,,-0.0006470176213873,-0.0747054002108051,-0.0824003841417008
3199,20,0.8036326317656926,0.7509424000684924,0.6922678546694884,,0.8257243015399364,0.654803867619123,0.6593019177043422
3200,20,0.2482644655438483,-0.0193417793827389,0.3657906736118465,-0.2630059089666424,0.7283552772280174,-0.1124963018212172,-0.108771459984867
3201,20,0.5118142735020113,0.1891915112275032,0.2771326538627135,,0.6308332627817808,0.3188334883191646,0.3724841562922283
3203,20,0.069996610983053,0.0335068383490676,0.0997723844361738,0.2494223537222929,0.0196356456338014,-0.0179747397889346,-0.0260087677531327
3204,15,0.424906879911984,0.0637403927474173,0.3908069211736993,,0.3114265123944874,0.4370363442080794,0.444778147336144
3210,20,0.7399771699801637,0.6361463021107262,0.8498309397127972,,0.5226423901095502,0.8543795357934404,0.8617090636132145
3212,20,0.346301565280682,0.3673140683647657,0.3244692050141079,-0.1900675153262401,0.7652730208103539,0.5437149562866557,0.5546721402752913
3213,15,0.0085525127120307,0.4229053932161494,-0.2706500673049035,0.1667242602953649,0.8375426024872153,0.2289977389887146,0.1952357497906812
3214,15,0.2064517461530358,-0.0312988602838971,0.6414448782970528,,0.288956983587556,0.2231087448847861,0.251223582050378
3215,20,0.5192747491709645,0.650973098190438,0.245519208321859,0.160494773600669,0.5345175534990709,0.5249144674344881,0.5356727817091801
3216,20,0.7526535022792199,0.7960173305156838,0.2240001257544918,-0.0642464800849192,0.5280884983232482,0.6543315197080177,0.640813010591888
3217,23,0.7110299182964422,0.6142833615256292,0.7290287958392087,,0.1903938418526977,0.5773283647590509,0.5891505455751175
3223,15,0.0465308623010144,-0.0259670573848623,0.3333333333333333,,0.5634425547627429,-0.044669525120407,-0.0247923675110704
3224,24,0.312474912097633,0.2070415289226002,0.1032110091743119,,0.8136281720467902,0.2334989137284113,0.2492613978371641
3225,20,0.0111891005775697,-0.1608717505766194,0.4119047619047619,,0.8642537617825182,-0.2443059198749732,-0.2451895179667542
3227,20,0.6184412283903661,0.6468415059925526,0.4701186069202087,,0.2664262242172769,0.4744532769203596,0.4849468063925101
3236,20,0.0971149743890825,-0.0052939503419172,0.5197076355203256,,0.925113509416144,-0.03949617913917,-0.0143668910777183
3242,20,0.6138041486876887,0.6925341943836907,0.5569579929243798,,0.3887913755360072,0.7820267879918297,0.7843063133138098
3246,20,0.2572190423597039,0.274743939548276,0.4485072378372848,0.0756284802215699,0.5199505510735672,0.2557314609905891,0.2550054358109805
3247,20,0.2188055511692827,0.1222582846462456,0.5118197276397469,-0.1475615543162037,0.7661506140105973,0.1453398635699501,0.1689751271362002
3248,20,0.192077080097364,0.1824013788236606,0.5136088023512735,,0.8230840862598369,0.0878680748618637,0.102850114417841
3249,20,0.2494113541215545,0.198451837813859,0.248982746775937,0.0406824266030566,0.8182566479689943,0.1060325300536639,0.114157787520934
3250,20,0.4954981255795386,0.4729608419176909,0.1304687878679075,0.0264980203410865,0.354138951925973,0.6392625805651745,0.6418391514435684
3251,16,0.3827582370817736,0.6313436775317292,0.7479622593371906,,0.5159318947890519,0.4403559499081581,0.4634620583557144
3252,20,0.3589449174981224,0.1968978177555846,0.3115942028985507,-0.2543224969920292,0.0442679606274987,0.1836352540002991,0.1891769906898845
3254,20,0.613898462244798,0.5580132555379538,0.5381944444444446,,0.3892306917640335,0.3945584903330226,0.4172280474971696
3260,20,0.0353539235535489,-0.1181896549225895,0.1194344237323305,,0.7043725586760381,-0.0608179805448452,-0.0456746182457815
3263,20,0.5338184846769042,0.5518737971030734,0.4657456538546625,,0.3342440098994594,0.8003860954857505,0.8052324639195936
3264,20,0.8505062095119821,0.5476420871057132,0.5480384468414896,,0.509136616737775,0.6798270871607958,0.6872962583709724
3265,20,0.3118093467705997,0.2384430821613957,0.6637834024750124,,0.9273674061532052,0.544384056511692,0.5517957224950858
3266,20,0.6658455371420349,0.7693304423434862,0.3286049614008848,,0.8050715177219825,0.8982831663084856,0.8919373757568554
3267,23,0.6810413549691917,0.6299147706948062,0.3488372093023255,,0.3335635277911264,0.7276466296013199,0.7258453306685875
3271,20,0.2081098160024236,0.8162094790141654,-0.146551724137931,,0.8582814685165665,0.9568800157513208,0.9549659228215336
3272,20,0.6016949630582746,0.5619061930110317,0.6539539564371126,,0.4005844293894355,0.4221606156245923,0.4385300221500681
3273,20,-0.0190018521675312,-0.1380515518295207,0.4396828709626474,,0.8425465470795306,-0.0412839254185047,-0.0379084149298295
3274,20,0.5118141471057823,0.5346450569072813,0.452409351100497,,0.7621014671451606,0.2852541122700251,0.2925866452149059
3281,20,0.3568516628438651,0.4504992655018079,0.0607279853013236,,0.300770150604953,0.4807460490678174,0.4766375910265434
3290,20,0.2508181967209272,0.303229375268375,0.3197152334167079,,0.6270678791610298,0.1933763793067994,0.201718288314723
3293,20,0.0972519162597605,0.0239677914730581,0.3626990512656128,,0.4853841770284144,-0.0124746635760983,-0.0310568871663621
3294,20,0.1070789485847314,0.0648141096282333,0.2803231184560186,,0.765890966916588,-0.0809644682809158,-0.0714769699021622
3297,20,0.6981213791259632,0.5229331532747272,0.5528920566239507,,0.8847463289943819,0.7122789037413073,0.7041808594874954
3300,24,0.2684019239714073,0.0549307992366105,0.5687499999999999,,0.0221259954713683,0.1263324983121507,0.1333259053060024
3315,20,0.2971782110267738,0.2475482422509423,0.2861819035160712,,-0.1775184223800891,0.4510438042967546,0.4510921726214045
3325,12,0.6771723355478919,0.7509274056818432,0.7733068422186777,,0.5198695529146479,0.7359686655048641,0.7313490985954539
3329,16,0.5699168577466993,0.4806449803824059,0.8022082869138288,,0.7197125299139504,0.5249707098221619,0.5287289390188946
3330,9,0.4912173683593838,0.4366968155814248,0.2976702788937935,,-0.371992979970324,0.4664119811049585,0.4682753243286495
3331,16,-0.1743877686491421,-0.2281310408682659,0.1241408832903552,,0.3363976099046618,-0.1704587816213087,-0.1691944538466573
3332,16,0.1927114660087838,0.6025004324907415,-0.1230531339652266,,0.5657848503133115,0.5577100969205261,0.5673862409138788
3333,16,0.5759047929215017,0.5281495416184816,0.2857142857142857,,0.4494657459041322,0.7280713677550659,0.7285443192268722
3334,16,0.7100102003969302,0.7823069607206495,0.4765266098447283,,0.2679482569411689,0.9279186141178828,0.9300367202512226
3337,16,0.4309017430350855,0.0969654389739012,0.7118477784717492,,0.6908735952481364,0.3264566529946499,0.3465218335323077
3338,16,0.4477791840753881,0.2992832653116077,0.7490034629881529,,0.4262915035815726,0.376564657078409,0.3797213576273096
3351,16,0.2113034077156673,0.0651232672975493,0.4135582249277669,,0.8054728819900268,0.1087343389597959,0.1069786359351201
3352,16,0.0402958664774663,-0.076560598227763,0.3313853133554122,,0.1094642452122074,0.4009771890414682,0.4067770719667026
3366,16,0.1709529647668622,0.2051631385536845,0.129492442570703,,0.8494385091732622,0.2549005120532101,0.2730982117930847
3367,16,0.2788149237717687,0.0766119470802299,0.4569538468837065,,0.6505061686762946,-0.0417867722325604,-0.0301652992676996
3368,16,0.5597532129740433,0.2493464355108211,0.5219667600350932,,0.8537422005846355,0.2205753135165908,0.229913599241533
3376,16,0.3049670618523503,0.2375500612257457,0.6813851438692469,,0.5807888003016028,0.2714142608327243,0.2664182641774681
3389,16,-0.0078258771959542,-0.1008530320212726,0.5550847457627118,,0.7723517031119356,-0.1204873715002552,-0.112931286489174
3392,17,0.3576859562215029,0.4225299049698153,0.18630819574472,,0.7420331908023685,0.4176257918930544,0.3981510252949657
3393,16,0.4112766468922988,0.4236761672826311,0.8365911741267229,,0.59754957336748,0.2879372649108664,0.299292735778706
3394,16,0.2427844467214493,-0.2219179543445083,0.7253093268612381,,0.629303878520057,-0.1112087612987702,-0.1145270447154238
3395,16,0.2593386409658472,0.0035278276708287,0.582815505150196,,0.6991684387686982,-0.0218362500518493,0.0345245864469353
3396,20,0.5991248893994613,0.5305538959738665,0.5689160877769452,,0.5122995795235372,0.5345666680284309,0.5260113221125563
3397,16,0.7036432973179719,0.6828227827815054,0.4646487116940771,,0.4614869206298022,0.7550539501036895,0.7541615329387681
3398,16,0.181068378956691,-0.2394451679316599,0.5843418687552857,,0.3013262086384998,-0.2562085095512035,-0.236087334065451
3399,15,0.1396210134875561,0.0122446665470706,0.1444444444444444,,0.6200296695091108,0.3129666680188123,0.3025801223108558
3417,16,0.249216895435881,0.0391719004297269,-0.0411833112911158,,0.3019139990475619,0.0201550703657595,0.0281978338963829
3418,16,-0.2214960216324927,0.2286524873281067,0.4788732394366198,,0.6075657845388996,-0.1796556266285482,-0.1872772191404823
3428,16,0.7073833382942679,0.3758261962586187,0.8185214535226255,,0.8519664179783538,0.2932138494814252,0.3118766673877022
3430,16,0.4838826034139248,0.4279682694226076,0.8222366642004508,,0.1067500480670762,0.2248685531762984,0.2142193307747678
3432,16,0.4098851380938446,0.7854172463545711,0.4550332017819431,,-0.1143958751659224,0.6188628680696217,0.6187833673857034
3440,16,0.5409194862349681,0.3482506217398936,0.261645595892418,,0.757002722147269,0.1917584692566083,0.2043549396470306
3462,12,0.5025253944180563,0.6491455223212157,0.4183300132670378,,0.6430983607495889,0.6458819965246295,0.6442501970094338
3463,12,0.3859026707682159,0.3348957364663544,0.4085365853658537,,0.7672472176585029,0.1026336347212145,0.1150024210671777
3464,8,0.2652089739141315,0.0740795949089779,0.8064516129032258,,0.9551516162086856,-0.2660372491264123,-0.229935745244518
3465,12,0.125116887262696,0.0679011439697547,0.4599331055038999,,0.5052173880593722,0.0539477507935849,0.0552660006828761
3466,12,0.1483544377004066,0.0065627181315791,0.3174906374651838,,0.5459258904675066,0.0566622303722353,0.0813668876188114
3467,12,0.3005057319783587,0.2766756793468848,0.1191510937468998,,0.0549198621026651,0.5556534015708869,0.616935235928716
3478,12,0.3562534342262818,0.1477184986752137,0.4450629862086599,,0.5057299374367158,0.1319722390555977,0.1428718529522461
3488,10,-0.1278193197770874,0.0588988208412576,0.357142857142857,,0.7817431843569889,0.3075180784120611,0.33473821307551
3494,11,0.8249077241811441,0.6048016284479102,0.5243788202755696,,0.4927964314198836,0.7848920681297357,0.7884613334431727
