method,kind,protocol,calibration_split,split,entity_name,pvalue_col,n_rows,fpr,year,rho,delta,entity_type,n_finite,auc,detection_rate,complete_c_rows,min_complete_rows,status
anoshift,fpr,global_c_near_far,global_c,near,z_plus,p_z_plus,629.0,0.0524642289348171,,,,,,,,,,
anoshift,fpr,global_c_near_far,global_c,near,z_plus_renorm,p_z_plus_renorm,623.0,0.081081081081081,,,,,,,,,,
anoshift,fpr,global_c_near_far,global_c,near,breadth,p_breadth,629.0,0.0111287758346581,,,,,,,,,,
anoshift,fpr,global_c_near_far,global_c,near,z_mahalanobis_sq,p_z_mahalanobis_sq,437.0,0.0365659777424483,,,,,,,,,,
anoshift,fpr,global_c_near_far,global_c,near,t_iut,p_t_iut,629.0,0.0365659777424483,,,,,,,,,,
anoshift,fpr,global_c_near_far,global_c,near,z_plus_softmax,p_z_plus_softmax,623.0,0.0747217806041335,,,,,,,,,,
anoshift,fpr,global_c_near_far,global_c,near,z_plus_orth,p_z_plus_orth,623.0,0.068362480127186,,,,,,,,,,
anoshift,fpr,global_c_near_far,global_c,far,z_plus,p_z_plus,2512.0,0.0521496815286624,,,,,,,,,,
anoshift,fpr,global_c_near_far,global_c,far,z_plus_renorm,p_z_plus_renorm,2482.0,0.0625,,,,,,,,,,
anoshift,fpr,global_c_near_far,global_c,far,breadth,p_breadth,2512.0,0.0087579617834394,,,,,,,,,,
anoshift,fpr,global_c_near_far,global_c,far,z_mahalanobis_sq,p_z_mahalanobis_sq,1898.0,0.0342356687898089,,,,,,,,,,
anoshift,fpr,global_c_near_far,global_c,far,t_iut,p_t_iut,2512.0,0.0433917197452229,,,,,,,,,,
anoshift,fpr,global_c_near_far,global_c,far,z_plus_softmax,p_z_plus_softmax,2482.0,0.0804140127388535,,,,,,,,,,
anoshift,fpr,global_c_near_far,global_c,far,z_plus_orth,p_z_plus_orth,2482.0,0.0752388535031847,,,,,,,,,,
anoshift_yearly,annual_fpr,global_c_near_far,global_c,,z_mahalanobis_sq,p_z_mahalanobis_sq,214.0,0.0303030303030303,2016.0,,,,,,,,,
anoshift_yearly,annual_fpr,global_c_near_far,global_c,,z_mahalanobis_sq,p_z_mahalanobis_sq,223.0,0.0421686746987951,2017.0,,,,,,,,,
anoshift_yearly,annual_fpr,global_c_near_far,global_c,,z_mahalanobis_sq,p_z_mahalanobis_sq,250.0,0.0339943342776204,2018.0,,,,,,,,,
anoshift_yearly,annual_fpr,global_c_near_far,global_c,,z_mahalanobis_sq,p_z_mahalanobis_sq,256.0,0.0218579234972677,2019.0,,,,,,,,,
anoshift_yearly,annual_fpr,global_c_near_far,global_c,,z_mahalanobis_sq,p_z_mahalanobis_sq,279.0,0.0381679389312977,2020.0,,,,,,,,,
anoshift_yearly,annual_fpr,global_c_near_far,global_c,,z_mahalanobis_sq,p_z_mahalanobis_sq,331.0,0.0420353982300885,2021.0,,,,,,,,,
anoshift_yearly,annual_fpr,global_c_near_far,global_c,,z_mahalanobis_sq,p_z_mahalanobis_sq,388.0,0.0285171102661596,2022.0,,,,,,,,,
anoshift_yearly,annual_fpr,global_c_near_far,global_c,,z_mahalanobis_sq,p_z_mahalanobis_sq,437.0,0.0341726618705036,2023.0,,,,,,,,,
anoshift_yearly,annual_fpr,global_c_near_far,global_c,,z_mahalanobis_sq,p_z_mahalanobis_sq,461.0,0.0308747855917667,2024.0,,,,,,,,,
anoshift_yearly,annual_fpr,global_c_near_far,global_c,,z_mahalanobis_sq,p_z_mahalanobis_sq,2.0,0.0,2025.0,,,,,,,,,
anoshift_correlated_gaussian,power,global_c_near_far,global_c,near,z_plus,p_z_plus,,0.0323325635103926,,0.01,0.05,composite,437.0,0.6801385681293303,0.0,,,
anoshift_correlated_gaussian,power,global_c_near_far,global_c,near,z_plus_renorm,p_z_plus_renorm,,0.0395348837209302,,0.01,0.05,composite,434.0,0.7412790697674418,0.0,,,
anoshift_correlated_gaussian,power,global_c_near_far,global_c,near,breadth,p_breadth,,0.0161662817551963,,0.01,0.05,composite,437.0,0.5427251732101617,0.0,,,
anoshift_correlated_gaussian,power,global_c_near_far,global_c,near,z_mahalanobis_sq,p_z_mahalanobis_sq,,0.0531177829099307,,0.01,0.05,composite,437.0,0.8394919168591224,0.0,,,
anoshift_correlated_gaussian,power,global_c_near_far,global_c,near,t_iut,p_t_iut,,0.0323325635103926,,0.01,0.05,composite,437.0,0.3897228637413394,0.0,,,
anoshift_correlated_gaussian,power,global_c_near_far,global_c,near,z_plus_softmax,p_z_plus_softmax,,0.055813953488372,,0.01,0.05,composite,434.0,0.7069767441860465,0.0,,,
anoshift_correlated_gaussian,power,global_c_near_far,global_c,near,z_plus_orth,p_z_plus_orth,,0.0511627906976744,,0.01,0.05,composite,434.0,0.6970930232558139,0.0,,,
anoshift_correlated_gaussian,power,global_c_near_far,global_c,near,z_plus,p_z_plus,,0.0323325635103926,,0.01,0.1,composite,437.0,0.3227482678983833,0.0,,,
anoshift_correlated_gaussian,power,global_c_near_far,global_c,near,z_plus_renorm,p_z_plus_renorm,,0.0395348837209302,,0.01,0.1,composite,434.0,0.3808139534883721,0.0,,,
anoshift_correlated_gaussian,power,global_c_near_far,global_c,near,breadth,p_breadth,,0.0161662817551963,,0.01,0.1,composite,437.0,0.2915704387990762,0.0,,,
anoshift_correlated_gaussian,power,global_c_near_far,global_c,near,z_mahalanobis_sq,p_z_mahalanobis_sq,,0.0531177829099307,,0.01,0.1,composite,437.0,0.2563510392609699,0.0,,,
anoshift_correlated_gaussian,power,global_c_near_far,global_c,near,t_iut,p_t_iut,,0.0323325635103926,,0.01,0.1,composite,437.0,0.716512702078522,0.0,,,
anoshift_correlated_gaussian,power,global_c_near_far,global_c,near,z_plus_softmax,p_z_plus_softmax,,0.055813953488372,,0.01,0.1,composite,434.0,0.3575581395348837,0.0,,,
anoshift_correlated_gaussian,power,global_c_near_far,global_c,near,z_plus_orth,p_z_plus_orth,,0.0511627906976744,,0.01,0.1,composite,434.0,0.3686046511627907,0.0,,,
anoshift_correlated_gaussian,power,global_c_near_far,global_c,near,z_plus,p_z_plus,,0.0323325635103926,,0.01,0.15,composite,437.0,0.4162817551963049,0.0,,,
anoshift_correlated_gaussian,power,global_c_near_far,global_c,near,z_plus_renorm,p_z_plus_renorm,,0.0395348837209302,,0.01,0.15,composite,434.0,0.4901162790697674,0.0,,,
anoshift_correlated_gaussian,power,global_c_near_far,global_c,near,breadth,p_breadth,,0.0161662817551963,,0.01,0.15,composite,437.0,0.3464203233256351,0.0,,,
anoshift_correlated_gaussian,power,global_c_near_far,global_c,near,z_mahalanobis_sq,p_z_mahalanobis_sq,,0.0531177829099307,,0.01,0.15,composite,437.0,0.6062355658198615,0.0,,,
anoshift_correlated_gaussian,power,global_c_near_far,global_c,near,t_iut,p_t_iut,,0.0323325635103926,,0.01,0.15,composite,437.0,0.3412240184757505,0.0,,,
anoshift_correlated_gaussian,power,global_c_near_far,global_c,near,z_plus_softmax,p_z_plus_softmax,,0.055813953488372,,0.01,0.15,composite,434.0,0.5127906976744186,0.0,,,
anoshift_correlated_gaussian,power,global_c_near_far,global_c,near,z_plus_orth,p_z_plus_orth,,0.0511627906976744,,0.01,0.15,composite,434.0,0.5122093023255814,0.0,,,
anoshift_correlated_gaussian,power,global_c_near_far,global_c,near,z_plus,p_z_plus,,0.0323325635103926,,0.01,0.2,composite,437.0,0.523094688221709,0.0,,,
anoshift_correlated_gaussian,power,global_c_near_far,global_c,near,z_plus_renorm,p_z_plus_renorm,,0.0395348837209302,,0.01,0.2,composite,434.0,0.5220930232558139,0.0,,,
anoshift_correlated_gaussian,power,global_c_near_far,global_c,near,breadth,p_breadth,,0.0161662817551963,,0.01,0.2,composite,437.0,0.555715935334873,0.0,,,
anoshift_correlated_gaussian,power,global_c_near_far,global_c,near,z_mahalanobis_sq,p_z_mahalanobis_sq,,0.0531177829099307,,0.01,0.2,composite,437.0,0.2072748267898383,0.0,,,
anoshift_correlated_gaussian,power,global_c_near_far,global_c,near,t_iut,p_t_iut,,0.0323325635103926,,0.01,0.2,composite,437.0,0.6968822170900693,0.0,,,
anoshift_correlated_gaussian,power,global_c_near_far,global_c,near,z_plus_softmax,p_z_plus_softmax,,0.055813953488372,,0.01,0.2,composite,434.0,0.536046511627907,0.0,,,
anoshift_correlated_gaussian,power,global_c_near_far,global_c,near,z_plus_orth,p_z_plus_orth,,0.0511627906976744,,0.01,0.2,composite,434.0,0.5441860465116279,0.0,,,
anoshift_correlated_gaussian,power,global_c_near_far,global_c,near,z_plus,p_z_plus,,0.0323325635103926,,0.01,0.3,composite,437.0,0.4209006928406467,0.0,,,
anoshift_correlated_gaussian,power,global_c_near_far,global_c,near,z_plus_renorm,p_z_plus_renorm,,0.0395348837209302,,0.01,0.3,composite,434.0,0.4406976744186046,0.0,,,
anoshift_correlated_gaussian,power,global_c_near_far,global_c,near,breadth,p_breadth,,0.0161662817551963,,0.01,0.3,composite,437.0,0.4191685912240185,0.0,,,
anoshift_correlated_gaussian,power,global_c_near_far,global_c,near,z_mahalanobis_sq,p_z_mahalanobis_sq,,0.0531177829099307,,0.01,0.3,composite,437.0,0.3903002309468822,0.0,,,
anoshift_correlated_gaussian,power,global_c_near_far,global_c,near,t_iut,p_t_iut,,0.0323325635103926,,0.01,0.3,composite,437.0,0.5,0.0,,,
anoshift_correlated_gaussian,power,global_c_near_far,global_c,near,z_plus_softmax,p_z_plus_softmax,,0.055813953488372,,0.01,0.3,composite,434.0,0.4104651162790698,0.0,,,
anoshift_correlated_gaussian,power,global_c_near_far,global_c,near,z_plus_orth,p_z_plus_orth,,0.0511627906976744,,0.01,0.3,composite,434.0,0.4174418604651163,0.0,,,
anoshift_correlated_gaussian,power,global_c_near_far,global_c,near,z_plus,p_z_plus,,0.0337349397590361,,0.05,0.05,composite,437.0,0.4944140197152245,0.0,,,
anoshift_correlated_gaussian,power,global_c_near_far,global_c,near,z_plus_renorm,p_z_plus_renorm,,0.0412621359223301,,0.05,0.05,composite,434.0,0.5005516328331863,0.0,,,
anoshift_correlated_gaussian,power,global_c_near_far,global_c,near,breadth,p_breadth,,0.016867469879518,,0.05,0.05,composite,437.0,0.4929901423877327,0.0,,,
anoshift_correlated_gaussian,power,global_c_near_far,global_c,near,z_mahalanobis_sq,p_z_mahalanobis_sq,,0.0554216867469879,,0.05,0.05,composite,437.0,0.492552026286966,0.0,,,
anoshift_correlated_gaussian,power,global_c_near_far,global_c,near,t_iut,p_t_iut,,0.0337349397590361,,0.05,0.05,composite,437.0,0.4319824753559694,0.0,,,
anoshift_correlated_gaussian,power,global_c_near_far,global_c,near,z_plus_softmax,p_z_plus_softmax,,0.0558252427184466,,0.05,0.05,composite,434.0,0.4586275375110327,0.0,,,
anoshift_correlated_gaussian,power,global_c_near_far,global_c,near,z_plus_orth,p_z_plus_orth,,0.0509708737864077,,0.05,0.05,composite,434.0,0.4600617828773168,0.0,,,
anoshift_correlated_gaussian,power,global_c_near_far,global_c,near,z_plus,p_z_plus,,0.0337349397590361,,0.05,0.1,composite,437.0,0.3065717415115006,0.0,,,
anoshift_correlated_gaussian,power,global_c_near_far,global_c,near,z_plus_renorm,p_z_plus_renorm,,0.0412621359223301,,0.05,0.1,composite,434.0,0.3539276257722859,0.0,,,
anoshift_correlated_gaussian,power,global_c_near_far,global_c,near,breadth,p_breadth,,0.016867469879518,,0.05,0.1,composite,437.0,0.3668127053669222,0.0,,,
anoshift_correlated_gaussian,power,global_c_near_far,global_c,near,z_mahalanobis_sq,p_z_mahalanobis_sq,,0.0554216867469879,,0.05,0.1,composite,437.0,0.4676889375684556,0.0,,,
anoshift_correlated_gaussian,power,global_c_near_far,global_c,near,t_iut,p_t_iut,,0.0337349397590361,,0.05,0.1,composite,437.0,0.3880613362541073,0.0,,,
anoshift_correlated_gaussian,power,global_c_near_far,global_c,near,z_plus_softmax,p_z_plus_softmax,,0.0558252427184466,,0.05,0.1,composite,434.0,0.3513901147396293,0.0454545454545454,,,
anoshift_correlated_gaussian,power,global_c_near_far,global_c,near,z_plus_orth,p_z_plus_orth,,0.0509708737864077,,0.05,0.1,composite,434.0,0.3501765225066196,0.0454545454545454,,,
anoshift_correlated_gaussian,power,global_c_near_far,global_c,near,z_plus,p_z_plus,,0.0313253012048192,,0.05,0.15,composite,437.0,0.5180722891566265,0.0454545454545454,,,
anoshift_correlated_gaussian,power,global_c_near_far,global_c,near,z_plus_renorm,p_z_plus_renorm,,0.0315533980582524,,0.05,0.15,composite,434.0,0.536297440423654,0.0454545454545454,,,
anoshift_correlated_gaussian,power,global_c_near_far,global_c,near,breadth,p_breadth,,0.016867469879518,,0.05,0.15,composite,437.0,0.48986856516977,0.0,,,
anoshift_correlated_gaussian,power,global_c_near_far,global_c,near,z_mahalanobis_sq,p_z_mahalanobis_sq,,0.053012048192771,,0.05,0.15,composite,437.0,0.643592552026287,0.0454545454545454,,,
anoshift_correlated_gaussian,power,global_c_near_far,global_c,near,t_iut,p_t_iut,,0.0337349397590361,,0.05,0.15,composite,437.0,0.4325301204819276,0.0,,,
anoshift_correlated_gaussian,power,global_c_near_far,global_c,near,z_plus_softmax,p_z_plus_softmax,,0.0558252427184466,,0.05,0.15,composite,434.0,0.5057369814651368,0.0909090909090909,,,
anoshift_correlated_gaussian,power,global_c_near_far,global_c,near,z_plus_orth,p_z_plus_orth,,0.0509708737864077,,0.05,0.15,composite,434.0,0.5090467784642543,0.0909090909090909,,,
anoshift_correlated_gaussian,power,global_c_near_far,global_c,near,z_plus,p_z_plus,,0.0313253012048192,,0.05,0.2,composite,437.0,0.5027382256297919,0.0454545454545454,,,
anoshift_correlated_gaussian,power,global_c_near_far,global_c,near,z_plus_renorm,p_z_plus_renorm,,0.0388349514563106,,0.05,0.2,composite,434.0,0.5193071491615181,0.0454545454545454,,,
anoshift_correlated_gaussian,power,global_c_near_far,global_c,near,breadth,p_breadth,,0.016867469879518,,0.05,0.2,composite,437.0,0.5019167579408543,0.0,,,
anoshift_correlated_gaussian,power,global_c_near_far,global_c,near,z_mahalanobis_sq,p_z_mahalanobis_sq,,0.0506024096385542,,0.05,0.2,composite,437.0,0.5372398685651698,0.0909090909090909,,,
anoshift_correlated_gaussian,power,global_c_near_far,global_c,near,t_iut,p_t_iut,,0.0337349397590361,,0.05,0.2,composite,437.0,0.4891566265060241,0.0,,,
anoshift_correlated_gaussian,power,global_c_near_far,global_c,near,z_plus_softmax,p_z_plus_softmax,,0.058252427184466,,0.05,0.2,composite,434.0,0.5281332744924978,0.0454545454545454,,,
anoshift_correlated_gaussian,power,global_c_near_far,global_c,near,z_plus_orth,p_z_plus_orth,,0.0533980582524271,,0.05,0.2,composite,434.0,0.5246028243601059,0.0454545454545454,,,
anoshift_correlated_gaussian,power,global_c_near_far,global_c,near,z_plus,p_z_plus,,0.0289156626506024,,0.05,0.3,composite,437.0,0.4443592552026287,0.0909090909090909,,,
anoshift_correlated_gaussian,power,global_c_near_far,global_c,near,z_plus_renorm,p_z_plus_renorm,,0.0388349514563106,,0.05,0.3,composite,434.0,0.4589585172109444,0.0909090909090909,,,
anoshift_correlated_gaussian,power,global_c_near_far,global_c,near,breadth,p_breadth,,0.016867469879518,,0.05,0.3,composite,437.0,0.4574479737130339,0.0,,,
anoshift_correlated_gaussian,power,global_c_near_far,global_c,near,z_mahalanobis_sq,p_z_mahalanobis_sq,,0.0506024096385542,,0.05,0.3,composite,437.0,0.5204819277108433,0.1363636363636363,,,
anoshift_correlated_gaussian,power,global_c_near_far,global_c,near,t_iut,p_t_iut,,0.0337349397590361,,0.05,0.3,composite,437.0,0.4189485213581599,0.0,,,
anoshift_correlated_gaussian,power,global_c_near_far,global_c,near,z_plus_softmax,p_z_plus_softmax,,0.058252427184466,,0.05,0.3,composite,434.0,0.4346866725507502,0.0454545454545454,,,
anoshift_correlated_gaussian,power,global_c_near_far,global_c,near,z_plus_orth,p_z_plus_orth,,0.0533980582524271,,0.05,0.3,composite,434.0,0.4370035304501323,0.0454545454545454,,,
anoshift_correlated_gaussian,power,global_c_near_far,global_c,near,z_plus,p_z_plus,,0.0305343511450381,,0.1,0.05,composite,437.0,0.5735021975479991,0.0454545454545454,,,
anoshift_correlated_gaussian,power,global_c_near_far,global_c,near,z_plus_renorm,p_z_plus_renorm,,0.0358974358974358,,0.1,0.05,composite,434.0,0.5720862470862471,0.0681818181818181,,,
anoshift_correlated_gaussian,power,global_c_near_far,global_c,near,breadth,p_breadth,,0.015267175572519,,0.1,0.05,composite,437.0,0.5208477908859588,0.0227272727272727,,,
anoshift_correlated_gaussian,power,global_c_near_far,global_c,near,z_mahalanobis_sq,p_z_mahalanobis_sq,,0.0483460559796437,,0.1,0.05,composite,437.0,0.5801526717557252,0.0909090909090909,,,
anoshift_correlated_gaussian,power,global_c_near_far,global_c,near,t_iut,p_t_iut,,0.0305343511450381,,0.1,0.05,composite,437.0,0.4719523479065463,0.0454545454545454,,,
anoshift_correlated_gaussian,power,global_c_near_far,global_c,near,z_plus_softmax,p_z_plus_softmax,,0.0512820512820512,,0.1,0.05,composite,434.0,0.5734265734265734,0.0681818181818181,,,
anoshift_correlated_gaussian,power,global_c_near_far,global_c,near,z_plus_orth,p_z_plus_orth,,0.0461538461538461,,0.1,0.05,composite,434.0,0.5712703962703963,0.0681818181818181,,,
anoshift_correlated_gaussian,power,global_c_near_far,global_c,near,z_plus,p_z_plus,,0.0305343511450381,,0.1,0.1,composite,437.0,0.4744968771686328,0.0681818181818181,,,
anoshift_correlated_gaussian,power,global_c_near_far,global_c,near,z_plus_renorm,p_z_plus_renorm,,0.0383631713554987,,0.1,0.1,composite,434.0,0.4741569023969547,0.0232558139534883,,,
anoshift_correlated_gaussian,power,global_c_near_far,global_c,near,breadth,p_breadth,,0.0178117048346055,,0.1,0.1,composite,437.0,0.5121732593106638,0.0,,,
anoshift_correlated_gaussian,power,global_c_near_far,global_c,near,z_mahalanobis_sq,p_z_mahalanobis_sq,,0.0508905852417302,,0.1,0.1,composite,437.0,0.4624103631737219,0.0681818181818181,,,
anoshift_correlated_gaussian,power,global_c_near_far,global_c,near,t_iut,p_t_iut,,0.0330788804071246,,0.1,0.1,composite,437.0,0.4769257460097154,0.0227272727272727,,,
anoshift_correlated_gaussian,power,global_c_near_far,global_c,near,z_plus_softmax,p_z_plus_softmax,,0.0537084398976982,,0.1,0.1,composite,434.0,0.4833164812942366,0.0697674418604651,,,
anoshift_correlated_gaussian,power,global_c_near_far,global_c,near,z_plus_orth,p_z_plus_orth,,0.0511508951406649,,0.1,0.1,composite,434.0,0.4800452031166359,0.0697674418604651,,,
anoshift_correlated_gaussian,power,global_c_near_far,global_c,near,z_plus,p_z_plus,,0.0356234096692111,,0.1,0.15,composite,437.0,0.4389891279204256,0.0,,,
anoshift_correlated_gaussian,power,global_c_near_far,global_c,near,z_plus_renorm,p_z_plus_renorm,,0.0384615384615384,,0.1,0.15,composite,434.0,0.4352564102564102,0.0227272727272727,,,
anoshift_correlated_gaussian,power,global_c_near_far,global_c,near,breadth,p_breadth,,0.0178117048346055,,0.1,0.15,composite,437.0,0.4838364561647005,0.0,,,
anoshift_correlated_gaussian,power,global_c_near_far,global_c,near,z_mahalanobis_sq,p_z_mahalanobis_sq,,0.0559796437659033,,0.1,0.15,composite,437.0,0.479296784640296,0.0227272727272727,,,
anoshift_correlated_gaussian,power,global_c_near_far,global_c,near,t_iut,p_t_iut,,0.0356234096692111,,0.1,0.15,composite,437.0,0.4572634744390469,0.0,,,
anoshift_correlated_gaussian,power,global_c_near_far,global_c,near,z_plus_softmax,p_z_plus_softmax,,0.0589743589743589,,0.1,0.15,composite,434.0,0.4382867132867133,0.0227272727272727,,,
anoshift_correlated_gaussian,power,global_c_near_far,global_c,near,z_plus_orth,p_z_plus_orth,,0.0538461538461538,,0.1,0.15,composite,434.0,0.4375874125874126,0.0227272727272727,,,
anoshift_correlated_gaussian,power,global_c_near_far,global_c,near,z_plus,p_z_plus,,0.0330788804071246,,0.1,0.2,composite,437.0,0.4744968771686328,0.0454545454545454,,,
anoshift_correlated_gaussian,power,global_c_near_far,global_c,near,z_plus_renorm,p_z_plus_renorm,,0.0435897435897435,,0.1,0.2,composite,434.0,0.4866550116550116,0.0454545454545454,,,
anoshift_correlated_gaussian,power,global_c_near_far,global_c,near,breadth,p_breadth,,0.0178117048346055,,0.1,0.2,composite,437.0,0.448560027758501,0.0227272727272727,,,
anoshift_correlated_gaussian,power,global_c_near_far,global_c,near,z_mahalanobis_sq,p_z_mahalanobis_sq,,0.0559796437659033,,0.1,0.2,composite,437.0,0.5057251908396946,0.0227272727272727,,,
anoshift_correlated_gaussian,power,global_c_near_far,global_c,near,t_iut,p_t_iut,,0.0305343511450381,,0.1,0.2,composite,437.0,0.4956627342123525,0.0454545454545454,,,
anoshift_correlated_gaussian,power,global_c_near_far,global_c,near,z_plus_softmax,p_z_plus_softmax,,0.0538461538461538,,0.1,0.2,composite,434.0,0.4701631701631702,0.0681818181818181,,,
anoshift_correlated_gaussian,power,global_c_near_far,global_c,near,z_plus_orth,p_z_plus_orth,,0.0512820512820512,,0.1,0.2,composite,434.0,0.4699300699300699,0.0681818181818181,,,
anoshift_correlated_gaussian,power,global_c_near_far,global_c,near,z_plus,p_z_plus,,0.0356234096692111,,0.1,0.3,composite,437.0,0.4808582003238492,0.0,,,
anoshift_correlated_gaussian,power,global_c_near_far,global_c,near,z_plus_renorm,p_z_plus_renorm,,0.0434782608695652,,0.1,0.3,composite,434.0,0.4765954915838934,0.0232558139534883,,,
anoshift_correlated_gaussian,power,global_c_near_far,global_c,near,breadth,p_breadth,,0.0127226463104325,,0.1,0.3,composite,437.0,0.479614850798057,0.0454545454545454,,,
anoshift_correlated_gaussian,power,global_c_near_far,global_c,near,z_mahalanobis_sq,p_z_mahalanobis_sq,,0.0559796437659033,,0.1,0.3,composite,437.0,0.5560953041869072,0.0,,,
anoshift_correlated_gaussian,power,global_c_near_far,global_c,near,t_iut,p_t_iut,,0.0279898218829516,,0.1,0.3,composite,437.0,0.4769835762202175,0.0681818181818181,,,
anoshift_correlated_gaussian,power,global_c_near_far,global_c,near,z_plus_softmax,p_z_plus_softmax,,0.0511508951406649,,0.1,0.3,composite,434.0,0.4840302147148039,0.0465116279069767,,,
anoshift_correlated_gaussian,power,global_c_near_far,global_c,near,z_plus_orth,p_z_plus_orth,,0.0460358056265984,,0.1,0.3,composite,434.0,0.4818295366680545,0.0465116279069767,,,
anoshift_threshold_clustering_m1_v2,power,global_c_near_far,global_c,near,z_plus,p_z_plus,,0.0830059277639922,,0.01,0.05,composite,58032.0,,,,,
anoshift_threshold_clustering_m1_v2,power,global_c_near_far,global_c,near,z_plus_renorm,p_z_plus_renorm,,0.0991819861025595,,0.01,0.05,composite,56845.0,,,,,
anoshift_threshold_clustering_m1_v2,power,global_c_near_far,global_c,near,breadth,p_breadth,,0.0061517783291976,,0.01,0.05,composite,58032.0,,,,,
anoshift_threshold_clustering_m1_v2,power,global_c_near_far,global_c,near,z_mahalanobis_sq,p_z_mahalanobis_sq,,0.1745211964708414,,0.01,0.05,composite,32529.0,,,,,
anoshift_threshold_clustering_m1_v2,power,global_c_near_far,global_c,near,t_iut,p_t_iut,,0.0535049627791563,,0.01,0.05,composite,58032.0,,,,,
anoshift_threshold_clustering_m1_v2,power,global_c_near_far,global_c,near,z_plus_softmax,p_z_plus_softmax,,0.1258509983287888,,0.01,0.05,composite,56845.0,,,,,
anoshift_threshold_clustering_m1_v2,power,global_c_near_far,global_c,near,z_plus_orth,p_z_plus_orth,,0.1084352185768317,,0.01,0.05,composite,56845.0,,,,,
anoshift_threshold_clustering_m1_v2,power,global_c_near_far,global_c,near,z_plus,p_z_plus,,0.0830059277639922,,0.01,0.1,composite,58032.0,,,,,
anoshift_threshold_clustering_m1_v2,power,global_c_near_far,global_c,near,z_plus_renorm,p_z_plus_renorm,,0.0991819861025595,,0.01,0.1,composite,56845.0,,,,,
anoshift_threshold_clustering_m1_v2,power,global_c_near_far,global_c,near,breadth,p_breadth,,0.0061517783291976,,0.01,0.1,composite,58032.0,,,,,
anoshift_threshold_clustering_m1_v2,power,global_c_near_far,global_c,near,z_mahalanobis_sq,p_z_mahalanobis_sq,,0.1745211964708414,,0.01,0.1,composite,32529.0,,,,,
anoshift_threshold_clustering_m1_v2,power,global_c_near_far,global_c,near,t_iut,p_t_iut,,0.0535049627791563,,0.01,0.1,composite,58032.0,,,,,
anoshift_threshold_clustering_m1_v2,power,global_c_near_far,global_c,near,z_plus_softmax,p_z_plus_softmax,,0.1258509983287888,,0.01,0.1,composite,56845.0,,,,,
anoshift_threshold_clustering_m1_v2,power,global_c_near_far,global_c,near,z_plus_orth,p_z_plus_orth,,0.1084352185768317,,0.01,0.1,composite,56845.0,,,,,
anoshift_threshold_clustering_m1_v2,power,global_c_near_far,global_c,near,z_plus,p_z_plus,,0.0830059277639922,,0.01,0.15,composite,58032.0,,,,,
anoshift_threshold_clustering_m1_v2,power,global_c_near_far,global_c,near,z_plus_renorm,p_z_plus_renorm,,0.0991819861025595,,0.01,0.15,composite,56845.0,,,,,
anoshift_threshold_clustering_m1_v2,power,global_c_near_far,global_c,near,breadth,p_breadth,,0.0061517783291976,,0.01,0.15,composite,58032.0,,,,,
anoshift_threshold_clustering_m1_v2,power,global_c_near_far,global_c,near,z_mahalanobis_sq,p_z_mahalanobis_sq,,0.1745211964708414,,0.01,0.15,composite,32529.0,,,,,
anoshift_threshold_clustering_m1_v2,power,global_c_near_far,global_c,near,t_iut,p_t_iut,,0.0535049627791563,,0.01,0.15,composite,58032.0,,,,,
anoshift_threshold_clustering_m1_v2,power,global_c_near_far,global_c,near,z_plus_softmax,p_z_plus_softmax,,0.1258509983287888,,0.01,0.15,composite,56845.0,,,,,
anoshift_threshold_clustering_m1_v2,power,global_c_near_far,global_c,near,z_plus_orth,p_z_plus_orth,,0.1084352185768317,,0.01,0.15,composite,56845.0,,,,,
anoshift_threshold_clustering_m1_v2,power,global_c_near_far,global_c,near,z_plus,p_z_plus,,0.0830059277639922,,0.01,0.2,composite,58032.0,,,,,
anoshift_threshold_clustering_m1_v2,power,global_c_near_far,global_c,near,z_plus_renorm,p_z_plus_renorm,,0.0991819861025595,,0.01,0.2,composite,56845.0,,,,,
anoshift_threshold_clustering_m1_v2,power,global_c_near_far,global_c,near,breadth,p_breadth,,0.0061517783291976,,0.01,0.2,composite,58032.0,,,,,
anoshift_threshold_clustering_m1_v2,power,global_c_near_far,global_c,near,z_mahalanobis_sq,p_z_mahalanobis_sq,,0.1745211964708414,,0.01,0.2,composite,32529.0,,,,,
anoshift_threshold_clustering_m1_v2,power,global_c_near_far,global_c,near,t_iut,p_t_iut,,0.0535049627791563,,0.01,0.2,composite,58032.0,,,,,
anoshift_threshold_clustering_m1_v2,power,global_c_near_far,global_c,near,z_plus_softmax,p_z_plus_softmax,,0.1258509983287888,,0.01,0.2,composite,56845.0,,,,,
anoshift_threshold_clustering_m1_v2,power,global_c_near_far,global_c,near,z_plus_orth,p_z_plus_orth,,0.1084352185768317,,0.01,0.2,composite,56845.0,,,,,
anoshift_threshold_clustering_m1_v2,power,global_c_near_far,global_c,near,z_plus,p_z_plus,,0.0830059277639922,,0.01,0.3,composite,58032.0,,,,,
anoshift_threshold_clustering_m1_v2,power,global_c_near_far,global_c,near,z_plus_renorm,p_z_plus_renorm,,0.0991819861025595,,0.01,0.3,composite,56845.0,,,,,
anoshift_threshold_clustering_m1_v2,power,global_c_near_far,global_c,near,breadth,p_breadth,,0.0061517783291976,,0.01,0.3,composite,58032.0,,,,,
anoshift_threshold_clustering_m1_v2,power,global_c_near_far,global_c,near,z_mahalanobis_sq,p_z_mahalanobis_sq,,0.1745211964708414,,0.01,0.3,composite,32529.0,,,,,
anoshift_threshold_clustering_m1_v2,power,global_c_near_far,global_c,near,t_iut,p_t_iut,,0.0535049627791563,,0.01,0.3,composite,58032.0,,,,,
anoshift_threshold_clustering_m1_v2,power,global_c_near_far,global_c,near,z_plus_softmax,p_z_plus_softmax,,0.1258509983287888,,0.01,0.3,composite,56845.0,,,,,
anoshift_threshold_clustering_m1_v2,power,global_c_near_far,global_c,near,z_plus_orth,p_z_plus_orth,,0.1084352185768317,,0.01,0.3,composite,56845.0,,,,,
anoshift_threshold_clustering_m1_v2,power,global_c_near_far,global_c,near,z_plus,p_z_plus,,0.0830059277639922,,0.05,0.05,composite,58032.0,,,,,
anoshift_threshold_clustering_m1_v2,power,global_c_near_far,global_c,near,z_plus_renorm,p_z_plus_renorm,,0.0991819861025595,,0.05,0.05,composite,56845.0,,,,,
anoshift_threshold_clustering_m1_v2,power,global_c_near_far,global_c,near,breadth,p_breadth,,0.0061517783291976,,0.05,0.05,composite,58032.0,,,,,
anoshift_threshold_clustering_m1_v2,power,global_c_near_far,global_c,near,z_mahalanobis_sq,p_z_mahalanobis_sq,,0.1745211964708414,,0.05,0.05,composite,32529.0,,,,,
anoshift_threshold_clustering_m1_v2,power,global_c_near_far,global_c,near,t_iut,p_t_iut,,0.0535049627791563,,0.05,0.05,composite,58032.0,,,,,
anoshift_threshold_clustering_m1_v2,power,global_c_near_far,global_c,near,z_plus_softmax,p_z_plus_softmax,,0.1258509983287888,,0.05,0.05,composite,56845.0,,,,,
anoshift_threshold_clustering_m1_v2,power,global_c_near_far,global_c,near,z_plus_orth,p_z_plus_orth,,0.1084352185768317,,0.05,0.05,composite,56845.0,,,,,
anoshift_threshold_clustering_m1_v2,power,global_c_near_far,global_c,near,z_plus,p_z_plus,,0.0830059277639922,,0.05,0.1,composite,58032.0,,,,,
anoshift_threshold_clustering_m1_v2,power,global_c_near_far,global_c,near,z_plus_renorm,p_z_plus_renorm,,0.0991819861025595,,0.05,0.1,composite,56845.0,,,,,
anoshift_threshold_clustering_m1_v2,power,global_c_near_far,global_c,near,breadth,p_breadth,,0.0061517783291976,,0.05,0.1,composite,58032.0,,,,,
anoshift_threshold_clustering_m1_v2,power,global_c_near_far,global_c,near,z_mahalanobis_sq,p_z_mahalanobis_sq,,0.1745211964708414,,0.05,0.1,composite,32529.0,,,,,
anoshift_threshold_clustering_m1_v2,power,global_c_near_far,global_c,near,t_iut,p_t_iut,,0.0535049627791563,,0.05,0.1,composite,58032.0,,,,,
anoshift_threshold_clustering_m1_v2,power,global_c_near_far,global_c,near,z_plus_softmax,p_z_plus_softmax,,0.1258509983287888,,0.05,0.1,composite,56845.0,,,,,
anoshift_threshold_clustering_m1_v2,power,global_c_near_far,global_c,near,z_plus_orth,p_z_plus_orth,,0.1084352185768317,,0.05,0.1,composite,56845.0,,,,,
anoshift_threshold_clustering_m1_v2,power,global_c_near_far,global_c,near,z_plus,p_z_plus,,0.0830059277639922,,0.05,0.15,composite,58032.0,,,,,
anoshift_threshold_clustering_m1_v2,power,global_c_near_far,global_c,near,z_plus_renorm,p_z_plus_renorm,,0.0991819861025595,,0.05,0.15,composite,56845.0,,,,,
anoshift_threshold_clustering_m1_v2,power,global_c_near_far,global_c,near,breadth,p_breadth,,0.0061517783291976,,0.05,0.15,composite,58032.0,,,,,
anoshift_threshold_clustering_m1_v2,power,global_c_near_far,global_c,near,z_mahalanobis_sq,p_z_mahalanobis_sq,,0.1745211964708414,,0.05,0.15,composite,32529.0,,,,,
anoshift_threshold_clustering_m1_v2,power,global_c_near_far,global_c,near,t_iut,p_t_iut,,0.0535049627791563,,0.05,0.15,composite,58032.0,,,,,
anoshift_threshold_clustering_m1_v2,power,global_c_near_far,global_c,near,z_plus_softmax,p_z_plus_softmax,,0.1258509983287888,,0.05,0.15,composite,56845.0,,,,,
anoshift_threshold_clustering_m1_v2,power,global_c_near_far,global_c,near,z_plus_orth,p_z_plus_orth,,0.1084352185768317,,0.05,0.15,composite,56845.0,,,,,
anoshift_threshold_clustering_m1_v2,power,global_c_near_far,global_c,near,z_plus,p_z_plus,,0.0830059277639922,,0.05,0.2,composite,58032.0,,,,,
anoshift_threshold_clustering_m1_v2,power,global_c_near_far,global_c,near,z_plus_renorm,p_z_plus_renorm,,0.0991819861025595,,0.05,0.2,composite,56845.0,,,,,
anoshift_threshold_clustering_m1_v2,power,global_c_near_far,global_c,near,breadth,p_breadth,,0.0061517783291976,,0.05,0.2,composite,58032.0,,,,,
anoshift_threshold_clustering_m1_v2,power,global_c_near_far,global_c,near,z_mahalanobis_sq,p_z_mahalanobis_sq,,0.1745211964708414,,0.05,0.2,composite,32529.0,,,,,
anoshift_threshold_clustering_m1_v2,power,global_c_near_far,global_c,near,t_iut,p_t_iut,,0.0535049627791563,,0.05,0.2,composite,58032.0,,,,,
anoshift_threshold_clustering_m1_v2,power,global_c_near_far,global_c,near,z_plus_softmax,p_z_plus_softmax,,0.1258509983287888,,0.05,0.2,composite,56845.0,,,,,
anoshift_threshold_clustering_m1_v2,power,global_c_near_far,global_c,near,z_plus_orth,p_z_plus_orth,,0.1084352185768317,,0.05,0.2,composite,56845.0,,,,,
anoshift_threshold_clustering_m1_v2,power,global_c_near_far,global_c,near,z_plus,p_z_plus,,0.0830059277639922,,0.05,0.3,composite,58032.0,,,,,
anoshift_threshold_clustering_m1_v2,power,global_c_near_far,global_c,near,z_plus_renorm,p_z_plus_renorm,,0.0991819861025595,,0.05,0.3,composite,56845.0,,,,,
anoshift_threshold_clustering_m1_v2,power,global_c_near_far,global_c,near,breadth,p_breadth,,0.0061517783291976,,0.05,0.3,composite,58032.0,,,,,
anoshift_threshold_clustering_m1_v2,power,global_c_near_far,global_c,near,z_mahalanobis_sq,p_z_mahalanobis_sq,,0.1745211964708414,,0.05,0.3,composite,32529.0,,,,,
anoshift_threshold_clustering_m1_v2,power,global_c_near_far,global_c,near,t_iut,p_t_iut,,0.0535049627791563,,0.05,0.3,composite,58032.0,,,,,
anoshift_threshold_clustering_m1_v2,power,global_c_near_far,global_c,near,z_plus_softmax,p_z_plus_softmax,,0.1258509983287888,,0.05,0.3,composite,56845.0,,,,,
anoshift_threshold_clustering_m1_v2,power,global_c_near_far,global_c,near,z_plus_orth,p_z_plus_orth,,0.1084352185768317,,0.05,0.3,composite,56845.0,,,,,
anoshift_threshold_clustering_m1_v2,power,global_c_near_far,global_c,near,z_plus,p_z_plus,,0.0830059277639922,,0.1,0.05,composite,58032.0,,,,,
anoshift_threshold_clustering_m1_v2,power,global_c_near_far,global_c,near,z_plus_renorm,p_z_plus_renorm,,0.0991819861025595,,0.1,0.05,composite,56845.0,,,,,
anoshift_threshold_clustering_m1_v2,power,global_c_near_far,global_c,near,breadth,p_breadth,,0.0061517783291976,,0.1,0.05,composite,58032.0,,,,,
anoshift_threshold_clustering_m1_v2,power,global_c_near_far,global_c,near,z_mahalanobis_sq,p_z_mahalanobis_sq,,0.1745211964708414,,0.1,0.05,composite,32529.0,,,,,
anoshift_threshold_clustering_m1_v2,power,global_c_near_far,global_c,near,t_iut,p_t_iut,,0.0535049627791563,,0.1,0.05,composite,58032.0,,,,,
anoshift_threshold_clustering_m1_v2,power,global_c_near_far,global_c,near,z_plus_softmax,p_z_plus_softmax,,0.1258509983287888,,0.1,0.05,composite,56845.0,,,,,
anoshift_threshold_clustering_m1_v2,power,global_c_near_far,global_c,near,z_plus_orth,p_z_plus_orth,,0.1084352185768317,,0.1,0.05,composite,56845.0,,,,,
anoshift_threshold_clustering_m1_v2,power,global_c_near_far,global_c,near,z_plus,p_z_plus,,0.0830059277639922,,0.1,0.1,composite,58032.0,,,,,
anoshift_threshold_clustering_m1_v2,power,global_c_near_far,global_c,near,z_plus_renorm,p_z_plus_renorm,,0.0991819861025595,,0.1,0.1,composite,56845.0,,,,,
anoshift_threshold_clustering_m1_v2,power,global_c_near_far,global_c,near,breadth,p_breadth,,0.0061517783291976,,0.1,0.1,composite,58032.0,,,,,
anoshift_threshold_clustering_m1_v2,power,global_c_near_far,global_c,near,z_mahalanobis_sq,p_z_mahalanobis_sq,,0.1745211964708414,,0.1,0.1,composite,32529.0,,,,,
anoshift_threshold_clustering_m1_v2,power,global_c_near_far,global_c,near,t_iut,p_t_iut,,0.0535049627791563,,0.1,0.1,composite,58032.0,,,,,
anoshift_threshold_clustering_m1_v2,power,global_c_near_far,global_c,near,z_plus_softmax,p_z_plus_softmax,,0.1258509983287888,,0.1,0.1,composite,56845.0,,,,,
anoshift_threshold_clustering_m1_v2,power,global_c_near_far,global_c,near,z_plus_orth,p_z_plus_orth,,0.1084352185768317,,0.1,0.1,composite,56845.0,,,,,
anoshift_threshold_clustering_m1_v2,power,global_c_near_far,global_c,near,z_plus,p_z_plus,,0.0830059277639922,,0.1,0.15,composite,58032.0,,,,,
anoshift_threshold_clustering_m1_v2,power,global_c_near_far,global_c,near,z_plus_renorm,p_z_plus_renorm,,0.0991819861025595,,0.1,0.15,composite,56845.0,,,,,
anoshift_threshold_clustering_m1_v2,power,global_c_near_far,global_c,near,breadth,p_breadth,,0.0061517783291976,,0.1,0.15,composite,58032.0,,,,,
anoshift_threshold_clustering_m1_v2,power,global_c_near_far,global_c,near,z_mahalanobis_sq,p_z_mahalanobis_sq,,0.1745211964708414,,0.1,0.15,composite,32529.0,,,,,
anoshift_threshold_clustering_m1_v2,power,global_c_near_far,global_c,near,t_iut,p_t_iut,,0.0535049627791563,,0.1,0.15,composite,58032.0,,,,,
anoshift_threshold_clustering_m1_v2,power,global_c_near_far,global_c,near,z_plus_softmax,p_z_plus_softmax,,0.1258509983287888,,0.1,0.15,composite,56845.0,,,,,
anoshift_threshold_clustering_m1_v2,power,global_c_near_far,global_c,near,z_plus_orth,p_z_plus_orth,,0.1084352185768317,,0.1,0.15,composite,56845.0,,,,,
anoshift_threshold_clustering_m1_v2,power,global_c_near_far,global_c,near,z_plus,p_z_plus,,0.0830059277639922,,0.1,0.2,composite,58032.0,,,,,
anoshift_threshold_clustering_m1_v2,power,global_c_near_far,global_c,near,z_plus_renorm,p_z_plus_renorm,,0.0991819861025595,,0.1,0.2,composite,56845.0,,,,,
anoshift_threshold_clustering_m1_v2,power,global_c_near_far,global_c,near,breadth,p_breadth,,0.0061517783291976,,0.1,0.2,composite,58032.0,,,,,
anoshift_threshold_clustering_m1_v2,power,global_c_near_far,global_c,near,z_mahalanobis_sq,p_z_mahalanobis_sq,,0.1745211964708414,,0.1,0.2,composite,32529.0,,,,,
anoshift_threshold_clustering_m1_v2,power,global_c_near_far,global_c,near,t_iut,p_t_iut,,0.0535049627791563,,0.1,0.2,composite,58032.0,,,,,
anoshift_threshold_clustering_m1_v2,power,global_c_near_far,global_c,near,z_plus_softmax,p_z_plus_softmax,,0.1258509983287888,,0.1,0.2,composite,56845.0,,,,,
anoshift_threshold_clustering_m1_v2,power,global_c_near_far,global_c,near,z_plus_orth,p_z_plus_orth,,0.1084352185768317,,0.1,0.2,composite,56845.0,,,,,
anoshift_threshold_clustering_m1_v2,power,global_c_near_far,global_c,near,z_plus,p_z_plus,,0.0830059277639922,,0.1,0.3,composite,58032.0,,,,,
anoshift_threshold_clustering_m1_v2,power,global_c_near_far,global_c,near,z_plus_renorm,p_z_plus_renorm,,0.0991819861025595,,0.1,0.3,composite,56845.0,,,,,
anoshift_threshold_clustering_m1_v2,power,global_c_near_far,global_c,near,breadth,p_breadth,,0.0061517783291976,,0.1,0.3,composite,58032.0,,,,,
anoshift_threshold_clustering_m1_v2,power,global_c_near_far,global_c,near,z_mahalanobis_sq,p_z_mahalanobis_sq,,0.1745211964708414,,0.1,0.3,composite,32529.0,,,,,
anoshift_threshold_clustering_m1_v2,power,global_c_near_far,global_c,near,t_iut,p_t_iut,,0.0535049627791563,,0.1,0.3,composite,58032.0,,,,,
anoshift_threshold_clustering_m1_v2,power,global_c_near_far,global_c,near,z_plus_softmax,p_z_plus_softmax,,0.1258509983287888,,0.1,0.3,composite,56845.0,,,,,
anoshift_threshold_clustering_m1_v2,power,global_c_near_far,global_c,near,z_plus_orth,p_z_plus_orth,,0.1084352185768317,,0.1,0.3,composite,56845.0,,,,,
anoshift_correlated_gaussian,power,global_c_near_far,global_c,far,z_plus,p_z_plus,,0.0452368281000532,,0.01,0.05,composite,1898.0,0.5446626144925913,0.0526315789473684,,,
anoshift_correlated_gaussian,power,global_c_near_far,global_c,far,z_plus_renorm,p_z_plus_renorm,,0.0418904403866809,,0.01,0.05,composite,1881.0,0.540703261914184,0.0,,,
anoshift_correlated_gaussian,power,global_c_near_far,global_c,far,breadth,p_breadth,,0.011708355508249,,0.01,0.05,composite,1898.0,0.4920170303352847,0.0,,,
anoshift_correlated_gaussian,power,global_c_near_far,global_c,far,z_mahalanobis_sq,p_z_mahalanobis_sq,,0.0452368281000532,,0.01,0.05,composite,1898.0,0.4911066916893084,0.0526315789473684,,,
anoshift_correlated_gaussian,power,global_c_near_far,global_c,far,t_iut,p_t_iut,,0.0356572645023948,,0.01,0.05,composite,1898.0,0.4921430772247275,0.0,,,
anoshift_correlated_gaussian,power,global_c_near_far,global_c,far,z_plus_softmax,p_z_plus_softmax,,0.0596133190118152,,0.01,0.05,composite,1881.0,0.5173836847758493,0.1052631578947368,,,
anoshift_correlated_gaussian,power,global_c_near_far,global_c,far,z_plus_orth,p_z_plus_orth,,0.0558539205155746,,0.01,0.05,composite,1881.0,0.5145570693651422,0.1052631578947368,,,
anoshift_correlated_gaussian,power,global_c_near_far,global_c,far,z_plus,p_z_plus,,0.0457690260777009,,0.01,0.1,composite,1898.0,0.4781658777065068,0.0,,,
anoshift_correlated_gaussian,power,global_c_near_far,global_c,far,z_plus_renorm,p_z_plus_renorm,,0.0418904403866809,,0.01,0.1,composite,1881.0,0.4991237492226807,0.0,,,
anoshift_correlated_gaussian,power,global_c_near_far,global_c,far,breadth,p_breadth,,0.011708355508249,,0.01,0.1,composite,1898.0,0.4549172292092658,0.0,,,
anoshift_correlated_gaussian,power,global_c_near_far,global_c,far,z_mahalanobis_sq,p_z_mahalanobis_sq,,0.0457690260777009,,0.01,0.1,composite,1898.0,0.5700680653202992,0.0,,,
anoshift_correlated_gaussian,power,global_c_near_far,global_c,far,t_iut,p_t_iut,,0.0356572645023948,,0.01,0.1,composite,1898.0,0.4229573401305285,0.0,,,
anoshift_correlated_gaussian,power,global_c_near_far,global_c,far,z_plus_softmax,p_z_plus_softmax,,0.0612244897959183,,0.01,0.1,composite,1881.0,0.4821357906043304,0.0,,,
anoshift_correlated_gaussian,power,global_c_near_far,global_c,far,z_plus_orth,p_z_plus_orth,,0.0574650912996777,,0.01,0.1,composite,1881.0,0.4809203459777262,0.0,,,
anoshift_correlated_gaussian,power,global_c_near_far,global_c,far,z_plus,p_z_plus,,0.0452368281000532,,0.01,0.15,composite,1898.0,0.546357244895101,0.0,,,
anoshift_correlated_gaussian,power,global_c_near_far,global_c,far,z_plus_renorm,p_z_plus_renorm,,0.0413533834586466,,0.01,0.15,composite,1880.0,0.530671917889963,0.0555555555555555,,,
anoshift_correlated_gaussian,power,global_c_near_far,global_c,far,breadth,p_breadth,,0.011708355508249,,0.01,0.15,composite,1898.0,0.5879667236211871,0.0,,,
anoshift_correlated_gaussian,power,global_c_near_far,global_c,far,z_mahalanobis_sq,p_z_mahalanobis_sq,,0.0447046301224055,,0.01,0.15,composite,1898.0,0.5786952746421669,0.1052631578947368,,,
anoshift_correlated_gaussian,power,global_c_near_far,global_c,far,t_iut,p_t_iut,,0.0351250665247472,,0.01,0.15,composite,1898.0,0.481667180191031,0.0526315789473684,,,
anoshift_correlated_gaussian,power,global_c_near_far,global_c,far,z_plus_softmax,p_z_plus_softmax,,0.0612244897959183,,0.01,0.15,composite,1880.0,0.5441580140828262,0.1111111111111111,,,
anoshift_correlated_gaussian,power,global_c_near_far,global_c,far,z_plus_orth,p_z_plus_orth,,0.0569280343716433,,0.01,0.15,composite,1880.0,0.5400405776345626,0.1111111111111111,,,
anoshift_correlated_gaussian,power,global_c_near_far,global_c,far,z_plus,p_z_plus,,0.0457690260777009,,0.01,0.2,composite,1898.0,0.4164589227192515,0.0,,,
anoshift_correlated_gaussian,power,global_c_near_far,global_c,far,z_plus_renorm,p_z_plus_renorm,,0.0413533834586466,,0.01,0.2,composite,1881.0,0.3731980326756741,0.1052631578947368,,,
anoshift_correlated_gaussian,power,global_c_near_far,global_c,far,breadth,p_breadth,,0.011708355508249,,0.01,0.2,composite,1898.0,0.4587126411024901,0.0,,,
anoshift_correlated_gaussian,power,global_c_near_far,global_c,far,z_mahalanobis_sq,p_z_mahalanobis_sq,,0.0452368281000532,,0.01,0.2,composite,1898.0,0.4226492255118904,0.0526315789473684,,,
anoshift_correlated_gaussian,power,global_c_near_far,global_c,far,t_iut,p_t_iut,,0.0356572645023948,,0.01,0.2,composite,1898.0,0.407439567519117,0.0526315789473684,,,
anoshift_correlated_gaussian,power,global_c_near_far,global_c,far,z_plus_softmax,p_z_plus_softmax,,0.0617615467239527,,0.01,0.2,composite,1881.0,0.3773531573294137,0.0526315789473684,,,
anoshift_correlated_gaussian,power,global_c_near_far,global_c,far,z_plus_orth,p_z_plus_orth,,0.0580021482277121,,0.01,0.2,composite,1881.0,0.3792469896545876,0.0526315789473684,,,
anoshift_correlated_gaussian,power,global_c_near_far,global_c,far,z_plus,p_z_plus,,0.0441724321447578,,0.01,0.3,composite,1898.0,0.4944959524943279,0.1578947368421052,,,
anoshift_correlated_gaussian,power,global_c_near_far,global_c,far,z_plus_renorm,p_z_plus_renorm,,0.0418904403866809,,0.01,0.3,composite,1881.0,0.449884108768161,0.0526315789473684,,,
anoshift_correlated_gaussian,power,global_c_near_far,global_c,far,breadth,p_breadth,,0.011708355508249,,0.01,0.3,composite,1898.0,0.5731632167166185,0.0526315789473684,,,
anoshift_correlated_gaussian,power,global_c_near_far,global_c,far,z_mahalanobis_sq,p_z_mahalanobis_sq,,0.0452368281000532,,0.01,0.3,composite,1898.0,0.5410772807484383,0.0526315789473684,,,
anoshift_correlated_gaussian,power,global_c_near_far,global_c,far,t_iut,p_t_iut,,0.0356572645023948,,0.01,0.3,composite,1898.0,0.4396795607966163,0.1052631578947368,,,
anoshift_correlated_gaussian,power,global_c_near_far,global_c,far,z_plus_softmax,p_z_plus_softmax,,0.0612244897959183,,0.01,0.3,composite,1881.0,0.4770196167109503,0.1578947368421052,,,
anoshift_correlated_gaussian,power,global_c_near_far,global_c,far,z_plus_orth,p_z_plus_orth,,0.0574650912996777,,0.01,0.3,composite,1881.0,0.4811182090564758,0.1578947368421052,,,
anoshift_correlated_gaussian,power,global_c_near_far,global_c,far,z_plus,p_z_plus,,0.045479755962285,,0.05,0.05,composite,1898.0,0.5008115129754502,0.0421052631578947,,,
anoshift_correlated_gaussian,power,global_c_near_far,global_c,far,z_plus_renorm,p_z_plus_renorm,,0.0413870246085011,,0.05,0.05,composite,1882.0,0.5249952401351802,0.0531914893617021,,,
anoshift_correlated_gaussian,power,global_c_near_far,global_c,far,breadth,p_breadth,,0.0116472545757071,,0.05,0.05,composite,1898.0,0.4693230580611262,0.0105263157894736,,,
anoshift_correlated_gaussian,power,global_c_near_far,global_c,far,z_mahalanobis_sq,p_z_mahalanobis_sq,,0.0465890183028286,,0.05,0.05,composite,1898.0,0.5074174621245293,0.0210526315789473,,,
anoshift_correlated_gaussian,power,global_c_near_far,global_c,far,t_iut,p_t_iut,,0.0354963948973932,,0.05,0.05,composite,1898.0,0.5361823860816768,0.031578947368421,,,
anoshift_correlated_gaussian,power,global_c_near_far,global_c,far,z_plus_softmax,p_z_plus_softmax,,0.0631991051454138,,0.05,0.05,composite,1882.0,0.5121971536008377,0.0425531914893617,,,
anoshift_correlated_gaussian,power,global_c_near_far,global_c,far,z_plus_orth,p_z_plus_orth,,0.0592841163310962,,0.05,0.05,composite,1882.0,0.5126433909276977,0.0319148936170212,,,
anoshift_correlated_gaussian,power,global_c_near_far,global_c,far,z_plus,p_z_plus,,0.0460343871325568,,0.05,0.1,composite,1898.0,0.4965291765186677,0.0526315789473684,,,
anoshift_correlated_gaussian,power,global_c_near_far,global_c,far,z_plus_renorm,p_z_plus_renorm,,0.0391498881431767,,0.05,0.1,composite,1881.0,0.5206634432657382,0.075268817204301,,,
anoshift_correlated_gaussian,power,global_c_near_far,global_c,far,breadth,p_breadth,,0.0122018857459789,,0.05,0.1,composite,1898.0,0.4958402662229617,0.0,,,
anoshift_correlated_gaussian,power,global_c_near_far,global_c,far,z_mahalanobis_sq,p_z_mahalanobis_sq,,0.0460343871325568,,0.05,0.1,composite,1898.0,0.5120238199492074,0.031578947368421,,,
anoshift_correlated_gaussian,power,global_c_near_far,global_c,far,t_iut,p_t_iut,,0.0349417637271214,,0.05,0.1,composite,1898.0,0.5021688997869048,0.031578947368421,,,
anoshift_correlated_gaussian,power,global_c_near_far,global_c,far,z_plus_softmax,p_z_plus_softmax,,0.0609619686800894,,0.05,0.1,composite,1881.0,0.5105181496716461,0.053763440860215,,,
anoshift_correlated_gaussian,power,global_c_near_far,global_c,far,z_plus_orth,p_z_plus_orth,,0.058165548098434,,0.05,0.1,composite,1881.0,0.5084253445911813,0.053763440860215,,,
anoshift_correlated_gaussian,power,global_c_near_far,global_c,far,z_plus,p_z_plus,,0.0427066001109262,,0.05,0.15,composite,1898.0,0.5115917914586801,0.0947368421052631,,,
anoshift_correlated_gaussian,power,global_c_near_far,global_c,far,z_plus_renorm,p_z_plus_renorm,,0.0414333706606942,,0.05,0.15,composite,1881.0,0.5171332586786114,0.0736842105263157,,,
anoshift_correlated_gaussian,power,global_c_near_far,global_c,far,breadth,p_breadth,,0.0122018857459789,,0.05,0.15,composite,1898.0,0.4920308258166214,0.0105263157894736,,,
anoshift_correlated_gaussian,power,global_c_near_far,global_c,far,z_mahalanobis_sq,p_z_mahalanobis_sq,,0.0427066001109262,,0.05,0.15,composite,1898.0,0.5626587266835975,0.0947368421052631,,,
anoshift_correlated_gaussian,power,global_c_near_far,global_c,far,t_iut,p_t_iut,,0.036051026067665,,0.05,0.15,composite,1898.0,0.4135330005546311,0.031578947368421,,,
anoshift_correlated_gaussian,power,global_c_near_far,global_c,far,z_plus_softmax,p_z_plus_softmax,,0.0615901455767077,,0.05,0.15,composite,1881.0,0.5193080686037602,0.0947368421052631,,,
anoshift_correlated_gaussian,power,global_c_near_far,global_c,far,z_plus_orth,p_z_plus_orth,,0.0565509518477043,,0.05,0.15,composite,1881.0,0.5199033417811045,0.0947368421052631,,,
anoshift_correlated_gaussian,power,global_c_near_far,global_c,far,z_plus,p_z_plus,,0.0449251247920133,,0.05,0.2,composite,1898.0,0.5677613334500977,0.0631578947368421,,,
anoshift_correlated_gaussian,power,global_c_near_far,global_c,far,z_plus_renorm,p_z_plus_renorm,,0.0425293788472299,,0.05,0.2,composite,1881.0,0.5609663170177047,0.0212765957446808,,,
anoshift_correlated_gaussian,power,global_c_near_far,global_c,far,breadth,p_breadth,,0.0116472545757071,,0.05,0.2,composite,1898.0,0.5379776396065038,0.0,,,
anoshift_correlated_gaussian,power,global_c_near_far,global_c,far,z_mahalanobis_sq,p_z_mahalanobis_sq,,0.0460343871325568,,0.05,0.2,composite,1898.0,0.5293925329129813,0.0421052631578947,,,
anoshift_correlated_gaussian,power,global_c_near_far,global_c,far,t_iut,p_t_iut,,0.0349417637271214,,0.05,0.2,composite,1898.0,0.5432933415068454,0.0631578947368421,,,
anoshift_correlated_gaussian,power,global_c_near_far,global_c,far,z_plus_softmax,p_z_plus_softmax,,0.0604364857302742,,0.05,0.2,composite,1881.0,0.5503042065032325,0.0851063829787234,,,
anoshift_correlated_gaussian,power,global_c_near_far,global_c,far,z_plus_orth,p_z_plus_orth,,0.0576385002797985,,0.05,0.2,composite,1881.0,0.5496731714867422,0.0851063829787234,,,
anoshift_correlated_gaussian,power,global_c_near_far,global_c,far,z_plus,p_z_plus,,0.0449251247920133,,0.05,0.3,composite,1898.0,0.5941851300464138,0.0631578947368421,,,
anoshift_correlated_gaussian,power,global_c_near_far,global_c,far,z_plus_renorm,p_z_plus_renorm,,0.0402909904868494,,0.05,0.3,composite,1882.0,0.5742762053426795,0.0526315789473684,,,
anoshift_correlated_gaussian,power,global_c_near_far,global_c,far,breadth,p_breadth,,0.0110926234054353,,0.05,0.3,composite,1898.0,0.5633067694193887,0.0105263157894736,,,
anoshift_correlated_gaussian,power,global_c_near_far,global_c,far,z_mahalanobis_sq,p_z_mahalanobis_sq,,0.0449251247920133,,0.05,0.3,composite,1898.0,0.5524184838135272,0.0947368421052631,,,
anoshift_correlated_gaussian,power,global_c_near_far,global_c,far,t_iut,p_t_iut,,0.0332778702163061,,0.05,0.3,composite,1898.0,0.528248241235368,0.0947368421052631,,,
anoshift_correlated_gaussian,power,global_c_near_far,global_c,far,z_plus_softmax,p_z_plus_softmax,,0.059876888640179,,0.05,0.3,composite,1882.0,0.5662592407151061,0.0842105263157894,,,
anoshift_correlated_gaussian,power,global_c_near_far,global_c,far,z_plus_orth,p_z_plus_orth,,0.0565193060996082,,0.05,0.3,composite,1882.0,0.5652990899184166,0.0842105263157894,,,
anoshift_correlated_gaussian,power,global_c_near_far,global_c,far,z_plus,p_z_plus,,0.0439110070257611,,0.1,0.05,composite,1898.0,0.4669588931344756,0.0578947368421052,,,
anoshift_correlated_gaussian,power,global_c_near_far,global_c,far,z_plus_renorm,p_z_plus_renorm,,0.0419373892498523,,0.1,0.05,composite,1880.0,0.4705408555518003,0.0427807486631016,,,
anoshift_correlated_gaussian,power,global_c_near_far,global_c,far,breadth,p_breadth,,0.0117096018735363,,0.1,0.05,composite,1898.0,0.4686521631948724,0.0105263157894736,,,
anoshift_correlated_gaussian,power,global_c_near_far,global_c,far,z_mahalanobis_sq,p_z_mahalanobis_sq,,0.0450819672131147,,0.1,0.05,composite,1898.0,0.4774189572291384,0.0526315789473684,,,
anoshift_correlated_gaussian,power,global_c_near_far,global_c,far,t_iut,p_t_iut,,0.0362997658079625,,0.1,0.05,composite,1898.0,0.4778780968815481,0.0263157894736842,,,
anoshift_correlated_gaussian,power,global_c_near_far,global_c,far,z_plus_softmax,p_z_plus_softmax,,0.0602480803307737,,0.1,0.05,composite,1880.0,0.4732794046577445,0.053475935828877,,,
anoshift_correlated_gaussian,power,global_c_near_far,global_c,far,z_plus_orth,p_z_plus_orth,,0.0572947430596574,,0.1,0.05,composite,1880.0,0.4722812714195918,0.053475935828877,,,
anoshift_correlated_gaussian,power,global_c_near_far,global_c,far,z_plus,p_z_plus,,0.0450819672131147,,0.1,0.1,composite,1898.0,0.5449155676075434,0.0578947368421052,,,
anoshift_correlated_gaussian,power,global_c_near_far,global_c,far,z_plus_renorm,p_z_plus_renorm,,0.0395981087470449,,0.1,0.1,composite,1881.0,0.5446233129448259,0.0582010582010582,,,
anoshift_correlated_gaussian,power,global_c_near_far,global_c,far,breadth,p_breadth,,0.0122950819672131,,0.1,0.1,composite,1898.0,0.5186121040305682,0.0052631578947368,,,
anoshift_correlated_gaussian,power,global_c_near_far,global_c,far,z_mahalanobis_sq,p_z_mahalanobis_sq,,0.0427400468384074,,0.1,0.1,composite,1898.0,0.539495254529767,0.0631578947368421,,,
anoshift_correlated_gaussian,power,global_c_near_far,global_c,far,t_iut,p_t_iut,,0.0380562060889929,,0.1,0.1,composite,1898.0,0.5017040552200173,0.031578947368421,,,
anoshift_correlated_gaussian,power,global_c_near_far,global_c,far,z_plus_softmax,p_z_plus_softmax,,0.0614657210401891,,0.1,0.1,composite,1881.0,0.5429941085969454,0.0687830687830687,,,
anoshift_correlated_gaussian,power,global_c_near_far,global_c,far,z_plus_orth,p_z_plus_orth,,0.0579196217494089,,0.1,0.1,composite,1881.0,0.5430941748908652,0.0634920634920634,,,
anoshift_correlated_gaussian,power,global_c_near_far,global_c,far,z_plus,p_z_plus,,0.0462529274004683,,0.1,0.15,composite,1898.0,0.4788610871440897,0.031578947368421,,,
anoshift_correlated_gaussian,power,global_c_near_far,global_c,far,z_plus_renorm,p_z_plus_renorm,,0.0425029515938606,,0.1,0.15,composite,1880.0,0.4859973848243643,0.0376344086021505,,,
anoshift_correlated_gaussian,power,global_c_near_far,global_c,far,breadth,p_breadth,,0.0117096018735363,,0.1,0.15,composite,1898.0,0.4905106002711697,0.0157894736842105,,,
anoshift_correlated_gaussian,power,global_c_near_far,global_c,far,z_mahalanobis_sq,p_z_mahalanobis_sq,,0.0444964871194379,,0.1,0.15,composite,1898.0,0.4787193393319364,0.0526315789473684,,,
anoshift_correlated_gaussian,power,global_c_near_far,global_c,far,t_iut,p_t_iut,,0.034543325526932,,0.1,0.15,composite,1898.0,0.4897602613090103,0.0473684210526315,,,
anoshift_correlated_gaussian,power,global_c_near_far,global_c,far,z_plus_softmax,p_z_plus_softmax,,0.0608028335301062,,0.1,0.15,composite,1880.0,0.494855340163258,0.0591397849462365,,,
anoshift_correlated_gaussian,power,global_c_near_far,global_c,far,z_plus_orth,p_z_plus_orth,,0.0572609208972845,,0.1,0.15,composite,1880.0,0.4949029465158497,0.0591397849462365,,,
anoshift_correlated_gaussian,power,global_c_near_far,global_c,far,z_plus,p_z_plus,,0.0444964871194379,,0.1,0.2,composite,1898.0,0.5329517441143844,0.0684210526315789,,,
anoshift_correlated_gaussian,power,global_c_near_far,global_c,far,z_plus_renorm,p_z_plus_renorm,,0.0401653868871825,,0.1,0.2,composite,1880.0,0.5392256886645546,0.0641711229946524,,,
anoshift_correlated_gaussian,power,global_c_near_far,global_c,far,breadth,p_breadth,,0.0128805620608899,,0.1,0.2,composite,1898.0,0.5050212621718231,0.0052631578947368,,,
anoshift_correlated_gaussian,power,global_c_near_far,global_c,far,z_mahalanobis_sq,p_z_mahalanobis_sq,,0.0450819672131147,,0.1,0.2,composite,1898.0,0.5406908665105387,0.0578947368421052,,,
anoshift_correlated_gaussian,power,global_c_near_far,global_c,far,t_iut,p_t_iut,,0.0368852459016393,,0.1,0.2,composite,1898.0,0.5044034265992852,0.0421052631578947,,,
anoshift_correlated_gaussian,power,global_c_near_far,global_c,far,z_plus_softmax,p_z_plus_softmax,,0.0614294152392203,,0.1,0.2,composite,1880.0,0.54493968558803,0.0909090909090909,,,
anoshift_correlated_gaussian,power,global_c_near_far,global_c,far,z_plus_orth,p_z_plus_orth,,0.0567040756054341,,0.1,0.2,composite,1880.0,0.5451355218562751,0.0909090909090909,,,
anoshift_correlated_gaussian,power,global_c_near_far,global_c,far,z_plus,p_z_plus,,0.0450819672131147,,0.1,0.3,composite,1898.0,0.5142980401824233,0.0578947368421052,,,
anoshift_correlated_gaussian,power,global_c_near_far,global_c,far,z_plus_renorm,p_z_plus_renorm,,0.041986989946777,,0.1,0.3,composite,1879.0,0.5204839135850623,0.0425531914893617,,,
anoshift_correlated_gaussian,power,global_c_near_far,global_c,far,breadth,p_breadth,,0.0122950819672131,,0.1,0.3,composite,1898.0,0.4958384691236287,0.0,,,
anoshift_correlated_gaussian,power,global_c_near_far,global_c,far,z_mahalanobis_sq,p_z_mahalanobis_sq,,0.0439110070257611,,0.1,0.3,composite,1898.0,0.5511925305065943,0.0789473684210526,,,
anoshift_correlated_gaussian,power,global_c_near_far,global_c,far,t_iut,p_t_iut,,0.0368852459016393,,0.1,0.3,composite,1898.0,0.4675243436460002,0.0526315789473684,,,
anoshift_correlated_gaussian,power,global_c_near_far,global_c,far,z_plus_softmax,p_z_plus_softmax,,0.0597279716144293,,0.1,0.3,composite,1879.0,0.5191753589088668,0.0851063829787234,,,
anoshift_correlated_gaussian,power,global_c_near_far,global_c,far,z_plus_orth,p_z_plus_orth,,0.054997043169722,,0.1,0.3,composite,1879.0,0.5190180807025933,0.0851063829787234,,,
anoshift_threshold_clustering_m1_v2,power,global_c_near_far,global_c,far,z_plus,p_z_plus,,0.0830059277639922,,0.01,0.05,composite,58032.0,,,,,
anoshift_threshold_clustering_m1_v2,power,global_c_near_far,global_c,far,z_plus_renorm,p_z_plus_renorm,,0.0991819861025595,,0.01,0.05,composite,56845.0,,,,,
anoshift_threshold_clustering_m1_v2,power,global_c_near_far,global_c,far,breadth,p_breadth,,0.0061517783291976,,0.01,0.05,composite,58032.0,,,,,
anoshift_threshold_clustering_m1_v2,power,global_c_near_far,global_c,far,z_mahalanobis_sq,p_z_mahalanobis_sq,,0.1745211964708414,,0.01,0.05,composite,32529.0,,,,,
anoshift_threshold_clustering_m1_v2,power,global_c_near_far,global_c,far,t_iut,p_t_iut,,0.0535049627791563,,0.01,0.05,composite,58032.0,,,,,
anoshift_threshold_clustering_m1_v2,power,global_c_near_far,global_c,far,z_plus_softmax,p_z_plus_softmax,,0.1258509983287888,,0.01,0.05,composite,56845.0,,,,,
anoshift_threshold_clustering_m1_v2,power,global_c_near_far,global_c,far,z_plus_orth,p_z_plus_orth,,0.1084352185768317,,0.01,0.05,composite,56845.0,,,,,
anoshift_threshold_clustering_m1_v2,power,global_c_near_far,global_c,far,z_plus,p_z_plus,,0.0830059277639922,,0.01,0.1,composite,58032.0,,,,,
anoshift_threshold_clustering_m1_v2,power,global_c_near_far,global_c,far,z_plus_renorm,p_z_plus_renorm,,0.0991819861025595,,0.01,0.1,composite,56845.0,,,,,
anoshift_threshold_clustering_m1_v2,power,global_c_near_far,global_c,far,breadth,p_breadth,,0.0061517783291976,,0.01,0.1,composite,58032.0,,,,,
anoshift_threshold_clustering_m1_v2,power,global_c_near_far,global_c,far,z_mahalanobis_sq,p_z_mahalanobis_sq,,0.1745211964708414,,0.01,0.1,composite,32529.0,,,,,
anoshift_threshold_clustering_m1_v2,power,global_c_near_far,global_c,far,t_iut,p_t_iut,,0.0535049627791563,,0.01,0.1,composite,58032.0,,,,,
anoshift_threshold_clustering_m1_v2,power,global_c_near_far,global_c,far,z_plus_softmax,p_z_plus_softmax,,0.1258509983287888,,0.01,0.1,composite,56845.0,,,,,
anoshift_threshold_clustering_m1_v2,power,global_c_near_far,global_c,far,z_plus_orth,p_z_plus_orth,,0.1084352185768317,,0.01,0.1,composite,56845.0,,,,,
anoshift_threshold_clustering_m1_v2,power,global_c_near_far,global_c,far,z_plus,p_z_plus,,0.0830059277639922,,0.01,0.15,composite,58032.0,,,,,
anoshift_threshold_clustering_m1_v2,power,global_c_near_far,global_c,far,z_plus_renorm,p_z_plus_renorm,,0.0991819861025595,,0.01,0.15,composite,56845.0,,,,,
anoshift_threshold_clustering_m1_v2,power,global_c_near_far,global_c,far,breadth,p_breadth,,0.0061517783291976,,0.01,0.15,composite,58032.0,,,,,
anoshift_threshold_clustering_m1_v2,power,global_c_near_far,global_c,far,z_mahalanobis_sq,p_z_mahalanobis_sq,,0.1745211964708414,,0.01,0.15,composite,32529.0,,,,,
anoshift_threshold_clustering_m1_v2,power,global_c_near_far,global_c,far,t_iut,p_t_iut,,0.0535049627791563,,0.01,0.15,composite,58032.0,,,,,
anoshift_threshold_clustering_m1_v2,power,global_c_near_far,global_c,far,z_plus_softmax,p_z_plus_softmax,,0.1258509983287888,,0.01,0.15,composite,56845.0,,,,,
anoshift_threshold_clustering_m1_v2,power,global_c_near_far,global_c,far,z_plus_orth,p_z_plus_orth,,0.1084352185768317,,0.01,0.15,composite,56845.0,,,,,
anoshift_threshold_clustering_m1_v2,power,global_c_near_far,global_c,far,z_plus,p_z_plus,,0.0830059277639922,,0.01,0.2,composite,58032.0,,,,,
anoshift_threshold_clustering_m1_v2,power,global_c_near_far,global_c,far,z_plus_renorm,p_z_plus_renorm,,0.0991819861025595,,0.01,0.2,composite,56845.0,,,,,
anoshift_threshold_clustering_m1_v2,power,global_c_near_far,global_c,far,breadth,p_breadth,,0.0061517783291976,,0.01,0.2,composite,58032.0,,,,,
anoshift_threshold_clustering_m1_v2,power,global_c_near_far,global_c,far,z_mahalanobis_sq,p_z_mahalanobis_sq,,0.1745211964708414,,0.01,0.2,composite,32529.0,,,,,
anoshift_threshold_clustering_m1_v2,power,global_c_near_far,global_c,far,t_iut,p_t_iut,,0.0535049627791563,,0.01,0.2,composite,58032.0,,,,,
anoshift_threshold_clustering_m1_v2,power,global_c_near_far,global_c,far,z_plus_softmax,p_z_plus_softmax,,0.1258509983287888,,0.01,0.2,composite,56845.0,,,,,
anoshift_threshold_clustering_m1_v2,power,global_c_near_far,global_c,far,z_plus_orth,p_z_plus_orth,,0.1084352185768317,,0.01,0.2,composite,56845.0,,,,,
anoshift_threshold_clustering_m1_v2,power,global_c_near_far,global_c,far,z_plus,p_z_plus,,0.0830059277639922,,0.01,0.3,composite,58032.0,,,,,
anoshift_threshold_clustering_m1_v2,power,global_c_near_far,global_c,far,z_plus_renorm,p_z_plus_renorm,,0.0991819861025595,,0.01,0.3,composite,56845.0,,,,,
anoshift_threshold_clustering_m1_v2,power,global_c_near_far,global_c,far,breadth,p_breadth,,0.0061517783291976,,0.01,0.3,composite,58032.0,,,,,
anoshift_threshold_clustering_m1_v2,power,global_c_near_far,global_c,far,z_mahalanobis_sq,p_z_mahalanobis_sq,,0.1745211964708414,,0.01,0.3,composite,32529.0,,,,,
anoshift_threshold_clustering_m1_v2,power,global_c_near_far,global_c,far,t_iut,p_t_iut,,0.0535049627791563,,0.01,0.3,composite,58032.0,,,,,
anoshift_threshold_clustering_m1_v2,power,global_c_near_far,global_c,far,z_plus_softmax,p_z_plus_softmax,,0.1258509983287888,,0.01,0.3,composite,56845.0,,,,,
anoshift_threshold_clustering_m1_v2,power,global_c_near_far,global_c,far,z_plus_orth,p_z_plus_orth,,0.1084352185768317,,0.01,0.3,composite,56845.0,,,,,
anoshift_threshold_clustering_m1_v2,power,global_c_near_far,global_c,far,z_plus,p_z_plus,,0.0830059277639922,,0.05,0.05,composite,58032.0,,,,,
anoshift_threshold_clustering_m1_v2,power,global_c_near_far,global_c,far,z_plus_renorm,p_z_plus_renorm,,0.0991819861025595,,0.05,0.05,composite,56845.0,,,,,
anoshift_threshold_clustering_m1_v2,power,global_c_near_far,global_c,far,breadth,p_breadth,,0.0061517783291976,,0.05,0.05,composite,58032.0,,,,,
anoshift_threshold_clustering_m1_v2,power,global_c_near_far,global_c,far,z_mahalanobis_sq,p_z_mahalanobis_sq,,0.1745211964708414,,0.05,0.05,composite,32529.0,,,,,
anoshift_threshold_clustering_m1_v2,power,global_c_near_far,global_c,far,t_iut,p_t_iut,,0.0535049627791563,,0.05,0.05,composite,58032.0,,,,,
anoshift_threshold_clustering_m1_v2,power,global_c_near_far,global_c,far,z_plus_softmax,p_z_plus_softmax,,0.1258509983287888,,0.05,0.05,composite,56845.0,,,,,
anoshift_threshold_clustering_m1_v2,power,global_c_near_far,global_c,far,z_plus_orth,p_z_plus_orth,,0.1084352185768317,,0.05,0.05,composite,56845.0,,,,,
anoshift_threshold_clustering_m1_v2,power,global_c_near_far,global_c,far,z_plus,p_z_plus,,0.0830059277639922,,0.05,0.1,composite,58032.0,,,,,
anoshift_threshold_clustering_m1_v2,power,global_c_near_far,global_c,far,z_plus_renorm,p_z_plus_renorm,,0.0991819861025595,,0.05,0.1,composite,56845.0,,,,,
anoshift_threshold_clustering_m1_v2,power,global_c_near_far,global_c,far,breadth,p_breadth,,0.0061517783291976,,0.05,0.1,composite,58032.0,,,,,
anoshift_threshold_clustering_m1_v2,power,global_c_near_far,global_c,far,z_mahalanobis_sq,p_z_mahalanobis_sq,,0.1745211964708414,,0.05,0.1,composite,32529.0,,,,,
anoshift_threshold_clustering_m1_v2,power,global_c_near_far,global_c,far,t_iut,p_t_iut,,0.0535049627791563,,0.05,0.1,composite,58032.0,,,,,
anoshift_threshold_clustering_m1_v2,power,global_c_near_far,global_c,far,z_plus_softmax,p_z_plus_softmax,,0.1258509983287888,,0.05,0.1,composite,56845.0,,,,,
anoshift_threshold_clustering_m1_v2,power,global_c_near_far,global_c,far,z_plus_orth,p_z_plus_orth,,0.1084352185768317,,0.05,0.1,composite,56845.0,,,,,
anoshift_threshold_clustering_m1_v2,power,global_c_near_far,global_c,far,z_plus,p_z_plus,,0.0830059277639922,,0.05,0.15,composite,58032.0,,,,,
anoshift_threshold_clustering_m1_v2,power,global_c_near_far,global_c,far,z_plus_renorm,p_z_plus_renorm,,0.0991819861025595,,0.05,0.15,composite,56845.0,,,,,
anoshift_threshold_clustering_m1_v2,power,global_c_near_far,global_c,far,breadth,p_breadth,,0.0061517783291976,,0.05,0.15,composite,58032.0,,,,,
anoshift_threshold_clustering_m1_v2,power,global_c_near_far,global_c,far,z_mahalanobis_sq,p_z_mahalanobis_sq,,0.1745211964708414,,0.05,0.15,composite,32529.0,,,,,
anoshift_threshold_clustering_m1_v2,power,global_c_near_far,global_c,far,t_iut,p_t_iut,,0.0535049627791563,,0.05,0.15,composite,58032.0,,,,,
anoshift_threshold_clustering_m1_v2,power,global_c_near_far,global_c,far,z_plus_softmax,p_z_plus_softmax,,0.1258509983287888,,0.05,0.15,composite,56845.0,,,,,
anoshift_threshold_clustering_m1_v2,power,global_c_near_far,global_c,far,z_plus_orth,p_z_plus_orth,,0.1084352185768317,,0.05,0.15,composite,56845.0,,,,,
anoshift_threshold_clustering_m1_v2,power,global_c_near_far,global_c,far,z_plus,p_z_plus,,0.0830059277639922,,0.05,0.2,composite,58032.0,,,,,
anoshift_threshold_clustering_m1_v2,power,global_c_near_far,global_c,far,z_plus_renorm,p_z_plus_renorm,,0.0991819861025595,,0.05,0.2,composite,56845.0,,,,,
anoshift_threshold_clustering_m1_v2,power,global_c_near_far,global_c,far,breadth,p_breadth,,0.0061517783291976,,0.05,0.2,composite,58032.0,,,,,
anoshift_threshold_clustering_m1_v2,power,global_c_near_far,global_c,far,z_mahalanobis_sq,p_z_mahalanobis_sq,,0.1745211964708414,,0.05,0.2,composite,32529.0,,,,,
anoshift_threshold_clustering_m1_v2,power,global_c_near_far,global_c,far,t_iut,p_t_iut,,0.0535049627791563,,0.05,0.2,composite,58032.0,,,,,
anoshift_threshold_clustering_m1_v2,power,global_c_near_far,global_c,far,z_plus_softmax,p_z_plus_softmax,,0.1258509983287888,,0.05,0.2,composite,56845.0,,,,,
anoshift_threshold_clustering_m1_v2,power,global_c_near_far,global_c,far,z_plus_orth,p_z_plus_orth,,0.1084352185768317,,0.05,0.2,composite,56845.0,,,,,
anoshift_threshold_clustering_m1_v2,power,global_c_near_far,global_c,far,z_plus,p_z_plus,,0.0830059277639922,,0.05,0.3,composite,58032.0,,,,,
anoshift_threshold_clustering_m1_v2,power,global_c_near_far,global_c,far,z_plus_renorm,p_z_plus_renorm,,0.0991819861025595,,0.05,0.3,composite,56845.0,,,,,
anoshift_threshold_clustering_m1_v2,power,global_c_near_far,global_c,far,breadth,p_breadth,,0.0061517783291976,,0.05,0.3,composite,58032.0,,,,,
anoshift_threshold_clustering_m1_v2,power,global_c_near_far,global_c,far,z_mahalanobis_sq,p_z_mahalanobis_sq,,0.1745211964708414,,0.05,0.3,composite,32529.0,,,,,
anoshift_threshold_clustering_m1_v2,power,global_c_near_far,global_c,far,t_iut,p_t_iut,,0.0535049627791563,,0.05,0.3,composite,58032.0,,,,,
anoshift_threshold_clustering_m1_v2,power,global_c_near_far,global_c,far,z_plus_softmax,p_z_plus_softmax,,0.1258509983287888,,0.05,0.3,composite,56845.0,,,,,
anoshift_threshold_clustering_m1_v2,power,global_c_near_far,global_c,far,z_plus_orth,p_z_plus_orth,,0.1084352185768317,,0.05,0.3,composite,56845.0,,,,,
anoshift_threshold_clustering_m1_v2,power,global_c_near_far,global_c,far,z_plus,p_z_plus,,0.0830059277639922,,0.1,0.05,composite,58032.0,,,,,
anoshift_threshold_clustering_m1_v2,power,global_c_near_far,global_c,far,z_plus_renorm,p_z_plus_renorm,,0.0991819861025595,,0.1,0.05,composite,56845.0,,,,,
anoshift_threshold_clustering_m1_v2,power,global_c_near_far,global_c,far,breadth,p_breadth,,0.0061517783291976,,0.1,0.05,composite,58032.0,,,,,
anoshift_threshold_clustering_m1_v2,power,global_c_near_far,global_c,far,z_mahalanobis_sq,p_z_mahalanobis_sq,,0.1745211964708414,,0.1,0.05,composite,32529.0,,,,,
anoshift_threshold_clustering_m1_v2,power,global_c_near_far,global_c,far,t_iut,p_t_iut,,0.0535049627791563,,0.1,0.05,composite,58032.0,,,,,
anoshift_threshold_clustering_m1_v2,power,global_c_near_far,global_c,far,z_plus_softmax,p_z_plus_softmax,,0.1258509983287888,,0.1,0.05,composite,56845.0,,,,,
anoshift_threshold_clustering_m1_v2,power,global_c_near_far,global_c,far,z_plus_orth,p_z_plus_orth,,0.1084352185768317,,0.1,0.05,composite,56845.0,,,,,
anoshift_threshold_clustering_m1_v2,power,global_c_near_far,global_c,far,z_plus,p_z_plus,,0.0830059277639922,,0.1,0.1,composite,58032.0,,,,,
anoshift_threshold_clustering_m1_v2,power,global_c_near_far,global_c,far,z_plus_renorm,p_z_plus_renorm,,0.0991819861025595,,0.1,0.1,composite,56845.0,,,,,
anoshift_threshold_clustering_m1_v2,power,global_c_near_far,global_c,far,breadth,p_breadth,,0.0061517783291976,,0.1,0.1,composite,58032.0,,,,,
anoshift_threshold_clustering_m1_v2,power,global_c_near_far,global_c,far,z_mahalanobis_sq,p_z_mahalanobis_sq,,0.1745211964708414,,0.1,0.1,composite,32529.0,,,,,
anoshift_threshold_clustering_m1_v2,power,global_c_near_far,global_c,far,t_iut,p_t_iut,,0.0535049627791563,,0.1,0.1,composite,58032.0,,,,,
anoshift_threshold_clustering_m1_v2,power,global_c_near_far,global_c,far,z_plus_softmax,p_z_plus_softmax,,0.1258509983287888,,0.1,0.1,composite,56845.0,,,,,
anoshift_threshold_clustering_m1_v2,power,global_c_near_far,global_c,far,z_plus_orth,p_z_plus_orth,,0.1084352185768317,,0.1,0.1,composite,56845.0,,,,,
anoshift_threshold_clustering_m1_v2,power,global_c_near_far,global_c,far,z_plus,p_z_plus,,0.0830059277639922,,0.1,0.15,composite,58032.0,,,,,
anoshift_threshold_clustering_m1_v2,power,global_c_near_far,global_c,far,z_plus_renorm,p_z_plus_renorm,,0.0991819861025595,,0.1,0.15,composite,56845.0,,,,,
anoshift_threshold_clustering_m1_v2,power,global_c_near_far,global_c,far,breadth,p_breadth,,0.0061517783291976,,0.1,0.15,composite,58032.0,,,,,
anoshift_threshold_clustering_m1_v2,power,global_c_near_far,global_c,far,z_mahalanobis_sq,p_z_mahalanobis_sq,,0.1745211964708414,,0.1,0.15,composite,32529.0,,,,,
anoshift_threshold_clustering_m1_v2,power,global_c_near_far,global_c,far,t_iut,p_t_iut,,0.0535049627791563,,0.1,0.15,composite,58032.0,,,,,
anoshift_threshold_clustering_m1_v2,power,global_c_near_far,global_c,far,z_plus_softmax,p_z_plus_softmax,,0.1258509983287888,,0.1,0.15,composite,56845.0,,,,,
anoshift_threshold_clustering_m1_v2,power,global_c_near_far,global_c,far,z_plus_orth,p_z_plus_orth,,0.1084352185768317,,0.1,0.15,composite,56845.0,,,,,
anoshift_threshold_clustering_m1_v2,power,global_c_near_far,global_c,far,z_plus,p_z_plus,,0.0830059277639922,,0.1,0.2,composite,58032.0,,,,,
anoshift_threshold_clustering_m1_v2,power,global_c_near_far,global_c,far,z_plus_renorm,p_z_plus_renorm,,0.0991819861025595,,0.1,0.2,composite,56845.0,,,,,
anoshift_threshold_clustering_m1_v2,power,global_c_near_far,global_c,far,breadth,p_breadth,,0.0061517783291976,,0.1,0.2,composite,58032.0,,,,,
anoshift_threshold_clustering_m1_v2,power,global_c_near_far,global_c,far,z_mahalanobis_sq,p_z_mahalanobis_sq,,0.1745211964708414,,0.1,0.2,composite,32529.0,,,,,
anoshift_threshold_clustering_m1_v2,power,global_c_near_far,global_c,far,t_iut,p_t_iut,,0.0535049627791563,,0.1,0.2,composite,58032.0,,,,,
anoshift_threshold_clustering_m1_v2,power,global_c_near_far,global_c,far,z_plus_softmax,p_z_plus_softmax,,0.1258509983287888,,0.1,0.2,composite,56845.0,,,,,
anoshift_threshold_clustering_m1_v2,power,global_c_near_far,global_c,far,z_plus_orth,p_z_plus_orth,,0.1084352185768317,,0.1,0.2,composite,56845.0,,,,,
anoshift_threshold_clustering_m1_v2,power,global_c_near_far,global_c,far,z_plus,p_z_plus,,0.0830059277639922,,0.1,0.3,composite,58032.0,,,,,
anoshift_threshold_clustering_m1_v2,power,global_c_near_far,global_c,far,z_plus_renorm,p_z_plus_renorm,,0.0991819861025595,,0.1,0.3,composite,56845.0,,,,,
anoshift_threshold_clustering_m1_v2,power,global_c_near_far,global_c,far,breadth,p_breadth,,0.0061517783291976,,0.1,0.3,composite,58032.0,,,,,
anoshift_threshold_clustering_m1_v2,power,global_c_near_far,global_c,far,z_mahalanobis_sq,p_z_mahalanobis_sq,,0.1745211964708414,,0.1,0.3,composite,32529.0,,,,,
anoshift_threshold_clustering_m1_v2,power,global_c_near_far,global_c,far,t_iut,p_t_iut,,0.0535049627791563,,0.1,0.3,composite,58032.0,,,,,
anoshift_threshold_clustering_m1_v2,power,global_c_near_far,global_c,far,z_plus_softmax,p_z_plus_softmax,,0.1258509983287888,,0.1,0.3,composite,56845.0,,,,,
anoshift_threshold_clustering_m1_v2,power,global_c_near_far,global_c,far,z_plus_orth,p_z_plus_orth,,0.1084352185768317,,0.1,0.3,composite,56845.0,,,,,
anoshift,calibration_diagnostic,iid_transfer,2006-2016,,,,,,,,,,,,,214.0,30.0,candidate_scored
anoshift,calibration_diagnostic,iid_transfer,2006-2016,,,,,,,,,,,,,214.0,30.0,selected
anoshift,fpr,iid_transfer,2006-2016,near,z_plus,p_z_plus,629.0,0.0524642289348171,,,,,,,,,,
anoshift,fpr,iid_transfer,2006-2016,near,z_plus_renorm,p_z_plus_renorm,623.0,0.081081081081081,,,,,,,,,,
anoshift,fpr,iid_transfer,2006-2016,near,breadth,p_breadth,629.0,0.0111287758346581,,,,,,,,,,
anoshift,fpr,iid_transfer,2006-2016,near,z_mahalanobis_sq,p_z_mahalanobis_sq,437.0,0.0365659777424483,,,,,,,,,,
anoshift,fpr,iid_transfer,2006-2016,near,t_iut,p_t_iut,629.0,0.0365659777424483,,,,,,,,,,
anoshift,fpr,iid_transfer,2006-2016,near,z_plus_softmax,p_z_plus_softmax,623.0,0.0747217806041335,,,,,,,,,,
anoshift,fpr,iid_transfer,2006-2016,near,z_plus_orth,p_z_plus_orth,623.0,0.068362480127186,,,,,,,,,,
anoshift,fpr,iid_transfer,2006-2016,far,z_plus,p_z_plus,2512.0,0.0521496815286624,,,,,,,,,,
anoshift,fpr,iid_transfer,2006-2016,far,z_plus_renorm,p_z_plus_renorm,2482.0,0.0625,,,,,,,,,,
anoshift,fpr,iid_transfer,2006-2016,far,breadth,p_breadth,2512.0,0.0087579617834394,,,,,,,,,,
anoshift,fpr,iid_transfer,2006-2016,far,z_mahalanobis_sq,p_z_mahalanobis_sq,1898.0,0.0342356687898089,,,,,,,,,,
anoshift,fpr,iid_transfer,2006-2016,far,t_iut,p_t_iut,2512.0,0.0433917197452229,,,,,,,,,,
anoshift,fpr,iid_transfer,2006-2016,far,z_plus_softmax,p_z_plus_softmax,2482.0,0.0804140127388535,,,,,,,,,,
anoshift,fpr,iid_transfer,2006-2016,far,z_plus_orth,p_z_plus_orth,2482.0,0.0752388535031847,,,,,,,,,,
anoshift_yearly,annual_fpr,iid_transfer,2006-2016,,z_mahalanobis_sq,p_z_mahalanobis_sq,214.0,0.0303030303030303,2016.0,,,,,,,,,
anoshift_yearly,annual_fpr,iid_transfer,2006-2016,,z_mahalanobis_sq,p_z_mahalanobis_sq,223.0,0.0421686746987951,2017.0,,,,,,,,,
anoshift_yearly,annual_fpr,iid_transfer,2006-2016,,z_mahalanobis_sq,p_z_mahalanobis_sq,250.0,0.0339943342776204,2018.0,,,,,,,,,
anoshift_yearly,annual_fpr,iid_transfer,2006-2016,,z_mahalanobis_sq,p_z_mahalanobis_sq,256.0,0.0218579234972677,2019.0,,,,,,,,,
anoshift_yearly,annual_fpr,iid_transfer,2006-2016,,z_mahalanobis_sq,p_z_mahalanobis_sq,279.0,0.0381679389312977,2020.0,,,,,,,,,
anoshift_yearly,annual_fpr,iid_transfer,2006-2016,,z_mahalanobis_sq,p_z_mahalanobis_sq,331.0,0.0420353982300885,2021.0,,,,,,,,,
anoshift_yearly,annual_fpr,iid_transfer,2006-2016,,z_mahalanobis_sq,p_z_mahalanobis_sq,388.0,0.0285171102661596,2022.0,,,,,,,,,
anoshift_yearly,annual_fpr,iid_transfer,2006-2016,,z_mahalanobis_sq,p_z_mahalanobis_sq,437.0,0.0341726618705036,2023.0,,,,,,,,,
anoshift_yearly,annual_fpr,iid_transfer,2006-2016,,z_mahalanobis_sq,p_z_mahalanobis_sq,461.0,0.0308747855917667,2024.0,,,,,,,,,
anoshift_yearly,annual_fpr,iid_transfer,2006-2016,,z_mahalanobis_sq,p_z_mahalanobis_sq,2.0,0.0,2025.0,,,,,,,,,
anoshift_correlated_gaussian,power,iid_transfer,2006-2016,near,z_plus,p_z_plus,,0.0323325635103926,,0.01,0.05,composite,437.0,0.6801385681293303,0.0,,,
anoshift_correlated_gaussian,power,iid_transfer,2006-2016,near,z_plus_renorm,p_z_plus_renorm,,0.0395348837209302,,0.01,0.05,composite,434.0,0.7412790697674418,0.0,,,
anoshift_correlated_gaussian,power,iid_transfer,2006-2016,near,breadth,p_breadth,,0.0161662817551963,,0.01,0.05,composite,437.0,0.5427251732101617,0.0,,,
anoshift_correlated_gaussian,power,iid_transfer,2006-2016,near,z_mahalanobis_sq,p_z_mahalanobis_sq,,0.0531177829099307,,0.01,0.05,composite,437.0,0.8394919168591224,0.0,,,
anoshift_correlated_gaussian,power,iid_transfer,2006-2016,near,t_iut,p_t_iut,,0.0323325635103926,,0.01,0.05,composite,437.0,0.3897228637413394,0.0,,,
anoshift_correlated_gaussian,power,iid_transfer,2006-2016,near,z_plus_softmax,p_z_plus_softmax,,0.055813953488372,,0.01,0.05,composite,434.0,0.7069767441860465,0.0,,,
anoshift_correlated_gaussian,power,iid_transfer,2006-2016,near,z_plus_orth,p_z_plus_orth,,0.0511627906976744,,0.01,0.05,composite,434.0,0.6970930232558139,0.0,,,
anoshift_correlated_gaussian,power,iid_transfer,2006-2016,near,z_plus,p_z_plus,,0.0323325635103926,,0.01,0.1,composite,437.0,0.3227482678983833,0.0,,,
anoshift_correlated_gaussian,power,iid_transfer,2006-2016,near,z_plus_renorm,p_z_plus_renorm,,0.0395348837209302,,0.01,0.1,composite,434.0,0.3808139534883721,0.0,,,
anoshift_correlated_gaussian,power,iid_transfer,2006-2016,near,breadth,p_breadth,,0.0161662817551963,,0.01,0.1,composite,437.0,0.2915704387990762,0.0,,,
anoshift_correlated_gaussian,power,iid_transfer,2006-2016,near,z_mahalanobis_sq,p_z_mahalanobis_sq,,0.0531177829099307,,0.01,0.1,composite,437.0,0.2563510392609699,0.0,,,
anoshift_correlated_gaussian,power,iid_transfer,2006-2016,near,t_iut,p_t_iut,,0.0323325635103926,,0.01,0.1,composite,437.0,0.716512702078522,0.0,,,
anoshift_correlated_gaussian,power,iid_transfer,2006-2016,near,z_plus_softmax,p_z_plus_softmax,,0.055813953488372,,0.01,0.1,composite,434.0,0.3575581395348837,0.0,,,
anoshift_correlated_gaussian,power,iid_transfer,2006-2016,near,z_plus_orth,p_z_plus_orth,,0.0511627906976744,,0.01,0.1,composite,434.0,0.3686046511627907,0.0,,,
anoshift_correlated_gaussian,power,iid_transfer,2006-2016,near,z_plus,p_z_plus,,0.0323325635103926,,0.01,0.15,composite,437.0,0.4162817551963049,0.0,,,
anoshift_correlated_gaussian,power,iid_transfer,2006-2016,near,z_plus_renorm,p_z_plus_renorm,,0.0395348837209302,,0.01,0.15,composite,434.0,0.4901162790697674,0.0,,,
anoshift_correlated_gaussian,power,iid_transfer,2006-2016,near,breadth,p_breadth,,0.0161662817551963,,0.01,0.15,composite,437.0,0.3464203233256351,0.0,,,
anoshift_correlated_gaussian,power,iid_transfer,2006-2016,near,z_mahalanobis_sq,p_z_mahalanobis_sq,,0.0531177829099307,,0.01,0.15,composite,437.0,0.6062355658198615,0.0,,,
anoshift_correlated_gaussian,power,iid_transfer,2006-2016,near,t_iut,p_t_iut,,0.0323325635103926,,0.01,0.15,composite,437.0,0.3412240184757505,0.0,,,
anoshift_correlated_gaussian,power,iid_transfer,2006-2016,near,z_plus_softmax,p_z_plus_softmax,,0.055813953488372,,0.01,0.15,composite,434.0,0.5127906976744186,0.0,,,
anoshift_correlated_gaussian,power,iid_transfer,2006-2016,near,z_plus_orth,p_z_plus_orth,,0.0511627906976744,,0.01,0.15,composite,434.0,0.5122093023255814,0.0,,,
anoshift_correlated_gaussian,power,iid_transfer,2006-2016,near,z_plus,p_z_plus,,0.0323325635103926,,0.01,0.2,composite,437.0,0.523094688221709,0.0,,,
anoshift_correlated_gaussian,power,iid_transfer,2006-2016,near,z_plus_renorm,p_z_plus_renorm,,0.0395348837209302,,0.01,0.2,composite,434.0,0.5220930232558139,0.0,,,
anoshift_correlated_gaussian,power,iid_transfer,2006-2016,near,breadth,p_breadth,,0.0161662817551963,,0.01,0.2,composite,437.0,0.555715935334873,0.0,,,
anoshift_correlated_gaussian,power,iid_transfer,2006-2016,near,z_mahalanobis_sq,p_z_mahalanobis_sq,,0.0531177829099307,,0.01,0.2,composite,437.0,0.2072748267898383,0.0,,,
anoshift_correlated_gaussian,power,iid_transfer,2006-2016,near,t_iut,p_t_iut,,0.0323325635103926,,0.01,0.2,composite,437.0,0.6968822170900693,0.0,,,
anoshift_correlated_gaussian,power,iid_transfer,2006-2016,near,z_plus_softmax,p_z_plus_softmax,,0.055813953488372,,0.01,0.2,composite,434.0,0.536046511627907,0.0,,,
anoshift_correlated_gaussian,power,iid_transfer,2006-2016,near,z_plus_orth,p_z_plus_orth,,0.0511627906976744,,0.01,0.2,composite,434.0,0.5441860465116279,0.0,,,
anoshift_correlated_gaussian,power,iid_transfer,2006-2016,near,z_plus,p_z_plus,,0.0323325635103926,,0.01,0.3,composite,437.0,0.4209006928406467,0.0,,,
anoshift_correlated_gaussian,power,iid_transfer,2006-2016,near,z_plus_renorm,p_z_plus_renorm,,0.0395348837209302,,0.01,0.3,composite,434.0,0.4406976744186046,0.0,,,
anoshift_correlated_gaussian,power,iid_transfer,2006-2016,near,breadth,p_breadth,,0.0161662817551963,,0.01,0.3,composite,437.0,0.4191685912240185,0.0,,,
anoshift_correlated_gaussian,power,iid_transfer,2006-2016,near,z_mahalanobis_sq,p_z_mahalanobis_sq,,0.0531177829099307,,0.01,0.3,composite,437.0,0.3903002309468822,0.0,,,
anoshift_correlated_gaussian,power,iid_transfer,2006-2016,near,t_iut,p_t_iut,,0.0323325635103926,,0.01,0.3,composite,437.0,0.5,0.0,,,
anoshift_correlated_gaussian,power,iid_transfer,2006-2016,near,z_plus_softmax,p_z_plus_softmax,,0.055813953488372,,0.01,0.3,composite,434.0,0.4104651162790698,0.0,,,
anoshift_correlated_gaussian,power,iid_transfer,2006-2016,near,z_plus_orth,p_z_plus_orth,,0.0511627906976744,,0.01,0.3,composite,434.0,0.4174418604651163,0.0,,,
anoshift_correlated_gaussian,power,iid_transfer,2006-2016,near,z_plus,p_z_plus,,0.0337349397590361,,0.05,0.05,composite,437.0,0.4944140197152245,0.0,,,
anoshift_correlated_gaussian,power,iid_transfer,2006-2016,near,z_plus_renorm,p_z_plus_renorm,,0.0412621359223301,,0.05,0.05,composite,434.0,0.5005516328331863,0.0,,,
anoshift_correlated_gaussian,power,iid_transfer,2006-2016,near,breadth,p_breadth,,0.016867469879518,,0.05,0.05,composite,437.0,0.4929901423877327,0.0,,,
anoshift_correlated_gaussian,power,iid_transfer,2006-2016,near,z_mahalanobis_sq,p_z_mahalanobis_sq,,0.0554216867469879,,0.05,0.05,composite,437.0,0.492552026286966,0.0,,,
anoshift_correlated_gaussian,power,iid_transfer,2006-2016,near,t_iut,p_t_iut,,0.0337349397590361,,0.05,0.05,composite,437.0,0.4319824753559694,0.0,,,
anoshift_correlated_gaussian,power,iid_transfer,2006-2016,near,z_plus_softmax,p_z_plus_softmax,,0.0558252427184466,,0.05,0.05,composite,434.0,0.4586275375110327,0.0,,,
anoshift_correlated_gaussian,power,iid_transfer,2006-2016,near,z_plus_orth,p_z_plus_orth,,0.0509708737864077,,0.05,0.05,composite,434.0,0.4600617828773168,0.0,,,
anoshift_correlated_gaussian,power,iid_transfer,2006-2016,near,z_plus,p_z_plus,,0.0337349397590361,,0.05,0.1,composite,437.0,0.3065717415115006,0.0,,,
anoshift_correlated_gaussian,power,iid_transfer,2006-2016,near,z_plus_renorm,p_z_plus_renorm,,0.0412621359223301,,0.05,0.1,composite,434.0,0.3539276257722859,0.0,,,
anoshift_correlated_gaussian,power,iid_transfer,2006-2016,near,breadth,p_breadth,,0.016867469879518,,0.05,0.1,composite,437.0,0.3668127053669222,0.0,,,
anoshift_correlated_gaussian,power,iid_transfer,2006-2016,near,z_mahalanobis_sq,p_z_mahalanobis_sq,,0.0554216867469879,,0.05,0.1,composite,437.0,0.4676889375684556,0.0,,,
anoshift_correlated_gaussian,power,iid_transfer,2006-2016,near,t_iut,p_t_iut,,0.0337349397590361,,0.05,0.1,composite,437.0,0.3880613362541073,0.0,,,
anoshift_correlated_gaussian,power,iid_transfer,2006-2016,near,z_plus_softmax,p_z_plus_softmax,,0.0558252427184466,,0.05,0.1,composite,434.0,0.3513901147396293,0.0454545454545454,,,
anoshift_correlated_gaussian,power,iid_transfer,2006-2016,near,z_plus_orth,p_z_plus_orth,,0.0509708737864077,,0.05,0.1,composite,434.0,0.3501765225066196,0.0454545454545454,,,
anoshift_correlated_gaussian,power,iid_transfer,2006-2016,near,z_plus,p_z_plus,,0.0313253012048192,,0.05,0.15,composite,437.0,0.5180722891566265,0.0454545454545454,,,
anoshift_correlated_gaussian,power,iid_transfer,2006-2016,near,z_plus_renorm,p_z_plus_renorm,,0.0315533980582524,,0.05,0.15,composite,434.0,0.536297440423654,0.0454545454545454,,,
anoshift_correlated_gaussian,power,iid_transfer,2006-2016,near,breadth,p_breadth,,0.016867469879518,,0.05,0.15,composite,437.0,0.48986856516977,0.0,,,
anoshift_correlated_gaussian,power,iid_transfer,2006-2016,near,z_mahalanobis_sq,p_z_mahalanobis_sq,,0.053012048192771,,0.05,0.15,composite,437.0,0.643592552026287,0.0454545454545454,,,
anoshift_correlated_gaussian,power,iid_transfer,2006-2016,near,t_iut,p_t_iut,,0.0337349397590361,,0.05,0.15,composite,437.0,0.4325301204819276,0.0,,,
anoshift_correlated_gaussian,power,iid_transfer,2006-2016,near,z_plus_softmax,p_z_plus_softmax,,0.0558252427184466,,0.05,0.15,composite,434.0,0.5057369814651368,0.0909090909090909,,,
anoshift_correlated_gaussian,power,iid_transfer,2006-2016,near,z_plus_orth,p_z_plus_orth,,0.0509708737864077,,0.05,0.15,composite,434.0,0.5090467784642543,0.0909090909090909,,,
anoshift_correlated_gaussian,power,iid_transfer,2006-2016,near,z_plus,p_z_plus,,0.0313253012048192,,0.05,0.2,composite,437.0,0.5027382256297919,0.0454545454545454,,,
anoshift_correlated_gaussian,power,iid_transfer,2006-2016,near,z_plus_renorm,p_z_plus_renorm,,0.0388349514563106,,0.05,0.2,composite,434.0,0.5193071491615181,0.0454545454545454,,,
anoshift_correlated_gaussian,power,iid_transfer,2006-2016,near,breadth,p_breadth,,0.016867469879518,,0.05,0.2,composite,437.0,0.5019167579408543,0.0,,,
anoshift_correlated_gaussian,power,iid_transfer,2006-2016,near,z_mahalanobis_sq,p_z_mahalanobis_sq,,0.0506024096385542,,0.05,0.2,composite,437.0,0.5372398685651698,0.0909090909090909,,,
anoshift_correlated_gaussian,power,iid_transfer,2006-2016,near,t_iut,p_t_iut,,0.0337349397590361,,0.05,0.2,composite,437.0,0.4891566265060241,0.0,,,
anoshift_correlated_gaussian,power,iid_transfer,2006-2016,near,z_plus_softmax,p_z_plus_softmax,,0.058252427184466,,0.05,0.2,composite,434.0,0.5281332744924978,0.0454545454545454,,,
anoshift_correlated_gaussian,power,iid_transfer,2006-2016,near,z_plus_orth,p_z_plus_orth,,0.0533980582524271,,0.05,0.2,composite,434.0,0.5246028243601059,0.0454545454545454,,,
anoshift_correlated_gaussian,power,iid_transfer,2006-2016,near,z_plus,p_z_plus,,0.0289156626506024,,0.05,0.3,composite,437.0,0.4443592552026287,0.0909090909090909,,,
anoshift_correlated_gaussian,power,iid_transfer,2006-2016,near,z_plus_renorm,p_z_plus_renorm,,0.0388349514563106,,0.05,0.3,composite,434.0,0.4589585172109444,0.0909090909090909,,,
anoshift_correlated_gaussian,power,iid_transfer,2006-2016,near,breadth,p_breadth,,0.016867469879518,,0.05,0.3,composite,437.0,0.4574479737130339,0.0,,,
anoshift_correlated_gaussian,power,iid_transfer,2006-2016,near,z_mahalanobis_sq,p_z_mahalanobis_sq,,0.0506024096385542,,0.05,0.3,composite,437.0,0.5204819277108433,0.1363636363636363,,,
anoshift_correlated_gaussian,power,iid_transfer,2006-2016,near,t_iut,p_t_iut,,0.0337349397590361,,0.05,0.3,composite,437.0,0.4189485213581599,0.0,,,
anoshift_correlated_gaussian,power,iid_transfer,2006-2016,near,z_plus_softmax,p_z_plus_softmax,,0.058252427184466,,0.05,0.3,composite,434.0,0.4346866725507502,0.0454545454545454,,,
anoshift_correlated_gaussian,power,iid_transfer,2006-2016,near,z_plus_orth,p_z_plus_orth,,0.0533980582524271,,0.05,0.3,composite,434.0,0.4370035304501323,0.0454545454545454,,,
anoshift_correlated_gaussian,power,iid_transfer,2006-2016,near,z_plus,p_z_plus,,0.0305343511450381,,0.1,0.05,composite,437.0,0.5735021975479991,0.0454545454545454,,,
anoshift_correlated_gaussian,power,iid_transfer,2006-2016,near,z_plus_renorm,p_z_plus_renorm,,0.0358974358974358,,0.1,0.05,composite,434.0,0.5720862470862471,0.0681818181818181,,,
anoshift_correlated_gaussian,power,iid_transfer,2006-2016,near,breadth,p_breadth,,0.015267175572519,,0.1,0.05,composite,437.0,0.5208477908859588,0.0227272727272727,,,
anoshift_correlated_gaussian,power,iid_transfer,2006-2016,near,z_mahalanobis_sq,p_z_mahalanobis_sq,,0.0483460559796437,,0.1,0.05,composite,437.0,0.5801526717557252,0.0909090909090909,,,
anoshift_correlated_gaussian,power,iid_transfer,2006-2016,near,t_iut,p_t_iut,,0.0305343511450381,,0.1,0.05,composite,437.0,0.4719523479065463,0.0454545454545454,,,
anoshift_correlated_gaussian,power,iid_transfer,2006-2016,near,z_plus_softmax,p_z_plus_softmax,,0.0512820512820512,,0.1,0.05,composite,434.0,0.5734265734265734,0.0681818181818181,,,
anoshift_correlated_gaussian,power,iid_transfer,2006-2016,near,z_plus_orth,p_z_plus_orth,,0.0461538461538461,,0.1,0.05,composite,434.0,0.5712703962703963,0.0681818181818181,,,
anoshift_correlated_gaussian,power,iid_transfer,2006-2016,near,z_plus,p_z_plus,,0.0305343511450381,,0.1,0.1,composite,437.0,0.4744968771686328,0.0681818181818181,,,
anoshift_correlated_gaussian,power,iid_transfer,2006-2016,near,z_plus_renorm,p_z_plus_renorm,,0.0383631713554987,,0.1,0.1,composite,434.0,0.4741569023969547,0.0232558139534883,,,
anoshift_correlated_gaussian,power,iid_transfer,2006-2016,near,breadth,p_breadth,,0.0178117048346055,,0.1,0.1,composite,437.0,0.5121732593106638,0.0,,,
anoshift_correlated_gaussian,power,iid_transfer,2006-2016,near,z_mahalanobis_sq,p_z_mahalanobis_sq,,0.0508905852417302,,0.1,0.1,composite,437.0,0.4624103631737219,0.0681818181818181,,,
anoshift_correlated_gaussian,power,iid_transfer,2006-2016,near,t_iut,p_t_iut,,0.0330788804071246,,0.1,0.1,composite,437.0,0.4769257460097154,0.0227272727272727,,,
anoshift_correlated_gaussian,power,iid_transfer,2006-2016,near,z_plus_softmax,p_z_plus_softmax,,0.0537084398976982,,0.1,0.1,composite,434.0,0.4833164812942366,0.0697674418604651,,,
anoshift_correlated_gaussian,power,iid_transfer,2006-2016,near,z_plus_orth,p_z_plus_orth,,0.0511508951406649,,0.1,0.1,composite,434.0,0.4800452031166359,0.0697674418604651,,,
anoshift_correlated_gaussian,power,iid_transfer,2006-2016,near,z_plus,p_z_plus,,0.0356234096692111,,0.1,0.15,composite,437.0,0.4389891279204256,0.0,,,
anoshift_correlated_gaussian,power,iid_transfer,2006-2016,near,z_plus_renorm,p_z_plus_renorm,,0.0384615384615384,,0.1,0.15,composite,434.0,0.4352564102564102,0.0227272727272727,,,
anoshift_correlated_gaussian,power,iid_transfer,2006-2016,near,breadth,p_breadth,,0.0178117048346055,,0.1,0.15,composite,437.0,0.4838364561647005,0.0,,,
anoshift_correlated_gaussian,power,iid_transfer,2006-2016,near,z_mahalanobis_sq,p_z_mahalanobis_sq,,0.0559796437659033,,0.1,0.15,composite,437.0,0.479296784640296,0.0227272727272727,,,
anoshift_correlated_gaussian,power,iid_transfer,2006-2016,near,t_iut,p_t_iut,,0.0356234096692111,,0.1,0.15,composite,437.0,0.4572634744390469,0.0,,,
anoshift_correlated_gaussian,power,iid_transfer,2006-2016,near,z_plus_softmax,p_z_plus_softmax,,0.0589743589743589,,0.1,0.15,composite,434.0,0.4382867132867133,0.0227272727272727,,,
anoshift_correlated_gaussian,power,iid_transfer,2006-2016,near,z_plus_orth,p_z_plus_orth,,0.0538461538461538,,0.1,0.15,composite,434.0,0.4375874125874126,0.0227272727272727,,,
anoshift_correlated_gaussian,power,iid_transfer,2006-2016,near,z_plus,p_z_plus,,0.0330788804071246,,0.1,0.2,composite,437.0,0.4744968771686328,0.0454545454545454,,,
anoshift_correlated_gaussian,power,iid_transfer,2006-2016,near,z_plus_renorm,p_z_plus_renorm,,0.0435897435897435,,0.1,0.2,composite,434.0,0.4866550116550116,0.0454545454545454,,,
anoshift_correlated_gaussian,power,iid_transfer,2006-2016,near,breadth,p_breadth,,0.0178117048346055,,0.1,0.2,composite,437.0,0.448560027758501,0.0227272727272727,,,
anoshift_correlated_gaussian,power,iid_transfer,2006-2016,near,z_mahalanobis_sq,p_z_mahalanobis_sq,,0.0559796437659033,,0.1,0.2,composite,437.0,0.5057251908396946,0.0227272727272727,,,
anoshift_correlated_gaussian,power,iid_transfer,2006-2016,near,t_iut,p_t_iut,,0.0305343511450381,,0.1,0.2,composite,437.0,0.4956627342123525,0.0454545454545454,,,
anoshift_correlated_gaussian,power,iid_transfer,2006-2016,near,z_plus_softmax,p_z_plus_softmax,,0.0538461538461538,,0.1,0.2,composite,434.0,0.4701631701631702,0.0681818181818181,,,
anoshift_correlated_gaussian,power,iid_transfer,2006-2016,near,z_plus_orth,p_z_plus_orth,,0.0512820512820512,,0.1,0.2,composite,434.0,0.4699300699300699,0.0681818181818181,,,
anoshift_correlated_gaussian,power,iid_transfer,2006-2016,near,z_plus,p_z_plus,,0.0356234096692111,,0.1,0.3,composite,437.0,0.4808582003238492,0.0,,,
anoshift_correlated_gaussian,power,iid_transfer,2006-2016,near,z_plus_renorm,p_z_plus_renorm,,0.0434782608695652,,0.1,0.3,composite,434.0,0.4765954915838934,0.0232558139534883,,,
anoshift_correlated_gaussian,power,iid_transfer,2006-2016,near,breadth,p_breadth,,0.0127226463104325,,0.1,0.3,composite,437.0,0.479614850798057,0.0454545454545454,,,
anoshift_correlated_gaussian,power,iid_transfer,2006-2016,near,z_mahalanobis_sq,p_z_mahalanobis_sq,,0.0559796437659033,,0.1,0.3,composite,437.0,0.5560953041869072,0.0,,,
anoshift_correlated_gaussian,power,iid_transfer,2006-2016,near,t_iut,p_t_iut,,0.0279898218829516,,0.1,0.3,composite,437.0,0.4769835762202175,0.0681818181818181,,,
anoshift_correlated_gaussian,power,iid_transfer,2006-2016,near,z_plus_softmax,p_z_plus_softmax,,0.0511508951406649,,0.1,0.3,composite,434.0,0.4840302147148039,0.0465116279069767,,,
anoshift_correlated_gaussian,power,iid_transfer,2006-2016,near,z_plus_orth,p_z_plus_orth,,0.0460358056265984,,0.1,0.3,composite,434.0,0.4818295366680545,0.0465116279069767,,,
anoshift_threshold_clustering_m1_v2,power,iid_transfer,2006-2016,near,z_plus,p_z_plus,,0.0830059277639922,,0.01,0.05,composite,58032.0,,,,,
anoshift_threshold_clustering_m1_v2,power,iid_transfer,2006-2016,near,z_plus_renorm,p_z_plus_renorm,,0.0991819861025595,,0.01,0.05,composite,56845.0,,,,,
anoshift_threshold_clustering_m1_v2,power,iid_transfer,2006-2016,near,breadth,p_breadth,,0.0061517783291976,,0.01,0.05,composite,58032.0,,,,,
anoshift_threshold_clustering_m1_v2,power,iid_transfer,2006-2016,near,z_mahalanobis_sq,p_z_mahalanobis_sq,,0.1745211964708414,,0.01,0.05,composite,32529.0,,,,,
anoshift_threshold_clustering_m1_v2,power,iid_transfer,2006-2016,near,t_iut,p_t_iut,,0.0535049627791563,,0.01,0.05,composite,58032.0,,,,,
anoshift_threshold_clustering_m1_v2,power,iid_transfer,2006-2016,near,z_plus_softmax,p_z_plus_softmax,,0.1258509983287888,,0.01,0.05,composite,56845.0,,,,,
anoshift_threshold_clustering_m1_v2,power,iid_transfer,2006-2016,near,z_plus_orth,p_z_plus_orth,,0.1084352185768317,,0.01,0.05,composite,56845.0,,,,,
anoshift_threshold_clustering_m1_v2,power,iid_transfer,2006-2016,near,z_plus,p_z_plus,,0.0830059277639922,,0.01,0.1,composite,58032.0,,,,,
anoshift_threshold_clustering_m1_v2,power,iid_transfer,2006-2016,near,z_plus_renorm,p_z_plus_renorm,,0.0991819861025595,,0.01,0.1,composite,56845.0,,,,,
anoshift_threshold_clustering_m1_v2,power,iid_transfer,2006-2016,near,breadth,p_breadth,,0.0061517783291976,,0.01,0.1,composite,58032.0,,,,,
anoshift_threshold_clustering_m1_v2,power,iid_transfer,2006-2016,near,z_mahalanobis_sq,p_z_mahalanobis_sq,,0.1745211964708414,,0.01,0.1,composite,32529.0,,,,,
anoshift_threshold_clustering_m1_v2,power,iid_transfer,2006-2016,near,t_iut,p_t_iut,,0.0535049627791563,,0.01,0.1,composite,58032.0,,,,,
anoshift_threshold_clustering_m1_v2,power,iid_transfer,2006-2016,near,z_plus_softmax,p_z_plus_softmax,,0.1258509983287888,,0.01,0.1,composite,56845.0,,,,,
anoshift_threshold_clustering_m1_v2,power,iid_transfer,2006-2016,near,z_plus_orth,p_z_plus_orth,,0.1084352185768317,,0.01,0.1,composite,56845.0,,,,,
anoshift_threshold_clustering_m1_v2,power,iid_transfer,2006-2016,near,z_plus,p_z_plus,,0.0830059277639922,,0.01,0.15,composite,58032.0,,,,,
anoshift_threshold_clustering_m1_v2,power,iid_transfer,2006-2016,near,z_plus_renorm,p_z_plus_renorm,,0.0991819861025595,,0.01,0.15,composite,56845.0,,,,,
anoshift_threshold_clustering_m1_v2,power,iid_transfer,2006-2016,near,breadth,p_breadth,,0.0061517783291976,,0.01,0.15,composite,58032.0,,,,,
anoshift_threshold_clustering_m1_v2,power,iid_transfer,2006-2016,near,z_mahalanobis_sq,p_z_mahalanobis_sq,,0.1745211964708414,,0.01,0.15,composite,32529.0,,,,,
anoshift_threshold_clustering_m1_v2,power,iid_transfer,2006-2016,near,t_iut,p_t_iut,,0.0535049627791563,,0.01,0.15,composite,58032.0,,,,,
anoshift_threshold_clustering_m1_v2,power,iid_transfer,2006-2016,near,z_plus_softmax,p_z_plus_softmax,,0.1258509983287888,,0.01,0.15,composite,56845.0,,,,,
anoshift_threshold_clustering_m1_v2,power,iid_transfer,2006-2016,near,z_plus_orth,p_z_plus_orth,,0.1084352185768317,,0.01,0.15,composite,56845.0,,,,,
anoshift_threshold_clustering_m1_v2,power,iid_transfer,2006-2016,near,z_plus,p_z_plus,,0.0830059277639922,,0.01,0.2,composite,58032.0,,,,,
anoshift_threshold_clustering_m1_v2,power,iid_transfer,2006-2016,near,z_plus_renorm,p_z_plus_renorm,,0.0991819861025595,,0.01,0.2,composite,56845.0,,,,,
anoshift_threshold_clustering_m1_v2,power,iid_transfer,2006-2016,near,breadth,p_breadth,,0.0061517783291976,,0.01,0.2,composite,58032.0,,,,,
anoshift_threshold_clustering_m1_v2,power,iid_transfer,2006-2016,near,z_mahalanobis_sq,p_z_mahalanobis_sq,,0.1745211964708414,,0.01,0.2,composite,32529.0,,,,,
anoshift_threshold_clustering_m1_v2,power,iid_transfer,2006-2016,near,t_iut,p_t_iut,,0.0535049627791563,,0.01,0.2,composite,58032.0,,,,,
anoshift_threshold_clustering_m1_v2,power,iid_transfer,2006-2016,near,z_plus_softmax,p_z_plus_softmax,,0.1258509983287888,,0.01,0.2,composite,56845.0,,,,,
anoshift_threshold_clustering_m1_v2,power,iid_transfer,2006-2016,near,z_plus_orth,p_z_plus_orth,,0.1084352185768317,,0.01,0.2,composite,56845.0,,,,,
anoshift_threshold_clustering_m1_v2,power,iid_transfer,2006-2016,near,z_plus,p_z_plus,,0.0830059277639922,,0.01,0.3,composite,58032.0,,,,,
anoshift_threshold_clustering_m1_v2,power,iid_transfer,2006-2016,near,z_plus_renorm,p_z_plus_renorm,,0.0991819861025595,,0.01,0.3,composite,56845.0,,,,,
anoshift_threshold_clustering_m1_v2,power,iid_transfer,2006-2016,near,breadth,p_breadth,,0.0061517783291976,,0.01,0.3,composite,58032.0,,,,,
anoshift_threshold_clustering_m1_v2,power,iid_transfer,2006-2016,near,z_mahalanobis_sq,p_z_mahalanobis_sq,,0.1745211964708414,,0.01,0.3,composite,32529.0,,,,,
anoshift_threshold_clustering_m1_v2,power,iid_transfer,2006-2016,near,t_iut,p_t_iut,,0.0535049627791563,,0.01,0.3,composite,58032.0,,,,,
anoshift_threshold_clustering_m1_v2,power,iid_transfer,2006-2016,near,z_plus_softmax,p_z_plus_softmax,,0.1258509983287888,,0.01,0.3,composite,56845.0,,,,,
anoshift_threshold_clustering_m1_v2,power,iid_transfer,2006-2016,near,z_plus_orth,p_z_plus_orth,,0.1084352185768317,,0.01,0.3,composite,56845.0,,,,,
anoshift_threshold_clustering_m1_v2,power,iid_transfer,2006-2016,near,z_plus,p_z_plus,,0.0830059277639922,,0.05,0.05,composite,58032.0,,,,,
anoshift_threshold_clustering_m1_v2,power,iid_transfer,2006-2016,near,z_plus_renorm,p_z_plus_renorm,,0.0991819861025595,,0.05,0.05,composite,56845.0,,,,,
anoshift_threshold_clustering_m1_v2,power,iid_transfer,2006-2016,near,breadth,p_breadth,,0.0061517783291976,,0.05,0.05,composite,58032.0,,,,,
anoshift_threshold_clustering_m1_v2,power,iid_transfer,2006-2016,near,z_mahalanobis_sq,p_z_mahalanobis_sq,,0.1745211964708414,,0.05,0.05,composite,32529.0,,,,,
anoshift_threshold_clustering_m1_v2,power,iid_transfer,2006-2016,near,t_iut,p_t_iut,,0.0535049627791563,,0.05,0.05,composite,58032.0,,,,,
anoshift_threshold_clustering_m1_v2,power,iid_transfer,2006-2016,near,z_plus_softmax,p_z_plus_softmax,,0.1258509983287888,,0.05,0.05,composite,56845.0,,,,,
anoshift_threshold_clustering_m1_v2,power,iid_transfer,2006-2016,near,z_plus_orth,p_z_plus_orth,,0.1084352185768317,,0.05,0.05,composite,56845.0,,,,,
anoshift_threshold_clustering_m1_v2,power,iid_transfer,2006-2016,near,z_plus,p_z_plus,,0.0830059277639922,,0.05,0.1,composite,58032.0,,,,,
anoshift_threshold_clustering_m1_v2,power,iid_transfer,2006-2016,near,z_plus_renorm,p_z_plus_renorm,,0.0991819861025595,,0.05,0.1,composite,56845.0,,,,,
anoshift_threshold_clustering_m1_v2,power,iid_transfer,2006-2016,near,breadth,p_breadth,,0.0061517783291976,,0.05,0.1,composite,58032.0,,,,,
anoshift_threshold_clustering_m1_v2,power,iid_transfer,2006-2016,near,z_mahalanobis_sq,p_z_mahalanobis_sq,,0.1745211964708414,,0.05,0.1,composite,32529.0,,,,,
anoshift_threshold_clustering_m1_v2,power,iid_transfer,2006-2016,near,t_iut,p_t_iut,,0.0535049627791563,,0.05,0.1,composite,58032.0,,,,,
anoshift_threshold_clustering_m1_v2,power,iid_transfer,2006-2016,near,z_plus_softmax,p_z_plus_softmax,,0.1258509983287888,,0.05,0.1,composite,56845.0,,,,,
anoshift_threshold_clustering_m1_v2,power,iid_transfer,2006-2016,near,z_plus_orth,p_z_plus_orth,,0.1084352185768317,,0.05,0.1,composite,56845.0,,,,,
anoshift_threshold_clustering_m1_v2,power,iid_transfer,2006-2016,near,z_plus,p_z_plus,,0.0830059277639922,,0.05,0.15,composite,58032.0,,,,,
anoshift_threshold_clustering_m1_v2,power,iid_transfer,2006-2016,near,z_plus_renorm,p_z_plus_renorm,,0.0991819861025595,,0.05,0.15,composite,56845.0,,,,,
anoshift_threshold_clustering_m1_v2,power,iid_transfer,2006-2016,near,breadth,p_breadth,,0.0061517783291976,,0.05,0.15,composite,58032.0,,,,,
anoshift_threshold_clustering_m1_v2,power,iid_transfer,2006-2016,near,z_mahalanobis_sq,p_z_mahalanobis_sq,,0.1745211964708414,,0.05,0.15,composite,32529.0,,,,,
anoshift_threshold_clustering_m1_v2,power,iid_transfer,2006-2016,near,t_iut,p_t_iut,,0.0535049627791563,,0.05,0.15,composite,58032.0,,,,,
anoshift_threshold_clustering_m1_v2,power,iid_transfer,2006-2016,near,z_plus_softmax,p_z_plus_softmax,,0.1258509983287888,,0.05,0.15,composite,56845.0,,,,,
anoshift_threshold_clustering_m1_v2,power,iid_transfer,2006-2016,near,z_plus_orth,p_z_plus_orth,,0.1084352185768317,,0.05,0.15,composite,56845.0,,,,,
anoshift_threshold_clustering_m1_v2,power,iid_transfer,2006-2016,near,z_plus,p_z_plus,,0.0830059277639922,,0.05,0.2,composite,58032.0,,,,,
anoshift_threshold_clustering_m1_v2,power,iid_transfer,2006-2016,near,z_plus_renorm,p_z_plus_renorm,,0.0991819861025595,,0.05,0.2,composite,56845.0,,,,,
anoshift_threshold_clustering_m1_v2,power,iid_transfer,2006-2016,near,breadth,p_breadth,,0.0061517783291976,,0.05,0.2,composite,58032.0,,,,,
anoshift_threshold_clustering_m1_v2,power,iid_transfer,2006-2016,near,z_mahalanobis_sq,p_z_mahalanobis_sq,,0.1745211964708414,,0.05,0.2,composite,32529.0,,,,,
anoshift_threshold_clustering_m1_v2,power,iid_transfer,2006-2016,near,t_iut,p_t_iut,,0.0535049627791563,,0.05,0.2,composite,58032.0,,,,,
anoshift_threshold_clustering_m1_v2,power,iid_transfer,2006-2016,near,z_plus_softmax,p_z_plus_softmax,,0.1258509983287888,,0.05,0.2,composite,56845.0,,,,,
anoshift_threshold_clustering_m1_v2,power,iid_transfer,2006-2016,near,z_plus_orth,p_z_plus_orth,,0.1084352185768317,,0.05,0.2,composite,56845.0,,,,,
anoshift_threshold_clustering_m1_v2,power,iid_transfer,2006-2016,near,z_plus,p_z_plus,,0.0830059277639922,,0.05,0.3,composite,58032.0,,,,,
anoshift_threshold_clustering_m1_v2,power,iid_transfer,2006-2016,near,z_plus_renorm,p_z_plus_renorm,,0.0991819861025595,,0.05,0.3,composite,56845.0,,,,,
anoshift_threshold_clustering_m1_v2,power,iid_transfer,2006-2016,near,breadth,p_breadth,,0.0061517783291976,,0.05,0.3,composite,58032.0,,,,,
anoshift_threshold_clustering_m1_v2,power,iid_transfer,2006-2016,near,z_mahalanobis_sq,p_z_mahalanobis_sq,,0.1745211964708414,,0.05,0.3,composite,32529.0,,,,,
anoshift_threshold_clustering_m1_v2,power,iid_transfer,2006-2016,near,t_iut,p_t_iut,,0.0535049627791563,,0.05,0.3,composite,58032.0,,,,,
anoshift_threshold_clustering_m1_v2,power,iid_transfer,2006-2016,near,z_plus_softmax,p_z_plus_softmax,,0.1258509983287888,,0.05,0.3,composite,56845.0,,,,,
anoshift_threshold_clustering_m1_v2,power,iid_transfer,2006-2016,near,z_plus_orth,p_z_plus_orth,,0.1084352185768317,,0.05,0.3,composite,56845.0,,,,,
anoshift_threshold_clustering_m1_v2,power,iid_transfer,2006-2016,near,z_plus,p_z_plus,,0.0830059277639922,,0.1,0.05,composite,58032.0,,,,,
anoshift_threshold_clustering_m1_v2,power,iid_transfer,2006-2016,near,z_plus_renorm,p_z_plus_renorm,,0.0991819861025595,,0.1,0.05,composite,56845.0,,,,,
anoshift_threshold_clustering_m1_v2,power,iid_transfer,2006-2016,near,breadth,p_breadth,,0.0061517783291976,,0.1,0.05,composite,58032.0,,,,,
anoshift_threshold_clustering_m1_v2,power,iid_transfer,2006-2016,near,z_mahalanobis_sq,p_z_mahalanobis_sq,,0.1745211964708414,,0.1,0.05,composite,32529.0,,,,,
anoshift_threshold_clustering_m1_v2,power,iid_transfer,2006-2016,near,t_iut,p_t_iut,,0.0535049627791563,,0.1,0.05,composite,58032.0,,,,,
anoshift_threshold_clustering_m1_v2,power,iid_transfer,2006-2016,near,z_plus_softmax,p_z_plus_softmax,,0.1258509983287888,,0.1,0.05,composite,56845.0,,,,,
anoshift_threshold_clustering_m1_v2,power,iid_transfer,2006-2016,near,z_plus_orth,p_z_plus_orth,,0.1084352185768317,,0.1,0.05,composite,56845.0,,,,,
anoshift_threshold_clustering_m1_v2,power,iid_transfer,2006-2016,near,z_plus,p_z_plus,,0.0830059277639922,,0.1,0.1,composite,58032.0,,,,,
anoshift_threshold_clustering_m1_v2,power,iid_transfer,2006-2016,near,z_plus_renorm,p_z_plus_renorm,,0.0991819861025595,,0.1,0.1,composite,56845.0,,,,,
anoshift_threshold_clustering_m1_v2,power,iid_transfer,2006-2016,near,breadth,p_breadth,,0.0061517783291976,,0.1,0.1,composite,58032.0,,,,,
anoshift_threshold_clustering_m1_v2,power,iid_transfer,2006-2016,near,z_mahalanobis_sq,p_z_mahalanobis_sq,,0.1745211964708414,,0.1,0.1,composite,32529.0,,,,,
anoshift_threshold_clustering_m1_v2,power,iid_transfer,2006-2016,near,t_iut,p_t_iut,,0.0535049627791563,,0.1,0.1,composite,58032.0,,,,,
anoshift_threshold_clustering_m1_v2,power,iid_transfer,2006-2016,near,z_plus_softmax,p_z_plus_softmax,,0.1258509983287888,,0.1,0.1,composite,56845.0,,,,,
anoshift_threshold_clustering_m1_v2,power,iid_transfer,2006-2016,near,z_plus_orth,p_z_plus_orth,,0.1084352185768317,,0.1,0.1,composite,56845.0,,,,,
anoshift_threshold_clustering_m1_v2,power,iid_transfer,2006-2016,near,z_plus,p_z_plus,,0.0830059277639922,,0.1,0.15,composite,58032.0,,,,,
anoshift_threshold_clustering_m1_v2,power,iid_transfer,2006-2016,near,z_plus_renorm,p_z_plus_renorm,,0.0991819861025595,,0.1,0.15,composite,56845.0,,,,,
anoshift_threshold_clustering_m1_v2,power,iid_transfer,2006-2016,near,breadth,p_breadth,,0.0061517783291976,,0.1,0.15,composite,58032.0,,,,,
anoshift_threshold_clustering_m1_v2,power,iid_transfer,2006-2016,near,z_mahalanobis_sq,p_z_mahalanobis_sq,,0.1745211964708414,,0.1,0.15,composite,32529.0,,,,,
anoshift_threshold_clustering_m1_v2,power,iid_transfer,2006-2016,near,t_iut,p_t_iut,,0.0535049627791563,,0.1,0.15,composite,58032.0,,,,,
anoshift_threshold_clustering_m1_v2,power,iid_transfer,2006-2016,near,z_plus_softmax,p_z_plus_softmax,,0.1258509983287888,,0.1,0.15,composite,56845.0,,,,,
anoshift_threshold_clustering_m1_v2,power,iid_transfer,2006-2016,near,z_plus_orth,p_z_plus_orth,,0.1084352185768317,,0.1,0.15,composite,56845.0,,,,,
anoshift_threshold_clustering_m1_v2,power,iid_transfer,2006-2016,near,z_plus,p_z_plus,,0.0830059277639922,,0.1,0.2,composite,58032.0,,,,,
anoshift_threshold_clustering_m1_v2,power,iid_transfer,2006-2016,near,z_plus_renorm,p_z_plus_renorm,,0.0991819861025595,,0.1,0.2,composite,56845.0,,,,,
anoshift_threshold_clustering_m1_v2,power,iid_transfer,2006-2016,near,breadth,p_breadth,,0.0061517783291976,,0.1,0.2,composite,58032.0,,,,,
anoshift_threshold_clustering_m1_v2,power,iid_transfer,2006-2016,near,z_mahalanobis_sq,p_z_mahalanobis_sq,,0.1745211964708414,,0.1,0.2,composite,32529.0,,,,,
anoshift_threshold_clustering_m1_v2,power,iid_transfer,2006-2016,near,t_iut,p_t_iut,,0.0535049627791563,,0.1,0.2,composite,58032.0,,,,,
anoshift_threshold_clustering_m1_v2,power,iid_transfer,2006-2016,near,z_plus_softmax,p_z_plus_softmax,,0.1258509983287888,,0.1,0.2,composite,56845.0,,,,,
anoshift_threshold_clustering_m1_v2,power,iid_transfer,2006-2016,near,z_plus_orth,p_z_plus_orth,,0.1084352185768317,,0.1,0.2,composite,56845.0,,,,,
anoshift_threshold_clustering_m1_v2,power,iid_transfer,2006-2016,near,z_plus,p_z_plus,,0.0830059277639922,,0.1,0.3,composite,58032.0,,,,,
anoshift_threshold_clustering_m1_v2,power,iid_transfer,2006-2016,near,z_plus_renorm,p_z_plus_renorm,,0.0991819861025595,,0.1,0.3,composite,56845.0,,,,,
anoshift_threshold_clustering_m1_v2,power,iid_transfer,2006-2016,near,breadth,p_breadth,,0.0061517783291976,,0.1,0.3,composite,58032.0,,,,,
anoshift_threshold_clustering_m1_v2,power,iid_transfer,2006-2016,near,z_mahalanobis_sq,p_z_mahalanobis_sq,,0.1745211964708414,,0.1,0.3,composite,32529.0,,,,,
anoshift_threshold_clustering_m1_v2,power,iid_transfer,2006-2016,near,t_iut,p_t_iut,,0.0535049627791563,,0.1,0.3,composite,58032.0,,,,,
anoshift_threshold_clustering_m1_v2,power,iid_transfer,2006-2016,near,z_plus_softmax,p_z_plus_softmax,,0.1258509983287888,,0.1,0.3,composite,56845.0,,,,,
anoshift_threshold_clustering_m1_v2,power,iid_transfer,2006-2016,near,z_plus_orth,p_z_plus_orth,,0.1084352185768317,,0.1,0.3,composite,56845.0,,,,,
anoshift_correlated_gaussian,power,iid_transfer,2006-2016,far,z_plus,p_z_plus,,0.0452368281000532,,0.01,0.05,composite,1898.0,0.5446626144925913,0.0526315789473684,,,
anoshift_correlated_gaussian,power,iid_transfer,2006-2016,far,z_plus_renorm,p_z_plus_renorm,,0.0418904403866809,,0.01,0.05,composite,1881.0,0.540703261914184,0.0,,,
anoshift_correlated_gaussian,power,iid_transfer,2006-2016,far,breadth,p_breadth,,0.011708355508249,,0.01,0.05,composite,1898.0,0.4920170303352847,0.0,,,
anoshift_correlated_gaussian,power,iid_transfer,2006-2016,far,z_mahalanobis_sq,p_z_mahalanobis_sq,,0.0452368281000532,,0.01,0.05,composite,1898.0,0.4911066916893084,0.0526315789473684,,,
anoshift_correlated_gaussian,power,iid_transfer,2006-2016,far,t_iut,p_t_iut,,0.0356572645023948,,0.01,0.05,composite,1898.0,0.4921430772247275,0.0,,,
anoshift_correlated_gaussian,power,iid_transfer,2006-2016,far,z_plus_softmax,p_z_plus_softmax,,0.0596133190118152,,0.01,0.05,composite,1881.0,0.5173836847758493,0.1052631578947368,,,
anoshift_correlated_gaussian,power,iid_transfer,2006-2016,far,z_plus_orth,p_z_plus_orth,,0.0558539205155746,,0.01,0.05,composite,1881.0,0.5145570693651422,0.1052631578947368,,,
anoshift_correlated_gaussian,power,iid_transfer,2006-2016,far,z_plus,p_z_plus,,0.0457690260777009,,0.01,0.1,composite,1898.0,0.4781658777065068,0.0,,,
anoshift_correlated_gaussian,power,iid_transfer,2006-2016,far,z_plus_renorm,p_z_plus_renorm,,0.0418904403866809,,0.01,0.1,composite,1881.0,0.4991237492226807,0.0,,,
anoshift_correlated_gaussian,power,iid_transfer,2006-2016,far,breadth,p_breadth,,0.011708355508249,,0.01,0.1,composite,1898.0,0.4549172292092658,0.0,,,
anoshift_correlated_gaussian,power,iid_transfer,2006-2016,far,z_mahalanobis_sq,p_z_mahalanobis_sq,,0.0457690260777009,,0.01,0.1,composite,1898.0,0.5700680653202992,0.0,,,
anoshift_correlated_gaussian,power,iid_transfer,2006-2016,far,t_iut,p_t_iut,,0.0356572645023948,,0.01,0.1,composite,1898.0,0.4229573401305285,0.0,,,
anoshift_correlated_gaussian,power,iid_transfer,2006-2016,far,z_plus_softmax,p_z_plus_softmax,,0.0612244897959183,,0.01,0.1,composite,1881.0,0.4821357906043304,0.0,,,
anoshift_correlated_gaussian,power,iid_transfer,2006-2016,far,z_plus_orth,p_z_plus_orth,,0.0574650912996777,,0.01,0.1,composite,1881.0,0.4809203459777262,0.0,,,
anoshift_correlated_gaussian,power,iid_transfer,2006-2016,far,z_plus,p_z_plus,,0.0452368281000532,,0.01,0.15,composite,1898.0,0.546357244895101,0.0,,,
anoshift_correlated_gaussian,power,iid_transfer,2006-2016,far,z_plus_renorm,p_z_plus_renorm,,0.0413533834586466,,0.01,0.15,composite,1880.0,0.530671917889963,0.0555555555555555,,,
anoshift_correlated_gaussian,power,iid_transfer,2006-2016,far,breadth,p_breadth,,0.011708355508249,,0.01,0.15,composite,1898.0,0.5879667236211871,0.0,,,
anoshift_correlated_gaussian,power,iid_transfer,2006-2016,far,z_mahalanobis_sq,p_z_mahalanobis_sq,,0.0447046301224055,,0.01,0.15,composite,1898.0,0.5786952746421669,0.1052631578947368,,,
anoshift_correlated_gaussian,power,iid_transfer,2006-2016,far,t_iut,p_t_iut,,0.0351250665247472,,0.01,0.15,composite,1898.0,0.481667180191031,0.0526315789473684,,,
anoshift_correlated_gaussian,power,iid_transfer,2006-2016,far,z_plus_softmax,p_z_plus_softmax,,0.0612244897959183,,0.01,0.15,composite,1880.0,0.5441580140828262,0.1111111111111111,,,
anoshift_correlated_gaussian,power,iid_transfer,2006-2016,far,z_plus_orth,p_z_plus_orth,,0.0569280343716433,,0.01,0.15,composite,1880.0,0.5400405776345626,0.1111111111111111,,,
anoshift_correlated_gaussian,power,iid_transfer,2006-2016,far,z_plus,p_z_plus,,0.0457690260777009,,0.01,0.2,composite,1898.0,0.4164589227192515,0.0,,,
anoshift_correlated_gaussian,power,iid_transfer,2006-2016,far,z_plus_renorm,p_z_plus_renorm,,0.0413533834586466,,0.01,0.2,composite,1881.0,0.3731980326756741,0.1052631578947368,,,
anoshift_correlated_gaussian,power,iid_transfer,2006-2016,far,breadth,p_breadth,,0.011708355508249,,0.01,0.2,composite,1898.0,0.4587126411024901,0.0,,,
anoshift_correlated_gaussian,power,iid_transfer,2006-2016,far,z_mahalanobis_sq,p_z_mahalanobis_sq,,0.0452368281000532,,0.01,0.2,composite,1898.0,0.4226492255118904,0.0526315789473684,,,
anoshift_correlated_gaussian,power,iid_transfer,2006-2016,far,t_iut,p_t_iut,,0.0356572645023948,,0.01,0.2,composite,1898.0,0.407439567519117,0.0526315789473684,,,
anoshift_correlated_gaussian,power,iid_transfer,2006-2016,far,z_plus_softmax,p_z_plus_softmax,,0.0617615467239527,,0.01,0.2,composite,1881.0,0.3773531573294137,0.0526315789473684,,,
anoshift_correlated_gaussian,power,iid_transfer,2006-2016,far,z_plus_orth,p_z_plus_orth,,0.0580021482277121,,0.01,0.2,composite,1881.0,0.3792469896545876,0.0526315789473684,,,
anoshift_correlated_gaussian,power,iid_transfer,2006-2016,far,z_plus,p_z_plus,,0.0441724321447578,,0.01,0.3,composite,1898.0,0.4944959524943279,0.1578947368421052,,,
anoshift_correlated_gaussian,power,iid_transfer,2006-2016,far,z_plus_renorm,p_z_plus_renorm,,0.0418904403866809,,0.01,0.3,composite,1881.0,0.449884108768161,0.0526315789473684,,,
anoshift_correlated_gaussian,power,iid_transfer,2006-2016,far,breadth,p_breadth,,0.011708355508249,,0.01,0.3,composite,1898.0,0.5731632167166185,0.0526315789473684,,,
anoshift_correlated_gaussian,power,iid_transfer,2006-2016,far,z_mahalanobis_sq,p_z_mahalanobis_sq,,0.0452368281000532,,0.01,0.3,composite,1898.0,0.5410772807484383,0.0526315789473684,,,
anoshift_correlated_gaussian,power,iid_transfer,2006-2016,far,t_iut,p_t_iut,,0.0356572645023948,,0.01,0.3,composite,1898.0,0.4396795607966163,0.1052631578947368,,,
anoshift_correlated_gaussian,power,iid_transfer,2006-2016,far,z_plus_softmax,p_z_plus_softmax,,0.0612244897959183,,0.01,0.3,composite,1881.0,0.4770196167109503,0.1578947368421052,,,
anoshift_correlated_gaussian,power,iid_transfer,2006-2016,far,z_plus_orth,p_z_plus_orth,,0.0574650912996777,,0.01,0.3,composite,1881.0,0.4811182090564758,0.1578947368421052,,,
anoshift_correlated_gaussian,power,iid_transfer,2006-2016,far,z_plus,p_z_plus,,0.045479755962285,,0.05,0.05,composite,1898.0,0.5008115129754502,0.0421052631578947,,,
anoshift_correlated_gaussian,power,iid_transfer,2006-2016,far,z_plus_renorm,p_z_plus_renorm,,0.0413870246085011,,0.05,0.05,composite,1882.0,0.5249952401351802,0.0531914893617021,,,
anoshift_correlated_gaussian,power,iid_transfer,2006-2016,far,breadth,p_breadth,,0.0116472545757071,,0.05,0.05,composite,1898.0,0.4693230580611262,0.0105263157894736,,,
anoshift_correlated_gaussian,power,iid_transfer,2006-2016,far,z_mahalanobis_sq,p_z_mahalanobis_sq,,0.0465890183028286,,0.05,0.05,composite,1898.0,0.5074174621245293,0.0210526315789473,,,
anoshift_correlated_gaussian,power,iid_transfer,2006-2016,far,t_iut,p_t_iut,,0.0354963948973932,,0.05,0.05,composite,1898.0,0.5361823860816768,0.031578947368421,,,
anoshift_correlated_gaussian,power,iid_transfer,2006-2016,far,z_plus_softmax,p_z_plus_softmax,,0.0631991051454138,,0.05,0.05,composite,1882.0,0.5121971536008377,0.0425531914893617,,,
anoshift_correlated_gaussian,power,iid_transfer,2006-2016,far,z_plus_orth,p_z_plus_orth,,0.0592841163310962,,0.05,0.05,composite,1882.0,0.5126433909276977,0.0319148936170212,,,
anoshift_correlated_gaussian,power,iid_transfer,2006-2016,far,z_plus,p_z_plus,,0.0460343871325568,,0.05,0.1,composite,1898.0,0.4965291765186677,0.0526315789473684,,,
anoshift_correlated_gaussian,power,iid_transfer,2006-2016,far,z_plus_renorm,p_z_plus_renorm,,0.0391498881431767,,0.05,0.1,composite,1881.0,0.5206634432657382,0.075268817204301,,,
anoshift_correlated_gaussian,power,iid_transfer,2006-2016,far,breadth,p_breadth,,0.0122018857459789,,0.05,0.1,composite,1898.0,0.4958402662229617,0.0,,,
anoshift_correlated_gaussian,power,iid_transfer,2006-2016,far,z_mahalanobis_sq,p_z_mahalanobis_sq,,0.0460343871325568,,0.05,0.1,composite,1898.0,0.5120238199492074,0.031578947368421,,,
anoshift_correlated_gaussian,power,iid_transfer,2006-2016,far,t_iut,p_t_iut,,0.0349417637271214,,0.05,0.1,composite,1898.0,0.5021688997869048,0.031578947368421,,,
anoshift_correlated_gaussian,power,iid_transfer,2006-2016,far,z_plus_softmax,p_z_plus_softmax,,0.0609619686800894,,0.05,0.1,composite,1881.0,0.5105181496716461,0.053763440860215,,,
anoshift_correlated_gaussian,power,iid_transfer,2006-2016,far,z_plus_orth,p_z_plus_orth,,0.058165548098434,,0.05,0.1,composite,1881.0,0.5084253445911813,0.053763440860215,,,
anoshift_correlated_gaussian,power,iid_transfer,2006-2016,far,z_plus,p_z_plus,,0.0427066001109262,,0.05,0.15,composite,1898.0,0.5115917914586801,0.0947368421052631,,,
anoshift_correlated_gaussian,power,iid_transfer,2006-2016,far,z_plus_renorm,p_z_plus_renorm,,0.0414333706606942,,0.05,0.15,composite,1881.0,0.5171332586786114,0.0736842105263157,,,
anoshift_correlated_gaussian,power,iid_transfer,2006-2016,far,breadth,p_breadth,,0.0122018857459789,,0.05,0.15,composite,1898.0,0.4920308258166214,0.0105263157894736,,,
anoshift_correlated_gaussian,power,iid_transfer,2006-2016,far,z_mahalanobis_sq,p_z_mahalanobis_sq,,0.0427066001109262,,0.05,0.15,composite,1898.0,0.5626587266835975,0.0947368421052631,,,
anoshift_correlated_gaussian,power,iid_transfer,2006-2016,far,t_iut,p_t_iut,,0.036051026067665,,0.05,0.15,composite,1898.0,0.4135330005546311,0.031578947368421,,,
anoshift_correlated_gaussian,power,iid_transfer,2006-2016,far,z_plus_softmax,p_z_plus_softmax,,0.0615901455767077,,0.05,0.15,composite,1881.0,0.5193080686037602,0.0947368421052631,,,
anoshift_correlated_gaussian,power,iid_transfer,2006-2016,far,z_plus_orth,p_z_plus_orth,,0.0565509518477043,,0.05,0.15,composite,1881.0,0.5199033417811045,0.0947368421052631,,,
anoshift_correlated_gaussian,power,iid_transfer,2006-2016,far,z_plus,p_z_plus,,0.0449251247920133,,0.05,0.2,composite,1898.0,0.5677613334500977,0.0631578947368421,,,
anoshift_correlated_gaussian,power,iid_transfer,2006-2016,far,z_plus_renorm,p_z_plus_renorm,,0.0425293788472299,,0.05,0.2,composite,1881.0,0.5609663170177047,0.0212765957446808,,,
anoshift_correlated_gaussian,power,iid_transfer,2006-2016,far,breadth,p_breadth,,0.0116472545757071,,0.05,0.2,composite,1898.0,0.5379776396065038,0.0,,,
anoshift_correlated_gaussian,power,iid_transfer,2006-2016,far,z_mahalanobis_sq,p_z_mahalanobis_sq,,0.0460343871325568,,0.05,0.2,composite,1898.0,0.5293925329129813,0.0421052631578947,,,
anoshift_correlated_gaussian,power,iid_transfer,2006-2016,far,t_iut,p_t_iut,,0.0349417637271214,,0.05,0.2,composite,1898.0,0.5432933415068454,0.0631578947368421,,,
anoshift_correlated_gaussian,power,iid_transfer,2006-2016,far,z_plus_softmax,p_z_plus_softmax,,0.0604364857302742,,0.05,0.2,composite,1881.0,0.5503042065032325,0.0851063829787234,,,
anoshift_correlated_gaussian,power,iid_transfer,2006-2016,far,z_plus_orth,p_z_plus_orth,,0.0576385002797985,,0.05,0.2,composite,1881.0,0.5496731714867422,0.0851063829787234,,,
anoshift_correlated_gaussian,power,iid_transfer,2006-2016,far,z_plus,p_z_plus,,0.0449251247920133,,0.05,0.3,composite,1898.0,0.5941851300464138,0.0631578947368421,,,
anoshift_correlated_gaussian,power,iid_transfer,2006-2016,far,z_plus_renorm,p_z_plus_renorm,,0.0402909904868494,,0.05,0.3,composite,1882.0,0.5742762053426795,0.0526315789473684,,,
anoshift_correlated_gaussian,power,iid_transfer,2006-2016,far,breadth,p_breadth,,0.0110926234054353,,0.05,0.3,composite,1898.0,0.5633067694193887,0.0105263157894736,,,
anoshift_correlated_gaussian,power,iid_transfer,2006-2016,far,z_mahalanobis_sq,p_z_mahalanobis_sq,,0.0449251247920133,,0.05,0.3,composite,1898.0,0.5524184838135272,0.0947368421052631,,,
anoshift_correlated_gaussian,power,iid_transfer,2006-2016,far,t_iut,p_t_iut,,0.0332778702163061,,0.05,0.3,composite,1898.0,0.528248241235368,0.0947368421052631,,,
anoshift_correlated_gaussian,power,iid_transfer,2006-2016,far,z_plus_softmax,p_z_plus_softmax,,0.059876888640179,,0.05,0.3,composite,1882.0,0.5662592407151061,0.0842105263157894,,,
anoshift_correlated_gaussian,power,iid_transfer,2006-2016,far,z_plus_orth,p_z_plus_orth,,0.0565193060996082,,0.05,0.3,composite,1882.0,0.5652990899184166,0.0842105263157894,,,
anoshift_correlated_gaussian,power,iid_transfer,2006-2016,far,z_plus,p_z_plus,,0.0439110070257611,,0.1,0.05,composite,1898.0,0.4669588931344756,0.0578947368421052,,,
anoshift_correlated_gaussian,power,iid_transfer,2006-2016,far,z_plus_renorm,p_z_plus_renorm,,0.0419373892498523,,0.1,0.05,composite,1880.0,0.4705408555518003,0.0427807486631016,,,
anoshift_correlated_gaussian,power,iid_transfer,2006-2016,far,breadth,p_breadth,,0.0117096018735363,,0.1,0.05,composite,1898.0,0.4686521631948724,0.0105263157894736,,,
anoshift_correlated_gaussian,power,iid_transfer,2006-2016,far,z_mahalanobis_sq,p_z_mahalanobis_sq,,0.0450819672131147,,0.1,0.05,composite,1898.0,0.4774189572291384,0.0526315789473684,,,
anoshift_correlated_gaussian,power,iid_transfer,2006-2016,far,t_iut,p_t_iut,,0.0362997658079625,,0.1,0.05,composite,1898.0,0.4778780968815481,0.0263157894736842,,,
anoshift_correlated_gaussian,power,iid_transfer,2006-2016,far,z_plus_softmax,p_z_plus_softmax,,0.0602480803307737,,0.1,0.05,composite,1880.0,0.4732794046577445,0.053475935828877,,,
anoshift_correlated_gaussian,power,iid_transfer,2006-2016,far,z_plus_orth,p_z_plus_orth,,0.0572947430596574,,0.1,0.05,composite,1880.0,0.4722812714195918,0.053475935828877,,,
anoshift_correlated_gaussian,power,iid_transfer,2006-2016,far,z_plus,p_z_plus,,0.0450819672131147,,0.1,0.1,composite,1898.0,0.5449155676075434,0.0578947368421052,,,
anoshift_correlated_gaussian,power,iid_transfer,2006-2016,far,z_plus_renorm,p_z_plus_renorm,,0.0395981087470449,,0.1,0.1,composite,1881.0,0.5446233129448259,0.0582010582010582,,,
anoshift_correlated_gaussian,power,iid_transfer,2006-2016,far,breadth,p_breadth,,0.0122950819672131,,0.1,0.1,composite,1898.0,0.5186121040305682,0.0052631578947368,,,
anoshift_correlated_gaussian,power,iid_transfer,2006-2016,far,z_mahalanobis_sq,p_z_mahalanobis_sq,,0.0427400468384074,,0.1,0.1,composite,1898.0,0.539495254529767,0.0631578947368421,,,
anoshift_correlated_gaussian,power,iid_transfer,2006-2016,far,t_iut,p_t_iut,,0.0380562060889929,,0.1,0.1,composite,1898.0,0.5017040552200173,0.031578947368421,,,
anoshift_correlated_gaussian,power,iid_transfer,2006-2016,far,z_plus_softmax,p_z_plus_softmax,,0.0614657210401891,,0.1,0.1,composite,1881.0,0.5429941085969454,0.0687830687830687,,,
anoshift_correlated_gaussian,power,iid_transfer,2006-2016,far,z_plus_orth,p_z_plus_orth,,0.0579196217494089,,0.1,0.1,composite,1881.0,0.5430941748908652,0.0634920634920634,,,
anoshift_correlated_gaussian,power,iid_transfer,2006-2016,far,z_plus,p_z_plus,,0.0462529274004683,,0.1,0.15,composite,1898.0,0.4788610871440897,0.031578947368421,,,
anoshift_correlated_gaussian,power,iid_transfer,2006-2016,far,z_plus_renorm,p_z_plus_renorm,,0.0425029515938606,,0.1,0.15,composite,1880.0,0.4859973848243643,0.0376344086021505,,,
anoshift_correlated_gaussian,power,iid_transfer,2006-2016,far,breadth,p_breadth,,0.0117096018735363,,0.1,0.15,composite,1898.0,0.4905106002711697,0.0157894736842105,,,
anoshift_correlated_gaussian,power,iid_transfer,2006-2016,far,z_mahalanobis_sq,p_z_mahalanobis_sq,,0.0444964871194379,,0.1,0.15,composite,1898.0,0.4787193393319364,0.0526315789473684,,,
anoshift_correlated_gaussian,power,iid_transfer,2006-2016,far,t_iut,p_t_iut,,0.034543325526932,,0.1,0.15,composite,1898.0,0.4897602613090103,0.0473684210526315,,,
anoshift_correlated_gaussian,power,iid_transfer,2006-2016,far,z_plus_softmax,p_z_plus_softmax,,0.0608028335301062,,0.1,0.15,composite,1880.0,0.494855340163258,0.0591397849462365,,,
anoshift_correlated_gaussian,power,iid_transfer,2006-2016,far,z_plus_orth,p_z_plus_orth,,0.0572609208972845,,0.1,0.15,composite,1880.0,0.4949029465158497,0.0591397849462365,,,
anoshift_correlated_gaussian,power,iid_transfer,2006-2016,far,z_plus,p_z_plus,,0.0444964871194379,,0.1,0.2,composite,1898.0,0.5329517441143844,0.0684210526315789,,,
anoshift_correlated_gaussian,power,iid_transfer,2006-2016,far,z_plus_renorm,p_z_plus_renorm,,0.0401653868871825,,0.1,0.2,composite,1880.0,0.5392256886645546,0.0641711229946524,,,
anoshift_correlated_gaussian,power,iid_transfer,2006-2016,far,breadth,p_breadth,,0.0128805620608899,,0.1,0.2,composite,1898.0,0.5050212621718231,0.0052631578947368,,,
anoshift_correlated_gaussian,power,iid_transfer,2006-2016,far,z_mahalanobis_sq,p_z_mahalanobis_sq,,0.0450819672131147,,0.1,0.2,composite,1898.0,0.5406908665105387,0.0578947368421052,,,
anoshift_correlated_gaussian,power,iid_transfer,2006-2016,far,t_iut,p_t_iut,,0.0368852459016393,,0.1,0.2,composite,1898.0,0.5044034265992852,0.0421052631578947,,,
anoshift_correlated_gaussian,power,iid_transfer,2006-2016,far,z_plus_softmax,p_z_plus_softmax,,0.0614294152392203,,0.1,0.2,composite,1880.0,0.54493968558803,0.0909090909090909,,,
anoshift_correlated_gaussian,power,iid_transfer,2006-2016,far,z_plus_orth,p_z_plus_orth,,0.0567040756054341,,0.1,0.2,composite,1880.0,0.5451355218562751,0.0909090909090909,,,
anoshift_correlated_gaussian,power,iid_transfer,2006-2016,far,z_plus,p_z_plus,,0.0450819672131147,,0.1,0.3,composite,1898.0,0.5142980401824233,0.0578947368421052,,,
anoshift_correlated_gaussian,power,iid_transfer,2006-2016,far,z_plus_renorm,p_z_plus_renorm,,0.041986989946777,,0.1,0.3,composite,1879.0,0.5204839135850623,0.0425531914893617,,,
anoshift_correlated_gaussian,power,iid_transfer,2006-2016,far,breadth,p_breadth,,0.0122950819672131,,0.1,0.3,composite,1898.0,0.4958384691236287,0.0,,,
anoshift_correlated_gaussian,power,iid_transfer,2006-2016,far,z_mahalanobis_sq,p_z_mahalanobis_sq,,0.0439110070257611,,0.1,0.3,composite,1898.0,0.5511925305065943,0.0789473684210526,,,
anoshift_correlated_gaussian,power,iid_transfer,2006-2016,far,t_iut,p_t_iut,,0.0368852459016393,,0.1,0.3,composite,1898.0,0.4675243436460002,0.0526315789473684,,,
anoshift_correlated_gaussian,power,iid_transfer,2006-2016,far,z_plus_softmax,p_z_plus_softmax,,0.0597279716144293,,0.1,0.3,composite,1879.0,0.5191753589088668,0.0851063829787234,,,
anoshift_correlated_gaussian,power,iid_transfer,2006-2016,far,z_plus_orth,p_z_plus_orth,,0.054997043169722,,0.1,0.3,composite,1879.0,0.5190180807025933,0.0851063829787234,,,
anoshift_threshold_clustering_m1_v2,power,iid_transfer,2006-2016,far,z_plus,p_z_plus,,0.0830059277639922,,0.01,0.05,composite,58032.0,,,,,
anoshift_threshold_clustering_m1_v2,power,iid_transfer,2006-2016,far,z_plus_renorm,p_z_plus_renorm,,0.0991819861025595,,0.01,0.05,composite,56845.0,,,,,
anoshift_threshold_clustering_m1_v2,power,iid_transfer,2006-2016,far,breadth,p_breadth,,0.0061517783291976,,0.01,0.05,composite,58032.0,,,,,
anoshift_threshold_clustering_m1_v2,power,iid_transfer,2006-2016,far,z_mahalanobis_sq,p_z_mahalanobis_sq,,0.1745211964708414,,0.01,0.05,composite,32529.0,,,,,
anoshift_threshold_clustering_m1_v2,power,iid_transfer,2006-2016,far,t_iut,p_t_iut,,0.0535049627791563,,0.01,0.05,composite,58032.0,,,,,
anoshift_threshold_clustering_m1_v2,power,iid_transfer,2006-2016,far,z_plus_softmax,p_z_plus_softmax,,0.1258509983287888,,0.01,0.05,composite,56845.0,,,,,
anoshift_threshold_clustering_m1_v2,power,iid_transfer,2006-2016,far,z_plus_orth,p_z_plus_orth,,0.1084352185768317,,0.01,0.05,composite,56845.0,,,,,
anoshift_threshold_clustering_m1_v2,power,iid_transfer,2006-2016,far,z_plus,p_z_plus,,0.0830059277639922,,0.01,0.1,composite,58032.0,,,,,
anoshift_threshold_clustering_m1_v2,power,iid_transfer,2006-2016,far,z_plus_renorm,p_z_plus_renorm,,0.0991819861025595,,0.01,0.1,composite,56845.0,,,,,
anoshift_threshold_clustering_m1_v2,power,iid_transfer,2006-2016,far,breadth,p_breadth,,0.0061517783291976,,0.01,0.1,composite,58032.0,,,,,
anoshift_threshold_clustering_m1_v2,power,iid_transfer,2006-2016,far,z_mahalanobis_sq,p_z_mahalanobis_sq,,0.1745211964708414,,0.01,0.1,composite,32529.0,,,,,
anoshift_threshold_clustering_m1_v2,power,iid_transfer,2006-2016,far,t_iut,p_t_iut,,0.0535049627791563,,0.01,0.1,composite,58032.0,,,,,
anoshift_threshold_clustering_m1_v2,power,iid_transfer,2006-2016,far,z_plus_softmax,p_z_plus_softmax,,0.1258509983287888,,0.01,0.1,composite,56845.0,,,,,
anoshift_threshold_clustering_m1_v2,power,iid_transfer,2006-2016,far,z_plus_orth,p_z_plus_orth,,0.1084352185768317,,0.01,0.1,composite,56845.0,,,,,
anoshift_threshold_clustering_m1_v2,power,iid_transfer,2006-2016,far,z_plus,p_z_plus,,0.0830059277639922,,0.01,0.15,composite,58032.0,,,,,
anoshift_threshold_clustering_m1_v2,power,iid_transfer,2006-2016,far,z_plus_renorm,p_z_plus_renorm,,0.0991819861025595,,0.01,0.15,composite,56845.0,,,,,
anoshift_threshold_clustering_m1_v2,power,iid_transfer,2006-2016,far,breadth,p_breadth,,0.0061517783291976,,0.01,0.15,composite,58032.0,,,,,
anoshift_threshold_clustering_m1_v2,power,iid_transfer,2006-2016,far,z_mahalanobis_sq,p_z_mahalanobis_sq,,0.1745211964708414,,0.01,0.15,composite,32529.0,,,,,
anoshift_threshold_clustering_m1_v2,power,iid_transfer,2006-2016,far,t_iut,p_t_iut,,0.0535049627791563,,0.01,0.15,composite,58032.0,,,,,
anoshift_threshold_clustering_m1_v2,power,iid_transfer,2006-2016,far,z_plus_softmax,p_z_plus_softmax,,0.1258509983287888,,0.01,0.15,composite,56845.0,,,,,
anoshift_threshold_clustering_m1_v2,power,iid_transfer,2006-2016,far,z_plus_orth,p_z_plus_orth,,0.1084352185768317,,0.01,0.15,composite,56845.0,,,,,
anoshift_threshold_clustering_m1_v2,power,iid_transfer,2006-2016,far,z_plus,p_z_plus,,0.0830059277639922,,0.01,0.2,composite,58032.0,,,,,
anoshift_threshold_clustering_m1_v2,power,iid_transfer,2006-2016,far,z_plus_renorm,p_z_plus_renorm,,0.0991819861025595,,0.01,0.2,composite,56845.0,,,,,
anoshift_threshold_clustering_m1_v2,power,iid_transfer,2006-2016,far,breadth,p_breadth,,0.0061517783291976,,0.01,0.2,composite,58032.0,,,,,
anoshift_threshold_clustering_m1_v2,power,iid_transfer,2006-2016,far,z_mahalanobis_sq,p_z_mahalanobis_sq,,0.1745211964708414,,0.01,0.2,composite,32529.0,,,,,
anoshift_threshold_clustering_m1_v2,power,iid_transfer,2006-2016,far,t_iut,p_t_iut,,0.0535049627791563,,0.01,0.2,composite,58032.0,,,,,
anoshift_threshold_clustering_m1_v2,power,iid_transfer,2006-2016,far,z_plus_softmax,p_z_plus_softmax,,0.1258509983287888,,0.01,0.2,composite,56845.0,,,,,
anoshift_threshold_clustering_m1_v2,power,iid_transfer,2006-2016,far,z_plus_orth,p_z_plus_orth,,0.1084352185768317,,0.01,0.2,composite,56845.0,,,,,
anoshift_threshold_clustering_m1_v2,power,iid_transfer,2006-2016,far,z_plus,p_z_plus,,0.0830059277639922,,0.01,0.3,composite,58032.0,,,,,
anoshift_threshold_clustering_m1_v2,power,iid_transfer,2006-2016,far,z_plus_renorm,p_z_plus_renorm,,0.0991819861025595,,0.01,0.3,composite,56845.0,,,,,
anoshift_threshold_clustering_m1_v2,power,iid_transfer,2006-2016,far,breadth,p_breadth,,0.0061517783291976,,0.01,0.3,composite,58032.0,,,,,
anoshift_threshold_clustering_m1_v2,power,iid_transfer,2006-2016,far,z_mahalanobis_sq,p_z_mahalanobis_sq,,0.1745211964708414,,0.01,0.3,composite,32529.0,,,,,
anoshift_threshold_clustering_m1_v2,power,iid_transfer,2006-2016,far,t_iut,p_t_iut,,0.0535049627791563,,0.01,0.3,composite,58032.0,,,,,
anoshift_threshold_clustering_m1_v2,power,iid_transfer,2006-2016,far,z_plus_softmax,p_z_plus_softmax,,0.1258509983287888,,0.01,0.3,composite,56845.0,,,,,
anoshift_threshold_clustering_m1_v2,power,iid_transfer,2006-2016,far,z_plus_orth,p_z_plus_orth,,0.1084352185768317,,0.01,0.3,composite,56845.0,,,,,
anoshift_threshold_clustering_m1_v2,power,iid_transfer,2006-2016,far,z_plus,p_z_plus,,0.0830059277639922,,0.05,0.05,composite,58032.0,,,,,
anoshift_threshold_clustering_m1_v2,power,iid_transfer,2006-2016,far,z_plus_renorm,p_z_plus_renorm,,0.0991819861025595,,0.05,0.05,composite,56845.0,,,,,
anoshift_threshold_clustering_m1_v2,power,iid_transfer,2006-2016,far,breadth,p_breadth,,0.0061517783291976,,0.05,0.05,composite,58032.0,,,,,
anoshift_threshold_clustering_m1_v2,power,iid_transfer,2006-2016,far,z_mahalanobis_sq,p_z_mahalanobis_sq,,0.1745211964708414,,0.05,0.05,composite,32529.0,,,,,
anoshift_threshold_clustering_m1_v2,power,iid_transfer,2006-2016,far,t_iut,p_t_iut,,0.0535049627791563,,0.05,0.05,composite,58032.0,,,,,
anoshift_threshold_clustering_m1_v2,power,iid_transfer,2006-2016,far,z_plus_softmax,p_z_plus_softmax,,0.1258509983287888,,0.05,0.05,composite,56845.0,,,,,
anoshift_threshold_clustering_m1_v2,power,iid_transfer,2006-2016,far,z_plus_orth,p_z_plus_orth,,0.1084352185768317,,0.05,0.05,composite,56845.0,,,,,
anoshift_threshold_clustering_m1_v2,power,iid_transfer,2006-2016,far,z_plus,p_z_plus,,0.0830059277639922,,0.05,0.1,composite,58032.0,,,,,
anoshift_threshold_clustering_m1_v2,power,iid_transfer,2006-2016,far,z_plus_renorm,p_z_plus_renorm,,0.0991819861025595,,0.05,0.1,composite,56845.0,,,,,
anoshift_threshold_clustering_m1_v2,power,iid_transfer,2006-2016,far,breadth,p_breadth,,0.0061517783291976,,0.05,0.1,composite,58032.0,,,,,
anoshift_threshold_clustering_m1_v2,power,iid_transfer,2006-2016,far,z_mahalanobis_sq,p_z_mahalanobis_sq,,0.1745211964708414,,0.05,0.1,composite,32529.0,,,,,
anoshift_threshold_clustering_m1_v2,power,iid_transfer,2006-2016,far,t_iut,p_t_iut,,0.0535049627791563,,0.05,0.1,composite,58032.0,,,,,
anoshift_threshold_clustering_m1_v2,power,iid_transfer,2006-2016,far,z_plus_softmax,p_z_plus_softmax,,0.1258509983287888,,0.05,0.1,composite,56845.0,,,,,
anoshift_threshold_clustering_m1_v2,power,iid_transfer,2006-2016,far,z_plus_orth,p_z_plus_orth,,0.1084352185768317,,0.05,0.1,composite,56845.0,,,,,
anoshift_threshold_clustering_m1_v2,power,iid_transfer,2006-2016,far,z_plus,p_z_plus,,0.0830059277639922,,0.05,0.15,composite,58032.0,,,,,
anoshift_threshold_clustering_m1_v2,power,iid_transfer,2006-2016,far,z_plus_renorm,p_z_plus_renorm,,0.0991819861025595,,0.05,0.15,composite,56845.0,,,,,
anoshift_threshold_clustering_m1_v2,power,iid_transfer,2006-2016,far,breadth,p_breadth,,0.0061517783291976,,0.05,0.15,composite,58032.0,,,,,
anoshift_threshold_clustering_m1_v2,power,iid_transfer,2006-2016,far,z_mahalanobis_sq,p_z_mahalanobis_sq,,0.1745211964708414,,0.05,0.15,composite,32529.0,,,,,
anoshift_threshold_clustering_m1_v2,power,iid_transfer,2006-2016,far,t_iut,p_t_iut,,0.0535049627791563,,0.05,0.15,composite,58032.0,,,,,
anoshift_threshold_clustering_m1_v2,power,iid_transfer,2006-2016,far,z_plus_softmax,p_z_plus_softmax,,0.1258509983287888,,0.05,0.15,composite,56845.0,,,,,
anoshift_threshold_clustering_m1_v2,power,iid_transfer,2006-2016,far,z_plus_orth,p_z_plus_orth,,0.1084352185768317,,0.05,0.15,composite,56845.0,,,,,
anoshift_threshold_clustering_m1_v2,power,iid_transfer,2006-2016,far,z_plus,p_z_plus,,0.0830059277639922,,0.05,0.2,composite,58032.0,,,,,
anoshift_threshold_clustering_m1_v2,power,iid_transfer,2006-2016,far,z_plus_renorm,p_z_plus_renorm,,0.0991819861025595,,0.05,0.2,composite,56845.0,,,,,
anoshift_threshold_clustering_m1_v2,power,iid_transfer,2006-2016,far,breadth,p_breadth,,0.0061517783291976,,0.05,0.2,composite,58032.0,,,,,
anoshift_threshold_clustering_m1_v2,power,iid_transfer,2006-2016,far,z_mahalanobis_sq,p_z_mahalanobis_sq,,0.1745211964708414,,0.05,0.2,composite,32529.0,,,,,
anoshift_threshold_clustering_m1_v2,power,iid_transfer,2006-2016,far,t_iut,p_t_iut,,0.0535049627791563,,0.05,0.2,composite,58032.0,,,,,
anoshift_threshold_clustering_m1_v2,power,iid_transfer,2006-2016,far,z_plus_softmax,p_z_plus_softmax,,0.1258509983287888,,0.05,0.2,composite,56845.0,,,,,
anoshift_threshold_clustering_m1_v2,power,iid_transfer,2006-2016,far,z_plus_orth,p_z_plus_orth,,0.1084352185768317,,0.05,0.2,composite,56845.0,,,,,
anoshift_threshold_clustering_m1_v2,power,iid_transfer,2006-2016,far,z_plus,p_z_plus,,0.0830059277639922,,0.05,0.3,composite,58032.0,,,,,
anoshift_threshold_clustering_m1_v2,power,iid_transfer,2006-2016,far,z_plus_renorm,p_z_plus_renorm,,0.0991819861025595,,0.05,0.3,composite,56845.0,,,,,
anoshift_threshold_clustering_m1_v2,power,iid_transfer,2006-2016,far,breadth,p_breadth,,0.0061517783291976,,0.05,0.3,composite,58032.0,,,,,
anoshift_threshold_clustering_m1_v2,power,iid_transfer,2006-2016,far,z_mahalanobis_sq,p_z_mahalanobis_sq,,0.1745211964708414,,0.05,0.3,composite,32529.0,,,,,
anoshift_threshold_clustering_m1_v2,power,iid_transfer,2006-2016,far,t_iut,p_t_iut,,0.0535049627791563,,0.05,0.3,composite,58032.0,,,,,
anoshift_threshold_clustering_m1_v2,power,iid_transfer,2006-2016,far,z_plus_softmax,p_z_plus_softmax,,0.1258509983287888,,0.05,0.3,composite,56845.0,,,,,
anoshift_threshold_clustering_m1_v2,power,iid_transfer,2006-2016,far,z_plus_orth,p_z_plus_orth,,0.1084352185768317,,0.05,0.3,composite,56845.0,,,,,
anoshift_threshold_clustering_m1_v2,power,iid_transfer,2006-2016,far,z_plus,p_z_plus,,0.0830059277639922,,0.1,0.05,composite,58032.0,,,,,
anoshift_threshold_clustering_m1_v2,power,iid_transfer,2006-2016,far,z_plus_renorm,p_z_plus_renorm,,0.0991819861025595,,0.1,0.05,composite,56845.0,,,,,
anoshift_threshold_clustering_m1_v2,power,iid_transfer,2006-2016,far,breadth,p_breadth,,0.0061517783291976,,0.1,0.05,composite,58032.0,,,,,
anoshift_threshold_clustering_m1_v2,power,iid_transfer,2006-2016,far,z_mahalanobis_sq,p_z_mahalanobis_sq,,0.1745211964708414,,0.1,0.05,composite,32529.0,,,,,
anoshift_threshold_clustering_m1_v2,power,iid_transfer,2006-2016,far,t_iut,p_t_iut,,0.0535049627791563,,0.1,0.05,composite,58032.0,,,,,
anoshift_threshold_clustering_m1_v2,power,iid_transfer,2006-2016,far,z_plus_softmax,p_z_plus_softmax,,0.1258509983287888,,0.1,0.05,composite,56845.0,,,,,
anoshift_threshold_clustering_m1_v2,power,iid_transfer,2006-2016,far,z_plus_orth,p_z_plus_orth,,0.1084352185768317,,0.1,0.05,composite,56845.0,,,,,
anoshift_threshold_clustering_m1_v2,power,iid_transfer,2006-2016,far,z_plus,p_z_plus,,0.0830059277639922,,0.1,0.1,composite,58032.0,,,,,
anoshift_threshold_clustering_m1_v2,power,iid_transfer,2006-2016,far,z_plus_renorm,p_z_plus_renorm,,0.0991819861025595,,0.1,0.1,composite,56845.0,,,,,
anoshift_threshold_clustering_m1_v2,power,iid_transfer,2006-2016,far,breadth,p_breadth,,0.0061517783291976,,0.1,0.1,composite,58032.0,,,,,
anoshift_threshold_clustering_m1_v2,power,iid_transfer,2006-2016,far,z_mahalanobis_sq,p_z_mahalanobis_sq,,0.1745211964708414,,0.1,0.1,composite,32529.0,,,,,
anoshift_threshold_clustering_m1_v2,power,iid_transfer,2006-2016,far,t_iut,p_t_iut,,0.0535049627791563,,0.1,0.1,composite,58032.0,,,,,
anoshift_threshold_clustering_m1_v2,power,iid_transfer,2006-2016,far,z_plus_softmax,p_z_plus_softmax,,0.1258509983287888,,0.1,0.1,composite,56845.0,,,,,
anoshift_threshold_clustering_m1_v2,power,iid_transfer,2006-2016,far,z_plus_orth,p_z_plus_orth,,0.1084352185768317,,0.1,0.1,composite,56845.0,,,,,
anoshift_threshold_clustering_m1_v2,power,iid_transfer,2006-2016,far,z_plus,p_z_plus,,0.0830059277639922,,0.1,0.15,composite,58032.0,,,,,
anoshift_threshold_clustering_m1_v2,power,iid_transfer,2006-2016,far,z_plus_renorm,p_z_plus_renorm,,0.0991819861025595,,0.1,0.15,composite,56845.0,,,,,
anoshift_threshold_clustering_m1_v2,power,iid_transfer,2006-2016,far,breadth,p_breadth,,0.0061517783291976,,0.1,0.15,composite,58032.0,,,,,
anoshift_threshold_clustering_m1_v2,power,iid_transfer,2006-2016,far,z_mahalanobis_sq,p_z_mahalanobis_sq,,0.1745211964708414,,0.1,0.15,composite,32529.0,,,,,
anoshift_threshold_clustering_m1_v2,power,iid_transfer,2006-2016,far,t_iut,p_t_iut,,0.0535049627791563,,0.1,0.15,composite,58032.0,,,,,
anoshift_threshold_clustering_m1_v2,power,iid_transfer,2006-2016,far,z_plus_softmax,p_z_plus_softmax,,0.1258509983287888,,0.1,0.15,composite,56845.0,,,,,
anoshift_threshold_clustering_m1_v2,power,iid_transfer,2006-2016,far,z_plus_orth,p_z_plus_orth,,0.1084352185768317,,0.1,0.15,composite,56845.0,,,,,
anoshift_threshold_clustering_m1_v2,power,iid_transfer,2006-2016,far,z_plus,p_z_plus,,0.0830059277639922,,0.1,0.2,composite,58032.0,,,,,
anoshift_threshold_clustering_m1_v2,power,iid_transfer,2006-2016,far,z_plus_renorm,p_z_plus_renorm,,0.0991819861025595,,0.1,0.2,composite,56845.0,,,,,
anoshift_threshold_clustering_m1_v2,power,iid_transfer,2006-2016,far,breadth,p_breadth,,0.0061517783291976,,0.1,0.2,composite,58032.0,,,,,
anoshift_threshold_clustering_m1_v2,power,iid_transfer,2006-2016,far,z_mahalanobis_sq,p_z_mahalanobis_sq,,0.1745211964708414,,0.1,0.2,composite,32529.0,,,,,
anoshift_threshold_clustering_m1_v2,power,iid_transfer,2006-2016,far,t_iut,p_t_iut,,0.0535049627791563,,0.1,0.2,composite,58032.0,,,,,
anoshift_threshold_clustering_m1_v2,power,iid_transfer,2006-2016,far,z_plus_softmax,p_z_plus_softmax,,0.1258509983287888,,0.1,0.2,composite,56845.0,,,,,
anoshift_threshold_clustering_m1_v2,power,iid_transfer,2006-2016,far,z_plus_orth,p_z_plus_orth,,0.1084352185768317,,0.1,0.2,composite,56845.0,,,,,
anoshift_threshold_clustering_m1_v2,power,iid_transfer,2006-2016,far,z_plus,p_z_plus,,0.0830059277639922,,0.1,0.3,composite,58032.0,,,,,
anoshift_threshold_clustering_m1_v2,power,iid_transfer,2006-2016,far,z_plus_renorm,p_z_plus_renorm,,0.0991819861025595,,0.1,0.3,composite,56845.0,,,,,
anoshift_threshold_clustering_m1_v2,power,iid_transfer,2006-2016,far,breadth,p_breadth,,0.0061517783291976,,0.1,0.3,composite,58032.0,,,,,
anoshift_threshold_clustering_m1_v2,power,iid_transfer,2006-2016,far,z_mahalanobis_sq,p_z_mahalanobis_sq,,0.1745211964708414,,0.1,0.3,composite,32529.0,,,,,
anoshift_threshold_clustering_m1_v2,power,iid_transfer,2006-2016,far,t_iut,p_t_iut,,0.0535049627791563,,0.1,0.3,composite,58032.0,,,,,
anoshift_threshold_clustering_m1_v2,power,iid_transfer,2006-2016,far,z_plus_softmax,p_z_plus_softmax,,0.1258509983287888,,0.1,0.3,composite,56845.0,,,,,
anoshift_threshold_clustering_m1_v2,power,iid_transfer,2006-2016,far,z_plus_orth,p_z_plus_orth,,0.1084352185768317,,0.1,0.3,composite,56845.0,,,,,
anoshift,calibration_diagnostic,adaptive_transfer,2016-2016,,,,,,,,,,,,,214.0,30.0,candidate_scored
anoshift,calibration_diagnostic,adaptive_transfer,2016-2016,,,,,,,,,,,,,214.0,30.0,selected
anoshift,fpr,adaptive_transfer,2016-2016,near,z_plus,p_z_plus,629.0,0.0524642289348171,,,,,,,,,,
anoshift,fpr,adaptive_transfer,2016-2016,near,z_plus_renorm,p_z_plus_renorm,623.0,0.081081081081081,,,,,,,,,,
anoshift,fpr,adaptive_transfer,2016-2016,near,breadth,p_breadth,629.0,0.0111287758346581,,,,,,,,,,
anoshift,fpr,adaptive_transfer,2016-2016,near,z_mahalanobis_sq,p_z_mahalanobis_sq,437.0,0.0365659777424483,,,,,,,,,,
anoshift,fpr,adaptive_transfer,2016-2016,near,t_iut,p_t_iut,629.0,0.0365659777424483,,,,,,,,,,
anoshift,fpr,adaptive_transfer,2016-2016,near,z_plus_softmax,p_z_plus_softmax,623.0,0.0747217806041335,,,,,,,,,,
anoshift,fpr,adaptive_transfer,2016-2016,near,z_plus_orth,p_z_plus_orth,623.0,0.068362480127186,,,,,,,,,,
anoshift,fpr,adaptive_transfer,2016-2016,far,z_plus,p_z_plus,2512.0,0.0521496815286624,,,,,,,,,,
anoshift,fpr,adaptive_transfer,2016-2016,far,z_plus_renorm,p_z_plus_renorm,2482.0,0.0625,,,,,,,,,,
anoshift,fpr,adaptive_transfer,2016-2016,far,breadth,p_breadth,2512.0,0.0087579617834394,,,,,,,,,,
anoshift,fpr,adaptive_transfer,2016-2016,far,z_mahalanobis_sq,p_z_mahalanobis_sq,1898.0,0.0342356687898089,,,,,,,,,,
anoshift,fpr,adaptive_transfer,2016-2016,far,t_iut,p_t_iut,2512.0,0.0433917197452229,,,,,,,,,,
anoshift,fpr,adaptive_transfer,2016-2016,far,z_plus_softmax,p_z_plus_softmax,2482.0,0.0804140127388535,,,,,,,,,,
anoshift,fpr,adaptive_transfer,2016-2016,far,z_plus_orth,p_z_plus_orth,2482.0,0.0752388535031847,,,,,,,,,,
anoshift_yearly,annual_fpr,adaptive_transfer,2016-2016,,z_mahalanobis_sq,p_z_mahalanobis_sq,214.0,0.0303030303030303,2016.0,,,,,,,,,
anoshift_yearly,annual_fpr,adaptive_transfer,2016-2016,,z_mahalanobis_sq,p_z_mahalanobis_sq,223.0,0.0421686746987951,2017.0,,,,,,,,,
anoshift_yearly,annual_fpr,adaptive_transfer,2016-2016,,z_mahalanobis_sq,p_z_mahalanobis_sq,250.0,0.0339943342776204,2018.0,,,,,,,,,
anoshift_yearly,annual_fpr,adaptive_transfer,2016-2016,,z_mahalanobis_sq,p_z_mahalanobis_sq,256.0,0.0218579234972677,2019.0,,,,,,,,,
anoshift_yearly,annual_fpr,adaptive_transfer,2016-2016,,z_mahalanobis_sq,p_z_mahalanobis_sq,279.0,0.0381679389312977,2020.0,,,,,,,,,
anoshift_yearly,annual_fpr,adaptive_transfer,2016-2016,,z_mahalanobis_sq,p_z_mahalanobis_sq,331.0,0.0420353982300885,2021.0,,,,,,,,,
anoshift_yearly,annual_fpr,adaptive_transfer,2016-2016,,z_mahalanobis_sq,p_z_mahalanobis_sq,388.0,0.0285171102661596,2022.0,,,,,,,,,
anoshift_yearly,annual_fpr,adaptive_transfer,2016-2016,,z_mahalanobis_sq,p_z_mahalanobis_sq,437.0,0.0341726618705036,2023.0,,,,,,,,,
anoshift_yearly,annual_fpr,adaptive_transfer,2016-2016,,z_mahalanobis_sq,p_z_mahalanobis_sq,461.0,0.0308747855917667,2024.0,,,,,,,,,
anoshift_yearly,annual_fpr,adaptive_transfer,2016-2016,,z_mahalanobis_sq,p_z_mahalanobis_sq,2.0,0.0,2025.0,,,,,,,,,
anoshift_correlated_gaussian,power,adaptive_transfer,2016-2016,near,z_plus,p_z_plus,,0.0323325635103926,,0.01,0.05,composite,437.0,0.6801385681293303,0.0,,,
anoshift_correlated_gaussian,power,adaptive_transfer,2016-2016,near,z_plus_renorm,p_z_plus_renorm,,0.0395348837209302,,0.01,0.05,composite,434.0,0.7412790697674418,0.0,,,
anoshift_correlated_gaussian,power,adaptive_transfer,2016-2016,near,breadth,p_breadth,,0.0161662817551963,,0.01,0.05,composite,437.0,0.5427251732101617,0.0,,,
anoshift_correlated_gaussian,power,adaptive_transfer,2016-2016,near,z_mahalanobis_sq,p_z_mahalanobis_sq,,0.0531177829099307,,0.01,0.05,composite,437.0,0.8394919168591224,0.0,,,
anoshift_correlated_gaussian,power,adaptive_transfer,2016-2016,near,t_iut,p_t_iut,,0.0323325635103926,,0.01,0.05,composite,437.0,0.3897228637413394,0.0,,,
anoshift_correlated_gaussian,power,adaptive_transfer,2016-2016,near,z_plus_softmax,p_z_plus_softmax,,0.055813953488372,,0.01,0.05,composite,434.0,0.7069767441860465,0.0,,,
anoshift_correlated_gaussian,power,adaptive_transfer,2016-2016,near,z_plus_orth,p_z_plus_orth,,0.0511627906976744,,0.01,0.05,composite,434.0,0.6970930232558139,0.0,,,
anoshift_correlated_gaussian,power,adaptive_transfer,2016-2016,near,z_plus,p_z_plus,,0.0323325635103926,,0.01,0.1,composite,437.0,0.3227482678983833,0.0,,,
anoshift_correlated_gaussian,power,adaptive_transfer,2016-2016,near,z_plus_renorm,p_z_plus_renorm,,0.0395348837209302,,0.01,0.1,composite,434.0,0.3808139534883721,0.0,,,
anoshift_correlated_gaussian,power,adaptive_transfer,2016-2016,near,breadth,p_breadth,,0.0161662817551963,,0.01,0.1,composite,437.0,0.2915704387990762,0.0,,,
anoshift_correlated_gaussian,power,adaptive_transfer,2016-2016,near,z_mahalanobis_sq,p_z_mahalanobis_sq,,0.0531177829099307,,0.01,0.1,composite,437.0,0.2563510392609699,0.0,,,
anoshift_correlated_gaussian,power,adaptive_transfer,2016-2016,near,t_iut,p_t_iut,,0.0323325635103926,,0.01,0.1,composite,437.0,0.716512702078522,0.0,,,
anoshift_correlated_gaussian,power,adaptive_transfer,2016-2016,near,z_plus_softmax,p_z_plus_softmax,,0.055813953488372,,0.01,0.1,composite,434.0,0.3575581395348837,0.0,,,
anoshift_correlated_gaussian,power,adaptive_transfer,2016-2016,near,z_plus_orth,p_z_plus_orth,,0.0511627906976744,,0.01,0.1,composite,434.0,0.3686046511627907,0.0,,,
anoshift_correlated_gaussian,power,adaptive_transfer,2016-2016,near,z_plus,p_z_plus,,0.0323325635103926,,0.01,0.15,composite,437.0,0.4162817551963049,0.0,,,
anoshift_correlated_gaussian,power,adaptive_transfer,2016-2016,near,z_plus_renorm,p_z_plus_renorm,,0.0395348837209302,,0.01,0.15,composite,434.0,0.4901162790697674,0.0,,,
anoshift_correlated_gaussian,power,adaptive_transfer,2016-2016,near,breadth,p_breadth,,0.0161662817551963,,0.01,0.15,composite,437.0,0.3464203233256351,0.0,,,
anoshift_correlated_gaussian,power,adaptive_transfer,2016-2016,near,z_mahalanobis_sq,p_z_mahalanobis_sq,,0.0531177829099307,,0.01,0.15,composite,437.0,0.6062355658198615,0.0,,,
anoshift_correlated_gaussian,power,adaptive_transfer,2016-2016,near,t_iut,p_t_iut,,0.0323325635103926,,0.01,0.15,composite,437.0,0.3412240184757505,0.0,,,
anoshift_correlated_gaussian,power,adaptive_transfer,2016-2016,near,z_plus_softmax,p_z_plus_softmax,,0.055813953488372,,0.01,0.15,composite,434.0,0.5127906976744186,0.0,,,
anoshift_correlated_gaussian,power,adaptive_transfer,2016-2016,near,z_plus_orth,p_z_plus_orth,,0.0511627906976744,,0.01,0.15,composite,434.0,0.5122093023255814,0.0,,,
anoshift_correlated_gaussian,power,adaptive_transfer,2016-2016,near,z_plus,p_z_plus,,0.0323325635103926,,0.01,0.2,composite,437.0,0.523094688221709,0.0,,,
anoshift_correlated_gaussian,power,adaptive_transfer,2016-2016,near,z_plus_renorm,p_z_plus_renorm,,0.0395348837209302,,0.01,0.2,composite,434.0,0.5220930232558139,0.0,,,
anoshift_correlated_gaussian,power,adaptive_transfer,2016-2016,near,breadth,p_breadth,,0.0161662817551963,,0.01,0.2,composite,437.0,0.555715935334873,0.0,,,
anoshift_correlated_gaussian,power,adaptive_transfer,2016-2016,near,z_mahalanobis_sq,p_z_mahalanobis_sq,,0.0531177829099307,,0.01,0.2,composite,437.0,0.2072748267898383,0.0,,,
anoshift_correlated_gaussian,power,adaptive_transfer,2016-2016,near,t_iut,p_t_iut,,0.0323325635103926,,0.01,0.2,composite,437.0,0.6968822170900693,0.0,,,
anoshift_correlated_gaussian,power,adaptive_transfer,2016-2016,near,z_plus_softmax,p_z_plus_softmax,,0.055813953488372,,0.01,0.2,composite,434.0,0.536046511627907,0.0,,,
anoshift_correlated_gaussian,power,adaptive_transfer,2016-2016,near,z_plus_orth,p_z_plus_orth,,0.0511627906976744,,0.01,0.2,composite,434.0,0.5441860465116279,0.0,,,
anoshift_correlated_gaussian,power,adaptive_transfer,2016-2016,near,z_plus,p_z_plus,,0.0323325635103926,,0.01,0.3,composite,437.0,0.4209006928406467,0.0,,,
anoshift_correlated_gaussian,power,adaptive_transfer,2016-2016,near,z_plus_renorm,p_z_plus_renorm,,0.0395348837209302,,0.01,0.3,composite,434.0,0.4406976744186046,0.0,,,
anoshift_correlated_gaussian,power,adaptive_transfer,2016-2016,near,breadth,p_breadth,,0.0161662817551963,,0.01,0.3,composite,437.0,0.4191685912240185,0.0,,,
anoshift_correlated_gaussian,power,adaptive_transfer,2016-2016,near,z_mahalanobis_sq,p_z_mahalanobis_sq,,0.0531177829099307,,0.01,0.3,composite,437.0,0.3903002309468822,0.0,,,
anoshift_correlated_gaussian,power,adaptive_transfer,2016-2016,near,t_iut,p_t_iut,,0.0323325635103926,,0.01,0.3,composite,437.0,0.5,0.0,,,
anoshift_correlated_gaussian,power,adaptive_transfer,2016-2016,near,z_plus_softmax,p_z_plus_softmax,,0.055813953488372,,0.01,0.3,composite,434.0,0.4104651162790698,0.0,,,
anoshift_correlated_gaussian,power,adaptive_transfer,2016-2016,near,z_plus_orth,p_z_plus_orth,,0.0511627906976744,,0.01,0.3,composite,434.0,0.4174418604651163,0.0,,,
anoshift_correlated_gaussian,power,adaptive_transfer,2016-2016,near,z_plus,p_z_plus,,0.0337349397590361,,0.05,0.05,composite,437.0,0.4944140197152245,0.0,,,
anoshift_correlated_gaussian,power,adaptive_transfer,2016-2016,near,z_plus_renorm,p_z_plus_renorm,,0.0412621359223301,,0.05,0.05,composite,434.0,0.5005516328331863,0.0,,,
anoshift_correlated_gaussian,power,adaptive_transfer,2016-2016,near,breadth,p_breadth,,0.016867469879518,,0.05,0.05,composite,437.0,0.4929901423877327,0.0,,,
anoshift_correlated_gaussian,power,adaptive_transfer,2016-2016,near,z_mahalanobis_sq,p_z_mahalanobis_sq,,0.0554216867469879,,0.05,0.05,composite,437.0,0.492552026286966,0.0,,,
anoshift_correlated_gaussian,power,adaptive_transfer,2016-2016,near,t_iut,p_t_iut,,0.0337349397590361,,0.05,0.05,composite,437.0,0.4319824753559694,0.0,,,
anoshift_correlated_gaussian,power,adaptive_transfer,2016-2016,near,z_plus_softmax,p_z_plus_softmax,,0.0558252427184466,,0.05,0.05,composite,434.0,0.4586275375110327,0.0,,,
anoshift_correlated_gaussian,power,adaptive_transfer,2016-2016,near,z_plus_orth,p_z_plus_orth,,0.0509708737864077,,0.05,0.05,composite,434.0,0.4600617828773168,0.0,,,
anoshift_correlated_gaussian,power,adaptive_transfer,2016-2016,near,z_plus,p_z_plus,,0.0337349397590361,,0.05,0.1,composite,437.0,0.3065717415115006,0.0,,,
anoshift_correlated_gaussian,power,adaptive_transfer,2016-2016,near,z_plus_renorm,p_z_plus_renorm,,0.0412621359223301,,0.05,0.1,composite,434.0,0.3539276257722859,0.0,,,
anoshift_correlated_gaussian,power,adaptive_transfer,2016-2016,near,breadth,p_breadth,,0.016867469879518,,0.05,0.1,composite,437.0,0.3668127053669222,0.0,,,
anoshift_correlated_gaussian,power,adaptive_transfer,2016-2016,near,z_mahalanobis_sq,p_z_mahalanobis_sq,,0.0554216867469879,,0.05,0.1,composite,437.0,0.4676889375684556,0.0,,,
anoshift_correlated_gaussian,power,adaptive_transfer,2016-2016,near,t_iut,p_t_iut,,0.0337349397590361,,0.05,0.1,composite,437.0,0.3880613362541073,0.0,,,
anoshift_correlated_gaussian,power,adaptive_transfer,2016-2016,near,z_plus_softmax,p_z_plus_softmax,,0.0558252427184466,,0.05,0.1,composite,434.0,0.3513901147396293,0.0454545454545454,,,
anoshift_correlated_gaussian,power,adaptive_transfer,2016-2016,near,z_plus_orth,p_z_plus_orth,,0.0509708737864077,,0.05,0.1,composite,434.0,0.3501765225066196,0.0454545454545454,,,
anoshift_correlated_gaussian,power,adaptive_transfer,2016-2016,near,z_plus,p_z_plus,,0.0313253012048192,,0.05,0.15,composite,437.0,0.5180722891566265,0.0454545454545454,,,
anoshift_correlated_gaussian,power,adaptive_transfer,2016-2016,near,z_plus_renorm,p_z_plus_renorm,,0.0315533980582524,,0.05,0.15,composite,434.0,0.536297440423654,0.0454545454545454,,,
anoshift_correlated_gaussian,power,adaptive_transfer,2016-2016,near,breadth,p_breadth,,0.016867469879518,,0.05,0.15,composite,437.0,0.48986856516977,0.0,,,
anoshift_correlated_gaussian,power,adaptive_transfer,2016-2016,near,z_mahalanobis_sq,p_z_mahalanobis_sq,,0.053012048192771,,0.05,0.15,composite,437.0,0.643592552026287,0.0454545454545454,,,
anoshift_correlated_gaussian,power,adaptive_transfer,2016-2016,near,t_iut,p_t_iut,,0.0337349397590361,,0.05,0.15,composite,437.0,0.4325301204819276,0.0,,,
anoshift_correlated_gaussian,power,adaptive_transfer,2016-2016,near,z_plus_softmax,p_z_plus_softmax,,0.0558252427184466,,0.05,0.15,composite,434.0,0.5057369814651368,0.0909090909090909,,,
anoshift_correlated_gaussian,power,adaptive_transfer,2016-2016,near,z_plus_orth,p_z_plus_orth,,0.0509708737864077,,0.05,0.15,composite,434.0,0.5090467784642543,0.0909090909090909,,,
anoshift_correlated_gaussian,power,adaptive_transfer,2016-2016,near,z_plus,p_z_plus,,0.0313253012048192,,0.05,0.2,composite,437.0,0.5027382256297919,0.0454545454545454,,,
anoshift_correlated_gaussian,power,adaptive_transfer,2016-2016,near,z_plus_renorm,p_z_plus_renorm,,0.0388349514563106,,0.05,0.2,composite,434.0,0.5193071491615181,0.0454545454545454,,,
anoshift_correlated_gaussian,power,adaptive_transfer,2016-2016,near,breadth,p_breadth,,0.016867469879518,,0.05,0.2,composite,437.0,0.5019167579408543,0.0,,,
anoshift_correlated_gaussian,power,adaptive_transfer,2016-2016,near,z_mahalanobis_sq,p_z_mahalanobis_sq,,0.0506024096385542,,0.05,0.2,composite,437.0,0.5372398685651698,0.0909090909090909,,,
anoshift_correlated_gaussian,power,adaptive_transfer,2016-2016,near,t_iut,p_t_iut,,0.0337349397590361,,0.05,0.2,composite,437.0,0.4891566265060241,0.0,,,
anoshift_correlated_gaussian,power,adaptive_transfer,2016-2016,near,z_plus_softmax,p_z_plus_softmax,,0.058252427184466,,0.05,0.2,composite,434.0,0.5281332744924978,0.0454545454545454,,,
anoshift_correlated_gaussian,power,adaptive_transfer,2016-2016,near,z_plus_orth,p_z_plus_orth,,0.0533980582524271,,0.05,0.2,composite,434.0,0.5246028243601059,0.0454545454545454,,,
anoshift_correlated_gaussian,power,adaptive_transfer,2016-2016,near,z_plus,p_z_plus,,0.0289156626506024,,0.05,0.3,composite,437.0,0.4443592552026287,0.0909090909090909,,,
anoshift_correlated_gaussian,power,adaptive_transfer,2016-2016,near,z_plus_renorm,p_z_plus_renorm,,0.0388349514563106,,0.05,0.3,composite,434.0,0.4589585172109444,0.0909090909090909,,,
anoshift_correlated_gaussian,power,adaptive_transfer,2016-2016,near,breadth,p_breadth,,0.016867469879518,,0.05,0.3,composite,437.0,0.4574479737130339,0.0,,,
anoshift_correlated_gaussian,power,adaptive_transfer,2016-2016,near,z_mahalanobis_sq,p_z_mahalanobis_sq,,0.0506024096385542,,0.05,0.3,composite,437.0,0.5204819277108433,0.1363636363636363,,,
anoshift_correlated_gaussian,power,adaptive_transfer,2016-2016,near,t_iut,p_t_iut,,0.0337349397590361,,0.05,0.3,composite,437.0,0.4189485213581599,0.0,,,
anoshift_correlated_gaussian,power,adaptive_transfer,2016-2016,near,z_plus_softmax,p_z_plus_softmax,,0.058252427184466,,0.05,0.3,composite,434.0,0.4346866725507502,0.0454545454545454,,,
anoshift_correlated_gaussian,power,adaptive_transfer,2016-2016,near,z_plus_orth,p_z_plus_orth,,0.0533980582524271,,0.05,0.3,composite,434.0,0.4370035304501323,0.0454545454545454,,,
anoshift_correlated_gaussian,power,adaptive_transfer,2016-2016,near,z_plus,p_z_plus,,0.0305343511450381,,0.1,0.05,composite,437.0,0.5735021975479991,0.0454545454545454,,,
anoshift_correlated_gaussian,power,adaptive_transfer,2016-2016,near,z_plus_renorm,p_z_plus_renorm,,0.0358974358974358,,0.1,0.05,composite,434.0,0.5720862470862471,0.0681818181818181,,,
anoshift_correlated_gaussian,power,adaptive_transfer,2016-2016,near,breadth,p_breadth,,0.015267175572519,,0.1,0.05,composite,437.0,0.5208477908859588,0.0227272727272727,,,
anoshift_correlated_gaussian,power,adaptive_transfer,2016-2016,near,z_mahalanobis_sq,p_z_mahalanobis_sq,,0.0483460559796437,,0.1,0.05,composite,437.0,0.5801526717557252,0.0909090909090909,,,
anoshift_correlated_gaussian,power,adaptive_transfer,2016-2016,near,t_iut,p_t_iut,,0.0305343511450381,,0.1,0.05,composite,437.0,0.4719523479065463,0.0454545454545454,,,
anoshift_correlated_gaussian,power,adaptive_transfer,2016-2016,near,z_plus_softmax,p_z_plus_softmax,,0.0512820512820512,,0.1,0.05,composite,434.0,0.5734265734265734,0.0681818181818181,,,
anoshift_correlated_gaussian,power,adaptive_transfer,2016-2016,near,z_plus_orth,p_z_plus_orth,,0.0461538461538461,,0.1,0.05,composite,434.0,0.5712703962703963,0.0681818181818181,,,
anoshift_correlated_gaussian,power,adaptive_transfer,2016-2016,near,z_plus,p_z_plus,,0.0305343511450381,,0.1,0.1,composite,437.0,0.4744968771686328,0.0681818181818181,,,
anoshift_correlated_gaussian,power,adaptive_transfer,2016-2016,near,z_plus_renorm,p_z_plus_renorm,,0.0383631713554987,,0.1,0.1,composite,434.0,0.4741569023969547,0.0232558139534883,,,
anoshift_correlated_gaussian,power,adaptive_transfer,2016-2016,near,breadth,p_breadth,,0.0178117048346055,,0.1,0.1,composite,437.0,0.5121732593106638,0.0,,,
anoshift_correlated_gaussian,power,adaptive_transfer,2016-2016,near,z_mahalanobis_sq,p_z_mahalanobis_sq,,0.0508905852417302,,0.1,0.1,composite,437.0,0.4624103631737219,0.0681818181818181,,,
anoshift_correlated_gaussian,power,adaptive_transfer,2016-2016,near,t_iut,p_t_iut,,0.0330788804071246,,0.1,0.1,composite,437.0,0.4769257460097154,0.0227272727272727,,,
anoshift_correlated_gaussian,power,adaptive_transfer,2016-2016,near,z_plus_softmax,p_z_plus_softmax,,0.0537084398976982,,0.1,0.1,composite,434.0,0.4833164812942366,0.0697674418604651,,,
anoshift_correlated_gaussian,power,adaptive_transfer,2016-2016,near,z_plus_orth,p_z_plus_orth,,0.0511508951406649,,0.1,0.1,composite,434.0,0.4800452031166359,0.0697674418604651,,,
anoshift_correlated_gaussian,power,adaptive_transfer,2016-2016,near,z_plus,p_z_plus,,0.0356234096692111,,0.1,0.15,composite,437.0,0.4389891279204256,0.0,,,
anoshift_correlated_gaussian,power,adaptive_transfer,2016-2016,near,z_plus_renorm,p_z_plus_renorm,,0.0384615384615384,,0.1,0.15,composite,434.0,0.4352564102564102,0.0227272727272727,,,
anoshift_correlated_gaussian,power,adaptive_transfer,2016-2016,near,breadth,p_breadth,,0.0178117048346055,,0.1,0.15,composite,437.0,0.4838364561647005,0.0,,,
anoshift_correlated_gaussian,power,adaptive_transfer,2016-2016,near,z_mahalanobis_sq,p_z_mahalanobis_sq,,0.0559796437659033,,0.1,0.15,composite,437.0,0.479296784640296,0.0227272727272727,,,
anoshift_correlated_gaussian,power,adaptive_transfer,2016-2016,near,t_iut,p_t_iut,,0.0356234096692111,,0.1,0.15,composite,437.0,0.4572634744390469,0.0,,,
anoshift_correlated_gaussian,power,adaptive_transfer,2016-2016,near,z_plus_softmax,p_z_plus_softmax,,0.0589743589743589,,0.1,0.15,composite,434.0,0.4382867132867133,0.0227272727272727,,,
anoshift_correlated_gaussian,power,adaptive_transfer,2016-2016,near,z_plus_orth,p_z_plus_orth,,0.0538461538461538,,0.1,0.15,composite,434.0,0.4375874125874126,0.0227272727272727,,,
anoshift_correlated_gaussian,power,adaptive_transfer,2016-2016,near,z_plus,p_z_plus,,0.0330788804071246,,0.1,0.2,composite,437.0,0.4744968771686328,0.0454545454545454,,,
anoshift_correlated_gaussian,power,adaptive_transfer,2016-2016,near,z_plus_renorm,p_z_plus_renorm,,0.0435897435897435,,0.1,0.2,composite,434.0,0.4866550116550116,0.0454545454545454,,,
anoshift_correlated_gaussian,power,adaptive_transfer,2016-2016,near,breadth,p_breadth,,0.0178117048346055,,0.1,0.2,composite,437.0,0.448560027758501,0.0227272727272727,,,
anoshift_correlated_gaussian,power,adaptive_transfer,2016-2016,near,z_mahalanobis_sq,p_z_mahalanobis_sq,,0.0559796437659033,,0.1,0.2,composite,437.0,0.5057251908396946,0.0227272727272727,,,
anoshift_correlated_gaussian,power,adaptive_transfer,2016-2016,near,t_iut,p_t_iut,,0.0305343511450381,,0.1,0.2,composite,437.0,0.4956627342123525,0.0454545454545454,,,
anoshift_correlated_gaussian,power,adaptive_transfer,2016-2016,near,z_plus_softmax,p_z_plus_softmax,,0.0538461538461538,,0.1,0.2,composite,434.0,0.4701631701631702,0.0681818181818181,,,
anoshift_correlated_gaussian,power,adaptive_transfer,2016-2016,near,z_plus_orth,p_z_plus_orth,,0.0512820512820512,,0.1,0.2,composite,434.0,0.4699300699300699,0.0681818181818181,,,
anoshift_correlated_gaussian,power,adaptive_transfer,2016-2016,near,z_plus,p_z_plus,,0.0356234096692111,,0.1,0.3,composite,437.0,0.4808582003238492,0.0,,,
anoshift_correlated_gaussian,power,adaptive_transfer,2016-2016,near,z_plus_renorm,p_z_plus_renorm,,0.0434782608695652,,0.1,0.3,composite,434.0,0.4765954915838934,0.0232558139534883,,,
anoshift_correlated_gaussian,power,adaptive_transfer,2016-2016,near,breadth,p_breadth,,0.0127226463104325,,0.1,0.3,composite,437.0,0.479614850798057,0.0454545454545454,,,
anoshift_correlated_gaussian,power,adaptive_transfer,2016-2016,near,z_mahalanobis_sq,p_z_mahalanobis_sq,,0.0559796437659033,,0.1,0.3,composite,437.0,0.5560953041869072,0.0,,,
anoshift_correlated_gaussian,power,adaptive_transfer,2016-2016,near,t_iut,p_t_iut,,0.0279898218829516,,0.1,0.3,composite,437.0,0.4769835762202175,0.0681818181818181,,,
anoshift_correlated_gaussian,power,adaptive_transfer,2016-2016,near,z_plus_softmax,p_z_plus_softmax,,0.0511508951406649,,0.1,0.3,composite,434.0,0.4840302147148039,0.0465116279069767,,,
anoshift_correlated_gaussian,power,adaptive_transfer,2016-2016,near,z_plus_orth,p_z_plus_orth,,0.0460358056265984,,0.1,0.3,composite,434.0,0.4818295366680545,0.0465116279069767,,,
anoshift_threshold_clustering_m1_v2,power,adaptive_transfer,2016-2016,near,z_plus,p_z_plus,,0.0830059277639922,,0.01,0.05,composite,58032.0,,,,,
anoshift_threshold_clustering_m1_v2,power,adaptive_transfer,2016-2016,near,z_plus_renorm,p_z_plus_renorm,,0.0991819861025595,,0.01,0.05,composite,56845.0,,,,,
anoshift_threshold_clustering_m1_v2,power,adaptive_transfer,2016-2016,near,breadth,p_breadth,,0.0061517783291976,,0.01,0.05,composite,58032.0,,,,,
anoshift_threshold_clustering_m1_v2,power,adaptive_transfer,2016-2016,near,z_mahalanobis_sq,p_z_mahalanobis_sq,,0.1745211964708414,,0.01,0.05,composite,32529.0,,,,,
anoshift_threshold_clustering_m1_v2,power,adaptive_transfer,2016-2016,near,t_iut,p_t_iut,,0.0535049627791563,,0.01,0.05,composite,58032.0,,,,,
anoshift_threshold_clustering_m1_v2,power,adaptive_transfer,2016-2016,near,z_plus_softmax,p_z_plus_softmax,,0.1258509983287888,,0.01,0.05,composite,56845.0,,,,,
anoshift_threshold_clustering_m1_v2,power,adaptive_transfer,2016-2016,near,z_plus_orth,p_z_plus_orth,,0.1084352185768317,,0.01,0.05,composite,56845.0,,,,,
anoshift_threshold_clustering_m1_v2,power,adaptive_transfer,2016-2016,near,z_plus,p_z_plus,,0.0830059277639922,,0.01,0.1,composite,58032.0,,,,,
anoshift_threshold_clustering_m1_v2,power,adaptive_transfer,2016-2016,near,z_plus_renorm,p_z_plus_renorm,,0.0991819861025595,,0.01,0.1,composite,56845.0,,,,,
anoshift_threshold_clustering_m1_v2,power,adaptive_transfer,2016-2016,near,breadth,p_breadth,,0.0061517783291976,,0.01,0.1,composite,58032.0,,,,,
anoshift_threshold_clustering_m1_v2,power,adaptive_transfer,2016-2016,near,z_mahalanobis_sq,p_z_mahalanobis_sq,,0.1745211964708414,,0.01,0.1,composite,32529.0,,,,,
anoshift_threshold_clustering_m1_v2,power,adaptive_transfer,2016-2016,near,t_iut,p_t_iut,,0.0535049627791563,,0.01,0.1,composite,58032.0,,,,,
anoshift_threshold_clustering_m1_v2,power,adaptive_transfer,2016-2016,near,z_plus_softmax,p_z_plus_softmax,,0.1258509983287888,,0.01,0.1,composite,56845.0,,,,,
anoshift_threshold_clustering_m1_v2,power,adaptive_transfer,2016-2016,near,z_plus_orth,p_z_plus_orth,,0.1084352185768317,,0.01,0.1,composite,56845.0,,,,,
anoshift_threshold_clustering_m1_v2,power,adaptive_transfer,2016-2016,near,z_plus,p_z_plus,,0.0830059277639922,,0.01,0.15,composite,58032.0,,,,,
anoshift_threshold_clustering_m1_v2,power,adaptive_transfer,2016-2016,near,z_plus_renorm,p_z_plus_renorm,,0.0991819861025595,,0.01,0.15,composite,56845.0,,,,,
anoshift_threshold_clustering_m1_v2,power,adaptive_transfer,2016-2016,near,breadth,p_breadth,,0.0061517783291976,,0.01,0.15,composite,58032.0,,,,,
anoshift_threshold_clustering_m1_v2,power,adaptive_transfer,2016-2016,near,z_mahalanobis_sq,p_z_mahalanobis_sq,,0.1745211964708414,,0.01,0.15,composite,32529.0,,,,,
anoshift_threshold_clustering_m1_v2,power,adaptive_transfer,2016-2016,near,t_iut,p_t_iut,,0.0535049627791563,,0.01,0.15,composite,58032.0,,,,,
anoshift_threshold_clustering_m1_v2,power,adaptive_transfer,2016-2016,near,z_plus_softmax,p_z_plus_softmax,,0.1258509983287888,,0.01,0.15,composite,56845.0,,,,,
anoshift_threshold_clustering_m1_v2,power,adaptive_transfer,2016-2016,near,z_plus_orth,p_z_plus_orth,,0.1084352185768317,,0.01,0.15,composite,56845.0,,,,,
anoshift_threshold_clustering_m1_v2,power,adaptive_transfer,2016-2016,near,z_plus,p_z_plus,,0.0830059277639922,,0.01,0.2,composite,58032.0,,,,,
anoshift_threshold_clustering_m1_v2,power,adaptive_transfer,2016-2016,near,z_plus_renorm,p_z_plus_renorm,,0.0991819861025595,,0.01,0.2,composite,56845.0,,,,,
anoshift_threshold_clustering_m1_v2,power,adaptive_transfer,2016-2016,near,breadth,p_breadth,,0.0061517783291976,,0.01,0.2,composite,58032.0,,,,,
anoshift_threshold_clustering_m1_v2,power,adaptive_transfer,2016-2016,near,z_mahalanobis_sq,p_z_mahalanobis_sq,,0.1745211964708414,,0.01,0.2,composite,32529.0,,,,,
anoshift_threshold_clustering_m1_v2,power,adaptive_transfer,2016-2016,near,t_iut,p_t_iut,,0.0535049627791563,,0.01,0.2,composite,58032.0,,,,,
anoshift_threshold_clustering_m1_v2,power,adaptive_transfer,2016-2016,near,z_plus_softmax,p_z_plus_softmax,,0.1258509983287888,,0.01,0.2,composite,56845.0,,,,,
anoshift_threshold_clustering_m1_v2,power,adaptive_transfer,2016-2016,near,z_plus_orth,p_z_plus_orth,,0.1084352185768317,,0.01,0.2,composite,56845.0,,,,,
anoshift_threshold_clustering_m1_v2,power,adaptive_transfer,2016-2016,near,z_plus,p_z_plus,,0.0830059277639922,,0.01,0.3,composite,58032.0,,,,,
anoshift_threshold_clustering_m1_v2,power,adaptive_transfer,2016-2016,near,z_plus_renorm,p_z_plus_renorm,,0.0991819861025595,,0.01,0.3,composite,56845.0,,,,,
anoshift_threshold_clustering_m1_v2,power,adaptive_transfer,2016-2016,near,breadth,p_breadth,,0.0061517783291976,,0.01,0.3,composite,58032.0,,,,,
anoshift_threshold_clustering_m1_v2,power,adaptive_transfer,2016-2016,near,z_mahalanobis_sq,p_z_mahalanobis_sq,,0.1745211964708414,,0.01,0.3,composite,32529.0,,,,,
anoshift_threshold_clustering_m1_v2,power,adaptive_transfer,2016-2016,near,t_iut,p_t_iut,,0.0535049627791563,,0.01,0.3,composite,58032.0,,,,,
anoshift_threshold_clustering_m1_v2,power,adaptive_transfer,2016-2016,near,z_plus_softmax,p_z_plus_softmax,,0.1258509983287888,,0.01,0.3,composite,56845.0,,,,,
anoshift_threshold_clustering_m1_v2,power,adaptive_transfer,2016-2016,near,z_plus_orth,p_z_plus_orth,,0.1084352185768317,,0.01,0.3,composite,56845.0,,,,,
anoshift_threshold_clustering_m1_v2,power,adaptive_transfer,2016-2016,near,z_plus,p_z_plus,,0.0830059277639922,,0.05,0.05,composite,58032.0,,,,,
anoshift_threshold_clustering_m1_v2,power,adaptive_transfer,2016-2016,near,z_plus_renorm,p_z_plus_renorm,,0.0991819861025595,,0.05,0.05,composite,56845.0,,,,,
anoshift_threshold_clustering_m1_v2,power,adaptive_transfer,2016-2016,near,breadth,p_breadth,,0.0061517783291976,,0.05,0.05,composite,58032.0,,,,,
anoshift_threshold_clustering_m1_v2,power,adaptive_transfer,2016-2016,near,z_mahalanobis_sq,p_z_mahalanobis_sq,,0.1745211964708414,,0.05,0.05,composite,32529.0,,,,,
anoshift_threshold_clustering_m1_v2,power,adaptive_transfer,2016-2016,near,t_iut,p_t_iut,,0.0535049627791563,,0.05,0.05,composite,58032.0,,,,,
anoshift_threshold_clustering_m1_v2,power,adaptive_transfer,2016-2016,near,z_plus_softmax,p_z_plus_softmax,,0.1258509983287888,,0.05,0.05,composite,56845.0,,,,,
anoshift_threshold_clustering_m1_v2,power,adaptive_transfer,2016-2016,near,z_plus_orth,p_z_plus_orth,,0.1084352185768317,,0.05,0.05,composite,56845.0,,,,,
anoshift_threshold_clustering_m1_v2,power,adaptive_transfer,2016-2016,near,z_plus,p_z_plus,,0.0830059277639922,,0.05,0.1,composite,58032.0,,,,,
anoshift_threshold_clustering_m1_v2,power,adaptive_transfer,2016-2016,near,z_plus_renorm,p_z_plus_renorm,,0.0991819861025595,,0.05,0.1,composite,56845.0,,,,,
anoshift_threshold_clustering_m1_v2,power,adaptive_transfer,2016-2016,near,breadth,p_breadth,,0.0061517783291976,,0.05,0.1,composite,58032.0,,,,,
anoshift_threshold_clustering_m1_v2,power,adaptive_transfer,2016-2016,near,z_mahalanobis_sq,p_z_mahalanobis_sq,,0.1745211964708414,,0.05,0.1,composite,32529.0,,,,,
anoshift_threshold_clustering_m1_v2,power,adaptive_transfer,2016-2016,near,t_iut,p_t_iut,,0.0535049627791563,,0.05,0.1,composite,58032.0,,,,,
anoshift_threshold_clustering_m1_v2,power,adaptive_transfer,2016-2016,near,z_plus_softmax,p_z_plus_softmax,,0.1258509983287888,,0.05,0.1,composite,56845.0,,,,,
anoshift_threshold_clustering_m1_v2,power,adaptive_transfer,2016-2016,near,z_plus_orth,p_z_plus_orth,,0.1084352185768317,,0.05,0.1,composite,56845.0,,,,,
anoshift_threshold_clustering_m1_v2,power,adaptive_transfer,2016-2016,near,z_plus,p_z_plus,,0.0830059277639922,,0.05,0.15,composite,58032.0,,,,,
anoshift_threshold_clustering_m1_v2,power,adaptive_transfer,2016-2016,near,z_plus_renorm,p_z_plus_renorm,,0.0991819861025595,,0.05,0.15,composite,56845.0,,,,,
anoshift_threshold_clustering_m1_v2,power,adaptive_transfer,2016-2016,near,breadth,p_breadth,,0.0061517783291976,,0.05,0.15,composite,58032.0,,,,,
anoshift_threshold_clustering_m1_v2,power,adaptive_transfer,2016-2016,near,z_mahalanobis_sq,p_z_mahalanobis_sq,,0.1745211964708414,,0.05,0.15,composite,32529.0,,,,,
anoshift_threshold_clustering_m1_v2,power,adaptive_transfer,2016-2016,near,t_iut,p_t_iut,,0.0535049627791563,,0.05,0.15,composite,58032.0,,,,,
anoshift_threshold_clustering_m1_v2,power,adaptive_transfer,2016-2016,near,z_plus_softmax,p_z_plus_softmax,,0.1258509983287888,,0.05,0.15,composite,56845.0,,,,,
anoshift_threshold_clustering_m1_v2,power,adaptive_transfer,2016-2016,near,z_plus_orth,p_z_plus_orth,,0.1084352185768317,,0.05,0.15,composite,56845.0,,,,,
anoshift_threshold_clustering_m1_v2,power,adaptive_transfer,2016-2016,near,z_plus,p_z_plus,,0.0830059277639922,,0.05,0.2,composite,58032.0,,,,,
anoshift_threshold_clustering_m1_v2,power,adaptive_transfer,2016-2016,near,z_plus_renorm,p_z_plus_renorm,,0.0991819861025595,,0.05,0.2,composite,56845.0,,,,,
anoshift_threshold_clustering_m1_v2,power,adaptive_transfer,2016-2016,near,breadth,p_breadth,,0.0061517783291976,,0.05,0.2,composite,58032.0,,,,,
anoshift_threshold_clustering_m1_v2,power,adaptive_transfer,2016-2016,near,z_mahalanobis_sq,p_z_mahalanobis_sq,,0.1745211964708414,,0.05,0.2,composite,32529.0,,,,,
anoshift_threshold_clustering_m1_v2,power,adaptive_transfer,2016-2016,near,t_iut,p_t_iut,,0.0535049627791563,,0.05,0.2,composite,58032.0,,,,,
anoshift_threshold_clustering_m1_v2,power,adaptive_transfer,2016-2016,near,z_plus_softmax,p_z_plus_softmax,,0.1258509983287888,,0.05,0.2,composite,56845.0,,,,,
anoshift_threshold_clustering_m1_v2,power,adaptive_transfer,2016-2016,near,z_plus_orth,p_z_plus_orth,,0.1084352185768317,,0.05,0.2,composite,56845.0,,,,,
anoshift_threshold_clustering_m1_v2,power,adaptive_transfer,2016-2016,near,z_plus,p_z_plus,,0.0830059277639922,,0.05,0.3,composite,58032.0,,,,,
anoshift_threshold_clustering_m1_v2,power,adaptive_transfer,2016-2016,near,z_plus_renorm,p_z_plus_renorm,,0.0991819861025595,,0.05,0.3,composite,56845.0,,,,,
anoshift_threshold_clustering_m1_v2,power,adaptive_transfer,2016-2016,near,breadth,p_breadth,,0.0061517783291976,,0.05,0.3,composite,58032.0,,,,,
anoshift_threshold_clustering_m1_v2,power,adaptive_transfer,2016-2016,near,z_mahalanobis_sq,p_z_mahalanobis_sq,,0.1745211964708414,,0.05,0.3,composite,32529.0,,,,,
anoshift_threshold_clustering_m1_v2,power,adaptive_transfer,2016-2016,near,t_iut,p_t_iut,,0.0535049627791563,,0.05,0.3,composite,58032.0,,,,,
anoshift_threshold_clustering_m1_v2,power,adaptive_transfer,2016-2016,near,z_plus_softmax,p_z_plus_softmax,,0.1258509983287888,,0.05,0.3,composite,56845.0,,,,,
anoshift_threshold_clustering_m1_v2,power,adaptive_transfer,2016-2016,near,z_plus_orth,p_z_plus_orth,,0.1084352185768317,,0.05,0.3,composite,56845.0,,,,,
anoshift_threshold_clustering_m1_v2,power,adaptive_transfer,2016-2016,near,z_plus,p_z_plus,,0.0830059277639922,,0.1,0.05,composite,58032.0,,,,,
anoshift_threshold_clustering_m1_v2,power,adaptive_transfer,2016-2016,near,z_plus_renorm,p_z_plus_renorm,,0.0991819861025595,,0.1,0.05,composite,56845.0,,,,,
anoshift_threshold_clustering_m1_v2,power,adaptive_transfer,2016-2016,near,breadth,p_breadth,,0.0061517783291976,,0.1,0.05,composite,58032.0,,,,,
anoshift_threshold_clustering_m1_v2,power,adaptive_transfer,2016-2016,near,z_mahalanobis_sq,p_z_mahalanobis_sq,,0.1745211964708414,,0.1,0.05,composite,32529.0,,,,,
anoshift_threshold_clustering_m1_v2,power,adaptive_transfer,2016-2016,near,t_iut,p_t_iut,,0.0535049627791563,,0.1,0.05,composite,58032.0,,,,,
anoshift_threshold_clustering_m1_v2,power,adaptive_transfer,2016-2016,near,z_plus_softmax,p_z_plus_softmax,,0.1258509983287888,,0.1,0.05,composite,56845.0,,,,,
anoshift_threshold_clustering_m1_v2,power,adaptive_transfer,2016-2016,near,z_plus_orth,p_z_plus_orth,,0.1084352185768317,,0.1,0.05,composite,56845.0,,,,,
anoshift_threshold_clustering_m1_v2,power,adaptive_transfer,2016-2016,near,z_plus,p_z_plus,,0.0830059277639922,,0.1,0.1,composite,58032.0,,,,,
anoshift_threshold_clustering_m1_v2,power,adaptive_transfer,2016-2016,near,z_plus_renorm,p_z_plus_renorm,,0.0991819861025595,,0.1,0.1,composite,56845.0,,,,,
anoshift_threshold_clustering_m1_v2,power,adaptive_transfer,2016-2016,near,breadth,p_breadth,,0.0061517783291976,,0.1,0.1,composite,58032.0,,,,,
anoshift_threshold_clustering_m1_v2,power,adaptive_transfer,2016-2016,near,z_mahalanobis_sq,p_z_mahalanobis_sq,,0.1745211964708414,,0.1,0.1,composite,32529.0,,,,,
anoshift_threshold_clustering_m1_v2,power,adaptive_transfer,2016-2016,near,t_iut,p_t_iut,,0.0535049627791563,,0.1,0.1,composite,58032.0,,,,,
anoshift_threshold_clustering_m1_v2,power,adaptive_transfer,2016-2016,near,z_plus_softmax,p_z_plus_softmax,,0.1258509983287888,,0.1,0.1,composite,56845.0,,,,,
anoshift_threshold_clustering_m1_v2,power,adaptive_transfer,2016-2016,near,z_plus_orth,p_z_plus_orth,,0.1084352185768317,,0.1,0.1,composite,56845.0,,,,,
anoshift_threshold_clustering_m1_v2,power,adaptive_transfer,2016-2016,near,z_plus,p_z_plus,,0.0830059277639922,,0.1,0.15,composite,58032.0,,,,,
anoshift_threshold_clustering_m1_v2,power,adaptive_transfer,2016-2016,near,z_plus_renorm,p_z_plus_renorm,,0.0991819861025595,,0.1,0.15,composite,56845.0,,,,,
anoshift_threshold_clustering_m1_v2,power,adaptive_transfer,2016-2016,near,breadth,p_breadth,,0.0061517783291976,,0.1,0.15,composite,58032.0,,,,,
anoshift_threshold_clustering_m1_v2,power,adaptive_transfer,2016-2016,near,z_mahalanobis_sq,p_z_mahalanobis_sq,,0.1745211964708414,,0.1,0.15,composite,32529.0,,,,,
anoshift_threshold_clustering_m1_v2,power,adaptive_transfer,2016-2016,near,t_iut,p_t_iut,,0.0535049627791563,,0.1,0.15,composite,58032.0,,,,,
anoshift_threshold_clustering_m1_v2,power,adaptive_transfer,2016-2016,near,z_plus_softmax,p_z_plus_softmax,,0.1258509983287888,,0.1,0.15,composite,56845.0,,,,,
anoshift_threshold_clustering_m1_v2,power,adaptive_transfer,2016-2016,near,z_plus_orth,p_z_plus_orth,,0.1084352185768317,,0.1,0.15,composite,56845.0,,,,,
anoshift_threshold_clustering_m1_v2,power,adaptive_transfer,2016-2016,near,z_plus,p_z_plus,,0.0830059277639922,,0.1,0.2,composite,58032.0,,,,,
anoshift_threshold_clustering_m1_v2,power,adaptive_transfer,2016-2016,near,z_plus_renorm,p_z_plus_renorm,,0.0991819861025595,,0.1,0.2,composite,56845.0,,,,,
anoshift_threshold_clustering_m1_v2,power,adaptive_transfer,2016-2016,near,breadth,p_breadth,,0.0061517783291976,,0.1,0.2,composite,58032.0,,,,,
anoshift_threshold_clustering_m1_v2,power,adaptive_transfer,2016-2016,near,z_mahalanobis_sq,p_z_mahalanobis_sq,,0.1745211964708414,,0.1,0.2,composite,32529.0,,,,,
anoshift_threshold_clustering_m1_v2,power,adaptive_transfer,2016-2016,near,t_iut,p_t_iut,,0.0535049627791563,,0.1,0.2,composite,58032.0,,,,,
anoshift_threshold_clustering_m1_v2,power,adaptive_transfer,2016-2016,near,z_plus_softmax,p_z_plus_softmax,,0.1258509983287888,,0.1,0.2,composite,56845.0,,,,,
anoshift_threshold_clustering_m1_v2,power,adaptive_transfer,2016-2016,near,z_plus_orth,p_z_plus_orth,,0.1084352185768317,,0.1,0.2,composite,56845.0,,,,,
anoshift_threshold_clustering_m1_v2,power,adaptive_transfer,2016-2016,near,z_plus,p_z_plus,,0.0830059277639922,,0.1,0.3,composite,58032.0,,,,,
anoshift_threshold_clustering_m1_v2,power,adaptive_transfer,2016-2016,near,z_plus_renorm,p_z_plus_renorm,,0.0991819861025595,,0.1,0.3,composite,56845.0,,,,,
anoshift_threshold_clustering_m1_v2,power,adaptive_transfer,2016-2016,near,breadth,p_breadth,,0.0061517783291976,,0.1,0.3,composite,58032.0,,,,,
anoshift_threshold_clustering_m1_v2,power,adaptive_transfer,2016-2016,near,z_mahalanobis_sq,p_z_mahalanobis_sq,,0.1745211964708414,,0.1,0.3,composite,32529.0,,,,,
anoshift_threshold_clustering_m1_v2,power,adaptive_transfer,2016-2016,near,t_iut,p_t_iut,,0.0535049627791563,,0.1,0.3,composite,58032.0,,,,,
anoshift_threshold_clustering_m1_v2,power,adaptive_transfer,2016-2016,near,z_plus_softmax,p_z_plus_softmax,,0.1258509983287888,,0.1,0.3,composite,56845.0,,,,,
anoshift_threshold_clustering_m1_v2,power,adaptive_transfer,2016-2016,near,z_plus_orth,p_z_plus_orth,,0.1084352185768317,,0.1,0.3,composite,56845.0,,,,,
anoshift_correlated_gaussian,power,adaptive_transfer,2016-2016,far,z_plus,p_z_plus,,0.0452368281000532,,0.01,0.05,composite,1898.0,0.5446626144925913,0.0526315789473684,,,
anoshift_correlated_gaussian,power,adaptive_transfer,2016-2016,far,z_plus_renorm,p_z_plus_renorm,,0.0418904403866809,,0.01,0.05,composite,1881.0,0.540703261914184,0.0,,,
anoshift_correlated_gaussian,power,adaptive_transfer,2016-2016,far,breadth,p_breadth,,0.011708355508249,,0.01,0.05,composite,1898.0,0.4920170303352847,0.0,,,
anoshift_correlated_gaussian,power,adaptive_transfer,2016-2016,far,z_mahalanobis_sq,p_z_mahalanobis_sq,,0.0452368281000532,,0.01,0.05,composite,1898.0,0.4911066916893084,0.0526315789473684,,,
anoshift_correlated_gaussian,power,adaptive_transfer,2016-2016,far,t_iut,p_t_iut,,0.0356572645023948,,0.01,0.05,composite,1898.0,0.4921430772247275,0.0,,,
anoshift_correlated_gaussian,power,adaptive_transfer,2016-2016,far,z_plus_softmax,p_z_plus_softmax,,0.0596133190118152,,0.01,0.05,composite,1881.0,0.5173836847758493,0.1052631578947368,,,
anoshift_correlated_gaussian,power,adaptive_transfer,2016-2016,far,z_plus_orth,p_z_plus_orth,,0.0558539205155746,,0.01,0.05,composite,1881.0,0.5145570693651422,0.1052631578947368,,,
anoshift_correlated_gaussian,power,adaptive_transfer,2016-2016,far,z_plus,p_z_plus,,0.0457690260777009,,0.01,0.1,composite,1898.0,0.4781658777065068,0.0,,,
anoshift_correlated_gaussian,power,adaptive_transfer,2016-2016,far,z_plus_renorm,p_z_plus_renorm,,0.0418904403866809,,0.01,0.1,composite,1881.0,0.4991237492226807,0.0,,,
anoshift_correlated_gaussian,power,adaptive_transfer,2016-2016,far,breadth,p_breadth,,0.011708355508249,,0.01,0.1,composite,1898.0,0.4549172292092658,0.0,,,
anoshift_correlated_gaussian,power,adaptive_transfer,2016-2016,far,z_mahalanobis_sq,p_z_mahalanobis_sq,,0.0457690260777009,,0.01,0.1,composite,1898.0,0.5700680653202992,0.0,,,
anoshift_correlated_gaussian,power,adaptive_transfer,2016-2016,far,t_iut,p_t_iut,,0.0356572645023948,,0.01,0.1,composite,1898.0,0.4229573401305285,0.0,,,
anoshift_correlated_gaussian,power,adaptive_transfer,2016-2016,far,z_plus_softmax,p_z_plus_softmax,,0.0612244897959183,,0.01,0.1,composite,1881.0,0.4821357906043304,0.0,,,
anoshift_correlated_gaussian,power,adaptive_transfer,2016-2016,far,z_plus_orth,p_z_plus_orth,,0.0574650912996777,,0.01,0.1,composite,1881.0,0.4809203459777262,0.0,,,
anoshift_correlated_gaussian,power,adaptive_transfer,2016-2016,far,z_plus,p_z_plus,,0.0452368281000532,,0.01,0.15,composite,1898.0,0.546357244895101,0.0,,,
anoshift_correlated_gaussian,power,adaptive_transfer,2016-2016,far,z_plus_renorm,p_z_plus_renorm,,0.0413533834586466,,0.01,0.15,composite,1880.0,0.530671917889963,0.0555555555555555,,,
anoshift_correlated_gaussian,power,adaptive_transfer,2016-2016,far,breadth,p_breadth,,0.011708355508249,,0.01,0.15,composite,1898.0,0.5879667236211871,0.0,,,
anoshift_correlated_gaussian,power,adaptive_transfer,2016-2016,far,z_mahalanobis_sq,p_z_mahalanobis_sq,,0.0447046301224055,,0.01,0.15,composite,1898.0,0.5786952746421669,0.1052631578947368,,,
anoshift_correlated_gaussian,power,adaptive_transfer,2016-2016,far,t_iut,p_t_iut,,0.0351250665247472,,0.01,0.15,composite,1898.0,0.481667180191031,0.0526315789473684,,,
anoshift_correlated_gaussian,power,adaptive_transfer,2016-2016,far,z_plus_softmax,p_z_plus_softmax,,0.0612244897959183,,0.01,0.15,composite,1880.0,0.5441580140828262,0.1111111111111111,,,
anoshift_correlated_gaussian,power,adaptive_transfer,2016-2016,far,z_plus_orth,p_z_plus_orth,,0.0569280343716433,,0.01,0.15,composite,1880.0,0.5400405776345626,0.1111111111111111,,,
anoshift_correlated_gaussian,power,adaptive_transfer,2016-2016,far,z_plus,p_z_plus,,0.0457690260777009,,0.01,0.2,composite,1898.0,0.4164589227192515,0.0,,,
anoshift_correlated_gaussian,power,adaptive_transfer,2016-2016,far,z_plus_renorm,p_z_plus_renorm,,0.0413533834586466,,0.01,0.2,composite,1881.0,0.3731980326756741,0.1052631578947368,,,
anoshift_correlated_gaussian,power,adaptive_transfer,2016-2016,far,breadth,p_breadth,,0.011708355508249,,0.01,0.2,composite,1898.0,0.4587126411024901,0.0,,,
anoshift_correlated_gaussian,power,adaptive_transfer,2016-2016,far,z_mahalanobis_sq,p_z_mahalanobis_sq,,0.0452368281000532,,0.01,0.2,composite,1898.0,0.4226492255118904,0.0526315789473684,,,
anoshift_correlated_gaussian,power,adaptive_transfer,2016-2016,far,t_iut,p_t_iut,,0.0356572645023948,,0.01,0.2,composite,1898.0,0.407439567519117,0.0526315789473684,,,
anoshift_correlated_gaussian,power,adaptive_transfer,2016-2016,far,z_plus_softmax,p_z_plus_softmax,,0.0617615467239527,,0.01,0.2,composite,1881.0,0.3773531573294137,0.0526315789473684,,,
anoshift_correlated_gaussian,power,adaptive_transfer,2016-2016,far,z_plus_orth,p_z_plus_orth,,0.0580021482277121,,0.01,0.2,composite,1881.0,0.3792469896545876,0.0526315789473684,,,
anoshift_correlated_gaussian,power,adaptive_transfer,2016-2016,far,z_plus,p_z_plus,,0.0441724321447578,,0.01,0.3,composite,1898.0,0.4944959524943279,0.1578947368421052,,,
anoshift_correlated_gaussian,power,adaptive_transfer,2016-2016,far,z_plus_renorm,p_z_plus_renorm,,0.0418904403866809,,0.01,0.3,composite,1881.0,0.449884108768161,0.0526315789473684,,,
anoshift_correlated_gaussian,power,adaptive_transfer,2016-2016,far,breadth,p_breadth,,0.011708355508249,,0.01,0.3,composite,1898.0,0.5731632167166185,0.0526315789473684,,,
anoshift_correlated_gaussian,power,adaptive_transfer,2016-2016,far,z_mahalanobis_sq,p_z_mahalanobis_sq,,0.0452368281000532,,0.01,0.3,composite,1898.0,0.5410772807484383,0.0526315789473684,,,
anoshift_correlated_gaussian,power,adaptive_transfer,2016-2016,far,t_iut,p_t_iut,,0.0356572645023948,,0.01,0.3,composite,1898.0,0.4396795607966163,0.1052631578947368,,,
anoshift_correlated_gaussian,power,adaptive_transfer,2016-2016,far,z_plus_softmax,p_z_plus_softmax,,0.0612244897959183,,0.01,0.3,composite,1881.0,0.4770196167109503,0.1578947368421052,,,
anoshift_correlated_gaussian,power,adaptive_transfer,2016-2016,far,z_plus_orth,p_z_plus_orth,,0.0574650912996777,,0.01,0.3,composite,1881.0,0.4811182090564758,0.1578947368421052,,,
anoshift_correlated_gaussian,power,adaptive_transfer,2016-2016,far,z_plus,p_z_plus,,0.045479755962285,,0.05,0.05,composite,1898.0,0.5008115129754502,0.0421052631578947,,,
anoshift_correlated_gaussian,power,adaptive_transfer,2016-2016,far,z_plus_renorm,p_z_plus_renorm,,0.0413870246085011,,0.05,0.05,composite,1882.0,0.5249952401351802,0.0531914893617021,,,
anoshift_correlated_gaussian,power,adaptive_transfer,2016-2016,far,breadth,p_breadth,,0.0116472545757071,,0.05,0.05,composite,1898.0,0.4693230580611262,0.0105263157894736,,,
anoshift_correlated_gaussian,power,adaptive_transfer,2016-2016,far,z_mahalanobis_sq,p_z_mahalanobis_sq,,0.0465890183028286,,0.05,0.05,composite,1898.0,0.5074174621245293,0.0210526315789473,,,
anoshift_correlated_gaussian,power,adaptive_transfer,2016-2016,far,t_iut,p_t_iut,,0.0354963948973932,,0.05,0.05,composite,1898.0,0.5361823860816768,0.031578947368421,,,
anoshift_correlated_gaussian,power,adaptive_transfer,2016-2016,far,z_plus_softmax,p_z_plus_softmax,,0.0631991051454138,,0.05,0.05,composite,1882.0,0.5121971536008377,0.0425531914893617,,,
anoshift_correlated_gaussian,power,adaptive_transfer,2016-2016,far,z_plus_orth,p_z_plus_orth,,0.0592841163310962,,0.05,0.05,composite,1882.0,0.5126433909276977,0.0319148936170212,,,
anoshift_correlated_gaussian,power,adaptive_transfer,2016-2016,far,z_plus,p_z_plus,,0.0460343871325568,,0.05,0.1,composite,1898.0,0.4965291765186677,0.0526315789473684,,,
anoshift_correlated_gaussian,power,adaptive_transfer,2016-2016,far,z_plus_renorm,p_z_plus_renorm,,0.0391498881431767,,0.05,0.1,composite,1881.0,0.5206634432657382,0.075268817204301,,,
anoshift_correlated_gaussian,power,adaptive_transfer,2016-2016,far,breadth,p_breadth,,0.0122018857459789,,0.05,0.1,composite,1898.0,0.4958402662229617,0.0,,,
anoshift_correlated_gaussian,power,adaptive_transfer,2016-2016,far,z_mahalanobis_sq,p_z_mahalanobis_sq,,0.0460343871325568,,0.05,0.1,composite,1898.0,0.5120238199492074,0.031578947368421,,,
anoshift_correlated_gaussian,power,adaptive_transfer,2016-2016,far,t_iut,p_t_iut,,0.0349417637271214,,0.05,0.1,composite,1898.0,0.5021688997869048,0.031578947368421,,,
anoshift_correlated_gaussian,power,adaptive_transfer,2016-2016,far,z_plus_softmax,p_z_plus_softmax,,0.0609619686800894,,0.05,0.1,composite,1881.0,0.5105181496716461,0.053763440860215,,,
anoshift_correlated_gaussian,power,adaptive_transfer,2016-2016,far,z_plus_orth,p_z_plus_orth,,0.058165548098434,,0.05,0.1,composite,1881.0,0.5084253445911813,0.053763440860215,,,
anoshift_correlated_gaussian,power,adaptive_transfer,2016-2016,far,z_plus,p_z_plus,,0.0427066001109262,,0.05,0.15,composite,1898.0,0.5115917914586801,0.0947368421052631,,,
anoshift_correlated_gaussian,power,adaptive_transfer,2016-2016,far,z_plus_renorm,p_z_plus_renorm,,0.0414333706606942,,0.05,0.15,composite,1881.0,0.5171332586786114,0.0736842105263157,,,
anoshift_correlated_gaussian,power,adaptive_transfer,2016-2016,far,breadth,p_breadth,,0.0122018857459789,,0.05,0.15,composite,1898.0,0.4920308258166214,0.0105263157894736,,,
anoshift_correlated_gaussian,power,adaptive_transfer,2016-2016,far,z_mahalanobis_sq,p_z_mahalanobis_sq,,0.0427066001109262,,0.05,0.15,composite,1898.0,0.5626587266835975,0.0947368421052631,,,
anoshift_correlated_gaussian,power,adaptive_transfer,2016-2016,far,t_iut,p_t_iut,,0.036051026067665,,0.05,0.15,composite,1898.0,0.4135330005546311,0.031578947368421,,,
anoshift_correlated_gaussian,power,adaptive_transfer,2016-2016,far,z_plus_softmax,p_z_plus_softmax,,0.0615901455767077,,0.05,0.15,composite,1881.0,0.5193080686037602,0.0947368421052631,,,
anoshift_correlated_gaussian,power,adaptive_transfer,2016-2016,far,z_plus_orth,p_z_plus_orth,,0.0565509518477043,,0.05,0.15,composite,1881.0,0.5199033417811045,0.0947368421052631,,,
anoshift_correlated_gaussian,power,adaptive_transfer,2016-2016,far,z_plus,p_z_plus,,0.0449251247920133,,0.05,0.2,composite,1898.0,0.5677613334500977,0.0631578947368421,,,
anoshift_correlated_gaussian,power,adaptive_transfer,2016-2016,far,z_plus_renorm,p_z_plus_renorm,,0.0425293788472299,,0.05,0.2,composite,1881.0,0.5609663170177047,0.0212765957446808,,,
anoshift_correlated_gaussian,power,adaptive_transfer,2016-2016,far,breadth,p_breadth,,0.0116472545757071,,0.05,0.2,composite,1898.0,0.5379776396065038,0.0,,,
anoshift_correlated_gaussian,power,adaptive_transfer,2016-2016,far,z_mahalanobis_sq,p_z_mahalanobis_sq,,0.0460343871325568,,0.05,0.2,composite,1898.0,0.5293925329129813,0.0421052631578947,,,
anoshift_correlated_gaussian,power,adaptive_transfer,2016-2016,far,t_iut,p_t_iut,,0.0349417637271214,,0.05,0.2,composite,1898.0,0.5432933415068454,0.0631578947368421,,,
anoshift_correlated_gaussian,power,adaptive_transfer,2016-2016,far,z_plus_softmax,p_z_plus_softmax,,0.0604364857302742,,0.05,0.2,composite,1881.0,0.5503042065032325,0.0851063829787234,,,
anoshift_correlated_gaussian,power,adaptive_transfer,2016-2016,far,z_plus_orth,p_z_plus_orth,,0.0576385002797985,,0.05,0.2,composite,1881.0,0.5496731714867422,0.0851063829787234,,,
anoshift_correlated_gaussian,power,adaptive_transfer,2016-2016,far,z_plus,p_z_plus,,0.0449251247920133,,0.05,0.3,composite,1898.0,0.5941851300464138,0.0631578947368421,,,
anoshift_correlated_gaussian,power,adaptive_transfer,2016-2016,far,z_plus_renorm,p_z_plus_renorm,,0.0402909904868494,,0.05,0.3,composite,1882.0,0.5742762053426795,0.0526315789473684,,,
anoshift_correlated_gaussian,power,adaptive_transfer,2016-2016,far,breadth,p_breadth,,0.0110926234054353,,0.05,0.3,composite,1898.0,0.5633067694193887,0.0105263157894736,,,
anoshift_correlated_gaussian,power,adaptive_transfer,2016-2016,far,z_mahalanobis_sq,p_z_mahalanobis_sq,,0.0449251247920133,,0.05,0.3,composite,1898.0,0.5524184838135272,0.0947368421052631,,,
anoshift_correlated_gaussian,power,adaptive_transfer,2016-2016,far,t_iut,p_t_iut,,0.0332778702163061,,0.05,0.3,composite,1898.0,0.528248241235368,0.0947368421052631,,,
anoshift_correlated_gaussian,power,adaptive_transfer,2016-2016,far,z_plus_softmax,p_z_plus_softmax,,0.059876888640179,,0.05,0.3,composite,1882.0,0.5662592407151061,0.0842105263157894,,,
anoshift_correlated_gaussian,power,adaptive_transfer,2016-2016,far,z_plus_orth,p_z_plus_orth,,0.0565193060996082,,0.05,0.3,composite,1882.0,0.5652990899184166,0.0842105263157894,,,
anoshift_correlated_gaussian,power,adaptive_transfer,2016-2016,far,z_plus,p_z_plus,,0.0439110070257611,,0.1,0.05,composite,1898.0,0.4669588931344756,0.0578947368421052,,,
anoshift_correlated_gaussian,power,adaptive_transfer,2016-2016,far,z_plus_renorm,p_z_plus_renorm,,0.0419373892498523,,0.1,0.05,composite,1880.0,0.4705408555518003,0.0427807486631016,,,
anoshift_correlated_gaussian,power,adaptive_transfer,2016-2016,far,breadth,p_breadth,,0.0117096018735363,,0.1,0.05,composite,1898.0,0.4686521631948724,0.0105263157894736,,,
anoshift_correlated_gaussian,power,adaptive_transfer,2016-2016,far,z_mahalanobis_sq,p_z_mahalanobis_sq,,0.0450819672131147,,0.1,0.05,composite,1898.0,0.4774189572291384,0.0526315789473684,,,
anoshift_correlated_gaussian,power,adaptive_transfer,2016-2016,far,t_iut,p_t_iut,,0.0362997658079625,,0.1,0.05,composite,1898.0,0.4778780968815481,0.0263157894736842,,,
anoshift_correlated_gaussian,power,adaptive_transfer,2016-2016,far,z_plus_softmax,p_z_plus_softmax,,0.0602480803307737,,0.1,0.05,composite,1880.0,0.4732794046577445,0.053475935828877,,,
anoshift_correlated_gaussian,power,adaptive_transfer,2016-2016,far,z_plus_orth,p_z_plus_orth,,0.0572947430596574,,0.1,0.05,composite,1880.0,0.4722812714195918,0.053475935828877,,,
anoshift_correlated_gaussian,power,adaptive_transfer,2016-2016,far,z_plus,p_z_plus,,0.0450819672131147,,0.1,0.1,composite,1898.0,0.5449155676075434,0.0578947368421052,,,
anoshift_correlated_gaussian,power,adaptive_transfer,2016-2016,far,z_plus_renorm,p_z_plus_renorm,,0.0395981087470449,,0.1,0.1,composite,1881.0,0.5446233129448259,0.0582010582010582,,,
anoshift_correlated_gaussian,power,adaptive_transfer,2016-2016,far,breadth,p_breadth,,0.0122950819672131,,0.1,0.1,composite,1898.0,0.5186121040305682,0.0052631578947368,,,
anoshift_correlated_gaussian,power,adaptive_transfer,2016-2016,far,z_mahalanobis_sq,p_z_mahalanobis_sq,,0.0427400468384074,,0.1,0.1,composite,1898.0,0.539495254529767,0.0631578947368421,,,
anoshift_correlated_gaussian,power,adaptive_transfer,2016-2016,far,t_iut,p_t_iut,,0.0380562060889929,,0.1,0.1,composite,1898.0,0.5017040552200173,0.031578947368421,,,
anoshift_correlated_gaussian,power,adaptive_transfer,2016-2016,far,z_plus_softmax,p_z_plus_softmax,,0.0614657210401891,,0.1,0.1,composite,1881.0,0.5429941085969454,0.0687830687830687,,,
anoshift_correlated_gaussian,power,adaptive_transfer,2016-2016,far,z_plus_orth,p_z_plus_orth,,0.0579196217494089,,0.1,0.1,composite,1881.0,0.5430941748908652,0.0634920634920634,,,
anoshift_correlated_gaussian,power,adaptive_transfer,2016-2016,far,z_plus,p_z_plus,,0.0462529274004683,,0.1,0.15,composite,1898.0,0.4788610871440897,0.031578947368421,,,
anoshift_correlated_gaussian,power,adaptive_transfer,2016-2016,far,z_plus_renorm,p_z_plus_renorm,,0.0425029515938606,,0.1,0.15,composite,1880.0,0.4859973848243643,0.0376344086021505,,,
anoshift_correlated_gaussian,power,adaptive_transfer,2016-2016,far,breadth,p_breadth,,0.0117096018735363,,0.1,0.15,composite,1898.0,0.4905106002711697,0.0157894736842105,,,
anoshift_correlated_gaussian,power,adaptive_transfer,2016-2016,far,z_mahalanobis_sq,p_z_mahalanobis_sq,,0.0444964871194379,,0.1,0.15,composite,1898.0,0.4787193393319364,0.0526315789473684,,,
anoshift_correlated_gaussian,power,adaptive_transfer,2016-2016,far,t_iut,p_t_iut,,0.034543325526932,,0.1,0.15,composite,1898.0,0.4897602613090103,0.0473684210526315,,,
anoshift_correlated_gaussian,power,adaptive_transfer,2016-2016,far,z_plus_softmax,p_z_plus_softmax,,0.0608028335301062,,0.1,0.15,composite,1880.0,0.494855340163258,0.0591397849462365,,,
anoshift_correlated_gaussian,power,adaptive_transfer,2016-2016,far,z_plus_orth,p_z_plus_orth,,0.0572609208972845,,0.1,0.15,composite,1880.0,0.4949029465158497,0.0591397849462365,,,
anoshift_correlated_gaussian,power,adaptive_transfer,2016-2016,far,z_plus,p_z_plus,,0.0444964871194379,,0.1,0.2,composite,1898.0,0.5329517441143844,0.0684210526315789,,,
anoshift_correlated_gaussian,power,adaptive_transfer,2016-2016,far,z_plus_renorm,p_z_plus_renorm,,0.0401653868871825,,0.1,0.2,composite,1880.0,0.5392256886645546,0.0641711229946524,,,
anoshift_correlated_gaussian,power,adaptive_transfer,2016-2016,far,breadth,p_breadth,,0.0128805620608899,,0.1,0.2,composite,1898.0,0.5050212621718231,0.0052631578947368,,,
anoshift_correlated_gaussian,power,adaptive_transfer,2016-2016,far,z_mahalanobis_sq,p_z_mahalanobis_sq,,0.0450819672131147,,0.1,0.2,composite,1898.0,0.5406908665105387,0.0578947368421052,,,
anoshift_correlated_gaussian,power,adaptive_transfer,2016-2016,far,t_iut,p_t_iut,,0.0368852459016393,,0.1,0.2,composite,1898.0,0.5044034265992852,0.0421052631578947,,,
anoshift_correlated_gaussian,power,adaptive_transfer,2016-2016,far,z_plus_softmax,p_z_plus_softmax,,0.0614294152392203,,0.1,0.2,composite,1880.0,0.54493968558803,0.0909090909090909,,,
anoshift_correlated_gaussian,power,adaptive_transfer,2016-2016,far,z_plus_orth,p_z_plus_orth,,0.0567040756054341,,0.1,0.2,composite,1880.0,0.5451355218562751,0.0909090909090909,,,
anoshift_correlated_gaussian,power,adaptive_transfer,2016-2016,far,z_plus,p_z_plus,,0.0450819672131147,,0.1,0.3,composite,1898.0,0.5142980401824233,0.0578947368421052,,,
anoshift_correlated_gaussian,power,adaptive_transfer,2016-2016,far,z_plus_renorm,p_z_plus_renorm,,0.041986989946777,,0.1,0.3,composite,1879.0,0.5204839135850623,0.0425531914893617,,,
anoshift_correlated_gaussian,power,adaptive_transfer,2016-2016,far,breadth,p_breadth,,0.0122950819672131,,0.1,0.3,composite,1898.0,0.4958384691236287,0.0,,,
anoshift_correlated_gaussian,power,adaptive_transfer,2016-2016,far,z_mahalanobis_sq,p_z_mahalanobis_sq,,0.0439110070257611,,0.1,0.3,composite,1898.0,0.5511925305065943,0.0789473684210526,,,
anoshift_correlated_gaussian,power,adaptive_transfer,2016-2016,far,t_iut,p_t_iut,,0.0368852459016393,,0.1,0.3,composite,1898.0,0.4675243436460002,0.0526315789473684,,,
anoshift_correlated_gaussian,power,adaptive_transfer,2016-2016,far,z_plus_softmax,p_z_plus_softmax,,0.0597279716144293,,0.1,0.3,composite,1879.0,0.5191753589088668,0.0851063829787234,,,
anoshift_correlated_gaussian,power,adaptive_transfer,2016-2016,far,z_plus_orth,p_z_plus_orth,,0.054997043169722,,0.1,0.3,composite,1879.0,0.5190180807025933,0.0851063829787234,,,
anoshift_threshold_clustering_m1_v2,power,adaptive_transfer,2016-2016,far,z_plus,p_z_plus,,0.0830059277639922,,0.01,0.05,composite,58032.0,,,,,
anoshift_threshold_clustering_m1_v2,power,adaptive_transfer,2016-2016,far,z_plus_renorm,p_z_plus_renorm,,0.0991819861025595,,0.01,0.05,composite,56845.0,,,,,
anoshift_threshold_clustering_m1_v2,power,adaptive_transfer,2016-2016,far,breadth,p_breadth,,0.0061517783291976,,0.01,0.05,composite,58032.0,,,,,
anoshift_threshold_clustering_m1_v2,power,adaptive_transfer,2016-2016,far,z_mahalanobis_sq,p_z_mahalanobis_sq,,0.1745211964708414,,0.01,0.05,composite,32529.0,,,,,
anoshift_threshold_clustering_m1_v2,power,adaptive_transfer,2016-2016,far,t_iut,p_t_iut,,0.0535049627791563,,0.01,0.05,composite,58032.0,,,,,
anoshift_threshold_clustering_m1_v2,power,adaptive_transfer,2016-2016,far,z_plus_softmax,p_z_plus_softmax,,0.1258509983287888,,0.01,0.05,composite,56845.0,,,,,
anoshift_threshold_clustering_m1_v2,power,adaptive_transfer,2016-2016,far,z_plus_orth,p_z_plus_orth,,0.1084352185768317,,0.01,0.05,composite,56845.0,,,,,
anoshift_threshold_clustering_m1_v2,power,adaptive_transfer,2016-2016,far,z_plus,p_z_plus,,0.0830059277639922,,0.01,0.1,composite,58032.0,,,,,
anoshift_threshold_clustering_m1_v2,power,adaptive_transfer,2016-2016,far,z_plus_renorm,p_z_plus_renorm,,0.0991819861025595,,0.01,0.1,composite,56845.0,,,,,
anoshift_threshold_clustering_m1_v2,power,adaptive_transfer,2016-2016,far,breadth,p_breadth,,0.0061517783291976,,0.01,0.1,composite,58032.0,,,,,
anoshift_threshold_clustering_m1_v2,power,adaptive_transfer,2016-2016,far,z_mahalanobis_sq,p_z_mahalanobis_sq,,0.1745211964708414,,0.01,0.1,composite,32529.0,,,,,
anoshift_threshold_clustering_m1_v2,power,adaptive_transfer,2016-2016,far,t_iut,p_t_iut,,0.0535049627791563,,0.01,0.1,composite,58032.0,,,,,
anoshift_threshold_clustering_m1_v2,power,adaptive_transfer,2016-2016,far,z_plus_softmax,p_z_plus_softmax,,0.1258509983287888,,0.01,0.1,composite,56845.0,,,,,
anoshift_threshold_clustering_m1_v2,power,adaptive_transfer,2016-2016,far,z_plus_orth,p_z_plus_orth,,0.1084352185768317,,0.01,0.1,composite,56845.0,,,,,
anoshift_threshold_clustering_m1_v2,power,adaptive_transfer,2016-2016,far,z_plus,p_z_plus,,0.0830059277639922,,0.01,0.15,composite,58032.0,,,,,
anoshift_threshold_clustering_m1_v2,power,adaptive_transfer,2016-2016,far,z_plus_renorm,p_z_plus_renorm,,0.0991819861025595,,0.01,0.15,composite,56845.0,,,,,
anoshift_threshold_clustering_m1_v2,power,adaptive_transfer,2016-2016,far,breadth,p_breadth,,0.0061517783291976,,0.01,0.15,composite,58032.0,,,,,
anoshift_threshold_clustering_m1_v2,power,adaptive_transfer,2016-2016,far,z_mahalanobis_sq,p_z_mahalanobis_sq,,0.1745211964708414,,0.01,0.15,composite,32529.0,,,,,
anoshift_threshold_clustering_m1_v2,power,adaptive_transfer,2016-2016,far,t_iut,p_t_iut,,0.0535049627791563,,0.01,0.15,composite,58032.0,,,,,
anoshift_threshold_clustering_m1_v2,power,adaptive_transfer,2016-2016,far,z_plus_softmax,p_z_plus_softmax,,0.1258509983287888,,0.01,0.15,composite,56845.0,,,,,
anoshift_threshold_clustering_m1_v2,power,adaptive_transfer,2016-2016,far,z_plus_orth,p_z_plus_orth,,0.1084352185768317,,0.01,0.15,composite,56845.0,,,,,
anoshift_threshold_clustering_m1_v2,power,adaptive_transfer,2016-2016,far,z_plus,p_z_plus,,0.0830059277639922,,0.01,0.2,composite,58032.0,,,,,
anoshift_threshold_clustering_m1_v2,power,adaptive_transfer,2016-2016,far,z_plus_renorm,p_z_plus_renorm,,0.0991819861025595,,0.01,0.2,composite,56845.0,,,,,
anoshift_threshold_clustering_m1_v2,power,adaptive_transfer,2016-2016,far,breadth,p_breadth,,0.0061517783291976,,0.01,0.2,composite,58032.0,,,,,
anoshift_threshold_clustering_m1_v2,power,adaptive_transfer,2016-2016,far,z_mahalanobis_sq,p_z_mahalanobis_sq,,0.1745211964708414,,0.01,0.2,composite,32529.0,,,,,
anoshift_threshold_clustering_m1_v2,power,adaptive_transfer,2016-2016,far,t_iut,p_t_iut,,0.0535049627791563,,0.01,0.2,composite,58032.0,,,,,
anoshift_threshold_clustering_m1_v2,power,adaptive_transfer,2016-2016,far,z_plus_softmax,p_z_plus_softmax,,0.1258509983287888,,0.01,0.2,composite,56845.0,,,,,
anoshift_threshold_clustering_m1_v2,power,adaptive_transfer,2016-2016,far,z_plus_orth,p_z_plus_orth,,0.1084352185768317,,0.01,0.2,composite,56845.0,,,,,
anoshift_threshold_clustering_m1_v2,power,adaptive_transfer,2016-2016,far,z_plus,p_z_plus,,0.0830059277639922,,0.01,0.3,composite,58032.0,,,,,
anoshift_threshold_clustering_m1_v2,power,adaptive_transfer,2016-2016,far,z_plus_renorm,p_z_plus_renorm,,0.0991819861025595,,0.01,0.3,composite,56845.0,,,,,
anoshift_threshold_clustering_m1_v2,power,adaptive_transfer,2016-2016,far,breadth,p_breadth,,0.0061517783291976,,0.01,0.3,composite,58032.0,,,,,
anoshift_threshold_clustering_m1_v2,power,adaptive_transfer,2016-2016,far,z_mahalanobis_sq,p_z_mahalanobis_sq,,0.1745211964708414,,0.01,0.3,composite,32529.0,,,,,
anoshift_threshold_clustering_m1_v2,power,adaptive_transfer,2016-2016,far,t_iut,p_t_iut,,0.0535049627791563,,0.01,0.3,composite,58032.0,,,,,
anoshift_threshold_clustering_m1_v2,power,adaptive_transfer,2016-2016,far,z_plus_softmax,p_z_plus_softmax,,0.1258509983287888,,0.01,0.3,composite,56845.0,,,,,
anoshift_threshold_clustering_m1_v2,power,adaptive_transfer,2016-2016,far,z_plus_orth,p_z_plus_orth,,0.1084352185768317,,0.01,0.3,composite,56845.0,,,,,
anoshift_threshold_clustering_m1_v2,power,adaptive_transfer,2016-2016,far,z_plus,p_z_plus,,0.0830059277639922,,0.05,0.05,composite,58032.0,,,,,
anoshift_threshold_clustering_m1_v2,power,adaptive_transfer,2016-2016,far,z_plus_renorm,p_z_plus_renorm,,0.0991819861025595,,0.05,0.05,composite,56845.0,,,,,
anoshift_threshold_clustering_m1_v2,power,adaptive_transfer,2016-2016,far,breadth,p_breadth,,0.0061517783291976,,0.05,0.05,composite,58032.0,,,,,
anoshift_threshold_clustering_m1_v2,power,adaptive_transfer,2016-2016,far,z_mahalanobis_sq,p_z_mahalanobis_sq,,0.1745211964708414,,0.05,0.05,composite,32529.0,,,,,
anoshift_threshold_clustering_m1_v2,power,adaptive_transfer,2016-2016,far,t_iut,p_t_iut,,0.0535049627791563,,0.05,0.05,composite,58032.0,,,,,
anoshift_threshold_clustering_m1_v2,power,adaptive_transfer,2016-2016,far,z_plus_softmax,p_z_plus_softmax,,0.1258509983287888,,0.05,0.05,composite,56845.0,,,,,
anoshift_threshold_clustering_m1_v2,power,adaptive_transfer,2016-2016,far,z_plus_orth,p_z_plus_orth,,0.1084352185768317,,0.05,0.05,composite,56845.0,,,,,
anoshift_threshold_clustering_m1_v2,power,adaptive_transfer,2016-2016,far,z_plus,p_z_plus,,0.0830059277639922,,0.05,0.1,composite,58032.0,,,,,
anoshift_threshold_clustering_m1_v2,power,adaptive_transfer,2016-2016,far,z_plus_renorm,p_z_plus_renorm,,0.0991819861025595,,0.05,0.1,composite,56845.0,,,,,
anoshift_threshold_clustering_m1_v2,power,adaptive_transfer,2016-2016,far,breadth,p_breadth,,0.0061517783291976,,0.05,0.1,composite,58032.0,,,,,
anoshift_threshold_clustering_m1_v2,power,adaptive_transfer,2016-2016,far,z_mahalanobis_sq,p_z_mahalanobis_sq,,0.1745211964708414,,0.05,0.1,composite,32529.0,,,,,
anoshift_threshold_clustering_m1_v2,power,adaptive_transfer,2016-2016,far,t_iut,p_t_iut,,0.0535049627791563,,0.05,0.1,composite,58032.0,,,,,
anoshift_threshold_clustering_m1_v2,power,adaptive_transfer,2016-2016,far,z_plus_softmax,p_z_plus_softmax,,0.1258509983287888,,0.05,0.1,composite,56845.0,,,,,
anoshift_threshold_clustering_m1_v2,power,adaptive_transfer,2016-2016,far,z_plus_orth,p_z_plus_orth,,0.1084352185768317,,0.05,0.1,composite,56845.0,,,,,
anoshift_threshold_clustering_m1_v2,power,adaptive_transfer,2016-2016,far,z_plus,p_z_plus,,0.0830059277639922,,0.05,0.15,composite,58032.0,,,,,
anoshift_threshold_clustering_m1_v2,power,adaptive_transfer,2016-2016,far,z_plus_renorm,p_z_plus_renorm,,0.0991819861025595,,0.05,0.15,composite,56845.0,,,,,
anoshift_threshold_clustering_m1_v2,power,adaptive_transfer,2016-2016,far,breadth,p_breadth,,0.0061517783291976,,0.05,0.15,composite,58032.0,,,,,
anoshift_threshold_clustering_m1_v2,power,adaptive_transfer,2016-2016,far,z_mahalanobis_sq,p_z_mahalanobis_sq,,0.1745211964708414,,0.05,0.15,composite,32529.0,,,,,
anoshift_threshold_clustering_m1_v2,power,adaptive_transfer,2016-2016,far,t_iut,p_t_iut,,0.0535049627791563,,0.05,0.15,composite,58032.0,,,,,
anoshift_threshold_clustering_m1_v2,power,adaptive_transfer,2016-2016,far,z_plus_softmax,p_z_plus_softmax,,0.1258509983287888,,0.05,0.15,composite,56845.0,,,,,
anoshift_threshold_clustering_m1_v2,power,adaptive_transfer,2016-2016,far,z_plus_orth,p_z_plus_orth,,0.1084352185768317,,0.05,0.15,composite,56845.0,,,,,
anoshift_threshold_clustering_m1_v2,power,adaptive_transfer,2016-2016,far,z_plus,p_z_plus,,0.0830059277639922,,0.05,0.2,composite,58032.0,,,,,
anoshift_threshold_clustering_m1_v2,power,adaptive_transfer,2016-2016,far,z_plus_renorm,p_z_plus_renorm,,0.0991819861025595,,0.05,0.2,composite,56845.0,,,,,
anoshift_threshold_clustering_m1_v2,power,adaptive_transfer,2016-2016,far,breadth,p_breadth,,0.0061517783291976,,0.05,0.2,composite,58032.0,,,,,
anoshift_threshold_clustering_m1_v2,power,adaptive_transfer,2016-2016,far,z_mahalanobis_sq,p_z_mahalanobis_sq,,0.1745211964708414,,0.05,0.2,composite,32529.0,,,,,
anoshift_threshold_clustering_m1_v2,power,adaptive_transfer,2016-2016,far,t_iut,p_t_iut,,0.0535049627791563,,0.05,0.2,composite,58032.0,,,,,
anoshift_threshold_clustering_m1_v2,power,adaptive_transfer,2016-2016,far,z_plus_softmax,p_z_plus_softmax,,0.1258509983287888,,0.05,0.2,composite,56845.0,,,,,
anoshift_threshold_clustering_m1_v2,power,adaptive_transfer,2016-2016,far,z_plus_orth,p_z_plus_orth,,0.1084352185768317,,0.05,0.2,composite,56845.0,,,,,
anoshift_threshold_clustering_m1_v2,power,adaptive_transfer,2016-2016,far,z_plus,p_z_plus,,0.0830059277639922,,0.05,0.3,composite,58032.0,,,,,
anoshift_threshold_clustering_m1_v2,power,adaptive_transfer,2016-2016,far,z_plus_renorm,p_z_plus_renorm,,0.0991819861025595,,0.05,0.3,composite,56845.0,,,,,
anoshift_threshold_clustering_m1_v2,power,adaptive_transfer,2016-2016,far,breadth,p_breadth,,0.0061517783291976,,0.05,0.3,composite,58032.0,,,,,
anoshift_threshold_clustering_m1_v2,power,adaptive_transfer,2016-2016,far,z_mahalanobis_sq,p_z_mahalanobis_sq,,0.1745211964708414,,0.05,0.3,composite,32529.0,,,,,
anoshift_threshold_clustering_m1_v2,power,adaptive_transfer,2016-2016,far,t_iut,p_t_iut,,0.0535049627791563,,0.05,0.3,composite,58032.0,,,,,
anoshift_threshold_clustering_m1_v2,power,adaptive_transfer,2016-2016,far,z_plus_softmax,p_z_plus_softmax,,0.1258509983287888,,0.05,0.3,composite,56845.0,,,,,
anoshift_threshold_clustering_m1_v2,power,adaptive_transfer,2016-2016,far,z_plus_orth,p_z_plus_orth,,0.1084352185768317,,0.05,0.3,composite,56845.0,,,,,
anoshift_threshold_clustering_m1_v2,power,adaptive_transfer,2016-2016,far,z_plus,p_z_plus,,0.0830059277639922,,0.1,0.05,composite,58032.0,,,,,
anoshift_threshold_clustering_m1_v2,power,adaptive_transfer,2016-2016,far,z_plus_renorm,p_z_plus_renorm,,0.0991819861025595,,0.1,0.05,composite,56845.0,,,,,
anoshift_threshold_clustering_m1_v2,power,adaptive_transfer,2016-2016,far,breadth,p_breadth,,0.0061517783291976,,0.1,0.05,composite,58032.0,,,,,
anoshift_threshold_clustering_m1_v2,power,adaptive_transfer,2016-2016,far,z_mahalanobis_sq,p_z_mahalanobis_sq,,0.1745211964708414,,0.1,0.05,composite,32529.0,,,,,
anoshift_threshold_clustering_m1_v2,power,adaptive_transfer,2016-2016,far,t_iut,p_t_iut,,0.0535049627791563,,0.1,0.05,composite,58032.0,,,,,
anoshift_threshold_clustering_m1_v2,power,adaptive_transfer,2016-2016,far,z_plus_softmax,p_z_plus_softmax,,0.1258509983287888,,0.1,0.05,composite,56845.0,,,,,
anoshift_threshold_clustering_m1_v2,power,adaptive_transfer,2016-2016,far,z_plus_orth,p_z_plus_orth,,0.1084352185768317,,0.1,0.05,composite,56845.0,,,,,
anoshift_threshold_clustering_m1_v2,power,adaptive_transfer,2016-2016,far,z_plus,p_z_plus,,0.0830059277639922,,0.1,0.1,composite,58032.0,,,,,
anoshift_threshold_clustering_m1_v2,power,adaptive_transfer,2016-2016,far,z_plus_renorm,p_z_plus_renorm,,0.0991819861025595,,0.1,0.1,composite,56845.0,,,,,
anoshift_threshold_clustering_m1_v2,power,adaptive_transfer,2016-2016,far,breadth,p_breadth,,0.0061517783291976,,0.1,0.1,composite,58032.0,,,,,
anoshift_threshold_clustering_m1_v2,power,adaptive_transfer,2016-2016,far,z_mahalanobis_sq,p_z_mahalanobis_sq,,0.1745211964708414,,0.1,0.1,composite,32529.0,,,,,
anoshift_threshold_clustering_m1_v2,power,adaptive_transfer,2016-2016,far,t_iut,p_t_iut,,0.0535049627791563,,0.1,0.1,composite,58032.0,,,,,
anoshift_threshold_clustering_m1_v2,power,adaptive_transfer,2016-2016,far,z_plus_softmax,p_z_plus_softmax,,0.1258509983287888,,0.1,0.1,composite,56845.0,,,,,
anoshift_threshold_clustering_m1_v2,power,adaptive_transfer,2016-2016,far,z_plus_orth,p_z_plus_orth,,0.1084352185768317,,0.1,0.1,composite,56845.0,,,,,
anoshift_threshold_clustering_m1_v2,power,adaptive_transfer,2016-2016,far,z_plus,p_z_plus,,0.0830059277639922,,0.1,0.15,composite,58032.0,,,,,
anoshift_threshold_clustering_m1_v2,power,adaptive_transfer,2016-2016,far,z_plus_renorm,p_z_plus_renorm,,0.0991819861025595,,0.1,0.15,composite,56845.0,,,,,
anoshift_threshold_clustering_m1_v2,power,adaptive_transfer,2016-2016,far,breadth,p_breadth,,0.0061517783291976,,0.1,0.15,composite,58032.0,,,,,
anoshift_threshold_clustering_m1_v2,power,adaptive_transfer,2016-2016,far,z_mahalanobis_sq,p_z_mahalanobis_sq,,0.1745211964708414,,0.1,0.15,composite,32529.0,,,,,
anoshift_threshold_clustering_m1_v2,power,adaptive_transfer,2016-2016,far,t_iut,p_t_iut,,0.0535049627791563,,0.1,0.15,composite,58032.0,,,,,
anoshift_threshold_clustering_m1_v2,power,adaptive_transfer,2016-2016,far,z_plus_softmax,p_z_plus_softmax,,0.1258509983287888,,0.1,0.15,composite,56845.0,,,,,
anoshift_threshold_clustering_m1_v2,power,adaptive_transfer,2016-2016,far,z_plus_orth,p_z_plus_orth,,0.1084352185768317,,0.1,0.15,composite,56845.0,,,,,
anoshift_threshold_clustering_m1_v2,power,adaptive_transfer,2016-2016,far,z_plus,p_z_plus,,0.0830059277639922,,0.1,0.2,composite,58032.0,,,,,
anoshift_threshold_clustering_m1_v2,power,adaptive_transfer,2016-2016,far,z_plus_renorm,p_z_plus_renorm,,0.0991819861025595,,0.1,0.2,composite,56845.0,,,,,
anoshift_threshold_clustering_m1_v2,power,adaptive_transfer,2016-2016,far,breadth,p_breadth,,0.0061517783291976,,0.1,0.2,composite,58032.0,,,,,
anoshift_threshold_clustering_m1_v2,power,adaptive_transfer,2016-2016,far,z_mahalanobis_sq,p_z_mahalanobis_sq,,0.1745211964708414,,0.1,0.2,composite,32529.0,,,,,
anoshift_threshold_clustering_m1_v2,power,adaptive_transfer,2016-2016,far,t_iut,p_t_iut,,0.0535049627791563,,0.1,0.2,composite,58032.0,,,,,
anoshift_threshold_clustering_m1_v2,power,adaptive_transfer,2016-2016,far,z_plus_softmax,p_z_plus_softmax,,0.1258509983287888,,0.1,0.2,composite,56845.0,,,,,
anoshift_threshold_clustering_m1_v2,power,adaptive_transfer,2016-2016,far,z_plus_orth,p_z_plus_orth,,0.1084352185768317,,0.1,0.2,composite,56845.0,,,,,
anoshift_threshold_clustering_m1_v2,power,adaptive_transfer,2016-2016,far,z_plus,p_z_plus,,0.0830059277639922,,0.1,0.3,composite,58032.0,,,,,
anoshift_threshold_clustering_m1_v2,power,adaptive_transfer,2016-2016,far,z_plus_renorm,p_z_plus_renorm,,0.0991819861025595,,0.1,0.3,composite,56845.0,,,,,
anoshift_threshold_clustering_m1_v2,power,adaptive_transfer,2016-2016,far,breadth,p_breadth,,0.0061517783291976,,0.1,0.3,composite,58032.0,,,,,
anoshift_threshold_clustering_m1_v2,power,adaptive_transfer,2016-2016,far,z_mahalanobis_sq,p_z_mahalanobis_sq,,0.1745211964708414,,0.1,0.3,composite,32529.0,,,,,
anoshift_threshold_clustering_m1_v2,power,adaptive_transfer,2016-2016,far,t_iut,p_t_iut,,0.0535049627791563,,0.1,0.3,composite,58032.0,,,,,
anoshift_threshold_clustering_m1_v2,power,adaptive_transfer,2016-2016,far,z_plus_softmax,p_z_plus_softmax,,0.1258509983287888,,0.1,0.3,composite,56845.0,,,,,
anoshift_threshold_clustering_m1_v2,power,adaptive_transfer,2016-2016,far,z_plus_orth,p_z_plus_orth,,0.1084352185768317,,0.1,0.3,composite,56845.0,,,,,
anoshift,calibration_diagnostic,adaptive_transfer,2018-2018,,,,,,,,,,,,,250.0,30.0,candidate_scored
anoshift,calibration_diagnostic,adaptive_transfer,2018-2018,,,,,,,,,,,,,250.0,30.0,selected
anoshift,fpr,adaptive_transfer,2018-2018,near,z_plus,p_z_plus,629.0,0.0524642289348171,,,,,,,,,,
anoshift,fpr,adaptive_transfer,2018-2018,near,z_plus_renorm,p_z_plus_renorm,623.0,0.081081081081081,,,,,,,,,,
anoshift,fpr,adaptive_transfer,2018-2018,near,breadth,p_breadth,629.0,0.0111287758346581,,,,,,,,,,
anoshift,fpr,adaptive_transfer,2018-2018,near,z_mahalanobis_sq,p_z_mahalanobis_sq,437.0,0.0365659777424483,,,,,,,,,,
anoshift,fpr,adaptive_transfer,2018-2018,near,t_iut,p_t_iut,629.0,0.0365659777424483,,,,,,,,,,
anoshift,fpr,adaptive_transfer,2018-2018,near,z_plus_softmax,p_z_plus_softmax,623.0,0.0747217806041335,,,,,,,,,,
anoshift,fpr,adaptive_transfer,2018-2018,near,z_plus_orth,p_z_plus_orth,623.0,0.068362480127186,,,,,,,,,,
anoshift,fpr,adaptive_transfer,2018-2018,far,z_plus,p_z_plus,2512.0,0.0521496815286624,,,,,,,,,,
anoshift,fpr,adaptive_transfer,2018-2018,far,z_plus_renorm,p_z_plus_renorm,2482.0,0.0625,,,,,,,,,,
anoshift,fpr,adaptive_transfer,2018-2018,far,breadth,p_breadth,2512.0,0.0087579617834394,,,,,,,,,,
anoshift,fpr,adaptive_transfer,2018-2018,far,z_mahalanobis_sq,p_z_mahalanobis_sq,1898.0,0.0342356687898089,,,,,,,,,,
anoshift,fpr,adaptive_transfer,2018-2018,far,t_iut,p_t_iut,2512.0,0.0433917197452229,,,,,,,,,,
anoshift,fpr,adaptive_transfer,2018-2018,far,z_plus_softmax,p_z_plus_softmax,2482.0,0.0804140127388535,,,,,,,,,,
anoshift,fpr,adaptive_transfer,2018-2018,far,z_plus_orth,p_z_plus_orth,2482.0,0.0752388535031847,,,,,,,,,,
anoshift_yearly,annual_fpr,adaptive_transfer,2018-2018,,z_mahalanobis_sq,p_z_mahalanobis_sq,214.0,0.0303030303030303,2016.0,,,,,,,,,
anoshift_yearly,annual_fpr,adaptive_transfer,2018-2018,,z_mahalanobis_sq,p_z_mahalanobis_sq,223.0,0.0421686746987951,2017.0,,,,,,,,,
anoshift_yearly,annual_fpr,adaptive_transfer,2018-2018,,z_mahalanobis_sq,p_z_mahalanobis_sq,250.0,0.0339943342776204,2018.0,,,,,,,,,
anoshift_yearly,annual_fpr,adaptive_transfer,2018-2018,,z_mahalanobis_sq,p_z_mahalanobis_sq,256.0,0.0218579234972677,2019.0,,,,,,,,,
anoshift_yearly,annual_fpr,adaptive_transfer,2018-2018,,z_mahalanobis_sq,p_z_mahalanobis_sq,279.0,0.0381679389312977,2020.0,,,,,,,,,
anoshift_yearly,annual_fpr,adaptive_transfer,2018-2018,,z_mahalanobis_sq,p_z_mahalanobis_sq,331.0,0.0420353982300885,2021.0,,,,,,,,,
anoshift_yearly,annual_fpr,adaptive_transfer,2018-2018,,z_mahalanobis_sq,p_z_mahalanobis_sq,388.0,0.0285171102661596,2022.0,,,,,,,,,
anoshift_yearly,annual_fpr,adaptive_transfer,2018-2018,,z_mahalanobis_sq,p_z_mahalanobis_sq,437.0,0.0341726618705036,2023.0,,,,,,,,,
anoshift_yearly,annual_fpr,adaptive_transfer,2018-2018,,z_mahalanobis_sq,p_z_mahalanobis_sq,461.0,0.0308747855917667,2024.0,,,,,,,,,
anoshift_yearly,annual_fpr,adaptive_transfer,2018-2018,,z_mahalanobis_sq,p_z_mahalanobis_sq,2.0,0.0,2025.0,,,,,,,,,
anoshift_correlated_gaussian,power,adaptive_transfer,2018-2018,near,z_plus,p_z_plus,,0.0323325635103926,,0.01,0.05,composite,437.0,0.6801385681293303,0.0,,,
anoshift_correlated_gaussian,power,adaptive_transfer,2018-2018,near,z_plus_renorm,p_z_plus_renorm,,0.0395348837209302,,0.01,0.05,composite,434.0,0.7412790697674418,0.0,,,
anoshift_correlated_gaussian,power,adaptive_transfer,2018-2018,near,breadth,p_breadth,,0.0161662817551963,,0.01,0.05,composite,437.0,0.5427251732101617,0.0,,,
anoshift_correlated_gaussian,power,adaptive_transfer,2018-2018,near,z_mahalanobis_sq,p_z_mahalanobis_sq,,0.0531177829099307,,0.01,0.05,composite,437.0,0.8394919168591224,0.0,,,
anoshift_correlated_gaussian,power,adaptive_transfer,2018-2018,near,t_iut,p_t_iut,,0.0323325635103926,,0.01,0.05,composite,437.0,0.3897228637413394,0.0,,,
anoshift_correlated_gaussian,power,adaptive_transfer,2018-2018,near,z_plus_softmax,p_z_plus_softmax,,0.055813953488372,,0.01,0.05,composite,434.0,0.7069767441860465,0.0,,,
anoshift_correlated_gaussian,power,adaptive_transfer,2018-2018,near,z_plus_orth,p_z_plus_orth,,0.0511627906976744,,0.01,0.05,composite,434.0,0.6970930232558139,0.0,,,
anoshift_correlated_gaussian,power,adaptive_transfer,2018-2018,near,z_plus,p_z_plus,,0.0323325635103926,,0.01,0.1,composite,437.0,0.3227482678983833,0.0,,,
anoshift_correlated_gaussian,power,adaptive_transfer,2018-2018,near,z_plus_renorm,p_z_plus_renorm,,0.0395348837209302,,0.01,0.1,composite,434.0,0.3808139534883721,0.0,,,
anoshift_correlated_gaussian,power,adaptive_transfer,2018-2018,near,breadth,p_breadth,,0.0161662817551963,,0.01,0.1,composite,437.0,0.2915704387990762,0.0,,,
anoshift_correlated_gaussian,power,adaptive_transfer,2018-2018,near,z_mahalanobis_sq,p_z_mahalanobis_sq,,0.0531177829099307,,0.01,0.1,composite,437.0,0.2563510392609699,0.0,,,
anoshift_correlated_gaussian,power,adaptive_transfer,2018-2018,near,t_iut,p_t_iut,,0.0323325635103926,,0.01,0.1,composite,437.0,0.716512702078522,0.0,,,
anoshift_correlated_gaussian,power,adaptive_transfer,2018-2018,near,z_plus_softmax,p_z_plus_softmax,,0.055813953488372,,0.01,0.1,composite,434.0,0.3575581395348837,0.0,,,
anoshift_correlated_gaussian,power,adaptive_transfer,2018-2018,near,z_plus_orth,p_z_plus_orth,,0.0511627906976744,,0.01,0.1,composite,434.0,0.3686046511627907,0.0,,,
anoshift_correlated_gaussian,power,adaptive_transfer,2018-2018,near,z_plus,p_z_plus,,0.0323325635103926,,0.01,0.15,composite,437.0,0.4162817551963049,0.0,,,
anoshift_correlated_gaussian,power,adaptive_transfer,2018-2018,near,z_plus_renorm,p_z_plus_renorm,,0.0395348837209302,,0.01,0.15,composite,434.0,0.4901162790697674,0.0,,,
anoshift_correlated_gaussian,power,adaptive_transfer,2018-2018,near,breadth,p_breadth,,0.0161662817551963,,0.01,0.15,composite,437.0,0.3464203233256351,0.0,,,
anoshift_correlated_gaussian,power,adaptive_transfer,2018-2018,near,z_mahalanobis_sq,p_z_mahalanobis_sq,,0.0531177829099307,,0.01,0.15,composite,437.0,0.6062355658198615,0.0,,,
anoshift_correlated_gaussian,power,adaptive_transfer,2018-2018,near,t_iut,p_t_iut,,0.0323325635103926,,0.01,0.15,composite,437.0,0.3412240184757505,0.0,,,
anoshift_correlated_gaussian,power,adaptive_transfer,2018-2018,near,z_plus_softmax,p_z_plus_softmax,,0.055813953488372,,0.01,0.15,composite,434.0,0.5127906976744186,0.0,,,
anoshift_correlated_gaussian,power,adaptive_transfer,2018-2018,near,z_plus_orth,p_z_plus_orth,,0.0511627906976744,,0.01,0.15,composite,434.0,0.5122093023255814,0.0,,,
anoshift_correlated_gaussian,power,adaptive_transfer,2018-2018,near,z_plus,p_z_plus,,0.0323325635103926,,0.01,0.2,composite,437.0,0.523094688221709,0.0,,,
anoshift_correlated_gaussian,power,adaptive_transfer,2018-2018,near,z_plus_renorm,p_z_plus_renorm,,0.0395348837209302,,0.01,0.2,composite,434.0,0.5220930232558139,0.0,,,
anoshift_correlated_gaussian,power,adaptive_transfer,2018-2018,near,breadth,p_breadth,,0.0161662817551963,,0.01,0.2,composite,437.0,0.555715935334873,0.0,,,
anoshift_correlated_gaussian,power,adaptive_transfer,2018-2018,near,z_mahalanobis_sq,p_z_mahalanobis_sq,,0.0531177829099307,,0.01,0.2,composite,437.0,0.2072748267898383,0.0,,,
anoshift_correlated_gaussian,power,adaptive_transfer,2018-2018,near,t_iut,p_t_iut,,0.0323325635103926,,0.01,0.2,composite,437.0,0.6968822170900693,0.0,,,
anoshift_correlated_gaussian,power,adaptive_transfer,2018-2018,near,z_plus_softmax,p_z_plus_softmax,,0.055813953488372,,0.01,0.2,composite,434.0,0.536046511627907,0.0,,,
anoshift_correlated_gaussian,power,adaptive_transfer,2018-2018,near,z_plus_orth,p_z_plus_orth,,0.0511627906976744,,0.01,0.2,composite,434.0,0.5441860465116279,0.0,,,
anoshift_correlated_gaussian,power,adaptive_transfer,2018-2018,near,z_plus,p_z_plus,,0.0323325635103926,,0.01,0.3,composite,437.0,0.4209006928406467,0.0,,,
anoshift_correlated_gaussian,power,adaptive_transfer,2018-2018,near,z_plus_renorm,p_z_plus_renorm,,0.0395348837209302,,0.01,0.3,composite,434.0,0.4406976744186046,0.0,,,
anoshift_correlated_gaussian,power,adaptive_transfer,2018-2018,near,breadth,p_breadth,,0.0161662817551963,,0.01,0.3,composite,437.0,0.4191685912240185,0.0,,,
anoshift_correlated_gaussian,power,adaptive_transfer,2018-2018,near,z_mahalanobis_sq,p_z_mahalanobis_sq,,0.0531177829099307,,0.01,0.3,composite,437.0,0.3903002309468822,0.0,,,
anoshift_correlated_gaussian,power,adaptive_transfer,2018-2018,near,t_iut,p_t_iut,,0.0323325635103926,,0.01,0.3,composite,437.0,0.5,0.0,,,
anoshift_correlated_gaussian,power,adaptive_transfer,2018-2018,near,z_plus_softmax,p_z_plus_softmax,,0.055813953488372,,0.01,0.3,composite,434.0,0.4104651162790698,0.0,,,
anoshift_correlated_gaussian,power,adaptive_transfer,2018-2018,near,z_plus_orth,p_z_plus_orth,,0.0511627906976744,,0.01,0.3,composite,434.0,0.4174418604651163,0.0,,,
anoshift_correlated_gaussian,power,adaptive_transfer,2018-2018,near,z_plus,p_z_plus,,0.0337349397590361,,0.05,0.05,composite,437.0,0.4944140197152245,0.0,,,
anoshift_correlated_gaussian,power,adaptive_transfer,2018-2018,near,z_plus_renorm,p_z_plus_renorm,,0.0412621359223301,,0.05,0.05,composite,434.0,0.5005516328331863,0.0,,,
anoshift_correlated_gaussian,power,adaptive_transfer,2018-2018,near,breadth,p_breadth,,0.016867469879518,,0.05,0.05,composite,437.0,0.4929901423877327,0.0,,,
anoshift_correlated_gaussian,power,adaptive_transfer,2018-2018,near,z_mahalanobis_sq,p_z_mahalanobis_sq,,0.0554216867469879,,0.05,0.05,composite,437.0,0.492552026286966,0.0,,,
anoshift_correlated_gaussian,power,adaptive_transfer,2018-2018,near,t_iut,p_t_iut,,0.0337349397590361,,0.05,0.05,composite,437.0,0.4319824753559694,0.0,,,
anoshift_correlated_gaussian,power,adaptive_transfer,2018-2018,near,z_plus_softmax,p_z_plus_softmax,,0.0558252427184466,,0.05,0.05,composite,434.0,0.4586275375110327,0.0,,,
anoshift_correlated_gaussian,power,adaptive_transfer,2018-2018,near,z_plus_orth,p_z_plus_orth,,0.0509708737864077,,0.05,0.05,composite,434.0,0.4600617828773168,0.0,,,
anoshift_correlated_gaussian,power,adaptive_transfer,2018-2018,near,z_plus,p_z_plus,,0.0337349397590361,,0.05,0.1,composite,437.0,0.3065717415115006,0.0,,,
anoshift_correlated_gaussian,power,adaptive_transfer,2018-2018,near,z_plus_renorm,p_z_plus_renorm,,0.0412621359223301,,0.05,0.1,composite,434.0,0.3539276257722859,0.0,,,
anoshift_correlated_gaussian,power,adaptive_transfer,2018-2018,near,breadth,p_breadth,,0.016867469879518,,0.05,0.1,composite,437.0,0.3668127053669222,0.0,,,
anoshift_correlated_gaussian,power,adaptive_transfer,2018-2018,near,z_mahalanobis_sq,p_z_mahalanobis_sq,,0.0554216867469879,,0.05,0.1,composite,437.0,0.4676889375684556,0.0,,,
anoshift_correlated_gaussian,power,adaptive_transfer,2018-2018,near,t_iut,p_t_iut,,0.0337349397590361,,0.05,0.1,composite,437.0,0.3880613362541073,0.0,,,
anoshift_correlated_gaussian,power,adaptive_transfer,2018-2018,near,z_plus_softmax,p_z_plus_softmax,,0.0558252427184466,,0.05,0.1,composite,434.0,0.3513901147396293,0.0454545454545454,,,
anoshift_correlated_gaussian,power,adaptive_transfer,2018-2018,near,z_plus_orth,p_z_plus_orth,,0.0509708737864077,,0.05,0.1,composite,434.0,0.3501765225066196,0.0454545454545454,,,
anoshift_correlated_gaussian,power,adaptive_transfer,2018-2018,near,z_plus,p_z_plus,,0.0313253012048192,,0.05,0.15,composite,437.0,0.5180722891566265,0.0454545454545454,,,
anoshift_correlated_gaussian,power,adaptive_transfer,2018-2018,near,z_plus_renorm,p_z_plus_renorm,,0.0315533980582524,,0.05,0.15,composite,434.0,0.536297440423654,0.0454545454545454,,,
anoshift_correlated_gaussian,power,adaptive_transfer,2018-2018,near,breadth,p_breadth,,0.016867469879518,,0.05,0.15,composite,437.0,0.48986856516977,0.0,,,
anoshift_correlated_gaussian,power,adaptive_transfer,2018-2018,near,z_mahalanobis_sq,p_z_mahalanobis_sq,,0.053012048192771,,0.05,0.15,composite,437.0,0.643592552026287,0.0454545454545454,,,
anoshift_correlated_gaussian,power,adaptive_transfer,2018-2018,near,t_iut,p_t_iut,,0.0337349397590361,,0.05,0.15,composite,437.0,0.4325301204819276,0.0,,,
anoshift_correlated_gaussian,power,adaptive_transfer,2018-2018,near,z_plus_softmax,p_z_plus_softmax,,0.0558252427184466,,0.05,0.15,composite,434.0,0.5057369814651368,0.0909090909090909,,,
anoshift_correlated_gaussian,power,adaptive_transfer,2018-2018,near,z_plus_orth,p_z_plus_orth,,0.0509708737864077,,0.05,0.15,composite,434.0,0.5090467784642543,0.0909090909090909,,,
anoshift_correlated_gaussian,power,adaptive_transfer,2018-2018,near,z_plus,p_z_plus,,0.0313253012048192,,0.05,0.2,composite,437.0,0.5027382256297919,0.0454545454545454,,,
anoshift_correlated_gaussian,power,adaptive_transfer,2018-2018,near,z_plus_renorm,p_z_plus_renorm,,0.0388349514563106,,0.05,0.2,composite,434.0,0.5193071491615181,0.0454545454545454,,,
anoshift_correlated_gaussian,power,adaptive_transfer,2018-2018,near,breadth,p_breadth,,0.016867469879518,,0.05,0.2,composite,437.0,0.5019167579408543,0.0,,,
anoshift_correlated_gaussian,power,adaptive_transfer,2018-2018,near,z_mahalanobis_sq,p_z_mahalanobis_sq,,0.0506024096385542,,0.05,0.2,composite,437.0,0.5372398685651698,0.0909090909090909,,,
anoshift_correlated_gaussian,power,adaptive_transfer,2018-2018,near,t_iut,p_t_iut,,0.0337349397590361,,0.05,0.2,composite,437.0,0.4891566265060241,0.0,,,
anoshift_correlated_gaussian,power,adaptive_transfer,2018-2018,near,z_plus_softmax,p_z_plus_softmax,,0.058252427184466,,0.05,0.2,composite,434.0,0.5281332744924978,0.0454545454545454,,,
anoshift_correlated_gaussian,power,adaptive_transfer,2018-2018,near,z_plus_orth,p_z_plus_orth,,0.0533980582524271,,0.05,0.2,composite,434.0,0.5246028243601059,0.0454545454545454,,,
anoshift_correlated_gaussian,power,adaptive_transfer,2018-2018,near,z_plus,p_z_plus,,0.0289156626506024,,0.05,0.3,composite,437.0,0.4443592552026287,0.0909090909090909,,,
anoshift_correlated_gaussian,power,adaptive_transfer,2018-2018,near,z_plus_renorm,p_z_plus_renorm,,0.0388349514563106,,0.05,0.3,composite,434.0,0.4589585172109444,0.0909090909090909,,,
anoshift_correlated_gaussian,power,adaptive_transfer,2018-2018,near,breadth,p_breadth,,0.016867469879518,,0.05,0.3,composite,437.0,0.4574479737130339,0.0,,,
anoshift_correlated_gaussian,power,adaptive_transfer,2018-2018,near,z_mahalanobis_sq,p_z_mahalanobis_sq,,0.0506024096385542,,0.05,0.3,composite,437.0,0.5204819277108433,0.1363636363636363,,,
anoshift_correlated_gaussian,power,adaptive_transfer,2018-2018,near,t_iut,p_t_iut,,0.0337349397590361,,0.05,0.3,composite,437.0,0.4189485213581599,0.0,,,
anoshift_correlated_gaussian,power,adaptive_transfer,2018-2018,near,z_plus_softmax,p_z_plus_softmax,,0.058252427184466,,0.05,0.3,composite,434.0,0.4346866725507502,0.0454545454545454,,,
anoshift_correlated_gaussian,power,adaptive_transfer,2018-2018,near,z_plus_orth,p_z_plus_orth,,0.0533980582524271,,0.05,0.3,composite,434.0,0.4370035304501323,0.0454545454545454,,,
anoshift_correlated_gaussian,power,adaptive_transfer,2018-2018,near,z_plus,p_z_plus,,0.0305343511450381,,0.1,0.05,composite,437.0,0.5735021975479991,0.0454545454545454,,,
anoshift_correlated_gaussian,power,adaptive_transfer,2018-2018,near,z_plus_renorm,p_z_plus_renorm,,0.0358974358974358,,0.1,0.05,composite,434.0,0.5720862470862471,0.0681818181818181,,,
anoshift_correlated_gaussian,power,adaptive_transfer,2018-2018,near,breadth,p_breadth,,0.015267175572519,,0.1,0.05,composite,437.0,0.5208477908859588,0.0227272727272727,,,
anoshift_correlated_gaussian,power,adaptive_transfer,2018-2018,near,z_mahalanobis_sq,p_z_mahalanobis_sq,,0.0483460559796437,,0.1,0.05,composite,437.0,0.5801526717557252,0.0909090909090909,,,
anoshift_correlated_gaussian,power,adaptive_transfer,2018-2018,near,t_iut,p_t_iut,,0.0305343511450381,,0.1,0.05,composite,437.0,0.4719523479065463,0.0454545454545454,,,
anoshift_correlated_gaussian,power,adaptive_transfer,2018-2018,near,z_plus_softmax,p_z_plus_softmax,,0.0512820512820512,,0.1,0.05,composite,434.0,0.5734265734265734,0.0681818181818181,,,
anoshift_correlated_gaussian,power,adaptive_transfer,2018-2018,near,z_plus_orth,p_z_plus_orth,,0.0461538461538461,,0.1,0.05,composite,434.0,0.5712703962703963,0.0681818181818181,,,
anoshift_correlated_gaussian,power,adaptive_transfer,2018-2018,near,z_plus,p_z_plus,,0.0305343511450381,,0.1,0.1,composite,437.0,0.4744968771686328,0.0681818181818181,,,
anoshift_correlated_gaussian,power,adaptive_transfer,2018-2018,near,z_plus_renorm,p_z_plus_renorm,,0.0383631713554987,,0.1,0.1,composite,434.0,0.4741569023969547,0.0232558139534883,,,
anoshift_correlated_gaussian,power,adaptive_transfer,2018-2018,near,breadth,p_breadth,,0.0178117048346055,,0.1,0.1,composite,437.0,0.5121732593106638,0.0,,,
anoshift_correlated_gaussian,power,adaptive_transfer,2018-2018,near,z_mahalanobis_sq,p_z_mahalanobis_sq,,0.0508905852417302,,0.1,0.1,composite,437.0,0.4624103631737219,0.0681818181818181,,,
anoshift_correlated_gaussian,power,adaptive_transfer,2018-2018,near,t_iut,p_t_iut,,0.0330788804071246,,0.1,0.1,composite,437.0,0.4769257460097154,0.0227272727272727,,,
anoshift_correlated_gaussian,power,adaptive_transfer,2018-2018,near,z_plus_softmax,p_z_plus_softmax,,0.0537084398976982,,0.1,0.1,composite,434.0,0.4833164812942366,0.0697674418604651,,,
anoshift_correlated_gaussian,power,adaptive_transfer,2018-2018,near,z_plus_orth,p_z_plus_orth,,0.0511508951406649,,0.1,0.1,composite,434.0,0.4800452031166359,0.0697674418604651,,,
anoshift_correlated_gaussian,power,adaptive_transfer,2018-2018,near,z_plus,p_z_plus,,0.0356234096692111,,0.1,0.15,composite,437.0,0.4389891279204256,0.0,,,
anoshift_correlated_gaussian,power,adaptive_transfer,2018-2018,near,z_plus_renorm,p_z_plus_renorm,,0.0384615384615384,,0.1,0.15,composite,434.0,0.4352564102564102,0.0227272727272727,,,
anoshift_correlated_gaussian,power,adaptive_transfer,2018-2018,near,breadth,p_breadth,,0.0178117048346055,,0.1,0.15,composite,437.0,0.4838364561647005,0.0,,,
anoshift_correlated_gaussian,power,adaptive_transfer,2018-2018,near,z_mahalanobis_sq,p_z_mahalanobis_sq,,0.0559796437659033,,0.1,0.15,composite,437.0,0.479296784640296,0.0227272727272727,,,
anoshift_correlated_gaussian,power,adaptive_transfer,2018-2018,near,t_iut,p_t_iut,,0.0356234096692111,,0.1,0.15,composite,437.0,0.4572634744390469,0.0,,,
anoshift_correlated_gaussian,power,adaptive_transfer,2018-2018,near,z_plus_softmax,p_z_plus_softmax,,0.0589743589743589,,0.1,0.15,composite,434.0,0.4382867132867133,0.0227272727272727,,,
anoshift_correlated_gaussian,power,adaptive_transfer,2018-2018,near,z_plus_orth,p_z_plus_orth,,0.0538461538461538,,0.1,0.15,composite,434.0,0.4375874125874126,0.0227272727272727,,,
anoshift_correlated_gaussian,power,adaptive_transfer,2018-2018,near,z_plus,p_z_plus,,0.0330788804071246,,0.1,0.2,composite,437.0,0.4744968771686328,0.0454545454545454,,,
anoshift_correlated_gaussian,power,adaptive_transfer,2018-2018,near,z_plus_renorm,p_z_plus_renorm,,0.0435897435897435,,0.1,0.2,composite,434.0,0.4866550116550116,0.0454545454545454,,,
anoshift_correlated_gaussian,power,adaptive_transfer,2018-2018,near,breadth,p_breadth,,0.0178117048346055,,0.1,0.2,composite,437.0,0.448560027758501,0.0227272727272727,,,
anoshift_correlated_gaussian,power,adaptive_transfer,2018-2018,near,z_mahalanobis_sq,p_z_mahalanobis_sq,,0.0559796437659033,,0.1,0.2,composite,437.0,0.5057251908396946,0.0227272727272727,,,
anoshift_correlated_gaussian,power,adaptive_transfer,2018-2018,near,t_iut,p_t_iut,,0.0305343511450381,,0.1,0.2,composite,437.0,0.4956627342123525,0.0454545454545454,,,
anoshift_correlated_gaussian,power,adaptive_transfer,2018-2018,near,z_plus_softmax,p_z_plus_softmax,,0.0538461538461538,,0.1,0.2,composite,434.0,0.4701631701631702,0.0681818181818181,,,
anoshift_correlated_gaussian,power,adaptive_transfer,2018-2018,near,z_plus_orth,p_z_plus_orth,,0.0512820512820512,,0.1,0.2,composite,434.0,0.4699300699300699,0.0681818181818181,,,
anoshift_correlated_gaussian,power,adaptive_transfer,2018-2018,near,z_plus,p_z_plus,,0.0356234096692111,,0.1,0.3,composite,437.0,0.4808582003238492,0.0,,,
anoshift_correlated_gaussian,power,adaptive_transfer,2018-2018,near,z_plus_renorm,p_z_plus_renorm,,0.0434782608695652,,0.1,0.3,composite,434.0,0.4765954915838934,0.0232558139534883,,,
anoshift_correlated_gaussian,power,adaptive_transfer,2018-2018,near,breadth,p_breadth,,0.0127226463104325,,0.1,0.3,composite,437.0,0.479614850798057,0.0454545454545454,,,
anoshift_correlated_gaussian,power,adaptive_transfer,2018-2018,near,z_mahalanobis_sq,p_z_mahalanobis_sq,,0.0559796437659033,,0.1,0.3,composite,437.0,0.5560953041869072,0.0,,,
anoshift_correlated_gaussian,power,adaptive_transfer,2018-2018,near,t_iut,p_t_iut,,0.0279898218829516,,0.1,0.3,composite,437.0,0.4769835762202175,0.0681818181818181,,,
anoshift_correlated_gaussian,power,adaptive_transfer,2018-2018,near,z_plus_softmax,p_z_plus_softmax,,0.0511508951406649,,0.1,0.3,composite,434.0,0.4840302147148039,0.0465116279069767,,,
anoshift_correlated_gaussian,power,adaptive_transfer,2018-2018,near,z_plus_orth,p_z_plus_orth,,0.0460358056265984,,0.1,0.3,composite,434.0,0.4818295366680545,0.0465116279069767,,,
anoshift_threshold_clustering_m1_v2,power,adaptive_transfer,2018-2018,near,z_plus,p_z_plus,,0.0830059277639922,,0.01,0.05,composite,58032.0,,,,,
anoshift_threshold_clustering_m1_v2,power,adaptive_transfer,2018-2018,near,z_plus_renorm,p_z_plus_renorm,,0.0991819861025595,,0.01,0.05,composite,56845.0,,,,,
anoshift_threshold_clustering_m1_v2,power,adaptive_transfer,2018-2018,near,breadth,p_breadth,,0.0061517783291976,,0.01,0.05,composite,58032.0,,,,,
anoshift_threshold_clustering_m1_v2,power,adaptive_transfer,2018-2018,near,z_mahalanobis_sq,p_z_mahalanobis_sq,,0.1745211964708414,,0.01,0.05,composite,32529.0,,,,,
anoshift_threshold_clustering_m1_v2,power,adaptive_transfer,2018-2018,near,t_iut,p_t_iut,,0.0535049627791563,,0.01,0.05,composite,58032.0,,,,,
anoshift_threshold_clustering_m1_v2,power,adaptive_transfer,2018-2018,near,z_plus_softmax,p_z_plus_softmax,,0.1258509983287888,,0.01,0.05,composite,56845.0,,,,,
anoshift_threshold_clustering_m1_v2,power,adaptive_transfer,2018-2018,near,z_plus_orth,p_z_plus_orth,,0.1084352185768317,,0.01,0.05,composite,56845.0,,,,,
anoshift_threshold_clustering_m1_v2,power,adaptive_transfer,2018-2018,near,z_plus,p_z_plus,,0.0830059277639922,,0.01,0.1,composite,58032.0,,,,,
anoshift_threshold_clustering_m1_v2,power,adaptive_transfer,2018-2018,near,z_plus_renorm,p_z_plus_renorm,,0.0991819861025595,,0.01,0.1,composite,56845.0,,,,,
anoshift_threshold_clustering_m1_v2,power,adaptive_transfer,2018-2018,near,breadth,p_breadth,,0.0061517783291976,,0.01,0.1,composite,58032.0,,,,,
anoshift_threshold_clustering_m1_v2,power,adaptive_transfer,2018-2018,near,z_mahalanobis_sq,p_z_mahalanobis_sq,,0.1745211964708414,,0.01,0.1,composite,32529.0,,,,,
anoshift_threshold_clustering_m1_v2,power,adaptive_transfer,2018-2018,near,t_iut,p_t_iut,,0.0535049627791563,,0.01,0.1,composite,58032.0,,,,,
anoshift_threshold_clustering_m1_v2,power,adaptive_transfer,2018-2018,near,z_plus_softmax,p_z_plus_softmax,,0.1258509983287888,,0.01,0.1,composite,56845.0,,,,,
anoshift_threshold_clustering_m1_v2,power,adaptive_transfer,2018-2018,near,z_plus_orth,p_z_plus_orth,,0.1084352185768317,,0.01,0.1,composite,56845.0,,,,,
anoshift_threshold_clustering_m1_v2,power,adaptive_transfer,2018-2018,near,z_plus,p_z_plus,,0.0830059277639922,,0.01,0.15,composite,58032.0,,,,,
anoshift_threshold_clustering_m1_v2,power,adaptive_transfer,2018-2018,near,z_plus_renorm,p_z_plus_renorm,,0.0991819861025595,,0.01,0.15,composite,56845.0,,,,,
anoshift_threshold_clustering_m1_v2,power,adaptive_transfer,2018-2018,near,breadth,p_breadth,,0.0061517783291976,,0.01,0.15,composite,58032.0,,,,,
anoshift_threshold_clustering_m1_v2,power,adaptive_transfer,2018-2018,near,z_mahalanobis_sq,p_z_mahalanobis_sq,,0.1745211964708414,,0.01,0.15,composite,32529.0,,,,,
anoshift_threshold_clustering_m1_v2,power,adaptive_transfer,2018-2018,near,t_iut,p_t_iut,,0.0535049627791563,,0.01,0.15,composite,58032.0,,,,,
anoshift_threshold_clustering_m1_v2,power,adaptive_transfer,2018-2018,near,z_plus_softmax,p_z_plus_softmax,,0.1258509983287888,,0.01,0.15,composite,56845.0,,,,,
anoshift_threshold_clustering_m1_v2,power,adaptive_transfer,2018-2018,near,z_plus_orth,p_z_plus_orth,,0.1084352185768317,,0.01,0.15,composite,56845.0,,,,,
anoshift_threshold_clustering_m1_v2,power,adaptive_transfer,2018-2018,near,z_plus,p_z_plus,,0.0830059277639922,,0.01,0.2,composite,58032.0,,,,,
anoshift_threshold_clustering_m1_v2,power,adaptive_transfer,2018-2018,near,z_plus_renorm,p_z_plus_renorm,,0.0991819861025595,,0.01,0.2,composite,56845.0,,,,,
anoshift_threshold_clustering_m1_v2,power,adaptive_transfer,2018-2018,near,breadth,p_breadth,,0.0061517783291976,,0.01,0.2,composite,58032.0,,,,,
anoshift_threshold_clustering_m1_v2,power,adaptive_transfer,2018-2018,near,z_mahalanobis_sq,p_z_mahalanobis_sq,,0.1745211964708414,,0.01,0.2,composite,32529.0,,,,,
anoshift_threshold_clustering_m1_v2,power,adaptive_transfer,2018-2018,near,t_iut,p_t_iut,,0.0535049627791563,,0.01,0.2,composite,58032.0,,,,,
anoshift_threshold_clustering_m1_v2,power,adaptive_transfer,2018-2018,near,z_plus_softmax,p_z_plus_softmax,,0.1258509983287888,,0.01,0.2,composite,56845.0,,,,,
anoshift_threshold_clustering_m1_v2,power,adaptive_transfer,2018-2018,near,z_plus_orth,p_z_plus_orth,,0.1084352185768317,,0.01,0.2,composite,56845.0,,,,,
anoshift_threshold_clustering_m1_v2,power,adaptive_transfer,2018-2018,near,z_plus,p_z_plus,,0.0830059277639922,,0.01,0.3,composite,58032.0,,,,,
anoshift_threshold_clustering_m1_v2,power,adaptive_transfer,2018-2018,near,z_plus_renorm,p_z_plus_renorm,,0.0991819861025595,,0.01,0.3,composite,56845.0,,,,,
anoshift_threshold_clustering_m1_v2,power,adaptive_transfer,2018-2018,near,breadth,p_breadth,,0.0061517783291976,,0.01,0.3,composite,58032.0,,,,,
anoshift_threshold_clustering_m1_v2,power,adaptive_transfer,2018-2018,near,z_mahalanobis_sq,p_z_mahalanobis_sq,,0.1745211964708414,,0.01,0.3,composite,32529.0,,,,,
anoshift_threshold_clustering_m1_v2,power,adaptive_transfer,2018-2018,near,t_iut,p_t_iut,,0.0535049627791563,,0.01,0.3,composite,58032.0,,,,,
anoshift_threshold_clustering_m1_v2,power,adaptive_transfer,2018-2018,near,z_plus_softmax,p_z_plus_softmax,,0.1258509983287888,,0.01,0.3,composite,56845.0,,,,,
anoshift_threshold_clustering_m1_v2,power,adaptive_transfer,2018-2018,near,z_plus_orth,p_z_plus_orth,,0.1084352185768317,,0.01,0.3,composite,56845.0,,,,,
anoshift_threshold_clustering_m1_v2,power,adaptive_transfer,2018-2018,near,z_plus,p_z_plus,,0.0830059277639922,,0.05,0.05,composite,58032.0,,,,,
anoshift_threshold_clustering_m1_v2,power,adaptive_transfer,2018-2018,near,z_plus_renorm,p_z_plus_renorm,,0.0991819861025595,,0.05,0.05,composite,56845.0,,,,,
anoshift_threshold_clustering_m1_v2,power,adaptive_transfer,2018-2018,near,breadth,p_breadth,,0.0061517783291976,,0.05,0.05,composite,58032.0,,,,,
anoshift_threshold_clustering_m1_v2,power,adaptive_transfer,2018-2018,near,z_mahalanobis_sq,p_z_mahalanobis_sq,,0.1745211964708414,,0.05,0.05,composite,32529.0,,,,,
anoshift_threshold_clustering_m1_v2,power,adaptive_transfer,2018-2018,near,t_iut,p_t_iut,,0.0535049627791563,,0.05,0.05,composite,58032.0,,,,,
anoshift_threshold_clustering_m1_v2,power,adaptive_transfer,2018-2018,near,z_plus_softmax,p_z_plus_softmax,,0.1258509983287888,,0.05,0.05,composite,56845.0,,,,,
anoshift_threshold_clustering_m1_v2,power,adaptive_transfer,2018-2018,near,z_plus_orth,p_z_plus_orth,,0.1084352185768317,,0.05,0.05,composite,56845.0,,,,,
anoshift_threshold_clustering_m1_v2,power,adaptive_transfer,2018-2018,near,z_plus,p_z_plus,,0.0830059277639922,,0.05,0.1,composite,58032.0,,,,,
anoshift_threshold_clustering_m1_v2,power,adaptive_transfer,2018-2018,near,z_plus_renorm,p_z_plus_renorm,,0.0991819861025595,,0.05,0.1,composite,56845.0,,,,,
anoshift_threshold_clustering_m1_v2,power,adaptive_transfer,2018-2018,near,breadth,p_breadth,,0.0061517783291976,,0.05,0.1,composite,58032.0,,,,,
anoshift_threshold_clustering_m1_v2,power,adaptive_transfer,2018-2018,near,z_mahalanobis_sq,p_z_mahalanobis_sq,,0.1745211964708414,,0.05,0.1,composite,32529.0,,,,,
anoshift_threshold_clustering_m1_v2,power,adaptive_transfer,2018-2018,near,t_iut,p_t_iut,,0.0535049627791563,,0.05,0.1,composite,58032.0,,,,,
anoshift_threshold_clustering_m1_v2,power,adaptive_transfer,2018-2018,near,z_plus_softmax,p_z_plus_softmax,,0.1258509983287888,,0.05,0.1,composite,56845.0,,,,,
anoshift_threshold_clustering_m1_v2,power,adaptive_transfer,2018-2018,near,z_plus_orth,p_z_plus_orth,,0.1084352185768317,,0.05,0.1,composite,56845.0,,,,,
anoshift_threshold_clustering_m1_v2,power,adaptive_transfer,2018-2018,near,z_plus,p_z_plus,,0.0830059277639922,,0.05,0.15,composite,58032.0,,,,,
anoshift_threshold_clustering_m1_v2,power,adaptive_transfer,2018-2018,near,z_plus_renorm,p_z_plus_renorm,,0.0991819861025595,,0.05,0.15,composite,56845.0,,,,,
anoshift_threshold_clustering_m1_v2,power,adaptive_transfer,2018-2018,near,breadth,p_breadth,,0.0061517783291976,,0.05,0.15,composite,58032.0,,,,,
anoshift_threshold_clustering_m1_v2,power,adaptive_transfer,2018-2018,near,z_mahalanobis_sq,p_z_mahalanobis_sq,,0.1745211964708414,,0.05,0.15,composite,32529.0,,,,,
anoshift_threshold_clustering_m1_v2,power,adaptive_transfer,2018-2018,near,t_iut,p_t_iut,,0.0535049627791563,,0.05,0.15,composite,58032.0,,,,,
anoshift_threshold_clustering_m1_v2,power,adaptive_transfer,2018-2018,near,z_plus_softmax,p_z_plus_softmax,,0.1258509983287888,,0.05,0.15,composite,56845.0,,,,,
anoshift_threshold_clustering_m1_v2,power,adaptive_transfer,2018-2018,near,z_plus_orth,p_z_plus_orth,,0.1084352185768317,,0.05,0.15,composite,56845.0,,,,,
anoshift_threshold_clustering_m1_v2,power,adaptive_transfer,2018-2018,near,z_plus,p_z_plus,,0.0830059277639922,,0.05,0.2,composite,58032.0,,,,,
anoshift_threshold_clustering_m1_v2,power,adaptive_transfer,2018-2018,near,z_plus_renorm,p_z_plus_renorm,,0.0991819861025595,,0.05,0.2,composite,56845.0,,,,,
anoshift_threshold_clustering_m1_v2,power,adaptive_transfer,2018-2018,near,breadth,p_breadth,,0.0061517783291976,,0.05,0.2,composite,58032.0,,,,,
anoshift_threshold_clustering_m1_v2,power,adaptive_transfer,2018-2018,near,z_mahalanobis_sq,p_z_mahalanobis_sq,,0.1745211964708414,,0.05,0.2,composite,32529.0,,,,,
anoshift_threshold_clustering_m1_v2,power,adaptive_transfer,2018-2018,near,t_iut,p_t_iut,,0.0535049627791563,,0.05,0.2,composite,58032.0,,,,,
anoshift_threshold_clustering_m1_v2,power,adaptive_transfer,2018-2018,near,z_plus_softmax,p_z_plus_softmax,,0.1258509983287888,,0.05,0.2,composite,56845.0,,,,,
anoshift_threshold_clustering_m1_v2,power,adaptive_transfer,2018-2018,near,z_plus_orth,p_z_plus_orth,,0.1084352185768317,,0.05,0.2,composite,56845.0,,,,,
anoshift_threshold_clustering_m1_v2,power,adaptive_transfer,2018-2018,near,z_plus,p_z_plus,,0.0830059277639922,,0.05,0.3,composite,58032.0,,,,,
anoshift_threshold_clustering_m1_v2,power,adaptive_transfer,2018-2018,near,z_plus_renorm,p_z_plus_renorm,,0.0991819861025595,,0.05,0.3,composite,56845.0,,,,,
anoshift_threshold_clustering_m1_v2,power,adaptive_transfer,2018-2018,near,breadth,p_breadth,,0.0061517783291976,,0.05,0.3,composite,58032.0,,,,,
anoshift_threshold_clustering_m1_v2,power,adaptive_transfer,2018-2018,near,z_mahalanobis_sq,p_z_mahalanobis_sq,,0.1745211964708414,,0.05,0.3,composite,32529.0,,,,,
anoshift_threshold_clustering_m1_v2,power,adaptive_transfer,2018-2018,near,t_iut,p_t_iut,,0.0535049627791563,,0.05,0.3,composite,58032.0,,,,,
anoshift_threshold_clustering_m1_v2,power,adaptive_transfer,2018-2018,near,z_plus_softmax,p_z_plus_softmax,,0.1258509983287888,,0.05,0.3,composite,56845.0,,,,,
anoshift_threshold_clustering_m1_v2,power,adaptive_transfer,2018-2018,near,z_plus_orth,p_z_plus_orth,,0.1084352185768317,,0.05,0.3,composite,56845.0,,,,,
anoshift_threshold_clustering_m1_v2,power,adaptive_transfer,2018-2018,near,z_plus,p_z_plus,,0.0830059277639922,,0.1,0.05,composite,58032.0,,,,,
anoshift_threshold_clustering_m1_v2,power,adaptive_transfer,2018-2018,near,z_plus_renorm,p_z_plus_renorm,,0.0991819861025595,,0.1,0.05,composite,56845.0,,,,,
anoshift_threshold_clustering_m1_v2,power,adaptive_transfer,2018-2018,near,breadth,p_breadth,,0.0061517783291976,,0.1,0.05,composite,58032.0,,,,,
anoshift_threshold_clustering_m1_v2,power,adaptive_transfer,2018-2018,near,z_mahalanobis_sq,p_z_mahalanobis_sq,,0.1745211964708414,,0.1,0.05,composite,32529.0,,,,,
anoshift_threshold_clustering_m1_v2,power,adaptive_transfer,2018-2018,near,t_iut,p_t_iut,,0.0535049627791563,,0.1,0.05,composite,58032.0,,,,,
anoshift_threshold_clustering_m1_v2,power,adaptive_transfer,2018-2018,near,z_plus_softmax,p_z_plus_softmax,,0.1258509983287888,,0.1,0.05,composite,56845.0,,,,,
anoshift_threshold_clustering_m1_v2,power,adaptive_transfer,2018-2018,near,z_plus_orth,p_z_plus_orth,,0.1084352185768317,,0.1,0.05,composite,56845.0,,,,,
anoshift_threshold_clustering_m1_v2,power,adaptive_transfer,2018-2018,near,z_plus,p_z_plus,,0.0830059277639922,,0.1,0.1,composite,58032.0,,,,,
anoshift_threshold_clustering_m1_v2,power,adaptive_transfer,2018-2018,near,z_plus_renorm,p_z_plus_renorm,,0.0991819861025595,,0.1,0.1,composite,56845.0,,,,,
anoshift_threshold_clustering_m1_v2,power,adaptive_transfer,2018-2018,near,breadth,p_breadth,,0.0061517783291976,,0.1,0.1,composite,58032.0,,,,,
anoshift_threshold_clustering_m1_v2,power,adaptive_transfer,2018-2018,near,z_mahalanobis_sq,p_z_mahalanobis_sq,,0.1745211964708414,,0.1,0.1,composite,32529.0,,,,,
anoshift_threshold_clustering_m1_v2,power,adaptive_transfer,2018-2018,near,t_iut,p_t_iut,,0.0535049627791563,,0.1,0.1,composite,58032.0,,,,,
anoshift_threshold_clustering_m1_v2,power,adaptive_transfer,2018-2018,near,z_plus_softmax,p_z_plus_softmax,,0.1258509983287888,,0.1,0.1,composite,56845.0,,,,,
anoshift_threshold_clustering_m1_v2,power,adaptive_transfer,2018-2018,near,z_plus_orth,p_z_plus_orth,,0.1084352185768317,,0.1,0.1,composite,56845.0,,,,,
anoshift_threshold_clustering_m1_v2,power,adaptive_transfer,2018-2018,near,z_plus,p_z_plus,,0.0830059277639922,,0.1,0.15,composite,58032.0,,,,,
anoshift_threshold_clustering_m1_v2,power,adaptive_transfer,2018-2018,near,z_plus_renorm,p_z_plus_renorm,,0.0991819861025595,,0.1,0.15,composite,56845.0,,,,,
anoshift_threshold_clustering_m1_v2,power,adaptive_transfer,2018-2018,near,breadth,p_breadth,,0.0061517783291976,,0.1,0.15,composite,58032.0,,,,,
anoshift_threshold_clustering_m1_v2,power,adaptive_transfer,2018-2018,near,z_mahalanobis_sq,p_z_mahalanobis_sq,,0.1745211964708414,,0.1,0.15,composite,32529.0,,,,,
anoshift_threshold_clustering_m1_v2,power,adaptive_transfer,2018-2018,near,t_iut,p_t_iut,,0.0535049627791563,,0.1,0.15,composite,58032.0,,,,,
anoshift_threshold_clustering_m1_v2,power,adaptive_transfer,2018-2018,near,z_plus_softmax,p_z_plus_softmax,,0.1258509983287888,,0.1,0.15,composite,56845.0,,,,,
anoshift_threshold_clustering_m1_v2,power,adaptive_transfer,2018-2018,near,z_plus_orth,p_z_plus_orth,,0.1084352185768317,,0.1,0.15,composite,56845.0,,,,,
anoshift_threshold_clustering_m1_v2,power,adaptive_transfer,2018-2018,near,z_plus,p_z_plus,,0.0830059277639922,,0.1,0.2,composite,58032.0,,,,,
anoshift_threshold_clustering_m1_v2,power,adaptive_transfer,2018-2018,near,z_plus_renorm,p_z_plus_renorm,,0.0991819861025595,,0.1,0.2,composite,56845.0,,,,,
anoshift_threshold_clustering_m1_v2,power,adaptive_transfer,2018-2018,near,breadth,p_breadth,,0.0061517783291976,,0.1,0.2,composite,58032.0,,,,,
anoshift_threshold_clustering_m1_v2,power,adaptive_transfer,2018-2018,near,z_mahalanobis_sq,p_z_mahalanobis_sq,,0.1745211964708414,,0.1,0.2,composite,32529.0,,,,,
anoshift_threshold_clustering_m1_v2,power,adaptive_transfer,2018-2018,near,t_iut,p_t_iut,,0.0535049627791563,,0.1,0.2,composite,58032.0,,,,,
anoshift_threshold_clustering_m1_v2,power,adaptive_transfer,2018-2018,near,z_plus_softmax,p_z_plus_softmax,,0.1258509983287888,,0.1,0.2,composite,56845.0,,,,,
anoshift_threshold_clustering_m1_v2,power,adaptive_transfer,2018-2018,near,z_plus_orth,p_z_plus_orth,,0.1084352185768317,,0.1,0.2,composite,56845.0,,,,,
anoshift_threshold_clustering_m1_v2,power,adaptive_transfer,2018-2018,near,z_plus,p_z_plus,,0.0830059277639922,,0.1,0.3,composite,58032.0,,,,,
anoshift_threshold_clustering_m1_v2,power,adaptive_transfer,2018-2018,near,z_plus_renorm,p_z_plus_renorm,,0.0991819861025595,,0.1,0.3,composite,56845.0,,,,,
anoshift_threshold_clustering_m1_v2,power,adaptive_transfer,2018-2018,near,breadth,p_breadth,,0.0061517783291976,,0.1,0.3,composite,58032.0,,,,,
anoshift_threshold_clustering_m1_v2,power,adaptive_transfer,2018-2018,near,z_mahalanobis_sq,p_z_mahalanobis_sq,,0.1745211964708414,,0.1,0.3,composite,32529.0,,,,,
anoshift_threshold_clustering_m1_v2,power,adaptive_transfer,2018-2018,near,t_iut,p_t_iut,,0.0535049627791563,,0.1,0.3,composite,58032.0,,,,,
anoshift_threshold_clustering_m1_v2,power,adaptive_transfer,2018-2018,near,z_plus_softmax,p_z_plus_softmax,,0.1258509983287888,,0.1,0.3,composite,56845.0,,,,,
anoshift_threshold_clustering_m1_v2,power,adaptive_transfer,2018-2018,near,z_plus_orth,p_z_plus_orth,,0.1084352185768317,,0.1,0.3,composite,56845.0,,,,,
anoshift_correlated_gaussian,power,adaptive_transfer,2018-2018,far,z_plus,p_z_plus,,0.0452368281000532,,0.01,0.05,composite,1898.0,0.5446626144925913,0.0526315789473684,,,
anoshift_correlated_gaussian,power,adaptive_transfer,2018-2018,far,z_plus_renorm,p_z_plus_renorm,,0.0418904403866809,,0.01,0.05,composite,1881.0,0.540703261914184,0.0,,,
anoshift_correlated_gaussian,power,adaptive_transfer,2018-2018,far,breadth,p_breadth,,0.011708355508249,,0.01,0.05,composite,1898.0,0.4920170303352847,0.0,,,
anoshift_correlated_gaussian,power,adaptive_transfer,2018-2018,far,z_mahalanobis_sq,p_z_mahalanobis_sq,,0.0452368281000532,,0.01,0.05,composite,1898.0,0.4911066916893084,0.0526315789473684,,,
anoshift_correlated_gaussian,power,adaptive_transfer,2018-2018,far,t_iut,p_t_iut,,0.0356572645023948,,0.01,0.05,composite,1898.0,0.4921430772247275,0.0,,,
anoshift_correlated_gaussian,power,adaptive_transfer,2018-2018,far,z_plus_softmax,p_z_plus_softmax,,0.0596133190118152,,0.01,0.05,composite,1881.0,0.5173836847758493,0.1052631578947368,,,
anoshift_correlated_gaussian,power,adaptive_transfer,2018-2018,far,z_plus_orth,p_z_plus_orth,,0.0558539205155746,,0.01,0.05,composite,1881.0,0.5145570693651422,0.1052631578947368,,,
anoshift_correlated_gaussian,power,adaptive_transfer,2018-2018,far,z_plus,p_z_plus,,0.0457690260777009,,0.01,0.1,composite,1898.0,0.4781658777065068,0.0,,,
anoshift_correlated_gaussian,power,adaptive_transfer,2018-2018,far,z_plus_renorm,p_z_plus_renorm,,0.0418904403866809,,0.01,0.1,composite,1881.0,0.4991237492226807,0.0,,,
anoshift_correlated_gaussian,power,adaptive_transfer,2018-2018,far,breadth,p_breadth,,0.011708355508249,,0.01,0.1,composite,1898.0,0.4549172292092658,0.0,,,
anoshift_correlated_gaussian,power,adaptive_transfer,2018-2018,far,z_mahalanobis_sq,p_z_mahalanobis_sq,,0.0457690260777009,,0.01,0.1,composite,1898.0,0.5700680653202992,0.0,,,
anoshift_correlated_gaussian,power,adaptive_transfer,2018-2018,far,t_iut,p_t_iut,,0.0356572645023948,,0.01,0.1,composite,1898.0,0.4229573401305285,0.0,,,
anoshift_correlated_gaussian,power,adaptive_transfer,2018-2018,far,z_plus_softmax,p_z_plus_softmax,,0.0612244897959183,,0.01,0.1,composite,1881.0,0.4821357906043304,0.0,,,
anoshift_correlated_gaussian,power,adaptive_transfer,2018-2018,far,z_plus_orth,p_z_plus_orth,,0.0574650912996777,,0.01,0.1,composite,1881.0,0.4809203459777262,0.0,,,
anoshift_correlated_gaussian,power,adaptive_transfer,2018-2018,far,z_plus,p_z_plus,,0.0452368281000532,,0.01,0.15,composite,1898.0,0.546357244895101,0.0,,,
anoshift_correlated_gaussian,power,adaptive_transfer,2018-2018,far,z_plus_renorm,p_z_plus_renorm,,0.0413533834586466,,0.01,0.15,composite,1880.0,0.530671917889963,0.0555555555555555,,,
anoshift_correlated_gaussian,power,adaptive_transfer,2018-2018,far,breadth,p_breadth,,0.011708355508249,,0.01,0.15,composite,1898.0,0.5879667236211871,0.0,,,
anoshift_correlated_gaussian,power,adaptive_transfer,2018-2018,far,z_mahalanobis_sq,p_z_mahalanobis_sq,,0.0447046301224055,,0.01,0.15,composite,1898.0,0.5786952746421669,0.1052631578947368,,,
anoshift_correlated_gaussian,power,adaptive_transfer,2018-2018,far,t_iut,p_t_iut,,0.0351250665247472,,0.01,0.15,composite,1898.0,0.481667180191031,0.0526315789473684,,,
anoshift_correlated_gaussian,power,adaptive_transfer,2018-2018,far,z_plus_softmax,p_z_plus_softmax,,0.0612244897959183,,0.01,0.15,composite,1880.0,0.5441580140828262,0.1111111111111111,,,
anoshift_correlated_gaussian,power,adaptive_transfer,2018-2018,far,z_plus_orth,p_z_plus_orth,,0.0569280343716433,,0.01,0.15,composite,1880.0,0.5400405776345626,0.1111111111111111,,,
anoshift_correlated_gaussian,power,adaptive_transfer,2018-2018,far,z_plus,p_z_plus,,0.0457690260777009,,0.01,0.2,composite,1898.0,0.4164589227192515,0.0,,,
anoshift_correlated_gaussian,power,adaptive_transfer,2018-2018,far,z_plus_renorm,p_z_plus_renorm,,0.0413533834586466,,0.01,0.2,composite,1881.0,0.3731980326756741,0.1052631578947368,,,
anoshift_correlated_gaussian,power,adaptive_transfer,2018-2018,far,breadth,p_breadth,,0.011708355508249,,0.01,0.2,composite,1898.0,0.4587126411024901,0.0,,,
anoshift_correlated_gaussian,power,adaptive_transfer,2018-2018,far,z_mahalanobis_sq,p_z_mahalanobis_sq,,0.0452368281000532,,0.01,0.2,composite,1898.0,0.4226492255118904,0.0526315789473684,,,
anoshift_correlated_gaussian,power,adaptive_transfer,2018-2018,far,t_iut,p_t_iut,,0.0356572645023948,,0.01,0.2,composite,1898.0,0.407439567519117,0.0526315789473684,,,
anoshift_correlated_gaussian,power,adaptive_transfer,2018-2018,far,z_plus_softmax,p_z_plus_softmax,,0.0617615467239527,,0.01,0.2,composite,1881.0,0.3773531573294137,0.0526315789473684,,,
anoshift_correlated_gaussian,power,adaptive_transfer,2018-2018,far,z_plus_orth,p_z_plus_orth,,0.0580021482277121,,0.01,0.2,composite,1881.0,0.3792469896545876,0.0526315789473684,,,
anoshift_correlated_gaussian,power,adaptive_transfer,2018-2018,far,z_plus,p_z_plus,,0.0441724321447578,,0.01,0.3,composite,1898.0,0.4944959524943279,0.1578947368421052,,,
anoshift_correlated_gaussian,power,adaptive_transfer,2018-2018,far,z_plus_renorm,p_z_plus_renorm,,0.0418904403866809,,0.01,0.3,composite,1881.0,0.449884108768161,0.0526315789473684,,,
anoshift_correlated_gaussian,power,adaptive_transfer,2018-2018,far,breadth,p_breadth,,0.011708355508249,,0.01,0.3,composite,1898.0,0.5731632167166185,0.0526315789473684,,,
anoshift_correlated_gaussian,power,adaptive_transfer,2018-2018,far,z_mahalanobis_sq,p_z_mahalanobis_sq,,0.0452368281000532,,0.01,0.3,composite,1898.0,0.5410772807484383,0.0526315789473684,,,
anoshift_correlated_gaussian,power,adaptive_transfer,2018-2018,far,t_iut,p_t_iut,,0.0356572645023948,,0.01,0.3,composite,1898.0,0.4396795607966163,0.1052631578947368,,,
anoshift_correlated_gaussian,power,adaptive_transfer,2018-2018,far,z_plus_softmax,p_z_plus_softmax,,0.0612244897959183,,0.01,0.3,composite,1881.0,0.4770196167109503,0.1578947368421052,,,
anoshift_correlated_gaussian,power,adaptive_transfer,2018-2018,far,z_plus_orth,p_z_plus_orth,,0.0574650912996777,,0.01,0.3,composite,1881.0,0.4811182090564758,0.1578947368421052,,,
anoshift_correlated_gaussian,power,adaptive_transfer,2018-2018,far,z_plus,p_z_plus,,0.045479755962285,,0.05,0.05,composite,1898.0,0.5008115129754502,0.0421052631578947,,,
anoshift_correlated_gaussian,power,adaptive_transfer,2018-2018,far,z_plus_renorm,p_z_plus_renorm,,0.0413870246085011,,0.05,0.05,composite,1882.0,0.5249952401351802,0.0531914893617021,,,
anoshift_correlated_gaussian,power,adaptive_transfer,2018-2018,far,breadth,p_breadth,,0.0116472545757071,,0.05,0.05,composite,1898.0,0.4693230580611262,0.0105263157894736,,,
anoshift_correlated_gaussian,power,adaptive_transfer,2018-2018,far,z_mahalanobis_sq,p_z_mahalanobis_sq,,0.0465890183028286,,0.05,0.05,composite,1898.0,0.5074174621245293,0.0210526315789473,,,
anoshift_correlated_gaussian,power,adaptive_transfer,2018-2018,far,t_iut,p_t_iut,,0.0354963948973932,,0.05,0.05,composite,1898.0,0.5361823860816768,0.031578947368421,,,
anoshift_correlated_gaussian,power,adaptive_transfer,2018-2018,far,z_plus_softmax,p_z_plus_softmax,,0.0631991051454138,,0.05,0.05,composite,1882.0,0.5121971536008377,0.0425531914893617,,,
anoshift_correlated_gaussian,power,adaptive_transfer,2018-2018,far,z_plus_orth,p_z_plus_orth,,0.0592841163310962,,0.05,0.05,composite,1882.0,0.5126433909276977,0.0319148936170212,,,
anoshift_correlated_gaussian,power,adaptive_transfer,2018-2018,far,z_plus,p_z_plus,,0.0460343871325568,,0.05,0.1,composite,1898.0,0.4965291765186677,0.0526315789473684,,,
anoshift_correlated_gaussian,power,adaptive_transfer,2018-2018,far,z_plus_renorm,p_z_plus_renorm,,0.0391498881431767,,0.05,0.1,composite,1881.0,0.5206634432657382,0.075268817204301,,,
anoshift_correlated_gaussian,power,adaptive_transfer,2018-2018,far,breadth,p_breadth,,0.0122018857459789,,0.05,0.1,composite,1898.0,0.4958402662229617,0.0,,,
anoshift_correlated_gaussian,power,adaptive_transfer,2018-2018,far,z_mahalanobis_sq,p_z_mahalanobis_sq,,0.0460343871325568,,0.05,0.1,composite,1898.0,0.5120238199492074,0.031578947368421,,,
anoshift_correlated_gaussian,power,adaptive_transfer,2018-2018,far,t_iut,p_t_iut,,0.0349417637271214,,0.05,0.1,composite,1898.0,0.5021688997869048,0.031578947368421,,,
anoshift_correlated_gaussian,power,adaptive_transfer,2018-2018,far,z_plus_softmax,p_z_plus_softmax,,0.0609619686800894,,0.05,0.1,composite,1881.0,0.5105181496716461,0.053763440860215,,,
anoshift_correlated_gaussian,power,adaptive_transfer,2018-2018,far,z_plus_orth,p_z_plus_orth,,0.058165548098434,,0.05,0.1,composite,1881.0,0.5084253445911813,0.053763440860215,,,
anoshift_correlated_gaussian,power,adaptive_transfer,2018-2018,far,z_plus,p_z_plus,,0.0427066001109262,,0.05,0.15,composite,1898.0,0.5115917914586801,0.0947368421052631,,,
anoshift_correlated_gaussian,power,adaptive_transfer,2018-2018,far,z_plus_renorm,p_z_plus_renorm,,0.0414333706606942,,0.05,0.15,composite,1881.0,0.5171332586786114,0.0736842105263157,,,
anoshift_correlated_gaussian,power,adaptive_transfer,2018-2018,far,breadth,p_breadth,,0.0122018857459789,,0.05,0.15,composite,1898.0,0.4920308258166214,0.0105263157894736,,,
anoshift_correlated_gaussian,power,adaptive_transfer,2018-2018,far,z_mahalanobis_sq,p_z_mahalanobis_sq,,0.0427066001109262,,0.05,0.15,composite,1898.0,0.5626587266835975,0.0947368421052631,,,
anoshift_correlated_gaussian,power,adaptive_transfer,2018-2018,far,t_iut,p_t_iut,,0.036051026067665,,0.05,0.15,composite,1898.0,0.4135330005546311,0.031578947368421,,,
anoshift_correlated_gaussian,power,adaptive_transfer,2018-2018,far,z_plus_softmax,p_z_plus_softmax,,0.0615901455767077,,0.05,0.15,composite,1881.0,0.5193080686037602,0.0947368421052631,,,
anoshift_correlated_gaussian,power,adaptive_transfer,2018-2018,far,z_plus_orth,p_z_plus_orth,,0.0565509518477043,,0.05,0.15,composite,1881.0,0.5199033417811045,0.0947368421052631,,,
anoshift_correlated_gaussian,power,adaptive_transfer,2018-2018,far,z_plus,p_z_plus,,0.0449251247920133,,0.05,0.2,composite,1898.0,0.5677613334500977,0.0631578947368421,,,
anoshift_correlated_gaussian,power,adaptive_transfer,2018-2018,far,z_plus_renorm,p_z_plus_renorm,,0.0425293788472299,,0.05,0.2,composite,1881.0,0.5609663170177047,0.0212765957446808,,,
anoshift_correlated_gaussian,power,adaptive_transfer,2018-2018,far,breadth,p_breadth,,0.0116472545757071,,0.05,0.2,composite,1898.0,0.5379776396065038,0.0,,,
anoshift_correlated_gaussian,power,adaptive_transfer,2018-2018,far,z_mahalanobis_sq,p_z_mahalanobis_sq,,0.0460343871325568,,0.05,0.2,composite,1898.0,0.5293925329129813,0.0421052631578947,,,
anoshift_correlated_gaussian,power,adaptive_transfer,2018-2018,far,t_iut,p_t_iut,,0.0349417637271214,,0.05,0.2,composite,1898.0,0.5432933415068454,0.0631578947368421,,,
anoshift_correlated_gaussian,power,adaptive_transfer,2018-2018,far,z_plus_softmax,p_z_plus_softmax,,0.0604364857302742,,0.05,0.2,composite,1881.0,0.5503042065032325,0.0851063829787234,,,
anoshift_correlated_gaussian,power,adaptive_transfer,2018-2018,far,z_plus_orth,p_z_plus_orth,,0.0576385002797985,,0.05,0.2,composite,1881.0,0.5496731714867422,0.0851063829787234,,,
anoshift_correlated_gaussian,power,adaptive_transfer,2018-2018,far,z_plus,p_z_plus,,0.0449251247920133,,0.05,0.3,composite,1898.0,0.5941851300464138,0.0631578947368421,,,
anoshift_correlated_gaussian,power,adaptive_transfer,2018-2018,far,z_plus_renorm,p_z_plus_renorm,,0.0402909904868494,,0.05,0.3,composite,1882.0,0.5742762053426795,0.0526315789473684,,,
anoshift_correlated_gaussian,power,adaptive_transfer,2018-2018,far,breadth,p_breadth,,0.0110926234054353,,0.05,0.3,composite,1898.0,0.5633067694193887,0.0105263157894736,,,
anoshift_correlated_gaussian,power,adaptive_transfer,2018-2018,far,z_mahalanobis_sq,p_z_mahalanobis_sq,,0.0449251247920133,,0.05,0.3,composite,1898.0,0.5524184838135272,0.0947368421052631,,,
anoshift_correlated_gaussian,power,adaptive_transfer,2018-2018,far,t_iut,p_t_iut,,0.0332778702163061,,0.05,0.3,composite,1898.0,0.528248241235368,0.0947368421052631,,,
anoshift_correlated_gaussian,power,adaptive_transfer,2018-2018,far,z_plus_softmax,p_z_plus_softmax,,0.059876888640179,,0.05,0.3,composite,1882.0,0.5662592407151061,0.0842105263157894,,,
anoshift_correlated_gaussian,power,adaptive_transfer,2018-2018,far,z_plus_orth,p_z_plus_orth,,0.0565193060996082,,0.05,0.3,composite,1882.0,0.5652990899184166,0.0842105263157894,,,
anoshift_correlated_gaussian,power,adaptive_transfer,2018-2018,far,z_plus,p_z_plus,,0.0439110070257611,,0.1,0.05,composite,1898.0,0.4669588931344756,0.0578947368421052,,,
anoshift_correlated_gaussian,power,adaptive_transfer,2018-2018,far,z_plus_renorm,p_z_plus_renorm,,0.0419373892498523,,0.1,0.05,composite,1880.0,0.4705408555518003,0.0427807486631016,,,
anoshift_correlated_gaussian,power,adaptive_transfer,2018-2018,far,breadth,p_breadth,,0.0117096018735363,,0.1,0.05,composite,1898.0,0.4686521631948724,0.0105263157894736,,,
anoshift_correlated_gaussian,power,adaptive_transfer,2018-2018,far,z_mahalanobis_sq,p_z_mahalanobis_sq,,0.0450819672131147,,0.1,0.05,composite,1898.0,0.4774189572291384,0.0526315789473684,,,
anoshift_correlated_gaussian,power,adaptive_transfer,2018-2018,far,t_iut,p_t_iut,,0.0362997658079625,,0.1,0.05,composite,1898.0,0.4778780968815481,0.0263157894736842,,,
anoshift_correlated_gaussian,power,adaptive_transfer,2018-2018,far,z_plus_softmax,p_z_plus_softmax,,0.0602480803307737,,0.1,0.05,composite,1880.0,0.4732794046577445,0.053475935828877,,,
anoshift_correlated_gaussian,power,adaptive_transfer,2018-2018,far,z_plus_orth,p_z_plus_orth,,0.0572947430596574,,0.1,0.05,composite,1880.0,0.4722812714195918,0.053475935828877,,,
anoshift_correlated_gaussian,power,adaptive_transfer,2018-2018,far,z_plus,p_z_plus,,0.0450819672131147,,0.1,0.1,composite,1898.0,0.5449155676075434,0.0578947368421052,,,
anoshift_correlated_gaussian,power,adaptive_transfer,2018-2018,far,z_plus_renorm,p_z_plus_renorm,,0.0395981087470449,,0.1,0.1,composite,1881.0,0.5446233129448259,0.0582010582010582,,,
anoshift_correlated_gaussian,power,adaptive_transfer,2018-2018,far,breadth,p_breadth,,0.0122950819672131,,0.1,0.1,composite,1898.0,0.5186121040305682,0.0052631578947368,,,
anoshift_correlated_gaussian,power,adaptive_transfer,2018-2018,far,z_mahalanobis_sq,p_z_mahalanobis_sq,,0.0427400468384074,,0.1,0.1,composite,1898.0,0.539495254529767,0.0631578947368421,,,
anoshift_correlated_gaussian,power,adaptive_transfer,2018-2018,far,t_iut,p_t_iut,,0.0380562060889929,,0.1,0.1,composite,1898.0,0.5017040552200173,0.031578947368421,,,
anoshift_correlated_gaussian,power,adaptive_transfer,2018-2018,far,z_plus_softmax,p_z_plus_softmax,,0.0614657210401891,,0.1,0.1,composite,1881.0,0.5429941085969454,0.0687830687830687,,,
anoshift_correlated_gaussian,power,adaptive_transfer,2018-2018,far,z_plus_orth,p_z_plus_orth,,0.0579196217494089,,0.1,0.1,composite,1881.0,0.5430941748908652,0.0634920634920634,,,
anoshift_correlated_gaussian,power,adaptive_transfer,2018-2018,far,z_plus,p_z_plus,,0.0462529274004683,,0.1,0.15,composite,1898.0,0.4788610871440897,0.031578947368421,,,
anoshift_correlated_gaussian,power,adaptive_transfer,2018-2018,far,z_plus_renorm,p_z_plus_renorm,,0.0425029515938606,,0.1,0.15,composite,1880.0,0.4859973848243643,0.0376344086021505,,,
anoshift_correlated_gaussian,power,adaptive_transfer,2018-2018,far,breadth,p_breadth,,0.0117096018735363,,0.1,0.15,composite,1898.0,0.4905106002711697,0.0157894736842105,,,
anoshift_correlated_gaussian,power,adaptive_transfer,2018-2018,far,z_mahalanobis_sq,p_z_mahalanobis_sq,,0.0444964871194379,,0.1,0.15,composite,1898.0,0.4787193393319364,0.0526315789473684,,,
anoshift_correlated_gaussian,power,adaptive_transfer,2018-2018,far,t_iut,p_t_iut,,0.034543325526932,,0.1,0.15,composite,1898.0,0.4897602613090103,0.0473684210526315,,,
anoshift_correlated_gaussian,power,adaptive_transfer,2018-2018,far,z_plus_softmax,p_z_plus_softmax,,0.0608028335301062,,0.1,0.15,composite,1880.0,0.494855340163258,0.0591397849462365,,,
anoshift_correlated_gaussian,power,adaptive_transfer,2018-2018,far,z_plus_orth,p_z_plus_orth,,0.0572609208972845,,0.1,0.15,composite,1880.0,0.4949029465158497,0.0591397849462365,,,
anoshift_correlated_gaussian,power,adaptive_transfer,2018-2018,far,z_plus,p_z_plus,,0.0444964871194379,,0.1,0.2,composite,1898.0,0.5329517441143844,0.0684210526315789,,,
anoshift_correlated_gaussian,power,adaptive_transfer,2018-2018,far,z_plus_renorm,p_z_plus_renorm,,0.0401653868871825,,0.1,0.2,composite,1880.0,0.5392256886645546,0.0641711229946524,,,
anoshift_correlated_gaussian,power,adaptive_transfer,2018-2018,far,breadth,p_breadth,,0.0128805620608899,,0.1,0.2,composite,1898.0,0.5050212621718231,0.0052631578947368,,,
anoshift_correlated_gaussian,power,adaptive_transfer,2018-2018,far,z_mahalanobis_sq,p_z_mahalanobis_sq,,0.0450819672131147,,0.1,0.2,composite,1898.0,0.5406908665105387,0.0578947368421052,,,
anoshift_correlated_gaussian,power,adaptive_transfer,2018-2018,far,t_iut,p_t_iut,,0.0368852459016393,,0.1,0.2,composite,1898.0,0.5044034265992852,0.0421052631578947,,,
anoshift_correlated_gaussian,power,adaptive_transfer,2018-2018,far,z_plus_softmax,p_z_plus_softmax,,0.0614294152392203,,0.1,0.2,composite,1880.0,0.54493968558803,0.0909090909090909,,,
anoshift_correlated_gaussian,power,adaptive_transfer,2018-2018,far,z_plus_orth,p_z_plus_orth,,0.0567040756054341,,0.1,0.2,composite,1880.0,0.5451355218562751,0.0909090909090909,,,
anoshift_correlated_gaussian,power,adaptive_transfer,2018-2018,far,z_plus,p_z_plus,,0.0450819672131147,,0.1,0.3,composite,1898.0,0.5142980401824233,0.0578947368421052,,,
anoshift_correlated_gaussian,power,adaptive_transfer,2018-2018,far,z_plus_renorm,p_z_plus_renorm,,0.041986989946777,,0.1,0.3,composite,1879.0,0.5204839135850623,0.0425531914893617,,,
anoshift_correlated_gaussian,power,adaptive_transfer,2018-2018,far,breadth,p_breadth,,0.0122950819672131,,0.1,0.3,composite,1898.0,0.4958384691236287,0.0,,,
anoshift_correlated_gaussian,power,adaptive_transfer,2018-2018,far,z_mahalanobis_sq,p_z_mahalanobis_sq,,0.0439110070257611,,0.1,0.3,composite,1898.0,0.5511925305065943,0.0789473684210526,,,
anoshift_correlated_gaussian,power,adaptive_transfer,2018-2018,far,t_iut,p_t_iut,,0.0368852459016393,,0.1,0.3,composite,1898.0,0.4675243436460002,0.0526315789473684,,,
anoshift_correlated_gaussian,power,adaptive_transfer,2018-2018,far,z_plus_softmax,p_z_plus_softmax,,0.0597279716144293,,0.1,0.3,composite,1879.0,0.5191753589088668,0.0851063829787234,,,
anoshift_correlated_gaussian,power,adaptive_transfer,2018-2018,far,z_plus_orth,p_z_plus_orth,,0.054997043169722,,0.1,0.3,composite,1879.0,0.5190180807025933,0.0851063829787234,,,
anoshift_threshold_clustering_m1_v2,power,adaptive_transfer,2018-2018,far,z_plus,p_z_plus,,0.0830059277639922,,0.01,0.05,composite,58032.0,,,,,
anoshift_threshold_clustering_m1_v2,power,adaptive_transfer,2018-2018,far,z_plus_renorm,p_z_plus_renorm,,0.0991819861025595,,0.01,0.05,composite,56845.0,,,,,
anoshift_threshold_clustering_m1_v2,power,adaptive_transfer,2018-2018,far,breadth,p_breadth,,0.0061517783291976,,0.01,0.05,composite,58032.0,,,,,
anoshift_threshold_clustering_m1_v2,power,adaptive_transfer,2018-2018,far,z_mahalanobis_sq,p_z_mahalanobis_sq,,0.1745211964708414,,0.01,0.05,composite,32529.0,,,,,
anoshift_threshold_clustering_m1_v2,power,adaptive_transfer,2018-2018,far,t_iut,p_t_iut,,0.0535049627791563,,0.01,0.05,composite,58032.0,,,,,
anoshift_threshold_clustering_m1_v2,power,adaptive_transfer,2018-2018,far,z_plus_softmax,p_z_plus_softmax,,0.1258509983287888,,0.01,0.05,composite,56845.0,,,,,
anoshift_threshold_clustering_m1_v2,power,adaptive_transfer,2018-2018,far,z_plus_orth,p_z_plus_orth,,0.1084352185768317,,0.01,0.05,composite,56845.0,,,,,
anoshift_threshold_clustering_m1_v2,power,adaptive_transfer,2018-2018,far,z_plus,p_z_plus,,0.0830059277639922,,0.01,0.1,composite,58032.0,,,,,
anoshift_threshold_clustering_m1_v2,power,adaptive_transfer,2018-2018,far,z_plus_renorm,p_z_plus_renorm,,0.0991819861025595,,0.01,0.1,composite,56845.0,,,,,
anoshift_threshold_clustering_m1_v2,power,adaptive_transfer,2018-2018,far,breadth,p_breadth,,0.0061517783291976,,0.01,0.1,composite,58032.0,,,,,
anoshift_threshold_clustering_m1_v2,power,adaptive_transfer,2018-2018,far,z_mahalanobis_sq,p_z_mahalanobis_sq,,0.1745211964708414,,0.01,0.1,composite,32529.0,,,,,
anoshift_threshold_clustering_m1_v2,power,adaptive_transfer,2018-2018,far,t_iut,p_t_iut,,0.0535049627791563,,0.01,0.1,composite,58032.0,,,,,
anoshift_threshold_clustering_m1_v2,power,adaptive_transfer,2018-2018,far,z_plus_softmax,p_z_plus_softmax,,0.1258509983287888,,0.01,0.1,composite,56845.0,,,,,
anoshift_threshold_clustering_m1_v2,power,adaptive_transfer,2018-2018,far,z_plus_orth,p_z_plus_orth,,0.1084352185768317,,0.01,0.1,composite,56845.0,,,,,
anoshift_threshold_clustering_m1_v2,power,adaptive_transfer,2018-2018,far,z_plus,p_z_plus,,0.0830059277639922,,0.01,0.15,composite,58032.0,,,,,
anoshift_threshold_clustering_m1_v2,power,adaptive_transfer,2018-2018,far,z_plus_renorm,p_z_plus_renorm,,0.0991819861025595,,0.01,0.15,composite,56845.0,,,,,
anoshift_threshold_clustering_m1_v2,power,adaptive_transfer,2018-2018,far,breadth,p_breadth,,0.0061517783291976,,0.01,0.15,composite,58032.0,,,,,
anoshift_threshold_clustering_m1_v2,power,adaptive_transfer,2018-2018,far,z_mahalanobis_sq,p_z_mahalanobis_sq,,0.1745211964708414,,0.01,0.15,composite,32529.0,,,,,
anoshift_threshold_clustering_m1_v2,power,adaptive_transfer,2018-2018,far,t_iut,p_t_iut,,0.0535049627791563,,0.01,0.15,composite,58032.0,,,,,
anoshift_threshold_clustering_m1_v2,power,adaptive_transfer,2018-2018,far,z_plus_softmax,p_z_plus_softmax,,0.1258509983287888,,0.01,0.15,composite,56845.0,,,,,
anoshift_threshold_clustering_m1_v2,power,adaptive_transfer,2018-2018,far,z_plus_orth,p_z_plus_orth,,0.1084352185768317,,0.01,0.15,composite,56845.0,,,,,
anoshift_threshold_clustering_m1_v2,power,adaptive_transfer,2018-2018,far,z_plus,p_z_plus,,0.0830059277639922,,0.01,0.2,composite,58032.0,,,,,
anoshift_threshold_clustering_m1_v2,power,adaptive_transfer,2018-2018,far,z_plus_renorm,p_z_plus_renorm,,0.0991819861025595,,0.01,0.2,composite,56845.0,,,,,
anoshift_threshold_clustering_m1_v2,power,adaptive_transfer,2018-2018,far,breadth,p_breadth,,0.0061517783291976,,0.01,0.2,composite,58032.0,,,,,
anoshift_threshold_clustering_m1_v2,power,adaptive_transfer,2018-2018,far,z_mahalanobis_sq,p_z_mahalanobis_sq,,0.1745211964708414,,0.01,0.2,composite,32529.0,,,,,
anoshift_threshold_clustering_m1_v2,power,adaptive_transfer,2018-2018,far,t_iut,p_t_iut,,0.0535049627791563,,0.01,0.2,composite,58032.0,,,,,
anoshift_threshold_clustering_m1_v2,power,adaptive_transfer,2018-2018,far,z_plus_softmax,p_z_plus_softmax,,0.1258509983287888,,0.01,0.2,composite,56845.0,,,,,
anoshift_threshold_clustering_m1_v2,power,adaptive_transfer,2018-2018,far,z_plus_orth,p_z_plus_orth,,0.1084352185768317,,0.01,0.2,composite,56845.0,,,,,
anoshift_threshold_clustering_m1_v2,power,adaptive_transfer,2018-2018,far,z_plus,p_z_plus,,0.0830059277639922,,0.01,0.3,composite,58032.0,,,,,
anoshift_threshold_clustering_m1_v2,power,adaptive_transfer,2018-2018,far,z_plus_renorm,p_z_plus_renorm,,0.0991819861025595,,0.01,0.3,composite,56845.0,,,,,
anoshift_threshold_clustering_m1_v2,power,adaptive_transfer,2018-2018,far,breadth,p_breadth,,0.0061517783291976,,0.01,0.3,composite,58032.0,,,,,
anoshift_threshold_clustering_m1_v2,power,adaptive_transfer,2018-2018,far,z_mahalanobis_sq,p_z_mahalanobis_sq,,0.1745211964708414,,0.01,0.3,composite,32529.0,,,,,
anoshift_threshold_clustering_m1_v2,power,adaptive_transfer,2018-2018,far,t_iut,p_t_iut,,0.0535049627791563,,0.01,0.3,composite,58032.0,,,,,
anoshift_threshold_clustering_m1_v2,power,adaptive_transfer,2018-2018,far,z_plus_softmax,p_z_plus_softmax,,0.1258509983287888,,0.01,0.3,composite,56845.0,,,,,
anoshift_threshold_clustering_m1_v2,power,adaptive_transfer,2018-2018,far,z_plus_orth,p_z_plus_orth,,0.1084352185768317,,0.01,0.3,composite,56845.0,,,,,
anoshift_threshold_clustering_m1_v2,power,adaptive_transfer,2018-2018,far,z_plus,p_z_plus,,0.0830059277639922,,0.05,0.05,composite,58032.0,,,,,
anoshift_threshold_clustering_m1_v2,power,adaptive_transfer,2018-2018,far,z_plus_renorm,p_z_plus_renorm,,0.0991819861025595,,0.05,0.05,composite,56845.0,,,,,
anoshift_threshold_clustering_m1_v2,power,adaptive_transfer,2018-2018,far,breadth,p_breadth,,0.0061517783291976,,0.05,0.05,composite,58032.0,,,,,
anoshift_threshold_clustering_m1_v2,power,adaptive_transfer,2018-2018,far,z_mahalanobis_sq,p_z_mahalanobis_sq,,0.1745211964708414,,0.05,0.05,composite,32529.0,,,,,
anoshift_threshold_clustering_m1_v2,power,adaptive_transfer,2018-2018,far,t_iut,p_t_iut,,0.0535049627791563,,0.05,0.05,composite,58032.0,,,,,
anoshift_threshold_clustering_m1_v2,power,adaptive_transfer,2018-2018,far,z_plus_softmax,p_z_plus_softmax,,0.1258509983287888,,0.05,0.05,composite,56845.0,,,,,
anoshift_threshold_clustering_m1_v2,power,adaptive_transfer,2018-2018,far,z_plus_orth,p_z_plus_orth,,0.1084352185768317,,0.05,0.05,composite,56845.0,,,,,
anoshift_threshold_clustering_m1_v2,power,adaptive_transfer,2018-2018,far,z_plus,p_z_plus,,0.0830059277639922,,0.05,0.1,composite,58032.0,,,,,
anoshift_threshold_clustering_m1_v2,power,adaptive_transfer,2018-2018,far,z_plus_renorm,p_z_plus_renorm,,0.0991819861025595,,0.05,0.1,composite,56845.0,,,,,
anoshift_threshold_clustering_m1_v2,power,adaptive_transfer,2018-2018,far,breadth,p_breadth,,0.0061517783291976,,0.05,0.1,composite,58032.0,,,,,
anoshift_threshold_clustering_m1_v2,power,adaptive_transfer,2018-2018,far,z_mahalanobis_sq,p_z_mahalanobis_sq,,0.1745211964708414,,0.05,0.1,composite,32529.0,,,,,
anoshift_threshold_clustering_m1_v2,power,adaptive_transfer,2018-2018,far,t_iut,p_t_iut,,0.0535049627791563,,0.05,0.1,composite,58032.0,,,,,
anoshift_threshold_clustering_m1_v2,power,adaptive_transfer,2018-2018,far,z_plus_softmax,p_z_plus_softmax,,0.1258509983287888,,0.05,0.1,composite,56845.0,,,,,
anoshift_threshold_clustering_m1_v2,power,adaptive_transfer,2018-2018,far,z_plus_orth,p_z_plus_orth,,0.1084352185768317,,0.05,0.1,composite,56845.0,,,,,
anoshift_threshold_clustering_m1_v2,power,adaptive_transfer,2018-2018,far,z_plus,p_z_plus,,0.0830059277639922,,0.05,0.15,composite,58032.0,,,,,
anoshift_threshold_clustering_m1_v2,power,adaptive_transfer,2018-2018,far,z_plus_renorm,p_z_plus_renorm,,0.0991819861025595,,0.05,0.15,composite,56845.0,,,,,
anoshift_threshold_clustering_m1_v2,power,adaptive_transfer,2018-2018,far,breadth,p_breadth,,0.0061517783291976,,0.05,0.15,composite,58032.0,,,,,
anoshift_threshold_clustering_m1_v2,power,adaptive_transfer,2018-2018,far,z_mahalanobis_sq,p_z_mahalanobis_sq,,0.1745211964708414,,0.05,0.15,composite,32529.0,,,,,
anoshift_threshold_clustering_m1_v2,power,adaptive_transfer,2018-2018,far,t_iut,p_t_iut,,0.0535049627791563,,0.05,0.15,composite,58032.0,,,,,
anoshift_threshold_clustering_m1_v2,power,adaptive_transfer,2018-2018,far,z_plus_softmax,p_z_plus_softmax,,0.1258509983287888,,0.05,0.15,composite,56845.0,,,,,
anoshift_threshold_clustering_m1_v2,power,adaptive_transfer,2018-2018,far,z_plus_orth,p_z_plus_orth,,0.1084352185768317,,0.05,0.15,composite,56845.0,,,,,
anoshift_threshold_clustering_m1_v2,power,adaptive_transfer,2018-2018,far,z_plus,p_z_plus,,0.0830059277639922,,0.05,0.2,composite,58032.0,,,,,
anoshift_threshold_clustering_m1_v2,power,adaptive_transfer,2018-2018,far,z_plus_renorm,p_z_plus_renorm,,0.0991819861025595,,0.05,0.2,composite,56845.0,,,,,
anoshift_threshold_clustering_m1_v2,power,adaptive_transfer,2018-2018,far,breadth,p_breadth,,0.0061517783291976,,0.05,0.2,composite,58032.0,,,,,
anoshift_threshold_clustering_m1_v2,power,adaptive_transfer,2018-2018,far,z_mahalanobis_sq,p_z_mahalanobis_sq,,0.1745211964708414,,0.05,0.2,composite,32529.0,,,,,
anoshift_threshold_clustering_m1_v2,power,adaptive_transfer,2018-2018,far,t_iut,p_t_iut,,0.0535049627791563,,0.05,0.2,composite,58032.0,,,,,
anoshift_threshold_clustering_m1_v2,power,adaptive_transfer,2018-2018,far,z_plus_softmax,p_z_plus_softmax,,0.1258509983287888,,0.05,0.2,composite,56845.0,,,,,
anoshift_threshold_clustering_m1_v2,power,adaptive_transfer,2018-2018,far,z_plus_orth,p_z_plus_orth,,0.1084352185768317,,0.05,0.2,composite,56845.0,,,,,
anoshift_threshold_clustering_m1_v2,power,adaptive_transfer,2018-2018,far,z_plus,p_z_plus,,0.0830059277639922,,0.05,0.3,composite,58032.0,,,,,
anoshift_threshold_clustering_m1_v2,power,adaptive_transfer,2018-2018,far,z_plus_renorm,p_z_plus_renorm,,0.0991819861025595,,0.05,0.3,composite,56845.0,,,,,
anoshift_threshold_clustering_m1_v2,power,adaptive_transfer,2018-2018,far,breadth,p_breadth,,0.0061517783291976,,0.05,0.3,composite,58032.0,,,,,
anoshift_threshold_clustering_m1_v2,power,adaptive_transfer,2018-2018,far,z_mahalanobis_sq,p_z_mahalanobis_sq,,0.1745211964708414,,0.05,0.3,composite,32529.0,,,,,
anoshift_threshold_clustering_m1_v2,power,adaptive_transfer,2018-2018,far,t_iut,p_t_iut,,0.0535049627791563,,0.05,0.3,composite,58032.0,,,,,
anoshift_threshold_clustering_m1_v2,power,adaptive_transfer,2018-2018,far,z_plus_softmax,p_z_plus_softmax,,0.1258509983287888,,0.05,0.3,composite,56845.0,,,,,
anoshift_threshold_clustering_m1_v2,power,adaptive_transfer,2018-2018,far,z_plus_orth,p_z_plus_orth,,0.1084352185768317,,0.05,0.3,composite,56845.0,,,,,
anoshift_threshold_clustering_m1_v2,power,adaptive_transfer,2018-2018,far,z_plus,p_z_plus,,0.0830059277639922,,0.1,0.05,composite,58032.0,,,,,
anoshift_threshold_clustering_m1_v2,power,adaptive_transfer,2018-2018,far,z_plus_renorm,p_z_plus_renorm,,0.0991819861025595,,0.1,0.05,composite,56845.0,,,,,
anoshift_threshold_clustering_m1_v2,power,adaptive_transfer,2018-2018,far,breadth,p_breadth,,0.0061517783291976,,0.1,0.05,composite,58032.0,,,,,
anoshift_threshold_clustering_m1_v2,power,adaptive_transfer,2018-2018,far,z_mahalanobis_sq,p_z_mahalanobis_sq,,0.1745211964708414,,0.1,0.05,composite,32529.0,,,,,
anoshift_threshold_clustering_m1_v2,power,adaptive_transfer,2018-2018,far,t_iut,p_t_iut,,0.0535049627791563,,0.1,0.05,composite,58032.0,,,,,
anoshift_threshold_clustering_m1_v2,power,adaptive_transfer,2018-2018,far,z_plus_softmax,p_z_plus_softmax,,0.1258509983287888,,0.1,0.05,composite,56845.0,,,,,
anoshift_threshold_clustering_m1_v2,power,adaptive_transfer,2018-2018,far,z_plus_orth,p_z_plus_orth,,0.1084352185768317,,0.1,0.05,composite,56845.0,,,,,
anoshift_threshold_clustering_m1_v2,power,adaptive_transfer,2018-2018,far,z_plus,p_z_plus,,0.0830059277639922,,0.1,0.1,composite,58032.0,,,,,
anoshift_threshold_clustering_m1_v2,power,adaptive_transfer,2018-2018,far,z_plus_renorm,p_z_plus_renorm,,0.0991819861025595,,0.1,0.1,composite,56845.0,,,,,
anoshift_threshold_clustering_m1_v2,power,adaptive_transfer,2018-2018,far,breadth,p_breadth,,0.0061517783291976,,0.1,0.1,composite,58032.0,,,,,
anoshift_threshold_clustering_m1_v2,power,adaptive_transfer,2018-2018,far,z_mahalanobis_sq,p_z_mahalanobis_sq,,0.1745211964708414,,0.1,0.1,composite,32529.0,,,,,
anoshift_threshold_clustering_m1_v2,power,adaptive_transfer,2018-2018,far,t_iut,p_t_iut,,0.0535049627791563,,0.1,0.1,composite,58032.0,,,,,
anoshift_threshold_clustering_m1_v2,power,adaptive_transfer,2018-2018,far,z_plus_softmax,p_z_plus_softmax,,0.1258509983287888,,0.1,0.1,composite,56845.0,,,,,
anoshift_threshold_clustering_m1_v2,power,adaptive_transfer,2018-2018,far,z_plus_orth,p_z_plus_orth,,0.1084352185768317,,0.1,0.1,composite,56845.0,,,,,
anoshift_threshold_clustering_m1_v2,power,adaptive_transfer,2018-2018,far,z_plus,p_z_plus,,0.0830059277639922,,0.1,0.15,composite,58032.0,,,,,
anoshift_threshold_clustering_m1_v2,power,adaptive_transfer,2018-2018,far,z_plus_renorm,p_z_plus_renorm,,0.0991819861025595,,0.1,0.15,composite,56845.0,,,,,
anoshift_threshold_clustering_m1_v2,power,adaptive_transfer,2018-2018,far,breadth,p_breadth,,0.0061517783291976,,0.1,0.15,composite,58032.0,,,,,
anoshift_threshold_clustering_m1_v2,power,adaptive_transfer,2018-2018,far,z_mahalanobis_sq,p_z_mahalanobis_sq,,0.1745211964708414,,0.1,0.15,composite,32529.0,,,,,
anoshift_threshold_clustering_m1_v2,power,adaptive_transfer,2018-2018,far,t_iut,p_t_iut,,0.0535049627791563,,0.1,0.15,composite,58032.0,,,,,
anoshift_threshold_clustering_m1_v2,power,adaptive_transfer,2018-2018,far,z_plus_softmax,p_z_plus_softmax,,0.1258509983287888,,0.1,0.15,composite,56845.0,,,,,
anoshift_threshold_clustering_m1_v2,power,adaptive_transfer,2018-2018,far,z_plus_orth,p_z_plus_orth,,0.1084352185768317,,0.1,0.15,composite,56845.0,,,,,
anoshift_threshold_clustering_m1_v2,power,adaptive_transfer,2018-2018,far,z_plus,p_z_plus,,0.0830059277639922,,0.1,0.2,composite,58032.0,,,,,
anoshift_threshold_clustering_m1_v2,power,adaptive_transfer,2018-2018,far,z_plus_renorm,p_z_plus_renorm,,0.0991819861025595,,0.1,0.2,composite,56845.0,,,,,
anoshift_threshold_clustering_m1_v2,power,adaptive_transfer,2018-2018,far,breadth,p_breadth,,0.0061517783291976,,0.1,0.2,composite,58032.0,,,,,
anoshift_threshold_clustering_m1_v2,power,adaptive_transfer,2018-2018,far,z_mahalanobis_sq,p_z_mahalanobis_sq,,0.1745211964708414,,0.1,0.2,composite,32529.0,,,,,
anoshift_threshold_clustering_m1_v2,power,adaptive_transfer,2018-2018,far,t_iut,p_t_iut,,0.0535049627791563,,0.1,0.2,composite,58032.0,,,,,
anoshift_threshold_clustering_m1_v2,power,adaptive_transfer,2018-2018,far,z_plus_softmax,p_z_plus_softmax,,0.1258509983287888,,0.1,0.2,composite,56845.0,,,,,
anoshift_threshold_clustering_m1_v2,power,adaptive_transfer,2018-2018,far,z_plus_orth,p_z_plus_orth,,0.1084352185768317,,0.1,0.2,composite,56845.0,,,,,
anoshift_threshold_clustering_m1_v2,power,adaptive_transfer,2018-2018,far,z_plus,p_z_plus,,0.0830059277639922,,0.1,0.3,composite,58032.0,,,,,
anoshift_threshold_clustering_m1_v2,power,adaptive_transfer,2018-2018,far,z_plus_renorm,p_z_plus_renorm,,0.0991819861025595,,0.1,0.3,composite,56845.0,,,,,
anoshift_threshold_clustering_m1_v2,power,adaptive_transfer,2018-2018,far,breadth,p_breadth,,0.0061517783291976,,0.1,0.3,composite,58032.0,,,,,
anoshift_threshold_clustering_m1_v2,power,adaptive_transfer,2018-2018,far,z_mahalanobis_sq,p_z_mahalanobis_sq,,0.1745211964708414,,0.1,0.3,composite,32529.0,,,,,
anoshift_threshold_clustering_m1_v2,power,adaptive_transfer,2018-2018,far,t_iut,p_t_iut,,0.0535049627791563,,0.1,0.3,composite,58032.0,,,,,
anoshift_threshold_clustering_m1_v2,power,adaptive_transfer,2018-2018,far,z_plus_softmax,p_z_plus_softmax,,0.1258509983287888,,0.1,0.3,composite,56845.0,,,,,
anoshift_threshold_clustering_m1_v2,power,adaptive_transfer,2018-2018,far,z_plus_orth,p_z_plus_orth,,0.1084352185768317,,0.1,0.3,composite,56845.0,,,,,
anoshift,calibration_diagnostic,adaptive_transfer,2020-2020,,,,,,,,,,,,,279.0,30.0,candidate_scored
anoshift,calibration_diagnostic,adaptive_transfer,2020-2020,,,,,,,,,,,,,279.0,30.0,selected
anoshift,fpr,adaptive_transfer,2020-2020,near,z_plus,p_z_plus,629.0,0.0524642289348171,,,,,,,,,,
anoshift,fpr,adaptive_transfer,2020-2020,near,z_plus_renorm,p_z_plus_renorm,623.0,0.081081081081081,,,,,,,,,,
anoshift,fpr,adaptive_transfer,2020-2020,near,breadth,p_breadth,629.0,0.0111287758346581,,,,,,,,,,
anoshift,fpr,adaptive_transfer,2020-2020,near,z_mahalanobis_sq,p_z_mahalanobis_sq,437.0,0.0365659777424483,,,,,,,,,,
anoshift,fpr,adaptive_transfer,2020-2020,near,t_iut,p_t_iut,629.0,0.0365659777424483,,,,,,,,,,
anoshift,fpr,adaptive_transfer,2020-2020,near,z_plus_softmax,p_z_plus_softmax,623.0,0.0747217806041335,,,,,,,,,,
anoshift,fpr,adaptive_transfer,2020-2020,near,z_plus_orth,p_z_plus_orth,623.0,0.068362480127186,,,,,,,,,,
anoshift,fpr,adaptive_transfer,2020-2020,far,z_plus,p_z_plus,2512.0,0.0521496815286624,,,,,,,,,,
anoshift,fpr,adaptive_transfer,2020-2020,far,z_plus_renorm,p_z_plus_renorm,2482.0,0.0625,,,,,,,,,,
anoshift,fpr,adaptive_transfer,2020-2020,far,breadth,p_breadth,2512.0,0.0087579617834394,,,,,,,,,,
anoshift,fpr,adaptive_transfer,2020-2020,far,z_mahalanobis_sq,p_z_mahalanobis_sq,1898.0,0.0342356687898089,,,,,,,,,,
anoshift,fpr,adaptive_transfer,2020-2020,far,t_iut,p_t_iut,2512.0,0.0433917197452229,,,,,,,,,,
anoshift,fpr,adaptive_transfer,2020-2020,far,z_plus_softmax,p_z_plus_softmax,2482.0,0.0804140127388535,,,,,,,,,,
anoshift,fpr,adaptive_transfer,2020-2020,far,z_plus_orth,p_z_plus_orth,2482.0,0.0752388535031847,,,,,,,,,,
anoshift_yearly,annual_fpr,adaptive_transfer,2020-2020,,z_mahalanobis_sq,p_z_mahalanobis_sq,214.0,0.0303030303030303,2016.0,,,,,,,,,
anoshift_yearly,annual_fpr,adaptive_transfer,2020-2020,,z_mahalanobis_sq,p_z_mahalanobis_sq,223.0,0.0421686746987951,2017.0,,,,,,,,,
anoshift_yearly,annual_fpr,adaptive_transfer,2020-2020,,z_mahalanobis_sq,p_z_mahalanobis_sq,250.0,0.0339943342776204,2018.0,,,,,,,,,
anoshift_yearly,annual_fpr,adaptive_transfer,2020-2020,,z_mahalanobis_sq,p_z_mahalanobis_sq,256.0,0.0218579234972677,2019.0,,,,,,,,,
anoshift_yearly,annual_fpr,adaptive_transfer,2020-2020,,z_mahalanobis_sq,p_z_mahalanobis_sq,279.0,0.0381679389312977,2020.0,,,,,,,,,
anoshift_yearly,annual_fpr,adaptive_transfer,2020-2020,,z_mahalanobis_sq,p_z_mahalanobis_sq,331.0,0.0420353982300885,2021.0,,,,,,,,,
anoshift_yearly,annual_fpr,adaptive_transfer,2020-2020,,z_mahalanobis_sq,p_z_mahalanobis_sq,388.0,0.0285171102661596,2022.0,,,,,,,,,
anoshift_yearly,annual_fpr,adaptive_transfer,2020-2020,,z_mahalanobis_sq,p_z_mahalanobis_sq,437.0,0.0341726618705036,2023.0,,,,,,,,,
anoshift_yearly,annual_fpr,adaptive_transfer,2020-2020,,z_mahalanobis_sq,p_z_mahalanobis_sq,461.0,0.0308747855917667,2024.0,,,,,,,,,
anoshift_yearly,annual_fpr,adaptive_transfer,2020-2020,,z_mahalanobis_sq,p_z_mahalanobis_sq,2.0,0.0,2025.0,,,,,,,,,
anoshift_correlated_gaussian,power,adaptive_transfer,2020-2020,near,z_plus,p_z_plus,,0.0323325635103926,,0.01,0.05,composite,437.0,0.6801385681293303,0.0,,,
anoshift_correlated_gaussian,power,adaptive_transfer,2020-2020,near,z_plus_renorm,p_z_plus_renorm,,0.0395348837209302,,0.01,0.05,composite,434.0,0.7412790697674418,0.0,,,
anoshift_correlated_gaussian,power,adaptive_transfer,2020-2020,near,breadth,p_breadth,,0.0161662817551963,,0.01,0.05,composite,437.0,0.5427251732101617,0.0,,,
anoshift_correlated_gaussian,power,adaptive_transfer,2020-2020,near,z_mahalanobis_sq,p_z_mahalanobis_sq,,0.0531177829099307,,0.01,0.05,composite,437.0,0.8394919168591224,0.0,,,
anoshift_correlated_gaussian,power,adaptive_transfer,2020-2020,near,t_iut,p_t_iut,,0.0323325635103926,,0.01,0.05,composite,437.0,0.3897228637413394,0.0,,,
anoshift_correlated_gaussian,power,adaptive_transfer,2020-2020,near,z_plus_softmax,p_z_plus_softmax,,0.055813953488372,,0.01,0.05,composite,434.0,0.7069767441860465,0.0,,,
anoshift_correlated_gaussian,power,adaptive_transfer,2020-2020,near,z_plus_orth,p_z_plus_orth,,0.0511627906976744,,0.01,0.05,composite,434.0,0.6970930232558139,0.0,,,
anoshift_correlated_gaussian,power,adaptive_transfer,2020-2020,near,z_plus,p_z_plus,,0.0323325635103926,,0.01,0.1,composite,437.0,0.3227482678983833,0.0,,,
anoshift_correlated_gaussian,power,adaptive_transfer,2020-2020,near,z_plus_renorm,p_z_plus_renorm,,0.0395348837209302,,0.01,0.1,composite,434.0,0.3808139534883721,0.0,,,
anoshift_correlated_gaussian,power,adaptive_transfer,2020-2020,near,breadth,p_breadth,,0.0161662817551963,,0.01,0.1,composite,437.0,0.2915704387990762,0.0,,,
anoshift_correlated_gaussian,power,adaptive_transfer,2020-2020,near,z_mahalanobis_sq,p_z_mahalanobis_sq,,0.0531177829099307,,0.01,0.1,composite,437.0,0.2563510392609699,0.0,,,
anoshift_correlated_gaussian,power,adaptive_transfer,2020-2020,near,t_iut,p_t_iut,,0.0323325635103926,,0.01,0.1,composite,437.0,0.716512702078522,0.0,,,
anoshift_correlated_gaussian,power,adaptive_transfer,2020-2020,near,z_plus_softmax,p_z_plus_softmax,,0.055813953488372,,0.01,0.1,composite,434.0,0.3575581395348837,0.0,,,
anoshift_correlated_gaussian,power,adaptive_transfer,2020-2020,near,z_plus_orth,p_z_plus_orth,,0.0511627906976744,,0.01,0.1,composite,434.0,0.3686046511627907,0.0,,,
anoshift_correlated_gaussian,power,adaptive_transfer,2020-2020,near,z_plus,p_z_plus,,0.0323325635103926,,0.01,0.15,composite,437.0,0.4162817551963049,0.0,,,
anoshift_correlated_gaussian,power,adaptive_transfer,2020-2020,near,z_plus_renorm,p_z_plus_renorm,,0.0395348837209302,,0.01,0.15,composite,434.0,0.4901162790697674,0.0,,,
anoshift_correlated_gaussian,power,adaptive_transfer,2020-2020,near,breadth,p_breadth,,0.0161662817551963,,0.01,0.15,composite,437.0,0.3464203233256351,0.0,,,
anoshift_correlated_gaussian,power,adaptive_transfer,2020-2020,near,z_mahalanobis_sq,p_z_mahalanobis_sq,,0.0531177829099307,,0.01,0.15,composite,437.0,0.6062355658198615,0.0,,,
anoshift_correlated_gaussian,power,adaptive_transfer,2020-2020,near,t_iut,p_t_iut,,0.0323325635103926,,0.01,0.15,composite,437.0,0.3412240184757505,0.0,,,
anoshift_correlated_gaussian,power,adaptive_transfer,2020-2020,near,z_plus_softmax,p_z_plus_softmax,,0.055813953488372,,0.01,0.15,composite,434.0,0.5127906976744186,0.0,,,
anoshift_correlated_gaussian,power,adaptive_transfer,2020-2020,near,z_plus_orth,p_z_plus_orth,,0.0511627906976744,,0.01,0.15,composite,434.0,0.5122093023255814,0.0,,,
anoshift_correlated_gaussian,power,adaptive_transfer,2020-2020,near,z_plus,p_z_plus,,0.0323325635103926,,0.01,0.2,composite,437.0,0.523094688221709,0.0,,,
anoshift_correlated_gaussian,power,adaptive_transfer,2020-2020,near,z_plus_renorm,p_z_plus_renorm,,0.0395348837209302,,0.01,0.2,composite,434.0,0.5220930232558139,0.0,,,
anoshift_correlated_gaussian,power,adaptive_transfer,2020-2020,near,breadth,p_breadth,,0.0161662817551963,,0.01,0.2,composite,437.0,0.555715935334873,0.0,,,
anoshift_correlated_gaussian,power,adaptive_transfer,2020-2020,near,z_mahalanobis_sq,p_z_mahalanobis_sq,,0.0531177829099307,,0.01,0.2,composite,437.0,0.2072748267898383,0.0,,,
anoshift_correlated_gaussian,power,adaptive_transfer,2020-2020,near,t_iut,p_t_iut,,0.0323325635103926,,0.01,0.2,composite,437.0,0.6968822170900693,0.0,,,
anoshift_correlated_gaussian,power,adaptive_transfer,2020-2020,near,z_plus_softmax,p_z_plus_softmax,,0.055813953488372,,0.01,0.2,composite,434.0,0.536046511627907,0.0,,,
anoshift_correlated_gaussian,power,adaptive_transfer,2020-2020,near,z_plus_orth,p_z_plus_orth,,0.0511627906976744,,0.01,0.2,composite,434.0,0.5441860465116279,0.0,,,
anoshift_correlated_gaussian,power,adaptive_transfer,2020-2020,near,z_plus,p_z_plus,,0.0323325635103926,,0.01,0.3,composite,437.0,0.4209006928406467,0.0,,,
anoshift_correlated_gaussian,power,adaptive_transfer,2020-2020,near,z_plus_renorm,p_z_plus_renorm,,0.0395348837209302,,0.01,0.3,composite,434.0,0.4406976744186046,0.0,,,
anoshift_correlated_gaussian,power,adaptive_transfer,2020-2020,near,breadth,p_breadth,,0.0161662817551963,,0.01,0.3,composite,437.0,0.4191685912240185,0.0,,,
anoshift_correlated_gaussian,power,adaptive_transfer,2020-2020,near,z_mahalanobis_sq,p_z_mahalanobis_sq,,0.0531177829099307,,0.01,0.3,composite,437.0,0.3903002309468822,0.0,,,
anoshift_correlated_gaussian,power,adaptive_transfer,2020-2020,near,t_iut,p_t_iut,,0.0323325635103926,,0.01,0.3,composite,437.0,0.5,0.0,,,
anoshift_correlated_gaussian,power,adaptive_transfer,2020-2020,near,z_plus_softmax,p_z_plus_softmax,,0.055813953488372,,0.01,0.3,composite,434.0,0.4104651162790698,0.0,,,
anoshift_correlated_gaussian,power,adaptive_transfer,2020-2020,near,z_plus_orth,p_z_plus_orth,,0.0511627906976744,,0.01,0.3,composite,434.0,0.4174418604651163,0.0,,,
anoshift_correlated_gaussian,power,adaptive_transfer,2020-2020,near,z_plus,p_z_plus,,0.0337349397590361,,0.05,0.05,composite,437.0,0.4944140197152245,0.0,,,
anoshift_correlated_gaussian,power,adaptive_transfer,2020-2020,near,z_plus_renorm,p_z_plus_renorm,,0.0412621359223301,,0.05,0.05,composite,434.0,0.5005516328331863,0.0,,,
anoshift_correlated_gaussian,power,adaptive_transfer,2020-2020,near,breadth,p_breadth,,0.016867469879518,,0.05,0.05,composite,437.0,0.4929901423877327,0.0,,,
anoshift_correlated_gaussian,power,adaptive_transfer,2020-2020,near,z_mahalanobis_sq,p_z_mahalanobis_sq,,0.0554216867469879,,0.05,0.05,composite,437.0,0.492552026286966,0.0,,,
anoshift_correlated_gaussian,power,adaptive_transfer,2020-2020,near,t_iut,p_t_iut,,0.0337349397590361,,0.05,0.05,composite,437.0,0.4319824753559694,0.0,,,
anoshift_correlated_gaussian,power,adaptive_transfer,2020-2020,near,z_plus_softmax,p_z_plus_softmax,,0.0558252427184466,,0.05,0.05,composite,434.0,0.4586275375110327,0.0,,,
anoshift_correlated_gaussian,power,adaptive_transfer,2020-2020,near,z_plus_orth,p_z_plus_orth,,0.0509708737864077,,0.05,0.05,composite,434.0,0.4600617828773168,0.0,,,
anoshift_correlated_gaussian,power,adaptive_transfer,2020-2020,near,z_plus,p_z_plus,,0.0337349397590361,,0.05,0.1,composite,437.0,0.3065717415115006,0.0,,,
anoshift_correlated_gaussian,power,adaptive_transfer,2020-2020,near,z_plus_renorm,p_z_plus_renorm,,0.0412621359223301,,0.05,0.1,composite,434.0,0.3539276257722859,0.0,,,
anoshift_correlated_gaussian,power,adaptive_transfer,2020-2020,near,breadth,p_breadth,,0.016867469879518,,0.05,0.1,composite,437.0,0.3668127053669222,0.0,,,
anoshift_correlated_gaussian,power,adaptive_transfer,2020-2020,near,z_mahalanobis_sq,p_z_mahalanobis_sq,,0.0554216867469879,,0.05,0.1,composite,437.0,0.4676889375684556,0.0,,,
anoshift_correlated_gaussian,power,adaptive_transfer,2020-2020,near,t_iut,p_t_iut,,0.0337349397590361,,0.05,0.1,composite,437.0,0.3880613362541073,0.0,,,
anoshift_correlated_gaussian,power,adaptive_transfer,2020-2020,near,z_plus_softmax,p_z_plus_softmax,,0.0558252427184466,,0.05,0.1,composite,434.0,0.3513901147396293,0.0454545454545454,,,
anoshift_correlated_gaussian,power,adaptive_transfer,2020-2020,near,z_plus_orth,p_z_plus_orth,,0.0509708737864077,,0.05,0.1,composite,434.0,0.3501765225066196,0.0454545454545454,,,
anoshift_correlated_gaussian,power,adaptive_transfer,2020-2020,near,z_plus,p_z_plus,,0.0313253012048192,,0.05,0.15,composite,437.0,0.5180722891566265,0.0454545454545454,,,
anoshift_correlated_gaussian,power,adaptive_transfer,2020-2020,near,z_plus_renorm,p_z_plus_renorm,,0.0315533980582524,,0.05,0.15,composite,434.0,0.536297440423654,0.0454545454545454,,,
anoshift_correlated_gaussian,power,adaptive_transfer,2020-2020,near,breadth,p_breadth,,0.016867469879518,,0.05,0.15,composite,437.0,0.48986856516977,0.0,,,
anoshift_correlated_gaussian,power,adaptive_transfer,2020-2020,near,z_mahalanobis_sq,p_z_mahalanobis_sq,,0.053012048192771,,0.05,0.15,composite,437.0,0.643592552026287,0.0454545454545454,,,
anoshift_correlated_gaussian,power,adaptive_transfer,2020-2020,near,t_iut,p_t_iut,,0.0337349397590361,,0.05,0.15,composite,437.0,0.4325301204819276,0.0,,,
anoshift_correlated_gaussian,power,adaptive_transfer,2020-2020,near,z_plus_softmax,p_z_plus_softmax,,0.0558252427184466,,0.05,0.15,composite,434.0,0.5057369814651368,0.0909090909090909,,,
anoshift_correlated_gaussian,power,adaptive_transfer,2020-2020,near,z_plus_orth,p_z_plus_orth,,0.0509708737864077,,0.05,0.15,composite,434.0,0.5090467784642543,0.0909090909090909,,,
anoshift_correlated_gaussian,power,adaptive_transfer,2020-2020,near,z_plus,p_z_plus,,0.0313253012048192,,0.05,0.2,composite,437.0,0.5027382256297919,0.0454545454545454,,,
anoshift_correlated_gaussian,power,adaptive_transfer,2020-2020,near,z_plus_renorm,p_z_plus_renorm,,0.0388349514563106,,0.05,0.2,composite,434.0,0.5193071491615181,0.0454545454545454,,,
anoshift_correlated_gaussian,power,adaptive_transfer,2020-2020,near,breadth,p_breadth,,0.016867469879518,,0.05,0.2,composite,437.0,0.5019167579408543,0.0,,,
anoshift_correlated_gaussian,power,adaptive_transfer,2020-2020,near,z_mahalanobis_sq,p_z_mahalanobis_sq,,0.0506024096385542,,0.05,0.2,composite,437.0,0.5372398685651698,0.0909090909090909,,,
anoshift_correlated_gaussian,power,adaptive_transfer,2020-2020,near,t_iut,p_t_iut,,0.0337349397590361,,0.05,0.2,composite,437.0,0.4891566265060241,0.0,,,
anoshift_correlated_gaussian,power,adaptive_transfer,2020-2020,near,z_plus_softmax,p_z_plus_softmax,,0.058252427184466,,0.05,0.2,composite,434.0,0.5281332744924978,0.0454545454545454,,,
anoshift_correlated_gaussian,power,adaptive_transfer,2020-2020,near,z_plus_orth,p_z_plus_orth,,0.0533980582524271,,0.05,0.2,composite,434.0,0.5246028243601059,0.0454545454545454,,,
anoshift_correlated_gaussian,power,adaptive_transfer,2020-2020,near,z_plus,p_z_plus,,0.0289156626506024,,0.05,0.3,composite,437.0,0.4443592552026287,0.0909090909090909,,,
anoshift_correlated_gaussian,power,adaptive_transfer,2020-2020,near,z_plus_renorm,p_z_plus_renorm,,0.0388349514563106,,0.05,0.3,composite,434.0,0.4589585172109444,0.0909090909090909,,,
anoshift_correlated_gaussian,power,adaptive_transfer,2020-2020,near,breadth,p_breadth,,0.016867469879518,,0.05,0.3,composite,437.0,0.4574479737130339,0.0,,,
anoshift_correlated_gaussian,power,adaptive_transfer,2020-2020,near,z_mahalanobis_sq,p_z_mahalanobis_sq,,0.0506024096385542,,0.05,0.3,composite,437.0,0.5204819277108433,0.1363636363636363,,,
anoshift_correlated_gaussian,power,adaptive_transfer,2020-2020,near,t_iut,p_t_iut,,0.0337349397590361,,0.05,0.3,composite,437.0,0.4189485213581599,0.0,,,
anoshift_correlated_gaussian,power,adaptive_transfer,2020-2020,near,z_plus_softmax,p_z_plus_softmax,,0.058252427184466,,0.05,0.3,composite,434.0,0.4346866725507502,0.0454545454545454,,,
anoshift_correlated_gaussian,power,adaptive_transfer,2020-2020,near,z_plus_orth,p_z_plus_orth,,0.0533980582524271,,0.05,0.3,composite,434.0,0.4370035304501323,0.0454545454545454,,,
anoshift_correlated_gaussian,power,adaptive_transfer,2020-2020,near,z_plus,p_z_plus,,0.0305343511450381,,0.1,0.05,composite,437.0,0.5735021975479991,0.0454545454545454,,,
anoshift_correlated_gaussian,power,adaptive_transfer,2020-2020,near,z_plus_renorm,p_z_plus_renorm,,0.0358974358974358,,0.1,0.05,composite,434.0,0.5720862470862471,0.0681818181818181,,,
anoshift_correlated_gaussian,power,adaptive_transfer,2020-2020,near,breadth,p_breadth,,0.015267175572519,,0.1,0.05,composite,437.0,0.5208477908859588,0.0227272727272727,,,
anoshift_correlated_gaussian,power,adaptive_transfer,2020-2020,near,z_mahalanobis_sq,p_z_mahalanobis_sq,,0.0483460559796437,,0.1,0.05,composite,437.0,0.5801526717557252,0.0909090909090909,,,
anoshift_correlated_gaussian,power,adaptive_transfer,2020-2020,near,t_iut,p_t_iut,,0.0305343511450381,,0.1,0.05,composite,437.0,0.4719523479065463,0.0454545454545454,,,
anoshift_correlated_gaussian,power,adaptive_transfer,2020-2020,near,z_plus_softmax,p_z_plus_softmax,,0.0512820512820512,,0.1,0.05,composite,434.0,0.5734265734265734,0.0681818181818181,,,
anoshift_correlated_gaussian,power,adaptive_transfer,2020-2020,near,z_plus_orth,p_z_plus_orth,,0.0461538461538461,,0.1,0.05,composite,434.0,0.5712703962703963,0.0681818181818181,,,
anoshift_correlated_gaussian,power,adaptive_transfer,2020-2020,near,z_plus,p_z_plus,,0.0305343511450381,,0.1,0.1,composite,437.0,0.4744968771686328,0.0681818181818181,,,
anoshift_correlated_gaussian,power,adaptive_transfer,2020-2020,near,z_plus_renorm,p_z_plus_renorm,,0.0383631713554987,,0.1,0.1,composite,434.0,0.4741569023969547,0.0232558139534883,,,
anoshift_correlated_gaussian,power,adaptive_transfer,2020-2020,near,breadth,p_breadth,,0.0178117048346055,,0.1,0.1,composite,437.0,0.5121732593106638,0.0,,,
anoshift_correlated_gaussian,power,adaptive_transfer,2020-2020,near,z_mahalanobis_sq,p_z_mahalanobis_sq,,0.0508905852417302,,0.1,0.1,composite,437.0,0.4624103631737219,0.0681818181818181,,,
anoshift_correlated_gaussian,power,adaptive_transfer,2020-2020,near,t_iut,p_t_iut,,0.0330788804071246,,0.1,0.1,composite,437.0,0.4769257460097154,0.0227272727272727,,,
anoshift_correlated_gaussian,power,adaptive_transfer,2020-2020,near,z_plus_softmax,p_z_plus_softmax,,0.0537084398976982,,0.1,0.1,composite,434.0,0.4833164812942366,0.0697674418604651,,,
anoshift_correlated_gaussian,power,adaptive_transfer,2020-2020,near,z_plus_orth,p_z_plus_orth,,0.0511508951406649,,0.1,0.1,composite,434.0,0.4800452031166359,0.0697674418604651,,,
anoshift_correlated_gaussian,power,adaptive_transfer,2020-2020,near,z_plus,p_z_plus,,0.0356234096692111,,0.1,0.15,composite,437.0,0.4389891279204256,0.0,,,
anoshift_correlated_gaussian,power,adaptive_transfer,2020-2020,near,z_plus_renorm,p_z_plus_renorm,,0.0384615384615384,,0.1,0.15,composite,434.0,0.4352564102564102,0.0227272727272727,,,
anoshift_correlated_gaussian,power,adaptive_transfer,2020-2020,near,breadth,p_breadth,,0.0178117048346055,,0.1,0.15,composite,437.0,0.4838364561647005,0.0,,,
anoshift_correlated_gaussian,power,adaptive_transfer,2020-2020,near,z_mahalanobis_sq,p_z_mahalanobis_sq,,0.0559796437659033,,0.1,0.15,composite,437.0,0.479296784640296,0.0227272727272727,,,
anoshift_correlated_gaussian,power,adaptive_transfer,2020-2020,near,t_iut,p_t_iut,,0.0356234096692111,,0.1,0.15,composite,437.0,0.4572634744390469,0.0,,,
anoshift_correlated_gaussian,power,adaptive_transfer,2020-2020,near,z_plus_softmax,p_z_plus_softmax,,0.0589743589743589,,0.1,0.15,composite,434.0,0.4382867132867133,0.0227272727272727,,,
anoshift_correlated_gaussian,power,adaptive_transfer,2020-2020,near,z_plus_orth,p_z_plus_orth,,0.0538461538461538,,0.1,0.15,composite,434.0,0.4375874125874126,0.0227272727272727,,,
anoshift_correlated_gaussian,power,adaptive_transfer,2020-2020,near,z_plus,p_z_plus,,0.0330788804071246,,0.1,0.2,composite,437.0,0.4744968771686328,0.0454545454545454,,,
anoshift_correlated_gaussian,power,adaptive_transfer,2020-2020,near,z_plus_renorm,p_z_plus_renorm,,0.0435897435897435,,0.1,0.2,composite,434.0,0.4866550116550116,0.0454545454545454,,,
anoshift_correlated_gaussian,power,adaptive_transfer,2020-2020,near,breadth,p_breadth,,0.0178117048346055,,0.1,0.2,composite,437.0,0.448560027758501,0.0227272727272727,,,
anoshift_correlated_gaussian,power,adaptive_transfer,2020-2020,near,z_mahalanobis_sq,p_z_mahalanobis_sq,,0.0559796437659033,,0.1,0.2,composite,437.0,0.5057251908396946,0.0227272727272727,,,
anoshift_correlated_gaussian,power,adaptive_transfer,2020-2020,near,t_iut,p_t_iut,,0.0305343511450381,,0.1,0.2,composite,437.0,0.4956627342123525,0.0454545454545454,,,
anoshift_correlated_gaussian,power,adaptive_transfer,2020-2020,near,z_plus_softmax,p_z_plus_softmax,,0.0538461538461538,,0.1,0.2,composite,434.0,0.4701631701631702,0.0681818181818181,,,
anoshift_correlated_gaussian,power,adaptive_transfer,2020-2020,near,z_plus_orth,p_z_plus_orth,,0.0512820512820512,,0.1,0.2,composite,434.0,0.4699300699300699,0.0681818181818181,,,
anoshift_correlated_gaussian,power,adaptive_transfer,2020-2020,near,z_plus,p_z_plus,,0.0356234096692111,,0.1,0.3,composite,437.0,0.4808582003238492,0.0,,,
anoshift_correlated_gaussian,power,adaptive_transfer,2020-2020,near,z_plus_renorm,p_z_plus_renorm,,0.0434782608695652,,0.1,0.3,composite,434.0,0.4765954915838934,0.0232558139534883,,,
anoshift_correlated_gaussian,power,adaptive_transfer,2020-2020,near,breadth,p_breadth,,0.0127226463104325,,0.1,0.3,composite,437.0,0.479614850798057,0.0454545454545454,,,
anoshift_correlated_gaussian,power,adaptive_transfer,2020-2020,near,z_mahalanobis_sq,p_z_mahalanobis_sq,,0.0559796437659033,,0.1,0.3,composite,437.0,0.5560953041869072,0.0,,,
anoshift_correlated_gaussian,power,adaptive_transfer,2020-2020,near,t_iut,p_t_iut,,0.0279898218829516,,0.1,0.3,composite,437.0,0.4769835762202175,0.0681818181818181,,,
anoshift_correlated_gaussian,power,adaptive_transfer,2020-2020,near,z_plus_softmax,p_z_plus_softmax,,0.0511508951406649,,0.1,0.3,composite,434.0,0.4840302147148039,0.0465116279069767,,,
anoshift_correlated_gaussian,power,adaptive_transfer,2020-2020,near,z_plus_orth,p_z_plus_orth,,0.0460358056265984,,0.1,0.3,composite,434.0,0.4818295366680545,0.0465116279069767,,,
anoshift_threshold_clustering_m1_v2,power,adaptive_transfer,2020-2020,near,z_plus,p_z_plus,,0.0830059277639922,,0.01,0.05,composite,58032.0,,,,,
anoshift_threshold_clustering_m1_v2,power,adaptive_transfer,2020-2020,near,z_plus_renorm,p_z_plus_renorm,,0.0991819861025595,,0.01,0.05,composite,56845.0,,,,,
anoshift_threshold_clustering_m1_v2,power,adaptive_transfer,2020-2020,near,breadth,p_breadth,,0.0061517783291976,,0.01,0.05,composite,58032.0,,,,,
anoshift_threshold_clustering_m1_v2,power,adaptive_transfer,2020-2020,near,z_mahalanobis_sq,p_z_mahalanobis_sq,,0.1745211964708414,,0.01,0.05,composite,32529.0,,,,,
anoshift_threshold_clustering_m1_v2,power,adaptive_transfer,2020-2020,near,t_iut,p_t_iut,,0.0535049627791563,,0.01,0.05,composite,58032.0,,,,,
anoshift_threshold_clustering_m1_v2,power,adaptive_transfer,2020-2020,near,z_plus_softmax,p_z_plus_softmax,,0.1258509983287888,,0.01,0.05,composite,56845.0,,,,,
anoshift_threshold_clustering_m1_v2,power,adaptive_transfer,2020-2020,near,z_plus_orth,p_z_plus_orth,,0.1084352185768317,,0.01,0.05,composite,56845.0,,,,,
anoshift_threshold_clustering_m1_v2,power,adaptive_transfer,2020-2020,near,z_plus,p_z_plus,,0.0830059277639922,,0.01,0.1,composite,58032.0,,,,,
anoshift_threshold_clustering_m1_v2,power,adaptive_transfer,2020-2020,near,z_plus_renorm,p_z_plus_renorm,,0.0991819861025595,,0.01,0.1,composite,56845.0,,,,,
anoshift_threshold_clustering_m1_v2,power,adaptive_transfer,2020-2020,near,breadth,p_breadth,,0.0061517783291976,,0.01,0.1,composite,58032.0,,,,,
anoshift_threshold_clustering_m1_v2,power,adaptive_transfer,2020-2020,near,z_mahalanobis_sq,p_z_mahalanobis_sq,,0.1745211964708414,,0.01,0.1,composite,32529.0,,,,,
anoshift_threshold_clustering_m1_v2,power,adaptive_transfer,2020-2020,near,t_iut,p_t_iut,,0.0535049627791563,,0.01,0.1,composite,58032.0,,,,,
anoshift_threshold_clustering_m1_v2,power,adaptive_transfer,2020-2020,near,z_plus_softmax,p_z_plus_softmax,,0.1258509983287888,,0.01,0.1,composite,56845.0,,,,,
anoshift_threshold_clustering_m1_v2,power,adaptive_transfer,2020-2020,near,z_plus_orth,p_z_plus_orth,,0.1084352185768317,,0.01,0.1,composite,56845.0,,,,,
anoshift_threshold_clustering_m1_v2,power,adaptive_transfer,2020-2020,near,z_plus,p_z_plus,,0.0830059277639922,,0.01,0.15,composite,58032.0,,,,,
anoshift_threshold_clustering_m1_v2,power,adaptive_transfer,2020-2020,near,z_plus_renorm,p_z_plus_renorm,,0.0991819861025595,,0.01,0.15,composite,56845.0,,,,,
anoshift_threshold_clustering_m1_v2,power,adaptive_transfer,2020-2020,near,breadth,p_breadth,,0.0061517783291976,,0.01,0.15,composite,58032.0,,,,,
anoshift_threshold_clustering_m1_v2,power,adaptive_transfer,2020-2020,near,z_mahalanobis_sq,p_z_mahalanobis_sq,,0.1745211964708414,,0.01,0.15,composite,32529.0,,,,,
anoshift_threshold_clustering_m1_v2,power,adaptive_transfer,2020-2020,near,t_iut,p_t_iut,,0.0535049627791563,,0.01,0.15,composite,58032.0,,,,,
anoshift_threshold_clustering_m1_v2,power,adaptive_transfer,2020-2020,near,z_plus_softmax,p_z_plus_softmax,,0.1258509983287888,,0.01,0.15,composite,56845.0,,,,,
anoshift_threshold_clustering_m1_v2,power,adaptive_transfer,2020-2020,near,z_plus_orth,p_z_plus_orth,,0.1084352185768317,,0.01,0.15,composite,56845.0,,,,,
anoshift_threshold_clustering_m1_v2,power,adaptive_transfer,2020-2020,near,z_plus,p_z_plus,,0.0830059277639922,,0.01,0.2,composite,58032.0,,,,,
anoshift_threshold_clustering_m1_v2,power,adaptive_transfer,2020-2020,near,z_plus_renorm,p_z_plus_renorm,,0.0991819861025595,,0.01,0.2,composite,56845.0,,,,,
anoshift_threshold_clustering_m1_v2,power,adaptive_transfer,2020-2020,near,breadth,p_breadth,,0.0061517783291976,,0.01,0.2,composite,58032.0,,,,,
anoshift_threshold_clustering_m1_v2,power,adaptive_transfer,2020-2020,near,z_mahalanobis_sq,p_z_mahalanobis_sq,,0.1745211964708414,,0.01,0.2,composite,32529.0,,,,,
anoshift_threshold_clustering_m1_v2,power,adaptive_transfer,2020-2020,near,t_iut,p_t_iut,,0.0535049627791563,,0.01,0.2,composite,58032.0,,,,,
anoshift_threshold_clustering_m1_v2,power,adaptive_transfer,2020-2020,near,z_plus_softmax,p_z_plus_softmax,,0.1258509983287888,,0.01,0.2,composite,56845.0,,,,,
anoshift_threshold_clustering_m1_v2,power,adaptive_transfer,2020-2020,near,z_plus_orth,p_z_plus_orth,,0.1084352185768317,,0.01,0.2,composite,56845.0,,,,,
anoshift_threshold_clustering_m1_v2,power,adaptive_transfer,2020-2020,near,z_plus,p_z_plus,,0.0830059277639922,,0.01,0.3,composite,58032.0,,,,,
anoshift_threshold_clustering_m1_v2,power,adaptive_transfer,2020-2020,near,z_plus_renorm,p_z_plus_renorm,,0.0991819861025595,,0.01,0.3,composite,56845.0,,,,,
anoshift_threshold_clustering_m1_v2,power,adaptive_transfer,2020-2020,near,breadth,p_breadth,,0.0061517783291976,,0.01,0.3,composite,58032.0,,,,,
anoshift_threshold_clustering_m1_v2,power,adaptive_transfer,2020-2020,near,z_mahalanobis_sq,p_z_mahalanobis_sq,,0.1745211964708414,,0.01,0.3,composite,32529.0,,,,,
anoshift_threshold_clustering_m1_v2,power,adaptive_transfer,2020-2020,near,t_iut,p_t_iut,,0.0535049627791563,,0.01,0.3,composite,58032.0,,,,,
anoshift_threshold_clustering_m1_v2,power,adaptive_transfer,2020-2020,near,z_plus_softmax,p_z_plus_softmax,,0.1258509983287888,,0.01,0.3,composite,56845.0,,,,,
anoshift_threshold_clustering_m1_v2,power,adaptive_transfer,2020-2020,near,z_plus_orth,p_z_plus_orth,,0.1084352185768317,,0.01,0.3,composite,56845.0,,,,,
anoshift_threshold_clustering_m1_v2,power,adaptive_transfer,2020-2020,near,z_plus,p_z_plus,,0.0830059277639922,,0.05,0.05,composite,58032.0,,,,,
anoshift_threshold_clustering_m1_v2,power,adaptive_transfer,2020-2020,near,z_plus_renorm,p_z_plus_renorm,,0.0991819861025595,,0.05,0.05,composite,56845.0,,,,,
anoshift_threshold_clustering_m1_v2,power,adaptive_transfer,2020-2020,near,breadth,p_breadth,,0.0061517783291976,,0.05,0.05,composite,58032.0,,,,,
anoshift_threshold_clustering_m1_v2,power,adaptive_transfer,2020-2020,near,z_mahalanobis_sq,p_z_mahalanobis_sq,,0.1745211964708414,,0.05,0.05,composite,32529.0,,,,,
anoshift_threshold_clustering_m1_v2,power,adaptive_transfer,2020-2020,near,t_iut,p_t_iut,,0.0535049627791563,,0.05,0.05,composite,58032.0,,,,,
anoshift_threshold_clustering_m1_v2,power,adaptive_transfer,2020-2020,near,z_plus_softmax,p_z_plus_softmax,,0.1258509983287888,,0.05,0.05,composite,56845.0,,,,,
anoshift_threshold_clustering_m1_v2,power,adaptive_transfer,2020-2020,near,z_plus_orth,p_z_plus_orth,,0.1084352185768317,,0.05,0.05,composite,56845.0,,,,,
anoshift_threshold_clustering_m1_v2,power,adaptive_transfer,2020-2020,near,z_plus,p_z_plus,,0.0830059277639922,,0.05,0.1,composite,58032.0,,,,,
anoshift_threshold_clustering_m1_v2,power,adaptive_transfer,2020-2020,near,z_plus_renorm,p_z_plus_renorm,,0.0991819861025595,,0.05,0.1,composite,56845.0,,,,,
anoshift_threshold_clustering_m1_v2,power,adaptive_transfer,2020-2020,near,breadth,p_breadth,,0.0061517783291976,,0.05,0.1,composite,58032.0,,,,,
anoshift_threshold_clustering_m1_v2,power,adaptive_transfer,2020-2020,near,z_mahalanobis_sq,p_z_mahalanobis_sq,,0.1745211964708414,,0.05,0.1,composite,32529.0,,,,,
anoshift_threshold_clustering_m1_v2,power,adaptive_transfer,2020-2020,near,t_iut,p_t_iut,,0.0535049627791563,,0.05,0.1,composite,58032.0,,,,,
anoshift_threshold_clustering_m1_v2,power,adaptive_transfer,2020-2020,near,z_plus_softmax,p_z_plus_softmax,,0.1258509983287888,,0.05,0.1,composite,56845.0,,,,,
anoshift_threshold_clustering_m1_v2,power,adaptive_transfer,2020-2020,near,z_plus_orth,p_z_plus_orth,,0.1084352185768317,,0.05,0.1,composite,56845.0,,,,,
anoshift_threshold_clustering_m1_v2,power,adaptive_transfer,2020-2020,near,z_plus,p_z_plus,,0.0830059277639922,,0.05,0.15,composite,58032.0,,,,,
anoshift_threshold_clustering_m1_v2,power,adaptive_transfer,2020-2020,near,z_plus_renorm,p_z_plus_renorm,,0.0991819861025595,,0.05,0.15,composite,56845.0,,,,,
anoshift_threshold_clustering_m1_v2,power,adaptive_transfer,2020-2020,near,breadth,p_breadth,,0.0061517783291976,,0.05,0.15,composite,58032.0,,,,,
anoshift_threshold_clustering_m1_v2,power,adaptive_transfer,2020-2020,near,z_mahalanobis_sq,p_z_mahalanobis_sq,,0.1745211964708414,,0.05,0.15,composite,32529.0,,,,,
anoshift_threshold_clustering_m1_v2,power,adaptive_transfer,2020-2020,near,t_iut,p_t_iut,,0.0535049627791563,,0.05,0.15,composite,58032.0,,,,,
anoshift_threshold_clustering_m1_v2,power,adaptive_transfer,2020-2020,near,z_plus_softmax,p_z_plus_softmax,,0.1258509983287888,,0.05,0.15,composite,56845.0,,,,,
anoshift_threshold_clustering_m1_v2,power,adaptive_transfer,2020-2020,near,z_plus_orth,p_z_plus_orth,,0.1084352185768317,,0.05,0.15,composite,56845.0,,,,,
anoshift_threshold_clustering_m1_v2,power,adaptive_transfer,2020-2020,near,z_plus,p_z_plus,,0.0830059277639922,,0.05,0.2,composite,58032.0,,,,,
anoshift_threshold_clustering_m1_v2,power,adaptive_transfer,2020-2020,near,z_plus_renorm,p_z_plus_renorm,,0.0991819861025595,,0.05,0.2,composite,56845.0,,,,,
anoshift_threshold_clustering_m1_v2,power,adaptive_transfer,2020-2020,near,breadth,p_breadth,,0.0061517783291976,,0.05,0.2,composite,58032.0,,,,,
anoshift_threshold_clustering_m1_v2,power,adaptive_transfer,2020-2020,near,z_mahalanobis_sq,p_z_mahalanobis_sq,,0.1745211964708414,,0.05,0.2,composite,32529.0,,,,,
anoshift_threshold_clustering_m1_v2,power,adaptive_transfer,2020-2020,near,t_iut,p_t_iut,,0.0535049627791563,,0.05,0.2,composite,58032.0,,,,,
anoshift_threshold_clustering_m1_v2,power,adaptive_transfer,2020-2020,near,z_plus_softmax,p_z_plus_softmax,,0.1258509983287888,,0.05,0.2,composite,56845.0,,,,,
anoshift_threshold_clustering_m1_v2,power,adaptive_transfer,2020-2020,near,z_plus_orth,p_z_plus_orth,,0.1084352185768317,,0.05,0.2,composite,56845.0,,,,,
anoshift_threshold_clustering_m1_v2,power,adaptive_transfer,2020-2020,near,z_plus,p_z_plus,,0.0830059277639922,,0.05,0.3,composite,58032.0,,,,,
anoshift_threshold_clustering_m1_v2,power,adaptive_transfer,2020-2020,near,z_plus_renorm,p_z_plus_renorm,,0.0991819861025595,,0.05,0.3,composite,56845.0,,,,,
anoshift_threshold_clustering_m1_v2,power,adaptive_transfer,2020-2020,near,breadth,p_breadth,,0.0061517783291976,,0.05,0.3,composite,58032.0,,,,,
anoshift_threshold_clustering_m1_v2,power,adaptive_transfer,2020-2020,near,z_mahalanobis_sq,p_z_mahalanobis_sq,,0.1745211964708414,,0.05,0.3,composite,32529.0,,,,,
anoshift_threshold_clustering_m1_v2,power,adaptive_transfer,2020-2020,near,t_iut,p_t_iut,,0.0535049627791563,,0.05,0.3,composite,58032.0,,,,,
anoshift_threshold_clustering_m1_v2,power,adaptive_transfer,2020-2020,near,z_plus_softmax,p_z_plus_softmax,,0.1258509983287888,,0.05,0.3,composite,56845.0,,,,,
anoshift_threshold_clustering_m1_v2,power,adaptive_transfer,2020-2020,near,z_plus_orth,p_z_plus_orth,,0.1084352185768317,,0.05,0.3,composite,56845.0,,,,,
anoshift_threshold_clustering_m1_v2,power,adaptive_transfer,2020-2020,near,z_plus,p_z_plus,,0.0830059277639922,,0.1,0.05,composite,58032.0,,,,,
anoshift_threshold_clustering_m1_v2,power,adaptive_transfer,2020-2020,near,z_plus_renorm,p_z_plus_renorm,,0.0991819861025595,,0.1,0.05,composite,56845.0,,,,,
anoshift_threshold_clustering_m1_v2,power,adaptive_transfer,2020-2020,near,breadth,p_breadth,,0.0061517783291976,,0.1,0.05,composite,58032.0,,,,,
anoshift_threshold_clustering_m1_v2,power,adaptive_transfer,2020-2020,near,z_mahalanobis_sq,p_z_mahalanobis_sq,,0.1745211964708414,,0.1,0.05,composite,32529.0,,,,,
anoshift_threshold_clustering_m1_v2,power,adaptive_transfer,2020-2020,near,t_iut,p_t_iut,,0.0535049627791563,,0.1,0.05,composite,58032.0,,,,,
anoshift_threshold_clustering_m1_v2,power,adaptive_transfer,2020-2020,near,z_plus_softmax,p_z_plus_softmax,,0.1258509983287888,,0.1,0.05,composite,56845.0,,,,,
anoshift_threshold_clustering_m1_v2,power,adaptive_transfer,2020-2020,near,z_plus_orth,p_z_plus_orth,,0.1084352185768317,,0.1,0.05,composite,56845.0,,,,,
anoshift_threshold_clustering_m1_v2,power,adaptive_transfer,2020-2020,near,z_plus,p_z_plus,,0.0830059277639922,,0.1,0.1,composite,58032.0,,,,,
anoshift_threshold_clustering_m1_v2,power,adaptive_transfer,2020-2020,near,z_plus_renorm,p_z_plus_renorm,,0.0991819861025595,,0.1,0.1,composite,56845.0,,,,,
anoshift_threshold_clustering_m1_v2,power,adaptive_transfer,2020-2020,near,breadth,p_breadth,,0.0061517783291976,,0.1,0.1,composite,58032.0,,,,,
anoshift_threshold_clustering_m1_v2,power,adaptive_transfer,2020-2020,near,z_mahalanobis_sq,p_z_mahalanobis_sq,,0.1745211964708414,,0.1,0.1,composite,32529.0,,,,,
anoshift_threshold_clustering_m1_v2,power,adaptive_transfer,2020-2020,near,t_iut,p_t_iut,,0.0535049627791563,,0.1,0.1,composite,58032.0,,,,,
anoshift_threshold_clustering_m1_v2,power,adaptive_transfer,2020-2020,near,z_plus_softmax,p_z_plus_softmax,,0.1258509983287888,,0.1,0.1,composite,56845.0,,,,,
anoshift_threshold_clustering_m1_v2,power,adaptive_transfer,2020-2020,near,z_plus_orth,p_z_plus_orth,,0.1084352185768317,,0.1,0.1,composite,56845.0,,,,,
anoshift_threshold_clustering_m1_v2,power,adaptive_transfer,2020-2020,near,z_plus,p_z_plus,,0.0830059277639922,,0.1,0.15,composite,58032.0,,,,,
anoshift_threshold_clustering_m1_v2,power,adaptive_transfer,2020-2020,near,z_plus_renorm,p_z_plus_renorm,,0.0991819861025595,,0.1,0.15,composite,56845.0,,,,,
anoshift_threshold_clustering_m1_v2,power,adaptive_transfer,2020-2020,near,breadth,p_breadth,,0.0061517783291976,,0.1,0.15,composite,58032.0,,,,,
anoshift_threshold_clustering_m1_v2,power,adaptive_transfer,2020-2020,near,z_mahalanobis_sq,p_z_mahalanobis_sq,,0.1745211964708414,,0.1,0.15,composite,32529.0,,,,,
anoshift_threshold_clustering_m1_v2,power,adaptive_transfer,2020-2020,near,t_iut,p_t_iut,,0.0535049627791563,,0.1,0.15,composite,58032.0,,,,,
anoshift_threshold_clustering_m1_v2,power,adaptive_transfer,2020-2020,near,z_plus_softmax,p_z_plus_softmax,,0.1258509983287888,,0.1,0.15,composite,56845.0,,,,,
anoshift_threshold_clustering_m1_v2,power,adaptive_transfer,2020-2020,near,z_plus_orth,p_z_plus_orth,,0.1084352185768317,,0.1,0.15,composite,56845.0,,,,,
anoshift_threshold_clustering_m1_v2,power,adaptive_transfer,2020-2020,near,z_plus,p_z_plus,,0.0830059277639922,,0.1,0.2,composite,58032.0,,,,,
anoshift_threshold_clustering_m1_v2,power,adaptive_transfer,2020-2020,near,z_plus_renorm,p_z_plus_renorm,,0.0991819861025595,,0.1,0.2,composite,56845.0,,,,,
anoshift_threshold_clustering_m1_v2,power,adaptive_transfer,2020-2020,near,breadth,p_breadth,,0.0061517783291976,,0.1,0.2,composite,58032.0,,,,,
anoshift_threshold_clustering_m1_v2,power,adaptive_transfer,2020-2020,near,z_mahalanobis_sq,p_z_mahalanobis_sq,,0.1745211964708414,,0.1,0.2,composite,32529.0,,,,,
anoshift_threshold_clustering_m1_v2,power,adaptive_transfer,2020-2020,near,t_iut,p_t_iut,,0.0535049627791563,,0.1,0.2,composite,58032.0,,,,,
anoshift_threshold_clustering_m1_v2,power,adaptive_transfer,2020-2020,near,z_plus_softmax,p_z_plus_softmax,,0.1258509983287888,,0.1,0.2,composite,56845.0,,,,,
anoshift_threshold_clustering_m1_v2,power,adaptive_transfer,2020-2020,near,z_plus_orth,p_z_plus_orth,,0.1084352185768317,,0.1,0.2,composite,56845.0,,,,,
anoshift_threshold_clustering_m1_v2,power,adaptive_transfer,2020-2020,near,z_plus,p_z_plus,,0.0830059277639922,,0.1,0.3,composite,58032.0,,,,,
anoshift_threshold_clustering_m1_v2,power,adaptive_transfer,2020-2020,near,z_plus_renorm,p_z_plus_renorm,,0.0991819861025595,,0.1,0.3,composite,56845.0,,,,,
anoshift_threshold_clustering_m1_v2,power,adaptive_transfer,2020-2020,near,breadth,p_breadth,,0.0061517783291976,,0.1,0.3,composite,58032.0,,,,,
anoshift_threshold_clustering_m1_v2,power,adaptive_transfer,2020-2020,near,z_mahalanobis_sq,p_z_mahalanobis_sq,,0.1745211964708414,,0.1,0.3,composite,32529.0,,,,,
anoshift_threshold_clustering_m1_v2,power,adaptive_transfer,2020-2020,near,t_iut,p_t_iut,,0.0535049627791563,,0.1,0.3,composite,58032.0,,,,,
anoshift_threshold_clustering_m1_v2,power,adaptive_transfer,2020-2020,near,z_plus_softmax,p_z_plus_softmax,,0.1258509983287888,,0.1,0.3,composite,56845.0,,,,,
anoshift_threshold_clustering_m1_v2,power,adaptive_transfer,2020-2020,near,z_plus_orth,p_z_plus_orth,,0.1084352185768317,,0.1,0.3,composite,56845.0,,,,,
anoshift_correlated_gaussian,power,adaptive_transfer,2020-2020,far,z_plus,p_z_plus,,0.0452368281000532,,0.01,0.05,composite,1898.0,0.5446626144925913,0.0526315789473684,,,
anoshift_correlated_gaussian,power,adaptive_transfer,2020-2020,far,z_plus_renorm,p_z_plus_renorm,,0.0418904403866809,,0.01,0.05,composite,1881.0,0.540703261914184,0.0,,,
anoshift_correlated_gaussian,power,adaptive_transfer,2020-2020,far,breadth,p_breadth,,0.011708355508249,,0.01,0.05,composite,1898.0,0.4920170303352847,0.0,,,
anoshift_correlated_gaussian,power,adaptive_transfer,2020-2020,far,z_mahalanobis_sq,p_z_mahalanobis_sq,,0.0452368281000532,,0.01,0.05,composite,1898.0,0.4911066916893084,0.0526315789473684,,,
anoshift_correlated_gaussian,power,adaptive_transfer,2020-2020,far,t_iut,p_t_iut,,0.0356572645023948,,0.01,0.05,composite,1898.0,0.4921430772247275,0.0,,,
anoshift_correlated_gaussian,power,adaptive_transfer,2020-2020,far,z_plus_softmax,p_z_plus_softmax,,0.0596133190118152,,0.01,0.05,composite,1881.0,0.5173836847758493,0.1052631578947368,,,
anoshift_correlated_gaussian,power,adaptive_transfer,2020-2020,far,z_plus_orth,p_z_plus_orth,,0.0558539205155746,,0.01,0.05,composite,1881.0,0.5145570693651422,0.1052631578947368,,,
anoshift_correlated_gaussian,power,adaptive_transfer,2020-2020,far,z_plus,p_z_plus,,0.0457690260777009,,0.01,0.1,composite,1898.0,0.4781658777065068,0.0,,,
anoshift_correlated_gaussian,power,adaptive_transfer,2020-2020,far,z_plus_renorm,p_z_plus_renorm,,0.0418904403866809,,0.01,0.1,composite,1881.0,0.4991237492226807,0.0,,,
anoshift_correlated_gaussian,power,adaptive_transfer,2020-2020,far,breadth,p_breadth,,0.011708355508249,,0.01,0.1,composite,1898.0,0.4549172292092658,0.0,,,
anoshift_correlated_gaussian,power,adaptive_transfer,2020-2020,far,z_mahalanobis_sq,p_z_mahalanobis_sq,,0.0457690260777009,,0.01,0.1,composite,1898.0,0.5700680653202992,0.0,,,
anoshift_correlated_gaussian,power,adaptive_transfer,2020-2020,far,t_iut,p_t_iut,,0.0356572645023948,,0.01,0.1,composite,1898.0,0.4229573401305285,0.0,,,
anoshift_correlated_gaussian,power,adaptive_transfer,2020-2020,far,z_plus_softmax,p_z_plus_softmax,,0.0612244897959183,,0.01,0.1,composite,1881.0,0.4821357906043304,0.0,,,
anoshift_correlated_gaussian,power,adaptive_transfer,2020-2020,far,z_plus_orth,p_z_plus_orth,,0.0574650912996777,,0.01,0.1,composite,1881.0,0.4809203459777262,0.0,,,
anoshift_correlated_gaussian,power,adaptive_transfer,2020-2020,far,z_plus,p_z_plus,,0.0452368281000532,,0.01,0.15,composite,1898.0,0.546357244895101,0.0,,,
anoshift_correlated_gaussian,power,adaptive_transfer,2020-2020,far,z_plus_renorm,p_z_plus_renorm,,0.0413533834586466,,0.01,0.15,composite,1880.0,0.530671917889963,0.0555555555555555,,,
anoshift_correlated_gaussian,power,adaptive_transfer,2020-2020,far,breadth,p_breadth,,0.011708355508249,,0.01,0.15,composite,1898.0,0.5879667236211871,0.0,,,
anoshift_correlated_gaussian,power,adaptive_transfer,2020-2020,far,z_mahalanobis_sq,p_z_mahalanobis_sq,,0.0447046301224055,,0.01,0.15,composite,1898.0,0.5786952746421669,0.1052631578947368,,,
anoshift_correlated_gaussian,power,adaptive_transfer,2020-2020,far,t_iut,p_t_iut,,0.0351250665247472,,0.01,0.15,composite,1898.0,0.481667180191031,0.0526315789473684,,,
anoshift_correlated_gaussian,power,adaptive_transfer,2020-2020,far,z_plus_softmax,p_z_plus_softmax,,0.0612244897959183,,0.01,0.15,composite,1880.0,0.5441580140828262,0.1111111111111111,,,
anoshift_correlated_gaussian,power,adaptive_transfer,2020-2020,far,z_plus_orth,p_z_plus_orth,,0.0569280343716433,,0.01,0.15,composite,1880.0,0.5400405776345626,0.1111111111111111,,,
anoshift_correlated_gaussian,power,adaptive_transfer,2020-2020,far,z_plus,p_z_plus,,0.0457690260777009,,0.01,0.2,composite,1898.0,0.4164589227192515,0.0,,,
anoshift_correlated_gaussian,power,adaptive_transfer,2020-2020,far,z_plus_renorm,p_z_plus_renorm,,0.0413533834586466,,0.01,0.2,composite,1881.0,0.3731980326756741,0.1052631578947368,,,
anoshift_correlated_gaussian,power,adaptive_transfer,2020-2020,far,breadth,p_breadth,,0.011708355508249,,0.01,0.2,composite,1898.0,0.4587126411024901,0.0,,,
anoshift_correlated_gaussian,power,adaptive_transfer,2020-2020,far,z_mahalanobis_sq,p_z_mahalanobis_sq,,0.0452368281000532,,0.01,0.2,composite,1898.0,0.4226492255118904,0.0526315789473684,,,
anoshift_correlated_gaussian,power,adaptive_transfer,2020-2020,far,t_iut,p_t_iut,,0.0356572645023948,,0.01,0.2,composite,1898.0,0.407439567519117,0.0526315789473684,,,
anoshift_correlated_gaussian,power,adaptive_transfer,2020-2020,far,z_plus_softmax,p_z_plus_softmax,,0.0617615467239527,,0.01,0.2,composite,1881.0,0.3773531573294137,0.0526315789473684,,,
anoshift_correlated_gaussian,power,adaptive_transfer,2020-2020,far,z_plus_orth,p_z_plus_orth,,0.0580021482277121,,0.01,0.2,composite,1881.0,0.3792469896545876,0.0526315789473684,,,
anoshift_correlated_gaussian,power,adaptive_transfer,2020-2020,far,z_plus,p_z_plus,,0.0441724321447578,,0.01,0.3,composite,1898.0,0.4944959524943279,0.1578947368421052,,,
anoshift_correlated_gaussian,power,adaptive_transfer,2020-2020,far,z_plus_renorm,p_z_plus_renorm,,0.0418904403866809,,0.01,0.3,composite,1881.0,0.449884108768161,0.0526315789473684,,,
anoshift_correlated_gaussian,power,adaptive_transfer,2020-2020,far,breadth,p_breadth,,0.011708355508249,,0.01,0.3,composite,1898.0,0.5731632167166185,0.0526315789473684,,,
anoshift_correlated_gaussian,power,adaptive_transfer,2020-2020,far,z_mahalanobis_sq,p_z_mahalanobis_sq,,0.0452368281000532,,0.01,0.3,composite,1898.0,0.5410772807484383,0.0526315789473684,,,
anoshift_correlated_gaussian,power,adaptive_transfer,2020-2020,far,t_iut,p_t_iut,,0.0356572645023948,,0.01,0.3,composite,1898.0,0.4396795607966163,0.1052631578947368,,,
anoshift_correlated_gaussian,power,adaptive_transfer,2020-2020,far,z_plus_softmax,p_z_plus_softmax,,0.0612244897959183,,0.01,0.3,composite,1881.0,0.4770196167109503,0.1578947368421052,,,
anoshift_correlated_gaussian,power,adaptive_transfer,2020-2020,far,z_plus_orth,p_z_plus_orth,,0.0574650912996777,,0.01,0.3,composite,1881.0,0.4811182090564758,0.1578947368421052,,,
anoshift_correlated_gaussian,power,adaptive_transfer,2020-2020,far,z_plus,p_z_plus,,0.045479755962285,,0.05,0.05,composite,1898.0,0.5008115129754502,0.0421052631578947,,,
anoshift_correlated_gaussian,power,adaptive_transfer,2020-2020,far,z_plus_renorm,p_z_plus_renorm,,0.0413870246085011,,0.05,0.05,composite,1882.0,0.5249952401351802,0.0531914893617021,,,
anoshift_correlated_gaussian,power,adaptive_transfer,2020-2020,far,breadth,p_breadth,,0.0116472545757071,,0.05,0.05,composite,1898.0,0.4693230580611262,0.0105263157894736,,,
anoshift_correlated_gaussian,power,adaptive_transfer,2020-2020,far,z_mahalanobis_sq,p_z_mahalanobis_sq,,0.0465890183028286,,0.05,0.05,composite,1898.0,0.5074174621245293,0.0210526315789473,,,
anoshift_correlated_gaussian,power,adaptive_transfer,2020-2020,far,t_iut,p_t_iut,,0.0354963948973932,,0.05,0.05,composite,1898.0,0.5361823860816768,0.031578947368421,,,
anoshift_correlated_gaussian,power,adaptive_transfer,2020-2020,far,z_plus_softmax,p_z_plus_softmax,,0.0631991051454138,,0.05,0.05,composite,1882.0,0.5121971536008377,0.0425531914893617,,,
anoshift_correlated_gaussian,power,adaptive_transfer,2020-2020,far,z_plus_orth,p_z_plus_orth,,0.0592841163310962,,0.05,0.05,composite,1882.0,0.5126433909276977,0.0319148936170212,,,
anoshift_correlated_gaussian,power,adaptive_transfer,2020-2020,far,z_plus,p_z_plus,,0.0460343871325568,,0.05,0.1,composite,1898.0,0.4965291765186677,0.0526315789473684,,,
anoshift_correlated_gaussian,power,adaptive_transfer,2020-2020,far,z_plus_renorm,p_z_plus_renorm,,0.0391498881431767,,0.05,0.1,composite,1881.0,0.5206634432657382,0.075268817204301,,,
anoshift_correlated_gaussian,power,adaptive_transfer,2020-2020,far,breadth,p_breadth,,0.0122018857459789,,0.05,0.1,composite,1898.0,0.4958402662229617,0.0,,,
anoshift_correlated_gaussian,power,adaptive_transfer,2020-2020,far,z_mahalanobis_sq,p_z_mahalanobis_sq,,0.0460343871325568,,0.05,0.1,composite,1898.0,0.5120238199492074,0.031578947368421,,,
anoshift_correlated_gaussian,power,adaptive_transfer,2020-2020,far,t_iut,p_t_iut,,0.0349417637271214,,0.05,0.1,composite,1898.0,0.5021688997869048,0.031578947368421,,,
anoshift_correlated_gaussian,power,adaptive_transfer,2020-2020,far,z_plus_softmax,p_z_plus_softmax,,0.0609619686800894,,0.05,0.1,composite,1881.0,0.5105181496716461,0.053763440860215,,,
anoshift_correlated_gaussian,power,adaptive_transfer,2020-2020,far,z_plus_orth,p_z_plus_orth,,0.058165548098434,,0.05,0.1,composite,1881.0,0.5084253445911813,0.053763440860215,,,
anoshift_correlated_gaussian,power,adaptive_transfer,2020-2020,far,z_plus,p_z_plus,,0.0427066001109262,,0.05,0.15,composite,1898.0,0.5115917914586801,0.0947368421052631,,,
anoshift_correlated_gaussian,power,adaptive_transfer,2020-2020,far,z_plus_renorm,p_z_plus_renorm,,0.0414333706606942,,0.05,0.15,composite,1881.0,0.5171332586786114,0.0736842105263157,,,
anoshift_correlated_gaussian,power,adaptive_transfer,2020-2020,far,breadth,p_breadth,,0.0122018857459789,,0.05,0.15,composite,1898.0,0.4920308258166214,0.0105263157894736,,,
anoshift_correlated_gaussian,power,adaptive_transfer,2020-2020,far,z_mahalanobis_sq,p_z_mahalanobis_sq,,0.0427066001109262,,0.05,0.15,composite,1898.0,0.5626587266835975,0.0947368421052631,,,
anoshift_correlated_gaussian,power,adaptive_transfer,2020-2020,far,t_iut,p_t_iut,,0.036051026067665,,0.05,0.15,composite,1898.0,0.4135330005546311,0.031578947368421,,,
anoshift_correlated_gaussian,power,adaptive_transfer,2020-2020,far,z_plus_softmax,p_z_plus_softmax,,0.0615901455767077,,0.05,0.15,composite,1881.0,0.5193080686037602,0.0947368421052631,,,
anoshift_correlated_gaussian,power,adaptive_transfer,2020-2020,far,z_plus_orth,p_z_plus_orth,,0.0565509518477043,,0.05,0.15,composite,1881.0,0.5199033417811045,0.0947368421052631,,,
anoshift_correlated_gaussian,power,adaptive_transfer,2020-2020,far,z_plus,p_z_plus,,0.0449251247920133,,0.05,0.2,composite,1898.0,0.5677613334500977,0.0631578947368421,,,
anoshift_correlated_gaussian,power,adaptive_transfer,2020-2020,far,z_plus_renorm,p_z_plus_renorm,,0.0425293788472299,,0.05,0.2,composite,1881.0,0.5609663170177047,0.0212765957446808,,,
anoshift_correlated_gaussian,power,adaptive_transfer,2020-2020,far,breadth,p_breadth,,0.0116472545757071,,0.05,0.2,composite,1898.0,0.5379776396065038,0.0,,,
anoshift_correlated_gaussian,power,adaptive_transfer,2020-2020,far,z_mahalanobis_sq,p_z_mahalanobis_sq,,0.0460343871325568,,0.05,0.2,composite,1898.0,0.5293925329129813,0.0421052631578947,,,
anoshift_correlated_gaussian,power,adaptive_transfer,2020-2020,far,t_iut,p_t_iut,,0.0349417637271214,,0.05,0.2,composite,1898.0,0.5432933415068454,0.0631578947368421,,,
anoshift_correlated_gaussian,power,adaptive_transfer,2020-2020,far,z_plus_softmax,p_z_plus_softmax,,0.0604364857302742,,0.05,0.2,composite,1881.0,0.5503042065032325,0.0851063829787234,,,
anoshift_correlated_gaussian,power,adaptive_transfer,2020-2020,far,z_plus_orth,p_z_plus_orth,,0.0576385002797985,,0.05,0.2,composite,1881.0,0.5496731714867422,0.0851063829787234,,,
anoshift_correlated_gaussian,power,adaptive_transfer,2020-2020,far,z_plus,p_z_plus,,0.0449251247920133,,0.05,0.3,composite,1898.0,0.5941851300464138,0.0631578947368421,,,
anoshift_correlated_gaussian,power,adaptive_transfer,2020-2020,far,z_plus_renorm,p_z_plus_renorm,,0.0402909904868494,,0.05,0.3,composite,1882.0,0.5742762053426795,0.0526315789473684,,,
anoshift_correlated_gaussian,power,adaptive_transfer,2020-2020,far,breadth,p_breadth,,0.0110926234054353,,0.05,0.3,composite,1898.0,0.5633067694193887,0.0105263157894736,,,
anoshift_correlated_gaussian,power,adaptive_transfer,2020-2020,far,z_mahalanobis_sq,p_z_mahalanobis_sq,,0.0449251247920133,,0.05,0.3,composite,1898.0,0.5524184838135272,0.0947368421052631,,,
anoshift_correlated_gaussian,power,adaptive_transfer,2020-2020,far,t_iut,p_t_iut,,0.0332778702163061,,0.05,0.3,composite,1898.0,0.528248241235368,0.0947368421052631,,,
anoshift_correlated_gaussian,power,adaptive_transfer,2020-2020,far,z_plus_softmax,p_z_plus_softmax,,0.059876888640179,,0.05,0.3,composite,1882.0,0.5662592407151061,0.0842105263157894,,,
anoshift_correlated_gaussian,power,adaptive_transfer,2020-2020,far,z_plus_orth,p_z_plus_orth,,0.0565193060996082,,0.05,0.3,composite,1882.0,0.5652990899184166,0.0842105263157894,,,
anoshift_correlated_gaussian,power,adaptive_transfer,2020-2020,far,z_plus,p_z_plus,,0.0439110070257611,,0.1,0.05,composite,1898.0,0.4669588931344756,0.0578947368421052,,,
anoshift_correlated_gaussian,power,adaptive_transfer,2020-2020,far,z_plus_renorm,p_z_plus_renorm,,0.0419373892498523,,0.1,0.05,composite,1880.0,0.4705408555518003,0.0427807486631016,,,
anoshift_correlated_gaussian,power,adaptive_transfer,2020-2020,far,breadth,p_breadth,,0.0117096018735363,,0.1,0.05,composite,1898.0,0.4686521631948724,0.0105263157894736,,,
anoshift_correlated_gaussian,power,adaptive_transfer,2020-2020,far,z_mahalanobis_sq,p_z_mahalanobis_sq,,0.0450819672131147,,0.1,0.05,composite,1898.0,0.4774189572291384,0.0526315789473684,,,
anoshift_correlated_gaussian,power,adaptive_transfer,2020-2020,far,t_iut,p_t_iut,,0.0362997658079625,,0.1,0.05,composite,1898.0,0.4778780968815481,0.0263157894736842,,,
anoshift_correlated_gaussian,power,adaptive_transfer,2020-2020,far,z_plus_softmax,p_z_plus_softmax,,0.0602480803307737,,0.1,0.05,composite,1880.0,0.4732794046577445,0.053475935828877,,,
anoshift_correlated_gaussian,power,adaptive_transfer,2020-2020,far,z_plus_orth,p_z_plus_orth,,0.0572947430596574,,0.1,0.05,composite,1880.0,0.4722812714195918,0.053475935828877,,,
anoshift_correlated_gaussian,power,adaptive_transfer,2020-2020,far,z_plus,p_z_plus,,0.0450819672131147,,0.1,0.1,composite,1898.0,0.5449155676075434,0.0578947368421052,,,
anoshift_correlated_gaussian,power,adaptive_transfer,2020-2020,far,z_plus_renorm,p_z_plus_renorm,,0.0395981087470449,,0.1,0.1,composite,1881.0,0.5446233129448259,0.0582010582010582,,,
anoshift_correlated_gaussian,power,adaptive_transfer,2020-2020,far,breadth,p_breadth,,0.0122950819672131,,0.1,0.1,composite,1898.0,0.5186121040305682,0.0052631578947368,,,
anoshift_correlated_gaussian,power,adaptive_transfer,2020-2020,far,z_mahalanobis_sq,p_z_mahalanobis_sq,,0.0427400468384074,,0.1,0.1,composite,1898.0,0.539495254529767,0.0631578947368421,,,
anoshift_correlated_gaussian,power,adaptive_transfer,2020-2020,far,t_iut,p_t_iut,,0.0380562060889929,,0.1,0.1,composite,1898.0,0.5017040552200173,0.031578947368421,,,
anoshift_correlated_gaussian,power,adaptive_transfer,2020-2020,far,z_plus_softmax,p_z_plus_softmax,,0.0614657210401891,,0.1,0.1,composite,1881.0,0.5429941085969454,0.0687830687830687,,,
anoshift_correlated_gaussian,power,adaptive_transfer,2020-2020,far,z_plus_orth,p_z_plus_orth,,0.0579196217494089,,0.1,0.1,composite,1881.0,0.5430941748908652,0.0634920634920634,,,
anoshift_correlated_gaussian,power,adaptive_transfer,2020-2020,far,z_plus,p_z_plus,,0.0462529274004683,,0.1,0.15,composite,1898.0,0.4788610871440897,0.031578947368421,,,
anoshift_correlated_gaussian,power,adaptive_transfer,2020-2020,far,z_plus_renorm,p_z_plus_renorm,,0.0425029515938606,,0.1,0.15,composite,1880.0,0.4859973848243643,0.0376344086021505,,,
anoshift_correlated_gaussian,power,adaptive_transfer,2020-2020,far,breadth,p_breadth,,0.0117096018735363,,0.1,0.15,composite,1898.0,0.4905106002711697,0.0157894736842105,,,
anoshift_correlated_gaussian,power,adaptive_transfer,2020-2020,far,z_mahalanobis_sq,p_z_mahalanobis_sq,,0.0444964871194379,,0.1,0.15,composite,1898.0,0.4787193393319364,0.0526315789473684,,,
anoshift_correlated_gaussian,power,adaptive_transfer,2020-2020,far,t_iut,p_t_iut,,0.034543325526932,,0.1,0.15,composite,1898.0,0.4897602613090103,0.0473684210526315,,,
anoshift_correlated_gaussian,power,adaptive_transfer,2020-2020,far,z_plus_softmax,p_z_plus_softmax,,0.0608028335301062,,0.1,0.15,composite,1880.0,0.494855340163258,0.0591397849462365,,,
anoshift_correlated_gaussian,power,adaptive_transfer,2020-2020,far,z_plus_orth,p_z_plus_orth,,0.0572609208972845,,0.1,0.15,composite,1880.0,0.4949029465158497,0.0591397849462365,,,
anoshift_correlated_gaussian,power,adaptive_transfer,2020-2020,far,z_plus,p_z_plus,,0.0444964871194379,,0.1,0.2,composite,1898.0,0.5329517441143844,0.0684210526315789,,,
anoshift_correlated_gaussian,power,adaptive_transfer,2020-2020,far,z_plus_renorm,p_z_plus_renorm,,0.0401653868871825,,0.1,0.2,composite,1880.0,0.5392256886645546,0.0641711229946524,,,
anoshift_correlated_gaussian,power,adaptive_transfer,2020-2020,far,breadth,p_breadth,,0.0128805620608899,,0.1,0.2,composite,1898.0,0.5050212621718231,0.0052631578947368,,,
anoshift_correlated_gaussian,power,adaptive_transfer,2020-2020,far,z_mahalanobis_sq,p_z_mahalanobis_sq,,0.0450819672131147,,0.1,0.2,composite,1898.0,0.5406908665105387,0.0578947368421052,,,
anoshift_correlated_gaussian,power,adaptive_transfer,2020-2020,far,t_iut,p_t_iut,,0.0368852459016393,,0.1,0.2,composite,1898.0,0.5044034265992852,0.0421052631578947,,,
anoshift_correlated_gaussian,power,adaptive_transfer,2020-2020,far,z_plus_softmax,p_z_plus_softmax,,0.0614294152392203,,0.1,0.2,composite,1880.0,0.54493968558803,0.0909090909090909,,,
anoshift_correlated_gaussian,power,adaptive_transfer,2020-2020,far,z_plus_orth,p_z_plus_orth,,0.0567040756054341,,0.1,0.2,composite,1880.0,0.5451355218562751,0.0909090909090909,,,
anoshift_correlated_gaussian,power,adaptive_transfer,2020-2020,far,z_plus,p_z_plus,,0.0450819672131147,,0.1,0.3,composite,1898.0,0.5142980401824233,0.0578947368421052,,,
anoshift_correlated_gaussian,power,adaptive_transfer,2020-2020,far,z_plus_renorm,p_z_plus_renorm,,0.041986989946777,,0.1,0.3,composite,1879.0,0.5204839135850623,0.0425531914893617,,,
anoshift_correlated_gaussian,power,adaptive_transfer,2020-2020,far,breadth,p_breadth,,0.0122950819672131,,0.1,0.3,composite,1898.0,0.4958384691236287,0.0,,,
anoshift_correlated_gaussian,power,adaptive_transfer,2020-2020,far,z_mahalanobis_sq,p_z_mahalanobis_sq,,0.0439110070257611,,0.1,0.3,composite,1898.0,0.5511925305065943,0.0789473684210526,,,
anoshift_correlated_gaussian,power,adaptive_transfer,2020-2020,far,t_iut,p_t_iut,,0.0368852459016393,,0.1,0.3,composite,1898.0,0.4675243436460002,0.0526315789473684,,,
anoshift_correlated_gaussian,power,adaptive_transfer,2020-2020,far,z_plus_softmax,p_z_plus_softmax,,0.0597279716144293,,0.1,0.3,composite,1879.0,0.5191753589088668,0.0851063829787234,,,
anoshift_correlated_gaussian,power,adaptive_transfer,2020-2020,far,z_plus_orth,p_z_plus_orth,,0.054997043169722,,0.1,0.3,composite,1879.0,0.5190180807025933,0.0851063829787234,,,
anoshift_threshold_clustering_m1_v2,power,adaptive_transfer,2020-2020,far,z_plus,p_z_plus,,0.0830059277639922,,0.01,0.05,composite,58032.0,,,,,
anoshift_threshold_clustering_m1_v2,power,adaptive_transfer,2020-2020,far,z_plus_renorm,p_z_plus_renorm,,0.0991819861025595,,0.01,0.05,composite,56845.0,,,,,
anoshift_threshold_clustering_m1_v2,power,adaptive_transfer,2020-2020,far,breadth,p_breadth,,0.0061517783291976,,0.01,0.05,composite,58032.0,,,,,
anoshift_threshold_clustering_m1_v2,power,adaptive_transfer,2020-2020,far,z_mahalanobis_sq,p_z_mahalanobis_sq,,0.1745211964708414,,0.01,0.05,composite,32529.0,,,,,
anoshift_threshold_clustering_m1_v2,power,adaptive_transfer,2020-2020,far,t_iut,p_t_iut,,0.0535049627791563,,0.01,0.05,composite,58032.0,,,,,
anoshift_threshold_clustering_m1_v2,power,adaptive_transfer,2020-2020,far,z_plus_softmax,p_z_plus_softmax,,0.1258509983287888,,0.01,0.05,composite,56845.0,,,,,
anoshift_threshold_clustering_m1_v2,power,adaptive_transfer,2020-2020,far,z_plus_orth,p_z_plus_orth,,0.1084352185768317,,0.01,0.05,composite,56845.0,,,,,
anoshift_threshold_clustering_m1_v2,power,adaptive_transfer,2020-2020,far,z_plus,p_z_plus,,0.0830059277639922,,0.01,0.1,composite,58032.0,,,,,
anoshift_threshold_clustering_m1_v2,power,adaptive_transfer,2020-2020,far,z_plus_renorm,p_z_plus_renorm,,0.0991819861025595,,0.01,0.1,composite,56845.0,,,,,
anoshift_threshold_clustering_m1_v2,power,adaptive_transfer,2020-2020,far,breadth,p_breadth,,0.0061517783291976,,0.01,0.1,composite,58032.0,,,,,
anoshift_threshold_clustering_m1_v2,power,adaptive_transfer,2020-2020,far,z_mahalanobis_sq,p_z_mahalanobis_sq,,0.1745211964708414,,0.01,0.1,composite,32529.0,,,,,
anoshift_threshold_clustering_m1_v2,power,adaptive_transfer,2020-2020,far,t_iut,p_t_iut,,0.0535049627791563,,0.01,0.1,composite,58032.0,,,,,
anoshift_threshold_clustering_m1_v2,power,adaptive_transfer,2020-2020,far,z_plus_softmax,p_z_plus_softmax,,0.1258509983287888,,0.01,0.1,composite,56845.0,,,,,
anoshift_threshold_clustering_m1_v2,power,adaptive_transfer,2020-2020,far,z_plus_orth,p_z_plus_orth,,0.1084352185768317,,0.01,0.1,composite,56845.0,,,,,
anoshift_threshold_clustering_m1_v2,power,adaptive_transfer,2020-2020,far,z_plus,p_z_plus,,0.0830059277639922,,0.01,0.15,composite,58032.0,,,,,
anoshift_threshold_clustering_m1_v2,power,adaptive_transfer,2020-2020,far,z_plus_renorm,p_z_plus_renorm,,0.0991819861025595,,0.01,0.15,composite,56845.0,,,,,
anoshift_threshold_clustering_m1_v2,power,adaptive_transfer,2020-2020,far,breadth,p_breadth,,0.0061517783291976,,0.01,0.15,composite,58032.0,,,,,
anoshift_threshold_clustering_m1_v2,power,adaptive_transfer,2020-2020,far,z_mahalanobis_sq,p_z_mahalanobis_sq,,0.1745211964708414,,0.01,0.15,composite,32529.0,,,,,
anoshift_threshold_clustering_m1_v2,power,adaptive_transfer,2020-2020,far,t_iut,p_t_iut,,0.0535049627791563,,0.01,0.15,composite,58032.0,,,,,
anoshift_threshold_clustering_m1_v2,power,adaptive_transfer,2020-2020,far,z_plus_softmax,p_z_plus_softmax,,0.1258509983287888,,0.01,0.15,composite,56845.0,,,,,
anoshift_threshold_clustering_m1_v2,power,adaptive_transfer,2020-2020,far,z_plus_orth,p_z_plus_orth,,0.1084352185768317,,0.01,0.15,composite,56845.0,,,,,
anoshift_threshold_clustering_m1_v2,power,adaptive_transfer,2020-2020,far,z_plus,p_z_plus,,0.0830059277639922,,0.01,0.2,composite,58032.0,,,,,
anoshift_threshold_clustering_m1_v2,power,adaptive_transfer,2020-2020,far,z_plus_renorm,p_z_plus_renorm,,0.0991819861025595,,0.01,0.2,composite,56845.0,,,,,
anoshift_threshold_clustering_m1_v2,power,adaptive_transfer,2020-2020,far,breadth,p_breadth,,0.0061517783291976,,0.01,0.2,composite,58032.0,,,,,
anoshift_threshold_clustering_m1_v2,power,adaptive_transfer,2020-2020,far,z_mahalanobis_sq,p_z_mahalanobis_sq,,0.1745211964708414,,0.01,0.2,composite,32529.0,,,,,
anoshift_threshold_clustering_m1_v2,power,adaptive_transfer,2020-2020,far,t_iut,p_t_iut,,0.0535049627791563,,0.01,0.2,composite,58032.0,,,,,
anoshift_threshold_clustering_m1_v2,power,adaptive_transfer,2020-2020,far,z_plus_softmax,p_z_plus_softmax,,0.1258509983287888,,0.01,0.2,composite,56845.0,,,,,
anoshift_threshold_clustering_m1_v2,power,adaptive_transfer,2020-2020,far,z_plus_orth,p_z_plus_orth,,0.1084352185768317,,0.01,0.2,composite,56845.0,,,,,
anoshift_threshold_clustering_m1_v2,power,adaptive_transfer,2020-2020,far,z_plus,p_z_plus,,0.0830059277639922,,0.01,0.3,composite,58032.0,,,,,
anoshift_threshold_clustering_m1_v2,power,adaptive_transfer,2020-2020,far,z_plus_renorm,p_z_plus_renorm,,0.0991819861025595,,0.01,0.3,composite,56845.0,,,,,
anoshift_threshold_clustering_m1_v2,power,adaptive_transfer,2020-2020,far,breadth,p_breadth,,0.0061517783291976,,0.01,0.3,composite,58032.0,,,,,
anoshift_threshold_clustering_m1_v2,power,adaptive_transfer,2020-2020,far,z_mahalanobis_sq,p_z_mahalanobis_sq,,0.1745211964708414,,0.01,0.3,composite,32529.0,,,,,
anoshift_threshold_clustering_m1_v2,power,adaptive_transfer,2020-2020,far,t_iut,p_t_iut,,0.0535049627791563,,0.01,0.3,composite,58032.0,,,,,
anoshift_threshold_clustering_m1_v2,power,adaptive_transfer,2020-2020,far,z_plus_softmax,p_z_plus_softmax,,0.1258509983287888,,0.01,0.3,composite,56845.0,,,,,
anoshift_threshold_clustering_m1_v2,power,adaptive_transfer,2020-2020,far,z_plus_orth,p_z_plus_orth,,0.1084352185768317,,0.01,0.3,composite,56845.0,,,,,
anoshift_threshold_clustering_m1_v2,power,adaptive_transfer,2020-2020,far,z_plus,p_z_plus,,0.0830059277639922,,0.05,0.05,composite,58032.0,,,,,
anoshift_threshold_clustering_m1_v2,power,adaptive_transfer,2020-2020,far,z_plus_renorm,p_z_plus_renorm,,0.0991819861025595,,0.05,0.05,composite,56845.0,,,,,
anoshift_threshold_clustering_m1_v2,power,adaptive_transfer,2020-2020,far,breadth,p_breadth,,0.0061517783291976,,0.05,0.05,composite,58032.0,,,,,
anoshift_threshold_clustering_m1_v2,power,adaptive_transfer,2020-2020,far,z_mahalanobis_sq,p_z_mahalanobis_sq,,0.1745211964708414,,0.05,0.05,composite,32529.0,,,,,
anoshift_threshold_clustering_m1_v2,power,adaptive_transfer,2020-2020,far,t_iut,p_t_iut,,0.0535049627791563,,0.05,0.05,composite,58032.0,,,,,
anoshift_threshold_clustering_m1_v2,power,adaptive_transfer,2020-2020,far,z_plus_softmax,p_z_plus_softmax,,0.1258509983287888,,0.05,0.05,composite,56845.0,,,,,
anoshift_threshold_clustering_m1_v2,power,adaptive_transfer,2020-2020,far,z_plus_orth,p_z_plus_orth,,0.1084352185768317,,0.05,0.05,composite,56845.0,,,,,
anoshift_threshold_clustering_m1_v2,power,adaptive_transfer,2020-2020,far,z_plus,p_z_plus,,0.0830059277639922,,0.05,0.1,composite,58032.0,,,,,
anoshift_threshold_clustering_m1_v2,power,adaptive_transfer,2020-2020,far,z_plus_renorm,p_z_plus_renorm,,0.0991819861025595,,0.05,0.1,composite,56845.0,,,,,
anoshift_threshold_clustering_m1_v2,power,adaptive_transfer,2020-2020,far,breadth,p_breadth,,0.0061517783291976,,0.05,0.1,composite,58032.0,,,,,
anoshift_threshold_clustering_m1_v2,power,adaptive_transfer,2020-2020,far,z_mahalanobis_sq,p_z_mahalanobis_sq,,0.1745211964708414,,0.05,0.1,composite,32529.0,,,,,
anoshift_threshold_clustering_m1_v2,power,adaptive_transfer,2020-2020,far,t_iut,p_t_iut,,0.0535049627791563,,0.05,0.1,composite,58032.0,,,,,
anoshift_threshold_clustering_m1_v2,power,adaptive_transfer,2020-2020,far,z_plus_softmax,p_z_plus_softmax,,0.1258509983287888,,0.05,0.1,composite,56845.0,,,,,
anoshift_threshold_clustering_m1_v2,power,adaptive_transfer,2020-2020,far,z_plus_orth,p_z_plus_orth,,0.1084352185768317,,0.05,0.1,composite,56845.0,,,,,
anoshift_threshold_clustering_m1_v2,power,adaptive_transfer,2020-2020,far,z_plus,p_z_plus,,0.0830059277639922,,0.05,0.15,composite,58032.0,,,,,
anoshift_threshold_clustering_m1_v2,power,adaptive_transfer,2020-2020,far,z_plus_renorm,p_z_plus_renorm,,0.0991819861025595,,0.05,0.15,composite,56845.0,,,,,
anoshift_threshold_clustering_m1_v2,power,adaptive_transfer,2020-2020,far,breadth,p_breadth,,0.0061517783291976,,0.05,0.15,composite,58032.0,,,,,
anoshift_threshold_clustering_m1_v2,power,adaptive_transfer,2020-2020,far,z_mahalanobis_sq,p_z_mahalanobis_sq,,0.1745211964708414,,0.05,0.15,composite,32529.0,,,,,
anoshift_threshold_clustering_m1_v2,power,adaptive_transfer,2020-2020,far,t_iut,p_t_iut,,0.0535049627791563,,0.05,0.15,composite,58032.0,,,,,
anoshift_threshold_clustering_m1_v2,power,adaptive_transfer,2020-2020,far,z_plus_softmax,p_z_plus_softmax,,0.1258509983287888,,0.05,0.15,composite,56845.0,,,,,
anoshift_threshold_clustering_m1_v2,power,adaptive_transfer,2020-2020,far,z_plus_orth,p_z_plus_orth,,0.1084352185768317,,0.05,0.15,composite,56845.0,,,,,
anoshift_threshold_clustering_m1_v2,power,adaptive_transfer,2020-2020,far,z_plus,p_z_plus,,0.0830059277639922,,0.05,0.2,composite,58032.0,,,,,
anoshift_threshold_clustering_m1_v2,power,adaptive_transfer,2020-2020,far,z_plus_renorm,p_z_plus_renorm,,0.0991819861025595,,0.05,0.2,composite,56845.0,,,,,
anoshift_threshold_clustering_m1_v2,power,adaptive_transfer,2020-2020,far,breadth,p_breadth,,0.0061517783291976,,0.05,0.2,composite,58032.0,,,,,
anoshift_threshold_clustering_m1_v2,power,adaptive_transfer,2020-2020,far,z_mahalanobis_sq,p_z_mahalanobis_sq,,0.1745211964708414,,0.05,0.2,composite,32529.0,,,,,
anoshift_threshold_clustering_m1_v2,power,adaptive_transfer,2020-2020,far,t_iut,p_t_iut,,0.0535049627791563,,0.05,0.2,composite,58032.0,,,,,
anoshift_threshold_clustering_m1_v2,power,adaptive_transfer,2020-2020,far,z_plus_softmax,p_z_plus_softmax,,0.1258509983287888,,0.05,0.2,composite,56845.0,,,,,
anoshift_threshold_clustering_m1_v2,power,adaptive_transfer,2020-2020,far,z_plus_orth,p_z_plus_orth,,0.1084352185768317,,0.05,0.2,composite,56845.0,,,,,
anoshift_threshold_clustering_m1_v2,power,adaptive_transfer,2020-2020,far,z_plus,p_z_plus,,0.0830059277639922,,0.05,0.3,composite,58032.0,,,,,
anoshift_threshold_clustering_m1_v2,power,adaptive_transfer,2020-2020,far,z_plus_renorm,p_z_plus_renorm,,0.0991819861025595,,0.05,0.3,composite,56845.0,,,,,
anoshift_threshold_clustering_m1_v2,power,adaptive_transfer,2020-2020,far,breadth,p_breadth,,0.0061517783291976,,0.05,0.3,composite,58032.0,,,,,
anoshift_threshold_clustering_m1_v2,power,adaptive_transfer,2020-2020,far,z_mahalanobis_sq,p_z_mahalanobis_sq,,0.1745211964708414,,0.05,0.3,composite,32529.0,,,,,
anoshift_threshold_clustering_m1_v2,power,adaptive_transfer,2020-2020,far,t_iut,p_t_iut,,0.0535049627791563,,0.05,0.3,composite,58032.0,,,,,
anoshift_threshold_clustering_m1_v2,power,adaptive_transfer,2020-2020,far,z_plus_softmax,p_z_plus_softmax,,0.1258509983287888,,0.05,0.3,composite,56845.0,,,,,
anoshift_threshold_clustering_m1_v2,power,adaptive_transfer,2020-2020,far,z_plus_orth,p_z_plus_orth,,0.1084352185768317,,0.05,0.3,composite,56845.0,,,,,
anoshift_threshold_clustering_m1_v2,power,adaptive_transfer,2020-2020,far,z_plus,p_z_plus,,0.0830059277639922,,0.1,0.05,composite,58032.0,,,,,
anoshift_threshold_clustering_m1_v2,power,adaptive_transfer,2020-2020,far,z_plus_renorm,p_z_plus_renorm,,0.0991819861025595,,0.1,0.05,composite,56845.0,,,,,
anoshift_threshold_clustering_m1_v2,power,adaptive_transfer,2020-2020,far,breadth,p_breadth,,0.0061517783291976,,0.1,0.05,composite,58032.0,,,,,
anoshift_threshold_clustering_m1_v2,power,adaptive_transfer,2020-2020,far,z_mahalanobis_sq,p_z_mahalanobis_sq,,0.1745211964708414,,0.1,0.05,composite,32529.0,,,,,
anoshift_threshold_clustering_m1_v2,power,adaptive_transfer,2020-2020,far,t_iut,p_t_iut,,0.0535049627791563,,0.1,0.05,composite,58032.0,,,,,
anoshift_threshold_clustering_m1_v2,power,adaptive_transfer,2020-2020,far,z_plus_softmax,p_z_plus_softmax,,0.1258509983287888,,0.1,0.05,composite,56845.0,,,,,
anoshift_threshold_clustering_m1_v2,power,adaptive_transfer,2020-2020,far,z_plus_orth,p_z_plus_orth,,0.1084352185768317,,0.1,0.05,composite,56845.0,,,,,
anoshift_threshold_clustering_m1_v2,power,adaptive_transfer,2020-2020,far,z_plus,p_z_plus,,0.0830059277639922,,0.1,0.1,composite,58032.0,,,,,
anoshift_threshold_clustering_m1_v2,power,adaptive_transfer,2020-2020,far,z_plus_renorm,p_z_plus_renorm,,0.0991819861025595,,0.1,0.1,composite,56845.0,,,,,
anoshift_threshold_clustering_m1_v2,power,adaptive_transfer,2020-2020,far,breadth,p_breadth,,0.0061517783291976,,0.1,0.1,composite,58032.0,,,,,
anoshift_threshold_clustering_m1_v2,power,adaptive_transfer,2020-2020,far,z_mahalanobis_sq,p_z_mahalanobis_sq,,0.1745211964708414,,0.1,0.1,composite,32529.0,,,,,
anoshift_threshold_clustering_m1_v2,power,adaptive_transfer,2020-2020,far,t_iut,p_t_iut,,0.0535049627791563,,0.1,0.1,composite,58032.0,,,,,
anoshift_threshold_clustering_m1_v2,power,adaptive_transfer,2020-2020,far,z_plus_softmax,p_z_plus_softmax,,0.1258509983287888,,0.1,0.1,composite,56845.0,,,,,
anoshift_threshold_clustering_m1_v2,power,adaptive_transfer,2020-2020,far,z_plus_orth,p_z_plus_orth,,0.1084352185768317,,0.1,0.1,composite,56845.0,,,,,
anoshift_threshold_clustering_m1_v2,power,adaptive_transfer,2020-2020,far,z_plus,p_z_plus,,0.0830059277639922,,0.1,0.15,composite,58032.0,,,,,
anoshift_threshold_clustering_m1_v2,power,adaptive_transfer,2020-2020,far,z_plus_renorm,p_z_plus_renorm,,0.0991819861025595,,0.1,0.15,composite,56845.0,,,,,
anoshift_threshold_clustering_m1_v2,power,adaptive_transfer,2020-2020,far,breadth,p_breadth,,0.0061517783291976,,0.1,0.15,composite,58032.0,,,,,
anoshift_threshold_clustering_m1_v2,power,adaptive_transfer,2020-2020,far,z_mahalanobis_sq,p_z_mahalanobis_sq,,0.1745211964708414,,0.1,0.15,composite,32529.0,,,,,
anoshift_threshold_clustering_m1_v2,power,adaptive_transfer,2020-2020,far,t_iut,p_t_iut,,0.0535049627791563,,0.1,0.15,composite,58032.0,,,,,
anoshift_threshold_clustering_m1_v2,power,adaptive_transfer,2020-2020,far,z_plus_softmax,p_z_plus_softmax,,0.1258509983287888,,0.1,0.15,composite,56845.0,,,,,
anoshift_threshold_clustering_m1_v2,power,adaptive_transfer,2020-2020,far,z_plus_orth,p_z_plus_orth,,0.1084352185768317,,0.1,0.15,composite,56845.0,,,,,
anoshift_threshold_clustering_m1_v2,power,adaptive_transfer,2020-2020,far,z_plus,p_z_plus,,0.0830059277639922,,0.1,0.2,composite,58032.0,,,,,
anoshift_threshold_clustering_m1_v2,power,adaptive_transfer,2020-2020,far,z_plus_renorm,p_z_plus_renorm,,0.0991819861025595,,0.1,0.2,composite,56845.0,,,,,
anoshift_threshold_clustering_m1_v2,power,adaptive_transfer,2020-2020,far,breadth,p_breadth,,0.0061517783291976,,0.1,0.2,composite,58032.0,,,,,
anoshift_threshold_clustering_m1_v2,power,adaptive_transfer,2020-2020,far,z_mahalanobis_sq,p_z_mahalanobis_sq,,0.1745211964708414,,0.1,0.2,composite,32529.0,,,,,
anoshift_threshold_clustering_m1_v2,power,adaptive_transfer,2020-2020,far,t_iut,p_t_iut,,0.0535049627791563,,0.1,0.2,composite,58032.0,,,,,
anoshift_threshold_clustering_m1_v2,power,adaptive_transfer,2020-2020,far,z_plus_softmax,p_z_plus_softmax,,0.1258509983287888,,0.1,0.2,composite,56845.0,,,,,
anoshift_threshold_clustering_m1_v2,power,adaptive_transfer,2020-2020,far,z_plus_orth,p_z_plus_orth,,0.1084352185768317,,0.1,0.2,composite,56845.0,,,,,
anoshift_threshold_clustering_m1_v2,power,adaptive_transfer,2020-2020,far,z_plus,p_z_plus,,0.0830059277639922,,0.1,0.3,composite,58032.0,,,,,
anoshift_threshold_clustering_m1_v2,power,adaptive_transfer,2020-2020,far,z_plus_renorm,p_z_plus_renorm,,0.0991819861025595,,0.1,0.3,composite,56845.0,,,,,
anoshift_threshold_clustering_m1_v2,power,adaptive_transfer,2020-2020,far,breadth,p_breadth,,0.0061517783291976,,0.1,0.3,composite,58032.0,,,,,
anoshift_threshold_clustering_m1_v2,power,adaptive_transfer,2020-2020,far,z_mahalanobis_sq,p_z_mahalanobis_sq,,0.1745211964708414,,0.1,0.3,composite,32529.0,,,,,
anoshift_threshold_clustering_m1_v2,power,adaptive_transfer,2020-2020,far,t_iut,p_t_iut,,0.0535049627791563,,0.1,0.3,composite,58032.0,,,,,
anoshift_threshold_clustering_m1_v2,power,adaptive_transfer,2020-2020,far,z_plus_softmax,p_z_plus_softmax,,0.1258509983287888,,0.1,0.3,composite,56845.0,,,,,
anoshift_threshold_clustering_m1_v2,power,adaptive_transfer,2020-2020,far,z_plus_orth,p_z_plus_orth,,0.1084352185768317,,0.1,0.3,composite,56845.0,,,,,
anoshift,calibration_diagnostic,adaptive_transfer,2022-2022,,,,,,,,,,,,,388.0,30.0,candidate_scored
anoshift,calibration_diagnostic,adaptive_transfer,2022-2022,,,,,,,,,,,,,388.0,30.0,selected
anoshift,fpr,adaptive_transfer,2022-2022,near,z_plus,p_z_plus,629.0,0.0524642289348171,,,,,,,,,,
anoshift,fpr,adaptive_transfer,2022-2022,near,z_plus_renorm,p_z_plus_renorm,623.0,0.081081081081081,,,,,,,,,,
anoshift,fpr,adaptive_transfer,2022-2022,near,breadth,p_breadth,629.0,0.0111287758346581,,,,,,,,,,
anoshift,fpr,adaptive_transfer,2022-2022,near,z_mahalanobis_sq,p_z_mahalanobis_sq,437.0,0.0365659777424483,,,,,,,,,,
anoshift,fpr,adaptive_transfer,2022-2022,near,t_iut,p_t_iut,629.0,0.0365659777424483,,,,,,,,,,
anoshift,fpr,adaptive_transfer,2022-2022,near,z_plus_softmax,p_z_plus_softmax,623.0,0.0747217806041335,,,,,,,,,,
anoshift,fpr,adaptive_transfer,2022-2022,near,z_plus_orth,p_z_plus_orth,623.0,0.068362480127186,,,,,,,,,,
anoshift,fpr,adaptive_transfer,2022-2022,far,z_plus,p_z_plus,2512.0,0.0521496815286624,,,,,,,,,,
anoshift,fpr,adaptive_transfer,2022-2022,far,z_plus_renorm,p_z_plus_renorm,2482.0,0.0625,,,,,,,,,,
anoshift,fpr,adaptive_transfer,2022-2022,far,breadth,p_breadth,2512.0,0.0087579617834394,,,,,,,,,,
anoshift,fpr,adaptive_transfer,2022-2022,far,z_mahalanobis_sq,p_z_mahalanobis_sq,1898.0,0.0342356687898089,,,,,,,,,,
anoshift,fpr,adaptive_transfer,2022-2022,far,t_iut,p_t_iut,2512.0,0.0433917197452229,,,,,,,,,,
anoshift,fpr,adaptive_transfer,2022-2022,far,z_plus_softmax,p_z_plus_softmax,2482.0,0.0804140127388535,,,,,,,,,,
anoshift,fpr,adaptive_transfer,2022-2022,far,z_plus_orth,p_z_plus_orth,2482.0,0.0752388535031847,,,,,,,,,,
anoshift_yearly,annual_fpr,adaptive_transfer,2022-2022,,z_mahalanobis_sq,p_z_mahalanobis_sq,214.0,0.0303030303030303,2016.0,,,,,,,,,
anoshift_yearly,annual_fpr,adaptive_transfer,2022-2022,,z_mahalanobis_sq,p_z_mahalanobis_sq,223.0,0.0421686746987951,2017.0,,,,,,,,,
anoshift_yearly,annual_fpr,adaptive_transfer,2022-2022,,z_mahalanobis_sq,p_z_mahalanobis_sq,250.0,0.0339943342776204,2018.0,,,,,,,,,
anoshift_yearly,annual_fpr,adaptive_transfer,2022-2022,,z_mahalanobis_sq,p_z_mahalanobis_sq,256.0,0.0218579234972677,2019.0,,,,,,,,,
anoshift_yearly,annual_fpr,adaptive_transfer,2022-2022,,z_mahalanobis_sq,p_z_mahalanobis_sq,279.0,0.0381679389312977,2020.0,,,,,,,,,
anoshift_yearly,annual_fpr,adaptive_transfer,2022-2022,,z_mahalanobis_sq,p_z_mahalanobis_sq,331.0,0.0420353982300885,2021.0,,,,,,,,,
anoshift_yearly,annual_fpr,adaptive_transfer,2022-2022,,z_mahalanobis_sq,p_z_mahalanobis_sq,388.0,0.0285171102661596,2022.0,,,,,,,,,
anoshift_yearly,annual_fpr,adaptive_transfer,2022-2022,,z_mahalanobis_sq,p_z_mahalanobis_sq,437.0,0.0341726618705036,2023.0,,,,,,,,,
anoshift_yearly,annual_fpr,adaptive_transfer,2022-2022,,z_mahalanobis_sq,p_z_mahalanobis_sq,461.0,0.0308747855917667,2024.0,,,,,,,,,
anoshift_yearly,annual_fpr,adaptive_transfer,2022-2022,,z_mahalanobis_sq,p_z_mahalanobis_sq,2.0,0.0,2025.0,,,,,,,,,
anoshift_correlated_gaussian,power,adaptive_transfer,2022-2022,near,z_plus,p_z_plus,,0.0323325635103926,,0.01,0.05,composite,437.0,0.6801385681293303,0.0,,,
anoshift_correlated_gaussian,power,adaptive_transfer,2022-2022,near,z_plus_renorm,p_z_plus_renorm,,0.0395348837209302,,0.01,0.05,composite,434.0,0.7412790697674418,0.0,,,
anoshift_correlated_gaussian,power,adaptive_transfer,2022-2022,near,breadth,p_breadth,,0.0161662817551963,,0.01,0.05,composite,437.0,0.5427251732101617,0.0,,,
anoshift_correlated_gaussian,power,adaptive_transfer,2022-2022,near,z_mahalanobis_sq,p_z_mahalanobis_sq,,0.0531177829099307,,0.01,0.05,composite,437.0,0.8394919168591224,0.0,,,
anoshift_correlated_gaussian,power,adaptive_transfer,2022-2022,near,t_iut,p_t_iut,,0.0323325635103926,,0.01,0.05,composite,437.0,0.3897228637413394,0.0,,,
anoshift_correlated_gaussian,power,adaptive_transfer,2022-2022,near,z_plus_softmax,p_z_plus_softmax,,0.055813953488372,,0.01,0.05,composite,434.0,0.7069767441860465,0.0,,,
anoshift_correlated_gaussian,power,adaptive_transfer,2022-2022,near,z_plus_orth,p_z_plus_orth,,0.0511627906976744,,0.01,0.05,composite,434.0,0.6970930232558139,0.0,,,
anoshift_correlated_gaussian,power,adaptive_transfer,2022-2022,near,z_plus,p_z_plus,,0.0323325635103926,,0.01,0.1,composite,437.0,0.3227482678983833,0.0,,,
anoshift_correlated_gaussian,power,adaptive_transfer,2022-2022,near,z_plus_renorm,p_z_plus_renorm,,0.0395348837209302,,0.01,0.1,composite,434.0,0.3808139534883721,0.0,,,
anoshift_correlated_gaussian,power,adaptive_transfer,2022-2022,near,breadth,p_breadth,,0.0161662817551963,,0.01,0.1,composite,437.0,0.2915704387990762,0.0,,,
anoshift_correlated_gaussian,power,adaptive_transfer,2022-2022,near,z_mahalanobis_sq,p_z_mahalanobis_sq,,0.0531177829099307,,0.01,0.1,composite,437.0,0.2563510392609699,0.0,,,
anoshift_correlated_gaussian,power,adaptive_transfer,2022-2022,near,t_iut,p_t_iut,,0.0323325635103926,,0.01,0.1,composite,437.0,0.716512702078522,0.0,,,
anoshift_correlated_gaussian,power,adaptive_transfer,2022-2022,near,z_plus_softmax,p_z_plus_softmax,,0.055813953488372,,0.01,0.1,composite,434.0,0.3575581395348837,0.0,,,
anoshift_correlated_gaussian,power,adaptive_transfer,2022-2022,near,z_plus_orth,p_z_plus_orth,,0.0511627906976744,,0.01,0.1,composite,434.0,0.3686046511627907,0.0,,,
anoshift_correlated_gaussian,power,adaptive_transfer,2022-2022,near,z_plus,p_z_plus,,0.0323325635103926,,0.01,0.15,composite,437.0,0.4162817551963049,0.0,,,
anoshift_correlated_gaussian,power,adaptive_transfer,2022-2022,near,z_plus_renorm,p_z_plus_renorm,,0.0395348837209302,,0.01,0.15,composite,434.0,0.4901162790697674,0.0,,,
anoshift_correlated_gaussian,power,adaptive_transfer,2022-2022,near,breadth,p_breadth,,0.0161662817551963,,0.01,0.15,composite,437.0,0.3464203233256351,0.0,,,
anoshift_correlated_gaussian,power,adaptive_transfer,2022-2022,near,z_mahalanobis_sq,p_z_mahalanobis_sq,,0.0531177829099307,,0.01,0.15,composite,437.0,0.6062355658198615,0.0,,,
anoshift_correlated_gaussian,power,adaptive_transfer,2022-2022,near,t_iut,p_t_iut,,0.0323325635103926,,0.01,0.15,composite,437.0,0.3412240184757505,0.0,,,
anoshift_correlated_gaussian,power,adaptive_transfer,2022-2022,near,z_plus_softmax,p_z_plus_softmax,,0.055813953488372,,0.01,0.15,composite,434.0,0.5127906976744186,0.0,,,
anoshift_correlated_gaussian,power,adaptive_transfer,2022-2022,near,z_plus_orth,p_z_plus_orth,,0.0511627906976744,,0.01,0.15,composite,434.0,0.5122093023255814,0.0,,,
anoshift_correlated_gaussian,power,adaptive_transfer,2022-2022,near,z_plus,p_z_plus,,0.0323325635103926,,0.01,0.2,composite,437.0,0.523094688221709,0.0,,,
anoshift_correlated_gaussian,power,adaptive_transfer,2022-2022,near,z_plus_renorm,p_z_plus_renorm,,0.0395348837209302,,0.01,0.2,composite,434.0,0.5220930232558139,0.0,,,
anoshift_correlated_gaussian,power,adaptive_transfer,2022-2022,near,breadth,p_breadth,,0.0161662817551963,,0.01,0.2,composite,437.0,0.555715935334873,0.0,,,
anoshift_correlated_gaussian,power,adaptive_transfer,2022-2022,near,z_mahalanobis_sq,p_z_mahalanobis_sq,,0.0531177829099307,,0.01,0.2,composite,437.0,0.2072748267898383,0.0,,,
anoshift_correlated_gaussian,power,adaptive_transfer,2022-2022,near,t_iut,p_t_iut,,0.0323325635103926,,0.01,0.2,composite,437.0,0.6968822170900693,0.0,,,
anoshift_correlated_gaussian,power,adaptive_transfer,2022-2022,near,z_plus_softmax,p_z_plus_softmax,,0.055813953488372,,0.01,0.2,composite,434.0,0.536046511627907,0.0,,,
anoshift_correlated_gaussian,power,adaptive_transfer,2022-2022,near,z_plus_orth,p_z_plus_orth,,0.0511627906976744,,0.01,0.2,composite,434.0,0.5441860465116279,0.0,,,
anoshift_correlated_gaussian,power,adaptive_transfer,2022-2022,near,z_plus,p_z_plus,,0.0323325635103926,,0.01,0.3,composite,437.0,0.4209006928406467,0.0,,,
anoshift_correlated_gaussian,power,adaptive_transfer,2022-2022,near,z_plus_renorm,p_z_plus_renorm,,0.0395348837209302,,0.01,0.3,composite,434.0,0.4406976744186046,0.0,,,
anoshift_correlated_gaussian,power,adaptive_transfer,2022-2022,near,breadth,p_breadth,,0.0161662817551963,,0.01,0.3,composite,437.0,0.4191685912240185,0.0,,,
anoshift_correlated_gaussian,power,adaptive_transfer,2022-2022,near,z_mahalanobis_sq,p_z_mahalanobis_sq,,0.0531177829099307,,0.01,0.3,composite,437.0,0.3903002309468822,0.0,,,
anoshift_correlated_gaussian,power,adaptive_transfer,2022-2022,near,t_iut,p_t_iut,,0.0323325635103926,,0.01,0.3,composite,437.0,0.5,0.0,,,
anoshift_correlated_gaussian,power,adaptive_transfer,2022-2022,near,z_plus_softmax,p_z_plus_softmax,,0.055813953488372,,0.01,0.3,composite,434.0,0.4104651162790698,0.0,,,
anoshift_correlated_gaussian,power,adaptive_transfer,2022-2022,near,z_plus_orth,p_z_plus_orth,,0.0511627906976744,,0.01,0.3,composite,434.0,0.4174418604651163,0.0,,,
anoshift_correlated_gaussian,power,adaptive_transfer,2022-2022,near,z_plus,p_z_plus,,0.0337349397590361,,0.05,0.05,composite,437.0,0.4944140197152245,0.0,,,
anoshift_correlated_gaussian,power,adaptive_transfer,2022-2022,near,z_plus_renorm,p_z_plus_renorm,,0.0412621359223301,,0.05,0.05,composite,434.0,0.5005516328331863,0.0,,,
anoshift_correlated_gaussian,power,adaptive_transfer,2022-2022,near,breadth,p_breadth,,0.016867469879518,,0.05,0.05,composite,437.0,0.4929901423877327,0.0,,,
anoshift_correlated_gaussian,power,adaptive_transfer,2022-2022,near,z_mahalanobis_sq,p_z_mahalanobis_sq,,0.0554216867469879,,0.05,0.05,composite,437.0,0.492552026286966,0.0,,,
anoshift_correlated_gaussian,power,adaptive_transfer,2022-2022,near,t_iut,p_t_iut,,0.0337349397590361,,0.05,0.05,composite,437.0,0.4319824753559694,0.0,,,
anoshift_correlated_gaussian,power,adaptive_transfer,2022-2022,near,z_plus_softmax,p_z_plus_softmax,,0.0558252427184466,,0.05,0.05,composite,434.0,0.4586275375110327,0.0,,,
anoshift_correlated_gaussian,power,adaptive_transfer,2022-2022,near,z_plus_orth,p_z_plus_orth,,0.0509708737864077,,0.05,0.05,composite,434.0,0.4600617828773168,0.0,,,
anoshift_correlated_gaussian,power,adaptive_transfer,2022-2022,near,z_plus,p_z_plus,,0.0337349397590361,,0.05,0.1,composite,437.0,0.3065717415115006,0.0,,,
anoshift_correlated_gaussian,power,adaptive_transfer,2022-2022,near,z_plus_renorm,p_z_plus_renorm,,0.0412621359223301,,0.05,0.1,composite,434.0,0.3539276257722859,0.0,,,
anoshift_correlated_gaussian,power,adaptive_transfer,2022-2022,near,breadth,p_breadth,,0.016867469879518,,0.05,0.1,composite,437.0,0.3668127053669222,0.0,,,
anoshift_correlated_gaussian,power,adaptive_transfer,2022-2022,near,z_mahalanobis_sq,p_z_mahalanobis_sq,,0.0554216867469879,,0.05,0.1,composite,437.0,0.4676889375684556,0.0,,,
anoshift_correlated_gaussian,power,adaptive_transfer,2022-2022,near,t_iut,p_t_iut,,0.0337349397590361,,0.05,0.1,composite,437.0,0.3880613362541073,0.0,,,
anoshift_correlated_gaussian,power,adaptive_transfer,2022-2022,near,z_plus_softmax,p_z_plus_softmax,,0.0558252427184466,,0.05,0.1,composite,434.0,0.3513901147396293,0.0454545454545454,,,
anoshift_correlated_gaussian,power,adaptive_transfer,2022-2022,near,z_plus_orth,p_z_plus_orth,,0.0509708737864077,,0.05,0.1,composite,434.0,0.3501765225066196,0.0454545454545454,,,
anoshift_correlated_gaussian,power,adaptive_transfer,2022-2022,near,z_plus,p_z_plus,,0.0313253012048192,,0.05,0.15,composite,437.0,0.5180722891566265,0.0454545454545454,,,
anoshift_correlated_gaussian,power,adaptive_transfer,2022-2022,near,z_plus_renorm,p_z_plus_renorm,,0.0315533980582524,,0.05,0.15,composite,434.0,0.536297440423654,0.0454545454545454,,,
anoshift_correlated_gaussian,power,adaptive_transfer,2022-2022,near,breadth,p_breadth,,0.016867469879518,,0.05,0.15,composite,437.0,0.48986856516977,0.0,,,
anoshift_correlated_gaussian,power,adaptive_transfer,2022-2022,near,z_mahalanobis_sq,p_z_mahalanobis_sq,,0.053012048192771,,0.05,0.15,composite,437.0,0.643592552026287,0.0454545454545454,,,
anoshift_correlated_gaussian,power,adaptive_transfer,2022-2022,near,t_iut,p_t_iut,,0.0337349397590361,,0.05,0.15,composite,437.0,0.4325301204819276,0.0,,,
anoshift_correlated_gaussian,power,adaptive_transfer,2022-2022,near,z_plus_softmax,p_z_plus_softmax,,0.0558252427184466,,0.05,0.15,composite,434.0,0.5057369814651368,0.0909090909090909,,,
anoshift_correlated_gaussian,power,adaptive_transfer,2022-2022,near,z_plus_orth,p_z_plus_orth,,0.0509708737864077,,0.05,0.15,composite,434.0,0.5090467784642543,0.0909090909090909,,,
anoshift_correlated_gaussian,power,adaptive_transfer,2022-2022,near,z_plus,p_z_plus,,0.0313253012048192,,0.05,0.2,composite,437.0,0.5027382256297919,0.0454545454545454,,,
anoshift_correlated_gaussian,power,adaptive_transfer,2022-2022,near,z_plus_renorm,p_z_plus_renorm,,0.0388349514563106,,0.05,0.2,composite,434.0,0.5193071491615181,0.0454545454545454,,,
anoshift_correlated_gaussian,power,adaptive_transfer,2022-2022,near,breadth,p_breadth,,0.016867469879518,,0.05,0.2,composite,437.0,0.5019167579408543,0.0,,,
anoshift_correlated_gaussian,power,adaptive_transfer,2022-2022,near,z_mahalanobis_sq,p_z_mahalanobis_sq,,0.0506024096385542,,0.05,0.2,composite,437.0,0.5372398685651698,0.0909090909090909,,,
anoshift_correlated_gaussian,power,adaptive_transfer,2022-2022,near,t_iut,p_t_iut,,0.0337349397590361,,0.05,0.2,composite,437.0,0.4891566265060241,0.0,,,
anoshift_correlated_gaussian,power,adaptive_transfer,2022-2022,near,z_plus_softmax,p_z_plus_softmax,,0.058252427184466,,0.05,0.2,composite,434.0,0.5281332744924978,0.0454545454545454,,,
anoshift_correlated_gaussian,power,adaptive_transfer,2022-2022,near,z_plus_orth,p_z_plus_orth,,0.0533980582524271,,0.05,0.2,composite,434.0,0.5246028243601059,0.0454545454545454,,,
anoshift_correlated_gaussian,power,adaptive_transfer,2022-2022,near,z_plus,p_z_plus,,0.0289156626506024,,0.05,0.3,composite,437.0,0.4443592552026287,0.0909090909090909,,,
anoshift_correlated_gaussian,power,adaptive_transfer,2022-2022,near,z_plus_renorm,p_z_plus_renorm,,0.0388349514563106,,0.05,0.3,composite,434.0,0.4589585172109444,0.0909090909090909,,,
anoshift_correlated_gaussian,power,adaptive_transfer,2022-2022,near,breadth,p_breadth,,0.016867469879518,,0.05,0.3,composite,437.0,0.4574479737130339,0.0,,,
anoshift_correlated_gaussian,power,adaptive_transfer,2022-2022,near,z_mahalanobis_sq,p_z_mahalanobis_sq,,0.0506024096385542,,0.05,0.3,composite,437.0,0.5204819277108433,0.1363636363636363,,,
anoshift_correlated_gaussian,power,adaptive_transfer,2022-2022,near,t_iut,p_t_iut,,0.0337349397590361,,0.05,0.3,composite,437.0,0.4189485213581599,0.0,,,
anoshift_correlated_gaussian,power,adaptive_transfer,2022-2022,near,z_plus_softmax,p_z_plus_softmax,,0.058252427184466,,0.05,0.3,composite,434.0,0.4346866725507502,0.0454545454545454,,,
anoshift_correlated_gaussian,power,adaptive_transfer,2022-2022,near,z_plus_orth,p_z_plus_orth,,0.0533980582524271,,0.05,0.3,composite,434.0,0.4370035304501323,0.0454545454545454,,,
anoshift_correlated_gaussian,power,adaptive_transfer,2022-2022,near,z_plus,p_z_plus,,0.0305343511450381,,0.1,0.05,composite,437.0,0.5735021975479991,0.0454545454545454,,,
anoshift_correlated_gaussian,power,adaptive_transfer,2022-2022,near,z_plus_renorm,p_z_plus_renorm,,0.0358974358974358,,0.1,0.05,composite,434.0,0.5720862470862471,0.0681818181818181,,,
anoshift_correlated_gaussian,power,adaptive_transfer,2022-2022,near,breadth,p_breadth,,0.015267175572519,,0.1,0.05,composite,437.0,0.5208477908859588,0.0227272727272727,,,
anoshift_correlated_gaussian,power,adaptive_transfer,2022-2022,near,z_mahalanobis_sq,p_z_mahalanobis_sq,,0.0483460559796437,,0.1,0.05,composite,437.0,0.5801526717557252,0.0909090909090909,,,
anoshift_correlated_gaussian,power,adaptive_transfer,2022-2022,near,t_iut,p_t_iut,,0.0305343511450381,,0.1,0.05,composite,437.0,0.4719523479065463,0.0454545454545454,,,
anoshift_correlated_gaussian,power,adaptive_transfer,2022-2022,near,z_plus_softmax,p_z_plus_softmax,,0.0512820512820512,,0.1,0.05,composite,434.0,0.5734265734265734,0.0681818181818181,,,
anoshift_correlated_gaussian,power,adaptive_transfer,2022-2022,near,z_plus_orth,p_z_plus_orth,,0.0461538461538461,,0.1,0.05,composite,434.0,0.5712703962703963,0.0681818181818181,,,
anoshift_correlated_gaussian,power,adaptive_transfer,2022-2022,near,z_plus,p_z_plus,,0.0305343511450381,,0.1,0.1,composite,437.0,0.4744968771686328,0.0681818181818181,,,
anoshift_correlated_gaussian,power,adaptive_transfer,2022-2022,near,z_plus_renorm,p_z_plus_renorm,,0.0383631713554987,,0.1,0.1,composite,434.0,0.4741569023969547,0.0232558139534883,,,
anoshift_correlated_gaussian,power,adaptive_transfer,2022-2022,near,breadth,p_breadth,,0.0178117048346055,,0.1,0.1,composite,437.0,0.5121732593106638,0.0,,,
anoshift_correlated_gaussian,power,adaptive_transfer,2022-2022,near,z_mahalanobis_sq,p_z_mahalanobis_sq,,0.0508905852417302,,0.1,0.1,composite,437.0,0.4624103631737219,0.0681818181818181,,,
anoshift_correlated_gaussian,power,adaptive_transfer,2022-2022,near,t_iut,p_t_iut,,0.0330788804071246,,0.1,0.1,composite,437.0,0.4769257460097154,0.0227272727272727,,,
anoshift_correlated_gaussian,power,adaptive_transfer,2022-2022,near,z_plus_softmax,p_z_plus_softmax,,0.0537084398976982,,0.1,0.1,composite,434.0,0.4833164812942366,0.0697674418604651,,,
anoshift_correlated_gaussian,power,adaptive_transfer,2022-2022,near,z_plus_orth,p_z_plus_orth,,0.0511508951406649,,0.1,0.1,composite,434.0,0.4800452031166359,0.0697674418604651,,,
anoshift_correlated_gaussian,power,adaptive_transfer,2022-2022,near,z_plus,p_z_plus,,0.0356234096692111,,0.1,0.15,composite,437.0,0.4389891279204256,0.0,,,
anoshift_correlated_gaussian,power,adaptive_transfer,2022-2022,near,z_plus_renorm,p_z_plus_renorm,,0.0384615384615384,,0.1,0.15,composite,434.0,0.4352564102564102,0.0227272727272727,,,
anoshift_correlated_gaussian,power,adaptive_transfer,2022-2022,near,breadth,p_breadth,,0.0178117048346055,,0.1,0.15,composite,437.0,0.4838364561647005,0.0,,,
anoshift_correlated_gaussian,power,adaptive_transfer,2022-2022,near,z_mahalanobis_sq,p_z_mahalanobis_sq,,0.0559796437659033,,0.1,0.15,composite,437.0,0.479296784640296,0.0227272727272727,,,
anoshift_correlated_gaussian,power,adaptive_transfer,2022-2022,near,t_iut,p_t_iut,,0.0356234096692111,,0.1,0.15,composite,437.0,0.4572634744390469,0.0,,,
anoshift_correlated_gaussian,power,adaptive_transfer,2022-2022,near,z_plus_softmax,p_z_plus_softmax,,0.0589743589743589,,0.1,0.15,composite,434.0,0.4382867132867133,0.0227272727272727,,,
anoshift_correlated_gaussian,power,adaptive_transfer,2022-2022,near,z_plus_orth,p_z_plus_orth,,0.0538461538461538,,0.1,0.15,composite,434.0,0.4375874125874126,0.0227272727272727,,,
anoshift_correlated_gaussian,power,adaptive_transfer,2022-2022,near,z_plus,p_z_plus,,0.0330788804071246,,0.1,0.2,composite,437.0,0.4744968771686328,0.0454545454545454,,,
anoshift_correlated_gaussian,power,adaptive_transfer,2022-2022,near,z_plus_renorm,p_z_plus_renorm,,0.0435897435897435,,0.1,0.2,composite,434.0,0.4866550116550116,0.0454545454545454,,,
anoshift_correlated_gaussian,power,adaptive_transfer,2022-2022,near,breadth,p_breadth,,0.0178117048346055,,0.1,0.2,composite,437.0,0.448560027758501,0.0227272727272727,,,
anoshift_correlated_gaussian,power,adaptive_transfer,2022-2022,near,z_mahalanobis_sq,p_z_mahalanobis_sq,,0.0559796437659033,,0.1,0.2,composite,437.0,0.5057251908396946,0.0227272727272727,,,
anoshift_correlated_gaussian,power,adaptive_transfer,2022-2022,near,t_iut,p_t_iut,,0.0305343511450381,,0.1,0.2,composite,437.0,0.4956627342123525,0.0454545454545454,,,
anoshift_correlated_gaussian,power,adaptive_transfer,2022-2022,near,z_plus_softmax,p_z_plus_softmax,,0.0538461538461538,,0.1,0.2,composite,434.0,0.4701631701631702,0.0681818181818181,,,
anoshift_correlated_gaussian,power,adaptive_transfer,2022-2022,near,z_plus_orth,p_z_plus_orth,,0.0512820512820512,,0.1,0.2,composite,434.0,0.4699300699300699,0.0681818181818181,,,
anoshift_correlated_gaussian,power,adaptive_transfer,2022-2022,near,z_plus,p_z_plus,,0.0356234096692111,,0.1,0.3,composite,437.0,0.4808582003238492,0.0,,,
anoshift_correlated_gaussian,power,adaptive_transfer,2022-2022,near,z_plus_renorm,p_z_plus_renorm,,0.0434782608695652,,0.1,0.3,composite,434.0,0.4765954915838934,0.0232558139534883,,,
anoshift_correlated_gaussian,power,adaptive_transfer,2022-2022,near,breadth,p_breadth,,0.0127226463104325,,0.1,0.3,composite,437.0,0.479614850798057,0.0454545454545454,,,
anoshift_correlated_gaussian,power,adaptive_transfer,2022-2022,near,z_mahalanobis_sq,p_z_mahalanobis_sq,,0.0559796437659033,,0.1,0.3,composite,437.0,0.5560953041869072,0.0,,,
anoshift_correlated_gaussian,power,adaptive_transfer,2022-2022,near,t_iut,p_t_iut,,0.0279898218829516,,0.1,0.3,composite,437.0,0.4769835762202175,0.0681818181818181,,,
anoshift_correlated_gaussian,power,adaptive_transfer,2022-2022,near,z_plus_softmax,p_z_plus_softmax,,0.0511508951406649,,0.1,0.3,composite,434.0,0.4840302147148039,0.0465116279069767,,,
anoshift_correlated_gaussian,power,adaptive_transfer,2022-2022,near,z_plus_orth,p_z_plus_orth,,0.0460358056265984,,0.1,0.3,composite,434.0,0.4818295366680545,0.0465116279069767,,,
anoshift_threshold_clustering_m1_v2,power,adaptive_transfer,2022-2022,near,z_plus,p_z_plus,,0.0830059277639922,,0.01,0.05,composite,58032.0,,,,,
anoshift_threshold_clustering_m1_v2,power,adaptive_transfer,2022-2022,near,z_plus_renorm,p_z_plus_renorm,,0.0991819861025595,,0.01,0.05,composite,56845.0,,,,,
anoshift_threshold_clustering_m1_v2,power,adaptive_transfer,2022-2022,near,breadth,p_breadth,,0.0061517783291976,,0.01,0.05,composite,58032.0,,,,,
anoshift_threshold_clustering_m1_v2,power,adaptive_transfer,2022-2022,near,z_mahalanobis_sq,p_z_mahalanobis_sq,,0.1745211964708414,,0.01,0.05,composite,32529.0,,,,,
anoshift_threshold_clustering_m1_v2,power,adaptive_transfer,2022-2022,near,t_iut,p_t_iut,,0.0535049627791563,,0.01,0.05,composite,58032.0,,,,,
anoshift_threshold_clustering_m1_v2,power,adaptive_transfer,2022-2022,near,z_plus_softmax,p_z_plus_softmax,,0.1258509983287888,,0.01,0.05,composite,56845.0,,,,,
anoshift_threshold_clustering_m1_v2,power,adaptive_transfer,2022-2022,near,z_plus_orth,p_z_plus_orth,,0.1084352185768317,,0.01,0.05,composite,56845.0,,,,,
anoshift_threshold_clustering_m1_v2,power,adaptive_transfer,2022-2022,near,z_plus,p_z_plus,,0.0830059277639922,,0.01,0.1,composite,58032.0,,,,,
anoshift_threshold_clustering_m1_v2,power,adaptive_transfer,2022-2022,near,z_plus_renorm,p_z_plus_renorm,,0.0991819861025595,,0.01,0.1,composite,56845.0,,,,,
anoshift_threshold_clustering_m1_v2,power,adaptive_transfer,2022-2022,near,breadth,p_breadth,,0.0061517783291976,,0.01,0.1,composite,58032.0,,,,,
anoshift_threshold_clustering_m1_v2,power,adaptive_transfer,2022-2022,near,z_mahalanobis_sq,p_z_mahalanobis_sq,,0.1745211964708414,,0.01,0.1,composite,32529.0,,,,,
anoshift_threshold_clustering_m1_v2,power,adaptive_transfer,2022-2022,near,t_iut,p_t_iut,,0.0535049627791563,,0.01,0.1,composite,58032.0,,,,,
anoshift_threshold_clustering_m1_v2,power,adaptive_transfer,2022-2022,near,z_plus_softmax,p_z_plus_softmax,,0.1258509983287888,,0.01,0.1,composite,56845.0,,,,,
anoshift_threshold_clustering_m1_v2,power,adaptive_transfer,2022-2022,near,z_plus_orth,p_z_plus_orth,,0.1084352185768317,,0.01,0.1,composite,56845.0,,,,,
anoshift_threshold_clustering_m1_v2,power,adaptive_transfer,2022-2022,near,z_plus,p_z_plus,,0.0830059277639922,,0.01,0.15,composite,58032.0,,,,,
anoshift_threshold_clustering_m1_v2,power,adaptive_transfer,2022-2022,near,z_plus_renorm,p_z_plus_renorm,,0.0991819861025595,,0.01,0.15,composite,56845.0,,,,,
anoshift_threshold_clustering_m1_v2,power,adaptive_transfer,2022-2022,near,breadth,p_breadth,,0.0061517783291976,,0.01,0.15,composite,58032.0,,,,,
anoshift_threshold_clustering_m1_v2,power,adaptive_transfer,2022-2022,near,z_mahalanobis_sq,p_z_mahalanobis_sq,,0.1745211964708414,,0.01,0.15,composite,32529.0,,,,,
anoshift_threshold_clustering_m1_v2,power,adaptive_transfer,2022-2022,near,t_iut,p_t_iut,,0.0535049627791563,,0.01,0.15,composite,58032.0,,,,,
anoshift_threshold_clustering_m1_v2,power,adaptive_transfer,2022-2022,near,z_plus_softmax,p_z_plus_softmax,,0.1258509983287888,,0.01,0.15,composite,56845.0,,,,,
anoshift_threshold_clustering_m1_v2,power,adaptive_transfer,2022-2022,near,z_plus_orth,p_z_plus_orth,,0.1084352185768317,,0.01,0.15,composite,56845.0,,,,,
anoshift_threshold_clustering_m1_v2,power,adaptive_transfer,2022-2022,near,z_plus,p_z_plus,,0.0830059277639922,,0.01,0.2,composite,58032.0,,,,,
anoshift_threshold_clustering_m1_v2,power,adaptive_transfer,2022-2022,near,z_plus_renorm,p_z_plus_renorm,,0.0991819861025595,,0.01,0.2,composite,56845.0,,,,,
anoshift_threshold_clustering_m1_v2,power,adaptive_transfer,2022-2022,near,breadth,p_breadth,,0.0061517783291976,,0.01,0.2,composite,58032.0,,,,,
anoshift_threshold_clustering_m1_v2,power,adaptive_transfer,2022-2022,near,z_mahalanobis_sq,p_z_mahalanobis_sq,,0.1745211964708414,,0.01,0.2,composite,32529.0,,,,,
anoshift_threshold_clustering_m1_v2,power,adaptive_transfer,2022-2022,near,t_iut,p_t_iut,,0.0535049627791563,,0.01,0.2,composite,58032.0,,,,,
anoshift_threshold_clustering_m1_v2,power,adaptive_transfer,2022-2022,near,z_plus_softmax,p_z_plus_softmax,,0.1258509983287888,,0.01,0.2,composite,56845.0,,,,,
anoshift_threshold_clustering_m1_v2,power,adaptive_transfer,2022-2022,near,z_plus_orth,p_z_plus_orth,,0.1084352185768317,,0.01,0.2,composite,56845.0,,,,,
anoshift_threshold_clustering_m1_v2,power,adaptive_transfer,2022-2022,near,z_plus,p_z_plus,,0.0830059277639922,,0.01,0.3,composite,58032.0,,,,,
anoshift_threshold_clustering_m1_v2,power,adaptive_transfer,2022-2022,near,z_plus_renorm,p_z_plus_renorm,,0.0991819861025595,,0.01,0.3,composite,56845.0,,,,,
anoshift_threshold_clustering_m1_v2,power,adaptive_transfer,2022-2022,near,breadth,p_breadth,,0.0061517783291976,,0.01,0.3,composite,58032.0,,,,,
anoshift_threshold_clustering_m1_v2,power,adaptive_transfer,2022-2022,near,z_mahalanobis_sq,p_z_mahalanobis_sq,,0.1745211964708414,,0.01,0.3,composite,32529.0,,,,,
anoshift_threshold_clustering_m1_v2,power,adaptive_transfer,2022-2022,near,t_iut,p_t_iut,,0.0535049627791563,,0.01,0.3,composite,58032.0,,,,,
anoshift_threshold_clustering_m1_v2,power,adaptive_transfer,2022-2022,near,z_plus_softmax,p_z_plus_softmax,,0.1258509983287888,,0.01,0.3,composite,56845.0,,,,,
anoshift_threshold_clustering_m1_v2,power,adaptive_transfer,2022-2022,near,z_plus_orth,p_z_plus_orth,,0.1084352185768317,,0.01,0.3,composite,56845.0,,,,,
anoshift_threshold_clustering_m1_v2,power,adaptive_transfer,2022-2022,near,z_plus,p_z_plus,,0.0830059277639922,,0.05,0.05,composite,58032.0,,,,,
anoshift_threshold_clustering_m1_v2,power,adaptive_transfer,2022-2022,near,z_plus_renorm,p_z_plus_renorm,,0.0991819861025595,,0.05,0.05,composite,56845.0,,,,,
anoshift_threshold_clustering_m1_v2,power,adaptive_transfer,2022-2022,near,breadth,p_breadth,,0.0061517783291976,,0.05,0.05,composite,58032.0,,,,,
anoshift_threshold_clustering_m1_v2,power,adaptive_transfer,2022-2022,near,z_mahalanobis_sq,p_z_mahalanobis_sq,,0.1745211964708414,,0.05,0.05,composite,32529.0,,,,,
anoshift_threshold_clustering_m1_v2,power,adaptive_transfer,2022-2022,near,t_iut,p_t_iut,,0.0535049627791563,,0.05,0.05,composite,58032.0,,,,,
anoshift_threshold_clustering_m1_v2,power,adaptive_transfer,2022-2022,near,z_plus_softmax,p_z_plus_softmax,,0.1258509983287888,,0.05,0.05,composite,56845.0,,,,,
anoshift_threshold_clustering_m1_v2,power,adaptive_transfer,2022-2022,near,z_plus_orth,p_z_plus_orth,,0.1084352185768317,,0.05,0.05,composite,56845.0,,,,,
anoshift_threshold_clustering_m1_v2,power,adaptive_transfer,2022-2022,near,z_plus,p_z_plus,,0.0830059277639922,,0.05,0.1,composite,58032.0,,,,,
anoshift_threshold_clustering_m1_v2,power,adaptive_transfer,2022-2022,near,z_plus_renorm,p_z_plus_renorm,,0.0991819861025595,,0.05,0.1,composite,56845.0,,,,,
anoshift_threshold_clustering_m1_v2,power,adaptive_transfer,2022-2022,near,breadth,p_breadth,,0.0061517783291976,,0.05,0.1,composite,58032.0,,,,,
anoshift_threshold_clustering_m1_v2,power,adaptive_transfer,2022-2022,near,z_mahalanobis_sq,p_z_mahalanobis_sq,,0.1745211964708414,,0.05,0.1,composite,32529.0,,,,,
anoshift_threshold_clustering_m1_v2,power,adaptive_transfer,2022-2022,near,t_iut,p_t_iut,,0.0535049627791563,,0.05,0.1,composite,58032.0,,,,,
anoshift_threshold_clustering_m1_v2,power,adaptive_transfer,2022-2022,near,z_plus_softmax,p_z_plus_softmax,,0.1258509983287888,,0.05,0.1,composite,56845.0,,,,,
anoshift_threshold_clustering_m1_v2,power,adaptive_transfer,2022-2022,near,z_plus_orth,p_z_plus_orth,,0.1084352185768317,,0.05,0.1,composite,56845.0,,,,,
anoshift_threshold_clustering_m1_v2,power,adaptive_transfer,2022-2022,near,z_plus,p_z_plus,,0.0830059277639922,,0.05,0.15,composite,58032.0,,,,,
anoshift_threshold_clustering_m1_v2,power,adaptive_transfer,2022-2022,near,z_plus_renorm,p_z_plus_renorm,,0.0991819861025595,,0.05,0.15,composite,56845.0,,,,,
anoshift_threshold_clustering_m1_v2,power,adaptive_transfer,2022-2022,near,breadth,p_breadth,,0.0061517783291976,,0.05,0.15,composite,58032.0,,,,,
anoshift_threshold_clustering_m1_v2,power,adaptive_transfer,2022-2022,near,z_mahalanobis_sq,p_z_mahalanobis_sq,,0.1745211964708414,,0.05,0.15,composite,32529.0,,,,,
anoshift_threshold_clustering_m1_v2,power,adaptive_transfer,2022-2022,near,t_iut,p_t_iut,,0.0535049627791563,,0.05,0.15,composite,58032.0,,,,,
anoshift_threshold_clustering_m1_v2,power,adaptive_transfer,2022-2022,near,z_plus_softmax,p_z_plus_softmax,,0.1258509983287888,,0.05,0.15,composite,56845.0,,,,,
anoshift_threshold_clustering_m1_v2,power,adaptive_transfer,2022-2022,near,z_plus_orth,p_z_plus_orth,,0.1084352185768317,,0.05,0.15,composite,56845.0,,,,,
anoshift_threshold_clustering_m1_v2,power,adaptive_transfer,2022-2022,near,z_plus,p_z_plus,,0.0830059277639922,,0.05,0.2,composite,58032.0,,,,,
anoshift_threshold_clustering_m1_v2,power,adaptive_transfer,2022-2022,near,z_plus_renorm,p_z_plus_renorm,,0.0991819861025595,,0.05,0.2,composite,56845.0,,,,,
anoshift_threshold_clustering_m1_v2,power,adaptive_transfer,2022-2022,near,breadth,p_breadth,,0.0061517783291976,,0.05,0.2,composite,58032.0,,,,,
anoshift_threshold_clustering_m1_v2,power,adaptive_transfer,2022-2022,near,z_mahalanobis_sq,p_z_mahalanobis_sq,,0.1745211964708414,,0.05,0.2,composite,32529.0,,,,,
anoshift_threshold_clustering_m1_v2,power,adaptive_transfer,2022-2022,near,t_iut,p_t_iut,,0.0535049627791563,,0.05,0.2,composite,58032.0,,,,,
anoshift_threshold_clustering_m1_v2,power,adaptive_transfer,2022-2022,near,z_plus_softmax,p_z_plus_softmax,,0.1258509983287888,,0.05,0.2,composite,56845.0,,,,,
anoshift_threshold_clustering_m1_v2,power,adaptive_transfer,2022-2022,near,z_plus_orth,p_z_plus_orth,,0.1084352185768317,,0.05,0.2,composite,56845.0,,,,,
anoshift_threshold_clustering_m1_v2,power,adaptive_transfer,2022-2022,near,z_plus,p_z_plus,,0.0830059277639922,,0.05,0.3,composite,58032.0,,,,,
anoshift_threshold_clustering_m1_v2,power,adaptive_transfer,2022-2022,near,z_plus_renorm,p_z_plus_renorm,,0.0991819861025595,,0.05,0.3,composite,56845.0,,,,,
anoshift_threshold_clustering_m1_v2,power,adaptive_transfer,2022-2022,near,breadth,p_breadth,,0.0061517783291976,,0.05,0.3,composite,58032.0,,,,,
anoshift_threshold_clustering_m1_v2,power,adaptive_transfer,2022-2022,near,z_mahalanobis_sq,p_z_mahalanobis_sq,,0.1745211964708414,,0.05,0.3,composite,32529.0,,,,,
anoshift_threshold_clustering_m1_v2,power,adaptive_transfer,2022-2022,near,t_iut,p_t_iut,,0.0535049627791563,,0.05,0.3,composite,58032.0,,,,,
anoshift_threshold_clustering_m1_v2,power,adaptive_transfer,2022-2022,near,z_plus_softmax,p_z_plus_softmax,,0.1258509983287888,,0.05,0.3,composite,56845.0,,,,,
anoshift_threshold_clustering_m1_v2,power,adaptive_transfer,2022-2022,near,z_plus_orth,p_z_plus_orth,,0.1084352185768317,,0.05,0.3,composite,56845.0,,,,,
anoshift_threshold_clustering_m1_v2,power,adaptive_transfer,2022-2022,near,z_plus,p_z_plus,,0.0830059277639922,,0.1,0.05,composite,58032.0,,,,,
anoshift_threshold_clustering_m1_v2,power,adaptive_transfer,2022-2022,near,z_plus_renorm,p_z_plus_renorm,,0.0991819861025595,,0.1,0.05,composite,56845.0,,,,,
anoshift_threshold_clustering_m1_v2,power,adaptive_transfer,2022-2022,near,breadth,p_breadth,,0.0061517783291976,,0.1,0.05,composite,58032.0,,,,,
anoshift_threshold_clustering_m1_v2,power,adaptive_transfer,2022-2022,near,z_mahalanobis_sq,p_z_mahalanobis_sq,,0.1745211964708414,,0.1,0.05,composite,32529.0,,,,,
anoshift_threshold_clustering_m1_v2,power,adaptive_transfer,2022-2022,near,t_iut,p_t_iut,,0.0535049627791563,,0.1,0.05,composite,58032.0,,,,,
anoshift_threshold_clustering_m1_v2,power,adaptive_transfer,2022-2022,near,z_plus_softmax,p_z_plus_softmax,,0.1258509983287888,,0.1,0.05,composite,56845.0,,,,,
anoshift_threshold_clustering_m1_v2,power,adaptive_transfer,2022-2022,near,z_plus_orth,p_z_plus_orth,,0.1084352185768317,,0.1,0.05,composite,56845.0,,,,,
anoshift_threshold_clustering_m1_v2,power,adaptive_transfer,2022-2022,near,z_plus,p_z_plus,,0.0830059277639922,,0.1,0.1,composite,58032.0,,,,,
anoshift_threshold_clustering_m1_v2,power,adaptive_transfer,2022-2022,near,z_plus_renorm,p_z_plus_renorm,,0.0991819861025595,,0.1,0.1,composite,56845.0,,,,,
anoshift_threshold_clustering_m1_v2,power,adaptive_transfer,2022-2022,near,breadth,p_breadth,,0.0061517783291976,,0.1,0.1,composite,58032.0,,,,,
anoshift_threshold_clustering_m1_v2,power,adaptive_transfer,2022-2022,near,z_mahalanobis_sq,p_z_mahalanobis_sq,,0.1745211964708414,,0.1,0.1,composite,32529.0,,,,,
anoshift_threshold_clustering_m1_v2,power,adaptive_transfer,2022-2022,near,t_iut,p_t_iut,,0.0535049627791563,,0.1,0.1,composite,58032.0,,,,,
anoshift_threshold_clustering_m1_v2,power,adaptive_transfer,2022-2022,near,z_plus_softmax,p_z_plus_softmax,,0.1258509983287888,,0.1,0.1,composite,56845.0,,,,,
anoshift_threshold_clustering_m1_v2,power,adaptive_transfer,2022-2022,near,z_plus_orth,p_z_plus_orth,,0.1084352185768317,,0.1,0.1,composite,56845.0,,,,,
anoshift_threshold_clustering_m1_v2,power,adaptive_transfer,2022-2022,near,z_plus,p_z_plus,,0.0830059277639922,,0.1,0.15,composite,58032.0,,,,,
anoshift_threshold_clustering_m1_v2,power,adaptive_transfer,2022-2022,near,z_plus_renorm,p_z_plus_renorm,,0.0991819861025595,,0.1,0.15,composite,56845.0,,,,,
anoshift_threshold_clustering_m1_v2,power,adaptive_transfer,2022-2022,near,breadth,p_breadth,,0.0061517783291976,,0.1,0.15,composite,58032.0,,,,,
anoshift_threshold_clustering_m1_v2,power,adaptive_transfer,2022-2022,near,z_mahalanobis_sq,p_z_mahalanobis_sq,,0.1745211964708414,,0.1,0.15,composite,32529.0,,,,,
anoshift_threshold_clustering_m1_v2,power,adaptive_transfer,2022-2022,near,t_iut,p_t_iut,,0.0535049627791563,,0.1,0.15,composite,58032.0,,,,,
anoshift_threshold_clustering_m1_v2,power,adaptive_transfer,2022-2022,near,z_plus_softmax,p_z_plus_softmax,,0.1258509983287888,,0.1,0.15,composite,56845.0,,,,,
anoshift_threshold_clustering_m1_v2,power,adaptive_transfer,2022-2022,near,z_plus_orth,p_z_plus_orth,,0.1084352185768317,,0.1,0.15,composite,56845.0,,,,,
anoshift_threshold_clustering_m1_v2,power,adaptive_transfer,2022-2022,near,z_plus,p_z_plus,,0.0830059277639922,,0.1,0.2,composite,58032.0,,,,,
anoshift_threshold_clustering_m1_v2,power,adaptive_transfer,2022-2022,near,z_plus_renorm,p_z_plus_renorm,,0.0991819861025595,,0.1,0.2,composite,56845.0,,,,,
anoshift_threshold_clustering_m1_v2,power,adaptive_transfer,2022-2022,near,breadth,p_breadth,,0.0061517783291976,,0.1,0.2,composite,58032.0,,,,,
anoshift_threshold_clustering_m1_v2,power,adaptive_transfer,2022-2022,near,z_mahalanobis_sq,p_z_mahalanobis_sq,,0.1745211964708414,,0.1,0.2,composite,32529.0,,,,,
anoshift_threshold_clustering_m1_v2,power,adaptive_transfer,2022-2022,near,t_iut,p_t_iut,,0.0535049627791563,,0.1,0.2,composite,58032.0,,,,,
anoshift_threshold_clustering_m1_v2,power,adaptive_transfer,2022-2022,near,z_plus_softmax,p_z_plus_softmax,,0.1258509983287888,,0.1,0.2,composite,56845.0,,,,,
anoshift_threshold_clustering_m1_v2,power,adaptive_transfer,2022-2022,near,z_plus_orth,p_z_plus_orth,,0.1084352185768317,,0.1,0.2,composite,56845.0,,,,,
anoshift_threshold_clustering_m1_v2,power,adaptive_transfer,2022-2022,near,z_plus,p_z_plus,,0.0830059277639922,,0.1,0.3,composite,58032.0,,,,,
anoshift_threshold_clustering_m1_v2,power,adaptive_transfer,2022-2022,near,z_plus_renorm,p_z_plus_renorm,,0.0991819861025595,,0.1,0.3,composite,56845.0,,,,,
anoshift_threshold_clustering_m1_v2,power,adaptive_transfer,2022-2022,near,breadth,p_breadth,,0.0061517783291976,,0.1,0.3,composite,58032.0,,,,,
anoshift_threshold_clustering_m1_v2,power,adaptive_transfer,2022-2022,near,z_mahalanobis_sq,p_z_mahalanobis_sq,,0.1745211964708414,,0.1,0.3,composite,32529.0,,,,,
anoshift_threshold_clustering_m1_v2,power,adaptive_transfer,2022-2022,near,t_iut,p_t_iut,,0.0535049627791563,,0.1,0.3,composite,58032.0,,,,,
anoshift_threshold_clustering_m1_v2,power,adaptive_transfer,2022-2022,near,z_plus_softmax,p_z_plus_softmax,,0.1258509983287888,,0.1,0.3,composite,56845.0,,,,,
anoshift_threshold_clustering_m1_v2,power,adaptive_transfer,2022-2022,near,z_plus_orth,p_z_plus_orth,,0.1084352185768317,,0.1,0.3,composite,56845.0,,,,,
anoshift_correlated_gaussian,power,adaptive_transfer,2022-2022,far,z_plus,p_z_plus,,0.0452368281000532,,0.01,0.05,composite,1898.0,0.5446626144925913,0.0526315789473684,,,
anoshift_correlated_gaussian,power,adaptive_transfer,2022-2022,far,z_plus_renorm,p_z_plus_renorm,,0.0418904403866809,,0.01,0.05,composite,1881.0,0.540703261914184,0.0,,,
anoshift_correlated_gaussian,power,adaptive_transfer,2022-2022,far,breadth,p_breadth,,0.011708355508249,,0.01,0.05,composite,1898.0,0.4920170303352847,0.0,,,
anoshift_correlated_gaussian,power,adaptive_transfer,2022-2022,far,z_mahalanobis_sq,p_z_mahalanobis_sq,,0.0452368281000532,,0.01,0.05,composite,1898.0,0.4911066916893084,0.0526315789473684,,,
anoshift_correlated_gaussian,power,adaptive_transfer,2022-2022,far,t_iut,p_t_iut,,0.0356572645023948,,0.01,0.05,composite,1898.0,0.4921430772247275,0.0,,,
anoshift_correlated_gaussian,power,adaptive_transfer,2022-2022,far,z_plus_softmax,p_z_plus_softmax,,0.0596133190118152,,0.01,0.05,composite,1881.0,0.5173836847758493,0.1052631578947368,,,
anoshift_correlated_gaussian,power,adaptive_transfer,2022-2022,far,z_plus_orth,p_z_plus_orth,,0.0558539205155746,,0.01,0.05,composite,1881.0,0.5145570693651422,0.1052631578947368,,,
anoshift_correlated_gaussian,power,adaptive_transfer,2022-2022,far,z_plus,p_z_plus,,0.0457690260777009,,0.01,0.1,composite,1898.0,0.4781658777065068,0.0,,,
anoshift_correlated_gaussian,power,adaptive_transfer,2022-2022,far,z_plus_renorm,p_z_plus_renorm,,0.0418904403866809,,0.01,0.1,composite,1881.0,0.4991237492226807,0.0,,,
anoshift_correlated_gaussian,power,adaptive_transfer,2022-2022,far,breadth,p_breadth,,0.011708355508249,,0.01,0.1,composite,1898.0,0.4549172292092658,0.0,,,
anoshift_correlated_gaussian,power,adaptive_transfer,2022-2022,far,z_mahalanobis_sq,p_z_mahalanobis_sq,,0.0457690260777009,,0.01,0.1,composite,1898.0,0.5700680653202992,0.0,,,
anoshift_correlated_gaussian,power,adaptive_transfer,2022-2022,far,t_iut,p_t_iut,,0.0356572645023948,,0.01,0.1,composite,1898.0,0.4229573401305285,0.0,,,
anoshift_correlated_gaussian,power,adaptive_transfer,2022-2022,far,z_plus_softmax,p_z_plus_softmax,,0.0612244897959183,,0.01,0.1,composite,1881.0,0.4821357906043304,0.0,,,
anoshift_correlated_gaussian,power,adaptive_transfer,2022-2022,far,z_plus_orth,p_z_plus_orth,,0.0574650912996777,,0.01,0.1,composite,1881.0,0.4809203459777262,0.0,,,
anoshift_correlated_gaussian,power,adaptive_transfer,2022-2022,far,z_plus,p_z_plus,,0.0452368281000532,,0.01,0.15,composite,1898.0,0.546357244895101,0.0,,,
anoshift_correlated_gaussian,power,adaptive_transfer,2022-2022,far,z_plus_renorm,p_z_plus_renorm,,0.0413533834586466,,0.01,0.15,composite,1880.0,0.530671917889963,0.0555555555555555,,,
anoshift_correlated_gaussian,power,adaptive_transfer,2022-2022,far,breadth,p_breadth,,0.011708355508249,,0.01,0.15,composite,1898.0,0.5879667236211871,0.0,,,
anoshift_correlated_gaussian,power,adaptive_transfer,2022-2022,far,z_mahalanobis_sq,p_z_mahalanobis_sq,,0.0447046301224055,,0.01,0.15,composite,1898.0,0.5786952746421669,0.1052631578947368,,,
anoshift_correlated_gaussian,power,adaptive_transfer,2022-2022,far,t_iut,p_t_iut,,0.0351250665247472,,0.01,0.15,composite,1898.0,0.481667180191031,0.0526315789473684,,,
anoshift_correlated_gaussian,power,adaptive_transfer,2022-2022,far,z_plus_softmax,p_z_plus_softmax,,0.0612244897959183,,0.01,0.15,composite,1880.0,0.5441580140828262,0.1111111111111111,,,
anoshift_correlated_gaussian,power,adaptive_transfer,2022-2022,far,z_plus_orth,p_z_plus_orth,,0.0569280343716433,,0.01,0.15,composite,1880.0,0.5400405776345626,0.1111111111111111,,,
anoshift_correlated_gaussian,power,adaptive_transfer,2022-2022,far,z_plus,p_z_plus,,0.0457690260777009,,0.01,0.2,composite,1898.0,0.4164589227192515,0.0,,,
anoshift_correlated_gaussian,power,adaptive_transfer,2022-2022,far,z_plus_renorm,p_z_plus_renorm,,0.0413533834586466,,0.01,0.2,composite,1881.0,0.3731980326756741,0.1052631578947368,,,
anoshift_correlated_gaussian,power,adaptive_transfer,2022-2022,far,breadth,p_breadth,,0.011708355508249,,0.01,0.2,composite,1898.0,0.4587126411024901,0.0,,,
anoshift_correlated_gaussian,power,adaptive_transfer,2022-2022,far,z_mahalanobis_sq,p_z_mahalanobis_sq,,0.0452368281000532,,0.01,0.2,composite,1898.0,0.4226492255118904,0.0526315789473684,,,
anoshift_correlated_gaussian,power,adaptive_transfer,2022-2022,far,t_iut,p_t_iut,,0.0356572645023948,,0.01,0.2,composite,1898.0,0.407439567519117,0.0526315789473684,,,
anoshift_correlated_gaussian,power,adaptive_transfer,2022-2022,far,z_plus_softmax,p_z_plus_softmax,,0.0617615467239527,,0.01,0.2,composite,1881.0,0.3773531573294137,0.0526315789473684,,,
anoshift_correlated_gaussian,power,adaptive_transfer,2022-2022,far,z_plus_orth,p_z_plus_orth,,0.0580021482277121,,0.01,0.2,composite,1881.0,0.3792469896545876,0.0526315789473684,,,
anoshift_correlated_gaussian,power,adaptive_transfer,2022-2022,far,z_plus,p_z_plus,,0.0441724321447578,,0.01,0.3,composite,1898.0,0.4944959524943279,0.1578947368421052,,,
anoshift_correlated_gaussian,power,adaptive_transfer,2022-2022,far,z_plus_renorm,p_z_plus_renorm,,0.0418904403866809,,0.01,0.3,composite,1881.0,0.449884108768161,0.0526315789473684,,,
anoshift_correlated_gaussian,power,adaptive_transfer,2022-2022,far,breadth,p_breadth,,0.011708355508249,,0.01,0.3,composite,1898.0,0.5731632167166185,0.0526315789473684,,,
anoshift_correlated_gaussian,power,adaptive_transfer,2022-2022,far,z_mahalanobis_sq,p_z_mahalanobis_sq,,0.0452368281000532,,0.01,0.3,composite,1898.0,0.5410772807484383,0.0526315789473684,,,
anoshift_correlated_gaussian,power,adaptive_transfer,2022-2022,far,t_iut,p_t_iut,,0.0356572645023948,,0.01,0.3,composite,1898.0,0.4396795607966163,0.1052631578947368,,,
anoshift_correlated_gaussian,power,adaptive_transfer,2022-2022,far,z_plus_softmax,p_z_plus_softmax,,0.0612244897959183,,0.01,0.3,composite,1881.0,0.4770196167109503,0.1578947368421052,,,
anoshift_correlated_gaussian,power,adaptive_transfer,2022-2022,far,z_plus_orth,p_z_plus_orth,,0.0574650912996777,,0.01,0.3,composite,1881.0,0.4811182090564758,0.1578947368421052,,,
anoshift_correlated_gaussian,power,adaptive_transfer,2022-2022,far,z_plus,p_z_plus,,0.045479755962285,,0.05,0.05,composite,1898.0,0.5008115129754502,0.0421052631578947,,,
anoshift_correlated_gaussian,power,adaptive_transfer,2022-2022,far,z_plus_renorm,p_z_plus_renorm,,0.0413870246085011,,0.05,0.05,composite,1882.0,0.5249952401351802,0.0531914893617021,,,
anoshift_correlated_gaussian,power,adaptive_transfer,2022-2022,far,breadth,p_breadth,,0.0116472545757071,,0.05,0.05,composite,1898.0,0.4693230580611262,0.0105263157894736,,,
anoshift_correlated_gaussian,power,adaptive_transfer,2022-2022,far,z_mahalanobis_sq,p_z_mahalanobis_sq,,0.0465890183028286,,0.05,0.05,composite,1898.0,0.5074174621245293,0.0210526315789473,,,
anoshift_correlated_gaussian,power,adaptive_transfer,2022-2022,far,t_iut,p_t_iut,,0.0354963948973932,,0.05,0.05,composite,1898.0,0.5361823860816768,0.031578947368421,,,
anoshift_correlated_gaussian,power,adaptive_transfer,2022-2022,far,z_plus_softmax,p_z_plus_softmax,,0.0631991051454138,,0.05,0.05,composite,1882.0,0.5121971536008377,0.0425531914893617,,,
anoshift_correlated_gaussian,power,adaptive_transfer,2022-2022,far,z_plus_orth,p_z_plus_orth,,0.0592841163310962,,0.05,0.05,composite,1882.0,0.5126433909276977,0.0319148936170212,,,
anoshift_correlated_gaussian,power,adaptive_transfer,2022-2022,far,z_plus,p_z_plus,,0.0460343871325568,,0.05,0.1,composite,1898.0,0.4965291765186677,0.0526315789473684,,,
anoshift_correlated_gaussian,power,adaptive_transfer,2022-2022,far,z_plus_renorm,p_z_plus_renorm,,0.0391498881431767,,0.05,0.1,composite,1881.0,0.5206634432657382,0.075268817204301,,,
anoshift_correlated_gaussian,power,adaptive_transfer,2022-2022,far,breadth,p_breadth,,0.0122018857459789,,0.05,0.1,composite,1898.0,0.4958402662229617,0.0,,,
anoshift_correlated_gaussian,power,adaptive_transfer,2022-2022,far,z_mahalanobis_sq,p_z_mahalanobis_sq,,0.0460343871325568,,0.05,0.1,composite,1898.0,0.5120238199492074,0.031578947368421,,,
anoshift_correlated_gaussian,power,adaptive_transfer,2022-2022,far,t_iut,p_t_iut,,0.0349417637271214,,0.05,0.1,composite,1898.0,0.5021688997869048,0.031578947368421,,,
anoshift_correlated_gaussian,power,adaptive_transfer,2022-2022,far,z_plus_softmax,p_z_plus_softmax,,0.0609619686800894,,0.05,0.1,composite,1881.0,0.5105181496716461,0.053763440860215,,,
anoshift_correlated_gaussian,power,adaptive_transfer,2022-2022,far,z_plus_orth,p_z_plus_orth,,0.058165548098434,,0.05,0.1,composite,1881.0,0.5084253445911813,0.053763440860215,,,
anoshift_correlated_gaussian,power,adaptive_transfer,2022-2022,far,z_plus,p_z_plus,,0.0427066001109262,,0.05,0.15,composite,1898.0,0.5115917914586801,0.0947368421052631,,,
anoshift_correlated_gaussian,power,adaptive_transfer,2022-2022,far,z_plus_renorm,p_z_plus_renorm,,0.0414333706606942,,0.05,0.15,composite,1881.0,0.5171332586786114,0.0736842105263157,,,
anoshift_correlated_gaussian,power,adaptive_transfer,2022-2022,far,breadth,p_breadth,,0.0122018857459789,,0.05,0.15,composite,1898.0,0.4920308258166214,0.0105263157894736,,,
anoshift_correlated_gaussian,power,adaptive_transfer,2022-2022,far,z_mahalanobis_sq,p_z_mahalanobis_sq,,0.0427066001109262,,0.05,0.15,composite,1898.0,0.5626587266835975,0.0947368421052631,,,
anoshift_correlated_gaussian,power,adaptive_transfer,2022-2022,far,t_iut,p_t_iut,,0.036051026067665,,0.05,0.15,composite,1898.0,0.4135330005546311,0.031578947368421,,,
anoshift_correlated_gaussian,power,adaptive_transfer,2022-2022,far,z_plus_softmax,p_z_plus_softmax,,0.0615901455767077,,0.05,0.15,composite,1881.0,0.5193080686037602,0.0947368421052631,,,
anoshift_correlated_gaussian,power,adaptive_transfer,2022-2022,far,z_plus_orth,p_z_plus_orth,,0.0565509518477043,,0.05,0.15,composite,1881.0,0.5199033417811045,0.0947368421052631,,,
anoshift_correlated_gaussian,power,adaptive_transfer,2022-2022,far,z_plus,p_z_plus,,0.0449251247920133,,0.05,0.2,composite,1898.0,0.5677613334500977,0.0631578947368421,,,
anoshift_correlated_gaussian,power,adaptive_transfer,2022-2022,far,z_plus_renorm,p_z_plus_renorm,,0.0425293788472299,,0.05,0.2,composite,1881.0,0.5609663170177047,0.0212765957446808,,,
anoshift_correlated_gaussian,power,adaptive_transfer,2022-2022,far,breadth,p_breadth,,0.0116472545757071,,0.05,0.2,composite,1898.0,0.5379776396065038,0.0,,,
anoshift_correlated_gaussian,power,adaptive_transfer,2022-2022,far,z_mahalanobis_sq,p_z_mahalanobis_sq,,0.0460343871325568,,0.05,0.2,composite,1898.0,0.5293925329129813,0.0421052631578947,,,
anoshift_correlated_gaussian,power,adaptive_transfer,2022-2022,far,t_iut,p_t_iut,,0.0349417637271214,,0.05,0.2,composite,1898.0,0.5432933415068454,0.0631578947368421,,,
anoshift_correlated_gaussian,power,adaptive_transfer,2022-2022,far,z_plus_softmax,p_z_plus_softmax,,0.0604364857302742,,0.05,0.2,composite,1881.0,0.5503042065032325,0.0851063829787234,,,
anoshift_correlated_gaussian,power,adaptive_transfer,2022-2022,far,z_plus_orth,p_z_plus_orth,,0.0576385002797985,,0.05,0.2,composite,1881.0,0.5496731714867422,0.0851063829787234,,,
anoshift_correlated_gaussian,power,adaptive_transfer,2022-2022,far,z_plus,p_z_plus,,0.0449251247920133,,0.05,0.3,composite,1898.0,0.5941851300464138,0.0631578947368421,,,
anoshift_correlated_gaussian,power,adaptive_transfer,2022-2022,far,z_plus_renorm,p_z_plus_renorm,,0.0402909904868494,,0.05,0.3,composite,1882.0,0.5742762053426795,0.0526315789473684,,,
anoshift_correlated_gaussian,power,adaptive_transfer,2022-2022,far,breadth,p_breadth,,0.0110926234054353,,0.05,0.3,composite,1898.0,0.5633067694193887,0.0105263157894736,,,
anoshift_correlated_gaussian,power,adaptive_transfer,2022-2022,far,z_mahalanobis_sq,p_z_mahalanobis_sq,,0.0449251247920133,,0.05,0.3,composite,1898.0,0.5524184838135272,0.0947368421052631,,,
anoshift_correlated_gaussian,power,adaptive_transfer,2022-2022,far,t_iut,p_t_iut,,0.0332778702163061,,0.05,0.3,composite,1898.0,0.528248241235368,0.0947368421052631,,,
anoshift_correlated_gaussian,power,adaptive_transfer,2022-2022,far,z_plus_softmax,p_z_plus_softmax,,0.059876888640179,,0.05,0.3,composite,1882.0,0.5662592407151061,0.0842105263157894,,,
anoshift_correlated_gaussian,power,adaptive_transfer,2022-2022,far,z_plus_orth,p_z_plus_orth,,0.0565193060996082,,0.05,0.3,composite,1882.0,0.5652990899184166,0.0842105263157894,,,
anoshift_correlated_gaussian,power,adaptive_transfer,2022-2022,far,z_plus,p_z_plus,,0.0439110070257611,,0.1,0.05,composite,1898.0,0.4669588931344756,0.0578947368421052,,,
anoshift_correlated_gaussian,power,adaptive_transfer,2022-2022,far,z_plus_renorm,p_z_plus_renorm,,0.0419373892498523,,0.1,0.05,composite,1880.0,0.4705408555518003,0.0427807486631016,,,
anoshift_correlated_gaussian,power,adaptive_transfer,2022-2022,far,breadth,p_breadth,,0.0117096018735363,,0.1,0.05,composite,1898.0,0.4686521631948724,0.0105263157894736,,,
anoshift_correlated_gaussian,power,adaptive_transfer,2022-2022,far,z_mahalanobis_sq,p_z_mahalanobis_sq,,0.0450819672131147,,0.1,0.05,composite,1898.0,0.4774189572291384,0.0526315789473684,,,
anoshift_correlated_gaussian,power,adaptive_transfer,2022-2022,far,t_iut,p_t_iut,,0.0362997658079625,,0.1,0.05,composite,1898.0,0.4778780968815481,0.0263157894736842,,,
anoshift_correlated_gaussian,power,adaptive_transfer,2022-2022,far,z_plus_softmax,p_z_plus_softmax,,0.0602480803307737,,0.1,0.05,composite,1880.0,0.4732794046577445,0.053475935828877,,,
anoshift_correlated_gaussian,power,adaptive_transfer,2022-2022,far,z_plus_orth,p_z_plus_orth,,0.0572947430596574,,0.1,0.05,composite,1880.0,0.4722812714195918,0.053475935828877,,,
anoshift_correlated_gaussian,power,adaptive_transfer,2022-2022,far,z_plus,p_z_plus,,0.0450819672131147,,0.1,0.1,composite,1898.0,0.5449155676075434,0.0578947368421052,,,
anoshift_correlated_gaussian,power,adaptive_transfer,2022-2022,far,z_plus_renorm,p_z_plus_renorm,,0.0395981087470449,,0.1,0.1,composite,1881.0,0.5446233129448259,0.0582010582010582,,,
anoshift_correlated_gaussian,power,adaptive_transfer,2022-2022,far,breadth,p_breadth,,0.0122950819672131,,0.1,0.1,composite,1898.0,0.5186121040305682,0.0052631578947368,,,
anoshift_correlated_gaussian,power,adaptive_transfer,2022-2022,far,z_mahalanobis_sq,p_z_mahalanobis_sq,,0.0427400468384074,,0.1,0.1,composite,1898.0,0.539495254529767,0.0631578947368421,,,
anoshift_correlated_gaussian,power,adaptive_transfer,2022-2022,far,t_iut,p_t_iut,,0.0380562060889929,,0.1,0.1,composite,1898.0,0.5017040552200173,0.031578947368421,,,
anoshift_correlated_gaussian,power,adaptive_transfer,2022-2022,far,z_plus_softmax,p_z_plus_softmax,,0.0614657210401891,,0.1,0.1,composite,1881.0,0.5429941085969454,0.0687830687830687,,,
anoshift_correlated_gaussian,power,adaptive_transfer,2022-2022,far,z_plus_orth,p_z_plus_orth,,0.0579196217494089,,0.1,0.1,composite,1881.0,0.5430941748908652,0.0634920634920634,,,
anoshift_correlated_gaussian,power,adaptive_transfer,2022-2022,far,z_plus,p_z_plus,,0.0462529274004683,,0.1,0.15,composite,1898.0,0.4788610871440897,0.031578947368421,,,
anoshift_correlated_gaussian,power,adaptive_transfer,2022-2022,far,z_plus_renorm,p_z_plus_renorm,,0.0425029515938606,,0.1,0.15,composite,1880.0,0.4859973848243643,0.0376344086021505,,,
anoshift_correlated_gaussian,power,adaptive_transfer,2022-2022,far,breadth,p_breadth,,0.0117096018735363,,0.1,0.15,composite,1898.0,0.4905106002711697,0.0157894736842105,,,
anoshift_correlated_gaussian,power,adaptive_transfer,2022-2022,far,z_mahalanobis_sq,p_z_mahalanobis_sq,,0.0444964871194379,,0.1,0.15,composite,1898.0,0.4787193393319364,0.0526315789473684,,,
anoshift_correlated_gaussian,power,adaptive_transfer,2022-2022,far,t_iut,p_t_iut,,0.034543325526932,,0.1,0.15,composite,1898.0,0.4897602613090103,0.0473684210526315,,,
anoshift_correlated_gaussian,power,adaptive_transfer,2022-2022,far,z_plus_softmax,p_z_plus_softmax,,0.0608028335301062,,0.1,0.15,composite,1880.0,0.494855340163258,0.0591397849462365,,,
anoshift_correlated_gaussian,power,adaptive_transfer,2022-2022,far,z_plus_orth,p_z_plus_orth,,0.0572609208972845,,0.1,0.15,composite,1880.0,0.4949029465158497,0.0591397849462365,,,
anoshift_correlated_gaussian,power,adaptive_transfer,2022-2022,far,z_plus,p_z_plus,,0.0444964871194379,,0.1,0.2,composite,1898.0,0.5329517441143844,0.0684210526315789,,,
anoshift_correlated_gaussian,power,adaptive_transfer,2022-2022,far,z_plus_renorm,p_z_plus_renorm,,0.0401653868871825,,0.1,0.2,composite,1880.0,0.5392256886645546,0.0641711229946524,,,
anoshift_correlated_gaussian,power,adaptive_transfer,2022-2022,far,breadth,p_breadth,,0.0128805620608899,,0.1,0.2,composite,1898.0,0.5050212621718231,0.0052631578947368,,,
anoshift_correlated_gaussian,power,adaptive_transfer,2022-2022,far,z_mahalanobis_sq,p_z_mahalanobis_sq,,0.0450819672131147,,0.1,0.2,composite,1898.0,0.5406908665105387,0.0578947368421052,,,
anoshift_correlated_gaussian,power,adaptive_transfer,2022-2022,far,t_iut,p_t_iut,,0.0368852459016393,,0.1,0.2,composite,1898.0,0.5044034265992852,0.0421052631578947,,,
anoshift_correlated_gaussian,power,adaptive_transfer,2022-2022,far,z_plus_softmax,p_z_plus_softmax,,0.0614294152392203,,0.1,0.2,composite,1880.0,0.54493968558803,0.0909090909090909,,,
anoshift_correlated_gaussian,power,adaptive_transfer,2022-2022,far,z_plus_orth,p_z_plus_orth,,0.0567040756054341,,0.1,0.2,composite,1880.0,0.5451355218562751,0.0909090909090909,,,
anoshift_correlated_gaussian,power,adaptive_transfer,2022-2022,far,z_plus,p_z_plus,,0.0450819672131147,,0.1,0.3,composite,1898.0,0.5142980401824233,0.0578947368421052,,,
anoshift_correlated_gaussian,power,adaptive_transfer,2022-2022,far,z_plus_renorm,p_z_plus_renorm,,0.041986989946777,,0.1,0.3,composite,1879.0,0.5204839135850623,0.0425531914893617,,,
anoshift_correlated_gaussian,power,adaptive_transfer,2022-2022,far,breadth,p_breadth,,0.0122950819672131,,0.1,0.3,composite,1898.0,0.4958384691236287,0.0,,,
anoshift_correlated_gaussian,power,adaptive_transfer,2022-2022,far,z_mahalanobis_sq,p_z_mahalanobis_sq,,0.0439110070257611,,0.1,0.3,composite,1898.0,0.5511925305065943,0.0789473684210526,,,
anoshift_correlated_gaussian,power,adaptive_transfer,2022-2022,far,t_iut,p_t_iut,,0.0368852459016393,,0.1,0.3,composite,1898.0,0.4675243436460002,0.0526315789473684,,,
anoshift_correlated_gaussian,power,adaptive_transfer,2022-2022,far,z_plus_softmax,p_z_plus_softmax,,0.0597279716144293,,0.1,0.3,composite,1879.0,0.5191753589088668,0.0851063829787234,,,
anoshift_correlated_gaussian,power,adaptive_transfer,2022-2022,far,z_plus_orth,p_z_plus_orth,,0.054997043169722,,0.1,0.3,composite,1879.0,0.5190180807025933,0.0851063829787234,,,
anoshift_threshold_clustering_m1_v2,power,adaptive_transfer,2022-2022,far,z_plus,p_z_plus,,0.0830059277639922,,0.01,0.05,composite,58032.0,,,,,
anoshift_threshold_clustering_m1_v2,power,adaptive_transfer,2022-2022,far,z_plus_renorm,p_z_plus_renorm,,0.0991819861025595,,0.01,0.05,composite,56845.0,,,,,
anoshift_threshold_clustering_m1_v2,power,adaptive_transfer,2022-2022,far,breadth,p_breadth,,0.0061517783291976,,0.01,0.05,composite,58032.0,,,,,
anoshift_threshold_clustering_m1_v2,power,adaptive_transfer,2022-2022,far,z_mahalanobis_sq,p_z_mahalanobis_sq,,0.1745211964708414,,0.01,0.05,composite,32529.0,,,,,
anoshift_threshold_clustering_m1_v2,power,adaptive_transfer,2022-2022,far,t_iut,p_t_iut,,0.0535049627791563,,0.01,0.05,composite,58032.0,,,,,
anoshift_threshold_clustering_m1_v2,power,adaptive_transfer,2022-2022,far,z_plus_softmax,p_z_plus_softmax,,0.1258509983287888,,0.01,0.05,composite,56845.0,,,,,
anoshift_threshold_clustering_m1_v2,power,adaptive_transfer,2022-2022,far,z_plus_orth,p_z_plus_orth,,0.1084352185768317,,0.01,0.05,composite,56845.0,,,,,
anoshift_threshold_clustering_m1_v2,power,adaptive_transfer,2022-2022,far,z_plus,p_z_plus,,0.0830059277639922,,0.01,0.1,composite,58032.0,,,,,
anoshift_threshold_clustering_m1_v2,power,adaptive_transfer,2022-2022,far,z_plus_renorm,p_z_plus_renorm,,0.0991819861025595,,0.01,0.1,composite,56845.0,,,,,
anoshift_threshold_clustering_m1_v2,power,adaptive_transfer,2022-2022,far,breadth,p_breadth,,0.0061517783291976,,0.01,0.1,composite,58032.0,,,,,
anoshift_threshold_clustering_m1_v2,power,adaptive_transfer,2022-2022,far,z_mahalanobis_sq,p_z_mahalanobis_sq,,0.1745211964708414,,0.01,0.1,composite,32529.0,,,,,
anoshift_threshold_clustering_m1_v2,power,adaptive_transfer,2022-2022,far,t_iut,p_t_iut,,0.0535049627791563,,0.01,0.1,composite,58032.0,,,,,
anoshift_threshold_clustering_m1_v2,power,adaptive_transfer,2022-2022,far,z_plus_softmax,p_z_plus_softmax,,0.1258509983287888,,0.01,0.1,composite,56845.0,,,,,
anoshift_threshold_clustering_m1_v2,power,adaptive_transfer,2022-2022,far,z_plus_orth,p_z_plus_orth,,0.1084352185768317,,0.01,0.1,composite,56845.0,,,,,
anoshift_threshold_clustering_m1_v2,power,adaptive_transfer,2022-2022,far,z_plus,p_z_plus,,0.0830059277639922,,0.01,0.15,composite,58032.0,,,,,
anoshift_threshold_clustering_m1_v2,power,adaptive_transfer,2022-2022,far,z_plus_renorm,p_z_plus_renorm,,0.0991819861025595,,0.01,0.15,composite,56845.0,,,,,
anoshift_threshold_clustering_m1_v2,power,adaptive_transfer,2022-2022,far,breadth,p_breadth,,0.0061517783291976,,0.01,0.15,composite,58032.0,,,,,
anoshift_threshold_clustering_m1_v2,power,adaptive_transfer,2022-2022,far,z_mahalanobis_sq,p_z_mahalanobis_sq,,0.1745211964708414,,0.01,0.15,composite,32529.0,,,,,
anoshift_threshold_clustering_m1_v2,power,adaptive_transfer,2022-2022,far,t_iut,p_t_iut,,0.0535049627791563,,0.01,0.15,composite,58032.0,,,,,
anoshift_threshold_clustering_m1_v2,power,adaptive_transfer,2022-2022,far,z_plus_softmax,p_z_plus_softmax,,0.1258509983287888,,0.01,0.15,composite,56845.0,,,,,
anoshift_threshold_clustering_m1_v2,power,adaptive_transfer,2022-2022,far,z_plus_orth,p_z_plus_orth,,0.1084352185768317,,0.01,0.15,composite,56845.0,,,,,
anoshift_threshold_clustering_m1_v2,power,adaptive_transfer,2022-2022,far,z_plus,p_z_plus,,0.0830059277639922,,0.01,0.2,composite,58032.0,,,,,
anoshift_threshold_clustering_m1_v2,power,adaptive_transfer,2022-2022,far,z_plus_renorm,p_z_plus_renorm,,0.0991819861025595,,0.01,0.2,composite,56845.0,,,,,
anoshift_threshold_clustering_m1_v2,power,adaptive_transfer,2022-2022,far,breadth,p_breadth,,0.0061517783291976,,0.01,0.2,composite,58032.0,,,,,
anoshift_threshold_clustering_m1_v2,power,adaptive_transfer,2022-2022,far,z_mahalanobis_sq,p_z_mahalanobis_sq,,0.1745211964708414,,0.01,0.2,composite,32529.0,,,,,
anoshift_threshold_clustering_m1_v2,power,adaptive_transfer,2022-2022,far,t_iut,p_t_iut,,0.0535049627791563,,0.01,0.2,composite,58032.0,,,,,
anoshift_threshold_clustering_m1_v2,power,adaptive_transfer,2022-2022,far,z_plus_softmax,p_z_plus_softmax,,0.1258509983287888,,0.01,0.2,composite,56845.0,,,,,
anoshift_threshold_clustering_m1_v2,power,adaptive_transfer,2022-2022,far,z_plus_orth,p_z_plus_orth,,0.1084352185768317,,0.01,0.2,composite,56845.0,,,,,
anoshift_threshold_clustering_m1_v2,power,adaptive_transfer,2022-2022,far,z_plus,p_z_plus,,0.0830059277639922,,0.01,0.3,composite,58032.0,,,,,
anoshift_threshold_clustering_m1_v2,power,adaptive_transfer,2022-2022,far,z_plus_renorm,p_z_plus_renorm,,0.0991819861025595,,0.01,0.3,composite,56845.0,,,,,
anoshift_threshold_clustering_m1_v2,power,adaptive_transfer,2022-2022,far,breadth,p_breadth,,0.0061517783291976,,0.01,0.3,composite,58032.0,,,,,
anoshift_threshold_clustering_m1_v2,power,adaptive_transfer,2022-2022,far,z_mahalanobis_sq,p_z_mahalanobis_sq,,0.1745211964708414,,0.01,0.3,composite,32529.0,,,,,
anoshift_threshold_clustering_m1_v2,power,adaptive_transfer,2022-2022,far,t_iut,p_t_iut,,0.0535049627791563,,0.01,0.3,composite,58032.0,,,,,
anoshift_threshold_clustering_m1_v2,power,adaptive_transfer,2022-2022,far,z_plus_softmax,p_z_plus_softmax,,0.1258509983287888,,0.01,0.3,composite,56845.0,,,,,
anoshift_threshold_clustering_m1_v2,power,adaptive_transfer,2022-2022,far,z_plus_orth,p_z_plus_orth,,0.1084352185768317,,0.01,0.3,composite,56845.0,,,,,
anoshift_threshold_clustering_m1_v2,power,adaptive_transfer,2022-2022,far,z_plus,p_z_plus,,0.0830059277639922,,0.05,0.05,composite,58032.0,,,,,
anoshift_threshold_clustering_m1_v2,power,adaptive_transfer,2022-2022,far,z_plus_renorm,p_z_plus_renorm,,0.0991819861025595,,0.05,0.05,composite,56845.0,,,,,
anoshift_threshold_clustering_m1_v2,power,adaptive_transfer,2022-2022,far,breadth,p_breadth,,0.0061517783291976,,0.05,0.05,composite,58032.0,,,,,
anoshift_threshold_clustering_m1_v2,power,adaptive_transfer,2022-2022,far,z_mahalanobis_sq,p_z_mahalanobis_sq,,0.1745211964708414,,0.05,0.05,composite,32529.0,,,,,
anoshift_threshold_clustering_m1_v2,power,adaptive_transfer,2022-2022,far,t_iut,p_t_iut,,0.0535049627791563,,0.05,0.05,composite,58032.0,,,,,
anoshift_threshold_clustering_m1_v2,power,adaptive_transfer,2022-2022,far,z_plus_softmax,p_z_plus_softmax,,0.1258509983287888,,0.05,0.05,composite,56845.0,,,,,
anoshift_threshold_clustering_m1_v2,power,adaptive_transfer,2022-2022,far,z_plus_orth,p_z_plus_orth,,0.1084352185768317,,0.05,0.05,composite,56845.0,,,,,
anoshift_threshold_clustering_m1_v2,power,adaptive_transfer,2022-2022,far,z_plus,p_z_plus,,0.0830059277639922,,0.05,0.1,composite,58032.0,,,,,
anoshift_threshold_clustering_m1_v2,power,adaptive_transfer,2022-2022,far,z_plus_renorm,p_z_plus_renorm,,0.0991819861025595,,0.05,0.1,composite,56845.0,,,,,
anoshift_threshold_clustering_m1_v2,power,adaptive_transfer,2022-2022,far,breadth,p_breadth,,0.0061517783291976,,0.05,0.1,composite,58032.0,,,,,
anoshift_threshold_clustering_m1_v2,power,adaptive_transfer,2022-2022,far,z_mahalanobis_sq,p_z_mahalanobis_sq,,0.1745211964708414,,0.05,0.1,composite,32529.0,,,,,
anoshift_threshold_clustering_m1_v2,power,adaptive_transfer,2022-2022,far,t_iut,p_t_iut,,0.0535049627791563,,0.05,0.1,composite,58032.0,,,,,
anoshift_threshold_clustering_m1_v2,power,adaptive_transfer,2022-2022,far,z_plus_softmax,p_z_plus_softmax,,0.1258509983287888,,0.05,0.1,composite,56845.0,,,,,
anoshift_threshold_clustering_m1_v2,power,adaptive_transfer,2022-2022,far,z_plus_orth,p_z_plus_orth,,0.1084352185768317,,0.05,0.1,composite,56845.0,,,,,
anoshift_threshold_clustering_m1_v2,power,adaptive_transfer,2022-2022,far,z_plus,p_z_plus,,0.0830059277639922,,0.05,0.15,composite,58032.0,,,,,
anoshift_threshold_clustering_m1_v2,power,adaptive_transfer,2022-2022,far,z_plus_renorm,p_z_plus_renorm,,0.0991819861025595,,0.05,0.15,composite,56845.0,,,,,
anoshift_threshold_clustering_m1_v2,power,adaptive_transfer,2022-2022,far,breadth,p_breadth,,0.0061517783291976,,0.05,0.15,composite,58032.0,,,,,
anoshift_threshold_clustering_m1_v2,power,adaptive_transfer,2022-2022,far,z_mahalanobis_sq,p_z_mahalanobis_sq,,0.1745211964708414,,0.05,0.15,composite,32529.0,,,,,
anoshift_threshold_clustering_m1_v2,power,adaptive_transfer,2022-2022,far,t_iut,p_t_iut,,0.0535049627791563,,0.05,0.15,composite,58032.0,,,,,
anoshift_threshold_clustering_m1_v2,power,adaptive_transfer,2022-2022,far,z_plus_softmax,p_z_plus_softmax,,0.1258509983287888,,0.05,0.15,composite,56845.0,,,,,
anoshift_threshold_clustering_m1_v2,power,adaptive_transfer,2022-2022,far,z_plus_orth,p_z_plus_orth,,0.1084352185768317,,0.05,0.15,composite,56845.0,,,,,
anoshift_threshold_clustering_m1_v2,power,adaptive_transfer,2022-2022,far,z_plus,p_z_plus,,0.0830059277639922,,0.05,0.2,composite,58032.0,,,,,
anoshift_threshold_clustering_m1_v2,power,adaptive_transfer,2022-2022,far,z_plus_renorm,p_z_plus_renorm,,0.0991819861025595,,0.05,0.2,composite,56845.0,,,,,
anoshift_threshold_clustering_m1_v2,power,adaptive_transfer,2022-2022,far,breadth,p_breadth,,0.0061517783291976,,0.05,0.2,composite,58032.0,,,,,
anoshift_threshold_clustering_m1_v2,power,adaptive_transfer,2022-2022,far,z_mahalanobis_sq,p_z_mahalanobis_sq,,0.1745211964708414,,0.05,0.2,composite,32529.0,,,,,
anoshift_threshold_clustering_m1_v2,power,adaptive_transfer,2022-2022,far,t_iut,p_t_iut,,0.0535049627791563,,0.05,0.2,composite,58032.0,,,,,
anoshift_threshold_clustering_m1_v2,power,adaptive_transfer,2022-2022,far,z_plus_softmax,p_z_plus_softmax,,0.1258509983287888,,0.05,0.2,composite,56845.0,,,,,
anoshift_threshold_clustering_m1_v2,power,adaptive_transfer,2022-2022,far,z_plus_orth,p_z_plus_orth,,0.1084352185768317,,0.05,0.2,composite,56845.0,,,,,
anoshift_threshold_clustering_m1_v2,power,adaptive_transfer,2022-2022,far,z_plus,p_z_plus,,0.0830059277639922,,0.05,0.3,composite,58032.0,,,,,
anoshift_threshold_clustering_m1_v2,power,adaptive_transfer,2022-2022,far,z_plus_renorm,p_z_plus_renorm,,0.0991819861025595,,0.05,0.3,composite,56845.0,,,,,
anoshift_threshold_clustering_m1_v2,power,adaptive_transfer,2022-2022,far,breadth,p_breadth,,0.0061517783291976,,0.05,0.3,composite,58032.0,,,,,
anoshift_threshold_clustering_m1_v2,power,adaptive_transfer,2022-2022,far,z_mahalanobis_sq,p_z_mahalanobis_sq,,0.1745211964708414,,0.05,0.3,composite,32529.0,,,,,
anoshift_threshold_clustering_m1_v2,power,adaptive_transfer,2022-2022,far,t_iut,p_t_iut,,0.0535049627791563,,0.05,0.3,composite,58032.0,,,,,
anoshift_threshold_clustering_m1_v2,power,adaptive_transfer,2022-2022,far,z_plus_softmax,p_z_plus_softmax,,0.1258509983287888,,0.05,0.3,composite,56845.0,,,,,
anoshift_threshold_clustering_m1_v2,power,adaptive_transfer,2022-2022,far,z_plus_orth,p_z_plus_orth,,0.1084352185768317,,0.05,0.3,composite,56845.0,,,,,
anoshift_threshold_clustering_m1_v2,power,adaptive_transfer,2022-2022,far,z_plus,p_z_plus,,0.0830059277639922,,0.1,0.05,composite,58032.0,,,,,
anoshift_threshold_clustering_m1_v2,power,adaptive_transfer,2022-2022,far,z_plus_renorm,p_z_plus_renorm,,0.0991819861025595,,0.1,0.05,composite,56845.0,,,,,
anoshift_threshold_clustering_m1_v2,power,adaptive_transfer,2022-2022,far,breadth,p_breadth,,0.0061517783291976,,0.1,0.05,composite,58032.0,,,,,
anoshift_threshold_clustering_m1_v2,power,adaptive_transfer,2022-2022,far,z_mahalanobis_sq,p_z_mahalanobis_sq,,0.1745211964708414,,0.1,0.05,composite,32529.0,,,,,
anoshift_threshold_clustering_m1_v2,power,adaptive_transfer,2022-2022,far,t_iut,p_t_iut,,0.0535049627791563,,0.1,0.05,composite,58032.0,,,,,
anoshift_threshold_clustering_m1_v2,power,adaptive_transfer,2022-2022,far,z_plus_softmax,p_z_plus_softmax,,0.1258509983287888,,0.1,0.05,composite,56845.0,,,,,
anoshift_threshold_clustering_m1_v2,power,adaptive_transfer,2022-2022,far,z_plus_orth,p_z_plus_orth,,0.1084352185768317,,0.1,0.05,composite,56845.0,,,,,
anoshift_threshold_clustering_m1_v2,power,adaptive_transfer,2022-2022,far,z_plus,p_z_plus,,0.0830059277639922,,0.1,0.1,composite,58032.0,,,,,
anoshift_threshold_clustering_m1_v2,power,adaptive_transfer,2022-2022,far,z_plus_renorm,p_z_plus_renorm,,0.0991819861025595,,0.1,0.1,composite,56845.0,,,,,
anoshift_threshold_clustering_m1_v2,power,adaptive_transfer,2022-2022,far,breadth,p_breadth,,0.0061517783291976,,0.1,0.1,composite,58032.0,,,,,
anoshift_threshold_clustering_m1_v2,power,adaptive_transfer,2022-2022,far,z_mahalanobis_sq,p_z_mahalanobis_sq,,0.1745211964708414,,0.1,0.1,composite,32529.0,,,,,
anoshift_threshold_clustering_m1_v2,power,adaptive_transfer,2022-2022,far,t_iut,p_t_iut,,0.0535049627791563,,0.1,0.1,composite,58032.0,,,,,
anoshift_threshold_clustering_m1_v2,power,adaptive_transfer,2022-2022,far,z_plus_softmax,p_z_plus_softmax,,0.1258509983287888,,0.1,0.1,composite,56845.0,,,,,
anoshift_threshold_clustering_m1_v2,power,adaptive_transfer,2022-2022,far,z_plus_orth,p_z_plus_orth,,0.1084352185768317,,0.1,0.1,composite,56845.0,,,,,
anoshift_threshold_clustering_m1_v2,power,adaptive_transfer,2022-2022,far,z_plus,p_z_plus,,0.0830059277639922,,0.1,0.15,composite,58032.0,,,,,
anoshift_threshold_clustering_m1_v2,power,adaptive_transfer,2022-2022,far,z_plus_renorm,p_z_plus_renorm,,0.0991819861025595,,0.1,0.15,composite,56845.0,,,,,
anoshift_threshold_clustering_m1_v2,power,adaptive_transfer,2022-2022,far,breadth,p_breadth,,0.0061517783291976,,0.1,0.15,composite,58032.0,,,,,
anoshift_threshold_clustering_m1_v2,power,adaptive_transfer,2022-2022,far,z_mahalanobis_sq,p_z_mahalanobis_sq,,0.1745211964708414,,0.1,0.15,composite,32529.0,,,,,
anoshift_threshold_clustering_m1_v2,power,adaptive_transfer,2022-2022,far,t_iut,p_t_iut,,0.0535049627791563,,0.1,0.15,composite,58032.0,,,,,
anoshift_threshold_clustering_m1_v2,power,adaptive_transfer,2022-2022,far,z_plus_softmax,p_z_plus_softmax,,0.1258509983287888,,0.1,0.15,composite,56845.0,,,,,
anoshift_threshold_clustering_m1_v2,power,adaptive_transfer,2022-2022,far,z_plus_orth,p_z_plus_orth,,0.1084352185768317,,0.1,0.15,composite,56845.0,,,,,
anoshift_threshold_clustering_m1_v2,power,adaptive_transfer,2022-2022,far,z_plus,p_z_plus,,0.0830059277639922,,0.1,0.2,composite,58032.0,,,,,
anoshift_threshold_clustering_m1_v2,power,adaptive_transfer,2022-2022,far,z_plus_renorm,p_z_plus_renorm,,0.0991819861025595,,0.1,0.2,composite,56845.0,,,,,
anoshift_threshold_clustering_m1_v2,power,adaptive_transfer,2022-2022,far,breadth,p_breadth,,0.0061517783291976,,0.1,0.2,composite,58032.0,,,,,
anoshift_threshold_clustering_m1_v2,power,adaptive_transfer,2022-2022,far,z_mahalanobis_sq,p_z_mahalanobis_sq,,0.1745211964708414,,0.1,0.2,composite,32529.0,,,,,
anoshift_threshold_clustering_m1_v2,power,adaptive_transfer,2022-2022,far,t_iut,p_t_iut,,0.0535049627791563,,0.1,0.2,composite,58032.0,,,,,
anoshift_threshold_clustering_m1_v2,power,adaptive_transfer,2022-2022,far,z_plus_softmax,p_z_plus_softmax,,0.1258509983287888,,0.1,0.2,composite,56845.0,,,,,
anoshift_threshold_clustering_m1_v2,power,adaptive_transfer,2022-2022,far,z_plus_orth,p_z_plus_orth,,0.1084352185768317,,0.1,0.2,composite,56845.0,,,,,
anoshift_threshold_clustering_m1_v2,power,adaptive_transfer,2022-2022,far,z_plus,p_z_plus,,0.0830059277639922,,0.1,0.3,composite,58032.0,,,,,
anoshift_threshold_clustering_m1_v2,power,adaptive_transfer,2022-2022,far,z_plus_renorm,p_z_plus_renorm,,0.0991819861025595,,0.1,0.3,composite,56845.0,,,,,
anoshift_threshold_clustering_m1_v2,power,adaptive_transfer,2022-2022,far,breadth,p_breadth,,0.0061517783291976,,0.1,0.3,composite,58032.0,,,,,
anoshift_threshold_clustering_m1_v2,power,adaptive_transfer,2022-2022,far,z_mahalanobis_sq,p_z_mahalanobis_sq,,0.1745211964708414,,0.1,0.3,composite,32529.0,,,,,
anoshift_threshold_clustering_m1_v2,power,adaptive_transfer,2022-2022,far,t_iut,p_t_iut,,0.0535049627791563,,0.1,0.3,composite,58032.0,,,,,
anoshift_threshold_clustering_m1_v2,power,adaptive_transfer,2022-2022,far,z_plus_softmax,p_z_plus_softmax,,0.1258509983287888,,0.1,0.3,composite,56845.0,,,,,
anoshift_threshold_clustering_m1_v2,power,adaptive_transfer,2022-2022,far,z_plus_orth,p_z_plus_orth,,0.1084352185768317,,0.1,0.3,composite,56845.0,,,,,
