method,rho,delta,entity_type,entity_name,n_finite,auc,detection_rate,fpr,pvalue_col
threshold_clustering_m1_v2,0.01,0.05,detector,z1,53661,0.5178445331308605,0.0962962962962963,0.0861429566461474,
threshold_clustering_m1_v2,0.01,0.05,detector,z2,57180,0.413097106665657,0.1802426343154246,0.2331325194777662,
threshold_clustering_m1_v2,0.01,0.05,detector,z3,53385,0.3244979250579197,0.0297202797202797,0.0410315641982087,
threshold_clustering_m1_v2,0.01,0.05,detector,z4,57999,0.7672477450993934,0.5189655172413793,0.1897629704453229,
threshold_clustering_m1_v2,0.01,0.05,detector,z6,52097,0.7137267117591547,0.5433526011560693,0.2347900267555934,
threshold_clustering_m1_v2,0.01,0.05,detector,z8,32545,0.6305613016473129,0.0492753623188405,0.0276708074534161,
threshold_clustering_m1_v2,0.01,0.05,detector,z57,57158,0.5899048429936822,0.2344827586206896,0.1680865354024532,
threshold_clustering_m1_v2,0.01,0.05,composite,z_plus,58032,0.6959200724082713,0.2241379310344827,0.0816333635034463,p_z_plus
threshold_clustering_m1_v2,0.01,0.05,composite,z_plus_renorm,56845,0.6780596570435509,0.238341968911917,0.0982653822912593,p_z_plus_renorm
threshold_clustering_m1_v2,0.01,0.05,composite,breadth,58032,0.6054487464198,0.0120689655172413,0.0058135487015247,p_breadth
threshold_clustering_m1_v2,0.01,0.05,composite,z_mahalanobis_sq,32529,0.7136359952015043,0.3768115942028985,0.169991300024857,p_z_mahalanobis_sq
threshold_clustering_m1_v2,0.01,0.05,composite,t_iut,58032,0.442437930194201,0.0689655172413793,0.0534533175520434,p_t_iut
threshold_clustering_m1_v2,0.01,0.05,composite,z_plus_softmax,56845,0.6579956654202432,0.2072538860103626,0.1235026481356414,p_z_plus_softmax
threshold_clustering_m1_v2,0.01,0.05,composite,z_plus_orth,56845,0.6544675344543716,0.1727115716753022,0.1066007891088757,p_z_plus_orth
threshold_clustering_m1_v2,0.01,0.1,detector,z1,53661,0.5169002180207729,0.0814814814814814,0.085841757497035,
threshold_clustering_m1_v2,0.01,0.1,detector,z2,57180,0.4149229984594884,0.1802426343154246,0.2331148525696517,
threshold_clustering_m1_v2,0.01,0.1,detector,z3,53385,0.3177867377164899,0.0279720279720279,0.0411641073220608,
threshold_clustering_m1_v2,0.01,0.1,detector,z4,57999,0.7658592073631761,0.5189655172413793,0.1897629704453229,
threshold_clustering_m1_v2,0.01,0.1,detector,z6,52097,0.7217487202165551,0.5549132947976878,0.2349063554228547,
threshold_clustering_m1_v2,0.01,0.1,detector,z8,32545,0.6383452155909622,0.0492753623188405,0.0275776397515527,
threshold_clustering_m1_v2,0.01,0.1,detector,z57,57158,0.5767933588174274,0.2310344827586206,0.1680865354024532,
threshold_clustering_m1_v2,0.01,0.1,composite,z_plus,58032,0.6896342253923515,0.2103448275862069,0.0806412309406112,p_z_plus
threshold_clustering_m1_v2,0.01,0.1,composite,z_plus_renorm,56844,0.6717111245866962,0.2279792746113989,0.0973429307740158,p_z_plus_renorm
threshold_clustering_m1_v2,0.01,0.1,composite,breadth,58032,0.6042552613636092,0.0120689655172413,0.0058309545359604,p_breadth
threshold_clustering_m1_v2,0.01,0.1,composite,z_mahalanobis_sq,32529,0.7120138911404353,0.3652173913043478,0.1673813074819786,p_z_mahalanobis_sq
threshold_clustering_m1_v2,0.01,0.1,composite,t_iut,58032,0.4443988474936798,0.0672413793103448,0.053418505883172,p_t_iut
threshold_clustering_m1_v2,0.01,0.1,composite,z_plus_softmax,56844,0.6505932864266324,0.1865284974093264,0.1207677952545987,p_z_plus_softmax
threshold_clustering_m1_v2,0.01,0.1,composite,z_plus_orth,56844,0.6472824671432849,0.153713298791019,0.1046476495156847,p_z_plus_orth
threshold_clustering_m1_v2,0.01,0.15,detector,z1,53660,0.513330213213967,0.0851851851851851,0.0858810240963855,
threshold_clustering_m1_v2,0.01,0.15,detector,z2,57180,0.4176022447812275,0.1802426343154246,0.2331148525696517,
threshold_clustering_m1_v2,0.01,0.15,detector,z3,53385,0.3103829926913258,0.0279720279720279,0.0412398462499763,
threshold_clustering_m1_v2,0.01,0.15,detector,z4,57999,0.7645795186142279,0.5103448275862069,0.1890140894129121,
threshold_clustering_m1_v2,0.01,0.15,detector,z6,52097,0.7284309130619909,0.5626204238921002,0.2348094148668036,
threshold_clustering_m1_v2,0.01,0.15,detector,z8,32545,0.6459373480961382,0.0492753623188405,0.0276086956521739,
threshold_clustering_m1_v2,0.01,0.15,detector,z57,57158,0.5617694095792076,0.2189655172413793,0.1680865354024532,
threshold_clustering_m1_v2,0.01,0.15,composite,z_plus,58032,0.6867721060099345,0.2034482758620689,0.0801538675764116,p_z_plus
threshold_clustering_m1_v2,0.01,0.15,composite,z_plus_renorm,56845,0.6693506240128695,0.2262521588946459,0.0967369281626559,p_z_plus_renorm
threshold_clustering_m1_v2,0.01,0.15,composite,breadth,58032,0.6033693344008912,0.0137931034482758,0.0058309545359604,p_breadth
threshold_clustering_m1_v2,0.01,0.15,composite,z_mahalanobis_sq,32529,0.7104704110783286,0.344927536231884,0.1654238130748198,p_z_mahalanobis_sq
threshold_clustering_m1_v2,0.01,0.15,composite,t_iut,58032,0.4467401272906678,0.0655172413793103,0.0534533175520434,p_t_iut
threshold_clustering_m1_v2,0.01,0.15,composite,z_plus_softmax,56845,0.6476472445496524,0.1727115716753022,0.1188461948601286,p_z_plus_softmax
threshold_clustering_m1_v2,0.01,0.15,composite,z_plus_orth,56845,0.6439297527467451,0.1416234887737478,0.1034372445171151,p_z_plus_orth
threshold_clustering_m1_v2,0.01,0.2,detector,z1,53659,0.5133925016716485,0.0851851851851851,0.0856943843069334,
threshold_clustering_m1_v2,0.01,0.2,detector,z2,57180,0.4229494697952668,0.1802426343154246,0.2331148525696517,
threshold_clustering_m1_v2,0.01,0.2,detector,z3,53385,0.3019938471389819,0.0262237762237762,0.0413534546418495,
threshold_clustering_m1_v2,0.01,0.2,detector,z4,57999,0.7631410754940543,0.5103448275862069,0.1890140894129121,
threshold_clustering_m1_v2,0.01,0.2,detector,z6,52097,0.7338727897833396,0.5722543352601156,0.2348094148668036,
threshold_clustering_m1_v2,0.01,0.2,detector,z8,32545,0.6531620307858492,0.0492753623188405,0.0276086956521739,
threshold_clustering_m1_v2,0.01,0.2,detector,z57,57158,0.5461707578551916,0.2155172413793103,0.1680865354024532,
threshold_clustering_m1_v2,0.01,0.2,composite,z_plus,58032,0.6834461961649545,0.196551724137931,0.0778214857620274,p_z_plus
threshold_clustering_m1_v2,0.01,0.2,composite,z_plus_renorm,56845,0.669844668861644,0.2072538860103626,0.094621974194007,p_z_plus_renorm
threshold_clustering_m1_v2,0.01,0.2,composite,breadth,58032,0.5950152241031195,0.0137931034482758,0.0058657662048318,p_breadth
threshold_clustering_m1_v2,0.01,0.2,composite,z_mahalanobis_sq,32529,0.7097176740985708,0.3246376811594202,0.1579356201839423,p_z_mahalanobis_sq
threshold_clustering_m1_v2,0.01,0.2,composite,t_iut,58032,0.4511330147865564,0.0655172413793103,0.0534881292209148,p_t_iut
threshold_clustering_m1_v2,0.01,0.2,composite,z_plus_softmax,56845,0.6467623532852554,0.153713298791019,0.1136387871894216,p_z_plus_softmax
threshold_clustering_m1_v2,0.01,0.2,composite,z_plus_orth,56845,0.6425398276273072,0.1191709844559585,0.0998116091422884,p_z_plus_orth
threshold_clustering_m1_v2,0.01,0.3,detector,z1,53659,0.5121775496387218,0.0851851851851851,0.0856190816845196,
threshold_clustering_m1_v2,0.01,0.3,detector,z2,57180,0.4241107551635672,0.1837088388214904,0.233167853293995,
threshold_clustering_m1_v2,0.01,0.3,detector,z3,53385,0.2798133313489381,0.0262237762237762,0.040558195898737,
threshold_clustering_m1_v2,0.01,0.3,detector,z4,57999,0.7613799589346553,0.4948275862068965,0.1883522875703164,
threshold_clustering_m1_v2,0.01,0.3,detector,z6,52097,0.7441973325694642,0.5857418111753372,0.2348288029780139,
threshold_clustering_m1_v2,0.01,0.3,detector,z8,32545,0.6657763074984246,0.0550724637681159,0.0276086956521739,
threshold_clustering_m1_v2,0.01,0.3,detector,z57,57158,0.5195065768222326,0.2051724137931034,0.1680865354024532,
threshold_clustering_m1_v2,0.01,0.3,composite,z_plus,58032,0.6825515962950781,0.1758620689655172,0.0763942073382998,p_z_plus
threshold_clustering_m1_v2,0.01,0.3,composite,z_plus_renorm,56842,0.672043094427273,0.2089810017271157,0.0937027886888363,p_z_plus_renorm
threshold_clustering_m1_v2,0.01,0.3,composite,breadth,58032,0.5903902538130782,0.0137931034482758,0.0058831720392675,p_breadth
threshold_clustering_m1_v2,0.01,0.3,composite,z_mahalanobis_sq,32529,0.7165280614726193,0.3304347826086956,0.1541138453890131,p_z_mahalanobis_sq
threshold_clustering_m1_v2,0.01,0.3,composite,t_iut,58032,0.4469346675005461,0.0672413793103448,0.0534011000487363,p_t_iut
threshold_clustering_m1_v2,0.01,0.3,composite,z_plus_softmax,56842,0.6514938923192481,0.1398963730569948,0.1097879601158843,p_z_plus_softmax
threshold_clustering_m1_v2,0.01,0.3,composite,z_plus_orth,56842,0.647452914892638,0.1018998272884283,0.0971864280255229,p_z_plus_orth
threshold_clustering_m1_v2,0.05,0.05,detector,z1,53652,0.5362209042288739,0.1177330895795246,0.0836852131900936,
threshold_clustering_m1_v2,0.05,0.05,detector,z2,57175,0.4179036871027494,0.1925337020394054,0.2345528904609262,
threshold_clustering_m1_v2,0.05,0.05,detector,z3,53385,0.3571452241670285,0.0372321742184755,0.0510111203450868,
threshold_clustering_m1_v2,0.05,0.05,detector,z4,57999,0.7724448900327369,0.5189524465885597,0.1769787828738406,
threshold_clustering_m1_v2,0.05,0.05,detector,z6,52100,0.6280110902600157,0.3625708884688091,0.229905975128905,
threshold_clustering_m1_v2,0.05,0.05,detector,z8,32545,0.6182279028284556,0.0507789959607616,0.0270998312345839,
threshold_clustering_m1_v2,0.05,0.05,detector,z57,57158,0.6173492091300177,0.2587870434183322,0.1554666764966086,
threshold_clustering_m1_v2,0.05,0.05,composite,z_plus,58032,0.6757125161090951,0.1547208821502412,0.0705423544349718,p_z_plus
threshold_clustering_m1_v2,0.05,0.05,composite,z_plus_renorm,56843,0.6447150632180713,0.1524137931034482,0.0896131101347718,p_z_plus_renorm
threshold_clustering_m1_v2,0.05,0.05,composite,breadth,58032,0.6220717512131904,0.0165403170227429,0.0054416832940322,p_breadth
threshold_clustering_m1_v2,0.05,0.05,composite,z_mahalanobis_sq,32529,0.7067272058998227,0.3173687247547605,0.1374853877126899,p_z_mahalanobis_sq
threshold_clustering_m1_v2,0.05,0.05,composite,t_iut,58032,0.4433013884980592,0.0699517574086836,0.0523489932885906,p_t_iut
threshold_clustering_m1_v2,0.05,0.05,composite,z_plus_softmax,56843,0.6321497628083794,0.1134482758620689,0.1018111710509241,p_z_plus_softmax
threshold_clustering_m1_v2,0.05,0.05,composite,z_plus_orth,56843,0.6300877682509058,0.0879310344827586,0.0907253953246945,p_z_plus_orth
threshold_clustering_m1_v2,0.05,0.1,detector,z1,53650,0.534899999241403,0.1181419166057059,0.0829994500746327,
threshold_clustering_m1_v2,0.05,0.1,detector,z2,57175,0.4197284481001412,0.1925337020394054,0.2346081574002431,
threshold_clustering_m1_v2,0.05,0.1,detector,z3,53385,0.350032873537498,0.0368809272918862,0.0516443072539475,
threshold_clustering_m1_v2,0.05,0.1,detector,z4,57999,0.7701392576893427,0.5048242591316333,0.1733669709784562,
threshold_clustering_m1_v2,0.05,0.1,detector,z6,52100,0.6331390301736948,0.368241965973535,0.229825093519361,
threshold_clustering_m1_v2,0.05,0.1,detector,z8,32545,0.626699639808802,0.0548182342758222,0.0270673763468778,
threshold_clustering_m1_v2,0.05,0.1,detector,z57,57158,0.6043680045498878,0.253618194348725,0.1554298142140961,
threshold_clustering_m1_v2,0.05,0.1,composite,z_plus,58032,0.6684597229804423,0.1412818745692625,0.0676219844005078,p_z_plus
threshold_clustering_m1_v2,0.05,0.1,composite,z_plus_renorm,56840,0.6362243712682034,0.1368965517241379,0.0863552094920281,p_z_plus_renorm
threshold_clustering_m1_v2,0.05,0.1,composite,breadth,58032,0.6217988732352814,0.0165403170227429,0.0054961001269726,p_breadth
threshold_clustering_m1_v2,0.05,0.1,composite,z_mahalanobis_sq,32529,0.6992749300030497,0.2954414310444316,0.1315430575399402,p_z_mahalanobis_sq
threshold_clustering_m1_v2,0.05,0.1,composite,t_iut,58032,0.4448890930440337,0.0699517574086836,0.0523127153999637,p_t_iut
threshold_clustering_m1_v2,0.05,0.1,composite,z_plus_softmax,56840,0.624611867592344,0.1013793103448275,0.096570263255469,p_z_plus_softmax
threshold_clustering_m1_v2,0.05,0.1,composite,z_plus_orth,56840,0.6227249945661206,0.073103448275862,0.0868186874304783,p_z_plus_orth
threshold_clustering_m1_v2,0.05,0.15,detector,z1,53649,0.5331318366217173,0.121433796634967,0.0829814396543258,
threshold_clustering_m1_v2,0.05,0.15,detector,z2,57175,0.4224234198198846,0.1928793639820255,0.2346818466526657,
threshold_clustering_m1_v2,0.05,0.15,detector,z3,53385,0.3423895171759386,0.0354759395855286,0.0520400490719854,
threshold_clustering_m1_v2,0.05,0.15,detector,z4,57999,0.7674907396887543,0.494486560992419,0.172350581701363,
threshold_clustering_m1_v2,0.05,0.15,detector,z6,52100,0.6376622004040641,0.3716446124763705,0.229825093519361,
threshold_clustering_m1_v2,0.05,0.15,detector,z8,32545,0.634842211564817,0.0565493364108482,0.0271971958977021,
threshold_clustering_m1_v2,0.05,0.15,detector,z57,57158,0.5898293907627541,0.2412129565816678,0.1554298142140961,
threshold_clustering_m1_v2,0.05,0.15,composite,z_plus,58032,0.662307639370785,0.1357684355616816,0.0664792309087611,p_z_plus
threshold_clustering_m1_v2,0.05,0.15,composite,z_plus_renorm,56843,0.629962783193243,0.1348275862068965,0.0849971265965927,p_z_plus_renorm
threshold_clustering_m1_v2,0.05,0.15,composite,breadth,58032,0.6193479499555152,0.0172294968986905,0.0054598222383457,p_breadth
threshold_clustering_m1_v2,0.05,0.15,composite,z_mahalanobis_sq,32529,0.6927971813397128,0.2792844777841892,0.1259903883621249,p_z_mahalanobis_sq
threshold_clustering_m1_v2,0.05,0.15,composite,t_iut,58032,0.4470847209959093,0.0713301171605789,0.0523127153999637,p_t_iut
threshold_clustering_m1_v2,0.05,0.15,composite,z_plus_softmax,56843,0.6203437504594569,0.1041379310344827,0.0961755927553158,p_z_plus_softmax
threshold_clustering_m1_v2,0.05,0.15,composite,z_plus_orth,56843,0.6183760764076001,0.0775862068965517,0.0861650260460115,p_z_plus_orth
threshold_clustering_m1_v2,0.05,0.2,detector,z1,53648,0.5324676256724946,0.1170446232626188,0.0824134815571355,
threshold_clustering_m1_v2,0.05,0.2,detector,z2,57175,0.4273769397444409,0.1932250259246457,0.2343870896429755,
threshold_clustering_m1_v2,0.05,0.2,detector,z3,53385,0.3341089358655417,0.0344221988057604,0.0524753650718271,
threshold_clustering_m1_v2,0.05,0.2,detector,z4,57999,0.7648228554296954,0.4848380427291523,0.1689384176996932,
threshold_clustering_m1_v2,0.05,0.2,detector,z6,52100,0.6415281578659181,0.376937618147448,0.229764432312203,
threshold_clustering_m1_v2,0.05,0.2,detector,z8,32545,0.6418513811099744,0.0600115406809001,0.0270998312345839,
threshold_clustering_m1_v2,0.05,0.2,detector,z57,57158,0.574323437389807,0.2312198483804272,0.1554298142140961,
threshold_clustering_m1_v2,0.05,0.2,composite,z_plus,58032,0.6564724153660735,0.1305995864920744,0.0654634500272084,p_z_plus
threshold_clustering_m1_v2,0.05,0.2,composite,z_plus_renorm,56842,0.6253438650383308,0.12969989651604,0.0848302838181043,p_z_plus_renorm
threshold_clustering_m1_v2,0.05,0.2,composite,breadth,58032,0.6147839740489336,0.0179186767746381,0.0053328496281516,p_breadth
threshold_clustering_m1_v2,0.05,0.2,composite,z_mahalanobis_sq,32529,0.6882065603501987,0.2660126947489902,0.1243343291336537,p_z_mahalanobis_sq
threshold_clustering_m1_v2,0.05,0.2,composite,t_iut,58032,0.4504361222262322,0.0709855272226051,0.0520587701795755,p_t_iut
threshold_clustering_m1_v2,0.05,0.2,composite,z_plus_softmax,56842,0.616235461758252,0.1121076233183856,0.096157054668817,p_z_plus_softmax
threshold_clustering_m1_v2,0.05,0.2,composite,z_plus_orth,56842,0.6143242739258514,0.0803725422559503,0.0863318688244999,p_z_plus_orth
threshold_clustering_m1_v2,0.05,0.3,detector,z1,53647,0.5316521128868643,0.1104608632040965,0.082081197336633,
threshold_clustering_m1_v2,0.05,0.3,detector,z2,57175,0.4305162184300743,0.194262011752506,0.2342581334512361,
threshold_clustering_m1_v2,0.05,0.3,detector,z3,53385,0.3098635569227344,0.0330172110994028,0.0487751790731726,
threshold_clustering_m1_v2,0.05,0.3,detector,z4,57999,0.7602720160961157,0.4431426602343211,0.1605169065466359,
threshold_clustering_m1_v2,0.05,0.3,detector,z6,52100,0.6467874501250779,0.3826086956521739,0.2296431098978869,
threshold_clustering_m1_v2,0.05,0.3,detector,z8,32545,0.6539707721731306,0.0646278130409694,0.0270998312345839,
threshold_clustering_m1_v2,0.05,0.3,detector,z57,57158,0.5470219124548481,0.2222605099931082,0.1554482453553524,
threshold_clustering_m1_v2,0.05,0.3,composite,z_plus,58032,0.6476011839942755,0.1281874569262577,0.0641937239252675,p_z_plus
threshold_clustering_m1_v2,0.05,0.3,composite,z_plus_renorm,56838,0.6220263875998508,0.1224982746721877,0.0842417500926955,p_z_plus_renorm
threshold_clustering_m1_v2,0.05,0.3,composite,breadth,58032,0.602777136754514,0.0168849069607167,0.0053328496281516,p_breadth
threshold_clustering_m1_v2,0.05,0.3,composite,z_mahalanobis_sq,32529,0.6878272985595435,0.2585112521638776,0.1233926483958955,p_z_mahalanobis_sq
threshold_clustering_m1_v2,0.05,0.3,composite,t_iut,58032,0.4486248905069066,0.0661612680909717,0.0514783239615454,p_t_iut
threshold_clustering_m1_v2,0.05,0.3,composite,z_plus_softmax,56838,0.612467854014621,0.1193926846100759,0.0969225064886911,p_z_plus_softmax
threshold_clustering_m1_v2,0.05,0.3,composite,z_plus_orth,56838,0.610106966486035,0.0893719806763285,0.0867259918427882,p_z_plus_orth
threshold_clustering_m1_v2,0.1,0.05,detector,z1,53638,0.5344236716756832,0.1142387132151343,0.0813004754292357,
threshold_clustering_m1_v2,0.1,0.05,detector,z2,57174,0.4226441021887516,0.2052213001383125,0.2350262697022767,
threshold_clustering_m1_v2,0.1,0.05,detector,z3,53385,0.4064698246760487,0.0415497896213183,0.0588913823116125,
threshold_clustering_m1_v2,0.1,0.05,detector,z4,57999,0.7881572459415984,0.5142167844218508,0.1553567323166526,
threshold_clustering_m1_v2,0.1,0.05,detector,z6,52102,0.5505279064029678,0.2628301886792453,0.2281953762659715,
threshold_clustering_m1_v2,0.1,0.05,detector,z8,32545,0.5935819030676028,0.0363583478766724,0.0266946095440959,
threshold_clustering_m1_v2,0.1,0.05,detector,z57,57158,0.6341060114260427,0.2529726003791142,0.1387401421477947,
threshold_clustering_m1_v2,0.1,0.05,composite,z_plus,58032,0.6610630258842303,0.1194209891435464,0.062474870282793,p_z_plus
threshold_clustering_m1_v2,0.1,0.05,composite,z_plus_renorm,56842,0.6259840201137468,0.1130839510429236,0.0836386434435062,p_z_plus_renorm
threshold_clustering_m1_v2,0.1,0.05,composite,breadth,58032,0.6253528454554713,0.0163708426675857,0.0048823450573436,p_breadth
threshold_clustering_m1_v2,0.1,0.05,composite,z_mahalanobis_sq,32529,0.7017772438712483,0.2647657841140529,0.1173174755946652,p_z_mahalanobis_sq
threshold_clustering_m1_v2,0.1,0.05,composite,t_iut,58032,0.4413472635473243,0.0677235912459073,0.0511210247180685,p_t_iut
threshold_clustering_m1_v2,0.1,0.05,composite,z_plus_softmax,56842,0.6212019300653078,0.089122565074987,0.0931604004623733,p_z_plus_softmax
threshold_clustering_m1_v2,0.1,0.05,composite,z_plus_orth,56842,0.6196397553530225,0.0687812446129977,0.0843439587782371,p_z_plus_orth
threshold_clustering_m1_v2,0.1,0.1,detector,z1,53635,0.5299005601685516,0.1110095098756401,0.0805323146552619,
threshold_clustering_m1_v2,0.1,0.1,detector,z2,57174,0.4249957727727946,0.205567081604426,0.2351041058571706,
threshold_clustering_m1_v2,0.1,0.1,detector,z3,53385,0.3992062040819256,0.0401472650771388,0.0594576456030704,
threshold_clustering_m1_v2,0.1,0.1,detector,z4,57999,0.7837219609429045,0.4849215922798552,0.1488811403172656,
threshold_clustering_m1_v2,0.1,0.1,detector,z6,52102,0.5540775974740638,0.2616981132075471,0.2282167428742361,
threshold_clustering_m1_v2,0.1,0.1,detector,z8,32545,0.6004010138276791,0.0395578824898196,0.0274504414745593,
threshold_clustering_m1_v2,0.1,0.1,detector,z57,57158,0.6210907078855754,0.2455626400137859,0.1387206698471424,
threshold_clustering_m1_v2,0.1,0.1,composite,z_plus,58032,0.6462263771667374,0.1109770808202653,0.0603496141990082,p_z_plus
threshold_clustering_m1_v2,0.1,0.1,composite,z_plus_renorm,56840,0.6094924321420061,0.0970522323737286,0.0824075706812437,p_z_plus_renorm
threshold_clustering_m1_v2,0.1,0.1,composite,breadth,58032,0.6221038530370536,0.0156815440289505,0.0049589308621646,p_breadth
threshold_clustering_m1_v2,0.1,0.1,composite,z_mahalanobis_sq,32529,0.6850857218545314,0.2409077684026767,0.1114395710160869,p_z_mahalanobis_sq
threshold_clustering_m1_v2,0.1,0.1,composite,t_iut,58032,0.4442107072135206,0.067895915905566,0.0503934595722682,p_t_iut
threshold_clustering_m1_v2,0.1,0.1,composite,z_plus_softmax,56840,0.6062810049373637,0.0920530942940872,0.0935950939477654,p_z_plus_softmax
threshold_clustering_m1_v2,0.1,0.1,composite,z_plus_orth,56840,0.6050692721435437,0.069298396828133,0.0845823781813907,p_z_plus_orth
threshold_clustering_m1_v2,0.1,0.15,detector,z1,53633,0.5299257295366115,0.1102981525516736,0.0801602790350039,
threshold_clustering_m1_v2,0.1,0.15,detector,z2,57174,0.4286270231815555,0.205567081604426,0.2349484335473827,
threshold_clustering_m1_v2,0.1,0.15,detector,z3,53385,0.3910588541873642,0.0389200561009817,0.0603384996120047,
threshold_clustering_m1_v2,0.1,0.15,detector,z4,57999,0.779279704844531,0.4545924521799069,0.1435933788029734,
threshold_clustering_m1_v2,0.1,0.15,detector,z6,52102,0.5576572461425209,0.2639622641509433,0.2281526430494423,
threshold_clustering_m1_v2,0.1,0.15,detector,z8,32545,0.6067442620538734,0.0392670157068062,0.0273817294808808,
threshold_clustering_m1_v2,0.1,0.15,detector,z57,57158,0.6060816192739737,0.2340168878166465,0.1387206698471424,
threshold_clustering_m1_v2,0.1,0.15,composite,z_plus,58032,0.6376663017183037,0.1083922109253834,0.0597560742116448,p_z_plus
threshold_clustering_m1_v2,0.1,0.15,composite,z_plus_renorm,56838,0.6003798677926273,0.0915359420789519,0.081725023022513,p_z_plus_renorm
threshold_clustering_m1_v2,0.1,0.15,composite,breadth,58032,0.618923608685246,0.0165431673272445,0.0050163702157805,p_breadth
threshold_clustering_m1_v2,0.1,0.15,composite,z_mahalanobis_sq,32529,0.6757578748201656,0.2359615944137329,0.1104427333974975,p_z_mahalanobis_sq
threshold_clustering_m1_v2,0.1,0.15,composite,t_iut,58032,0.4480130578071351,0.067895915905566,0.0502594344138314,p_t_iut
threshold_clustering_m1_v2,0.1,0.15,composite,z_plus_softmax,56838,0.5966034551993618,0.0980865368039993,0.0942845386680251,p_z_plus_softmax
threshold_clustering_m1_v2,0.1,0.15,composite,z_plus_orth,56838,0.5952705227320927,0.0729184623340803,0.084703254501636,p_z_plus_orth
threshold_clustering_m1_v2,0.1,0.2,detector,z1,53630,0.5278313221690751,0.1079399926820344,0.0797068349804833,
threshold_clustering_m1_v2,0.1,0.2,detector,z2,57174,0.4350820142635023,0.2060857538035961,0.2349095154699358,
threshold_clustering_m1_v2,0.1,0.2,detector,z3,53385,0.3829345820001221,0.0401472650771388,0.0611354627629454,
threshold_clustering_m1_v2,0.1,0.2,detector,z4,57999,0.7737350146448229,0.3634327072204032,0.1236876388995325,
threshold_clustering_m1_v2,0.1,0.2,detector,z6,52102,0.5608718382459063,0.2662264150943396,0.2278107773172086,
threshold_clustering_m1_v2,0.1,0.2,detector,z8,32545,0.6128897484483491,0.039848749272833,0.0265915415535781,
threshold_clustering_m1_v2,0.1,0.2,detector,z57,57158,0.5894322636492464,0.2247113561950715,0.1387011975464901,
threshold_clustering_m1_v2,0.1,0.2,composite,z_plus,58032,0.6290169080585004,0.1068412889884542,0.0594497309923605,p_z_plus
threshold_clustering_m1_v2,0.1,0.2,composite,z_plus_renorm,56842,0.5929887948732252,0.0901568695052577,0.0817186183656276,p_z_plus_renorm
threshold_clustering_m1_v2,0.1,0.2,composite,breadth,58032,0.6124827365608633,0.0163708426675857,0.0049014915085488,p_breadth
threshold_clustering_m1_v2,0.1,0.2,composite,z_mahalanobis_sq,32529,0.6663716414824143,0.230142566191446,0.110133369998625,p_z_mahalanobis_sq
threshold_clustering_m1_v2,0.1,0.2,composite,t_iut,58032,0.4545714300165683,0.0672066172669309,0.0503360202186524,p_t_iut
threshold_clustering_m1_v2,0.1,0.2,composite,z_plus_softmax,56842,0.5882378475046954,0.1029132908119289,0.0947473599655179,p_z_plus_softmax
threshold_clustering_m1_v2,0.1,0.2,composite,z_plus_orth,56842,0.5866665843039995,0.0801585933459748,0.0851864187613879,p_z_plus_orth
threshold_clustering_m1_v2,0.1,0.3,detector,z1,53623,0.5286360271790626,0.103751143641354,0.0790730512064454,
threshold_clustering_m1_v2,0.1,0.3,detector,z2,57174,0.4373953302882494,0.2083333333333333,0.2350846468184471,
threshold_clustering_m1_v2,0.1,0.3,detector,z3,53385,0.3512353259755481,0.0392706872370266,0.0548017029844172,
threshold_clustering_m1_v2,0.1,0.3,detector,z4,57999,0.7630629939667088,0.2745131828364639,0.1007356885585102,
threshold_clustering_m1_v2,0.1,0.3,detector,z6,52102,0.5655128993842385,0.2743396226415094,0.2278321439254732,
threshold_clustering_m1_v2,0.1,0.3,detector,z8,32545,0.6239474928446491,0.0453752181500872,0.0266946095440959,
threshold_clustering_m1_v2,0.1,0.3,detector,z57,57158,0.5612625037093593,0.214027227296226,0.1387011975464901,
threshold_clustering_m1_v2,0.1,0.3,composite,z_plus,58032,0.6153719601333998,0.1033947957952783,0.057918014895939,p_z_plus
threshold_clustering_m1_v2,0.1,0.3,composite,z_plus_renorm,56826,0.5843780764056404,0.0864836872087001,0.0811043834381674,p_z_plus_renorm
threshold_clustering_m1_v2,0.1,0.3,composite,breadth,58032,0.5980136515351886,0.0156815440289505,0.0047100269964962,p_breadth
threshold_clustering_m1_v2,0.1,0.3,composite,z_mahalanobis_sq,32529,0.6636825411671443,0.2240325865580448,0.109067784958064,p_z_mahalanobis_sq
threshold_clustering_m1_v2,0.1,0.3,composite,t_iut,58032,0.452223980405859,0.0646217473720489,0.0493404047559784,p_t_iut
threshold_clustering_m1_v2,0.1,0.3,composite,z_plus_softmax,56826,0.5786807072358404,0.1089245641291213,0.0962514451433386,p_z_plus_softmax
threshold_clustering_m1_v2,0.1,0.3,composite,z_plus_orth,56826,0.5765644751977232,0.090281374072156,0.0863754825309113,p_z_plus_orth
temporal_spike_m2b,0.01,0.05,detector,z1,53665,0.5242630719113458,0.1017241379310344,0.0865216162757841,
temporal_spike_m2b,0.01,0.05,detector,z2,57180,0.5575899536980626,0.2948275862068965,0.2317137809187279,
temporal_spike_m2b,0.01,0.05,detector,z3,53385,0.4930697826030243,0.0562390158172231,0.0382081187518933,
temporal_spike_m2b,0.01,0.05,detector,z4,57999,0.4719098344173059,0.1384083044982699,0.1946500409257937,
temporal_spike_m2b,0.01,0.05,detector,z6,52095,0.5225455384453223,0.2797927461139896,0.2368778631881357,
temporal_spike_m2b,0.01,0.05,detector,z8,32545,0.4632931153578509,0.0182648401826484,0.0278755411592487,
temporal_spike_m2b,0.01,0.05,detector,z57,57158,0.4994992875261616,0.1620689655172413,0.1708437908727774,
temporal_spike_m2b,0.01,0.05,composite,z_plus,58032,0.5393164038585734,0.1206896551724138,0.082938801086124,p_z_plus
temporal_spike_m2b,0.01,0.05,composite,z_plus_renorm,56846,0.5175387638803248,0.1083916083916083,0.0992643138927391,p_z_plus_renorm
temporal_spike_m2b,0.01,0.05,composite,breadth,58032,0.5522303776225791,0.0051724137931034,0.0061616653902388,p_breadth
temporal_spike_m2b,0.01,0.05,composite,z_mahalanobis_sq,32529,0.5105754483290881,0.182648401826484,0.1750958212582967,p_z_mahalanobis_sq
temporal_spike_m2b,0.01,0.05,composite,t_iut,58032,0.5180595285539713,0.0448275862068965,0.0535055350553505,p_t_iut
temporal_spike_m2b,0.01,0.05,composite,z_plus_softmax,56846,0.5241182099522541,0.1328671328671328,0.1255642037175249,p_z_plus_softmax
temporal_spike_m2b,0.01,0.05,composite,z_plus_orth,56846,0.5266937078097649,0.1241258741258741,0.1080961012190354,p_z_plus_orth
temporal_spike_m2b,0.01,0.1,detector,z1,53665,0.5221502437535117,0.1,0.0865216162757841,
temporal_spike_m2b,0.01,0.1,detector,z2,57180,0.552860743877178,0.2758620689655172,0.2314310954063604,
temporal_spike_m2b,0.01,0.1,detector,z3,53385,0.4899381591507926,0.0632688927943761,0.0380945168130869,
temporal_spike_m2b,0.01,0.1,detector,z4,57999,0.4719264511994785,0.1384083044982699,0.1946500409257937,
temporal_spike_m2b,0.01,0.1,detector,z6,52095,0.5528746304952661,0.3246977547495682,0.2371496234179672,
temporal_spike_m2b,0.01,0.1,detector,z8,32545,0.4632931153578509,0.0182648401826484,0.0278755411592487,
temporal_spike_m2b,0.01,0.1,detector,z57,57158,0.4998682929029317,0.1603448275862068,0.1708437908727774,
temporal_spike_m2b,0.01,0.1,composite,z_plus,58032,0.5519405404691653,0.1224137931034482,0.0828169602450741,p_z_plus
temporal_spike_m2b,0.01,0.1,composite,z_plus_renorm,56847,0.5330759600239832,0.1118881118881118,0.0991914704575744,p_z_plus_renorm
temporal_spike_m2b,0.01,0.1,composite,breadth,58032,0.5562273574102039,0.0051724137931034,0.0061616653902388,p_breadth
temporal_spike_m2b,0.01,0.1,composite,z_mahalanobis_sq,32529,0.535672173125255,0.2077625570776255,0.1752827895671683,p_z_mahalanobis_sq
temporal_spike_m2b,0.01,0.1,composite,t_iut,58032,0.5056195486727151,0.046551724137931,0.0535403467242219,p_t_iut
temporal_spike_m2b,0.01,0.1,composite,z_plus_softmax,56847,0.5377362974653068,0.1346153846153846,0.1257041314971124,p_z_plus_softmax
temporal_spike_m2b,0.01,0.1,composite,z_plus_orth,56847,0.5404284187602713,0.1258741258741259,0.1082185695246557,p_z_plus_orth
temporal_spike_m2b,0.01,0.15,detector,z1,53665,0.5213920907588026,0.0982758620689655,0.0864651031364792,
temporal_spike_m2b,0.01,0.15,detector,z2,57180,0.5503414310954063,0.2620689655172414,0.2313604240282685,
temporal_spike_m2b,0.01,0.15,detector,z3,53385,0.4898993767665867,0.070298769771529,0.0381891850954256,
temporal_spike_m2b,0.01,0.15,detector,z4,57999,0.4719284548549899,0.1384083044982699,0.1946500409257937,
temporal_spike_m2b,0.01,0.15,detector,z6,52095,0.5740541262160985,0.3626943005181347,0.2374602065377746,
temporal_spike_m2b,0.01,0.15,detector,z8,32545,0.4632931153578509,0.0182648401826484,0.0278755411592487,
temporal_spike_m2b,0.01,0.15,detector,z57,57158,0.5002845019570175,0.1620689655172413,0.1708437908727774,
temporal_spike_m2b,0.01,0.15,composite,z_plus,58032,0.5622882640261015,0.1310344827586207,0.0828691777483812,p_z_plus
temporal_spike_m2b,0.01,0.15,composite,z_plus_renorm,56848,0.5422066748693425,0.1186736474694589,0.0991026210573078,p_z_plus_renorm
temporal_spike_m2b,0.01,0.15,composite,breadth,58032,0.5595945761019094,0.0068965517241379,0.0061616653902388,p_breadth
temporal_spike_m2b,0.01,0.15,composite,z_mahalanobis_sq,32529,0.5516161304418414,0.2260273972602739,0.1752204667975445,p_z_mahalanobis_sq
temporal_spike_m2b,0.01,0.15,composite,t_iut,58032,0.4976596505148526,0.046551724137931,0.0535229408897862,p_t_iut
temporal_spike_m2b,0.01,0.15,composite,z_plus_softmax,56848,0.5467858458098515,0.137870855148342,0.1256508218569524,p_z_plus_softmax
temporal_spike_m2b,0.01,0.15,composite,z_plus_orth,56848,0.5494964968061509,0.1308900523560209,0.108236339404709,p_z_plus_orth
temporal_spike_m2b,0.01,0.2,detector,z1,53665,0.5201050364899494,0.0982758620689655,0.0864462654233776,
temporal_spike_m2b,0.01,0.2,detector,z2,57180,0.5486344888509809,0.2586206896551724,0.2313427561837455,
temporal_spike_m2b,0.01,0.2,detector,z3,53385,0.4899664764471969,0.0773286467486819,0.0380755831566192,
temporal_spike_m2b,0.01,0.2,detector,z4,57999,0.4719348575135786,0.1384083044982699,0.1946500409257937,
temporal_spike_m2b,0.01,0.2,detector,z6,52095,0.5904780525955617,0.386873920552677,0.237829023992546,
temporal_spike_m2b,0.01,0.2,detector,z8,32545,0.4632931153578509,0.0182648401826484,0.0278755411592487,
temporal_spike_m2b,0.01,0.2,detector,z57,57158,0.5008257443797455,0.1672413793103448,0.1708437908727774,
temporal_spike_m2b,0.01,0.2,composite,z_plus,58032,0.5713420438530996,0.1396551724137931,0.0828517719139455,p_z_plus
temporal_spike_m2b,0.01,0.2,composite,z_plus_renorm,56850,0.5536901503119394,0.1254355400696864,0.0991541687397825,p_z_plus_renorm
temporal_spike_m2b,0.01,0.2,composite,breadth,58032,0.5602844323417209,0.0086206896551724,0.0061268537213674,p_breadth
temporal_spike_m2b,0.01,0.2,composite,z_mahalanobis_sq,32529,0.5646469962915106,0.2420091324200913,0.1751581440279206,p_z_mahalanobis_sq
temporal_spike_m2b,0.01,0.2,composite,t_iut,58032,0.4905487219315914,0.0413793103448275,0.0534707233864791,p_t_iut
temporal_spike_m2b,0.01,0.2,composite,z_plus_softmax,56850,0.55743983795148,0.1445993031358885,0.1256663586608856,p_z_plus_softmax
temporal_spike_m2b,0.01,0.2,composite,z_plus_orth,56850,0.560291837541356,0.1428571428571428,0.1082521856564077,p_z_plus_orth
temporal_spike_m2b,0.01,0.3,detector,z1,53665,0.5201155596262338,0.1017241379310344,0.0864462654233776,
temporal_spike_m2b,0.01,0.3,detector,z2,57180,0.5460618831485318,0.253448275862069,0.2312190812720848,
temporal_spike_m2b,0.01,0.3,detector,z3,53385,0.4866095125352119,0.0878734622144112,0.0380755831566192,
temporal_spike_m2b,0.01,0.3,detector,z4,57999,0.4719373131214608,0.1384083044982699,0.1946500409257937,
temporal_spike_m2b,0.01,0.3,detector,z6,52095,0.6175311699529338,0.4248704663212435,0.2381590185573414,
temporal_spike_m2b,0.01,0.3,detector,z8,32545,0.4632931153578509,0.0182648401826484,0.0278755411592487,
temporal_spike_m2b,0.01,0.3,detector,z57,57158,0.5021023920592993,0.1672413793103448,0.1708437908727774,
temporal_spike_m2b,0.01,0.3,composite,z_plus,58032,0.587310411449918,0.1586206896551724,0.0829039894172526,p_z_plus
temporal_spike_m2b,0.01,0.3,composite,z_plus_renorm,56850,0.570063129430398,0.1408695652173913,0.0992092403376277,p_z_plus_renorm
temporal_spike_m2b,0.01,0.3,composite,breadth,58032,0.5663952907014431,0.0086206896551724,0.0061268537213674,p_breadth
temporal_spike_m2b,0.01,0.3,composite,z_mahalanobis_sq,32529,0.5848153844468265,0.2648401826484018,0.1750334984886728,p_z_mahalanobis_sq
temporal_spike_m2b,0.01,0.3,composite,t_iut,58032,0.4818032204394913,0.0362068965517241,0.0534881292209148,p_t_iut
temporal_spike_m2b,0.01,0.3,composite,z_plus_softmax,56850,0.5728659803372415,0.168695652173913,0.1255797423367392,p_z_plus_softmax
temporal_spike_m2b,0.01,0.3,composite,z_plus_orth,56850,0.5757484403067236,0.1617391304347826,0.1082007996446024,p_z_plus_orth
temporal_spike_m2b,0.05,0.05,detector,z1,53665,0.5249509180353726,0.096325719960278,0.0864446048083861,
temporal_spike_m2b,0.05,0.05,detector,z2,57180,0.5583791532369031,0.2979145978152929,0.2308938457978032,
temporal_spike_m2b,0.05,0.05,detector,z3,53385,0.5120092205588902,0.0584677419354838,0.0381921249021815,
temporal_spike_m2b,0.05,0.05,detector,z4,57999,0.4702830201031897,0.1303482587064676,0.1952135312489034,
temporal_spike_m2b,0.05,0.05,detector,z6,52095,0.5325438004010231,0.2892644135188866,0.2373113586094854,
temporal_spike_m2b,0.05,0.05,detector,z8,32545,0.4753940780330427,0.0234680573663624,0.0278494555982126,
temporal_spike_m2b,0.05,0.05,detector,z57,57158,0.4899858971916359,0.1578947368421052,0.1709853787109757,
temporal_spike_m2b,0.05,0.05,composite,z_plus,58032,0.5450289185695746,0.1211519364448858,0.0828759316089434,p_z_plus
temporal_spike_m2b,0.05,0.05,composite,z_plus_renorm,56842,0.5132722905979064,0.1066398390342052,0.0993410686148116,p_z_plus_renorm
temporal_spike_m2b,0.05,0.05,composite,breadth,58032,0.5671041421143621,0.0089374379344587,0.0061201227531784,p_breadth
temporal_spike_m2b,0.05,0.05,composite,z_mahalanobis_sq,32529,0.5009343859360775,0.1734028683181225,0.1756501479755683,p_z_mahalanobis_sq
temporal_spike_m2b,0.05,0.05,composite,t_iut,58032,0.5134944385356864,0.041708043694141,0.0535379219640508,p_t_iut
temporal_spike_m2b,0.05,0.05,composite,z_plus_softmax,56842,0.5185651493115692,0.1217303822937625,0.1256087953015327,p_z_plus_softmax
temporal_spike_m2b,0.05,0.05,composite,z_plus_orth,56842,0.5214912343276101,0.1116700201207243,0.1081327889987107,p_z_plus_orth
temporal_spike_m2b,0.05,0.1,detector,z1,53665,0.5236899472691124,0.0933465739821251,0.0864446048083861,
temporal_spike_m2b,0.05,0.1,detector,z2,57180,0.5546261884148471,0.2800397219463754,0.2305556050059637,
temporal_spike_m2b,0.05,0.1,detector,z3,53385,0.5090931679188859,0.0685483870967741,0.0380585192678411,
temporal_spike_m2b,0.05,0.1,detector,z4,57999,0.4702874981865072,0.1303482587064676,0.1952135312489034,
temporal_spike_m2b,0.05,0.1,detector,z6,52095,0.5636755715000451,0.345924453280318,0.2379768639041672,
temporal_spike_m2b,0.05,0.1,detector,z8,32545,0.4753940780330427,0.0234680573663624,0.0278494555982126,
temporal_spike_m2b,0.05,0.1,detector,z57,57158,0.4903113779048432,0.1569016881827209,0.1709853787109757,
temporal_spike_m2b,0.05,0.1,composite,z_plus,58032,0.5594021333349587,0.1281032770605759,0.0827356422621657,p_z_plus
temporal_spike_m2b,0.05,0.1,composite,z_plus_renorm,56846,0.5288999058004624,0.110441767068273,0.0991047448522829,p_z_plus_renorm
temporal_spike_m2b,0.05,0.1,composite,breadth,58032,0.5725594664616427,0.0089374379344587,0.0061376589215256,p_breadth
temporal_spike_m2b,0.05,0.1,composite,z_mahalanobis_sq,32529,0.5276828304254746,0.196870925684485,0.1758705371198287,p_z_mahalanobis_sq
temporal_spike_m2b,0.05,0.1,composite,t_iut,58032,0.501377277078861,0.0397219463753723,0.0535729943007452,p_t_iut
temporal_spike_m2b,0.05,0.1,composite,z_plus_softmax,56846,0.5314087684668846,0.1184738955823293,0.1257117278424351,p_z_plus_softmax
temporal_spike_m2b,0.05,0.1,composite,z_plus_orth,56846,0.5341166366450583,0.1114457831325301,0.1082900626678603,p_z_plus_orth
temporal_spike_m2b,0.05,0.15,detector,z1,53665,0.5224386886085072,0.0913604766633565,0.0863306620076721,
temporal_spike_m2b,0.05,0.15,detector,z2,57180,0.5523595083998113,0.2740814299900695,0.2303953856835134,
temporal_spike_m2b,0.05,0.15,detector,z3,53385,0.5086619222556817,0.0756048387096774,0.0380966923062241,
temporal_spike_m2b,0.05,0.15,detector,z4,57999,0.4703075491755526,0.1303482587064676,0.1952135312489034,
temporal_spike_m2b,0.05,0.15,detector,z6,52095,0.5850065591302155,0.3846918489065606,0.2384662060326097,
temporal_spike_m2b,0.05,0.15,detector,z8,32545,0.4753940780330427,0.0234680573663624,0.0278494555982126,
temporal_spike_m2b,0.05,0.15,detector,z57,57158,0.4907234282817733,0.1569016881827209,0.1709853787109757,
temporal_spike_m2b,0.05,0.15,composite,z_plus,58032,0.5706876676939634,0.1360476663356504,0.0827531784305129,p_z_plus
temporal_spike_m2b,0.05,0.15,composite,z_plus_renorm,56849,0.5406011326969522,0.1183550651955867,0.0990653870944639,p_z_plus_renorm
temporal_spike_m2b,0.05,0.15,composite,breadth,58032,0.5755001356136157,0.0109235352532274,0.0061376589215256,p_breadth
temporal_spike_m2b,0.05,0.15,composite,z_mahalanobis_sq,32529,0.5458289148094362,0.2125162972620599,0.1757131163024998,p_z_mahalanobis_sq
temporal_spike_m2b,0.05,0.15,composite,t_iut,58032,0.4942531346771635,0.0427010923535253,0.0535028496273564,p_t_iut
temporal_spike_m2b,0.05,0.15,composite,z_plus_softmax,56849,0.5431522221897376,0.1233701103309929,0.1256535128554035,p_z_plus_softmax
temporal_spike_m2b,0.05,0.15,composite,z_plus_orth,56849,0.5459302422055251,0.1123370110330993,0.1083040893790732,p_z_plus_orth
temporal_spike_m2b,0.05,0.2,detector,z1,53665,0.5209086359402297,0.0903674280039722,0.0863876334080291,
temporal_spike_m2b,0.05,0.2,detector,z2,57180,0.550152148249774,0.2701092353525323,0.2303775835365745,
temporal_spike_m2b,0.05,0.2,detector,z3,53385,0.5076202446860976,0.0836693548387096,0.0379821731910751,
temporal_spike_m2b,0.05,0.2,detector,z4,57999,0.4703091815373076,0.1303482587064676,0.1952135312489034,
temporal_spike_m2b,0.05,0.2,detector,z6,52095,0.6016982428862399,0.4135188866799205,0.2390925639570162,
temporal_spike_m2b,0.05,0.2,detector,z8,32545,0.4753940780330427,0.0234680573663624,0.0278494555982126,
temporal_spike_m2b,0.05,0.2,detector,z57,57158,0.4912187146387462,0.1598808341608738,0.1709853787109757,
temporal_spike_m2b,0.05,0.2,composite,z_plus,58032,0.5800160472483933,0.1429990069513406,0.0827531784305129,p_z_plus
temporal_spike_m2b,0.05,0.2,composite,z_plus_renorm,56849,0.5530446169131186,0.1223671013039117,0.0991191004798395,p_z_plus_renorm
temporal_spike_m2b,0.05,0.2,composite,breadth,58032,0.5768246126304819,0.009930486593843,0.0061025865848312,p_breadth
temporal_spike_m2b,0.05,0.2,composite,z_mahalanobis_sq,32529,0.5606782337376086,0.2294654498044328,0.1757131163024998,p_z_mahalanobis_sq
temporal_spike_m2b,0.05,0.2,composite,t_iut,58032,0.4879132699773222,0.0397219463753723,0.0534853134590092,p_t_iut
temporal_spike_m2b,0.05,0.2,composite,z_plus_softmax,56849,0.5558287876592608,0.1313941825476429,0.1256535128554035,p_z_plus_softmax
temporal_spike_m2b,0.05,0.2,composite,z_plus_orth,56849,0.5588459588462444,0.1283851554663992,0.1082324715319057,p_z_plus_orth
temporal_spike_m2b,0.05,0.3,detector,z1,53665,0.521299656628976,0.0943396226415094,0.0863306620076721,
temporal_spike_m2b,0.05,0.3,detector,z2,57180,0.5477991976517571,0.2601787487586892,0.2301283534794296,
temporal_spike_m2b,0.05,0.3,detector,z3,53385,0.5035086582761917,0.0927419354838709,0.0380012597102666,
temporal_spike_m2b,0.05,0.3,detector,z4,57999,0.4703097925818149,0.1303482587064676,0.1952135312489034,
temporal_spike_m2b,0.05,0.3,detector,z6,52095,0.6291934042362514,0.4473161033797216,0.2397189218814226,
temporal_spike_m2b,0.05,0.3,detector,z8,32545,0.4753940780330427,0.0234680573663624,0.0278494555982126,
temporal_spike_m2b,0.05,0.3,detector,z57,57158,0.4924973724471168,0.1608738828202582,0.1709853787109757,
temporal_spike_m2b,0.05,0.3,composite,z_plus,58032,0.5966642446321606,0.1618669314796425,0.0828057869355545,p_z_plus
temporal_spike_m2b,0.05,0.3,composite,z_plus_renorm,56850,0.5727414134157075,0.1431431431431431,0.0991387799681294,p_z_plus_renorm
temporal_spike_m2b,0.05,0.3,composite,breadth,58032,0.5799371867336361,0.009930486593843,0.0061025865848312,p_breadth
temporal_spike_m2b,0.05,0.3,composite,z_mahalanobis_sq,32529,0.5822772729410979,0.2490221642764015,0.1756186638121025,p_z_mahalanobis_sq
temporal_spike_m2b,0.05,0.3,composite,t_iut,58032,0.4811593549232532,0.0397219463753723,0.0535028496273564,p_t_iut
temporal_spike_m2b,0.05,0.3,composite,z_plus_softmax,56850,0.5739981086886246,0.1521521521521521,0.1254588100481638,p_z_plus_softmax
temporal_spike_m2b,0.05,0.3,composite,z_plus_orth,56850,0.5772786985477896,0.1461461461461461,0.1081806950636515,p_z_plus_orth
temporal_spike_m2b,0.1,0.05,detector,z1,53665,0.5249509180353726,0.096325719960278,0.0864446048083861,
temporal_spike_m2b,0.1,0.05,detector,z2,57180,0.5583791532369031,0.2979145978152929,0.2308938457978032,
temporal_spike_m2b,0.1,0.05,detector,z3,53385,0.5120092205588902,0.0584677419354838,0.0381921249021815,
temporal_spike_m2b,0.1,0.05,detector,z4,57999,0.4702830201031897,0.1303482587064676,0.1952135312489034,
temporal_spike_m2b,0.1,0.05,detector,z6,52095,0.5325438004010231,0.2892644135188866,0.2373113586094854,
temporal_spike_m2b,0.1,0.05,detector,z8,32545,0.4753940780330427,0.0234680573663624,0.0278494555982126,
temporal_spike_m2b,0.1,0.05,detector,z57,57158,0.4899858971916359,0.1578947368421052,0.1709853787109757,
temporal_spike_m2b,0.1,0.05,composite,z_plus,58032,0.5450289185695746,0.1211519364448858,0.0828759316089434,p_z_plus
temporal_spike_m2b,0.1,0.05,composite,z_plus_renorm,56842,0.5132722905979064,0.1066398390342052,0.0993410686148116,p_z_plus_renorm
temporal_spike_m2b,0.1,0.05,composite,breadth,58032,0.5671041421143621,0.0089374379344587,0.0061201227531784,p_breadth
temporal_spike_m2b,0.1,0.05,composite,z_mahalanobis_sq,32529,0.5009343859360775,0.1734028683181225,0.1756501479755683,p_z_mahalanobis_sq
temporal_spike_m2b,0.1,0.05,composite,t_iut,58032,0.5134944385356864,0.041708043694141,0.0535379219640508,p_t_iut
temporal_spike_m2b,0.1,0.05,composite,z_plus_softmax,56842,0.5185651493115692,0.1217303822937625,0.1256087953015327,p_z_plus_softmax
temporal_spike_m2b,0.1,0.05,composite,z_plus_orth,56842,0.5214912343276101,0.1116700201207243,0.1081327889987107,p_z_plus_orth
temporal_spike_m2b,0.1,0.1,detector,z1,53665,0.5236899472691124,0.0933465739821251,0.0864446048083861,
temporal_spike_m2b,0.1,0.1,detector,z2,57180,0.5546261884148471,0.2800397219463754,0.2305556050059637,
temporal_spike_m2b,0.1,0.1,detector,z3,53385,0.5090931679188859,0.0685483870967741,0.0380585192678411,
temporal_spike_m2b,0.1,0.1,detector,z4,57999,0.4702874981865072,0.1303482587064676,0.1952135312489034,
temporal_spike_m2b,0.1,0.1,detector,z6,52095,0.5636755715000451,0.345924453280318,0.2379768639041672,
temporal_spike_m2b,0.1,0.1,detector,z8,32545,0.4753940780330427,0.0234680573663624,0.0278494555982126,
temporal_spike_m2b,0.1,0.1,detector,z57,57158,0.4903113779048432,0.1569016881827209,0.1709853787109757,
temporal_spike_m2b,0.1,0.1,composite,z_plus,58032,0.5594021333349587,0.1281032770605759,0.0827356422621657,p_z_plus
temporal_spike_m2b,0.1,0.1,composite,z_plus_renorm,56846,0.5288999058004624,0.110441767068273,0.0991047448522829,p_z_plus_renorm
temporal_spike_m2b,0.1,0.1,composite,breadth,58032,0.5725594664616427,0.0089374379344587,0.0061376589215256,p_breadth
temporal_spike_m2b,0.1,0.1,composite,z_mahalanobis_sq,32529,0.5276828304254746,0.196870925684485,0.1758705371198287,p_z_mahalanobis_sq
temporal_spike_m2b,0.1,0.1,composite,t_iut,58032,0.501377277078861,0.0397219463753723,0.0535729943007452,p_t_iut
temporal_spike_m2b,0.1,0.1,composite,z_plus_softmax,56846,0.5314087684668846,0.1184738955823293,0.1257117278424351,p_z_plus_softmax
temporal_spike_m2b,0.1,0.1,composite,z_plus_orth,56846,0.5341166366450583,0.1114457831325301,0.1082900626678603,p_z_plus_orth
temporal_spike_m2b,0.1,0.15,detector,z1,53665,0.5224386886085072,0.0913604766633565,0.0863306620076721,
temporal_spike_m2b,0.1,0.15,detector,z2,57180,0.5523595083998113,0.2740814299900695,0.2303953856835134,
temporal_spike_m2b,0.1,0.15,detector,z3,53385,0.5086619222556817,0.0756048387096774,0.0380966923062241,
temporal_spike_m2b,0.1,0.15,detector,z4,57999,0.4703075491755526,0.1303482587064676,0.1952135312489034,
temporal_spike_m2b,0.1,0.15,detector,z6,52095,0.5850065591302155,0.3846918489065606,0.2384662060326097,
temporal_spike_m2b,0.1,0.15,detector,z8,32545,0.4753940780330427,0.0234680573663624,0.0278494555982126,
temporal_spike_m2b,0.1,0.15,detector,z57,57158,0.4907234282817733,0.1569016881827209,0.1709853787109757,
temporal_spike_m2b,0.1,0.15,composite,z_plus,58032,0.5706876676939634,0.1360476663356504,0.0827531784305129,p_z_plus
temporal_spike_m2b,0.1,0.15,composite,z_plus_renorm,56849,0.5406011326969522,0.1183550651955867,0.0990653870944639,p_z_plus_renorm
temporal_spike_m2b,0.1,0.15,composite,breadth,58032,0.5755001356136157,0.0109235352532274,0.0061376589215256,p_breadth
temporal_spike_m2b,0.1,0.15,composite,z_mahalanobis_sq,32529,0.5458289148094362,0.2125162972620599,0.1757131163024998,p_z_mahalanobis_sq
temporal_spike_m2b,0.1,0.15,composite,t_iut,58032,0.4942531346771635,0.0427010923535253,0.0535028496273564,p_t_iut
temporal_spike_m2b,0.1,0.15,composite,z_plus_softmax,56849,0.5431522221897376,0.1233701103309929,0.1256535128554035,p_z_plus_softmax
temporal_spike_m2b,0.1,0.15,composite,z_plus_orth,56849,0.5459302422055251,0.1123370110330993,0.1083040893790732,p_z_plus_orth
temporal_spike_m2b,0.1,0.2,detector,z1,53665,0.5209086359402297,0.0903674280039722,0.0863876334080291,
temporal_spike_m2b,0.1,0.2,detector,z2,57180,0.550152148249774,0.2701092353525323,0.2303775835365745,
temporal_spike_m2b,0.1,0.2,detector,z3,53385,0.5076202446860976,0.0836693548387096,0.0379821731910751,
temporal_spike_m2b,0.1,0.2,detector,z4,57999,0.4703091815373076,0.1303482587064676,0.1952135312489034,
temporal_spike_m2b,0.1,0.2,detector,z6,52095,0.6016982428862399,0.4135188866799205,0.2390925639570162,
temporal_spike_m2b,0.1,0.2,detector,z8,32545,0.4753940780330427,0.0234680573663624,0.0278494555982126,
temporal_spike_m2b,0.1,0.2,detector,z57,57158,0.4912187146387462,0.1598808341608738,0.1709853787109757,
temporal_spike_m2b,0.1,0.2,composite,z_plus,58032,0.5800160472483933,0.1429990069513406,0.0827531784305129,p_z_plus
temporal_spike_m2b,0.1,0.2,composite,z_plus_renorm,56849,0.5530446169131186,0.1223671013039117,0.0991191004798395,p_z_plus_renorm
temporal_spike_m2b,0.1,0.2,composite,breadth,58032,0.5768246126304819,0.009930486593843,0.0061025865848312,p_breadth
temporal_spike_m2b,0.1,0.2,composite,z_mahalanobis_sq,32529,0.5606782337376086,0.2294654498044328,0.1757131163024998,p_z_mahalanobis_sq
temporal_spike_m2b,0.1,0.2,composite,t_iut,58032,0.4879132699773222,0.0397219463753723,0.0534853134590092,p_t_iut
temporal_spike_m2b,0.1,0.2,composite,z_plus_softmax,56849,0.5558287876592608,0.1313941825476429,0.1256535128554035,p_z_plus_softmax
temporal_spike_m2b,0.1,0.2,composite,z_plus_orth,56849,0.5588459588462444,0.1283851554663992,0.1082324715319057,p_z_plus_orth
temporal_spike_m2b,0.1,0.3,detector,z1,53665,0.521299656628976,0.0943396226415094,0.0863306620076721,
temporal_spike_m2b,0.1,0.3,detector,z2,57180,0.5477991976517571,0.2601787487586892,0.2301283534794296,
temporal_spike_m2b,0.1,0.3,detector,z3,53385,0.5035086582761917,0.0927419354838709,0.0380012597102666,
temporal_spike_m2b,0.1,0.3,detector,z4,57999,0.4703097925818149,0.1303482587064676,0.1952135312489034,
temporal_spike_m2b,0.1,0.3,detector,z6,52095,0.6291934042362514,0.4473161033797216,0.2397189218814226,
temporal_spike_m2b,0.1,0.3,detector,z8,32545,0.4753940780330427,0.0234680573663624,0.0278494555982126,
temporal_spike_m2b,0.1,0.3,detector,z57,57158,0.4924973724471168,0.1608738828202582,0.1709853787109757,
temporal_spike_m2b,0.1,0.3,composite,z_plus,58032,0.5966642446321606,0.1618669314796425,0.0828057869355545,p_z_plus
temporal_spike_m2b,0.1,0.3,composite,z_plus_renorm,56850,0.5727414134157075,0.1431431431431431,0.0991387799681294,p_z_plus_renorm
temporal_spike_m2b,0.1,0.3,composite,breadth,58032,0.5799371867336361,0.009930486593843,0.0061025865848312,p_breadth
temporal_spike_m2b,0.1,0.3,composite,z_mahalanobis_sq,32529,0.5822772729410979,0.2490221642764015,0.1756186638121025,p_z_mahalanobis_sq
temporal_spike_m2b,0.1,0.3,composite,t_iut,58032,0.4811593549232532,0.0397219463753723,0.0535028496273564,p_t_iut
temporal_spike_m2b,0.1,0.3,composite,z_plus_softmax,56850,0.5739981086886246,0.1521521521521521,0.1254588100481638,p_z_plus_softmax
temporal_spike_m2b,0.1,0.3,composite,z_plus_orth,56850,0.5772786985477896,0.1461461461461461,0.1081806950636515,p_z_plus_orth
benford_m3_v2,0.01,0.05,detector,z1,53665,0.562217878388047,0.1418439716312056,0.085158471591872,
benford_m3_v2,0.01,0.05,detector,z2,57180,0.2426989295376238,0.0640138408304498,0.2342143387159464,
benford_m3_v2,0.01,0.05,detector,z3,53385,0.6168933640960489,0.0863557858376511,0.0378366094761958,
benford_m3_v2,0.01,0.05,detector,z4,57999,0.8091312889942114,0.7137931034482758,0.1888399310332816,
benford_m3_v2,0.01,0.05,detector,z6,52096,0.72757745415391,0.5935828877005348,0.2355680605413796,
benford_m3_v2,0.01,0.05,detector,z8,32545,0.480611944004718,0.0396341463414634,0.0275941273240835,
benford_m3_v2,0.01,0.05,detector,z57,57158,0.7561864853037795,0.4724137931034483,0.1686521262681607,
benford_m3_v2,0.01,0.05,composite,z_plus,58032,0.83271587136008,0.4603448275862069,0.0801712734108473,p_z_plus
benford_m3_v2,0.01,0.05,composite,z_plus_renorm,56840,0.8096587273373623,0.3931034482758621,0.0984358336295769,p_z_plus_renorm
benford_m3_v2,0.01,0.05,composite,breadth,58032,0.6849228711464084,0.0086206896551724,0.0061790712246745,p_breadth
benford_m3_v2,0.01,0.05,composite,z_mahalanobis_sq,32529,0.9046579374523288,0.8628048780487805,0.1680382596813763,p_z_mahalanobis_sq
benford_m3_v2,0.01,0.05,composite,t_iut,58032,0.2762897573266559,0.046551724137931,0.0533314767109935,p_t_iut
benford_m3_v2,0.01,0.05,composite,z_plus_softmax,56840,0.8011571582676489,0.4103448275862069,0.1235691432634198,p_z_plus_softmax
benford_m3_v2,0.01,0.05,composite,z_plus_orth,56840,0.799672916385746,0.35,0.1065232847493778,p_z_plus_orth
benford_m3_v2,0.01,0.1,detector,z1,53665,0.562217878388047,0.1418439716312056,0.085158471591872,
benford_m3_v2,0.01,0.1,detector,z2,57180,0.2426989295376238,0.0640138408304498,0.2342143387159464,
benford_m3_v2,0.01,0.1,detector,z3,53385,0.6168933640960489,0.0863557858376511,0.0378366094761958,
benford_m3_v2,0.01,0.1,detector,z4,57999,0.8091312889942114,0.7137931034482758,0.1888399310332816,
benford_m3_v2,0.01,0.1,detector,z6,52096,0.72757745415391,0.5935828877005348,0.2355680605413796,
benford_m3_v2,0.01,0.1,detector,z8,32545,0.480611944004718,0.0396341463414634,0.0275941273240835,
benford_m3_v2,0.01,0.1,detector,z57,57158,0.7561864853037795,0.4724137931034483,0.1686521262681607,
benford_m3_v2,0.01,0.1,composite,z_plus,58032,0.83271587136008,0.4603448275862069,0.0801712734108473,p_z_plus
benford_m3_v2,0.01,0.1,composite,z_plus_renorm,56840,0.8096587273373623,0.3931034482758621,0.0984358336295769,p_z_plus_renorm
benford_m3_v2,0.01,0.1,composite,breadth,58032,0.6849228711464084,0.0086206896551724,0.0061790712246745,p_breadth
benford_m3_v2,0.01,0.1,composite,z_mahalanobis_sq,32529,0.9046579374523288,0.8628048780487805,0.1680382596813763,p_z_mahalanobis_sq
benford_m3_v2,0.01,0.1,composite,t_iut,58032,0.2762897573266559,0.046551724137931,0.0533314767109935,p_t_iut
benford_m3_v2,0.01,0.1,composite,z_plus_softmax,56840,0.8011571582676489,0.4103448275862069,0.1235691432634198,p_z_plus_softmax
benford_m3_v2,0.01,0.1,composite,z_plus_orth,56840,0.799672916385746,0.35,0.1065232847493778,p_z_plus_orth
benford_m3_v2,0.01,0.15,detector,z1,53665,0.562217878388047,0.1418439716312056,0.085158471591872,
benford_m3_v2,0.01,0.15,detector,z2,57180,0.2426989295376238,0.0640138408304498,0.2342143387159464,
benford_m3_v2,0.01,0.15,detector,z3,53385,0.6168933640960489,0.0863557858376511,0.0378366094761958,
benford_m3_v2,0.01,0.15,detector,z4,57999,0.8091312889942114,0.7137931034482758,0.1888399310332816,
benford_m3_v2,0.01,0.15,detector,z6,52096,0.72757745415391,0.5935828877005348,0.2355680605413796,
benford_m3_v2,0.01,0.15,detector,z8,32545,0.480611944004718,0.0396341463414634,0.0275941273240835,
benford_m3_v2,0.01,0.15,detector,z57,57158,0.7561864853037795,0.4724137931034483,0.1686521262681607,
benford_m3_v2,0.01,0.15,composite,z_plus,58032,0.83271587136008,0.4603448275862069,0.0801712734108473,p_z_plus
benford_m3_v2,0.01,0.15,composite,z_plus_renorm,56840,0.8096587273373623,0.3931034482758621,0.0984358336295769,p_z_plus_renorm
benford_m3_v2,0.01,0.15,composite,breadth,58032,0.6849228711464084,0.0086206896551724,0.0061790712246745,p_breadth
benford_m3_v2,0.01,0.15,composite,z_mahalanobis_sq,32529,0.9046579374523288,0.8628048780487805,0.1680382596813763,p_z_mahalanobis_sq
benford_m3_v2,0.01,0.15,composite,t_iut,58032,0.2762897573266559,0.046551724137931,0.0533314767109935,p_t_iut
benford_m3_v2,0.01,0.15,composite,z_plus_softmax,56840,0.8011571582676489,0.4103448275862069,0.1235691432634198,p_z_plus_softmax
benford_m3_v2,0.01,0.15,composite,z_plus_orth,56840,0.799672916385746,0.35,0.1065232847493778,p_z_plus_orth
benford_m3_v2,0.01,0.2,detector,z1,53665,0.562217878388047,0.1418439716312056,0.085158471591872,
benford_m3_v2,0.01,0.2,detector,z2,57180,0.2426989295376238,0.0640138408304498,0.2342143387159464,
benford_m3_v2,0.01,0.2,detector,z3,53385,0.6168933640960489,0.0863557858376511,0.0378366094761958,
benford_m3_v2,0.01,0.2,detector,z4,57999,0.8091312889942114,0.7137931034482758,0.1888399310332816,
benford_m3_v2,0.01,0.2,detector,z6,52096,0.72757745415391,0.5935828877005348,0.2355680605413796,
benford_m3_v2,0.01,0.2,detector,z8,32545,0.480611944004718,0.0396341463414634,0.0275941273240835,
benford_m3_v2,0.01,0.2,detector,z57,57158,0.7561864853037795,0.4724137931034483,0.1686521262681607,
benford_m3_v2,0.01,0.2,composite,z_plus,58032,0.83271587136008,0.4603448275862069,0.0801712734108473,p_z_plus
benford_m3_v2,0.01,0.2,composite,z_plus_renorm,56840,0.8096587273373623,0.3931034482758621,0.0984358336295769,p_z_plus_renorm
benford_m3_v2,0.01,0.2,composite,breadth,58032,0.6849228711464084,0.0086206896551724,0.0061790712246745,p_breadth
benford_m3_v2,0.01,0.2,composite,z_mahalanobis_sq,32529,0.9046579374523288,0.8628048780487805,0.1680382596813763,p_z_mahalanobis_sq
benford_m3_v2,0.01,0.2,composite,t_iut,58032,0.2762897573266559,0.046551724137931,0.0533314767109935,p_t_iut
benford_m3_v2,0.01,0.2,composite,z_plus_softmax,56840,0.8011571582676489,0.4103448275862069,0.1235691432634198,p_z_plus_softmax
benford_m3_v2,0.01,0.2,composite,z_plus_orth,56840,0.799672916385746,0.35,0.1065232847493778,p_z_plus_orth
benford_m3_v2,0.01,0.3,detector,z1,53665,0.562217878388047,0.1418439716312056,0.085158471591872,
benford_m3_v2,0.01,0.3,detector,z2,57180,0.2426989295376238,0.0640138408304498,0.2342143387159464,
benford_m3_v2,0.01,0.3,detector,z3,53385,0.6168933640960489,0.0863557858376511,0.0378366094761958,
benford_m3_v2,0.01,0.3,detector,z4,57999,0.8091312889942114,0.7137931034482758,0.1888399310332816,
benford_m3_v2,0.01,0.3,detector,z6,52096,0.72757745415391,0.5935828877005348,0.2355680605413796,
benford_m3_v2,0.01,0.3,detector,z8,32545,0.480611944004718,0.0396341463414634,0.0275941273240835,
benford_m3_v2,0.01,0.3,detector,z57,57158,0.7561864853037795,0.4724137931034483,0.1686521262681607,
benford_m3_v2,0.01,0.3,composite,z_plus,58032,0.83271587136008,0.4603448275862069,0.0801712734108473,p_z_plus
benford_m3_v2,0.01,0.3,composite,z_plus_renorm,56840,0.8096587273373623,0.3931034482758621,0.0984358336295769,p_z_plus_renorm
benford_m3_v2,0.01,0.3,composite,breadth,58032,0.6849228711464084,0.0086206896551724,0.0061790712246745,p_breadth
benford_m3_v2,0.01,0.3,composite,z_mahalanobis_sq,32529,0.9046579374523288,0.8628048780487805,0.1680382596813763,p_z_mahalanobis_sq
benford_m3_v2,0.01,0.3,composite,t_iut,58032,0.2762897573266559,0.046551724137931,0.0533314767109935,p_t_iut
benford_m3_v2,0.01,0.3,composite,z_plus_softmax,56840,0.8011571582676489,0.4103448275862069,0.1235691432634198,p_z_plus_softmax
benford_m3_v2,0.01,0.3,composite,z_plus_orth,56840,0.799672916385746,0.35,0.1065232847493778,p_z_plus_orth
benford_m3_v2,0.05,0.05,detector,z1,53665,0.5444313596043111,0.1342806394316163,0.0795476892822025,
benford_m3_v2,0.05,0.05,detector,z2,57180,0.2333382629029891,0.0723684210526315,0.2409194724821336,
benford_m3_v2,0.05,0.05,detector,z3,53385,0.6221325483491489,0.0842832469775475,0.0370172311348782,
benford_m3_v2,0.05,0.05,detector,z4,57999,0.8218697956502927,0.708132322536182,0.1670145379966241,
benford_m3_v2,0.05,0.05,detector,z6,52097,0.6288848867898869,0.4199785177228786,0.2317661852993671,
benford_m3_v2,0.05,0.05,detector,z8,32545,0.4880006927285651,0.0317757009345794,0.0274078862314156,
benford_m3_v2,0.05,0.05,detector,z57,57158,0.7620659447180592,0.4745003445899379,0.1588948687702742,
benford_m3_v2,0.05,0.05,composite,z_plus,58032,0.8041354449098009,0.3263266712611992,0.070633049156539,p_z_plus
benford_m3_v2,0.05,0.05,composite,z_plus_renorm,56846,0.7818795421140986,0.3167873147190624,0.0913523032718509,p_z_plus_renorm
benford_m3_v2,0.05,0.05,composite,breadth,58032,0.6671129719953951,0.0044796691936595,0.0059858516234355,p_breadth
benford_m3_v2,0.05,0.05,composite,z_mahalanobis_sq,32529,0.9038087345883848,0.7775700934579439,0.1400206958996248,p_z_mahalanobis_sq
benford_m3_v2,0.05,0.05,composite,t_iut,58032,0.2679877729014173,0.0410062026188835,0.0526573553419191,p_t_iut
benford_m3_v2,0.05,0.05,composite,z_plus_softmax,56846,0.7833250790467354,0.3426404688038607,0.1111873204189452,p_z_plus_softmax
benford_m3_v2,0.05,0.05,composite,z_plus_orth,56846,0.782409672752282,0.2885211995863495,0.0960978774677912,p_z_plus_orth
benford_m3_v2,0.05,0.1,detector,z1,53665,0.5444313596043111,0.1342806394316163,0.0795476892822025,
benford_m3_v2,0.05,0.1,detector,z2,57180,0.2333382629029891,0.0723684210526315,0.2409194724821336,
benford_m3_v2,0.05,0.1,detector,z3,53385,0.6221325483491489,0.0842832469775475,0.0370172311348782,
benford_m3_v2,0.05,0.1,detector,z4,57999,0.8218697956502927,0.708132322536182,0.1670145379966241,
benford_m3_v2,0.05,0.1,detector,z6,52097,0.6288848867898869,0.4199785177228786,0.2317661852993671,
benford_m3_v2,0.05,0.1,detector,z8,32545,0.4880006927285651,0.0317757009345794,0.0274078862314156,
benford_m3_v2,0.05,0.1,detector,z57,57158,0.7620659447180592,0.4745003445899379,0.1588948687702742,
benford_m3_v2,0.05,0.1,composite,z_plus,58032,0.8041354449098009,0.3263266712611992,0.070633049156539,p_z_plus
benford_m3_v2,0.05,0.1,composite,z_plus_renorm,56846,0.7818795421140986,0.3167873147190624,0.0913523032718509,p_z_plus_renorm
benford_m3_v2,0.05,0.1,composite,breadth,58032,0.6671129719953951,0.0044796691936595,0.0059858516234355,p_breadth
benford_m3_v2,0.05,0.1,composite,z_mahalanobis_sq,32529,0.9038087345883848,0.7775700934579439,0.1400206958996248,p_z_mahalanobis_sq
benford_m3_v2,0.05,0.1,composite,t_iut,58032,0.2679877729014173,0.0410062026188835,0.0526573553419191,p_t_iut
benford_m3_v2,0.05,0.1,composite,z_plus_softmax,56846,0.7833250790467354,0.3426404688038607,0.1111873204189452,p_z_plus_softmax
benford_m3_v2,0.05,0.1,composite,z_plus_orth,56846,0.782409672752282,0.2885211995863495,0.0960978774677912,p_z_plus_orth
benford_m3_v2,0.05,0.15,detector,z1,53665,0.5444313596043111,0.1342806394316163,0.0795476892822025,
benford_m3_v2,0.05,0.15,detector,z2,57180,0.2333382629029891,0.0723684210526315,0.2409194724821336,
benford_m3_v2,0.05,0.15,detector,z3,53385,0.6221325483491489,0.0842832469775475,0.0370172311348782,
benford_m3_v2,0.05,0.15,detector,z4,57999,0.8218697956502927,0.708132322536182,0.1670145379966241,
benford_m3_v2,0.05,0.15,detector,z6,52097,0.6288848867898869,0.4199785177228786,0.2317661852993671,
benford_m3_v2,0.05,0.15,detector,z8,32545,0.4880006927285651,0.0317757009345794,0.0274078862314156,
benford_m3_v2,0.05,0.15,detector,z57,57158,0.7620659447180592,0.4745003445899379,0.1588948687702742,
benford_m3_v2,0.05,0.15,composite,z_plus,58032,0.8041354449098009,0.3263266712611992,0.070633049156539,p_z_plus
benford_m3_v2,0.05,0.15,composite,z_plus_renorm,56846,0.7818795421140986,0.3167873147190624,0.0913523032718509,p_z_plus_renorm
benford_m3_v2,0.05,0.15,composite,breadth,58032,0.6671129719953951,0.0044796691936595,0.0059858516234355,p_breadth
benford_m3_v2,0.05,0.15,composite,z_mahalanobis_sq,32529,0.9038087345883848,0.7775700934579439,0.1400206958996248,p_z_mahalanobis_sq
benford_m3_v2,0.05,0.15,composite,t_iut,58032,0.2679877729014173,0.0410062026188835,0.0526573553419191,p_t_iut
benford_m3_v2,0.05,0.15,composite,z_plus_softmax,56846,0.7833250790467354,0.3426404688038607,0.1111873204189452,p_z_plus_softmax
benford_m3_v2,0.05,0.15,composite,z_plus_orth,56846,0.782409672752282,0.2885211995863495,0.0960978774677912,p_z_plus_orth
benford_m3_v2,0.05,0.2,detector,z1,53665,0.5444313596043111,0.1342806394316163,0.0795476892822025,
benford_m3_v2,0.05,0.2,detector,z2,57180,0.2333382629029891,0.0723684210526315,0.2409194724821336,
benford_m3_v2,0.05,0.2,detector,z3,53385,0.6221325483491489,0.0842832469775475,0.0370172311348782,
benford_m3_v2,0.05,0.2,detector,z4,57999,0.8218697956502927,0.708132322536182,0.1670145379966241,
benford_m3_v2,0.05,0.2,detector,z6,52097,0.6288848867898869,0.4199785177228786,0.2317661852993671,
benford_m3_v2,0.05,0.2,detector,z8,32545,0.4880006927285651,0.0317757009345794,0.0274078862314156,
benford_m3_v2,0.05,0.2,detector,z57,57158,0.7620659447180592,0.4745003445899379,0.1588948687702742,
benford_m3_v2,0.05,0.2,composite,z_plus,58032,0.8041354449098009,0.3263266712611992,0.070633049156539,p_z_plus
benford_m3_v2,0.05,0.2,composite,z_plus_renorm,56846,0.7818795421140986,0.3167873147190624,0.0913523032718509,p_z_plus_renorm
benford_m3_v2,0.05,0.2,composite,breadth,58032,0.6671129719953951,0.0044796691936595,0.0059858516234355,p_breadth
benford_m3_v2,0.05,0.2,composite,z_mahalanobis_sq,32529,0.9038087345883848,0.7775700934579439,0.1400206958996248,p_z_mahalanobis_sq
benford_m3_v2,0.05,0.2,composite,t_iut,58032,0.2679877729014173,0.0410062026188835,0.0526573553419191,p_t_iut
benford_m3_v2,0.05,0.2,composite,z_plus_softmax,56846,0.7833250790467354,0.3426404688038607,0.1111873204189452,p_z_plus_softmax
benford_m3_v2,0.05,0.2,composite,z_plus_orth,56846,0.782409672752282,0.2885211995863495,0.0960978774677912,p_z_plus_orth
benford_m3_v2,0.05,0.3,detector,z1,53665,0.5444313596043111,0.1342806394316163,0.0795476892822025,
benford_m3_v2,0.05,0.3,detector,z2,57180,0.2333382629029891,0.0723684210526315,0.2409194724821336,
benford_m3_v2,0.05,0.3,detector,z3,53385,0.6221325483491489,0.0842832469775475,0.0370172311348782,
benford_m3_v2,0.05,0.3,detector,z4,57999,0.8218697956502927,0.708132322536182,0.1670145379966241,
benford_m3_v2,0.05,0.3,detector,z6,52097,0.6288848867898869,0.4199785177228786,0.2317661852993671,
benford_m3_v2,0.05,0.3,detector,z8,32545,0.4880006927285651,0.0317757009345794,0.0274078862314156,
benford_m3_v2,0.05,0.3,detector,z57,57158,0.7620659447180592,0.4745003445899379,0.1588948687702742,
benford_m3_v2,0.05,0.3,composite,z_plus,58032,0.8041354449098009,0.3263266712611992,0.070633049156539,p_z_plus
benford_m3_v2,0.05,0.3,composite,z_plus_renorm,56846,0.7818795421140986,0.3167873147190624,0.0913523032718509,p_z_plus_renorm
benford_m3_v2,0.05,0.3,composite,breadth,58032,0.6671129719953951,0.0044796691936595,0.0059858516234355,p_breadth
benford_m3_v2,0.05,0.3,composite,z_mahalanobis_sq,32529,0.9038087345883848,0.7775700934579439,0.1400206958996248,p_z_mahalanobis_sq
benford_m3_v2,0.05,0.3,composite,t_iut,58032,0.2679877729014173,0.0410062026188835,0.0526573553419191,p_t_iut
benford_m3_v2,0.05,0.3,composite,z_plus_softmax,56846,0.7833250790467354,0.3426404688038607,0.1111873204189452,p_z_plus_softmax
benford_m3_v2,0.05,0.3,composite,z_plus_orth,56846,0.782409672752282,0.2885211995863495,0.0960978774677912,p_z_plus_orth
benford_m3_v2,0.1,0.05,detector,z1,53665,0.5278582804306117,0.1211097279032544,0.0757670371758045,
benford_m3_v2,0.1,0.05,detector,z2,57180,0.2132860759834789,0.0685714285714285,0.2506370975586032,
benford_m3_v2,0.1,0.05,detector,z3,53385,0.6356873087950099,0.0991521024398685,0.0352056463470991,
benford_m3_v2,0.1,0.05,detector,z4,57999,0.8424029777764579,0.7054971566431156,0.135010345620354,
benford_m3_v2,0.1,0.05,detector,z6,52099,0.5709094796198817,0.325089605734767,0.2288527268427954,
benford_m3_v2,0.1,0.05,detector,z8,32546,0.4883920390741389,0.0298136645962732,0.0273818454613653,
benford_m3_v2,0.1,0.05,detector,z57,57158,0.7775263795901028,0.4752714113389626,0.1454191412715412,
benford_m3_v2,0.1,0.05,composite,z_plus,58032,0.8071900364995764,0.2774427020506634,0.0607133967719083,p_z_plus
benford_m3_v2,0.1,0.05,composite,z_plus_renorm,56828,0.7871436210100833,0.2824624935333678,0.0835603284406905,p_z_plus_renorm
benford_m3_v2,0.1,0.05,composite,breadth,58032,0.6596821635649553,0.0029295192141995,0.0061460108368913,p_breadth
benford_m3_v2,0.1,0.05,composite,z_mahalanobis_sq,32530,0.922356539963678,0.7822981366459627,0.1040600477652678,p_z_mahalanobis_sq
benford_m3_v2,0.1,0.05,composite,t_iut,58032,0.2454673515278246,0.0379114251249353,0.0532271343506481,p_t_iut
benford_m3_v2,0.1,0.05,composite,z_plus_softmax,56828,0.7951604234551161,0.3452319365407829,0.0967685041838954,p_z_plus_softmax
benford_m3_v2,0.1,0.05,composite,z_plus_orth,56828,0.792820216235441,0.2828073805828591,0.0856375786317584,p_z_plus_orth
benford_m3_v2,0.1,0.1,detector,z1,53665,0.5278582804306117,0.1211097279032544,0.0757670371758045,
benford_m3_v2,0.1,0.1,detector,z2,57180,0.2132860759834789,0.0685714285714285,0.2506370975586032,
benford_m3_v2,0.1,0.1,detector,z3,53385,0.6356873087950099,0.0991521024398685,0.0352056463470991,
benford_m3_v2,0.1,0.1,detector,z4,57999,0.8424029777764579,0.7054971566431156,0.135010345620354,
benford_m3_v2,0.1,0.1,detector,z6,52099,0.5709094796198817,0.325089605734767,0.2288527268427954,
benford_m3_v2,0.1,0.1,detector,z8,32546,0.4883920390741389,0.0298136645962732,0.0273818454613653,
benford_m3_v2,0.1,0.1,detector,z57,57158,0.7775263795901028,0.4752714113389626,0.1454191412715412,
benford_m3_v2,0.1,0.1,composite,z_plus,58032,0.8071900364995764,0.2774427020506634,0.0607133967719083,p_z_plus
benford_m3_v2,0.1,0.1,composite,z_plus_renorm,56828,0.7871436210100833,0.2824624935333678,0.0835603284406905,p_z_plus_renorm
benford_m3_v2,0.1,0.1,composite,breadth,58032,0.6596821635649553,0.0029295192141995,0.0061460108368913,p_breadth
benford_m3_v2,0.1,0.1,composite,z_mahalanobis_sq,32530,0.922356539963678,0.7822981366459627,0.1040600477652678,p_z_mahalanobis_sq
benford_m3_v2,0.1,0.1,composite,t_iut,58032,0.2454673515278246,0.0379114251249353,0.0532271343506481,p_t_iut
benford_m3_v2,0.1,0.1,composite,z_plus_softmax,56828,0.7951604234551161,0.3452319365407829,0.0967685041838954,p_z_plus_softmax
benford_m3_v2,0.1,0.1,composite,z_plus_orth,56828,0.792820216235441,0.2828073805828591,0.0856375786317584,p_z_plus_orth
benford_m3_v2,0.1,0.15,detector,z1,53665,0.5278582804306117,0.1211097279032544,0.0757670371758045,
benford_m3_v2,0.1,0.15,detector,z2,57180,0.2132860759834789,0.0685714285714285,0.2506370975586032,
benford_m3_v2,0.1,0.15,detector,z3,53385,0.6356873087950099,0.0991521024398685,0.0352056463470991,
benford_m3_v2,0.1,0.15,detector,z4,57999,0.8424029777764579,0.7054971566431156,0.135010345620354,
benford_m3_v2,0.1,0.15,detector,z6,52099,0.5709094796198817,0.325089605734767,0.2288527268427954,
benford_m3_v2,0.1,0.15,detector,z8,32546,0.4883920390741389,0.0298136645962732,0.0273818454613653,
benford_m3_v2,0.1,0.15,detector,z57,57158,0.7775263795901028,0.4752714113389626,0.1454191412715412,
benford_m3_v2,0.1,0.15,composite,z_plus,58032,0.8071900364995764,0.2774427020506634,0.0607133967719083,p_z_plus
benford_m3_v2,0.1,0.15,composite,z_plus_renorm,56828,0.7871436210100833,0.2824624935333678,0.0835603284406905,p_z_plus_renorm
benford_m3_v2,0.1,0.15,composite,breadth,58032,0.6596821635649553,0.0029295192141995,0.0061460108368913,p_breadth
benford_m3_v2,0.1,0.15,composite,z_mahalanobis_sq,32530,0.922356539963678,0.7822981366459627,0.1040600477652678,p_z_mahalanobis_sq
benford_m3_v2,0.1,0.15,composite,t_iut,58032,0.2454673515278246,0.0379114251249353,0.0532271343506481,p_t_iut
benford_m3_v2,0.1,0.15,composite,z_plus_softmax,56828,0.7951604234551161,0.3452319365407829,0.0967685041838954,p_z_plus_softmax
benford_m3_v2,0.1,0.15,composite,z_plus_orth,56828,0.792820216235441,0.2828073805828591,0.0856375786317584,p_z_plus_orth
benford_m3_v2,0.1,0.2,detector,z1,53665,0.5278582804306117,0.1211097279032544,0.0757670371758045,
benford_m3_v2,0.1,0.2,detector,z2,57180,0.2132860759834789,0.0685714285714285,0.2506370975586032,
benford_m3_v2,0.1,0.2,detector,z3,53385,0.6356873087950099,0.0991521024398685,0.0352056463470991,
benford_m3_v2,0.1,0.2,detector,z4,57999,0.8424029777764579,0.7054971566431156,0.135010345620354,
benford_m3_v2,0.1,0.2,detector,z6,52099,0.5709094796198817,0.325089605734767,0.2288527268427954,
benford_m3_v2,0.1,0.2,detector,z8,32546,0.4883920390741389,0.0298136645962732,0.0273818454613653,
benford_m3_v2,0.1,0.2,detector,z57,57158,0.7775263795901028,0.4752714113389626,0.1454191412715412,
benford_m3_v2,0.1,0.2,composite,z_plus,58032,0.8071900364995764,0.2774427020506634,0.0607133967719083,p_z_plus
benford_m3_v2,0.1,0.2,composite,z_plus_renorm,56828,0.7871436210100833,0.2824624935333678,0.0835603284406905,p_z_plus_renorm
benford_m3_v2,0.1,0.2,composite,breadth,58032,0.6596821635649553,0.0029295192141995,0.0061460108368913,p_breadth
benford_m3_v2,0.1,0.2,composite,z_mahalanobis_sq,32530,0.922356539963678,0.7822981366459627,0.1040600477652678,p_z_mahalanobis_sq
benford_m3_v2,0.1,0.2,composite,t_iut,58032,0.2454673515278246,0.0379114251249353,0.0532271343506481,p_t_iut
benford_m3_v2,0.1,0.2,composite,z_plus_softmax,56828,0.7951604234551161,0.3452319365407829,0.0967685041838954,p_z_plus_softmax
benford_m3_v2,0.1,0.2,composite,z_plus_orth,56828,0.792820216235441,0.2828073805828591,0.0856375786317584,p_z_plus_orth
benford_m3_v2,0.1,0.3,detector,z1,53665,0.5278582804306117,0.1211097279032544,0.0757670371758045,
benford_m3_v2,0.1,0.3,detector,z2,57180,0.2132860759834789,0.0685714285714285,0.2506370975586032,
benford_m3_v2,0.1,0.3,detector,z3,53385,0.6356873087950099,0.0991521024398685,0.0352056463470991,
benford_m3_v2,0.1,0.3,detector,z4,57999,0.8424029777764579,0.7054971566431156,0.135010345620354,
benford_m3_v2,0.1,0.3,detector,z6,52099,0.5709094796198817,0.325089605734767,0.2288527268427954,
benford_m3_v2,0.1,0.3,detector,z8,32546,0.4883920390741389,0.0298136645962732,0.0273818454613653,
benford_m3_v2,0.1,0.3,detector,z57,57158,0.7775263795901028,0.4752714113389626,0.1454191412715412,
benford_m3_v2,0.1,0.3,composite,z_plus,58032,0.8071900364995764,0.2774427020506634,0.0607133967719083,p_z_plus
benford_m3_v2,0.1,0.3,composite,z_plus_renorm,56828,0.7871436210100833,0.2824624935333678,0.0835603284406905,p_z_plus_renorm
benford_m3_v2,0.1,0.3,composite,breadth,58032,0.6596821635649553,0.0029295192141995,0.0061460108368913,p_breadth
benford_m3_v2,0.1,0.3,composite,z_mahalanobis_sq,32530,0.922356539963678,0.7822981366459627,0.1040600477652678,p_z_mahalanobis_sq
benford_m3_v2,0.1,0.3,composite,t_iut,58032,0.2454673515278246,0.0379114251249353,0.0532271343506481,p_t_iut
benford_m3_v2,0.1,0.3,composite,z_plus_softmax,56828,0.7951604234551161,0.3452319365407829,0.0967685041838954,p_z_plus_softmax
benford_m3_v2,0.1,0.3,composite,z_plus_orth,56828,0.792820216235441,0.2828073805828591,0.0856375786317584,p_z_plus_orth
interstatement_m4_v2,0.01,0.05,detector,z1,53665,0.4856075842859761,0.0588235294117647,0.0868950967280125,
interstatement_m4_v2,0.01,0.05,detector,z2,57180,0.5202397191421957,0.2379310344827586,0.2329328621908127,
interstatement_m4_v2,0.01,0.05,detector,z3,53385,0.480715542543479,0.0207253886010362,0.0382532287997576,
interstatement_m4_v2,0.01,0.05,detector,z4,57999,0.534461499287452,0.2,0.1940298507462686,
interstatement_m4_v2,0.01,0.05,detector,z6,52095,0.4962277284005236,0.2574430823117338,0.2359288875087337,
interstatement_m4_v2,0.01,0.05,detector,z8,32545,0.929605369214137,0.6147704590818364,0.0232180751466733,
interstatement_m4_v2,0.01,0.05,detector,z57,57158,0.6382738325241565,0.3534482758620689,0.166601859379971,
interstatement_m4_v2,0.01,0.05,composite,z_plus,58032,0.6891511984817311,0.1862068965517241,0.0812852468147323,p_z_plus
interstatement_m4_v2,0.01,0.05,composite,z_plus_renorm,56848,0.6272135292185428,0.1448275862068965,0.0976576384445866,p_z_plus_renorm
interstatement_m4_v2,0.01,0.05,composite,breadth,58032,0.6744010592350557,0.0241379310344827,0.0060050128803174,p_breadth
interstatement_m4_v2,0.01,0.05,composite,z_mahalanobis_sq,32529,0.6859164772740018,0.3413173652694611,0.1683214687148745,p_z_mahalanobis_sq
interstatement_m4_v2,0.01,0.05,composite,t_iut,58032,0.5360631933824218,0.0758620689655172,0.0536273758964004,p_t_iut
interstatement_m4_v2,0.01,0.05,composite,z_plus_softmax,56848,0.6127922436467841,0.0896551724137931,0.1247600767754318,p_z_plus_softmax
interstatement_m4_v2,0.01,0.05,composite,z_plus_orth,56848,0.614448663783911,0.0827586206896551,0.1067391767967583,p_z_plus_orth
interstatement_m4_v2,0.01,0.1,detector,z1,53665,0.4884698799900379,0.0622837370242214,0.0869327707348315,
interstatement_m4_v2,0.01,0.1,detector,z2,57180,0.5214176465212623,0.2379310344827586,0.2329681978798586,
interstatement_m4_v2,0.01,0.1,detector,z3,53385,0.480715542543479,0.0207253886010362,0.0382532287997576,
interstatement_m4_v2,0.01,0.1,detector,z4,57999,0.534461499287452,0.2,0.1940298507462686,
interstatement_m4_v2,0.01,0.1,detector,z6,52095,0.4962277284005236,0.2574430823117338,0.2359288875087337,
interstatement_m4_v2,0.01,0.1,detector,z8,32545,0.9536474112067964,0.7105788423153693,0.021657720634128,
interstatement_m4_v2,0.01,0.1,detector,z57,57158,0.6507638371683401,0.3775862068965517,0.1676269928240659,
interstatement_m4_v2,0.01,0.1,composite,z_plus,58032,0.7073274961767184,0.196551724137931,0.0813200584836037,p_z_plus
interstatement_m4_v2,0.01,0.1,composite,z_plus_renorm,56844,0.6478648072878107,0.1482758620689655,0.0975046210720887,p_z_plus_renorm
interstatement_m4_v2,0.01,0.1,composite,breadth,58032,0.6800678887563111,0.0275862068965517,0.0060224187147531,p_breadth
interstatement_m4_v2,0.01,0.1,composite,z_mahalanobis_sq,32529,0.7108127942940147,0.3552894211576846,0.1681029099537904,p_z_mahalanobis_sq
interstatement_m4_v2,0.01,0.1,composite,t_iut,58032,0.5388779418861203,0.0741379310344827,0.0535055350553505,p_t_iut
interstatement_m4_v2,0.01,0.1,composite,z_plus_softmax,56844,0.6301288077879161,0.093103448275862,0.1245556661453149,p_z_plus_softmax
interstatement_m4_v2,0.01,0.1,composite,z_plus_orth,56844,0.6314024831214423,0.0879310344827586,0.1064268448741646,p_z_plus_orth
interstatement_m4_v2,0.01,0.15,detector,z1,53665,0.4888472718576538,0.0570934256055363,0.086913933731422,
interstatement_m4_v2,0.01,0.15,detector,z2,57180,0.5226109571097843,0.2379310344827586,0.2330212014134275,
interstatement_m4_v2,0.01,0.15,detector,z3,53385,0.480715542543479,0.0207253886010362,0.0382532287997576,
interstatement_m4_v2,0.01,0.15,detector,z4,57999,0.534461499287452,0.2,0.1940298507462686,
interstatement_m4_v2,0.01,0.15,detector,z6,52095,0.4962277284005236,0.2574430823117338,0.2359288875087337,
interstatement_m4_v2,0.01,0.15,detector,z8,32545,0.963273490467573,0.7644710578842315,0.0208151291973536,
interstatement_m4_v2,0.01,0.15,detector,z57,57158,0.657177640632828,0.3913793103448276,0.1681925836897734,
interstatement_m4_v2,0.01,0.15,composite,z_plus,58032,0.7141418953633258,0.2034482758620689,0.0814070876557822,p_z_plus
interstatement_m4_v2,0.01,0.15,composite,z_plus_renorm,56846,0.6571252529548683,0.1534482758620689,0.0975900188390857,p_z_plus_renorm
interstatement_m4_v2,0.01,0.15,composite,breadth,58032,0.6815395070427607,0.0258620689655172,0.0059179837081389,p_breadth
interstatement_m4_v2,0.01,0.15,composite,z_mahalanobis_sq,32529,0.7235206743999201,0.3652694610778443,0.1679467965530161,p_z_mahalanobis_sq
interstatement_m4_v2,0.01,0.15,composite,t_iut,58032,0.5384543048829968,0.0775862068965517,0.0535751583930933,p_t_iut
interstatement_m4_v2,0.01,0.15,composite,z_plus_softmax,56846,0.637134157701656,0.0827586206896551,0.124409056979348,p_z_plus_softmax
interstatement_m4_v2,0.01,0.15,composite,z_plus_orth,56846,0.6382863816820841,0.0827586206896551,0.1063164255500657,p_z_plus_orth
interstatement_m4_v2,0.01,0.2,detector,z1,53665,0.4855682807805924,0.0553633217993079,0.0867067266939175,
interstatement_m4_v2,0.01,0.2,detector,z2,57180,0.5235606037528939,0.2396551724137931,0.2329681978798586,
interstatement_m4_v2,0.01,0.2,detector,z3,53385,0.480715542543479,0.0207253886010362,0.0382532287997576,
interstatement_m4_v2,0.01,0.2,detector,z4,57999,0.534461499287452,0.2,0.1940298507462686,
interstatement_m4_v2,0.01,0.2,detector,z6,52095,0.4962277284005236,0.2574430823117338,0.2359288875087337,
interstatement_m4_v2,0.01,0.2,detector,z8,32545,0.9692334840990844,0.7984031936127745,0.0206278866558482,
interstatement_m4_v2,0.01,0.2,detector,z57,57158,0.6619602812595611,0.396551724137931,0.1682809572625402,
interstatement_m4_v2,0.01,0.2,composite,z_plus,58032,0.7193121334271247,0.2103448275862069,0.0812678409802966,p_z_plus
interstatement_m4_v2,0.01,0.2,composite,z_plus_renorm,56842,0.6643100812822766,0.15,0.0975436351356155,p_z_plus_renorm
interstatement_m4_v2,0.01,0.2,composite,breadth,58032,0.681650679307704,0.0275862068965517,0.005970201211446,p_breadth
interstatement_m4_v2,0.01,0.2,composite,z_mahalanobis_sq,32529,0.7319163346841973,0.3752495009980039,0.1678219058323966,p_z_mahalanobis_sq
interstatement_m4_v2,0.01,0.2,composite,t_iut,58032,0.5406918849198251,0.0775862068965517,0.0534359117176077,p_t_iut
interstatement_m4_v2,0.01,0.2,composite,z_plus_softmax,56842,0.6426943707947669,0.0810344827586206,0.1242223881127581,p_z_plus_softmax
interstatement_m4_v2,0.01,0.2,composite,z_plus_orth,56842,0.6437034582047785,0.0810344827586206,0.1061640183427535,p_z_plus_orth
interstatement_m4_v2,0.01,0.3,detector,z1,53665,0.4853689279261705,0.0553633217993079,0.086800911710965,
interstatement_m4_v2,0.01,0.3,detector,z2,57180,0.5250672748872913,0.2448275862068965,0.2330565371024735,
interstatement_m4_v2,0.01,0.3,detector,z3,53385,0.480715542543479,0.0207253886010362,0.0382532287997576,
interstatement_m4_v2,0.01,0.3,detector,z4,57999,0.534461499287452,0.2,0.1940298507462686,
interstatement_m4_v2,0.01,0.3,detector,z6,52095,0.4962277284005236,0.2574430823117338,0.2359288875087337,
interstatement_m4_v2,0.01,0.3,detector,z8,32545,0.9765970493166704,0.8423153692614771,0.0206278866558482,
interstatement_m4_v2,0.01,0.3,detector,z57,57158,0.6694112095477589,0.4017241379310345,0.1675916433949591,
interstatement_m4_v2,0.01,0.3,composite,z_plus,58032,0.7270135699486469,0.2224137931034482,0.0812852468147323,p_z_plus
interstatement_m4_v2,0.01,0.3,composite,z_plus_renorm,56842,0.6723829184639845,0.1517241379310344,0.0974725391916391,p_z_plus_renorm
interstatement_m4_v2,0.01,0.3,composite,breadth,58032,0.6852832619494055,0.0293103448275862,0.0059527953770103,p_breadth
interstatement_m4_v2,0.01,0.3,composite,z_mahalanobis_sq,32529,0.7429448583786592,0.3832335329341317,0.167728237791932,p_z_mahalanobis_sq
interstatement_m4_v2,0.01,0.3,composite,t_iut,58032,0.5425143658154212,0.0775862068965517,0.0534533175520434,p_t_iut
interstatement_m4_v2,0.01,0.3,composite,z_plus_softmax,56842,0.6502517623826456,0.0810344827586206,0.1242579360847463,p_z_plus_softmax
interstatement_m4_v2,0.01,0.3,composite,z_plus_orth,56842,0.6513700065825039,0.0827586206896551,0.106075148412783,p_z_plus_orth
interstatement_m4_v2,0.05,0.05,detector,z1,53665,0.4854552461657156,0.0607006590357266,0.0873340947579851,
interstatement_m4_v2,0.05,0.05,detector,z2,57180,0.5076180481782926,0.2257064093728463,0.2338148052618003,
interstatement_m4_v2,0.05,0.05,detector,z3,53385,0.4927078851024834,0.0327812284334023,0.0383663121199516,
interstatement_m4_v2,0.05,0.05,detector,z4,57999,0.5305087117392249,0.2164024810475534,0.1929143147539793,
interstatement_m4_v2,0.05,0.05,detector,z6,52095,0.5112289725475012,0.2566340782122905,0.2349738985598505,
interstatement_m4_v2,0.05,0.05,detector,z8,32546,0.9034442351918228,0.4021479713603819,0.0076584976025572,
interstatement_m4_v2,0.05,0.05,detector,z57,57158,0.545583295827464,0.2033080634045486,0.1561670598643468,
interstatement_m4_v2,0.05,0.05,composite,z_plus,58032,0.6261060661955209,0.1150930392832529,0.0798657718120805,p_z_plus
interstatement_m4_v2,0.05,0.05,composite,z_plus_renorm,56854,0.5632800385040392,0.0874222529371112,0.0977020014825797,p_z_plus_renorm
interstatement_m4_v2,0.05,0.05,composite,breadth,58032,0.6547127815052274,0.0172294968986905,0.0054598222383457,p_breadth
interstatement_m4_v2,0.05,0.05,composite,z_mahalanobis_sq,32530,0.6088193212598019,0.2061281337047353,0.1652730119598894,p_z_mahalanobis_sq
interstatement_m4_v2,0.05,0.05,composite,t_iut,58032,0.5366377329044825,0.0623707787732598,0.0532378015599492,p_t_iut
interstatement_m4_v2,0.05,0.05,composite,z_plus_softmax,56854,0.5566721721226863,0.0798203178991015,0.1270385470719051,p_z_plus_softmax
interstatement_m4_v2,0.05,0.05,composite,z_plus_orth,56854,0.5562575403316491,0.0653075328265376,0.1086545589325426,p_z_plus_orth
interstatement_m4_v2,0.05,0.1,detector,z1,53665,0.4857863766843351,0.0620881026708289,0.0872553266905596,
interstatement_m4_v2,0.05,0.1,detector,z2,57180,0.5091917229646726,0.2270847691247415,0.2334831791886215,
interstatement_m4_v2,0.05,0.1,detector,z3,53385,0.4927078851024834,0.0327812284334023,0.0383663121199516,
interstatement_m4_v2,0.05,0.1,detector,z4,57999,0.5305087117392249,0.2164024810475534,0.1929143147539793,
interstatement_m4_v2,0.05,0.1,detector,z6,52095,0.5112289725475012,0.2566340782122905,0.2349738985598505,
interstatement_m4_v2,0.05,0.1,detector,z8,32546,0.9291244602945932,0.4347653142402545,0.0052943526904635,
interstatement_m4_v2,0.05,0.1,detector,z57,57158,0.5468519928293587,0.2057201929703652,0.156461958124447,
interstatement_m4_v2,0.05,0.1,composite,z_plus,58032,0.6352558103689007,0.1178497587870434,0.0799201886450208,p_z_plus
interstatement_m4_v2,0.05,0.1,composite,z_plus_renorm,56844,0.5725188895500134,0.0884588804422944,0.097516218721038,p_z_plus_renorm
interstatement_m4_v2,0.05,0.1,composite,breadth,58032,0.6597180675511287,0.0196416264645072,0.0056049337928532,p_breadth
interstatement_m4_v2,0.05,0.1,composite,z_mahalanobis_sq,32530,0.6212830636190361,0.2124950258654994,0.1654728986907419,p_z_mahalanobis_sq
interstatement_m4_v2,0.05,0.1,composite,t_iut,58032,0.5376587642040997,0.0647829083390765,0.0529475784509341,p_t_iut
interstatement_m4_v2,0.05,0.1,composite,z_plus_softmax,56844,0.5639181477384739,0.0777470628887353,0.1273030583873957,p_z_plus_softmax
interstatement_m4_v2,0.05,0.1,composite,z_plus_orth,56844,0.5632518271480478,0.0618521078092605,0.108693234476367,p_z_plus_orth
interstatement_m4_v2,0.05,0.15,detector,z1,53665,0.488623731294172,0.0610475199445022,0.087491630892836,
interstatement_m4_v2,0.05,0.15,detector,z2,57180,0.510482900408391,0.2274293590627153,0.2331515531154427,
interstatement_m4_v2,0.05,0.15,detector,z3,53385,0.4927078851024834,0.0327812284334023,0.0383663121199516,
interstatement_m4_v2,0.05,0.15,detector,z4,57999,0.5305087117392249,0.2164024810475534,0.1929143147539793,
interstatement_m4_v2,0.05,0.15,detector,z6,52095,0.5112289725475012,0.2566340782122905,0.2349738985598505,
interstatement_m4_v2,0.05,0.15,detector,z8,32546,0.941630703966154,0.454653937947494,0.0045285029302077,
interstatement_m4_v2,0.05,0.15,detector,z57,57158,0.5473907893274064,0.206064782908339,0.1565172515482158,
interstatement_m4_v2,0.05,0.15,composite,z_plus,58032,0.6392077469168482,0.1178497587870434,0.0796299655360058,p_z_plus
interstatement_m4_v2,0.05,0.15,composite,z_plus_renorm,56854,0.5751362905520826,0.0870466321243523,0.0976111492058785,p_z_plus_renorm
interstatement_m4_v2,0.05,0.15,composite,breadth,58032,0.6632621528739225,0.0196416264645072,0.0055686559042263,p_breadth
interstatement_m4_v2,0.05,0.15,composite,z_mahalanobis_sq,32530,0.6270439720714833,0.2124950258654994,0.1653729553253156,p_z_mahalanobis_sq
interstatement_m4_v2,0.05,0.15,composite,t_iut,58032,0.5382927584358904,0.0675396278428669,0.052983856339561,p_t_iut
interstatement_m4_v2,0.05,0.15,composite,z_plus_softmax,56854,0.5660393433112924,0.0735751295336787,0.1273930206267721,p_z_plus_softmax
interstatement_m4_v2,0.05,0.15,composite,z_plus_orth,56854,0.5652288225874561,0.0621761658031088,0.1089530940158268,p_z_plus_orth
interstatement_m4_v2,0.05,0.2,detector,z1,53665,0.4832615910059489,0.0586194935830731,0.0864479539994486,
interstatement_m4_v2,0.05,0.2,detector,z2,57180,0.5114679097112654,0.2274293590627153,0.2323040642617635,
interstatement_m4_v2,0.05,0.2,detector,z3,53385,0.4927078851024834,0.0327812284334023,0.0383663121199516,
interstatement_m4_v2,0.05,0.2,detector,z4,57999,0.5305087117392249,0.2164024810475534,0.1929143147539793,
interstatement_m4_v2,0.05,0.2,detector,z6,52095,0.5112289725475012,0.2566340782122905,0.2349738985598505,
interstatement_m4_v2,0.05,0.2,detector,z8,32546,0.9493760950928396,0.4626093874303898,0.0038958444326052,
interstatement_m4_v2,0.05,0.2,detector,z57,57158,0.5477075610714786,0.2091660923501034,0.1579917428487172,
interstatement_m4_v2,0.05,0.2,composite,z_plus,58032,0.6412160443275297,0.1195727084769124,0.0791946308724832,p_z_plus
interstatement_m4_v2,0.05,0.2,composite,z_plus_renorm,56848,0.5790597132334107,0.0881133379405667,0.0971568373058531,p_z_plus_renorm
interstatement_m4_v2,0.05,0.2,composite,breadth,58032,0.6617087635602985,0.0186078566505858,0.0055505169599129,p_breadth
interstatement_m4_v2,0.05,0.2,composite,z_mahalanobis_sq,32530,0.631151407092951,0.2116991643454039,0.1648732384981843,p_z_mahalanobis_sq
interstatement_m4_v2,0.05,0.2,composite,t_iut,58032,0.5393411731659133,0.0654720882150241,0.0528931616179938,p_t_iut
interstatement_m4_v2,0.05,0.2,composite,z_plus_softmax,56848,0.56879314814209,0.0729094678645473,0.1270156058864959,p_z_plus_softmax
interstatement_m4_v2,0.05,0.2,composite,z_plus_orth,56848,0.5678645851252284,0.0621976503109882,0.1084442302702302,p_z_plus_orth
interstatement_m4_v2,0.05,0.3,detector,z1,53665,0.4834453216897573,0.0586194935830731,0.086467646016305,
interstatement_m4_v2,0.05,0.3,detector,z2,57180,0.5129938302415299,0.2308752584424535,0.2322856405910313,
interstatement_m4_v2,0.05,0.3,detector,z3,53385,0.4927078851024834,0.0327812284334023,0.0383663121199516,
interstatement_m4_v2,0.05,0.3,detector,z4,57999,0.5305087117392249,0.2164024810475534,0.1929143147539793,
interstatement_m4_v2,0.05,0.3,detector,z6,52095,0.5112289725475012,0.2566340782122905,0.2349738985598505,
interstatement_m4_v2,0.05,0.3,detector,z8,32546,0.9587790061854996,0.4665871121718377,0.0030301012253596,
interstatement_m4_v2,0.05,0.3,detector,z57,57158,0.5480260412845369,0.2105444521019986,0.1579733117074609,
interstatement_m4_v2,0.05,0.3,composite,z_plus,58032,0.6446734539987746,0.1209510682288077,0.0791402140395429,p_z_plus
interstatement_m4_v2,0.05,0.3,composite,z_plus_renorm,56846,0.5819096641425634,0.0863557858376511,0.0972919871735463,p_z_plus_renorm
interstatement_m4_v2,0.05,0.3,composite,breadth,58032,0.6645075239115914,0.0189524465885596,0.0054416832940322,p_breadth
interstatement_m4_v2,0.05,0.3,composite,z_mahalanobis_sq,32530,0.6362782803499824,0.2124950258654994,0.1650398107738948,p_z_mahalanobis_sq
interstatement_m4_v2,0.05,0.3,composite,t_iut,58032,0.5407052286538316,0.0665058580289455,0.0529294395066207,p_t_iut
interstatement_m4_v2,0.05,0.3,composite,z_plus_softmax,56846,0.5712655592394672,0.0701208981001727,0.1269299920298048,p_z_plus_softmax
interstatement_m4_v2,0.05,0.3,composite,z_plus_orth,56846,0.5702658386780892,0.0604490500863557,0.1085985431224629,p_z_plus_orth
interstatement_m4_v2,0.1,0.05,detector,z1,53665,0.4815331326297982,0.0618824752990119,0.0879405378319692,
interstatement_m4_v2,0.1,0.05,detector,z2,57180,0.5131479854726726,0.2278132000689298,0.2360784008408431,
interstatement_m4_v2,0.1,0.05,detector,z3,53385,0.4904136603640699,0.0331491712707182,0.0386611476477633,
interstatement_m4_v2,0.1,0.05,detector,z4,57999,0.5312611842157479,0.2145442012752025,0.1918154647865737,
interstatement_m4_v2,0.1,0.05,detector,z6,52095,0.51131301274563,0.2554973821989529,0.2337754771918473,
interstatement_m4_v2,0.1,0.05,detector,z8,32546,0.9012860707706007,0.2684964200477327,0.0030888872737844,
interstatement_m4_v2,0.1,0.05,detector,z57,57158,0.5323539254898103,0.1799069446837842,0.1558952390224905,
interstatement_m4_v2,0.1,0.05,composite,z_plus,58032,0.6102689689703994,0.108736860244701,0.0792471615386088,p_z_plus
interstatement_m4_v2,0.1,0.05,composite,z_plus_renorm,56852,0.5384512735491507,0.0766971843150803,0.0989366077198754,p_z_plus_renorm
interstatement_m4_v2,0.1,0.05,composite,breadth,58032,0.6589769518926887,0.0199896605204204,0.0048823450573436,p_breadth
interstatement_m4_v2,0.1,0.05,composite,z_mahalanobis_sq,32530,0.5769825451517006,0.1912818471337579,0.165127608521777,p_z_mahalanobis_sq
interstatement_m4_v2,0.1,0.05,composite,t_iut,58032,0.5413891603905674,0.0635877994140961,0.0537823814356009,p_t_iut
interstatement_m4_v2,0.1,0.05,composite,z_plus_softmax,56852,0.5366364282434388,0.0887890827431335,0.1285275052386268,p_z_plus_softmax
interstatement_m4_v2,0.1,0.05,composite,z_plus_orth,56852,0.5358795246772734,0.0690965624460183,0.1103930438869631,p_z_plus_orth
interstatement_m4_v2,0.1,0.1,detector,z1,53665,0.4826914698435273,0.0646559195701161,0.0882537163855019,
interstatement_m4_v2,0.1,0.1,detector,z2,57180,0.5146977703626815,0.2291917973462002,0.2361367927282636,
interstatement_m4_v2,0.1,0.1,detector,z3,53385,0.4904136603640699,0.0331491712707182,0.0386611476477633,
interstatement_m4_v2,0.1,0.1,detector,z4,57999,0.5312611842157479,0.2145442012752025,0.1918154647865737,
interstatement_m4_v2,0.1,0.1,detector,z6,52095,0.51131301274563,0.2554973821989529,0.2337754771918473,
interstatement_m4_v2,0.1,0.1,detector,z8,32546,0.9267066055208936,0.277247414478918,0.0019623519151101,
interstatement_m4_v2,0.1,0.1,detector,z57,57158,0.5324865656477175,0.1804239186627606,0.1566936033492357,
interstatement_m4_v2,0.1,0.1,composite,z_plus,58032,0.617465294467157,0.1121833534378769,0.0792280150874035,p_z_plus
interstatement_m4_v2,0.1,0.1,composite,z_plus_renorm,56847,0.5443154919972497,0.0772154085334254,0.0991617376317129,p_z_plus_renorm
interstatement_m4_v2,0.1,0.1,composite,breadth,58032,0.6646971645273754,0.0217129071170084,0.004844052154933,p_breadth
interstatement_m4_v2,0.1,0.1,composite,z_mahalanobis_sq,32530,0.5851224961456007,0.1944665605095541,0.1656365883807169,p_z_mahalanobis_sq
interstatement_m4_v2,0.1,0.1,composite,t_iut,58032,0.542387040895246,0.0649663966913665,0.0535334775699324,p_t_iut
interstatement_m4_v2,0.1,0.1,composite,z_plus_softmax,56847,0.5410159511521487,0.0887890827431335,0.1289709741862195,p_z_plus_softmax
interstatement_m4_v2,0.1,0.1,composite,z_plus_orth,56847,0.5401521764567978,0.0670236655726377,0.110658466841631,p_z_plus_orth
interstatement_m4_v2,0.1,0.15,detector,z1,53665,0.486272745409009,0.0644825793031721,0.0889427092032737,
interstatement_m4_v2,0.1,0.15,detector,z2,57180,0.5159833411020918,0.230225745304153,0.2357280495163205,
interstatement_m4_v2,0.1,0.15,detector,z3,53385,0.4904136603640699,0.0331491712707182,0.0386611476477633,
interstatement_m4_v2,0.1,0.15,detector,z4,57999,0.5312611842157479,0.2145442012752025,0.1918154647865737,
interstatement_m4_v2,0.1,0.15,detector,z6,52095,0.51131301274563,0.2554973821989529,0.2337754771918473,
interstatement_m4_v2,0.1,0.15,detector,z8,32546,0.9390752038601996,0.2778440731901352,0.0014535940111926,
interstatement_m4_v2,0.1,0.15,detector,z57,57158,0.5325179585666824,0.1805962433224194,0.1570830493622821,
interstatement_m4_v2,0.1,0.15,composite,z_plus,58032,0.6204111968802983,0.1133896260554885,0.0793620402458404,p_z_plus
interstatement_m4_v2,0.1,0.15,composite,z_plus_renorm,56854,0.5454567158122423,0.0775608913456555,0.099520219328307,p_z_plus_renorm
interstatement_m4_v2,0.1,0.15,composite,breadth,58032,0.6689750782591809,0.022057556436326,0.004767466350112,p_breadth
interstatement_m4_v2,0.1,0.15,composite,z_mahalanobis_sq,32530,0.5881477191311125,0.1958598726114649,0.1655638769722969,p_z_mahalanobis_sq
interstatement_m4_v2,0.1,0.15,composite,t_iut,58032,0.5432384145897714,0.067895915905566,0.0533228666066744,p_t_iut
interstatement_m4_v2,0.1,0.15,composite,z_plus_softmax,56854,0.5416251548021274,0.0861979616514078,0.1293057867423871,p_z_plus_softmax
interstatement_m4_v2,0.1,0.15,composite,z_plus_orth,56854,0.5404999169782442,0.0668509241665227,0.11152452756291,p_z_plus_orth
interstatement_m4_v2,0.1,0.2,detector,z1,53665,0.478667824821116,0.0592823712948517,0.0864790379154835,
interstatement_m4_v2,0.1,0.2,detector,z2,57180,0.5169731454773954,0.2295364466655178,0.23477431535512,
interstatement_m4_v2,0.1,0.2,detector,z3,53385,0.4904136603640699,0.0331491712707182,0.0386611476477633,
interstatement_m4_v2,0.1,0.2,detector,z4,57999,0.5312611842157479,0.2145442012752025,0.1918154647865737,
interstatement_m4_v2,0.1,0.2,detector,z6,52095,0.51131301274563,0.2554973821989529,0.2337754771918473,
interstatement_m4_v2,0.1,0.2,detector,z8,32546,0.9465105988628084,0.277247414478918,0.0012718947597935,
interstatement_m4_v2,0.1,0.2,detector,z57,57158,0.5325256813824588,0.1805962433224194,0.1570441047609775,
interstatement_m4_v2,0.1,0.2,composite,z_plus,58032,0.6214466180228907,0.1106324315009477,0.0785770357464244,p_z_plus
interstatement_m4_v2,0.1,0.2,composite,z_plus_renorm,56848,0.5479788402927732,0.0758465791292329,0.0988053270661966,p_z_plus_renorm
interstatement_m4_v2,0.1,0.2,composite,breadth,58032,0.6674348925883592,0.022057556436326,0.0047100269964962,p_breadth
interstatement_m4_v2,0.1,0.2,composite,z_mahalanobis_sq,32530,0.5907691940750854,0.1904856687898089,0.1641823602123173,p_z_mahalanobis_sq
interstatement_m4_v2,0.1,0.2,composite,t_iut,58032,0.5441960555426837,0.0670342926072721,0.0530931091922112,p_t_iut
interstatement_m4_v2,0.1,0.2,composite,z_plus_softmax,56848,0.543467967682234,0.0851762266758811,0.1280454367410889,p_z_plus_softmax
interstatement_m4_v2,0.1,0.2,composite,z_plus_orth,56848,0.5423564929371546,0.0656530753282653,0.1103407755581668,p_z_plus_orth
interstatement_m4_v2,0.1,0.3,detector,z1,53665,0.4790577770875436,0.0603224128965158,0.08654167362619,
interstatement_m4_v2,0.1,0.3,detector,z2,57180,0.5186136727490616,0.2316043425814234,0.2346380676178056,
interstatement_m4_v2,0.1,0.3,detector,z3,53385,0.4904136603640699,0.0331491712707182,0.0386611476477633,
interstatement_m4_v2,0.1,0.3,detector,z4,57999,0.5312611842157479,0.2145442012752025,0.1918154647865737,
interstatement_m4_v2,0.1,0.3,detector,z6,52095,0.51131301274563,0.2554973821989529,0.2337754771918473,
interstatement_m4_v2,0.1,0.3,detector,z8,32546,0.9552365066551072,0.2796340493237867,0.0009448361072752,
interstatement_m4_v2,0.1,0.3,detector,z57,57158,0.5325390801238865,0.1805962433224194,0.1570051601596728,
interstatement_m4_v2,0.1,0.3,composite,z_plus,58032,0.6242124834155786,0.1118387041185593,0.0785770357464244,p_z_plus
interstatement_m4_v2,0.1,0.3,composite,z_plus_renorm,56850,0.5506196868320536,0.0766971843150803,0.0987054699281251,p_z_plus_renorm
interstatement_m4_v2,0.1,0.3,composite,breadth,58032,0.6689214084765632,0.02291917973462,0.0046525876428803,p_breadth
interstatement_m4_v2,0.1,0.3,composite,z_mahalanobis_sq,32530,0.593749146104081,0.1914808917197452,0.1641460045081073,p_z_mahalanobis_sq
interstatement_m4_v2,0.1,0.3,composite,t_iut,58032,0.5456924251059737,0.0673789419265896,0.0529207911313638,p_t_iut
interstatement_m4_v2,0.1,0.3,composite,z_plus_softmax,56850,0.5453316705195489,0.083261357747452,0.1281016823015608,p_z_plus_softmax
interstatement_m4_v2,0.1,0.3,composite,z_plus_orth,56850,0.5441620317975382,0.0649507686992572,0.1104952899473179,p_z_plus_orth
m5_cod_break,0.01,0.05,detector,z1,53665,0.5350543647095372,0.0,0.0867101584342963,
m5_cod_break,0.01,0.05,detector,z2,57180,0.536930511406494,0.2941176470588235,0.2325280338680615,
m5_cod_break,0.01,0.05,detector,z3,53385,0.4275556737057093,0.0,0.0380745376529445,
m5_cod_break,0.01,0.05,detector,z4,57999,0.423423496541523,0.0,0.1941464592459728,
m5_cod_break,0.01,0.05,detector,z6,52095,0.6064667125658658,0.2857142857142857,0.2362089821624008,
m5_cod_break,0.01,0.05,detector,z8,32545,0.6116660007990411,0.0,0.0277205814560988,
m5_cod_break,0.01,0.05,detector,z57,57158,0.4817335239865884,0.1764705882352941,0.1706830471990339,
m5_cod_break,0.01,0.05,composite,z_plus,58032,0.5095786586633274,0.0,0.0830130138757218,p_z_plus
m5_cod_break,0.01,0.05,composite,z_plus_renorm,56845,0.5469347132109689,0.0,0.0991764623073132,p_z_plus_renorm
m5_cod_break,0.01,0.05,composite,breadth,58032,0.4642491039335669,0.0,0.0061363440489528,p_breadth
m5_cod_break,0.01,0.05,composite,z_mahalanobis_sq,32529,0.3321034344925129,0.0,0.1745533929834271,p_z_mahalanobis_sq
m5_cod_break,0.01,0.05,composite,t_iut,58032,0.6105616701562983,0.1176470588235294,0.0535551150564509,p_t_iut
m5_cod_break,0.01,0.05,composite,z_plus_softmax,56845,0.5286566481312029,0.1764705882352941,0.1258006616456676,p_z_plus_softmax
m5_cod_break,0.01,0.05,composite,z_plus_orth,56845,0.5310291322835885,0.1764705882352941,0.1084148659111705,p_z_plus_orth
m5_cod_break,0.01,0.1,detector,z1,53665,0.5350543647095372,0.0,0.0867101584342963,
m5_cod_break,0.01,0.1,detector,z2,57180,0.536930511406494,0.2941176470588235,0.2325280338680615,
m5_cod_break,0.01,0.1,detector,z3,53385,0.4275556737057093,0.0,0.0380745376529445,
m5_cod_break,0.01,0.1,detector,z4,57999,0.423423496541523,0.0,0.1941464592459728,
m5_cod_break,0.01,0.1,detector,z6,52095,0.6064667125658658,0.2857142857142857,0.2362089821624008,
m5_cod_break,0.01,0.1,detector,z8,32545,0.6116660007990411,0.0,0.0277205814560988,
m5_cod_break,0.01,0.1,detector,z57,57158,0.4817335239865884,0.1764705882352941,0.1706830471990339,
m5_cod_break,0.01,0.1,composite,z_plus,58032,0.5095786586633274,0.0,0.0830130138757218,p_z_plus
m5_cod_break,0.01,0.1,composite,z_plus_renorm,56845,0.5469347132109689,0.0,0.0991764623073132,p_z_plus_renorm
m5_cod_break,0.01,0.1,composite,breadth,58032,0.4642491039335669,0.0,0.0061363440489528,p_breadth
m5_cod_break,0.01,0.1,composite,z_mahalanobis_sq,32529,0.3321034344925129,0.0,0.1745533929834271,p_z_mahalanobis_sq
m5_cod_break,0.01,0.1,composite,t_iut,58032,0.6105616701562983,0.1176470588235294,0.0535551150564509,p_t_iut
m5_cod_break,0.01,0.1,composite,z_plus_softmax,56845,0.5286566481312029,0.1764705882352941,0.1258006616456676,p_z_plus_softmax
m5_cod_break,0.01,0.1,composite,z_plus_orth,56845,0.5310291322835885,0.1764705882352941,0.1084148659111705,p_z_plus_orth
m5_cod_break,0.01,0.15,detector,z1,53665,0.5350543647095372,0.0,0.0867101584342963,
m5_cod_break,0.01,0.15,detector,z2,57180,0.536930511406494,0.2941176470588235,0.2325280338680615,
m5_cod_break,0.01,0.15,detector,z3,53385,0.4275556737057093,0.0,0.0380745376529445,
m5_cod_break,0.01,0.15,detector,z4,57999,0.423423496541523,0.0,0.1941464592459728,
m5_cod_break,0.01,0.15,detector,z6,52095,0.6064667125658658,0.2857142857142857,0.2362089821624008,
m5_cod_break,0.01,0.15,detector,z8,32545,0.6116660007990411,0.0,0.0277205814560988,
m5_cod_break,0.01,0.15,detector,z57,57158,0.4817335239865884,0.1764705882352941,0.1706830471990339,
m5_cod_break,0.01,0.15,composite,z_plus,58032,0.5095786586633274,0.0,0.0830130138757218,p_z_plus
m5_cod_break,0.01,0.15,composite,z_plus_renorm,56845,0.5469347132109689,0.0,0.0991764623073132,p_z_plus_renorm
m5_cod_break,0.01,0.15,composite,breadth,58032,0.4642491039335669,0.0,0.0061363440489528,p_breadth
m5_cod_break,0.01,0.15,composite,z_mahalanobis_sq,32529,0.3321034344925129,0.0,0.1745533929834271,p_z_mahalanobis_sq
m5_cod_break,0.01,0.15,composite,t_iut,58032,0.6105616701562983,0.1176470588235294,0.0535551150564509,p_t_iut
m5_cod_break,0.01,0.15,composite,z_plus_softmax,56845,0.5286566481312029,0.1764705882352941,0.1258006616456676,p_z_plus_softmax
m5_cod_break,0.01,0.15,composite,z_plus_orth,56845,0.5310291322835885,0.1764705882352941,0.1084148659111705,p_z_plus_orth
m5_cod_break,0.01,0.2,detector,z1,53665,0.5350543647095372,0.0,0.0867101584342963,
m5_cod_break,0.01,0.2,detector,z2,57180,0.536930511406494,0.2941176470588235,0.2325280338680615,
m5_cod_break,0.01,0.2,detector,z3,53385,0.4275556737057093,0.0,0.0380745376529445,
m5_cod_break,0.01,0.2,detector,z4,57999,0.423423496541523,0.0,0.1941464592459728,
m5_cod_break,0.01,0.2,detector,z6,52095,0.6064667125658658,0.2857142857142857,0.2362089821624008,
m5_cod_break,0.01,0.2,detector,z8,32545,0.6116660007990411,0.0,0.0277205814560988,
m5_cod_break,0.01,0.2,detector,z57,57158,0.4817335239865884,0.1764705882352941,0.1706830471990339,
m5_cod_break,0.01,0.2,composite,z_plus,58032,0.5095786586633274,0.0,0.0830130138757218,p_z_plus
m5_cod_break,0.01,0.2,composite,z_plus_renorm,56845,0.5469347132109689,0.0,0.0991764623073132,p_z_plus_renorm
m5_cod_break,0.01,0.2,composite,breadth,58032,0.4642491039335669,0.0,0.0061363440489528,p_breadth
m5_cod_break,0.01,0.2,composite,z_mahalanobis_sq,32529,0.3321034344925129,0.0,0.1745533929834271,p_z_mahalanobis_sq
m5_cod_break,0.01,0.2,composite,t_iut,58032,0.6105616701562983,0.1176470588235294,0.0535551150564509,p_t_iut
m5_cod_break,0.01,0.2,composite,z_plus_softmax,56845,0.5286566481312029,0.1764705882352941,0.1258006616456676,p_z_plus_softmax
m5_cod_break,0.01,0.2,composite,z_plus_orth,56845,0.5310291322835885,0.1764705882352941,0.1084148659111705,p_z_plus_orth
m5_cod_break,0.01,0.3,detector,z1,53665,0.5350543647095372,0.0,0.0867101584342963,
m5_cod_break,0.01,0.3,detector,z2,57180,0.536930511406494,0.2941176470588235,0.2325280338680615,
m5_cod_break,0.01,0.3,detector,z3,53385,0.4275556737057093,0.0,0.0380745376529445,
m5_cod_break,0.01,0.3,detector,z4,57999,0.423423496541523,0.0,0.1941464592459728,
m5_cod_break,0.01,0.3,detector,z6,52095,0.6064667125658658,0.2857142857142857,0.2362089821624008,
m5_cod_break,0.01,0.3,detector,z8,32545,0.6116660007990411,0.0,0.0277205814560988,
m5_cod_break,0.01,0.3,detector,z57,57158,0.4817335239865884,0.1764705882352941,0.1706830471990339,
m5_cod_break,0.01,0.3,composite,z_plus,58032,0.5095786586633274,0.0,0.0830130138757218,p_z_plus
m5_cod_break,0.01,0.3,composite,z_plus_renorm,56845,0.5469347132109689,0.0,0.0991764623073132,p_z_plus_renorm
m5_cod_break,0.01,0.3,composite,breadth,58032,0.4642491039335669,0.0,0.0061363440489528,p_breadth
m5_cod_break,0.01,0.3,composite,z_mahalanobis_sq,32529,0.3321034344925129,0.0,0.1745533929834271,p_z_mahalanobis_sq
m5_cod_break,0.01,0.3,composite,t_iut,58032,0.6105616701562983,0.1176470588235294,0.0535551150564509,p_t_iut
m5_cod_break,0.01,0.3,composite,z_plus_softmax,56845,0.5286566481312029,0.1764705882352941,0.1258006616456676,p_z_plus_softmax
m5_cod_break,0.01,0.3,composite,z_plus_orth,56845,0.5310291322835885,0.1764705882352941,0.1084148659111705,p_z_plus_orth
m5_cod_break,0.05,0.05,detector,z1,53665,0.4335746081939259,0.0519480519480519,0.0868104799581996,
m5_cod_break,0.05,0.05,detector,z2,57180,0.4878318114163803,0.2298850574712643,0.2326204613525301,
m5_cod_break,0.05,0.05,detector,z3,53385,0.3953382229047788,0.0238095238095238,0.0380855893885668,
m5_cod_break,0.05,0.05,detector,z4,57999,0.4619249443531777,0.1162790697674418,0.1942051007545801,
m5_cod_break,0.05,0.05,detector,z6,52095,0.6279056773036011,0.44,0.2361976163014225,
m5_cod_break,0.05,0.05,detector,z8,32545,0.7057168208604034,0.1509433962264151,0.0275452419056998,
m5_cod_break,0.05,0.05,detector,z57,57158,0.4925389366783903,0.2068965517241379,0.1706646107480156,
m5_cod_break,0.05,0.05,composite,z_plus,58032,0.5226466238793624,0.1034482758620689,0.0829752351367676,p_z_plus
m5_cod_break,0.05,0.05,composite,z_plus_renorm,56844,0.5205639487764044,0.1860465116279069,0.0991225906480143,p_z_plus_renorm
m5_cod_break,0.05,0.05,composite,breadth,58032,0.5085432777614127,0.0,0.006109241522133,p_breadth
m5_cod_break,0.05,0.05,composite,z_mahalanobis_sq,32529,0.5651314061820978,0.1886792452830188,0.1745904668062569,p_z_mahalanobis_sq
m5_cod_break,0.05,0.05,composite,t_iut,58032,0.507514656684946,0.0,0.0534990076796962,p_t_iut
m5_cod_break,0.05,0.05,composite,z_plus_softmax,56844,0.5106387010703132,0.127906976744186,0.1259910497198632,p_z_plus_softmax
m5_cod_break,0.05,0.05,composite,z_plus_orth,56844,0.51090298099561,0.1046511627906976,0.1084428626801508,p_z_plus_orth
m5_cod_break,0.05,0.1,detector,z1,53665,0.4335746081939259,0.0519480519480519,0.0868104799581996,
m5_cod_break,0.05,0.1,detector,z2,57180,0.4878318114163803,0.2298850574712643,0.2326204613525301,
m5_cod_break,0.05,0.1,detector,z3,53385,0.3953382229047788,0.0238095238095238,0.0380855893885668,
m5_cod_break,0.05,0.1,detector,z4,57999,0.4619249443531777,0.1162790697674418,0.1942051007545801,
m5_cod_break,0.05,0.1,detector,z6,52095,0.6279056773036011,0.44,0.2361976163014225,
m5_cod_break,0.05,0.1,detector,z8,32545,0.7057168208604034,0.1509433962264151,0.0275452419056998,
m5_cod_break,0.05,0.1,detector,z57,57158,0.4925389366783903,0.2068965517241379,0.1706646107480156,
m5_cod_break,0.05,0.1,composite,z_plus,58032,0.5226466238793624,0.1034482758620689,0.0829752351367676,p_z_plus
m5_cod_break,0.05,0.1,composite,z_plus_renorm,56844,0.5205639487764044,0.1860465116279069,0.0991225906480143,p_z_plus_renorm
m5_cod_break,0.05,0.1,composite,breadth,58032,0.5085432777614127,0.0,0.006109241522133,p_breadth
m5_cod_break,0.05,0.1,composite,z_mahalanobis_sq,32529,0.5651314061820978,0.1886792452830188,0.1745904668062569,p_z_mahalanobis_sq
m5_cod_break,0.05,0.1,composite,t_iut,58032,0.507514656684946,0.0,0.0534990076796962,p_t_iut
m5_cod_break,0.05,0.1,composite,z_plus_softmax,56844,0.5106387010703132,0.127906976744186,0.1259910497198632,p_z_plus_softmax
m5_cod_break,0.05,0.1,composite,z_plus_orth,56844,0.51090298099561,0.1046511627906976,0.1084428626801508,p_z_plus_orth
m5_cod_break,0.05,0.15,detector,z1,53665,0.4335746081939259,0.0519480519480519,0.0868104799581996,
m5_cod_break,0.05,0.15,detector,z2,57180,0.4878318114163803,0.2298850574712643,0.2326204613525301,
m5_cod_break,0.05,0.15,detector,z3,53385,0.3953382229047788,0.0238095238095238,0.0380855893885668,
m5_cod_break,0.05,0.15,detector,z4,57999,0.4619249443531777,0.1162790697674418,0.1942051007545801,
m5_cod_break,0.05,0.15,detector,z6,52095,0.6279056773036011,0.44,0.2361976163014225,
m5_cod_break,0.05,0.15,detector,z8,32545,0.7057168208604034,0.1509433962264151,0.0275452419056998,
m5_cod_break,0.05,0.15,detector,z57,57158,0.4925389366783903,0.2068965517241379,0.1706646107480156,
m5_cod_break,0.05,0.15,composite,z_plus,58032,0.5226466238793624,0.1034482758620689,0.0829752351367676,p_z_plus
m5_cod_break,0.05,0.15,composite,z_plus_renorm,56844,0.5205639487764044,0.1860465116279069,0.0991225906480143,p_z_plus_renorm
m5_cod_break,0.05,0.15,composite,breadth,58032,0.5085432777614127,0.0,0.006109241522133,p_breadth
m5_cod_break,0.05,0.15,composite,z_mahalanobis_sq,32529,0.5651314061820978,0.1886792452830188,0.1745904668062569,p_z_mahalanobis_sq
m5_cod_break,0.05,0.15,composite,t_iut,58032,0.507514656684946,0.0,0.0534990076796962,p_t_iut
m5_cod_break,0.05,0.15,composite,z_plus_softmax,56844,0.5106387010703132,0.127906976744186,0.1259910497198632,p_z_plus_softmax
m5_cod_break,0.05,0.15,composite,z_plus_orth,56844,0.51090298099561,0.1046511627906976,0.1084428626801508,p_z_plus_orth
m5_cod_break,0.05,0.2,detector,z1,53665,0.4335746081939259,0.0519480519480519,0.0868104799581996,
m5_cod_break,0.05,0.2,detector,z2,57180,0.4878318114163803,0.2298850574712643,0.2326204613525301,
m5_cod_break,0.05,0.2,detector,z3,53385,0.3953382229047788,0.0238095238095238,0.0380855893885668,
m5_cod_break,0.05,0.2,detector,z4,57999,0.4619249443531777,0.1162790697674418,0.1942051007545801,
m5_cod_break,0.05,0.2,detector,z6,52095,0.6279056773036011,0.44,0.2361976163014225,
m5_cod_break,0.05,0.2,detector,z8,32545,0.7057168208604034,0.1509433962264151,0.0275452419056998,
m5_cod_break,0.05,0.2,detector,z57,57158,0.4925389366783903,0.2068965517241379,0.1706646107480156,
m5_cod_break,0.05,0.2,composite,z_plus,58032,0.5226466238793624,0.1034482758620689,0.0829752351367676,p_z_plus
m5_cod_break,0.05,0.2,composite,z_plus_renorm,56844,0.5205639487764044,0.1860465116279069,0.0991225906480143,p_z_plus_renorm
m5_cod_break,0.05,0.2,composite,breadth,58032,0.5085432777614127,0.0,0.006109241522133,p_breadth
m5_cod_break,0.05,0.2,composite,z_mahalanobis_sq,32529,0.5651314061820978,0.1886792452830188,0.1745904668062569,p_z_mahalanobis_sq
m5_cod_break,0.05,0.2,composite,t_iut,58032,0.507514656684946,0.0,0.0534990076796962,p_t_iut
m5_cod_break,0.05,0.2,composite,z_plus_softmax,56844,0.5106387010703132,0.127906976744186,0.1259910497198632,p_z_plus_softmax
m5_cod_break,0.05,0.2,composite,z_plus_orth,56844,0.51090298099561,0.1046511627906976,0.1084428626801508,p_z_plus_orth
m5_cod_break,0.05,0.3,detector,z1,53665,0.4335746081939259,0.0519480519480519,0.0868104799581996,
m5_cod_break,0.05,0.3,detector,z2,57180,0.4878318114163803,0.2298850574712643,0.2326204613525301,
m5_cod_break,0.05,0.3,detector,z3,53385,0.3953382229047788,0.0238095238095238,0.0380855893885668,
m5_cod_break,0.05,0.3,detector,z4,57999,0.4619249443531777,0.1162790697674418,0.1942051007545801,
m5_cod_break,0.05,0.3,detector,z6,52095,0.6279056773036011,0.44,0.2361976163014225,
m5_cod_break,0.05,0.3,detector,z8,32545,0.7057168208604034,0.1509433962264151,0.0275452419056998,
m5_cod_break,0.05,0.3,detector,z57,57158,0.4925389366783903,0.2068965517241379,0.1706646107480156,
m5_cod_break,0.05,0.3,composite,z_plus,58032,0.5226466238793624,0.1034482758620689,0.0829752351367676,p_z_plus
m5_cod_break,0.05,0.3,composite,z_plus_renorm,56844,0.5205639487764044,0.1860465116279069,0.0991225906480143,p_z_plus_renorm
m5_cod_break,0.05,0.3,composite,breadth,58032,0.5085432777614127,0.0,0.006109241522133,p_breadth
m5_cod_break,0.05,0.3,composite,z_mahalanobis_sq,32529,0.5651314061820978,0.1886792452830188,0.1745904668062569,p_z_mahalanobis_sq
m5_cod_break,0.05,0.3,composite,t_iut,58032,0.507514656684946,0.0,0.0534990076796962,p_t_iut
m5_cod_break,0.05,0.3,composite,z_plus_softmax,56844,0.5106387010703132,0.127906976744186,0.1259910497198632,p_z_plus_softmax
m5_cod_break,0.05,0.3,composite,z_plus_orth,56844,0.51090298099561,0.1046511627906976,0.1084428626801508,p_z_plus_orth
m5_cod_break,0.1,0.05,detector,z1,53665,0.4689370975969904,0.0548780487804878,0.0866899684118053,
m5_cod_break,0.1,0.05,detector,z2,57180,0.543283196633729,0.2727272727272727,0.2324749140411199,
m5_cod_break,0.1,0.05,detector,z3,53385,0.4290781141364601,0.0654761904761904,0.0379765864291485,
m5_cod_break,0.1,0.05,detector,z4,57999,0.4354452208384703,0.0734463276836158,0.1944588564906091,
m5_cod_break,0.1,0.05,detector,z6,52095,0.6395581898094461,0.4230769230769231,0.2358921041991567,
m5_cod_break,0.1,0.05,detector,z8,32545,0.6826048173181268,0.0792079207920792,0.0275859943286894,
m5_cod_break,0.1,0.05,detector,z57,57158,0.4588659100064776,0.1468926553672316,0.1708288727821554,
m5_cod_break,0.1,0.05,composite,z_plus,58032,0.5338031421823602,0.1412429378531073,0.0829487511883156,p_z_plus
m5_cod_break,0.1,0.05,composite,z_plus_renorm,56848,0.5286009714880606,0.1085714285714285,0.0990242267040742,p_z_plus_renorm
m5_cod_break,0.1,0.05,composite,breadth,58032,0.5243485198482276,0.0169491525423728,0.0061533143202834,p_breadth
m5_cod_break,0.1,0.05,composite,z_mahalanobis_sq,32529,0.5316887862463315,0.1782178217821782,0.1746638707289996,p_z_mahalanobis_sq
m5_cod_break,0.1,0.05,composite,t_iut,58032,0.5513743446869658,0.0790960451977401,0.0535822314406706,p_t_iut
m5_cod_break,0.1,0.05,composite,z_plus_softmax,56848,0.5367601604190456,0.1485714285714285,0.1255977273128297,p_z_plus_softmax
m5_cod_break,0.1,0.05,composite,z_plus_orth,56848,0.5366046315831927,0.1428571428571428,0.1082173168881125,p_z_plus_orth
m5_cod_break,0.1,0.1,detector,z1,53665,0.4689370975969904,0.0548780487804878,0.0866899684118053,
m5_cod_break,0.1,0.1,detector,z2,57180,0.543283196633729,0.2727272727272727,0.2324749140411199,
m5_cod_break,0.1,0.1,detector,z3,53385,0.4290781141364601,0.0654761904761904,0.0379765864291485,
m5_cod_break,0.1,0.1,detector,z4,57999,0.4354452208384703,0.0734463276836158,0.1944588564906091,
m5_cod_break,0.1,0.1,detector,z6,52095,0.6395581898094461,0.4230769230769231,0.2358921041991567,
m5_cod_break,0.1,0.1,detector,z8,32545,0.6826048173181268,0.0792079207920792,0.0275859943286894,
m5_cod_break,0.1,0.1,detector,z57,57158,0.4588659100064776,0.1468926553672316,0.1708288727821554,
m5_cod_break,0.1,0.1,composite,z_plus,58032,0.5338031421823602,0.1412429378531073,0.0829487511883156,p_z_plus
m5_cod_break,0.1,0.1,composite,z_plus_renorm,56848,0.5286009714880606,0.1085714285714285,0.0990242267040742,p_z_plus_renorm
m5_cod_break,0.1,0.1,composite,breadth,58032,0.5243485198482276,0.0169491525423728,0.0061533143202834,p_breadth
m5_cod_break,0.1,0.1,composite,z_mahalanobis_sq,32529,0.5316887862463315,0.1782178217821782,0.1746638707289996,p_z_mahalanobis_sq
m5_cod_break,0.1,0.1,composite,t_iut,58032,0.5513743446869658,0.0790960451977401,0.0535822314406706,p_t_iut
m5_cod_break,0.1,0.1,composite,z_plus_softmax,56848,0.5367601604190456,0.1485714285714285,0.1255977273128297,p_z_plus_softmax
m5_cod_break,0.1,0.1,composite,z_plus_orth,56848,0.5366046315831927,0.1428571428571428,0.1082173168881125,p_z_plus_orth
m5_cod_break,0.1,0.15,detector,z1,53665,0.4689370975969904,0.0548780487804878,0.0866899684118053,
m5_cod_break,0.1,0.15,detector,z2,57180,0.543283196633729,0.2727272727272727,0.2324749140411199,
m5_cod_break,0.1,0.15,detector,z3,53385,0.4290781141364601,0.0654761904761904,0.0379765864291485,
m5_cod_break,0.1,0.15,detector,z4,57999,0.4354452208384703,0.0734463276836158,0.1944588564906091,
m5_cod_break,0.1,0.15,detector,z6,52095,0.6395581898094461,0.4230769230769231,0.2358921041991567,
m5_cod_break,0.1,0.15,detector,z8,32545,0.6826048173181268,0.0792079207920792,0.0275859943286894,
m5_cod_break,0.1,0.15,detector,z57,57158,0.4588659100064776,0.1468926553672316,0.1708288727821554,
m5_cod_break,0.1,0.15,composite,z_plus,58032,0.5338031421823602,0.1412429378531073,0.0829487511883156,p_z_plus
m5_cod_break,0.1,0.15,composite,z_plus_renorm,56848,0.5286009714880606,0.1085714285714285,0.0990242267040742,p_z_plus_renorm
m5_cod_break,0.1,0.15,composite,breadth,58032,0.5243485198482276,0.0169491525423728,0.0061533143202834,p_breadth
m5_cod_break,0.1,0.15,composite,z_mahalanobis_sq,32529,0.5316887862463315,0.1782178217821782,0.1746638707289996,p_z_mahalanobis_sq
m5_cod_break,0.1,0.15,composite,t_iut,58032,0.5513743446869658,0.0790960451977401,0.0535822314406706,p_t_iut
m5_cod_break,0.1,0.15,composite,z_plus_softmax,56848,0.5367601604190456,0.1485714285714285,0.1255977273128297,p_z_plus_softmax
m5_cod_break,0.1,0.15,composite,z_plus_orth,56848,0.5366046315831927,0.1428571428571428,0.1082173168881125,p_z_plus_orth
m5_cod_break,0.1,0.2,detector,z1,53665,0.4689370975969904,0.0548780487804878,0.0866899684118053,
m5_cod_break,0.1,0.2,detector,z2,57180,0.543283196633729,0.2727272727272727,0.2324749140411199,
m5_cod_break,0.1,0.2,detector,z3,53385,0.4290781141364601,0.0654761904761904,0.0379765864291485,
m5_cod_break,0.1,0.2,detector,z4,57999,0.4354452208384703,0.0734463276836158,0.1944588564906091,
m5_cod_break,0.1,0.2,detector,z6,52095,0.6395581898094461,0.4230769230769231,0.2358921041991567,
m5_cod_break,0.1,0.2,detector,z8,32545,0.6826048173181268,0.0792079207920792,0.0275859943286894,
m5_cod_break,0.1,0.2,detector,z57,57158,0.4588659100064776,0.1468926553672316,0.1708288727821554,
m5_cod_break,0.1,0.2,composite,z_plus,58032,0.5338031421823602,0.1412429378531073,0.0829487511883156,p_z_plus
m5_cod_break,0.1,0.2,composite,z_plus_renorm,56848,0.5286009714880606,0.1085714285714285,0.0990242267040742,p_z_plus_renorm
m5_cod_break,0.1,0.2,composite,breadth,58032,0.5243485198482276,0.0169491525423728,0.0061533143202834,p_breadth
m5_cod_break,0.1,0.2,composite,z_mahalanobis_sq,32529,0.5316887862463315,0.1782178217821782,0.1746638707289996,p_z_mahalanobis_sq
m5_cod_break,0.1,0.2,composite,t_iut,58032,0.5513743446869658,0.0790960451977401,0.0535822314406706,p_t_iut
m5_cod_break,0.1,0.2,composite,z_plus_softmax,56848,0.5367601604190456,0.1485714285714285,0.1255977273128297,p_z_plus_softmax
m5_cod_break,0.1,0.2,composite,z_plus_orth,56848,0.5366046315831927,0.1428571428571428,0.1082173168881125,p_z_plus_orth
m5_cod_break,0.1,0.3,detector,z1,53665,0.4689370975969904,0.0548780487804878,0.0866899684118053,
m5_cod_break,0.1,0.3,detector,z2,57180,0.543283196633729,0.2727272727272727,0.2324749140411199,
m5_cod_break,0.1,0.3,detector,z3,53385,0.4290781141364601,0.0654761904761904,0.0379765864291485,
m5_cod_break,0.1,0.3,detector,z4,57999,0.4354452208384703,0.0734463276836158,0.1944588564906091,
m5_cod_break,0.1,0.3,detector,z6,52095,0.6395581898094461,0.4230769230769231,0.2358921041991567,
m5_cod_break,0.1,0.3,detector,z8,32545,0.6826048173181268,0.0792079207920792,0.0275859943286894,
m5_cod_break,0.1,0.3,detector,z57,57158,0.4588659100064776,0.1468926553672316,0.1708288727821554,
m5_cod_break,0.1,0.3,composite,z_plus,58032,0.5338031421823602,0.1412429378531073,0.0829487511883156,p_z_plus
m5_cod_break,0.1,0.3,composite,z_plus_renorm,56848,0.5286009714880606,0.1085714285714285,0.0990242267040742,p_z_plus_renorm
m5_cod_break,0.1,0.3,composite,breadth,58032,0.5243485198482276,0.0169491525423728,0.0061533143202834,p_breadth
m5_cod_break,0.1,0.3,composite,z_mahalanobis_sq,32529,0.5316887862463315,0.1782178217821782,0.1746638707289996,p_z_mahalanobis_sq
m5_cod_break,0.1,0.3,composite,t_iut,58032,0.5513743446869658,0.0790960451977401,0.0535822314406706,p_t_iut
m5_cod_break,0.1,0.3,composite,z_plus_softmax,56848,0.5367601604190456,0.1485714285714285,0.1255977273128297,p_z_plus_softmax
m5_cod_break,0.1,0.3,composite,z_plus_orth,56848,0.5366046315831927,0.1428571428571428,0.1082173168881125,p_z_plus_orth
m6_seasonal,0.01,0.05,detector,z1,53665,0.5544406922228751,0.0845070422535211,0.0866038478110189,
m6_seasonal,0.01,0.05,detector,z2,57180,0.5533036741450176,0.2689873417721519,0.2323438379290939,
m6_seasonal,0.01,0.05,detector,z3,53385,0.5052348441720804,0.0437710437710437,0.0380500301386377,
m6_seasonal,0.01,0.05,detector,z4,57999,0.3672350960268455,0.0,0.1951731192676457,
m6_seasonal,0.01,0.05,detector,z6,52095,0.4693638479798895,0.25,0.2361317460011191,
m6_seasonal,0.01,0.05,detector,z8,32545,0.5748287629195001,0.0559006211180124,0.0276062252964426,
m6_seasonal,0.01,0.05,detector,z57,57158,0.5090999593364567,0.167192429022082,0.1707746169138474,
m6_seasonal,0.01,0.05,composite,z_plus,58032,0.4868960351123792,0.0434782608695652,0.0831571651360249,p_z_plus
m6_seasonal,0.01,0.05,composite,z_plus_renorm,56849,0.4837863087972545,0.05625,0.0993826177714093,p_z_plus_renorm
m6_seasonal,0.01,0.05,composite,breadth,58032,0.4841283952424361,0.0031055900621118,0.0061687749090278,p_breadth
m6_seasonal,0.01,0.05,composite,z_mahalanobis_sq,32529,0.3931196519528527,0.1118012422360248,0.1748022738507167,p_z_mahalanobis_sq
m6_seasonal,0.01,0.05,composite,t_iut,58032,0.5681051703150578,0.0590062111801242,0.0536648761046612,p_t_iut
m6_seasonal,0.01,0.05,composite,z_plus_softmax,56849,0.4870737254329636,0.134375,0.1257761502945391,p_z_plus_softmax
m6_seasonal,0.01,0.05,composite,z_plus_orth,56849,0.4888017101841533,0.115625,0.1083337755842134,p_z_plus_orth
m6_seasonal,0.01,0.1,detector,z1,53665,0.5544406922228751,0.0845070422535211,0.0866038478110189,
m6_seasonal,0.01,0.1,detector,z2,57180,0.5533036741450176,0.2689873417721519,0.2323438379290939,
m6_seasonal,0.01,0.1,detector,z3,53385,0.5052348441720804,0.0437710437710437,0.0380500301386377,
m6_seasonal,0.01,0.1,detector,z4,57999,0.3672350960268455,0.0,0.1951731192676457,
m6_seasonal,0.01,0.1,detector,z6,52095,0.4693638479798895,0.25,0.2361317460011191,
m6_seasonal,0.01,0.1,detector,z8,32545,0.5748287629195001,0.0559006211180124,0.0276062252964426,
m6_seasonal,0.01,0.1,detector,z57,57158,0.5090999593364567,0.167192429022082,0.1707746169138474,
m6_seasonal,0.01,0.1,composite,z_plus,58032,0.4868960351123792,0.0434782608695652,0.0831571651360249,p_z_plus
m6_seasonal,0.01,0.1,composite,z_plus_renorm,56849,0.4837863087972545,0.05625,0.0993826177714093,p_z_plus_renorm
m6_seasonal,0.01,0.1,composite,breadth,58032,0.4841283952424361,0.0031055900621118,0.0061687749090278,p_breadth
m6_seasonal,0.01,0.1,composite,z_mahalanobis_sq,32529,0.3931196519528527,0.1118012422360248,0.1748022738507167,p_z_mahalanobis_sq
m6_seasonal,0.01,0.1,composite,t_iut,58032,0.5681051703150578,0.0590062111801242,0.0536648761046612,p_t_iut
m6_seasonal,0.01,0.1,composite,z_plus_softmax,56849,0.4870737254329636,0.134375,0.1257761502945391,p_z_plus_softmax
m6_seasonal,0.01,0.1,composite,z_plus_orth,56849,0.4888017101841533,0.115625,0.1083337755842134,p_z_plus_orth
m6_seasonal,0.01,0.15,detector,z1,53665,0.5544406922228751,0.0845070422535211,0.0866038478110189,
m6_seasonal,0.01,0.15,detector,z2,57180,0.5533036741450176,0.2689873417721519,0.2323438379290939,
m6_seasonal,0.01,0.15,detector,z3,53385,0.5052348441720804,0.0437710437710437,0.0380500301386377,
m6_seasonal,0.01,0.15,detector,z4,57999,0.3672350960268455,0.0,0.1951731192676457,
m6_seasonal,0.01,0.15,detector,z6,52095,0.4693638479798895,0.25,0.2361317460011191,
m6_seasonal,0.01,0.15,detector,z8,32545,0.5748287629195001,0.0559006211180124,0.0276062252964426,
m6_seasonal,0.01,0.15,detector,z57,57158,0.5090999593364567,0.167192429022082,0.1707746169138474,
m6_seasonal,0.01,0.15,composite,z_plus,58032,0.4868960351123792,0.0434782608695652,0.0831571651360249,p_z_plus
m6_seasonal,0.01,0.15,composite,z_plus_renorm,56849,0.4837863087972545,0.05625,0.0993826177714093,p_z_plus_renorm
m6_seasonal,0.01,0.15,composite,breadth,58032,0.4841283952424361,0.0031055900621118,0.0061687749090278,p_breadth
m6_seasonal,0.01,0.15,composite,z_mahalanobis_sq,32529,0.3931196519528527,0.1118012422360248,0.1748022738507167,p_z_mahalanobis_sq
m6_seasonal,0.01,0.15,composite,t_iut,58032,0.5681051703150578,0.0590062111801242,0.0536648761046612,p_t_iut
m6_seasonal,0.01,0.15,composite,z_plus_softmax,56849,0.4870737254329636,0.134375,0.1257761502945391,p_z_plus_softmax
m6_seasonal,0.01,0.15,composite,z_plus_orth,56849,0.4888017101841533,0.115625,0.1083337755842134,p_z_plus_orth
m6_seasonal,0.01,0.2,detector,z1,53665,0.5544406922228751,0.0845070422535211,0.0866038478110189,
m6_seasonal,0.01,0.2,detector,z2,57180,0.5533036741450176,0.2689873417721519,0.2323438379290939,
m6_seasonal,0.01,0.2,detector,z3,53385,0.5052348441720804,0.0437710437710437,0.0380500301386377,
m6_seasonal,0.01,0.2,detector,z4,57999,0.3672350960268455,0.0,0.1951731192676457,
m6_seasonal,0.01,0.2,detector,z6,52095,0.4693638479798895,0.25,0.2361317460011191,
m6_seasonal,0.01,0.2,detector,z8,32545,0.5748287629195001,0.0559006211180124,0.0276062252964426,
m6_seasonal,0.01,0.2,detector,z57,57158,0.5090999593364567,0.167192429022082,0.1707746169138474,
m6_seasonal,0.01,0.2,composite,z_plus,58032,0.4868960351123792,0.0434782608695652,0.0831571651360249,p_z_plus
m6_seasonal,0.01,0.2,composite,z_plus_renorm,56849,0.4837863087972545,0.05625,0.0993826177714093,p_z_plus_renorm
m6_seasonal,0.01,0.2,composite,breadth,58032,0.4841283952424361,0.0031055900621118,0.0061687749090278,p_breadth
m6_seasonal,0.01,0.2,composite,z_mahalanobis_sq,32529,0.3931196519528527,0.1118012422360248,0.1748022738507167,p_z_mahalanobis_sq
m6_seasonal,0.01,0.2,composite,t_iut,58032,0.5681051703150578,0.0590062111801242,0.0536648761046612,p_t_iut
m6_seasonal,0.01,0.2,composite,z_plus_softmax,56849,0.4870737254329636,0.134375,0.1257761502945391,p_z_plus_softmax
m6_seasonal,0.01,0.2,composite,z_plus_orth,56849,0.4888017101841533,0.115625,0.1083337755842134,p_z_plus_orth
m6_seasonal,0.01,0.3,detector,z1,53665,0.5544406922228751,0.0845070422535211,0.0866038478110189,
m6_seasonal,0.01,0.3,detector,z2,57180,0.5533036741450176,0.2689873417721519,0.2323438379290939,
m6_seasonal,0.01,0.3,detector,z3,53385,0.5052348441720804,0.0437710437710437,0.0380500301386377,
m6_seasonal,0.01,0.3,detector,z4,57999,0.3672350960268455,0.0,0.1951731192676457,
m6_seasonal,0.01,0.3,detector,z6,52095,0.4693638479798895,0.25,0.2361317460011191,
m6_seasonal,0.01,0.3,detector,z8,32545,0.5748287629195001,0.0559006211180124,0.0276062252964426,
m6_seasonal,0.01,0.3,detector,z57,57158,0.5090999593364567,0.167192429022082,0.1707746169138474,
m6_seasonal,0.01,0.3,composite,z_plus,58032,0.4868960351123792,0.0434782608695652,0.0831571651360249,p_z_plus
m6_seasonal,0.01,0.3,composite,z_plus_renorm,56849,0.4837863087972545,0.05625,0.0993826177714093,p_z_plus_renorm
m6_seasonal,0.01,0.3,composite,breadth,58032,0.4841283952424361,0.0031055900621118,0.0061687749090278,p_breadth
m6_seasonal,0.01,0.3,composite,z_mahalanobis_sq,32529,0.3931196519528527,0.1118012422360248,0.1748022738507167,p_z_mahalanobis_sq
m6_seasonal,0.01,0.3,composite,t_iut,58032,0.5681051703150578,0.0590062111801242,0.0536648761046612,p_t_iut
m6_seasonal,0.01,0.3,composite,z_plus_softmax,56849,0.4870737254329636,0.134375,0.1257761502945391,p_z_plus_softmax
m6_seasonal,0.01,0.3,composite,z_plus_orth,56849,0.4888017101841533,0.115625,0.1083337755842134,p_z_plus_orth
m6_seasonal,0.05,0.05,detector,z1,53665,0.4930592393807484,0.0871613663133097,0.0864274815133612,
m6_seasonal,0.05,0.05,detector,z2,57180,0.4868778559073787,0.224302496328928,0.2330688996621125,
m6_seasonal,0.05,0.05,detector,z3,53385,0.4943942194124465,0.0362431800467654,0.0381550207599519,
m6_seasonal,0.05,0.05,detector,z4,57999,0.5268267195031362,0.1625867738399707,0.1951250407151387,
m6_seasonal,0.05,0.05,detector,z6,52095,0.5056080104940697,0.2426948051948051,0.2357800568193266,
m6_seasonal,0.05,0.05,detector,z8,32545,0.5248870682755548,0.03475935828877,0.0275049115913556,
m6_seasonal,0.05,0.05,detector,z57,57158,0.5106984646072006,0.1713338246131171,0.1744912203364925,
m6_seasonal,0.05,0.05,composite,z_plus,58032,0.4939719919147433,0.0842411038489469,0.0827815767574803,p_z_plus
m6_seasonal,0.05,0.05,composite,z_plus_renorm,56848,0.4774831192154497,0.0768378278537126,0.0999242718087955,p_z_plus_renorm
m6_seasonal,0.05,0.05,composite,breadth,58032,0.5249657057903114,0.0065359477124183,0.0059517348673975,p_breadth
m6_seasonal,0.05,0.05,composite,z_mahalanobis_sq,32529,0.4380859404280867,0.1303475935828877,0.1764573196274933,p_z_mahalanobis_sq
m6_seasonal,0.05,0.05,composite,t_iut,58032,0.5052922406880723,0.0635439360929557,0.0536379753247223,p_t_iut
m6_seasonal,0.05,0.05,composite,z_plus_softmax,56848,0.4753912649936268,0.0949390469154045,0.12700171773702,p_z_plus_softmax
m6_seasonal,0.05,0.05,composite,z_plus_orth,56848,0.4756527557267504,0.0827484299963058,0.1091040062060176,p_z_plus_orth
m6_seasonal,0.05,0.1,detector,z1,53665,0.4930592393807484,0.0871613663133097,0.0864274815133612,
m6_seasonal,0.05,0.1,detector,z2,57180,0.4868778559073787,0.224302496328928,0.2330688996621125,
m6_seasonal,0.05,0.1,detector,z3,53385,0.4943942194124465,0.0362431800467654,0.0381550207599519,
m6_seasonal,0.05,0.1,detector,z4,57999,0.5268267195031362,0.1625867738399707,0.1951250407151387,
m6_seasonal,0.05,0.1,detector,z6,52095,0.5056080104940697,0.2426948051948051,0.2357800568193266,
m6_seasonal,0.05,0.1,detector,z8,32545,0.5248870682755548,0.03475935828877,0.0275049115913556,
m6_seasonal,0.05,0.1,detector,z57,57158,0.5106984646072006,0.1713338246131171,0.1744912203364925,
m6_seasonal,0.05,0.1,composite,z_plus,58032,0.4939719919147433,0.0842411038489469,0.0827815767574803,p_z_plus
m6_seasonal,0.05,0.1,composite,z_plus_renorm,56848,0.4774831192154497,0.0768378278537126,0.0999242718087955,p_z_plus_renorm
m6_seasonal,0.05,0.1,composite,breadth,58032,0.5249657057903114,0.0065359477124183,0.0059517348673975,p_breadth
m6_seasonal,0.05,0.1,composite,z_mahalanobis_sq,32529,0.4380859404280867,0.1303475935828877,0.1764573196274933,p_z_mahalanobis_sq
m6_seasonal,0.05,0.1,composite,t_iut,58032,0.5052922406880723,0.0635439360929557,0.0536379753247223,p_t_iut
m6_seasonal,0.05,0.1,composite,z_plus_softmax,56848,0.4753912649936268,0.0949390469154045,0.12700171773702,p_z_plus_softmax
m6_seasonal,0.05,0.1,composite,z_plus_orth,56848,0.4756527557267504,0.0827484299963058,0.1091040062060176,p_z_plus_orth
m6_seasonal,0.05,0.15,detector,z1,53665,0.4930592393807484,0.0871613663133097,0.0864274815133612,
m6_seasonal,0.05,0.15,detector,z2,57180,0.4868778559073787,0.224302496328928,0.2330688996621125,
m6_seasonal,0.05,0.15,detector,z3,53385,0.4943942194124465,0.0362431800467654,0.0381550207599519,
m6_seasonal,0.05,0.15,detector,z4,57999,0.5268267195031362,0.1625867738399707,0.1951250407151387,
m6_seasonal,0.05,0.15,detector,z6,52095,0.5056080104940697,0.2426948051948051,0.2357800568193266,
m6_seasonal,0.05,0.15,detector,z8,32545,0.5248870682755548,0.03475935828877,0.0275049115913556,
m6_seasonal,0.05,0.15,detector,z57,57158,0.5106984646072006,0.1713338246131171,0.1744912203364925,
m6_seasonal,0.05,0.15,composite,z_plus,58032,0.4939719919147433,0.0842411038489469,0.0827815767574803,p_z_plus
m6_seasonal,0.05,0.15,composite,z_plus_renorm,56848,0.4774831192154497,0.0768378278537126,0.0999242718087955,p_z_plus_renorm
m6_seasonal,0.05,0.15,composite,breadth,58032,0.5249657057903114,0.0065359477124183,0.0059517348673975,p_breadth
m6_seasonal,0.05,0.15,composite,z_mahalanobis_sq,32529,0.4380859404280867,0.1303475935828877,0.1764573196274933,p_z_mahalanobis_sq
m6_seasonal,0.05,0.15,composite,t_iut,58032,0.5052922406880723,0.0635439360929557,0.0536379753247223,p_t_iut
m6_seasonal,0.05,0.15,composite,z_plus_softmax,56848,0.4753912649936268,0.0949390469154045,0.12700171773702,p_z_plus_softmax
m6_seasonal,0.05,0.15,composite,z_plus_orth,56848,0.4756527557267504,0.0827484299963058,0.1091040062060176,p_z_plus_orth
m6_seasonal,0.05,0.2,detector,z1,53665,0.4930592393807484,0.0871613663133097,0.0864274815133612,
m6_seasonal,0.05,0.2,detector,z2,57180,0.4868778559073787,0.224302496328928,0.2330688996621125,
m6_seasonal,0.05,0.2,detector,z3,53385,0.4943942194124465,0.0362431800467654,0.0381550207599519,
m6_seasonal,0.05,0.2,detector,z4,57999,0.5268267195031362,0.1625867738399707,0.1951250407151387,
m6_seasonal,0.05,0.2,detector,z6,52095,0.5056080104940697,0.2426948051948051,0.2357800568193266,
m6_seasonal,0.05,0.2,detector,z8,32545,0.5248870682755548,0.03475935828877,0.0275049115913556,
m6_seasonal,0.05,0.2,detector,z57,57158,0.5106984646072006,0.1713338246131171,0.1744912203364925,
m6_seasonal,0.05,0.2,composite,z_plus,58032,0.4939719919147433,0.0842411038489469,0.0827815767574803,p_z_plus
m6_seasonal,0.05,0.2,composite,z_plus_renorm,56848,0.4774831192154497,0.0768378278537126,0.0999242718087955,p_z_plus_renorm
m6_seasonal,0.05,0.2,composite,breadth,58032,0.5249657057903114,0.0065359477124183,0.0059517348673975,p_breadth
m6_seasonal,0.05,0.2,composite,z_mahalanobis_sq,32529,0.4380859404280867,0.1303475935828877,0.1764573196274933,p_z_mahalanobis_sq
m6_seasonal,0.05,0.2,composite,t_iut,58032,0.5052922406880723,0.0635439360929557,0.0536379753247223,p_t_iut
m6_seasonal,0.05,0.2,composite,z_plus_softmax,56848,0.4753912649936268,0.0949390469154045,0.12700171773702,p_z_plus_softmax
m6_seasonal,0.05,0.2,composite,z_plus_orth,56848,0.4756527557267504,0.0827484299963058,0.1091040062060176,p_z_plus_orth
m6_seasonal,0.05,0.3,detector,z1,53665,0.4930592393807484,0.0871613663133097,0.0864274815133612,
m6_seasonal,0.05,0.3,detector,z2,57180,0.4868778559073787,0.224302496328928,0.2330688996621125,
m6_seasonal,0.05,0.3,detector,z3,53385,0.4943942194124465,0.0362431800467654,0.0381550207599519,
m6_seasonal,0.05,0.3,detector,z4,57999,0.5268267195031362,0.1625867738399707,0.1951250407151387,
m6_seasonal,0.05,0.3,detector,z6,52095,0.5056080104940697,0.2426948051948051,0.2357800568193266,
m6_seasonal,0.05,0.3,detector,z8,32545,0.5248870682755548,0.03475935828877,0.0275049115913556,
m6_seasonal,0.05,0.3,detector,z57,57158,0.5106984646072006,0.1713338246131171,0.1744912203364925,
m6_seasonal,0.05,0.3,composite,z_plus,58032,0.4939719919147433,0.0842411038489469,0.0827815767574803,p_z_plus
m6_seasonal,0.05,0.3,composite,z_plus_renorm,56848,0.4774831192154497,0.0768378278537126,0.0999242718087955,p_z_plus_renorm
m6_seasonal,0.05,0.3,composite,breadth,58032,0.5249657057903114,0.0065359477124183,0.0059517348673975,p_breadth
m6_seasonal,0.05,0.3,composite,z_mahalanobis_sq,32529,0.4380859404280867,0.1303475935828877,0.1764573196274933,p_z_mahalanobis_sq
m6_seasonal,0.05,0.3,composite,t_iut,58032,0.5052922406880723,0.0635439360929557,0.0536379753247223,p_t_iut
m6_seasonal,0.05,0.3,composite,z_plus_softmax,56848,0.4753912649936268,0.0949390469154045,0.12700171773702,p_z_plus_softmax
m6_seasonal,0.05,0.3,composite,z_plus_orth,56848,0.4756527557267504,0.0827484299963058,0.1091040062060176,p_z_plus_orth
m6_seasonal,0.1,0.05,detector,z1,53665,0.4728554484441223,0.0677023398542385,0.0876555695444882,
m6_seasonal,0.1,0.05,detector,z2,57180,0.5221723528066097,0.2551773815955339,0.2301508900381583,
m6_seasonal,0.1,0.05,detector,z3,53385,0.5067216900174767,0.0435946462715105,0.037586958778943,
m6_seasonal,0.1,0.05,detector,z4,57999,0.4263060790754204,0.1183789548524706,0.2003131384492009,
m6_seasonal,0.1,0.05,detector,z6,52095,0.5043794269623993,0.2333793647662261,0.2356994003317314,
m6_seasonal,0.1,0.05,detector,z8,32545,0.5134526790137272,0.0358135226921889,0.0269228144407288,
m6_seasonal,0.1,0.05,detector,z57,57158,0.4811757414506064,0.1772629310344827,0.1748982360922659,
m6_seasonal,0.1,0.05,composite,z_plus,58032,0.4801920511404307,0.0732314255243512,0.0837881158645956,p_z_plus
m6_seasonal,0.1,0.05,composite,z_plus_renorm,56855,0.4821007816305214,0.092167577413479,0.0993283364158473,p_z_plus_renorm
m6_seasonal,0.1,0.05,composite,breadth,58032,0.4895063378861851,0.0040881621045147,0.0061824981872304,p_breadth
m6_seasonal,0.1,0.05,composite,z_mahalanobis_sq,32529,0.4901366723054629,0.1576506955177743,0.1776131631050727,p_z_mahalanobis_sq
m6_seasonal,0.1,0.05,composite,t_iut,58032,0.4927745174509737,0.0513686455741201,0.0540014502156241,p_t_iut
m6_seasonal,0.1,0.05,composite,z_plus_softmax,56855,0.4859139321655419,0.1280510018214936,0.1253187968461014,p_z_plus_softmax
m6_seasonal,0.1,0.05,composite,z_plus_orth,56855,0.4871897117614444,0.1162112932604736,0.1071157402900808,p_z_plus_orth
m6_seasonal,0.1,0.1,detector,z1,53665,0.4728554484441223,0.0677023398542385,0.0876555695444882,
m6_seasonal,0.1,0.1,detector,z2,57180,0.5221723528066097,0.2551773815955339,0.2301508900381583,
m6_seasonal,0.1,0.1,detector,z3,53385,0.5067216900174767,0.0435946462715105,0.037586958778943,
m6_seasonal,0.1,0.1,detector,z4,57999,0.4263060790754204,0.1183789548524706,0.2003131384492009,
m6_seasonal,0.1,0.1,detector,z6,52095,0.5043794269623993,0.2333793647662261,0.2356994003317314,
m6_seasonal,0.1,0.1,detector,z8,32545,0.5134526790137272,0.0358135226921889,0.0269228144407288,
m6_seasonal,0.1,0.1,detector,z57,57158,0.4811757414506064,0.1772629310344827,0.1748982360922659,
m6_seasonal,0.1,0.1,composite,z_plus,58032,0.4801920511404307,0.0732314255243512,0.0837881158645956,p_z_plus
m6_seasonal,0.1,0.1,composite,z_plus_renorm,56855,0.4821007816305214,0.092167577413479,0.0993283364158473,p_z_plus_renorm
m6_seasonal,0.1,0.1,composite,breadth,58032,0.4895063378861851,0.0040881621045147,0.0061824981872304,p_breadth
m6_seasonal,0.1,0.1,composite,z_mahalanobis_sq,32529,0.4901366723054629,0.1576506955177743,0.1776131631050727,p_z_mahalanobis_sq
m6_seasonal,0.1,0.1,composite,t_iut,58032,0.4927745174509737,0.0513686455741201,0.0540014502156241,p_t_iut
m6_seasonal,0.1,0.1,composite,z_plus_softmax,56855,0.4859139321655419,0.1280510018214936,0.1253187968461014,p_z_plus_softmax
m6_seasonal,0.1,0.1,composite,z_plus_orth,56855,0.4871897117614444,0.1162112932604736,0.1071157402900808,p_z_plus_orth
m6_seasonal,0.1,0.15,detector,z1,53665,0.4728554484441223,0.0677023398542385,0.0876555695444882,
m6_seasonal,0.1,0.15,detector,z2,57180,0.5221723528066097,0.2551773815955339,0.2301508900381583,
m6_seasonal,0.1,0.15,detector,z3,53385,0.5067216900174767,0.0435946462715105,0.037586958778943,
m6_seasonal,0.1,0.15,detector,z4,57999,0.4263060790754204,0.1183789548524706,0.2003131384492009,
m6_seasonal,0.1,0.15,detector,z6,52095,0.5043794269623993,0.2333793647662261,0.2356994003317314,
m6_seasonal,0.1,0.15,detector,z8,32545,0.5134526790137272,0.0358135226921889,0.0269228144407288,
m6_seasonal,0.1,0.15,detector,z57,57158,0.4811757414506064,0.1772629310344827,0.1748982360922659,
m6_seasonal,0.1,0.15,composite,z_plus,58032,0.4801920511404307,0.0732314255243512,0.0837881158645956,p_z_plus
m6_seasonal,0.1,0.15,composite,z_plus_renorm,56855,0.4821007816305214,0.092167577413479,0.0993283364158473,p_z_plus_renorm
m6_seasonal,0.1,0.15,composite,breadth,58032,0.4895063378861851,0.0040881621045147,0.0061824981872304,p_breadth
m6_seasonal,0.1,0.15,composite,z_mahalanobis_sq,32529,0.4901366723054629,0.1576506955177743,0.1776131631050727,p_z_mahalanobis_sq
m6_seasonal,0.1,0.15,composite,t_iut,58032,0.4927745174509737,0.0513686455741201,0.0540014502156241,p_t_iut
m6_seasonal,0.1,0.15,composite,z_plus_softmax,56855,0.4859139321655419,0.1280510018214936,0.1253187968461014,p_z_plus_softmax
m6_seasonal,0.1,0.15,composite,z_plus_orth,56855,0.4871897117614444,0.1162112932604736,0.1071157402900808,p_z_plus_orth
m6_seasonal,0.1,0.2,detector,z1,53665,0.4728554484441223,0.0677023398542385,0.0876555695444882,
m6_seasonal,0.1,0.2,detector,z2,57180,0.5221723528066097,0.2551773815955339,0.2301508900381583,
m6_seasonal,0.1,0.2,detector,z3,53385,0.5067216900174767,0.0435946462715105,0.037586958778943,
m6_seasonal,0.1,0.2,detector,z4,57999,0.4263060790754204,0.1183789548524706,0.2003131384492009,
m6_seasonal,0.1,0.2,detector,z6,52095,0.5043794269623993,0.2333793647662261,0.2356994003317314,
m6_seasonal,0.1,0.2,detector,z8,32545,0.5134526790137272,0.0358135226921889,0.0269228144407288,
m6_seasonal,0.1,0.2,detector,z57,57158,0.4811757414506064,0.1772629310344827,0.1748982360922659,
m6_seasonal,0.1,0.2,composite,z_plus,58032,0.4801920511404307,0.0732314255243512,0.0837881158645956,p_z_plus
m6_seasonal,0.1,0.2,composite,z_plus_renorm,56855,0.4821007816305214,0.092167577413479,0.0993283364158473,p_z_plus_renorm
m6_seasonal,0.1,0.2,composite,breadth,58032,0.4895063378861851,0.0040881621045147,0.0061824981872304,p_breadth
m6_seasonal,0.1,0.2,composite,z_mahalanobis_sq,32529,0.4901366723054629,0.1576506955177743,0.1776131631050727,p_z_mahalanobis_sq
m6_seasonal,0.1,0.2,composite,t_iut,58032,0.4927745174509737,0.0513686455741201,0.0540014502156241,p_t_iut
m6_seasonal,0.1,0.2,composite,z_plus_softmax,56855,0.4859139321655419,0.1280510018214936,0.1253187968461014,p_z_plus_softmax
m6_seasonal,0.1,0.2,composite,z_plus_orth,56855,0.4871897117614444,0.1162112932604736,0.1071157402900808,p_z_plus_orth
m6_seasonal,0.1,0.3,detector,z1,53665,0.4728554484441223,0.0677023398542385,0.0876555695444882,
m6_seasonal,0.1,0.3,detector,z2,57180,0.5221723528066097,0.2551773815955339,0.2301508900381583,
m6_seasonal,0.1,0.3,detector,z3,53385,0.5067216900174767,0.0435946462715105,0.037586958778943,
m6_seasonal,0.1,0.3,detector,z4,57999,0.4263060790754204,0.1183789548524706,0.2003131384492009,
m6_seasonal,0.1,0.3,detector,z6,52095,0.5043794269623993,0.2333793647662261,0.2356994003317314,
m6_seasonal,0.1,0.3,detector,z8,32545,0.5134526790137272,0.0358135226921889,0.0269228144407288,
m6_seasonal,0.1,0.3,detector,z57,57158,0.4811757414506064,0.1772629310344827,0.1748982360922659,
m6_seasonal,0.1,0.3,composite,z_plus,58032,0.4801920511404307,0.0732314255243512,0.0837881158645956,p_z_plus
m6_seasonal,0.1,0.3,composite,z_plus_renorm,56855,0.4821007816305214,0.092167577413479,0.0993283364158473,p_z_plus_renorm
m6_seasonal,0.1,0.3,composite,breadth,58032,0.4895063378861851,0.0040881621045147,0.0061824981872304,p_breadth
m6_seasonal,0.1,0.3,composite,z_mahalanobis_sq,32529,0.4901366723054629,0.1576506955177743,0.1776131631050727,p_z_mahalanobis_sq
m6_seasonal,0.1,0.3,composite,t_iut,58032,0.4927745174509737,0.0513686455741201,0.0540014502156241,p_t_iut
m6_seasonal,0.1,0.3,composite,z_plus_softmax,56855,0.4859139321655419,0.1280510018214936,0.1253187968461014,p_z_plus_softmax
m6_seasonal,0.1,0.3,composite,z_plus_orth,56855,0.4871897117614444,0.1162112932604736,0.1071157402900808,p_z_plus_orth
abn_disx_full,0.01,0.05,detector,z1,53665,,,0.0867231901611851,
abn_disx_full,0.01,0.05,detector,z2,57180,,,0.2325638335082196,
abn_disx_full,0.01,0.05,detector,z3,53385,,,0.0380631263463519,
abn_disx_full,0.01,0.05,detector,z4,57999,,,0.1940895532681598,
abn_disx_full,0.01,0.05,detector,z6,52095,,,0.2361646991073999,
abn_disx_full,0.01,0.05,detector,z8,32545,,,0.0277461975725917,
abn_disx_full,0.01,0.05,detector,z57,57158,,,0.1707722453549809,
abn_disx_full,0.01,0.05,composite,z_plus,58032,,,0.0830059277639922,p_z_plus
abn_disx_full,0.01,0.05,composite,z_plus_renorm,56845,,,0.0991819861025595,p_z_plus_renorm
abn_disx_full,0.01,0.05,composite,breadth,58032,,,0.0061517783291976,p_breadth
abn_disx_full,0.01,0.05,composite,z_mahalanobis_sq,32529,,,0.1745211964708414,p_z_mahalanobis_sq
abn_disx_full,0.01,0.05,composite,t_iut,58032,,,0.0535049627791563,p_t_iut
abn_disx_full,0.01,0.05,composite,z_plus_softmax,56845,,,0.1258509983287888,p_z_plus_softmax
abn_disx_full,0.01,0.05,composite,z_plus_orth,56845,,,0.1084352185768317,p_z_plus_orth
abn_disx_full,0.01,0.1,detector,z1,53665,,,0.0867231901611851,
abn_disx_full,0.01,0.1,detector,z2,57180,,,0.2325638335082196,
abn_disx_full,0.01,0.1,detector,z3,53385,,,0.0380631263463519,
abn_disx_full,0.01,0.1,detector,z4,57999,,,0.1940895532681598,
abn_disx_full,0.01,0.1,detector,z6,52095,,,0.2361646991073999,
abn_disx_full,0.01,0.1,detector,z8,32545,,,0.0277461975725917,
abn_disx_full,0.01,0.1,detector,z57,57158,,,0.1707722453549809,
abn_disx_full,0.01,0.1,composite,z_plus,58032,,,0.0830059277639922,p_z_plus
abn_disx_full,0.01,0.1,composite,z_plus_renorm,56845,,,0.0991819861025595,p_z_plus_renorm
abn_disx_full,0.01,0.1,composite,breadth,58032,,,0.0061517783291976,p_breadth
abn_disx_full,0.01,0.1,composite,z_mahalanobis_sq,32529,,,0.1745211964708414,p_z_mahalanobis_sq
abn_disx_full,0.01,0.1,composite,t_iut,58032,,,0.0535049627791563,p_t_iut
abn_disx_full,0.01,0.1,composite,z_plus_softmax,56845,,,0.1258509983287888,p_z_plus_softmax
abn_disx_full,0.01,0.1,composite,z_plus_orth,56845,,,0.1084352185768317,p_z_plus_orth
abn_disx_full,0.01,0.15,detector,z1,53665,,,0.0867231901611851,
abn_disx_full,0.01,0.15,detector,z2,57180,,,0.2325638335082196,
abn_disx_full,0.01,0.15,detector,z3,53385,,,0.0380631263463519,
abn_disx_full,0.01,0.15,detector,z4,57999,,,0.1940895532681598,
abn_disx_full,0.01,0.15,detector,z6,52095,,,0.2361646991073999,
abn_disx_full,0.01,0.15,detector,z8,32545,,,0.0277461975725917,
abn_disx_full,0.01,0.15,detector,z57,57158,,,0.1707722453549809,
abn_disx_full,0.01,0.15,composite,z_plus,58032,,,0.0830059277639922,p_z_plus
abn_disx_full,0.01,0.15,composite,z_plus_renorm,56845,,,0.0991819861025595,p_z_plus_renorm
abn_disx_full,0.01,0.15,composite,breadth,58032,,,0.0061517783291976,p_breadth
abn_disx_full,0.01,0.15,composite,z_mahalanobis_sq,32529,,,0.1745211964708414,p_z_mahalanobis_sq
abn_disx_full,0.01,0.15,composite,t_iut,58032,,,0.0535049627791563,p_t_iut
abn_disx_full,0.01,0.15,composite,z_plus_softmax,56845,,,0.1258509983287888,p_z_plus_softmax
abn_disx_full,0.01,0.15,composite,z_plus_orth,56845,,,0.1084352185768317,p_z_plus_orth
abn_disx_full,0.01,0.2,detector,z1,53665,,,0.0867231901611851,
abn_disx_full,0.01,0.2,detector,z2,57180,,,0.2325638335082196,
abn_disx_full,0.01,0.2,detector,z3,53385,,,0.0380631263463519,
abn_disx_full,0.01,0.2,detector,z4,57999,,,0.1940895532681598,
abn_disx_full,0.01,0.2,detector,z6,52095,,,0.2361646991073999,
abn_disx_full,0.01,0.2,detector,z8,32545,,,0.0277461975725917,
abn_disx_full,0.01,0.2,detector,z57,57158,,,0.1707722453549809,
abn_disx_full,0.01,0.2,composite,z_plus,58032,,,0.0830059277639922,p_z_plus
abn_disx_full,0.01,0.2,composite,z_plus_renorm,56845,,,0.0991819861025595,p_z_plus_renorm
abn_disx_full,0.01,0.2,composite,breadth,58032,,,0.0061517783291976,p_breadth
abn_disx_full,0.01,0.2,composite,z_mahalanobis_sq,32529,,,0.1745211964708414,p_z_mahalanobis_sq
abn_disx_full,0.01,0.2,composite,t_iut,58032,,,0.0535049627791563,p_t_iut
abn_disx_full,0.01,0.2,composite,z_plus_softmax,56845,,,0.1258509983287888,p_z_plus_softmax
abn_disx_full,0.01,0.2,composite,z_plus_orth,56845,,,0.1084352185768317,p_z_plus_orth
abn_disx_full,0.01,0.3,detector,z1,53665,,,0.0867231901611851,
abn_disx_full,0.01,0.3,detector,z2,57180,,,0.2325638335082196,
abn_disx_full,0.01,0.3,detector,z3,53385,,,0.0380631263463519,
abn_disx_full,0.01,0.3,detector,z4,57999,,,0.1940895532681598,
abn_disx_full,0.01,0.3,detector,z6,52095,,,0.2361646991073999,
abn_disx_full,0.01,0.3,detector,z8,32545,,,0.0277461975725917,
abn_disx_full,0.01,0.3,detector,z57,57158,,,0.1707722453549809,
abn_disx_full,0.01,0.3,composite,z_plus,58032,,,0.0830059277639922,p_z_plus
abn_disx_full,0.01,0.3,composite,z_plus_renorm,56845,,,0.0991819861025595,p_z_plus_renorm
abn_disx_full,0.01,0.3,composite,breadth,58032,,,0.0061517783291976,p_breadth
abn_disx_full,0.01,0.3,composite,z_mahalanobis_sq,32529,,,0.1745211964708414,p_z_mahalanobis_sq
abn_disx_full,0.01,0.3,composite,t_iut,58032,,,0.0535049627791563,p_t_iut
abn_disx_full,0.01,0.3,composite,z_plus_softmax,56845,,,0.1258509983287888,p_z_plus_softmax
abn_disx_full,0.01,0.3,composite,z_plus_orth,56845,,,0.1084352185768317,p_z_plus_orth
abn_disx_full,0.05,0.05,detector,z1,53665,,,0.0867231901611851,
abn_disx_full,0.05,0.05,detector,z2,57180,,,0.2325638335082196,
abn_disx_full,0.05,0.05,detector,z3,53385,,,0.0380631263463519,
abn_disx_full,0.05,0.05,detector,z4,57999,,,0.1940895532681598,
abn_disx_full,0.05,0.05,detector,z6,52095,,,0.2361646991073999,
abn_disx_full,0.05,0.05,detector,z8,32545,,,0.0277461975725917,
abn_disx_full,0.05,0.05,detector,z57,57158,,,0.1707722453549809,
abn_disx_full,0.05,0.05,composite,z_plus,58032,,,0.0830059277639922,p_z_plus
abn_disx_full,0.05,0.05,composite,z_plus_renorm,56845,,,0.0991819861025595,p_z_plus_renorm
abn_disx_full,0.05,0.05,composite,breadth,58032,,,0.0061517783291976,p_breadth
abn_disx_full,0.05,0.05,composite,z_mahalanobis_sq,32529,,,0.1745211964708414,p_z_mahalanobis_sq
abn_disx_full,0.05,0.05,composite,t_iut,58032,,,0.0535049627791563,p_t_iut
abn_disx_full,0.05,0.05,composite,z_plus_softmax,56845,,,0.1258509983287888,p_z_plus_softmax
abn_disx_full,0.05,0.05,composite,z_plus_orth,56845,,,0.1084352185768317,p_z_plus_orth
abn_disx_full,0.05,0.1,detector,z1,53665,,,0.0867231901611851,
abn_disx_full,0.05,0.1,detector,z2,57180,,,0.2325638335082196,
abn_disx_full,0.05,0.1,detector,z3,53385,,,0.0380631263463519,
abn_disx_full,0.05,0.1,detector,z4,57999,,,0.1940895532681598,
abn_disx_full,0.05,0.1,detector,z6,52095,,,0.2361646991073999,
abn_disx_full,0.05,0.1,detector,z8,32545,,,0.0277461975725917,
abn_disx_full,0.05,0.1,detector,z57,57158,,,0.1707722453549809,
abn_disx_full,0.05,0.1,composite,z_plus,58032,,,0.0830059277639922,p_z_plus
abn_disx_full,0.05,0.1,composite,z_plus_renorm,56845,,,0.0991819861025595,p_z_plus_renorm
abn_disx_full,0.05,0.1,composite,breadth,58032,,,0.0061517783291976,p_breadth
abn_disx_full,0.05,0.1,composite,z_mahalanobis_sq,32529,,,0.1745211964708414,p_z_mahalanobis_sq
abn_disx_full,0.05,0.1,composite,t_iut,58032,,,0.0535049627791563,p_t_iut
abn_disx_full,0.05,0.1,composite,z_plus_softmax,56845,,,0.1258509983287888,p_z_plus_softmax
abn_disx_full,0.05,0.1,composite,z_plus_orth,56845,,,0.1084352185768317,p_z_plus_orth
abn_disx_full,0.05,0.15,detector,z1,53665,,,0.0867231901611851,
abn_disx_full,0.05,0.15,detector,z2,57180,,,0.2325638335082196,
abn_disx_full,0.05,0.15,detector,z3,53385,,,0.0380631263463519,
abn_disx_full,0.05,0.15,detector,z4,57999,,,0.1940895532681598,
abn_disx_full,0.05,0.15,detector,z6,52095,,,0.2361646991073999,
abn_disx_full,0.05,0.15,detector,z8,32545,,,0.0277461975725917,
abn_disx_full,0.05,0.15,detector,z57,57158,,,0.1707722453549809,
abn_disx_full,0.05,0.15,composite,z_plus,58032,,,0.0830059277639922,p_z_plus
abn_disx_full,0.05,0.15,composite,z_plus_renorm,56845,,,0.0991819861025595,p_z_plus_renorm
abn_disx_full,0.05,0.15,composite,breadth,58032,,,0.0061517783291976,p_breadth
abn_disx_full,0.05,0.15,composite,z_mahalanobis_sq,32529,,,0.1745211964708414,p_z_mahalanobis_sq
abn_disx_full,0.05,0.15,composite,t_iut,58032,,,0.0535049627791563,p_t_iut
abn_disx_full,0.05,0.15,composite,z_plus_softmax,56845,,,0.1258509983287888,p_z_plus_softmax
abn_disx_full,0.05,0.15,composite,z_plus_orth,56845,,,0.1084352185768317,p_z_plus_orth
abn_disx_full,0.05,0.2,detector,z1,53665,,,0.0867231901611851,
abn_disx_full,0.05,0.2,detector,z2,57180,,,0.2325638335082196,
abn_disx_full,0.05,0.2,detector,z3,53385,,,0.0380631263463519,
abn_disx_full,0.05,0.2,detector,z4,57999,,,0.1940895532681598,
abn_disx_full,0.05,0.2,detector,z6,52095,,,0.2361646991073999,
abn_disx_full,0.05,0.2,detector,z8,32545,,,0.0277461975725917,
abn_disx_full,0.05,0.2,detector,z57,57158,,,0.1707722453549809,
abn_disx_full,0.05,0.2,composite,z_plus,58032,,,0.0830059277639922,p_z_plus
abn_disx_full,0.05,0.2,composite,z_plus_renorm,56845,,,0.0991819861025595,p_z_plus_renorm
abn_disx_full,0.05,0.2,composite,breadth,58032,,,0.0061517783291976,p_breadth
abn_disx_full,0.05,0.2,composite,z_mahalanobis_sq,32529,,,0.1745211964708414,p_z_mahalanobis_sq
abn_disx_full,0.05,0.2,composite,t_iut,58032,,,0.0535049627791563,p_t_iut
abn_disx_full,0.05,0.2,composite,z_plus_softmax,56845,,,0.1258509983287888,p_z_plus_softmax
abn_disx_full,0.05,0.2,composite,z_plus_orth,56845,,,0.1084352185768317,p_z_plus_orth
abn_disx_full,0.05,0.3,detector,z1,53665,,,0.0867231901611851,
abn_disx_full,0.05,0.3,detector,z2,57180,,,0.2325638335082196,
abn_disx_full,0.05,0.3,detector,z3,53385,,,0.0380631263463519,
abn_disx_full,0.05,0.3,detector,z4,57999,,,0.1940895532681598,
abn_disx_full,0.05,0.3,detector,z6,52095,,,0.2361646991073999,
abn_disx_full,0.05,0.3,detector,z8,32545,,,0.0277461975725917,
abn_disx_full,0.05,0.3,detector,z57,57158,,,0.1707722453549809,
abn_disx_full,0.05,0.3,composite,z_plus,58032,,,0.0830059277639922,p_z_plus
abn_disx_full,0.05,0.3,composite,z_plus_renorm,56845,,,0.0991819861025595,p_z_plus_renorm
abn_disx_full,0.05,0.3,composite,breadth,58032,,,0.0061517783291976,p_breadth
abn_disx_full,0.05,0.3,composite,z_mahalanobis_sq,32529,,,0.1745211964708414,p_z_mahalanobis_sq
abn_disx_full,0.05,0.3,composite,t_iut,58032,,,0.0535049627791563,p_t_iut
abn_disx_full,0.05,0.3,composite,z_plus_softmax,56845,,,0.1258509983287888,p_z_plus_softmax
abn_disx_full,0.05,0.3,composite,z_plus_orth,56845,,,0.1084352185768317,p_z_plus_orth
abn_disx_full,0.1,0.05,detector,z1,53665,,,0.0867231901611851,
abn_disx_full,0.1,0.05,detector,z2,57180,,,0.2325638335082196,
abn_disx_full,0.1,0.05,detector,z3,53385,,,0.0380631263463519,
abn_disx_full,0.1,0.05,detector,z4,57999,,,0.1940895532681598,
abn_disx_full,0.1,0.05,detector,z6,52095,,,0.2361646991073999,
abn_disx_full,0.1,0.05,detector,z8,32545,,,0.0277461975725917,
abn_disx_full,0.1,0.05,detector,z57,57158,,,0.1707722453549809,
abn_disx_full,0.1,0.05,composite,z_plus,58032,,,0.0830059277639922,p_z_plus
abn_disx_full,0.1,0.05,composite,z_plus_renorm,56845,,,0.0991819861025595,p_z_plus_renorm
abn_disx_full,0.1,0.05,composite,breadth,58032,,,0.0061517783291976,p_breadth
abn_disx_full,0.1,0.05,composite,z_mahalanobis_sq,32529,,,0.1745211964708414,p_z_mahalanobis_sq
abn_disx_full,0.1,0.05,composite,t_iut,58032,,,0.0535049627791563,p_t_iut
abn_disx_full,0.1,0.05,composite,z_plus_softmax,56845,,,0.1258509983287888,p_z_plus_softmax
abn_disx_full,0.1,0.05,composite,z_plus_orth,56845,,,0.1084352185768317,p_z_plus_orth
abn_disx_full,0.1,0.1,detector,z1,53665,,,0.0867231901611851,
abn_disx_full,0.1,0.1,detector,z2,57180,,,0.2325638335082196,
abn_disx_full,0.1,0.1,detector,z3,53385,,,0.0380631263463519,
abn_disx_full,0.1,0.1,detector,z4,57999,,,0.1940895532681598,
abn_disx_full,0.1,0.1,detector,z6,52095,,,0.2361646991073999,
abn_disx_full,0.1,0.1,detector,z8,32545,,,0.0277461975725917,
abn_disx_full,0.1,0.1,detector,z57,57158,,,0.1707722453549809,
abn_disx_full,0.1,0.1,composite,z_plus,58032,,,0.0830059277639922,p_z_plus
abn_disx_full,0.1,0.1,composite,z_plus_renorm,56845,,,0.0991819861025595,p_z_plus_renorm
abn_disx_full,0.1,0.1,composite,breadth,58032,,,0.0061517783291976,p_breadth
abn_disx_full,0.1,0.1,composite,z_mahalanobis_sq,32529,,,0.1745211964708414,p_z_mahalanobis_sq
abn_disx_full,0.1,0.1,composite,t_iut,58032,,,0.0535049627791563,p_t_iut
abn_disx_full,0.1,0.1,composite,z_plus_softmax,56845,,,0.1258509983287888,p_z_plus_softmax
abn_disx_full,0.1,0.1,composite,z_plus_orth,56845,,,0.1084352185768317,p_z_plus_orth
abn_disx_full,0.1,0.15,detector,z1,53665,,,0.0867231901611851,
abn_disx_full,0.1,0.15,detector,z2,57180,,,0.2325638335082196,
abn_disx_full,0.1,0.15,detector,z3,53385,,,0.0380631263463519,
abn_disx_full,0.1,0.15,detector,z4,57999,,,0.1940895532681598,
abn_disx_full,0.1,0.15,detector,z6,52095,,,0.2361646991073999,
abn_disx_full,0.1,0.15,detector,z8,32545,,,0.0277461975725917,
abn_disx_full,0.1,0.15,detector,z57,57158,,,0.1707722453549809,
abn_disx_full,0.1,0.15,composite,z_plus,58032,,,0.0830059277639922,p_z_plus
abn_disx_full,0.1,0.15,composite,z_plus_renorm,56845,,,0.0991819861025595,p_z_plus_renorm
abn_disx_full,0.1,0.15,composite,breadth,58032,,,0.0061517783291976,p_breadth
abn_disx_full,0.1,0.15,composite,z_mahalanobis_sq,32529,,,0.1745211964708414,p_z_mahalanobis_sq
abn_disx_full,0.1,0.15,composite,t_iut,58032,,,0.0535049627791563,p_t_iut
abn_disx_full,0.1,0.15,composite,z_plus_softmax,56845,,,0.1258509983287888,p_z_plus_softmax
abn_disx_full,0.1,0.15,composite,z_plus_orth,56845,,,0.1084352185768317,p_z_plus_orth
abn_disx_full,0.1,0.2,detector,z1,53665,,,0.0867231901611851,
abn_disx_full,0.1,0.2,detector,z2,57180,,,0.2325638335082196,
abn_disx_full,0.1,0.2,detector,z3,53385,,,0.0380631263463519,
abn_disx_full,0.1,0.2,detector,z4,57999,,,0.1940895532681598,
abn_disx_full,0.1,0.2,detector,z6,52095,,,0.2361646991073999,
abn_disx_full,0.1,0.2,detector,z8,32545,,,0.0277461975725917,
abn_disx_full,0.1,0.2,detector,z57,57158,,,0.1707722453549809,
abn_disx_full,0.1,0.2,composite,z_plus,58032,,,0.0830059277639922,p_z_plus
abn_disx_full,0.1,0.2,composite,z_plus_renorm,56845,,,0.0991819861025595,p_z_plus_renorm
abn_disx_full,0.1,0.2,composite,breadth,58032,,,0.0061517783291976,p_breadth
abn_disx_full,0.1,0.2,composite,z_mahalanobis_sq,32529,,,0.1745211964708414,p_z_mahalanobis_sq
abn_disx_full,0.1,0.2,composite,t_iut,58032,,,0.0535049627791563,p_t_iut
abn_disx_full,0.1,0.2,composite,z_plus_softmax,56845,,,0.1258509983287888,p_z_plus_softmax
abn_disx_full,0.1,0.2,composite,z_plus_orth,56845,,,0.1084352185768317,p_z_plus_orth
abn_disx_full,0.1,0.3,detector,z1,53665,,,0.0867231901611851,
abn_disx_full,0.1,0.3,detector,z2,57180,,,0.2325638335082196,
abn_disx_full,0.1,0.3,detector,z3,53385,,,0.0380631263463519,
abn_disx_full,0.1,0.3,detector,z4,57999,,,0.1940895532681598,
abn_disx_full,0.1,0.3,detector,z6,52095,,,0.2361646991073999,
abn_disx_full,0.1,0.3,detector,z8,32545,,,0.0277461975725917,
abn_disx_full,0.1,0.3,detector,z57,57158,,,0.1707722453549809,
abn_disx_full,0.1,0.3,composite,z_plus,58032,,,0.0830059277639922,p_z_plus
abn_disx_full,0.1,0.3,composite,z_plus_renorm,56845,,,0.0991819861025595,p_z_plus_renorm
abn_disx_full,0.1,0.3,composite,breadth,58032,,,0.0061517783291976,p_breadth
abn_disx_full,0.1,0.3,composite,z_mahalanobis_sq,32529,,,0.1745211964708414,p_z_mahalanobis_sq
abn_disx_full,0.1,0.3,composite,t_iut,58032,,,0.0535049627791563,p_t_iut
abn_disx_full,0.1,0.3,composite,z_plus_softmax,56845,,,0.1258509983287888,p_z_plus_softmax
abn_disx_full,0.1,0.3,composite,z_plus_orth,56845,,,0.1084352185768317,p_z_plus_orth
abn_disx_partial,0.01,0.05,detector,z1,53665,0.4811782907482153,0.0552677029360967,0.0871604566175639,
abn_disx_partial,0.01,0.05,detector,z2,57180,0.5880017515535518,0.296551724137931,0.2315371024734982,
abn_disx_partial,0.01,0.05,detector,z3,53385,0.4732366318497791,0.0448275862068965,0.0379888268156424,
abn_disx_partial,0.01,0.05,detector,z4,57999,0.4761905076476548,0.1224137931034482,0.1948135634546056,
abn_disx_partial,0.01,0.05,detector,z6,52095,0.5093376418840082,0.2465277777777778,0.2360488363516372,
abn_disx_partial,0.01,0.05,detector,z8,32545,0.4938196310892093,0.0142180094786729,0.027923917442331,
abn_disx_partial,0.01,0.05,detector,z57,57158,0.4497355801755526,0.1448275862068965,0.1710382127328643,
abn_disx_partial,0.01,0.05,composite,z_plus,58032,0.50005685405748,0.0862068965517241,0.0829039894172526,p_z_plus
abn_disx_partial,0.01,0.05,composite,z_plus_renorm,56844,0.4843091970504368,0.0924956369982548,0.0993051483001901,p_z_plus_renorm
abn_disx_partial,0.01,0.05,composite,breadth,58032,0.5171208138968182,0.0137931034482758,0.0060398245491888,p_breadth
abn_disx_partial,0.01,0.05,composite,z_mahalanobis_sq,32529,0.4358715680698588,0.0805687203791469,0.1757560656554645,p_z_mahalanobis_sq
abn_disx_partial,0.01,0.05,composite,t_iut,58032,0.5755271266928674,0.0517241379310344,0.0534533175520434,p_t_iut
abn_disx_partial,0.01,0.05,composite,z_plus_softmax,56844,0.4866170265602296,0.0959860383944153,0.1260151765563078,p_z_plus_softmax
abn_disx_partial,0.01,0.05,composite,z_plus_orth,56844,0.4877287309732077,0.0924956369982548,0.1086883119191057,p_z_plus_orth
abn_disx_partial,0.01,0.1,detector,z1,53665,0.4802448004173759,0.0535405872193437,0.0871227819010661,
abn_disx_partial,0.01,0.1,detector,z2,57180,0.5884741683928354,0.2982758620689655,0.2315017667844523,
abn_disx_partial,0.01,0.1,detector,z3,53385,0.4753910124759607,0.0448275862068965,0.0379888268156424,
abn_disx_partial,0.01,0.1,detector,z4,57999,0.4761905076476548,0.1224137931034482,0.1948135634546056,
abn_disx_partial,0.01,0.1,detector,z6,52095,0.5093376418840082,0.2465277777777778,0.2360488363516372,
abn_disx_partial,0.01,0.1,detector,z8,32545,0.4938196310892093,0.0142180094786729,0.027923917442331,
abn_disx_partial,0.01,0.1,detector,z57,57158,0.4497355801755526,0.1448275862068965,0.1710382127328643,
abn_disx_partial,0.01,0.1,composite,z_plus,58032,0.4997345310147961,0.0862068965517241,0.0829039894172526,p_z_plus
abn_disx_partial,0.01,0.1,composite,z_plus_renorm,56844,0.4831817444389884,0.0888501742160278,0.0993069130975653,p_z_plus_renorm
abn_disx_partial,0.01,0.1,composite,breadth,58032,0.5175139306695604,0.0137931034482758,0.0059876070458817,p_breadth
abn_disx_partial,0.01,0.1,composite,z_mahalanobis_sq,32529,0.4357596053598623,0.0805687203791469,0.1757560656554645,p_z_mahalanobis_sq
abn_disx_partial,0.01,0.1,composite,t_iut,58032,0.5758494797456107,0.0517241379310344,0.0534707233864791,p_t_iut
abn_disx_partial,0.01,0.1,composite,z_plus_softmax,56844,0.4853466425255534,0.0958188153310104,0.1259818731117824,p_z_plus_softmax
abn_disx_partial,0.01,0.1,composite,z_plus_orth,56844,0.4862479558177998,0.0888501742160278,0.1086369290918784,p_z_plus_orth
abn_disx_partial,0.01,0.15,detector,z1,53665,0.4792842415510219,0.0518134715025906,0.0870285951098218,
abn_disx_partial,0.01,0.15,detector,z2,57180,0.5884465395394176,0.296551724137931,0.2314840989399293,
abn_disx_partial,0.01,0.15,detector,z3,53385,0.4775650000489765,0.0448275862068965,0.0379888268156424,
abn_disx_partial,0.01,0.15,detector,z4,57999,0.4761905076476548,0.1224137931034482,0.1948135634546056,
abn_disx_partial,0.01,0.15,detector,z6,52095,0.5093376418840082,0.2465277777777778,0.2360488363516372,
abn_disx_partial,0.01,0.15,detector,z8,32545,0.4938196310892093,0.0142180094786729,0.027923917442331,
abn_disx_partial,0.01,0.15,detector,z57,57158,0.4497355801755526,0.1448275862068965,0.1710382127328643,
abn_disx_partial,0.01,0.15,composite,z_plus,58032,0.4996362630753829,0.0862068965517241,0.0829039894172526,p_z_plus
abn_disx_partial,0.01,0.15,composite,z_plus_renorm,56844,0.4827766542472858,0.0905923344947735,0.0992891416385285,p_z_plus_renorm
abn_disx_partial,0.01,0.15,composite,breadth,58032,0.5179862589940148,0.0137931034482758,0.0059876070458817,p_breadth
abn_disx_partial,0.01,0.15,composite,z_mahalanobis_sq,32529,0.4352851107899431,0.0805687203791469,0.175662628087333,p_z_mahalanobis_sq
abn_disx_partial,0.01,0.15,composite,t_iut,58032,0.5761819761984217,0.05,0.053418505883172,p_t_iut
abn_disx_partial,0.01,0.15,composite,z_plus_softmax,56844,0.485400235549234,0.0958188153310104,0.1259285587346721,p_z_plus_softmax
abn_disx_partial,0.01,0.15,composite,z_plus_orth,56844,0.4866575043546266,0.0905923344947735,0.1085125288786209,p_z_plus_orth
abn_disx_partial,0.01,0.2,detector,z1,53665,0.479262313434511,0.0535405872193437,0.0870662698263195,
abn_disx_partial,0.01,0.2,detector,z2,57180,0.5881509077616669,0.296551724137931,0.231643109540636,
abn_disx_partial,0.01,0.2,detector,z3,53385,0.4797467422429302,0.0448275862068965,0.0379888268156424,
abn_disx_partial,0.01,0.2,detector,z4,57999,0.4761905076476548,0.1224137931034482,0.1948135634546056,
abn_disx_partial,0.01,0.2,detector,z6,52095,0.5093376418840082,0.2465277777777778,0.2360488363516372,
abn_disx_partial,0.01,0.2,detector,z8,32545,0.4938196310892093,0.0142180094786729,0.027923917442331,
abn_disx_partial,0.01,0.2,detector,z57,57158,0.4497355801755526,0.1448275862068965,0.1710382127328643,
abn_disx_partial,0.01,0.2,composite,z_plus,58032,0.5003374931276964,0.0879310344827586,0.082938801086124,p_z_plus
abn_disx_partial,0.01,0.2,composite,z_plus_renorm,56844,0.4836466662414727,0.0888501742160278,0.0991825128843078,p_z_plus_renorm
abn_disx_partial,0.01,0.2,composite,breadth,58032,0.5180093817447609,0.0155172413793103,0.0060572303836245,p_breadth
abn_disx_partial,0.01,0.2,composite,z_mahalanobis_sq,32529,0.435096390520028,0.0805687203791469,0.1756937739433768,p_z_mahalanobis_sq
abn_disx_partial,0.01,0.2,composite,t_iut,58032,0.5755339089662855,0.05,0.0534533175520434,p_t_iut
abn_disx_partial,0.01,0.2,composite,z_plus_softmax,56844,0.4869296182108537,0.0975609756097561,0.1260529589479296,p_z_plus_softmax
abn_disx_partial,0.01,0.2,composite,z_plus_orth,56844,0.4881075346651814,0.0905923344947735,0.1085658432557312,p_z_plus_orth
abn_disx_partial,0.01,0.3,detector,z1,53665,0.4800832838974683,0.0535405872193437,0.0870662698263195,
abn_disx_partial,0.01,0.3,detector,z2,57180,0.588498781527964,0.296551724137931,0.2315901060070671,
abn_disx_partial,0.01,0.3,detector,z3,53385,0.4841685087292543,0.0448275862068965,0.0379888268156424,
abn_disx_partial,0.01,0.3,detector,z4,57999,0.4761905076476548,0.1224137931034482,0.1948135634546056,
abn_disx_partial,0.01,0.3,detector,z6,52095,0.5093376418840082,0.2465277777777778,0.2360488363516372,
abn_disx_partial,0.01,0.3,detector,z8,32545,0.4938196310892093,0.0142180094786729,0.027923917442331,
abn_disx_partial,0.01,0.3,detector,z57,57158,0.4497355801755526,0.1448275862068965,0.1710382127328643,
abn_disx_partial,0.01,0.3,composite,z_plus,58032,0.5011282431871164,0.0862068965517241,0.0829562069205597,p_z_plus
abn_disx_partial,0.01,0.3,composite,z_plus_renorm,56846,0.4828637366390622,0.0888501742160278,0.0990901336366221,p_z_plus_renorm
abn_disx_partial,0.01,0.3,composite,breadth,58032,0.5204189944469386,0.0155172413793103,0.0060398245491888,p_breadth
abn_disx_partial,0.01,0.3,composite,z_mahalanobis_sq,32529,0.4344770160557626,0.0805687203791469,0.1756314822312891,p_z_mahalanobis_sq
abn_disx_partial,0.01,0.3,composite,t_iut,58032,0.5756676938109655,0.05,0.0533836942143006,p_t_iut
abn_disx_partial,0.01,0.3,composite,z_plus_softmax,56846,0.4867498203103095,0.0975609756097561,0.1260484788171737,p_z_plus_softmax
abn_disx_partial,0.01,0.3,composite,z_plus_orth,56846,0.4883243187147741,0.0923344947735191,0.1085975263008245,p_z_plus_orth
abn_disx_partial,0.05,0.05,detector,z1,53665,0.4815100372131822,0.0537447988904299,0.0884582816407711,
abn_disx_partial,0.05,0.05,detector,z2,57180,0.5919617729021298,0.3023095484315753,0.228873044823965,
abn_disx_partial,0.05,0.05,detector,z3,53385,0.4579912841488258,0.0448121337469838,0.037675303066318,
abn_disx_partial,0.05,0.05,detector,z4,57999,0.4719383178003053,0.1445325974473956,0.1966969147005444,
abn_disx_partial,0.05,0.05,detector,z6,52095,0.5064649181328709,0.2537732537732537,0.2351460017057222,
abn_disx_partial,0.05,0.05,detector,z8,32545,0.5029127390541137,0.0264965652600588,0.0278296784344576,
abn_disx_partial,0.05,0.05,detector,z57,57158,0.4575450901682017,0.1468459152016546,0.1720515325211493,
abn_disx_partial,0.05,0.05,composite,z_plus,58032,0.5047393588212703,0.0761806273698724,0.0833469372948069,p_z_plus
abn_disx_partial,0.05,0.05,composite,z_plus_renorm,56849,0.4908991341938413,0.0915419422206752,0.0993219208537127,p_z_plus_renorm
abn_disx_partial,0.05,0.05,composite,breadth,58032,0.5219900073049037,0.0086177180282661,0.00604015889427,p_breadth
abn_disx_partial,0.05,0.05,composite,z_mahalanobis_sq,32529,0.4469345991972849,0.1035837015218458,0.1791945428309064,p_z_mahalanobis_sq
abn_disx_partial,0.05,0.05,composite,t_iut,58032,0.5727155828668955,0.0430885901413305,0.0541256280495546,p_t_iut
abn_disx_partial,0.05,0.05,composite,z_plus_softmax,56849,0.4919319829194303,0.0998955795335885,0.1270749962946494,p_z_plus_softmax
abn_disx_partial,0.05,0.05,composite,z_plus_orth,56849,0.4934025705098671,0.0908458057779324,0.1092893137690825,p_z_plus_orth
abn_disx_partial,0.05,0.1,detector,z1,53665,0.4808902932040638,0.0533980582524271,0.0883992044268525,
abn_disx_partial,0.05,0.1,detector,z2,57180,0.5921599650163738,0.3023095484315753,0.228873044823965,
abn_disx_partial,0.05,0.1,detector,z3,53385,0.4600961383910604,0.0448121337469838,0.037675303066318,
abn_disx_partial,0.05,0.1,detector,z4,57999,0.4719383178003053,0.1445325974473956,0.1966969147005444,
abn_disx_partial,0.05,0.1,detector,z6,52095,0.5064649181328709,0.2537732537732537,0.2351460017057222,
abn_disx_partial,0.05,0.1,detector,z8,32545,0.5029127390541137,0.0264965652600588,0.0278296784344576,
abn_disx_partial,0.05,0.1,detector,z57,57158,0.4575450901682017,0.1468459152016546,0.1720515325211493,
abn_disx_partial,0.05,0.1,composite,z_plus,58032,0.5048907671765793,0.0754912099276111,0.0832199669877201,p_z_plus
abn_disx_partial,0.05,0.1,composite,z_plus_renorm,56854,0.490192276062269,0.089391304347826,0.0992237722077104,p_z_plus_renorm
abn_disx_partial,0.05,0.1,composite,breadth,58032,0.52280976204644,0.0086177180282661,0.0060764361248662,p_breadth
abn_disx_partial,0.05,0.1,composite,z_mahalanobis_sq,32529,0.4467296475262736,0.1030927835051546,0.1791945428309064,p_z_mahalanobis_sq
abn_disx_partial,0.05,0.1,composite,t_iut,58032,0.5726080892184277,0.0448121337469838,0.0539986577424679,p_t_iut
abn_disx_partial,0.05,0.1,composite,z_plus_softmax,56854,0.4916225069813784,0.0987826086956521,0.1270308823801849,p_z_plus_softmax
abn_disx_partial,0.05,0.1,composite,z_plus_orth,56854,0.4931222786317062,0.0914782608695652,0.1092276626095333,p_z_plus_orth
abn_disx_partial,0.05,0.15,detector,z1,53665,0.480347372788773,0.0544382801664355,0.0882810499990153,
abn_disx_partial,0.05,0.15,detector,z2,57180,0.5919387167475938,0.3019648397104447,0.2288546214926583,
abn_disx_partial,0.05,0.15,detector,z3,53385,0.4622013579355014,0.0448121337469838,0.037675303066318,
abn_disx_partial,0.05,0.15,detector,z4,57999,0.4719383178003053,0.1445325974473956,0.1966969147005444,
abn_disx_partial,0.05,0.15,detector,z6,52095,0.5064649181328709,0.2537732537732537,0.2351460017057222,
abn_disx_partial,0.05,0.15,detector,z8,32545,0.5029127390541137,0.0264965652600588,0.0278296784344576,
abn_disx_partial,0.05,0.15,detector,z57,57158,0.4575450901682017,0.1468459152016546,0.1720515325211493,
abn_disx_partial,0.05,0.15,composite,z_plus,58032,0.5051377768514016,0.0761806273698724,0.0833287986795088,p_z_plus
abn_disx_partial,0.05,0.15,composite,z_plus_renorm,56847,0.4900145969407647,0.0900869565217391,0.0992922255984584,p_z_plus_renorm
abn_disx_partial,0.05,0.15,composite,breadth,58032,0.5234785617417363,0.0086177180282661,0.0060038816636737,p_breadth
abn_disx_partial,0.05,0.15,composite,z_mahalanobis_sq,32529,0.4463387742608522,0.1030927835051546,0.1790305653942017,p_z_mahalanobis_sq
abn_disx_partial,0.05,0.15,composite,t_iut,58032,0.572941849743975,0.0451568424681144,0.0541074894342565,p_t_iut
abn_disx_partial,0.05,0.15,composite,z_plus_softmax,56847,0.4915806875706888,0.0994782608695652,0.1270844141406655,p_z_plus_softmax
abn_disx_partial,0.05,0.15,composite,z_plus_orth,56847,0.4930523105378313,0.0914782608695652,0.1090936040910101,p_z_plus_orth
abn_disx_partial,0.05,0.2,detector,z1,53665,0.479764719328199,0.0527045769764216,0.0884976664500502,
abn_disx_partial,0.05,0.2,detector,z2,57180,0.5920446810683518,0.3026542571527059,0.2289098914865786,
abn_disx_partial,0.05,0.2,detector,z3,53385,0.4643406222799495,0.0448121337469838,0.037675303066318,
abn_disx_partial,0.05,0.2,detector,z4,57999,0.4719383178003053,0.1445325974473956,0.1966969147005444,
abn_disx_partial,0.05,0.2,detector,z6,52095,0.5064649181328709,0.2537732537732537,0.2351460017057222,
abn_disx_partial,0.05,0.2,detector,z8,32545,0.5029127390541137,0.0264965652600588,0.0278296784344576,
abn_disx_partial,0.05,0.2,detector,z57,57158,0.4575450901682017,0.1468459152016546,0.1720515325211493,
abn_disx_partial,0.05,0.2,composite,z_plus,58032,0.5050047134451738,0.0754912099276111,0.0834557689865955,p_z_plus
abn_disx_partial,0.05,0.2,composite,z_plus_renorm,56845,0.4892793307835944,0.0907510431154381,0.0994645074023976,p_z_plus_renorm
abn_disx_partial,0.05,0.2,composite,breadth,58032,0.5240732657250056,0.0086177180282661,0.0060220202789719,p_breadth
abn_disx_partial,0.05,0.2,composite,z_mahalanobis_sq,32529,0.444930210494543,0.1021109474717722,0.1793257247802702,p_z_mahalanobis_sq
abn_disx_partial,0.05,0.2,composite,t_iut,58032,0.5734231264193772,0.045501551189245,0.0541981825107471,p_t_iut
abn_disx_partial,0.05,0.2,composite,z_plus_softmax,56845,0.4908127408226497,0.0990959666203059,0.1271470659082065,p_z_plus_softmax
abn_disx_partial,0.05,0.2,composite,z_plus_orth,56845,0.4923406198185529,0.0910987482614742,0.1092664307287517,p_z_plus_orth
abn_disx_partial,0.05,0.3,detector,z1,53665,0.4796402829959691,0.0530513176144244,0.0884582816407711,
abn_disx_partial,0.05,0.3,detector,z2,57180,0.5922560254470343,0.3023095484315753,0.2287809281674312,
abn_disx_partial,0.05,0.3,detector,z3,53385,0.4687546883294835,0.0448121337469838,0.037675303066318,
abn_disx_partial,0.05,0.3,detector,z4,57999,0.4719383178003053,0.1445325974473956,0.1966969147005444,
abn_disx_partial,0.05,0.3,detector,z6,52095,0.5064649181328709,0.2537732537732537,0.2351460017057222,
abn_disx_partial,0.05,0.3,detector,z8,32545,0.5029127390541137,0.0264965652600588,0.0278296784344576,
abn_disx_partial,0.05,0.3,detector,z57,57158,0.4575450901682017,0.1468459152016546,0.1720515325211493,
abn_disx_partial,0.05,0.3,composite,z_plus,58032,0.5055943872609122,0.0754912099276111,0.0832925214489126,p_z_plus
abn_disx_partial,0.05,0.3,composite,z_plus_renorm,56846,0.4888298964834685,0.0897079276773296,0.0991476746340559,p_z_plus_renorm
abn_disx_partial,0.05,0.3,composite,breadth,58032,0.5257285441111397,0.0093071354705274,0.0060764361248662,p_breadth
abn_disx_partial,0.05,0.3,composite,z_mahalanobis_sq,32529,0.4446891145579055,0.1021109474717722,0.1792601338055883,p_z_mahalanobis_sq
abn_disx_partial,0.05,0.3,composite,t_iut,58032,0.5738942395928257,0.0458462599103757,0.0542707369719395,p_t_iut
abn_disx_partial,0.05,0.3,composite,z_plus_softmax,56846,0.4912378850816775,0.0997913769123783,0.1271447100240874,p_z_plus_softmax
abn_disx_partial,0.05,0.3,composite,z_plus_orth,56846,0.4927926109209695,0.0914464534075104,0.1091161756531406,p_z_plus_orth
abn_disx_partial,0.1,0.05,detector,z1,53665,0.4662620751122301,0.0494105409153952,0.091258325156064,
abn_disx_partial,0.1,0.05,detector,z2,57180,0.5861539650086203,0.2952939148422686,0.225578543763016,
abn_disx_partial,0.1,0.05,detector,z3,53385,0.4547119618975843,0.0437931034482758,0.0373647157717768,
abn_disx_partial,0.1,0.05,detector,z4,57999,0.4727895378980573,0.1367713004484305,0.2004559299630275,
abn_disx_partial,0.1,0.05,detector,z6,52095,0.5044520539934665,0.2482939632545932,0.2346701164294954,
abn_disx_partial,0.1,0.05,detector,z8,32545,0.5032997883802431,0.024628139478176,0.0281957530586415,
abn_disx_partial,0.1,0.05,detector,z57,57158,0.4552053274811161,0.1511808308912256,0.1729851821562786,
abn_disx_partial,0.1,0.05,composite,z_plus,58032,0.4990481960893552,0.0744699189794863,0.083915682257663,p_z_plus
abn_disx_partial,0.1,0.05,composite,z_plus_renorm,56847,0.4866508738700858,0.090639707164023,0.1002543533555077,p_z_plus_renorm
abn_disx_partial,0.1,0.05,composite,breadth,58032,0.5166418716801169,0.0072401310118945,0.0060500469070092,p_breadth
abn_disx_partial,0.1,0.05,composite,z_mahalanobis_sq,32529,0.4424414351885612,0.1029268292682926,0.1848464596011115,p_z_mahalanobis_sq
abn_disx_partial,0.1,0.05,composite,t_iut,58032,0.5611829424649125,0.0370625754180313,0.0552353966035496,p_t_iut
abn_disx_partial,0.1,0.05,composite,z_plus_softmax,56847,0.4858093466067763,0.0932543141014467,0.1295245548816278,p_z_plus_softmax
abn_disx_partial,0.1,0.05,composite,z_plus_orth,56847,0.4872697818384794,0.0848875719016907,0.1111524163568773,p_z_plus_orth
abn_disx_partial,0.1,0.1,detector,z1,53665,0.4657815088184635,0.0481969486823855,0.0911121782157546,
abn_disx_partial,0.1,0.1,detector,z2,57180,0.5862535424014137,0.294949146698845,0.2254812277389594,
abn_disx_partial,0.1,0.1,detector,z3,53385,0.4567794690445048,0.0437931034482758,0.0373647157717768,
abn_disx_partial,0.1,0.1,detector,z4,57999,0.4727895378980573,0.1367713004484305,0.2004559299630275,
abn_disx_partial,0.1,0.1,detector,z6,52095,0.5044520539934665,0.2482939632545932,0.2346701164294954,
abn_disx_partial,0.1,0.1,detector,z8,32545,0.5032997883802431,0.024628139478176,0.0281957530586415,
abn_disx_partial,0.1,0.1,detector,z57,57158,0.4552053274811161,0.1511808308912256,0.1729851821562786,
abn_disx_partial,0.1,0.1,composite,z_plus,58032,0.4989463782299938,0.0734356145492156,0.0838390993854224,p_z_plus
abn_disx_partial,0.1,0.1,composite,z_plus_renorm,56852,0.4861275054593009,0.0892296967584524,0.0998747896858003,p_z_plus_renorm
abn_disx_partial,0.1,0.1,composite,breadth,58032,0.5173012190541738,0.0068953628684709,0.0061266297792498,p_breadth
abn_disx_partial,0.1,0.1,composite,z_mahalanobis_sq,32529,0.4414487353604058,0.1024390243902439,0.1846705828555348,p_z_mahalanobis_sq
abn_disx_partial,0.1,0.1,composite,t_iut,58032,0.5610557675030073,0.038096879848302,0.0552736880396699,p_t_iut
abn_disx_partial,0.1,0.1,composite,z_plus_softmax,56852,0.4854639349820676,0.0921924015336354,0.1293774699690887,p_z_plus_softmax
abn_disx_partial,0.1,0.1,composite,z_plus_orth,56852,0.4868230338344023,0.0841756709654932,0.1110067691826114,p_z_plus_orth
abn_disx_partial,0.1,0.15,detector,z1,53665,0.4657133327331473,0.049757281553398,0.0910704219470948,
abn_disx_partial,0.1,0.15,detector,z2,57180,0.5862613330515727,0.2951215307705568,0.2255396173533934,
abn_disx_partial,0.1,0.15,detector,z3,53385,0.4588552499519915,0.0436206896551724,0.0373647157717768,
abn_disx_partial,0.1,0.15,detector,z4,57999,0.4727895378980573,0.1367713004484305,0.2004559299630275,
abn_disx_partial,0.1,0.15,detector,z6,52095,0.5044520539934665,0.2482939632545932,0.2346701164294954,
abn_disx_partial,0.1,0.15,detector,z8,32545,0.5032997883802431,0.024628139478176,0.0281957530586415,
abn_disx_partial,0.1,0.15,detector,z57,57158,0.4552053274811161,0.1511808308912256,0.1729851821562786,
abn_disx_partial,0.1,0.15,composite,z_plus,58032,0.4995657130005508,0.0737803826926392,0.0839922651299037,p_z_plus
abn_disx_partial,0.1,0.15,composite,z_plus_renorm,56847,0.4864069262623086,0.0895470383275261,0.1000450036198563,p_z_plus_renorm
abn_disx_partial,0.1,0.15,composite,breadth,58032,0.5178459875071764,0.0070677469401827,0.0060883383431295,p_breadth
abn_disx_partial,0.1,0.15,composite,z_mahalanobis_sq,32529,0.4416099843083625,0.1026829268292682,0.1848112842519962,p_z_mahalanobis_sq
abn_disx_partial,0.1,0.15,composite,t_iut,58032,0.5614383650241943,0.0382692639200137,0.055407708066091,p_t_iut
abn_disx_partial,0.1,0.15,composite,z_plus_softmax,56847,0.4857562827296341,0.0935540069686411,0.1295712916038899,p_z_plus_softmax
abn_disx_partial,0.1,0.15,composite,z_plus_orth,56847,0.4870690439795335,0.08397212543554,0.1109828399240808,p_z_plus_orth
abn_disx_partial,0.1,0.2,detector,z1,53665,0.4651893433224443,0.0488904299583911,0.0913209595590538,
abn_disx_partial,0.1,0.2,detector,z2,57180,0.5862159647606817,0.2947767626271332,0.2256953229918838,
abn_disx_partial,0.1,0.2,detector,z3,53385,0.4609919653759334,0.0436206896551724,0.0373647157717768,
abn_disx_partial,0.1,0.2,detector,z4,57999,0.4727895378980573,0.1367713004484305,0.2004559299630275,
abn_disx_partial,0.1,0.2,detector,z6,52095,0.5044520539934665,0.2482939632545932,0.2346701164294954,
abn_disx_partial,0.1,0.2,detector,z8,32545,0.5032997883802431,0.024628139478176,0.0281957530586415,
abn_disx_partial,0.1,0.2,detector,z57,57158,0.4552053274811161,0.1511808308912256,0.1729851821562786,
abn_disx_partial,0.1,0.2,composite,z_plus,58032,0.4995961725475216,0.0732632304775038,0.0839731194118435,p_z_plus
abn_disx_partial,0.1,0.2,composite,z_plus_renorm,56848,0.4855674891093561,0.0897056261975265,0.1000841372023401,p_z_plus_renorm
abn_disx_partial,0.1,0.2,composite,breadth,58032,0.5190240646956157,0.0072401310118945,0.0060883383431295,p_breadth
abn_disx_partial,0.1,0.2,composite,z_mahalanobis_sq,32529,0.4407930840116027,0.1019512195121951,0.1852333884413803,p_z_mahalanobis_sq
abn_disx_partial,0.1,0.2,composite,t_iut,58032,0.5616683842750967,0.0382692639200137,0.0556183109647527,p_t_iut
abn_disx_partial,0.1,0.2,composite,z_plus_softmax,56848,0.4853083646035321,0.0930151541543285,0.1295908583951318,p_z_plus_softmax
abn_disx_partial,0.1,0.2,composite,z_plus_orth,56848,0.4867150451177793,0.0837833130116704,0.111139374254016,p_z_plus_orth
abn_disx_partial,0.1,0.3,detector,z1,53665,0.4644979922097629,0.0488904299583911,0.0910286656784349,
abn_disx_partial,0.1,0.3,detector,z2,57180,0.586483423618592,0.2940872263402861,0.2255980069678273,
abn_disx_partial,0.1,0.3,detector,z3,53385,0.4654202860217469,0.0436206896551724,0.0373647157717768,
abn_disx_partial,0.1,0.3,detector,z4,57999,0.4727895378980573,0.1367713004484305,0.2004559299630275,
abn_disx_partial,0.1,0.3,detector,z6,52095,0.5044520539934665,0.2482939632545932,0.2346701164294954,
abn_disx_partial,0.1,0.3,detector,z8,32545,0.5032997883802431,0.024628139478176,0.0281957530586415,
abn_disx_partial,0.1,0.3,detector,z57,57158,0.4552053274811161,0.1511808308912256,0.1729851821562786,
abn_disx_partial,0.1,0.3,composite,z_plus,58032,0.5002116738839246,0.0730908464057921,0.0838773908215427,p_z_plus
abn_disx_partial,0.1,0.3,composite,z_plus_renorm,56844,0.4854623126932249,0.0883275261324041,0.0999139010644959,p_z_plus_renorm
abn_disx_partial,0.1,0.3,composite,breadth,58032,0.5204567409893365,0.0072401310118945,0.0061266297792498,p_breadth
abn_disx_partial,0.1,0.3,composite,z_mahalanobis_sq,32529,0.4402272842314058,0.1026829268292682,0.1849871609975729,p_z_mahalanobis_sq
abn_disx_partial,0.1,0.3,composite,t_iut,58032,0.5621107490447497,0.0389588002068608,0.0555800195286324,p_t_iut
abn_disx_partial,0.1,0.3,composite,z_plus_softmax,56844,0.4858580879136404,0.0932055749128919,0.1294810582341891,p_z_plus_softmax
abn_disx_partial,0.1,0.3,composite,z_plus_orth,56844,0.4873591500368722,0.0848432055749128,0.1110284909204759,p_z_plus_orth
abn_prod_full,0.01,0.05,detector,z1,53665,0.4563030854196368,0.0348432055749128,0.0872652615320864,
abn_prod_full,0.01,0.05,detector,z2,57180,0.5788756864645787,0.2752613240418118,0.2321485354909373,
abn_prod_full,0.01,0.05,detector,z3,53385,0.4583056256691322,0.0296167247386759,0.0381549298441612,
abn_prod_full,0.01,0.05,detector,z4,57999,0.4746612078472298,0.1428571428571428,0.194601654331737,
abn_prod_full,0.01,0.05,detector,z6,52095,0.4962586129977392,0.2604895104895104,0.2358946489917124,
abn_prod_full,0.01,0.05,detector,z8,32545,0.5297133543330159,0.0141176470588235,0.0279265255292652,
abn_prod_full,0.01,0.05,detector,z57,57158,0.4434281449404443,0.1376306620209059,0.1711084405485649,
abn_prod_full,0.01,0.05,composite,z_plus,58032,0.4895057720088347,0.0557491289198606,0.0832260085627762,p_z_plus
abn_prod_full,0.01,0.05,composite,z_plus_renorm,56847,0.4716660313778742,0.0755711775043936,0.0993638722058353,p_z_plus_renorm
abn_prod_full,0.01,0.05,composite,breadth,58032,0.5197048794192709,0.0052264808362369,0.0061436179470221,p_breadth
abn_prod_full,0.01,0.05,composite,z_mahalanobis_sq,32529,0.4500298295246332,0.0847058823529411,0.1756790431098928,p_z_mahalanobis_sq
abn_prod_full,0.01,0.05,composite,t_iut,58032,0.5591884840470658,0.0348432055749128,0.0537262000069616,p_t_iut
abn_prod_full,0.01,0.05,composite,z_plus_softmax,56847,0.4722056885442722,0.0878734622144112,0.1262127296634564,p_z_plus_softmax
abn_prod_full,0.01,0.05,composite,z_plus_orth,56847,0.4728777383127732,0.0790861159929701,0.1087103308575287,p_z_plus_orth
abn_prod_full,0.01,0.1,detector,z1,53665,0.4546013527362165,0.0365853658536585,0.0872464259479007,
abn_prod_full,0.01,0.1,detector,z2,57180,0.5795735539047892,0.2752613240418118,0.2321838674345475,
abn_prod_full,0.01,0.1,detector,z3,53385,0.4583056256691322,0.0296167247386759,0.0381549298441612,
abn_prod_full,0.01,0.1,detector,z4,57999,0.4746612078472298,0.1428571428571428,0.194601654331737,
abn_prod_full,0.01,0.1,detector,z6,52095,0.4962586129977392,0.2604895104895104,0.2358946489917124,
abn_prod_full,0.01,0.1,detector,z8,32545,0.5297133543330159,0.0141176470588235,0.0279265255292652,
abn_prod_full,0.01,0.1,detector,z57,57158,0.4434281449404443,0.1376306620209059,0.1711084405485649,
abn_prod_full,0.01,0.1,composite,z_plus,58032,0.4900295146656434,0.0557491289198606,0.0832086045459292,p_z_plus
abn_prod_full,0.01,0.1,composite,z_plus_renorm,56842,0.4732546617064557,0.0755711775043936,0.0994082419632861,p_z_plus_renorm
abn_prod_full,0.01,0.1,composite,breadth,58032,0.5190238183976346,0.0052264808362369,0.006126213930175,p_breadth
abn_prod_full,0.01,0.1,composite,z_mahalanobis_sq,32529,0.4515621289632224,0.0894117647058823,0.1756790431098928,p_z_mahalanobis_sq
abn_prod_full,0.01,0.1,composite,t_iut,58032,0.5582995905629236,0.0331010452961672,0.0537436040238087,p_t_iut
abn_prod_full,0.01,0.1,composite,z_plus_softmax,56842,0.4735452361177871,0.0896309314586994,0.1262239439873474,p_z_plus_softmax
abn_prod_full,0.01,0.1,composite,z_plus_orth,56842,0.4740050363941015,0.0808435852372583,0.1087199900485135,p_z_plus_orth
abn_prod_full,0.01,0.15,detector,z1,53665,0.4550778372312819,0.0383275261324041,0.0872652615320864,
abn_prod_full,0.01,0.15,detector,z2,57180,0.5802907492723405,0.2770034843205575,0.2321838674345475,
abn_prod_full,0.01,0.15,detector,z3,53385,0.4583056256691322,0.0296167247386759,0.0381549298441612,
abn_prod_full,0.01,0.15,detector,z4,57999,0.4746612078472298,0.1428571428571428,0.194601654331737,
abn_prod_full,0.01,0.15,detector,z6,52095,0.4962586129977392,0.2604895104895104,0.2358946489917124,
abn_prod_full,0.01,0.15,detector,z8,32545,0.5297133543330159,0.0141176470588235,0.0279265255292652,
abn_prod_full,0.01,0.15,detector,z57,57158,0.4434281449404443,0.1376306620209059,0.1711084405485649,
abn_prod_full,0.01,0.15,composite,z_plus,58032,0.4914215024869551,0.0557491289198606,0.0832260085627762,p_z_plus
abn_prod_full,0.01,0.15,composite,z_plus_renorm,56841,0.4753197562129811,0.0755711775043936,0.0993566960477679,p_z_plus_renorm
abn_prod_full,0.01,0.15,composite,breadth,58032,0.519314820229847,0.0052264808362369,0.0061088099133279,p_breadth
abn_prod_full,0.01,0.15,composite,z_mahalanobis_sq,32529,0.4514392195951393,0.0847058823529411,0.1756790431098928,p_z_mahalanobis_sq
abn_prod_full,0.01,0.15,composite,t_iut,58032,0.5580427600320815,0.0331010452961672,0.0537610080406557,p_t_iut
abn_prod_full,0.01,0.15,composite,z_plus_softmax,56841,0.475426459256646,0.0913884007029877,0.1262084162638612,p_z_plus_softmax
abn_prod_full,0.01,0.15,composite,z_plus_orth,56841,0.4759071460838218,0.0843585237258348,0.108757463747512,p_z_plus_orth
abn_prod_full,0.01,0.2,detector,z1,53665,0.4546426499186165,0.0365853658536585,0.0871899191953438,
abn_prod_full,0.01,0.2,detector,z2,57180,0.5809485143410144,0.2787456445993031,0.2322015334063527,
abn_prod_full,0.01,0.2,detector,z3,53385,0.4583056256691322,0.0296167247386759,0.0381549298441612,
abn_prod_full,0.01,0.2,detector,z4,57999,0.4746612078472298,0.1428571428571428,0.194601654331737,
abn_prod_full,0.01,0.2,detector,z6,52095,0.4962586129977392,0.2604895104895104,0.2358946489917124,
abn_prod_full,0.01,0.2,detector,z8,32545,0.5297133543330159,0.0141176470588235,0.0279265255292652,
abn_prod_full,0.01,0.2,detector,z57,57158,0.4434281449404443,0.1376306620209059,0.1711084405485649,
abn_prod_full,0.01,0.2,composite,z_plus,58032,0.4911260738490639,0.0557491289198606,0.0832086045459292,p_z_plus
abn_prod_full,0.01,0.2,composite,z_plus_renorm,56844,0.4753186203515094,0.0755711775043936,0.0992803198578409,p_z_plus_renorm
abn_prod_full,0.01,0.2,composite,breadth,58032,0.5187794799485714,0.0052264808362369,0.006126213930175,p_breadth
abn_prod_full,0.01,0.2,composite,z_mahalanobis_sq,32529,0.4514181850163439,0.0847058823529411,0.1756167455768751,p_z_mahalanobis_sq
abn_prod_full,0.01,0.2,composite,t_iut,58032,0.5588904326784128,0.0313588850174216,0.0537784120575028,p_t_iut
abn_prod_full,0.01,0.2,composite,z_plus_softmax,56844,0.4753706964059714,0.0896309314586994,0.1261483784984451,p_z_plus_softmax
abn_prod_full,0.01,0.2,composite,z_plus_orth,56844,0.4758976404940901,0.0843585237258348,0.108751665926255,p_z_plus_orth
abn_prod_full,0.01,0.3,detector,z1,53665,0.4549945701670466,0.0400696864111498,0.0871145768586012,
abn_prod_full,0.01,0.3,detector,z2,57180,0.5820185828788296,0.2787456445993031,0.232254531321768,
abn_prod_full,0.01,0.3,detector,z3,53385,0.4583056256691322,0.0296167247386759,0.0381549298441612,
abn_prod_full,0.01,0.3,detector,z4,57999,0.4746612078472298,0.1428571428571428,0.194601654331737,
abn_prod_full,0.01,0.3,detector,z6,52095,0.4962586129977392,0.2604895104895104,0.2358946489917124,
abn_prod_full,0.01,0.3,detector,z8,32545,0.5297133543330159,0.0141176470588235,0.0279265255292652,
abn_prod_full,0.01,0.3,detector,z57,57158,0.4434281449404443,0.1376306620209059,0.1711084405485649,
abn_prod_full,0.01,0.3,composite,z_plus,58032,0.4922938712512688,0.0557491289198606,0.0832260085627762,p_z_plus
abn_prod_full,0.01,0.3,composite,z_plus_renorm,56844,0.47639121530833,0.0773286467486819,0.0992447800977343,p_z_plus_renorm
abn_prod_full,0.01,0.3,composite,breadth,58032,0.519561205318522,0.0069686411149825,0.0061436179470221,p_breadth
abn_prod_full,0.01,0.3,composite,z_mahalanobis_sq,32529,0.4509672241685111,0.0847058823529411,0.1756167455768751,p_z_mahalanobis_sq
abn_prod_full,0.01,0.3,composite,t_iut,58032,0.56015627169817,0.0313588850174216,0.0536739879564203,p_t_iut
abn_prod_full,0.01,0.3,composite,z_plus_softmax,56844,0.4766849960845365,0.0913884007029877,0.1261306086183918,p_z_plus_softmax
abn_prod_full,0.01,0.3,composite,z_plus_orth,56844,0.4772710429810925,0.0826010544815465,0.108751665926255,p_z_plus_orth
abn_prod_full,0.05,0.05,detector,z1,53665,0.4621512170144987,0.0427528675703858,0.0891155391037252,
abn_prod_full,0.05,0.05,detector,z2,57180,0.5909605872534863,0.3053435114503817,0.228240450845335,
abn_prod_full,0.05,0.05,detector,z3,53385,0.4631654264823147,0.04373481430059,0.0377395849833676,
abn_prod_full,0.05,0.05,detector,z4,57999,0.4693685807254487,0.1422623178348369,0.1967995355335014,
abn_prod_full,0.05,0.05,detector,z6,52095,0.5257377024492116,0.2631027253668763,0.2345987447443787,
abn_prod_full,0.05,0.05,detector,z8,32545,0.4999251011265277,0.0226506024096385,0.0280932064325566,
abn_prod_full,0.05,0.05,detector,z57,57158,0.4431387427939824,0.130117973629424,0.1729309455376225,
abn_prod_full,0.05,0.05,composite,z_plus,58032,0.5033368587216871,0.0721721027064538,0.0835358114233907,p_z_plus
abn_prod_full,0.05,0.05,composite,z_plus_renorm,56849,0.4850379840021803,0.0846745976207137,0.0997944101794743,p_z_plus_renorm
abn_prod_full,0.05,0.05,composite,breadth,58032,0.5229507594894499,0.0076335877862595,0.0060562103354487,p_breadth
abn_prod_full,0.05,0.05,composite,z_mahalanobis_sq,32529,0.4439781269954053,0.0920481927710843,0.180337558284626,p_z_mahalanobis_sq
abn_prod_full,0.05,0.05,composite,t_iut,58032,0.5704801868350968,0.0451075641915336,0.0539075249320036,p_t_iut
abn_prod_full,0.05,0.05,composite,z_plus_softmax,56849,0.4846655720644107,0.086074177746676,0.1275768183586153,p_z_plus_softmax
abn_prod_full,0.05,0.05,composite,z_plus_orth,56849,0.4859680595756447,0.0780265920223932,0.1100183363893982,p_z_plus_orth
abn_prod_full,0.05,0.1,detector,z1,53665,0.4611029617099647,0.0420576989920055,0.0891155391037252,
abn_prod_full,0.05,0.1,detector,z2,57180,0.5916445169867196,0.3063844552394171,0.228148366422336,
abn_prod_full,0.05,0.1,detector,z3,53385,0.4631654264823147,0.04373481430059,0.0377395849833676,
abn_prod_full,0.05,0.1,detector,z4,57999,0.4693685807254487,0.1422623178348369,0.1967995355335014,
abn_prod_full,0.05,0.1,detector,z6,52095,0.5257377024492116,0.2631027253668763,0.2345987447443787,
abn_prod_full,0.05,0.1,detector,z8,32545,0.4999251011265277,0.0226506024096385,0.0280932064325566,
abn_prod_full,0.05,0.1,detector,z57,57158,0.4431387427939824,0.130117973629424,0.1729309455376225,
abn_prod_full,0.05,0.1,composite,z_plus,58032,0.5034826915176136,0.0711311589174184,0.0834451495920217,p_z_plus
abn_prod_full,0.05,0.1,composite,z_plus_renorm,56843,0.4857595827777904,0.0857542877143857,0.0997851294780128,p_z_plus_renorm
abn_prod_full,0.05,0.1,composite,breadth,58032,0.5225631345463102,0.0076335877862595,0.0060924750679963,p_breadth
abn_prod_full,0.05,0.1,composite,z_mahalanobis_sq,32529,0.444162010885863,0.0906024096385542,0.1804032311026466,p_z_mahalanobis_sq
abn_prod_full,0.05,0.1,composite,t_iut,58032,0.5709101321674596,0.0447605829285218,0.0540707162284678,p_t_iut
abn_prod_full,0.05,0.1,composite,z_plus_softmax,56843,0.4851547966758542,0.0857542877143857,0.1278479605823732,p_z_plus_softmax
abn_prod_full,0.05,0.1,composite,z_plus_orth,56843,0.4862607141396968,0.0777038851942597,0.1101767124810136,p_z_plus_orth
abn_prod_full,0.05,0.15,detector,z1,53665,0.4605001060930073,0.0410149461244351,0.0888989525084665,
abn_prod_full,0.05,0.15,detector,z2,57180,0.5924055139053358,0.3074253990284524,0.2282220339607352,
abn_prod_full,0.05,0.15,detector,z3,53385,0.4631654264823147,0.04373481430059,0.0377395849833676,
abn_prod_full,0.05,0.15,detector,z4,57999,0.4693685807254487,0.1422623178348369,0.1967995355335014,
abn_prod_full,0.05,0.15,detector,z6,52095,0.5257377024492116,0.2631027253668763,0.2345987447443787,
abn_prod_full,0.05,0.15,detector,z8,32545,0.4999251011265277,0.0226506024096385,0.0280932064325566,
abn_prod_full,0.05,0.15,detector,z57,57158,0.4431387427939824,0.130117973629424,0.1729309455376225,
abn_prod_full,0.05,0.15,composite,z_plus,58032,0.5034012500133697,0.0721721027064538,0.0835539437896645,p_z_plus
abn_prod_full,0.05,0.15,composite,z_plus_renorm,56846,0.4858043253838696,0.086074177746676,0.099707342372379,p_z_plus_renorm
abn_prod_full,0.05,0.15,composite,breadth,58032,0.5222328008340134,0.0076335877862595,0.0060743427017225,p_breadth
abn_prod_full,0.05,0.15,composite,z_mahalanobis_sq,32529,0.4438830042703157,0.0910843373493976,0.180239049057595,p_z_mahalanobis_sq
abn_prod_full,0.05,0.15,composite,t_iut,58032,0.5707748660992071,0.0458015267175572,0.0539800543970988,p_t_iut
abn_prod_full,0.05,0.15,composite,z_plus_softmax,56846,0.4849979361974174,0.0853743876836948,0.1277135659776246,p_z_plus_softmax
abn_prod_full,0.05,0.15,composite,z_plus_orth,56846,0.4861235459472553,0.0776766969909027,0.1099688819737719,p_z_plus_orth
abn_prod_full,0.05,0.2,detector,z1,53665,0.4604944359822803,0.0396246089676746,0.0888989525084665,
abn_prod_full,0.05,0.2,detector,z2,57180,0.5930843505584074,0.308119361554476,0.2282220339607352,
abn_prod_full,0.05,0.2,detector,z3,53385,0.4631654264823147,0.04373481430059,0.0377395849833676,
abn_prod_full,0.05,0.2,detector,z4,57999,0.4693685807254487,0.1422623178348369,0.1967995355335014,
abn_prod_full,0.05,0.2,detector,z6,52095,0.5257377024492116,0.2631027253668763,0.2345987447443787,
abn_prod_full,0.05,0.2,detector,z8,32545,0.4999251011265277,0.0226506024096385,0.0280932064325566,
abn_prod_full,0.05,0.2,detector,z57,57158,0.4431387427939824,0.130117973629424,0.1729309455376225,
abn_prod_full,0.05,0.2,composite,z_plus,58032,0.5032014070514897,0.071825121443442,0.0834270172257479,p_z_plus
abn_prod_full,0.05,0.2,composite,z_plus_renorm,56848,0.4851113442592523,0.0832750174947515,0.0996851268753472,p_z_plus_renorm
abn_prod_full,0.05,0.2,composite,breadth,58032,0.5227299906947364,0.0076335877862595,0.0060562103354487,p_breadth
abn_prod_full,0.05,0.2,composite,z_mahalanobis_sq,32529,0.4434699934564553,0.0901204819277108,0.180239049057595,p_z_mahalanobis_sq
abn_prod_full,0.05,0.2,composite,t_iut,58032,0.5711308474836466,0.0458015267175572,0.0539800543970988,p_t_iut
abn_prod_full,0.05,0.2,composite,z_plus_softmax,56848,0.484596375115989,0.0843247025892232,0.1276717910724208,p_z_plus_softmax
abn_prod_full,0.05,0.2,composite,z_plus_orth,56848,0.4858102432207918,0.0769769069279216,0.109853676606779,p_z_plus_orth
abn_prod_full,0.05,0.3,detector,z1,53665,0.461857096702373,0.0413625304136253,0.0889186421989446,
abn_prod_full,0.05,0.3,detector,z2,57180,0.5941278664487792,0.3105482303955586,0.2282772846145346,
abn_prod_full,0.05,0.3,detector,z3,53385,0.4631654264823147,0.04373481430059,0.0377395849833676,
abn_prod_full,0.05,0.3,detector,z4,57999,0.4693685807254487,0.1422623178348369,0.1967995355335014,
abn_prod_full,0.05,0.3,detector,z6,52095,0.5257377024492116,0.2631027253668763,0.2345987447443787,
abn_prod_full,0.05,0.3,detector,z8,32545,0.4999251011265277,0.0226506024096385,0.0280932064325566,
abn_prod_full,0.05,0.3,detector,z57,57158,0.4431387427939824,0.130117973629424,0.1729309455376225,
abn_prod_full,0.05,0.3,composite,z_plus,58032,0.5043504970042587,0.0728660652324774,0.0833907524932003,p_z_plus
abn_prod_full,0.05,0.3,composite,z_plus_renorm,56850,0.4867473012096963,0.0839748075577326,0.0996814342865609,p_z_plus_renorm
abn_prod_full,0.05,0.3,composite,breadth,58032,0.522673470183834,0.0076335877862595,0.0061287398005439,p_breadth
abn_prod_full,0.05,0.3,composite,z_mahalanobis_sq,32529,0.4432924869504945,0.0906024096385542,0.180239049057595,p_z_mahalanobis_sq
abn_prod_full,0.05,0.3,composite,t_iut,58032,0.5723418246747405,0.0454545454545454,0.0539075249320036,p_t_iut
abn_prod_full,0.05,0.3,composite,z_plus_softmax,56850,0.4858846562396668,0.0853743876836948,0.1275929767372944,p_z_plus_softmax
abn_prod_full,0.05,0.3,composite,z_plus_orth,56850,0.4870651534203393,0.0776766969909027,0.1097755222995999,p_z_plus_orth
abn_prod_full,0.1,0.05,detector,z1,53665,0.4570282898244971,0.0407310704960835,0.0919031719532554,
abn_prod_full,0.1,0.05,detector,z2,57180,0.5899920800758993,0.2979868101353696,0.2249601306935314,
abn_prod_full,0.1,0.05,detector,z3,53385,0.4542133213528539,0.0378406526644679,0.0380900386359818,
abn_prod_full,0.1,0.05,detector,z4,57999,0.4734308312044537,0.1461551813921194,0.1993759332286841,
abn_prod_full,0.1,0.05,detector,z6,52095,0.516903846755197,0.2555575004375984,0.2337760338062179,
abn_prod_full,0.1,0.05,detector,z8,32545,0.5047223711429074,0.0216769890424011,0.0286450065262638,
abn_prod_full,0.1,0.05,detector,z57,57158,0.4392335229817713,0.1317250954529677,0.1751498171063896,
abn_prod_full,0.1,0.05,composite,z_plus,58032,0.4941981040955809,0.0701145435612634,0.084522670748039,p_z_plus
abn_prod_full,0.1,0.05,composite,z_plus_renorm,56845,0.4778513833944725,0.0830995792426367,0.1005064429713928,p_z_plus_renorm
abn_prod_full,0.1,0.05,composite,breadth,58032,0.5189883605716639,0.0090246442207566,0.0057968241821312,p_breadth
abn_prod_full,0.1,0.05,composite,z_mahalanobis_sq,32529,0.4374482273916704,0.0903025970931617,0.1873499929408442,p_z_mahalanobis_sq
abn_prod_full,0.1,0.05,composite,t_iut,58032,0.5690831461638156,0.04373481430059,0.0545819781901664,p_t_iut
abn_prod_full,0.1,0.05,composite,z_plus_softmax,56845,0.476334302616809,0.083625525946704,0.1302086388611877,p_z_plus_softmax
abn_prod_full,0.1,0.05,composite,z_plus_orth,56845,0.4776504137709311,0.0762622720897615,0.1118280831426839,p_z_plus_orth
abn_prod_full,0.1,0.1,detector,z1,53665,0.4558137383745174,0.0407310704960835,0.0920701168614357,
abn_prod_full,0.1,0.1,detector,z2,57180,0.5907575831811762,0.3000694203401596,0.2249406822513516,
abn_prod_full,0.1,0.1,detector,z3,53385,0.4542133213528539,0.0378406526644679,0.0380900386359818,
abn_prod_full,0.1,0.1,detector,z4,57999,0.4734308312044537,0.1461551813921194,0.1993759332286841,
abn_prod_full,0.1,0.1,detector,z6,52095,0.516903846755197,0.2555575004375984,0.2337760338062179,
abn_prod_full,0.1,0.1,detector,z8,32545,0.5047223711429074,0.0216769890424011,0.0286450065262638,
abn_prod_full,0.1,0.1,detector,z57,57158,0.4392335229817713,0.1317250954529677,0.1751498171063896,
abn_prod_full,0.1,0.1,composite,z_plus,58032,0.4943538300418215,0.0704616452620617,0.0843122249856514,p_z_plus
abn_prod_full,0.1,0.1,composite,z_plus_renorm,56846,0.4784990823613904,0.0841514726507713,0.1007000117320402,p_z_plus_renorm
abn_prod_full,0.1,0.1,composite,breadth,58032,0.5187248883341223,0.0091981950711558,0.0058350870480198,p_breadth
abn_prod_full,0.1,0.1,composite,z_mahalanobis_sq,32529,0.4374771906181617,0.0895878008101024,0.1872794013835945,p_z_mahalanobis_sq
abn_prod_full,0.1,0.1,composite,t_iut,58032,0.5690187045782031,0.0444290177021867,0.0547158982207767,p_t_iut
abn_prod_full,0.1,0.1,composite,z_plus_softmax,56846,0.4764699200142517,0.0839761570827489,0.1304602870439169,p_z_plus_softmax
abn_prod_full,0.1,0.1,composite,z_plus_orth,56846,0.4776402719255459,0.0767882187938289,0.111923663525087,p_z_plus_orth
abn_prod_full,0.1,0.15,detector,z1,53665,0.4549356412122902,0.0391644908616188,0.0918823038397328,
abn_prod_full,0.1,0.15,detector,z2,57180,0.5915864489870466,0.300416522040958,0.2249795791357112,
abn_prod_full,0.1,0.15,detector,z3,53385,0.4542133213528539,0.0378406526644679,0.0380900386359818,
abn_prod_full,0.1,0.15,detector,z4,57999,0.4734308312044537,0.1461551813921194,0.1993759332286841,
abn_prod_full,0.1,0.15,detector,z6,52095,0.516903846755197,0.2555575004375984,0.2337760338062179,
abn_prod_full,0.1,0.15,detector,z8,32545,0.5047223711429074,0.0216769890424011,0.0286450065262638,
abn_prod_full,0.1,0.15,detector,z57,57158,0.4392335229817713,0.1317250954529677,0.1751498171063896,
abn_prod_full,0.1,0.15,composite,z_plus,58032,0.4940676188909652,0.0701145435612634,0.084407882150373,p_z_plus
abn_prod_full,0.1,0.15,composite,z_plus_renorm,56846,0.4781317215300473,0.0846477392218717,0.1005670707860774,p_z_plus_renorm
abn_prod_full,0.1,0.15,composite,breadth,58032,0.5186047723528814,0.0088510933703575,0.0058159556150755,p_breadth
abn_prod_full,0.1,0.15,composite,z_mahalanobis_sq,32529,0.437245728689381,0.0895878008101024,0.1872088098263447,p_z_mahalanobis_sq
abn_prod_full,0.1,0.15,composite,t_iut,58032,0.5690906931522021,0.044776119402985,0.054677635354888,p_t_iut
abn_prod_full,0.1,0.15,composite,z_plus_softmax,56846,0.4759495438800809,0.0832457062740974,0.1302894016425498,p_z_plus_softmax
abn_prod_full,0.1,0.15,composite,z_plus_orth,56846,0.4771779402288186,0.0758850332982825,0.1117911615174032,p_z_plus_orth
abn_prod_full,0.1,0.2,detector,z1,53665,0.4555855839657334,0.0393385552654482,0.0916736227045075,
abn_prod_full,0.1,0.2,detector,z2,57180,0.5923593541113622,0.301457827143353,0.2251157182309697,
abn_prod_full,0.1,0.2,detector,z3,53385,0.4542133213528539,0.0378406526644679,0.0380900386359818,
abn_prod_full,0.1,0.2,detector,z4,57999,0.4734308312044537,0.1461551813921194,0.1993759332286841,
abn_prod_full,0.1,0.2,detector,z6,52095,0.516903846755197,0.2555575004375984,0.2337760338062179,
abn_prod_full,0.1,0.2,detector,z8,32545,0.5047223711429074,0.0216769890424011,0.0286450065262638,
abn_prod_full,0.1,0.2,detector,z57,57158,0.4392335229817713,0.1317250954529677,0.1751498171063896,
abn_prod_full,0.1,0.2,composite,z_plus,58032,0.4945714127384531,0.0704616452620617,0.0842165678209297,p_z_plus
abn_prod_full,0.1,0.2,composite,z_plus_renorm,56851,0.4782871425368836,0.0844428871758934,0.1004829595448057,p_z_plus_renorm
abn_prod_full,0.1,0.2,composite,breadth,58032,0.5193062322186744,0.0088510933703575,0.0057776927491869,p_breadth
abn_prod_full,0.1,0.2,composite,z_mahalanobis_sq,32529,0.4371247205982127,0.089349535382416,0.1869970351545955,p_z_mahalanobis_sq
abn_prod_full,0.1,0.2,composite,t_iut,58032,0.5694878297590668,0.0449496702533842,0.0548115553854983,p_t_iut
abn_prod_full,0.1,0.2,composite,z_plus_softmax,56851,0.4763395105341096,0.083041345480028,0.1302426529534833,p_z_plus_softmax
abn_prod_full,0.1,0.2,composite,z_plus_orth,56851,0.4776142761887224,0.0755080588647512,0.1116477328275619,p_z_plus_orth
abn_prod_full,0.1,0.3,detector,z1,53665,0.4568287768561179,0.0389904264577893,0.0915275459098497,
abn_prod_full,0.1,0.3,detector,z2,57180,0.5935080391192218,0.3019784796945505,0.224999027577891,
abn_prod_full,0.1,0.3,detector,z3,53385,0.4542133213528539,0.0378406526644679,0.0380900386359818,
abn_prod_full,0.1,0.3,detector,z4,57999,0.4734308312044537,0.1461551813921194,0.1993759332286841,
abn_prod_full,0.1,0.3,detector,z6,52095,0.516903846755197,0.2555575004375984,0.2337760338062179,
abn_prod_full,0.1,0.3,detector,z8,32545,0.5047223711429074,0.0216769890424011,0.0286450065262638,
abn_prod_full,0.1,0.3,detector,z57,57158,0.4392335229817713,0.1317250954529677,0.1751498171063896,
abn_prod_full,0.1,0.3,composite,z_plus,58032,0.4952451964398402,0.0706351961124609,0.0840826477903195,p_z_plus
abn_prod_full,0.1,0.3,composite,z_plus_renorm,56849,0.4790386626766447,0.0841219768664563,0.1004829595448057,p_z_plus_renorm
abn_prod_full,0.1,0.3,composite,breadth,58032,0.5196703984803228,0.0091981950711558,0.0058733499139085,p_breadth
abn_prod_full,0.1,0.3,composite,z_mahalanobis_sq,32529,0.4365930889704905,0.0881582082439838,0.1869264435973457,p_z_mahalanobis_sq
abn_prod_full,0.1,0.3,composite,t_iut,58032,0.5705146385344513,0.0442554668517875,0.0546967667878324,p_t_iut
abn_prod_full,0.1,0.3,composite,z_plus_softmax,56849,0.47704661929518,0.082719943918682,0.129988463719375,p_z_plus_softmax
abn_prod_full,0.1,0.3,composite,z_plus_orth,56849,0.4782857841012773,0.0750087627059235,0.1115108617015036,p_z_plus_orth
