protocol,calibration_split,split,year,kind,entity_name,n_rows,fpr,detection_rate,auc,status
adaptive_transfer,2003-2003,,,calibration_diagnostic,,,,,,failed: phase2: only 1 complete z-vectors in C (< 30); Σ̂ not estimable.
adaptive_transfer,2003-2004,,,calibration_diagnostic,,,,,,failed: phase2: only 3 complete z-vectors in C (< 30); Σ̂ not estimable.
adaptive_transfer,2003-2005,,2003.0,annual_fpr,z_mahalanobis_sq,0.0,,,,
adaptive_transfer,2003-2005,,2004.0,annual_fpr,z_mahalanobis_sq,0.0,,,,
adaptive_transfer,2003-2005,,2005.0,annual_fpr,z_mahalanobis_sq,35.0,0.0093632958801498,,,
adaptive_transfer,2003-2005,,2006.0,annual_fpr,z_mahalanobis_sq,353.0,0.0709342560553633,,,
adaptive_transfer,2003-2005,,2007.0,annual_fpr,z_mahalanobis_sq,447.0,0.0622895622895622,,,
adaptive_transfer,2003-2005,,2008.0,annual_fpr,z_mahalanobis_sq,460.0,0.038269550748752,,,
adaptive_transfer,2003-2005,,2009.0,annual_fpr,z_mahalanobis_sq,460.0,0.0411663807890223,,,
adaptive_transfer,2003-2005,,2010.0,annual_fpr,z_mahalanobis_sq,438.0,0.0347682119205298,,,
adaptive_transfer,2003-2005,,2011.0,annual_fpr,z_mahalanobis_sq,451.0,0.0319865319865319,,,
adaptive_transfer,2003-2005,,2012.0,annual_fpr,z_mahalanobis_sq,440.0,0.0187713310580204,,,
adaptive_transfer,2003-2005,,2013.0,annual_fpr,z_mahalanobis_sq,455.0,0.0296167247386759,,,
adaptive_transfer,2003-2005,,2014.0,annual_fpr,z_mahalanobis_sq,449.0,0.0310880829015544,,,
adaptive_transfer,2003-2005,,2015.0,annual_fpr,z_mahalanobis_sq,456.0,0.0218855218855218,,,
adaptive_transfer,2003-2005,,2016.0,annual_fpr,z_mahalanobis_sq,468.0,0.0271646859083191,,,
adaptive_transfer,2003-2005,,2017.0,annual_fpr,z_mahalanobis_sq,470.0,0.0453020134228187,,,
adaptive_transfer,2003-2005,,2018.0,annual_fpr,z_mahalanobis_sq,487.0,0.0295566502463054,,,
adaptive_transfer,2003-2005,,2019.0,annual_fpr,z_mahalanobis_sq,511.0,0.0361635220125786,,,
adaptive_transfer,2003-2005,,2020.0,annual_fpr,z_mahalanobis_sq,538.0,0.0367534456355283,,,
adaptive_transfer,2003-2005,,2021.0,annual_fpr,z_mahalanobis_sq,578.0,0.0307017543859649,,,
adaptive_transfer,2003-2005,,2022.0,annual_fpr,z_mahalanobis_sq,628.0,0.0335664335664335,,,
adaptive_transfer,2003-2005,,2023.0,annual_fpr,z_mahalanobis_sq,598.0,0.0430416068866571,,,
adaptive_transfer,2003-2005,,2024.0,annual_fpr,z_mahalanobis_sq,615.0,0.0238095238095238,,,
adaptive_transfer,2003-2005,,2025.0,annual_fpr,z_mahalanobis_sq,642.0,0.0286085825747724,,,
adaptive_transfer,2003-2005,,,calibration_diagnostic,,,,,,candidate_scored
adaptive_transfer,2003-2005,,,calibration_diagnostic,,,,,,selected
adaptive_transfer,2003-2005,far,,fpr,breadth,4232.0,0.0085066162570888,,,
adaptive_transfer,2003-2005,far,,fpr,t_iut,4232.0,0.0425330812854442,,,
adaptive_transfer,2003-2005,far,,fpr,z_mahalanobis_sq,3599.0,0.0326086956521739,,,
adaptive_transfer,2003-2005,far,,fpr,z_plus,4232.0,0.0434782608695652,,,
adaptive_transfer,2003-2005,far,,fpr,z_plus_orth,4181.0,0.0401701323251417,,,
adaptive_transfer,2003-2005,far,,fpr,z_plus_renorm,4181.0,0.0498582230623818,,,
adaptive_transfer,2003-2005,far,,fpr,z_plus_softmax,4181.0,0.0441871455576559,,,
adaptive_transfer,2003-2005,iid,,fpr,breadth,4140.0,0.0089371980676328,,,
adaptive_transfer,2003-2005,iid,,fpr,t_iut,4140.0,0.0483091787439613,,,
adaptive_transfer,2003-2005,iid,,fpr,z_mahalanobis_sq,3049.0,0.0425120772946859,,,
adaptive_transfer,2003-2005,iid,,fpr,z_plus,4140.0,0.0555555555555555,,,
adaptive_transfer,2003-2005,iid,,fpr,z_plus_orth,4081.0,0.0606280193236715,,,
adaptive_transfer,2003-2005,iid,,fpr,z_plus_renorm,4081.0,0.0707729468599033,,,
adaptive_transfer,2003-2005,iid,,fpr,z_plus_softmax,4081.0,0.0681159420289855,,,
adaptive_transfer,2003-2005,near,,fpr,breadth,2932.0,0.0092087312414733,,,
adaptive_transfer,2003-2005,near,,fpr,t_iut,2932.0,0.0487721691678035,,,
adaptive_transfer,2003-2005,near,,fpr,z_mahalanobis_sq,2298.0,0.0310368349249658,,,
adaptive_transfer,2003-2005,near,,fpr,z_plus,2932.0,0.0453615279672578,,,
adaptive_transfer,2003-2005,near,,fpr,z_plus_orth,2898.0,0.0433151432469304,,,
adaptive_transfer,2003-2005,near,,fpr,z_plus_renorm,2898.0,0.0688949522510232,,,
adaptive_transfer,2003-2005,near,,fpr,z_plus_softmax,2898.0,0.0487721691678035,,,
adaptive_transfer,2003-2005,far,,power,breadth,,0.0098231827111984,0.0277777777777777,0.4314014407334643,
adaptive_transfer,2003-2005,far,,power,breadth,,0.0098231827111984,0.0,0.5164109520691053,
adaptive_transfer,2003-2005,far,,power,breadth,,0.0098231827111984,0.0,0.4153062338229332,
adaptive_transfer,2003-2005,far,,power,breadth,,0.0101038450743755,0.0,0.4905081548008856,
adaptive_transfer,2003-2005,far,,power,breadth,,0.0101038450743755,0.0277777777777777,0.5210029001777529,
adaptive_transfer,2003-2005,far,,power,breadth,,0.0099444281953787,0.0111111111111111,0.4679576549348412,
adaptive_transfer,2003-2005,far,,power,breadth,,0.0096519450131617,0.0111111111111111,0.5000658087159988,
adaptive_transfer,2003-2005,far,,power,breadth,,0.0105293945598128,0.0,0.5111167982840987,
adaptive_transfer,2003-2005,far,,power,breadth,,0.0099444281953787,0.0166666666666666,0.4984465893211141,
adaptive_transfer,2003-2005,far,,power,breadth,,0.0099444281953787,0.0166666666666666,0.518036462903383,
adaptive_transfer,2003-2005,far,,power,breadth,,0.009262117937635,0.0194444444444444,0.5368134883880484,
adaptive_transfer,2003-2005,far,,power,breadth,,0.0104970669959864,0.0055555555555555,0.4636303214297966,
adaptive_transfer,2003-2005,far,,power,breadth,,0.0098795924668107,0.0111111111111111,0.5227166306473191,
adaptive_transfer,2003-2005,far,,power,breadth,,0.0098795924668107,0.0138888888888888,0.5133477410723475,
adaptive_transfer,2003-2005,far,,power,breadth,,0.0095708552022229,0.0138888888888888,0.487950670645947,
adaptive_transfer,2003-2005,far,,power,breadth,,0.0076126281333448,,,
adaptive_transfer,2003-2005,far,,power,breadth,,0.0076126281333448,,,
adaptive_transfer,2003-2005,far,,power,breadth,,0.0076126281333448,,,
adaptive_transfer,2003-2005,far,,power,breadth,,0.0076126281333448,,,
adaptive_transfer,2003-2005,far,,power,breadth,,0.0076126281333448,,,
adaptive_transfer,2003-2005,far,,power,breadth,,0.0076126281333448,,,
adaptive_transfer,2003-2005,far,,power,breadth,,0.0076126281333448,,,
adaptive_transfer,2003-2005,far,,power,breadth,,0.0076126281333448,,,
adaptive_transfer,2003-2005,far,,power,breadth,,0.0076126281333448,,,
adaptive_transfer,2003-2005,far,,power,breadth,,0.0076126281333448,,,
adaptive_transfer,2003-2005,far,,power,breadth,,0.0076126281333448,,,
adaptive_transfer,2003-2005,far,,power,breadth,,0.0076126281333448,,,
adaptive_transfer,2003-2005,far,,power,breadth,,0.0076126281333448,,,
adaptive_transfer,2003-2005,far,,power,breadth,,0.0076126281333448,,,
adaptive_transfer,2003-2005,far,,power,breadth,,0.0076126281333448,,,
adaptive_transfer,2003-2005,far,,power,t_iut,,0.0395733932079708,0.0277777777777777,0.4850157482770449,
adaptive_transfer,2003-2005,far,,power,t_iut,,0.0392927308447937,0.0555555555555555,0.5495836841612873,
adaptive_transfer,2003-2005,far,,power,t_iut,,0.0395733932079708,0.0277777777777777,0.4458633486138398,
adaptive_transfer,2003-2005,far,,power,t_iut,,0.0392927308447937,0.0555555555555555,0.409954158480681,
adaptive_transfer,2003-2005,far,,power,t_iut,,0.0390120684816166,0.0555555555555555,0.5322293947048368,
adaptive_transfer,2003-2005,far,,power,t_iut,,0.040070195963732,0.0277777777777777,0.5277534041792598,
adaptive_transfer,2003-2005,far,,power,t_iut,,0.0386077800526469,0.0444444444444444,0.5050030873224789,
adaptive_transfer,2003-2005,far,,power,t_iut,,0.039777712781515,0.0222222222222222,0.498383217964967,
adaptive_transfer,2003-2005,far,,power,t_iut,,0.0386077800526469,0.0388888888888888,0.5064882519255143,
adaptive_transfer,2003-2005,far,,power,t_iut,,0.039777712781515,0.0222222222222222,0.4608722498456338,
adaptive_transfer,2003-2005,far,,power,t_iut,,0.0385921580734794,0.0444444444444444,0.4875064320263456,
adaptive_transfer,2003-2005,far,,power,t_iut,,0.0398271071318308,0.0333333333333333,0.4730678192857878,
adaptive_transfer,2003-2005,far,,power,t_iut,,0.0395183698672429,0.0416666666666666,0.4817347603855785,
adaptive_transfer,2003-2005,far,,power,t_iut,,0.0407533189255943,0.0444444444444444,0.4582141264450619,
adaptive_transfer,2003-2005,far,,power,t_iut,,0.0389008953380673,0.0388888888888888,0.4392953929539295,
adaptive_transfer,2003-2005,far,,power,t_iut,,0.072370758810798,,,
adaptive_transfer,2003-2005,far,,power,t_iut,,0.072370758810798,,,
adaptive_transfer,2003-2005,far,,power,t_iut,,0.072370758810798,,,
adaptive_transfer,2003-2005,far,,power,t_iut,,0.072370758810798,,,
adaptive_transfer,2003-2005,far,,power,t_iut,,0.072370758810798,,,
adaptive_transfer,2003-2005,far,,power,t_iut,,0.072370758810798,,,
adaptive_transfer,2003-2005,far,,power,t_iut,,0.072370758810798,,,
adaptive_transfer,2003-2005,far,,power,t_iut,,0.072370758810798,,,
adaptive_transfer,2003-2005,far,,power,t_iut,,0.072370758810798,,,
adaptive_transfer,2003-2005,far,,power,t_iut,,0.072370758810798,,,
adaptive_transfer,2003-2005,far,,power,t_iut,,0.072370758810798,,,
adaptive_transfer,2003-2005,far,,power,t_iut,,0.072370758810798,,,
adaptive_transfer,2003-2005,far,,power,t_iut,,0.072370758810798,,,
adaptive_transfer,2003-2005,far,,power,t_iut,,0.072370758810798,,,
adaptive_transfer,2003-2005,far,,power,t_iut,,0.072370758810798,,,
adaptive_transfer,2003-2005,far,,power,z_mahalanobis_sq,,0.0387314061184395,0.0277777777777777,0.4690257897527052,
adaptive_transfer,2003-2005,far,,power,z_mahalanobis_sq,,0.0381700813920853,0.0555555555555555,0.4596158044095175,
adaptive_transfer,2003-2005,far,,power,z_mahalanobis_sq,,0.0378894190289082,0.0833333333333333,0.4935213771166619,
adaptive_transfer,2003-2005,far,,power,z_mahalanobis_sq,,0.0384507437552624,0.0555555555555555,0.5483674805875199,
adaptive_transfer,2003-2005,far,,power,z_mahalanobis_sq,,0.0384507437552624,0.0277777777777777,0.5511351233355163,
adaptive_transfer,2003-2005,far,,power,z_mahalanobis_sq,,0.039192746417081,0.0277777777777777,0.4723148418965909,
adaptive_transfer,2003-2005,far,,power,z_mahalanobis_sq,,0.0389002632348639,0.0333333333333333,0.4648890188814144,
adaptive_transfer,2003-2005,far,,power,z_mahalanobis_sq,,0.0380228136882129,0.0388888888888888,0.4890578791719476,
adaptive_transfer,2003-2005,far,,power,z_mahalanobis_sq,,0.039192746417081,0.0444444444444444,0.5140408176529849,
adaptive_transfer,2003-2005,far,,power,z_mahalanobis_sq,,0.0389002632348639,0.05,0.5595138279548926,
adaptive_transfer,2003-2005,far,,power,z_mahalanobis_sq,,0.0355047854276011,0.0611111111111111,0.4984194367260128,
adaptive_transfer,2003-2005,far,,power,z_mahalanobis_sq,,0.0373572090151281,0.0444444444444444,0.5010222633871908,
adaptive_transfer,2003-2005,far,,power,z_mahalanobis_sq,,0.0389008953380673,0.0416666666666666,0.5050907344516483,
adaptive_transfer,2003-2005,far,,power,z_mahalanobis_sq,,0.0395183698672429,0.0388888888888888,0.516038900895338,
adaptive_transfer,2003-2005,far,,power,z_mahalanobis_sq,,0.0404445816610064,0.0305555555555555,0.537344344962437,
adaptive_transfer,2003-2005,far,,power,z_mahalanobis_sq,,0.0898100172711571,,,
adaptive_transfer,2003-2005,far,,power,z_mahalanobis_sq,,0.0898100172711571,,,
adaptive_transfer,2003-2005,far,,power,z_mahalanobis_sq,,0.0898100172711571,,,
adaptive_transfer,2003-2005,far,,power,z_mahalanobis_sq,,0.0898100172711571,,,
adaptive_transfer,2003-2005,far,,power,z_mahalanobis_sq,,0.0898100172711571,,,
adaptive_transfer,2003-2005,far,,power,z_mahalanobis_sq,,0.0898100172711571,,,
adaptive_transfer,2003-2005,far,,power,z_mahalanobis_sq,,0.0898100172711571,,,
adaptive_transfer,2003-2005,far,,power,z_mahalanobis_sq,,0.0898100172711571,,,
adaptive_transfer,2003-2005,far,,power,z_mahalanobis_sq,,0.0898100172711571,,,
adaptive_transfer,2003-2005,far,,power,z_mahalanobis_sq,,0.0898100172711571,,,
adaptive_transfer,2003-2005,far,,power,z_mahalanobis_sq,,0.0898100172711571,,,
adaptive_transfer,2003-2005,far,,power,z_mahalanobis_sq,,0.0898100172711571,,,
adaptive_transfer,2003-2005,far,,power,z_mahalanobis_sq,,0.0898100172711571,,,
adaptive_transfer,2003-2005,far,,power,z_mahalanobis_sq,,0.0898100172711571,,,
adaptive_transfer,2003-2005,far,,power,z_mahalanobis_sq,,0.0898100172711571,,,
adaptive_transfer,2003-2005,far,,power,z_plus,,0.0420993544765646,0.0,0.4209467677051174,
adaptive_transfer,2003-2005,far,,power,z_plus,,0.0418186921133875,0.0277777777777777,0.5240667976424361,
adaptive_transfer,2003-2005,far,,power,z_plus,,0.0409767050238563,0.1111111111111111,0.4819050737518321,
adaptive_transfer,2003-2005,far,,power,z_plus,,0.0418186921133875,0.0277777777777777,0.4881381170673901,
adaptive_transfer,2003-2005,far,,power,z_plus,,0.0418186921133875,0.0277777777777777,0.5847054604421992,
adaptive_transfer,2003-2005,far,,power,z_plus,,0.0421175782392512,0.0333333333333333,0.4947320529069577,
adaptive_transfer,2003-2005,far,,power,z_plus,,0.0421175782392512,0.0277777777777777,0.4803378180754606,
adaptive_transfer,2003-2005,far,,power,z_plus,,0.0415326118748171,0.0444444444444444,0.4947531766923402,
adaptive_transfer,2003-2005,far,,power,z_plus,,0.0412401286926001,0.0555555555555555,0.5088134932241396,
adaptive_transfer,2003-2005,far,,power,z_plus,,0.0406551623281661,0.0666666666666666,0.5281409443956973,
adaptive_transfer,2003-2005,far,,power,z_plus,,0.0410620561901821,0.05,0.5026139755068436,
adaptive_transfer,2003-2005,far,,power,z_plus,,0.0422970052485335,0.0361111111111111,0.481640852800933,
adaptive_transfer,2003-2005,far,,power,z_plus,,0.0429144797777091,0.025,0.5121325168947892,
adaptive_transfer,2003-2005,far,,power,z_plus,,0.0429144797777091,0.0277777777777777,0.5207625810435319,
adaptive_transfer,2003-2005,far,,power,z_plus,,0.0429144797777091,0.0388888888888888,0.495537888923193,
adaptive_transfer,2003-2005,far,,power,z_plus,,0.0500920651670632,,,
adaptive_transfer,2003-2005,far,,power,z_plus,,0.0500920651670632,,,
adaptive_transfer,2003-2005,far,,power,z_plus,,0.0500920651670632,,,
adaptive_transfer,2003-2005,far,,power,z_plus,,0.0500920651670632,,,
adaptive_transfer,2003-2005,far,,power,z_plus,,0.0500920651670632,,,
adaptive_transfer,2003-2005,far,,power,z_plus,,0.0500920651670632,,,
adaptive_transfer,2003-2005,far,,power,z_plus,,0.0500920651670632,,,
adaptive_transfer,2003-2005,far,,power,z_plus,,0.0500920651670632,,,
adaptive_transfer,2003-2005,far,,power,z_plus,,0.0500920651670632,,,
adaptive_transfer,2003-2005,far,,power,z_plus,,0.0500920651670632,,,
adaptive_transfer,2003-2005,far,,power,z_plus,,0.0500920651670632,,,
adaptive_transfer,2003-2005,far,,power,z_plus,,0.0500920651670632,,,
adaptive_transfer,2003-2005,far,,power,z_plus,,0.0500920651670632,,,
adaptive_transfer,2003-2005,far,,power,z_plus,,0.0500920651670632,,,
adaptive_transfer,2003-2005,far,,power,z_plus,,0.0500920651670632,,,
adaptive_transfer,2003-2005,far,,power,z_plus_orth,,0.0343165059557572,0.0555555555555555,0.4375748408646877,
adaptive_transfer,2003-2005,far,,power,z_plus_orth,,0.0343262411347517,0.0277777777777777,0.5204885736800631,
adaptive_transfer,2003-2005,far,,power,z_plus_orth,,0.0343262411347517,0.0277777777777777,0.4972261623325453,
adaptive_transfer,2003-2005,far,,power,z_plus_orth,,0.0340328984685195,0.0285714285714285,0.496604813224212,
adaptive_transfer,2003-2005,far,,power,z_plus_orth,,0.0337492909812819,0.1111111111111111,0.5693577866011218,
adaptive_transfer,2003-2005,far,,power,z_plus_orth,,0.0351966873706004,0.0388888888888888,0.5002941273127608,
adaptive_transfer,2003-2005,far,,power,z_plus_orth,,0.0345949142519219,0.0335195530726257,0.4624317368652313,
adaptive_transfer,2003-2005,far,,power,z_plus_orth,,0.0345642540620384,0.0614525139664804,0.4863768020266868,
adaptive_transfer,2003-2005,far,,power,z_plus_orth,,0.0339934968962459,0.0898876404494382,0.5089326340891502,
adaptive_transfer,2003-2005,far,,power,z_plus_orth,,0.0336879432624113,0.0903954802259887,0.5163163975370971,
adaptive_transfer,2003-2005,far,,power,z_plus_orth,,0.0336973478939157,0.0588235294117647,0.4926056538059841,
adaptive_transfer,2003-2005,far,,power,z_plus_orth,,0.03428927680798,0.0427350427350427,0.5044600038365625,
adaptive_transfer,2003-2005,far,,power,z_plus_orth,,0.0355916328442085,0.0810055865921787,0.4986657062076928,
adaptive_transfer,2003-2005,far,,power,z_plus_orth,,0.0333853354134165,0.0621468926553672,0.5178613924217985,
adaptive_transfer,2003-2005,far,,power,z_plus_orth,,0.0352574102964118,0.072829131652661,0.5074380454209766,
adaptive_transfer,2003-2005,far,,power,z_plus_orth,,0.0642637162085091,,,
adaptive_transfer,2003-2005,far,,power,z_plus_orth,,0.0642637162085091,,,
adaptive_transfer,2003-2005,far,,power,z_plus_orth,,0.0642637162085091,,,
adaptive_transfer,2003-2005,far,,power,z_plus_orth,,0.0642637162085091,,,
adaptive_transfer,2003-2005,far,,power,z_plus_orth,,0.0642637162085091,,,
adaptive_transfer,2003-2005,far,,power,z_plus_orth,,0.0642637162085091,,,
adaptive_transfer,2003-2005,far,,power,z_plus_orth,,0.0642637162085091,,,
adaptive_transfer,2003-2005,far,,power,z_plus_orth,,0.0642637162085091,,,
adaptive_transfer,2003-2005,far,,power,z_plus_orth,,0.0642637162085091,,,
adaptive_transfer,2003-2005,far,,power,z_plus_orth,,0.0642637162085091,,,
adaptive_transfer,2003-2005,far,,power,z_plus_orth,,0.0642637162085091,,,
adaptive_transfer,2003-2005,far,,power,z_plus_orth,,0.0642637162085091,,,
adaptive_transfer,2003-2005,far,,power,z_plus_orth,,0.0642637162085091,,,
adaptive_transfer,2003-2005,far,,power,z_plus_orth,,0.0642637162085091,,,
adaptive_transfer,2003-2005,far,,power,z_plus_orth,,0.0642637162085091,,,
adaptive_transfer,2003-2005,far,,power,z_plus_renorm,,0.0425411230856494,0.0,0.4280346001134429,
adaptive_transfer,2003-2005,far,,power,z_plus_renorm,,0.0422695035460992,0.0555555555555555,0.5421985815602837,
adaptive_transfer,2003-2005,far,,power,z_plus_renorm,,0.0419858156028368,0.0833333333333333,0.5106304176516943,
adaptive_transfer,2003-2005,far,,power,z_plus_renorm,,0.0419739081111741,0.0285714285714285,0.5207114496394134,
adaptive_transfer,2003-2005,far,,power,z_plus_renorm,,0.0416903006239364,0.0833333333333333,0.5785198840360497,
adaptive_transfer,2003-2005,far,,power,z_plus_renorm,,0.0425909494232475,0.0277777777777777,0.5124552236353479,
adaptive_transfer,2003-2005,far,,power,z_plus_renorm,,0.041986989946777,0.0558659217877094,0.4688839039410087,
adaptive_transfer,2003-2005,far,,power,z_plus_renorm,,0.0437223042836041,0.0223463687150838,0.484401277406897,
adaptive_transfer,2003-2005,far,,power,z_plus_renorm,,0.0425657700266036,0.0449438202247191,0.5044023820357572,
adaptive_transfer,2003-2005,far,,power,z_plus_renorm,,0.0425531914893617,0.0564971751412429,0.5215320351003726,
adaptive_transfer,2003-2005,far,,power,z_plus_renorm,,0.0430577223088923,0.0336134453781512,0.4797371054506046,
adaptive_transfer,2003-2005,far,,power,z_plus_renorm,,0.0417705735660847,0.037037037037037,0.5100532145419925,
adaptive_transfer,2003-2005,far,,power,z_plus_renorm,,0.0427724008741804,0.0391061452513966,0.4997113390553898,
adaptive_transfer,2003-2005,far,,power,z_plus_renorm,,0.0433697347893915,0.0282485875706214,0.5198427598120874,
adaptive_transfer,2003-2005,far,,power,z_plus_renorm,,0.0433697347893915,0.0252100840336134,0.5053902996455992,
adaptive_transfer,2003-2005,far,,power,z_plus_renorm,,0.0758298163567925,,,
adaptive_transfer,2003-2005,far,,power,z_plus_renorm,,0.0758298163567925,,,
adaptive_transfer,2003-2005,far,,power,z_plus_renorm,,0.0758298163567925,,,
adaptive_transfer,2003-2005,far,,power,z_plus_renorm,,0.0758298163567925,,,
adaptive_transfer,2003-2005,far,,power,z_plus_renorm,,0.0758298163567925,,,
adaptive_transfer,2003-2005,far,,power,z_plus_renorm,,0.0758298163567925,,,
adaptive_transfer,2003-2005,far,,power,z_plus_renorm,,0.0758298163567925,,,
adaptive_transfer,2003-2005,far,,power,z_plus_renorm,,0.0758298163567925,,,
adaptive_transfer,2003-2005,far,,power,z_plus_renorm,,0.0758298163567925,,,
adaptive_transfer,2003-2005,far,,power,z_plus_renorm,,0.0758298163567925,,,
adaptive_transfer,2003-2005,far,,power,z_plus_renorm,,0.0758298163567925,,,
adaptive_transfer,2003-2005,far,,power,z_plus_renorm,,0.0758298163567925,,,
adaptive_transfer,2003-2005,far,,power,z_plus_renorm,,0.0758298163567925,,,
adaptive_transfer,2003-2005,far,,power,z_plus_renorm,,0.0758298163567925,,,
adaptive_transfer,2003-2005,far,,power,z_plus_renorm,,0.0758298163567925,,,
adaptive_transfer,2003-2005,far,,power,z_plus_softmax,,0.0377197958026091,0.0555555555555555,0.4375354509359047,
adaptive_transfer,2003-2005,far,,power,z_plus_softmax,,0.0377304964539007,0.0277777777777777,0.5188179669030732,
adaptive_transfer,2003-2005,far,,power,z_plus_softmax,,0.0377304964539007,0.0277777777777777,0.4967454688731284,
adaptive_transfer,2003-2005,far,,power,z_plus_softmax,,0.0374361883153715,0.0285714285714285,0.4974799448991167,
adaptive_transfer,2003-2005,far,,power,z_plus_softmax,,0.0371525808281338,0.1111111111111111,0.5658284489821642,
adaptive_transfer,2003-2005,far,,power,z_plus_softmax,,0.038745933155871,0.0388888888888888,0.5010187649939203,
adaptive_transfer,2003-2005,far,,power,z_plus_softmax,,0.0384387936132466,0.0391061452513966,0.46362107641837,
adaptive_transfer,2003-2005,far,,power,z_plus_softmax,,0.0375184638109305,0.0614525139664804,0.4850894927506333,
adaptive_transfer,2003-2005,far,,power,z_plus_softmax,,0.0375406443984629,0.095505617977528,0.5088695294051221,
adaptive_transfer,2003-2005,far,,power,z_plus_softmax,,0.0366430260047281,0.0903954802259887,0.517623646004461,
adaptive_transfer,2003-2005,far,,power,z_plus_softmax,,0.0361934477379095,0.0504201680672268,0.4919152060200055,
adaptive_transfer,2003-2005,far,,power,z_plus_softmax,,0.0367830423940149,0.0427350427350427,0.5055203870665217,
adaptive_transfer,2003-2005,far,,power,z_plus_softmax,,0.0384014985950671,0.0810055865921787,0.4985000095929619,
adaptive_transfer,2003-2005,far,,power,z_plus_softmax,,0.0374414976599064,0.059322033898305,0.5188943828939598,
adaptive_transfer,2003-2005,far,,power,z_plus_softmax,,0.0386895475819032,0.072829131652661,0.5074135738538785,
adaptive_transfer,2003-2005,far,,power,z_plus_softmax,,0.0693737880688947,,,
adaptive_transfer,2003-2005,far,,power,z_plus_softmax,,0.0693737880688947,,,
adaptive_transfer,2003-2005,far,,power,z_plus_softmax,,0.0693737880688947,,,
adaptive_transfer,2003-2005,far,,power,z_plus_softmax,,0.0693737880688947,,,
adaptive_transfer,2003-2005,far,,power,z_plus_softmax,,0.0693737880688947,,,
adaptive_transfer,2003-2005,far,,power,z_plus_softmax,,0.0693737880688947,,,
adaptive_transfer,2003-2005,far,,power,z_plus_softmax,,0.0693737880688947,,,
adaptive_transfer,2003-2005,far,,power,z_plus_softmax,,0.0693737880688947,,,
adaptive_transfer,2003-2005,far,,power,z_plus_softmax,,0.0693737880688947,,,
adaptive_transfer,2003-2005,far,,power,z_plus_softmax,,0.0693737880688947,,,
adaptive_transfer,2003-2005,far,,power,z_plus_softmax,,0.0693737880688947,,,
adaptive_transfer,2003-2005,far,,power,z_plus_softmax,,0.0693737880688947,,,
adaptive_transfer,2003-2005,far,,power,z_plus_softmax,,0.0693737880688947,,,
adaptive_transfer,2003-2005,far,,power,z_plus_softmax,,0.0693737880688947,,,
adaptive_transfer,2003-2005,far,,power,z_plus_softmax,,0.0693737880688947,,,
adaptive_transfer,2003-2005,near,,power,breadth,,0.0114285714285714,0.0434782608695652,0.4843764930721452,
adaptive_transfer,2003-2005,near,,power,breadth,,0.0118681318681318,0.0,0.434495938843765,
adaptive_transfer,2003-2005,near,,power,breadth,,0.0118681318681318,0.0,0.6126803631151457,
adaptive_transfer,2003-2005,near,,power,breadth,,0.0118681318681318,0.0,0.4913903487816531,
adaptive_transfer,2003-2005,near,,power,breadth,,0.0118681318681318,0.0,0.555078834209269,
adaptive_transfer,2003-2005,near,,power,breadth,,0.0114521300961978,0.017391304347826,0.4961381425640822,
adaptive_transfer,2003-2005,near,,power,breadth,,0.0123683005038937,0.0260869565217391,0.4825808122049832,
adaptive_transfer,2003-2005,near,,power,breadth,,0.0109940448923499,0.0260869565217391,0.5012069549283993,
adaptive_transfer,2003-2005,near,,power,breadth,,0.0119102153000458,0.0,0.4919655838594674,
adaptive_transfer,2003-2005,near,,power,breadth,,0.0109940448923499,0.0521739130434782,0.4962596347268417,
adaptive_transfer,2003-2005,near,,power,breadth,,0.0120889748549323,0.008695652173913,0.5227514506769826,
adaptive_transfer,2003-2005,near,,power,breadth,,0.0120889748549323,0.008695652173913,0.4894594651417038,
adaptive_transfer,2003-2005,near,,power,breadth,,0.0120889748549323,0.0130434782608695,0.4768785215709359,
adaptive_transfer,2003-2005,near,,power,breadth,,0.0101547388781431,0.0347826086956521,0.5091255991926668,
adaptive_transfer,2003-2005,near,,power,breadth,,0.011605415860735,0.0217391304347826,0.5512330754352031,
adaptive_transfer,2003-2005,near,,power,breadth,,0.0076126281333448,,,
adaptive_transfer,2003-2005,near,,power,breadth,,0.0076126281333448,,,
adaptive_transfer,2003-2005,near,,power,breadth,,0.0076126281333448,,,
adaptive_transfer,2003-2005,near,,power,breadth,,0.0076126281333448,,,
adaptive_transfer,2003-2005,near,,power,breadth,,0.0076126281333448,,,
adaptive_transfer,2003-2005,near,,power,breadth,,0.0076126281333448,,,
adaptive_transfer,2003-2005,near,,power,breadth,,0.0076126281333448,,,
adaptive_transfer,2003-2005,near,,power,breadth,,0.0076126281333448,,,
adaptive_transfer,2003-2005,near,,power,breadth,,0.0076126281333448,,,
adaptive_transfer,2003-2005,near,,power,breadth,,0.0076126281333448,,,
adaptive_transfer,2003-2005,near,,power,breadth,,0.0076126281333448,,,
adaptive_transfer,2003-2005,near,,power,breadth,,0.0076126281333448,,,
adaptive_transfer,2003-2005,near,,power,breadth,,0.0076126281333448,,,
adaptive_transfer,2003-2005,near,,power,breadth,,0.0076126281333448,,,
adaptive_transfer,2003-2005,near,,power,breadth,,0.0076126281333448,,,
adaptive_transfer,2003-2005,near,,power,t_iut,,0.0404395604395604,0.1304347826086956,0.4443191591017678,
adaptive_transfer,2003-2005,near,,power,t_iut,,0.0413186813186813,0.0,0.4186335403726708,
adaptive_transfer,2003-2005,near,,power,t_iut,,0.0413186813186813,0.0869565217391304,0.565370281892021,
adaptive_transfer,2003-2005,near,,power,t_iut,,0.0413186813186813,0.0869565217391304,0.4139130434782608,
adaptive_transfer,2003-2005,near,,power,t_iut,,0.0413186813186813,0.0434782608695652,0.4958432871476349,
adaptive_transfer,2003-2005,near,,power,t_iut,,0.0398534127347686,0.0695652173913043,0.5434444023979765,
adaptive_transfer,2003-2005,near,,power,t_iut,,0.0393953275309207,0.0608695652173913,0.4981377840626182,
adaptive_transfer,2003-2005,near,,power,t_iut,,0.0412276683463124,0.0434782608695652,0.4698321018144157,
adaptive_transfer,2003-2005,near,,power,t_iut,,0.0398534127347686,0.0695652173913043,0.5001254755123583,
adaptive_transfer,2003-2005,near,,power,t_iut,,0.0403114979386165,0.0521739130434782,0.4709115895556574,
adaptive_transfer,2003-2005,near,,power,t_iut,,0.0425531914893617,0.0347826086956521,0.5029791438903373,
adaptive_transfer,2003-2005,near,,power,t_iut,,0.0415860735009671,0.0304347826086956,0.4686611723151964,
adaptive_transfer,2003-2005,near,,power,t_iut,,0.0425531914893617,0.0304347826086956,0.4851610461693718,
adaptive_transfer,2003-2005,near,,power,t_iut,,0.0406189555125725,0.0608695652173913,0.4931271549911699,
adaptive_transfer,2003-2005,near,,power,t_iut,,0.0396518375241779,0.0739130434782608,0.4974034984442015,
adaptive_transfer,2003-2005,near,,power,t_iut,,0.072370758810798,,,
adaptive_transfer,2003-2005,near,,power,t_iut,,0.072370758810798,,,
adaptive_transfer,2003-2005,near,,power,t_iut,,0.072370758810798,,,
adaptive_transfer,2003-2005,near,,power,t_iut,,0.072370758810798,,,
adaptive_transfer,2003-2005,near,,power,t_iut,,0.072370758810798,,,
adaptive_transfer,2003-2005,near,,power,t_iut,,0.072370758810798,,,
adaptive_transfer,2003-2005,near,,power,t_iut,,0.072370758810798,,,
adaptive_transfer,2003-2005,near,,power,t_iut,,0.072370758810798,,,
adaptive_transfer,2003-2005,near,,power,t_iut,,0.072370758810798,,,
adaptive_transfer,2003-2005,near,,power,t_iut,,0.072370758810798,,,
adaptive_transfer,2003-2005,near,,power,t_iut,,0.072370758810798,,,
adaptive_transfer,2003-2005,near,,power,t_iut,,0.072370758810798,,,
adaptive_transfer,2003-2005,near,,power,t_iut,,0.072370758810798,,,
adaptive_transfer,2003-2005,near,,power,t_iut,,0.072370758810798,,,
adaptive_transfer,2003-2005,near,,power,t_iut,,0.072370758810798,,,
adaptive_transfer,2003-2005,near,,power,z_mahalanobis_sq,,0.04,0.0,0.4708456760630674,
adaptive_transfer,2003-2005,near,,power,z_mahalanobis_sq,,0.04,0.0,0.5020544672718585,
adaptive_transfer,2003-2005,near,,power,z_mahalanobis_sq,,0.0395604395604395,0.0434782608695652,0.5051505016722408,
adaptive_transfer,2003-2005,near,,power,z_mahalanobis_sq,,0.04,0.0,0.5048829431438128,
adaptive_transfer,2003-2005,near,,power,z_mahalanobis_sq,,0.0395604395604395,0.0869565217391304,0.5026660296225514,
adaptive_transfer,2003-2005,near,,power,z_mahalanobis_sq,,0.0384791571232249,0.0608695652173913,0.4958194745961879,
adaptive_transfer,2003-2005,near,,power,z_mahalanobis_sq,,0.0389372423270728,0.0521739130434782,0.5167519767372384,
adaptive_transfer,2003-2005,near,,power,z_mahalanobis_sq,,0.0398534127347686,0.0260869565217391,0.4879563424883985,
adaptive_transfer,2003-2005,near,,power,z_mahalanobis_sq,,0.0398534127347686,0.0434782608695652,0.514469517417196,
adaptive_transfer,2003-2005,near,,power,z_mahalanobis_sq,,0.037562986715529,0.0782608695652174,0.5489254914457568,
adaptive_transfer,2003-2005,near,,power,z_mahalanobis_sq,,0.0377176015473887,0.0565217391304347,0.5164304936506602,
adaptive_transfer,2003-2005,near,,power,z_mahalanobis_sq,,0.0411025145067698,0.0304347826086956,0.5152510301909007,
adaptive_transfer,2003-2005,near,,power,z_mahalanobis_sq,,0.0406189555125725,0.0434782608695652,0.5104764107308049,
adaptive_transfer,2003-2005,near,,power,z_mahalanobis_sq,,0.0391682785299806,0.0478260869565217,0.5409217054915483,
adaptive_transfer,2003-2005,near,,power,z_mahalanobis_sq,,0.038201160541586,0.0652173913043478,0.5336914473130938,
adaptive_transfer,2003-2005,near,,power,z_mahalanobis_sq,,0.0898100172711571,,,
adaptive_transfer,2003-2005,near,,power,z_mahalanobis_sq,,0.0898100172711571,,,
adaptive_transfer,2003-2005,near,,power,z_mahalanobis_sq,,0.0898100172711571,,,
adaptive_transfer,2003-2005,near,,power,z_mahalanobis_sq,,0.0898100172711571,,,
adaptive_transfer,2003-2005,near,,power,z_mahalanobis_sq,,0.0898100172711571,,,
adaptive_transfer,2003-2005,near,,power,z_mahalanobis_sq,,0.0898100172711571,,,
adaptive_transfer,2003-2005,near,,power,z_mahalanobis_sq,,0.0898100172711571,,,
adaptive_transfer,2003-2005,near,,power,z_mahalanobis_sq,,0.0898100172711571,,,
adaptive_transfer,2003-2005,near,,power,z_mahalanobis_sq,,0.0898100172711571,,,
adaptive_transfer,2003-2005,near,,power,z_mahalanobis_sq,,0.0898100172711571,,,
adaptive_transfer,2003-2005,near,,power,z_mahalanobis_sq,,0.0898100172711571,,,
adaptive_transfer,2003-2005,near,,power,z_mahalanobis_sq,,0.0898100172711571,,,
adaptive_transfer,2003-2005,near,,power,z_mahalanobis_sq,,0.0898100172711571,,,
adaptive_transfer,2003-2005,near,,power,z_mahalanobis_sq,,0.0898100172711571,,,
adaptive_transfer,2003-2005,near,,power,z_mahalanobis_sq,,0.0898100172711571,,,
adaptive_transfer,2003-2005,near,,power,z_plus,,0.0413186813186813,0.0,0.4436311514572383,
adaptive_transfer,2003-2005,near,,power,z_plus,,0.0413186813186813,0.0,0.4240611562350693,
adaptive_transfer,2003-2005,near,,power,z_plus,,0.0408791208791208,0.0434782608695652,0.5750979455327281,
adaptive_transfer,2003-2005,near,,power,z_plus,,0.0413186813186813,0.0,0.4922503583373148,
adaptive_transfer,2003-2005,near,,power,z_plus,,0.0413186813186813,0.0,0.5230004777830866,
adaptive_transfer,2003-2005,near,,power,z_plus,,0.0398534127347686,0.0608695652173913,0.5014638809775139,
adaptive_transfer,2003-2005,near,,power,z_plus,,0.0412276683463124,0.0347826086956521,0.5068533529845246,
adaptive_transfer,2003-2005,near,,power,z_plus,,0.0407695831424645,0.0347826086956521,0.4880758429763588,
adaptive_transfer,2003-2005,near,,power,z_plus,,0.0407695831424645,0.0521739130434782,0.5083789758808182,
adaptive_transfer,2003-2005,near,,power,z_plus,,0.0393953275309207,0.0608695652173913,0.50367464000478,
adaptive_transfer,2003-2005,near,,power,z_plus,,0.0386847195357833,0.0565217391304347,0.5406200067277773,
adaptive_transfer,2003-2005,near,,power,z_plus,,0.0435203094777562,0.0217391304347826,0.4730510470103439,
adaptive_transfer,2003-2005,near,,power,z_plus,,0.0415860735009671,0.0347826086956521,0.5111775712723909,
adaptive_transfer,2003-2005,near,,power,z_plus,,0.0415860735009671,0.0304347826086956,0.5351295097132285,
adaptive_transfer,2003-2005,near,,power,z_plus,,0.0396518375241779,0.0652173913043478,0.5428054831385081,
adaptive_transfer,2003-2005,near,,power,z_plus,,0.0500920651670632,,,
adaptive_transfer,2003-2005,near,,power,z_plus,,0.0500920651670632,,,
adaptive_transfer,2003-2005,near,,power,z_plus,,0.0500920651670632,,,
adaptive_transfer,2003-2005,near,,power,z_plus,,0.0500920651670632,,,
adaptive_transfer,2003-2005,near,,power,z_plus,,0.0500920651670632,,,
adaptive_transfer,2003-2005,near,,power,z_plus,,0.0500920651670632,,,
adaptive_transfer,2003-2005,near,,power,z_plus,,0.0500920651670632,,,
adaptive_transfer,2003-2005,near,,power,z_plus,,0.0500920651670632,,,
adaptive_transfer,2003-2005,near,,power,z_plus,,0.0500920651670632,,,
adaptive_transfer,2003-2005,near,,power,z_plus,,0.0500920651670632,,,
adaptive_transfer,2003-2005,near,,power,z_plus,,0.0500920651670632,,,
adaptive_transfer,2003-2005,near,,power,z_plus,,0.0500920651670632,,,
adaptive_transfer,2003-2005,near,,power,z_plus,,0.0500920651670632,,,
adaptive_transfer,2003-2005,near,,power,z_plus,,0.0500920651670632,,,
adaptive_transfer,2003-2005,near,,power,z_plus,,0.0500920651670632,,,
adaptive_transfer,2003-2005,near,,power,z_plus_orth,,0.0373167481119502,0.0,0.4413690533675854,
adaptive_transfer,2003-2005,near,,power,z_plus_orth,,0.0368725011106175,0.0869565217391304,0.4514708438761516,
adaptive_transfer,2003-2005,near,,power,z_plus_orth,,0.0364282541092847,0.1304347826086956,0.5233036524829545,
adaptive_transfer,2003-2005,near,,power,z_plus_orth,,0.0368725011106175,0.0,0.489869236860912,
adaptive_transfer,2003-2005,near,,power,z_plus_orth,,0.0373167481119502,0.0,0.4874741660711181,
adaptive_transfer,2003-2005,near,,power,z_plus_orth,,0.037037037037037,0.0884955752212389,0.4948172730252376,
adaptive_transfer,2003-2005,near,,power,z_plus_orth,,0.0370541917554423,0.0614035087719298,0.5177591965091051,
adaptive_transfer,2003-2005,near,,power,z_plus_orth,,0.0375173691523853,0.0353982300884955,0.4764127935335516,
adaptive_transfer,2003-2005,near,,power,z_plus_orth,,0.0379805465493283,0.0695652173913043,0.4992931510159695,
adaptive_transfer,2003-2005,near,,power,z_plus_orth,,0.0374826469227209,0.0526315789473684,0.5129447867702575,
adaptive_transfer,2003-2005,near,,power,z_plus_orth,,0.0351734245236932,0.079295154185022,0.5398487955942832,
adaptive_transfer,2003-2005,near,,power,z_plus_orth,,0.0380116959064327,0.0619469026548672,0.4738804360951543,
adaptive_transfer,2003-2005,near,,power,z_plus_orth,,0.0351734245236932,0.0488888888888888,0.5264332627693644,
adaptive_transfer,2003-2005,near,,power,z_plus_orth,,0.0351390922401171,0.0663716814159292,0.5408077326733955,
adaptive_transfer,2003-2005,near,,power,z_plus_orth,,0.0376160234489496,0.0701754385964912,0.5141585032439427,
adaptive_transfer,2003-2005,near,,power,z_plus_orth,,0.0642637162085091,,,
adaptive_transfer,2003-2005,near,,power,z_plus_orth,,0.0642637162085091,,,
adaptive_transfer,2003-2005,near,,power,z_plus_orth,,0.0642637162085091,,,
adaptive_transfer,2003-2005,near,,power,z_plus_orth,,0.0642637162085091,,,
adaptive_transfer,2003-2005,near,,power,z_plus_orth,,0.0642637162085091,,,
adaptive_transfer,2003-2005,near,,power,z_plus_orth,,0.0642637162085091,,,
adaptive_transfer,2003-2005,near,,power,z_plus_orth,,0.0642637162085091,,,
adaptive_transfer,2003-2005,near,,power,z_plus_orth,,0.0642637162085091,,,
adaptive_transfer,2003-2005,near,,power,z_plus_orth,,0.0642637162085091,,,
adaptive_transfer,2003-2005,near,,power,z_plus_orth,,0.0642637162085091,,,
adaptive_transfer,2003-2005,near,,power,z_plus_orth,,0.0642637162085091,,,
adaptive_transfer,2003-2005,near,,power,z_plus_orth,,0.0642637162085091,,,
adaptive_transfer,2003-2005,near,,power,z_plus_orth,,0.0642637162085091,,,
adaptive_transfer,2003-2005,near,,power,z_plus_orth,,0.0642637162085091,,,
adaptive_transfer,2003-2005,near,,power,z_plus_orth,,0.0642637162085091,,,
adaptive_transfer,2003-2005,near,,power,z_plus_renorm,,0.0537538871612616,0.0,0.4505437196994573,
adaptive_transfer,2003-2005,near,,power,z_plus_renorm,,0.0528653931585961,0.0869565217391304,0.4578448225909257,
adaptive_transfer,2003-2005,near,,power,z_plus_renorm,,0.0528653931585961,0.0869565217391304,0.5264133814922836,
adaptive_transfer,2003-2005,near,,power,z_plus_renorm,,0.0537538871612616,0.0,0.4888841674231742,
adaptive_transfer,2003-2005,near,,power,z_plus_renorm,,0.0537538871612616,0.0434782608695652,0.508392405307786,
adaptive_transfer,2003-2005,near,,power,z_plus_renorm,,0.0513888888888888,0.0884955752212389,0.4953457882661423,
adaptive_transfer,2003-2005,near,,power,z_plus_renorm,,0.0532654006484483,0.0526315789473684,0.5245443390783582,
adaptive_transfer,2003-2005,near,,power,z_plus_renorm,,0.0541917554423344,0.0265486725663716,0.4845737333327867,
adaptive_transfer,2003-2005,near,,power,z_plus_renorm,,0.0523390458545623,0.0956521739130434,0.5023541494653321,
adaptive_transfer,2003-2005,near,,power,z_plus_renorm,,0.0527533549282739,0.0614035087719298,0.5145928217118456,
adaptive_transfer,2003-2005,near,,power,z_plus_renorm,,0.0537371763556424,0.052863436123348,0.5340252954253458,
adaptive_transfer,2003-2005,near,,power,z_plus_renorm,,0.0555555555555555,0.0265486725663716,0.4715796373923994,
adaptive_transfer,2003-2005,near,,power,z_plus_renorm,,0.0503175378602833,0.0622222222222222,0.5334158388970309,
adaptive_transfer,2003-2005,near,,power,z_plus_renorm,,0.0531966813079551,0.0486725663716814,0.5442952962161556,
adaptive_transfer,2003-2005,near,,power,z_plus_renorm,,0.0537371763556424,0.0701754385964912,0.5257672760308196,
adaptive_transfer,2003-2005,near,,power,z_plus_renorm,,0.0758298163567925,,,
adaptive_transfer,2003-2005,near,,power,z_plus_renorm,,0.0758298163567925,,,
adaptive_transfer,2003-2005,near,,power,z_plus_renorm,,0.0758298163567925,,,
adaptive_transfer,2003-2005,near,,power,z_plus_renorm,,0.0758298163567925,,,
adaptive_transfer,2003-2005,near,,power,z_plus_renorm,,0.0758298163567925,,,
adaptive_transfer,2003-2005,near,,power,z_plus_renorm,,0.0758298163567925,,,
adaptive_transfer,2003-2005,near,,power,z_plus_renorm,,0.0758298163567925,,,
adaptive_transfer,2003-2005,near,,power,z_plus_renorm,,0.0758298163567925,,,
adaptive_transfer,2003-2005,near,,power,z_plus_renorm,,0.0758298163567925,,,
adaptive_transfer,2003-2005,near,,power,z_plus_renorm,,0.0758298163567925,,,
adaptive_transfer,2003-2005,near,,power,z_plus_renorm,,0.0758298163567925,,,
adaptive_transfer,2003-2005,near,,power,z_plus_renorm,,0.0758298163567925,,,
adaptive_transfer,2003-2005,near,,power,z_plus_renorm,,0.0758298163567925,,,
adaptive_transfer,2003-2005,near,,power,z_plus_renorm,,0.0758298163567925,,,
adaptive_transfer,2003-2005,near,,power,z_plus_renorm,,0.0758298163567925,,,
adaptive_transfer,2003-2005,near,,power,z_plus_softmax,,0.0439804531319413,0.0,0.4435709732872346,
adaptive_transfer,2003-2005,near,,power,z_plus_softmax,,0.0430919591292758,0.1304347826086956,0.4563768759778263,
adaptive_transfer,2003-2005,near,,power,z_plus_softmax,,0.0435362061306086,0.1304347826086956,0.5173739207695129,
adaptive_transfer,2003-2005,near,,power,z_plus_softmax,,0.0435362061306086,0.0,0.4880729337685666,
adaptive_transfer,2003-2005,near,,power,z_plus_softmax,,0.0439804531319413,0.0,0.4840553956695575,
adaptive_transfer,2003-2005,near,,power,z_plus_softmax,,0.0425925925925925,0.0973451327433628,0.4952146837102589,
adaptive_transfer,2003-2005,near,,power,z_plus_softmax,,0.0435386753126447,0.0526315789473684,0.5174260338200759,
adaptive_transfer,2003-2005,near,,power,z_plus_softmax,,0.0444650301065308,0.0353982300884955,0.4781138432656875,
adaptive_transfer,2003-2005,near,,power,z_plus_softmax,,0.0444650301065308,0.0695652173913043,0.4999899309261534,
adaptive_transfer,2003-2005,near,,power,z_plus_softmax,,0.0434983803794539,0.0526315789473684,0.512275018875277,
adaptive_transfer,2003-2005,near,,power,z_plus_softmax,,0.0405471421592574,0.0837004405286343,0.5395130727464066,
adaptive_transfer,2003-2005,near,,power,z_plus_softmax,,0.0443469785575048,0.0530973451327433,0.4722675050458003,
adaptive_transfer,2003-2005,near,,power,z_plus_softmax,,0.0410356619443087,0.0444444444444444,0.5254649079954405,
adaptive_transfer,2003-2005,near,,power,z_plus_softmax,,0.0424597364568082,0.0619469026548672,0.540982650721051,
adaptive_transfer,2003-2005,near,,power,z_plus_softmax,,0.0449438202247191,0.0701754385964912,0.5165775332322011,
adaptive_transfer,2003-2005,near,,power,z_plus_softmax,,0.0693737880688947,,,
adaptive_transfer,2003-2005,near,,power,z_plus_softmax,,0.0693737880688947,,,
adaptive_transfer,2003-2005,near,,power,z_plus_softmax,,0.0693737880688947,,,
adaptive_transfer,2003-2005,near,,power,z_plus_softmax,,0.0693737880688947,,,
adaptive_transfer,2003-2005,near,,power,z_plus_softmax,,0.0693737880688947,,,
adaptive_transfer,2003-2005,near,,power,z_plus_softmax,,0.0693737880688947,,,
adaptive_transfer,2003-2005,near,,power,z_plus_softmax,,0.0693737880688947,,,
adaptive_transfer,2003-2005,near,,power,z_plus_softmax,,0.0693737880688947,,,
adaptive_transfer,2003-2005,near,,power,z_plus_softmax,,0.0693737880688947,,,
adaptive_transfer,2003-2005,near,,power,z_plus_softmax,,0.0693737880688947,,,
adaptive_transfer,2003-2005,near,,power,z_plus_softmax,,0.0693737880688947,,,
adaptive_transfer,2003-2005,near,,power,z_plus_softmax,,0.0693737880688947,,,
adaptive_transfer,2003-2005,near,,power,z_plus_softmax,,0.0693737880688947,,,
adaptive_transfer,2003-2005,near,,power,z_plus_softmax,,0.0693737880688947,,,
adaptive_transfer,2003-2005,near,,power,z_plus_softmax,,0.0693737880688947,,,
adaptive_transfer,2005-2005,,2003.0,annual_fpr,z_mahalanobis_sq,0.0,,,,
adaptive_transfer,2005-2005,,2004.0,annual_fpr,z_mahalanobis_sq,0.0,,,,
adaptive_transfer,2005-2005,,2005.0,annual_fpr,z_mahalanobis_sq,35.0,0.0093632958801498,,,
adaptive_transfer,2005-2005,,2006.0,annual_fpr,z_mahalanobis_sq,353.0,0.0709342560553633,,,
adaptive_transfer,2005-2005,,2007.0,annual_fpr,z_mahalanobis_sq,447.0,0.0622895622895622,,,
adaptive_transfer,2005-2005,,2008.0,annual_fpr,z_mahalanobis_sq,460.0,0.038269550748752,,,
adaptive_transfer,2005-2005,,2009.0,annual_fpr,z_mahalanobis_sq,460.0,0.0411663807890223,,,
adaptive_transfer,2005-2005,,2010.0,annual_fpr,z_mahalanobis_sq,438.0,0.0347682119205298,,,
adaptive_transfer,2005-2005,,2011.0,annual_fpr,z_mahalanobis_sq,451.0,0.0319865319865319,,,
adaptive_transfer,2005-2005,,2012.0,annual_fpr,z_mahalanobis_sq,440.0,0.0187713310580204,,,
adaptive_transfer,2005-2005,,2013.0,annual_fpr,z_mahalanobis_sq,455.0,0.0296167247386759,,,
adaptive_transfer,2005-2005,,2014.0,annual_fpr,z_mahalanobis_sq,449.0,0.0310880829015544,,,
adaptive_transfer,2005-2005,,2015.0,annual_fpr,z_mahalanobis_sq,456.0,0.0218855218855218,,,
adaptive_transfer,2005-2005,,2016.0,annual_fpr,z_mahalanobis_sq,468.0,0.0271646859083191,,,
adaptive_transfer,2005-2005,,2017.0,annual_fpr,z_mahalanobis_sq,470.0,0.0453020134228187,,,
adaptive_transfer,2005-2005,,2018.0,annual_fpr,z_mahalanobis_sq,487.0,0.0295566502463054,,,
adaptive_transfer,2005-2005,,2019.0,annual_fpr,z_mahalanobis_sq,511.0,0.0361635220125786,,,
adaptive_transfer,2005-2005,,2020.0,annual_fpr,z_mahalanobis_sq,538.0,0.0367534456355283,,,
adaptive_transfer,2005-2005,,2021.0,annual_fpr,z_mahalanobis_sq,578.0,0.0307017543859649,,,
adaptive_transfer,2005-2005,,2022.0,annual_fpr,z_mahalanobis_sq,628.0,0.0335664335664335,,,
adaptive_transfer,2005-2005,,2023.0,annual_fpr,z_mahalanobis_sq,598.0,0.0430416068866571,,,
adaptive_transfer,2005-2005,,2024.0,annual_fpr,z_mahalanobis_sq,615.0,0.0238095238095238,,,
adaptive_transfer,2005-2005,,2025.0,annual_fpr,z_mahalanobis_sq,642.0,0.0286085825747724,,,
adaptive_transfer,2005-2005,,,calibration_diagnostic,,,,,,candidate_scored
adaptive_transfer,2005-2005,,,calibration_diagnostic,,,,,,selected
adaptive_transfer,2005-2005,far,,fpr,breadth,4232.0,0.0085066162570888,,,
adaptive_transfer,2005-2005,far,,fpr,t_iut,4232.0,0.0425330812854442,,,
adaptive_transfer,2005-2005,far,,fpr,z_mahalanobis_sq,3599.0,0.0326086956521739,,,
adaptive_transfer,2005-2005,far,,fpr,z_plus,4232.0,0.0434782608695652,,,
adaptive_transfer,2005-2005,far,,fpr,z_plus_orth,4181.0,0.0401701323251417,,,
adaptive_transfer,2005-2005,far,,fpr,z_plus_renorm,4181.0,0.0498582230623818,,,
adaptive_transfer,2005-2005,far,,fpr,z_plus_softmax,4181.0,0.0441871455576559,,,
adaptive_transfer,2005-2005,iid,,fpr,breadth,4140.0,0.0089371980676328,,,
adaptive_transfer,2005-2005,iid,,fpr,t_iut,4140.0,0.0483091787439613,,,
adaptive_transfer,2005-2005,iid,,fpr,z_mahalanobis_sq,3049.0,0.0425120772946859,,,
adaptive_transfer,2005-2005,iid,,fpr,z_plus,4140.0,0.0555555555555555,,,
adaptive_transfer,2005-2005,iid,,fpr,z_plus_orth,4081.0,0.0606280193236715,,,
adaptive_transfer,2005-2005,iid,,fpr,z_plus_renorm,4081.0,0.0707729468599033,,,
adaptive_transfer,2005-2005,iid,,fpr,z_plus_softmax,4081.0,0.0681159420289855,,,
adaptive_transfer,2005-2005,near,,fpr,breadth,2932.0,0.0092087312414733,,,
adaptive_transfer,2005-2005,near,,fpr,t_iut,2932.0,0.0487721691678035,,,
adaptive_transfer,2005-2005,near,,fpr,z_mahalanobis_sq,2298.0,0.0310368349249658,,,
adaptive_transfer,2005-2005,near,,fpr,z_plus,2932.0,0.0453615279672578,,,
adaptive_transfer,2005-2005,near,,fpr,z_plus_orth,2898.0,0.0433151432469304,,,
adaptive_transfer,2005-2005,near,,fpr,z_plus_renorm,2898.0,0.0688949522510232,,,
adaptive_transfer,2005-2005,near,,fpr,z_plus_softmax,2898.0,0.0487721691678035,,,
adaptive_transfer,2005-2005,far,,power,breadth,,0.0098231827111984,0.0277777777777777,0.4314014407334643,
adaptive_transfer,2005-2005,far,,power,breadth,,0.0098231827111984,0.0,0.5164109520691053,
adaptive_transfer,2005-2005,far,,power,breadth,,0.0098231827111984,0.0,0.4153062338229332,
adaptive_transfer,2005-2005,far,,power,breadth,,0.0101038450743755,0.0,0.4905081548008856,
adaptive_transfer,2005-2005,far,,power,breadth,,0.0101038450743755,0.0277777777777777,0.5210029001777529,
adaptive_transfer,2005-2005,far,,power,breadth,,0.0099444281953787,0.0111111111111111,0.4679576549348412,
adaptive_transfer,2005-2005,far,,power,breadth,,0.0096519450131617,0.0111111111111111,0.5000658087159988,
adaptive_transfer,2005-2005,far,,power,breadth,,0.0105293945598128,0.0,0.5111167982840987,
adaptive_transfer,2005-2005,far,,power,breadth,,0.0099444281953787,0.0166666666666666,0.4984465893211141,
adaptive_transfer,2005-2005,far,,power,breadth,,0.0099444281953787,0.0166666666666666,0.518036462903383,
adaptive_transfer,2005-2005,far,,power,breadth,,0.009262117937635,0.0194444444444444,0.5368134883880484,
adaptive_transfer,2005-2005,far,,power,breadth,,0.0104970669959864,0.0055555555555555,0.4636303214297966,
adaptive_transfer,2005-2005,far,,power,breadth,,0.0098795924668107,0.0111111111111111,0.5227166306473191,
adaptive_transfer,2005-2005,far,,power,breadth,,0.0098795924668107,0.0138888888888888,0.5133477410723475,
adaptive_transfer,2005-2005,far,,power,breadth,,0.0095708552022229,0.0138888888888888,0.487950670645947,
adaptive_transfer,2005-2005,far,,power,breadth,,0.0076126281333448,,,
adaptive_transfer,2005-2005,far,,power,breadth,,0.0076126281333448,,,
adaptive_transfer,2005-2005,far,,power,breadth,,0.0076126281333448,,,
adaptive_transfer,2005-2005,far,,power,breadth,,0.0076126281333448,,,
adaptive_transfer,2005-2005,far,,power,breadth,,0.0076126281333448,,,
adaptive_transfer,2005-2005,far,,power,breadth,,0.0076126281333448,,,
adaptive_transfer,2005-2005,far,,power,breadth,,0.0076126281333448,,,
adaptive_transfer,2005-2005,far,,power,breadth,,0.0076126281333448,,,
adaptive_transfer,2005-2005,far,,power,breadth,,0.0076126281333448,,,
adaptive_transfer,2005-2005,far,,power,breadth,,0.0076126281333448,,,
adaptive_transfer,2005-2005,far,,power,breadth,,0.0076126281333448,,,
adaptive_transfer,2005-2005,far,,power,breadth,,0.0076126281333448,,,
adaptive_transfer,2005-2005,far,,power,breadth,,0.0076126281333448,,,
adaptive_transfer,2005-2005,far,,power,breadth,,0.0076126281333448,,,
adaptive_transfer,2005-2005,far,,power,breadth,,0.0076126281333448,,,
adaptive_transfer,2005-2005,far,,power,t_iut,,0.0395733932079708,0.0277777777777777,0.4850157482770449,
adaptive_transfer,2005-2005,far,,power,t_iut,,0.0392927308447937,0.0555555555555555,0.5495836841612873,
adaptive_transfer,2005-2005,far,,power,t_iut,,0.0395733932079708,0.0277777777777777,0.4458633486138398,
adaptive_transfer,2005-2005,far,,power,t_iut,,0.0392927308447937,0.0555555555555555,0.409954158480681,
adaptive_transfer,2005-2005,far,,power,t_iut,,0.0390120684816166,0.0555555555555555,0.5322293947048368,
adaptive_transfer,2005-2005,far,,power,t_iut,,0.040070195963732,0.0277777777777777,0.5277534041792598,
adaptive_transfer,2005-2005,far,,power,t_iut,,0.0386077800526469,0.0444444444444444,0.5050030873224789,
adaptive_transfer,2005-2005,far,,power,t_iut,,0.039777712781515,0.0222222222222222,0.498383217964967,
adaptive_transfer,2005-2005,far,,power,t_iut,,0.0386077800526469,0.0388888888888888,0.5064882519255143,
adaptive_transfer,2005-2005,far,,power,t_iut,,0.039777712781515,0.0222222222222222,0.4608722498456338,
adaptive_transfer,2005-2005,far,,power,t_iut,,0.0385921580734794,0.0444444444444444,0.4875064320263456,
adaptive_transfer,2005-2005,far,,power,t_iut,,0.0398271071318308,0.0333333333333333,0.4730678192857878,
adaptive_transfer,2005-2005,far,,power,t_iut,,0.0395183698672429,0.0416666666666666,0.4817347603855785,
adaptive_transfer,2005-2005,far,,power,t_iut,,0.0407533189255943,0.0444444444444444,0.4582141264450619,
adaptive_transfer,2005-2005,far,,power,t_iut,,0.0389008953380673,0.0388888888888888,0.4392953929539295,
adaptive_transfer,2005-2005,far,,power,t_iut,,0.072370758810798,,,
adaptive_transfer,2005-2005,far,,power,t_iut,,0.072370758810798,,,
adaptive_transfer,2005-2005,far,,power,t_iut,,0.072370758810798,,,
adaptive_transfer,2005-2005,far,,power,t_iut,,0.072370758810798,,,
adaptive_transfer,2005-2005,far,,power,t_iut,,0.072370758810798,,,
adaptive_transfer,2005-2005,far,,power,t_iut,,0.072370758810798,,,
adaptive_transfer,2005-2005,far,,power,t_iut,,0.072370758810798,,,
adaptive_transfer,2005-2005,far,,power,t_iut,,0.072370758810798,,,
adaptive_transfer,2005-2005,far,,power,t_iut,,0.072370758810798,,,
adaptive_transfer,2005-2005,far,,power,t_iut,,0.072370758810798,,,
adaptive_transfer,2005-2005,far,,power,t_iut,,0.072370758810798,,,
adaptive_transfer,2005-2005,far,,power,t_iut,,0.072370758810798,,,
adaptive_transfer,2005-2005,far,,power,t_iut,,0.072370758810798,,,
adaptive_transfer,2005-2005,far,,power,t_iut,,0.072370758810798,,,
adaptive_transfer,2005-2005,far,,power,t_iut,,0.072370758810798,,,
adaptive_transfer,2005-2005,far,,power,z_mahalanobis_sq,,0.0387314061184395,0.0277777777777777,0.4690257897527052,
adaptive_transfer,2005-2005,far,,power,z_mahalanobis_sq,,0.0381700813920853,0.0555555555555555,0.4596158044095175,
adaptive_transfer,2005-2005,far,,power,z_mahalanobis_sq,,0.0378894190289082,0.0833333333333333,0.4935213771166619,
adaptive_transfer,2005-2005,far,,power,z_mahalanobis_sq,,0.0384507437552624,0.0555555555555555,0.5483674805875199,
adaptive_transfer,2005-2005,far,,power,z_mahalanobis_sq,,0.0384507437552624,0.0277777777777777,0.5511351233355163,
adaptive_transfer,2005-2005,far,,power,z_mahalanobis_sq,,0.039192746417081,0.0277777777777777,0.4723148418965909,
adaptive_transfer,2005-2005,far,,power,z_mahalanobis_sq,,0.0389002632348639,0.0333333333333333,0.4648890188814144,
adaptive_transfer,2005-2005,far,,power,z_mahalanobis_sq,,0.0380228136882129,0.0388888888888888,0.4890578791719476,
adaptive_transfer,2005-2005,far,,power,z_mahalanobis_sq,,0.039192746417081,0.0444444444444444,0.5140408176529849,
adaptive_transfer,2005-2005,far,,power,z_mahalanobis_sq,,0.0389002632348639,0.05,0.5595138279548926,
adaptive_transfer,2005-2005,far,,power,z_mahalanobis_sq,,0.0355047854276011,0.0611111111111111,0.4984194367260128,
adaptive_transfer,2005-2005,far,,power,z_mahalanobis_sq,,0.0373572090151281,0.0444444444444444,0.5010222633871908,
adaptive_transfer,2005-2005,far,,power,z_mahalanobis_sq,,0.0389008953380673,0.0416666666666666,0.5050907344516483,
adaptive_transfer,2005-2005,far,,power,z_mahalanobis_sq,,0.0395183698672429,0.0388888888888888,0.516038900895338,
adaptive_transfer,2005-2005,far,,power,z_mahalanobis_sq,,0.0404445816610064,0.0305555555555555,0.537344344962437,
adaptive_transfer,2005-2005,far,,power,z_mahalanobis_sq,,0.0898100172711571,,,
adaptive_transfer,2005-2005,far,,power,z_mahalanobis_sq,,0.0898100172711571,,,
adaptive_transfer,2005-2005,far,,power,z_mahalanobis_sq,,0.0898100172711571,,,
adaptive_transfer,2005-2005,far,,power,z_mahalanobis_sq,,0.0898100172711571,,,
adaptive_transfer,2005-2005,far,,power,z_mahalanobis_sq,,0.0898100172711571,,,
adaptive_transfer,2005-2005,far,,power,z_mahalanobis_sq,,0.0898100172711571,,,
adaptive_transfer,2005-2005,far,,power,z_mahalanobis_sq,,0.0898100172711571,,,
adaptive_transfer,2005-2005,far,,power,z_mahalanobis_sq,,0.0898100172711571,,,
adaptive_transfer,2005-2005,far,,power,z_mahalanobis_sq,,0.0898100172711571,,,
adaptive_transfer,2005-2005,far,,power,z_mahalanobis_sq,,0.0898100172711571,,,
adaptive_transfer,2005-2005,far,,power,z_mahalanobis_sq,,0.0898100172711571,,,
adaptive_transfer,2005-2005,far,,power,z_mahalanobis_sq,,0.0898100172711571,,,
adaptive_transfer,2005-2005,far,,power,z_mahalanobis_sq,,0.0898100172711571,,,
adaptive_transfer,2005-2005,far,,power,z_mahalanobis_sq,,0.0898100172711571,,,
adaptive_transfer,2005-2005,far,,power,z_mahalanobis_sq,,0.0898100172711571,,,
adaptive_transfer,2005-2005,far,,power,z_plus,,0.0420993544765646,0.0,0.4209467677051174,
adaptive_transfer,2005-2005,far,,power,z_plus,,0.0418186921133875,0.0277777777777777,0.5240667976424361,
adaptive_transfer,2005-2005,far,,power,z_plus,,0.0409767050238563,0.1111111111111111,0.4819050737518321,
adaptive_transfer,2005-2005,far,,power,z_plus,,0.0418186921133875,0.0277777777777777,0.4881381170673901,
adaptive_transfer,2005-2005,far,,power,z_plus,,0.0418186921133875,0.0277777777777777,0.5847054604421992,
adaptive_transfer,2005-2005,far,,power,z_plus,,0.0421175782392512,0.0333333333333333,0.4947320529069577,
adaptive_transfer,2005-2005,far,,power,z_plus,,0.0421175782392512,0.0277777777777777,0.4803378180754606,
adaptive_transfer,2005-2005,far,,power,z_plus,,0.0415326118748171,0.0444444444444444,0.4947531766923402,
adaptive_transfer,2005-2005,far,,power,z_plus,,0.0412401286926001,0.0555555555555555,0.5088134932241396,
adaptive_transfer,2005-2005,far,,power,z_plus,,0.0406551623281661,0.0666666666666666,0.5281409443956973,
adaptive_transfer,2005-2005,far,,power,z_plus,,0.0410620561901821,0.05,0.5026139755068436,
adaptive_transfer,2005-2005,far,,power,z_plus,,0.0422970052485335,0.0361111111111111,0.481640852800933,
adaptive_transfer,2005-2005,far,,power,z_plus,,0.0429144797777091,0.025,0.5121325168947892,
adaptive_transfer,2005-2005,far,,power,z_plus,,0.0429144797777091,0.0277777777777777,0.5207625810435319,
adaptive_transfer,2005-2005,far,,power,z_plus,,0.0429144797777091,0.0388888888888888,0.495537888923193,
adaptive_transfer,2005-2005,far,,power,z_plus,,0.0500920651670632,,,
adaptive_transfer,2005-2005,far,,power,z_plus,,0.0500920651670632,,,
adaptive_transfer,2005-2005,far,,power,z_plus,,0.0500920651670632,,,
adaptive_transfer,2005-2005,far,,power,z_plus,,0.0500920651670632,,,
adaptive_transfer,2005-2005,far,,power,z_plus,,0.0500920651670632,,,
adaptive_transfer,2005-2005,far,,power,z_plus,,0.0500920651670632,,,
adaptive_transfer,2005-2005,far,,power,z_plus,,0.0500920651670632,,,
adaptive_transfer,2005-2005,far,,power,z_plus,,0.0500920651670632,,,
adaptive_transfer,2005-2005,far,,power,z_plus,,0.0500920651670632,,,
adaptive_transfer,2005-2005,far,,power,z_plus,,0.0500920651670632,,,
adaptive_transfer,2005-2005,far,,power,z_plus,,0.0500920651670632,,,
adaptive_transfer,2005-2005,far,,power,z_plus,,0.0500920651670632,,,
adaptive_transfer,2005-2005,far,,power,z_plus,,0.0500920651670632,,,
adaptive_transfer,2005-2005,far,,power,z_plus,,0.0500920651670632,,,
adaptive_transfer,2005-2005,far,,power,z_plus,,0.0500920651670632,,,
adaptive_transfer,2005-2005,far,,power,z_plus_orth,,0.0343165059557572,0.0555555555555555,0.4375748408646877,
adaptive_transfer,2005-2005,far,,power,z_plus_orth,,0.0343262411347517,0.0277777777777777,0.5204885736800631,
adaptive_transfer,2005-2005,far,,power,z_plus_orth,,0.0343262411347517,0.0277777777777777,0.4972261623325453,
adaptive_transfer,2005-2005,far,,power,z_plus_orth,,0.0340328984685195,0.0285714285714285,0.496604813224212,
adaptive_transfer,2005-2005,far,,power,z_plus_orth,,0.0337492909812819,0.1111111111111111,0.5693577866011218,
adaptive_transfer,2005-2005,far,,power,z_plus_orth,,0.0351966873706004,0.0388888888888888,0.5002941273127608,
adaptive_transfer,2005-2005,far,,power,z_plus_orth,,0.0345949142519219,0.0335195530726257,0.4624317368652313,
adaptive_transfer,2005-2005,far,,power,z_plus_orth,,0.0345642540620384,0.0614525139664804,0.4863768020266868,
adaptive_transfer,2005-2005,far,,power,z_plus_orth,,0.0339934968962459,0.0898876404494382,0.5089326340891502,
adaptive_transfer,2005-2005,far,,power,z_plus_orth,,0.0336879432624113,0.0903954802259887,0.5163163975370971,
adaptive_transfer,2005-2005,far,,power,z_plus_orth,,0.0336973478939157,0.0588235294117647,0.4926056538059841,
adaptive_transfer,2005-2005,far,,power,z_plus_orth,,0.03428927680798,0.0427350427350427,0.5044600038365625,
adaptive_transfer,2005-2005,far,,power,z_plus_orth,,0.0355916328442085,0.0810055865921787,0.4986657062076928,
adaptive_transfer,2005-2005,far,,power,z_plus_orth,,0.0333853354134165,0.0621468926553672,0.5178613924217985,
adaptive_transfer,2005-2005,far,,power,z_plus_orth,,0.0352574102964118,0.072829131652661,0.5074380454209766,
adaptive_transfer,2005-2005,far,,power,z_plus_orth,,0.0642637162085091,,,
adaptive_transfer,2005-2005,far,,power,z_plus_orth,,0.0642637162085091,,,
adaptive_transfer,2005-2005,far,,power,z_plus_orth,,0.0642637162085091,,,
adaptive_transfer,2005-2005,far,,power,z_plus_orth,,0.0642637162085091,,,
adaptive_transfer,2005-2005,far,,power,z_plus_orth,,0.0642637162085091,,,
adaptive_transfer,2005-2005,far,,power,z_plus_orth,,0.0642637162085091,,,
adaptive_transfer,2005-2005,far,,power,z_plus_orth,,0.0642637162085091,,,
adaptive_transfer,2005-2005,far,,power,z_plus_orth,,0.0642637162085091,,,
adaptive_transfer,2005-2005,far,,power,z_plus_orth,,0.0642637162085091,,,
adaptive_transfer,2005-2005,far,,power,z_plus_orth,,0.0642637162085091,,,
adaptive_transfer,2005-2005,far,,power,z_plus_orth,,0.0642637162085091,,,
adaptive_transfer,2005-2005,far,,power,z_plus_orth,,0.0642637162085091,,,
adaptive_transfer,2005-2005,far,,power,z_plus_orth,,0.0642637162085091,,,
adaptive_transfer,2005-2005,far,,power,z_plus_orth,,0.0642637162085091,,,
adaptive_transfer,2005-2005,far,,power,z_plus_orth,,0.0642637162085091,,,
adaptive_transfer,2005-2005,far,,power,z_plus_renorm,,0.0425411230856494,0.0,0.4280346001134429,
adaptive_transfer,2005-2005,far,,power,z_plus_renorm,,0.0422695035460992,0.0555555555555555,0.5421985815602837,
adaptive_transfer,2005-2005,far,,power,z_plus_renorm,,0.0419858156028368,0.0833333333333333,0.5106304176516943,
adaptive_transfer,2005-2005,far,,power,z_plus_renorm,,0.0419739081111741,0.0285714285714285,0.5207114496394134,
adaptive_transfer,2005-2005,far,,power,z_plus_renorm,,0.0416903006239364,0.0833333333333333,0.5785198840360497,
adaptive_transfer,2005-2005,far,,power,z_plus_renorm,,0.0425909494232475,0.0277777777777777,0.5124552236353479,
adaptive_transfer,2005-2005,far,,power,z_plus_renorm,,0.041986989946777,0.0558659217877094,0.4688839039410087,
adaptive_transfer,2005-2005,far,,power,z_plus_renorm,,0.0437223042836041,0.0223463687150838,0.484401277406897,
adaptive_transfer,2005-2005,far,,power,z_plus_renorm,,0.0425657700266036,0.0449438202247191,0.5044023820357572,
adaptive_transfer,2005-2005,far,,power,z_plus_renorm,,0.0425531914893617,0.0564971751412429,0.5215320351003726,
adaptive_transfer,2005-2005,far,,power,z_plus_renorm,,0.0430577223088923,0.0336134453781512,0.4797371054506046,
adaptive_transfer,2005-2005,far,,power,z_plus_renorm,,0.0417705735660847,0.037037037037037,0.5100532145419925,
adaptive_transfer,2005-2005,far,,power,z_plus_renorm,,0.0427724008741804,0.0391061452513966,0.4997113390553898,
adaptive_transfer,2005-2005,far,,power,z_plus_renorm,,0.0433697347893915,0.0282485875706214,0.5198427598120874,
adaptive_transfer,2005-2005,far,,power,z_plus_renorm,,0.0433697347893915,0.0252100840336134,0.5053902996455992,
adaptive_transfer,2005-2005,far,,power,z_plus_renorm,,0.0758298163567925,,,
adaptive_transfer,2005-2005,far,,power,z_plus_renorm,,0.0758298163567925,,,
adaptive_transfer,2005-2005,far,,power,z_plus_renorm,,0.0758298163567925,,,
adaptive_transfer,2005-2005,far,,power,z_plus_renorm,,0.0758298163567925,,,
adaptive_transfer,2005-2005,far,,power,z_plus_renorm,,0.0758298163567925,,,
adaptive_transfer,2005-2005,far,,power,z_plus_renorm,,0.0758298163567925,,,
adaptive_transfer,2005-2005,far,,power,z_plus_renorm,,0.0758298163567925,,,
adaptive_transfer,2005-2005,far,,power,z_plus_renorm,,0.0758298163567925,,,
adaptive_transfer,2005-2005,far,,power,z_plus_renorm,,0.0758298163567925,,,
adaptive_transfer,2005-2005,far,,power,z_plus_renorm,,0.0758298163567925,,,
adaptive_transfer,2005-2005,far,,power,z_plus_renorm,,0.0758298163567925,,,
adaptive_transfer,2005-2005,far,,power,z_plus_renorm,,0.0758298163567925,,,
adaptive_transfer,2005-2005,far,,power,z_plus_renorm,,0.0758298163567925,,,
adaptive_transfer,2005-2005,far,,power,z_plus_renorm,,0.0758298163567925,,,
adaptive_transfer,2005-2005,far,,power,z_plus_renorm,,0.0758298163567925,,,
adaptive_transfer,2005-2005,far,,power,z_plus_softmax,,0.0377197958026091,0.0555555555555555,0.4375354509359047,
adaptive_transfer,2005-2005,far,,power,z_plus_softmax,,0.0377304964539007,0.0277777777777777,0.5188179669030732,
adaptive_transfer,2005-2005,far,,power,z_plus_softmax,,0.0377304964539007,0.0277777777777777,0.4967454688731284,
adaptive_transfer,2005-2005,far,,power,z_plus_softmax,,0.0374361883153715,0.0285714285714285,0.4974799448991167,
adaptive_transfer,2005-2005,far,,power,z_plus_softmax,,0.0371525808281338,0.1111111111111111,0.5658284489821642,
adaptive_transfer,2005-2005,far,,power,z_plus_softmax,,0.038745933155871,0.0388888888888888,0.5010187649939203,
adaptive_transfer,2005-2005,far,,power,z_plus_softmax,,0.0384387936132466,0.0391061452513966,0.46362107641837,
adaptive_transfer,2005-2005,far,,power,z_plus_softmax,,0.0375184638109305,0.0614525139664804,0.4850894927506333,
adaptive_transfer,2005-2005,far,,power,z_plus_softmax,,0.0375406443984629,0.095505617977528,0.5088695294051221,
adaptive_transfer,2005-2005,far,,power,z_plus_softmax,,0.0366430260047281,0.0903954802259887,0.517623646004461,
adaptive_transfer,2005-2005,far,,power,z_plus_softmax,,0.0361934477379095,0.0504201680672268,0.4919152060200055,
adaptive_transfer,2005-2005,far,,power,z_plus_softmax,,0.0367830423940149,0.0427350427350427,0.5055203870665217,
adaptive_transfer,2005-2005,far,,power,z_plus_softmax,,0.0384014985950671,0.0810055865921787,0.4985000095929619,
adaptive_transfer,2005-2005,far,,power,z_plus_softmax,,0.0374414976599064,0.059322033898305,0.5188943828939598,
adaptive_transfer,2005-2005,far,,power,z_plus_softmax,,0.0386895475819032,0.072829131652661,0.5074135738538785,
adaptive_transfer,2005-2005,far,,power,z_plus_softmax,,0.0693737880688947,,,
adaptive_transfer,2005-2005,far,,power,z_plus_softmax,,0.0693737880688947,,,
adaptive_transfer,2005-2005,far,,power,z_plus_softmax,,0.0693737880688947,,,
adaptive_transfer,2005-2005,far,,power,z_plus_softmax,,0.0693737880688947,,,
adaptive_transfer,2005-2005,far,,power,z_plus_softmax,,0.0693737880688947,,,
adaptive_transfer,2005-2005,far,,power,z_plus_softmax,,0.0693737880688947,,,
adaptive_transfer,2005-2005,far,,power,z_plus_softmax,,0.0693737880688947,,,
adaptive_transfer,2005-2005,far,,power,z_plus_softmax,,0.0693737880688947,,,
adaptive_transfer,2005-2005,far,,power,z_plus_softmax,,0.0693737880688947,,,
adaptive_transfer,2005-2005,far,,power,z_plus_softmax,,0.0693737880688947,,,
adaptive_transfer,2005-2005,far,,power,z_plus_softmax,,0.0693737880688947,,,
adaptive_transfer,2005-2005,far,,power,z_plus_softmax,,0.0693737880688947,,,
adaptive_transfer,2005-2005,far,,power,z_plus_softmax,,0.0693737880688947,,,
adaptive_transfer,2005-2005,far,,power,z_plus_softmax,,0.0693737880688947,,,
adaptive_transfer,2005-2005,far,,power,z_plus_softmax,,0.0693737880688947,,,
adaptive_transfer,2005-2005,near,,power,breadth,,0.0114285714285714,0.0434782608695652,0.4843764930721452,
adaptive_transfer,2005-2005,near,,power,breadth,,0.0118681318681318,0.0,0.434495938843765,
adaptive_transfer,2005-2005,near,,power,breadth,,0.0118681318681318,0.0,0.6126803631151457,
adaptive_transfer,2005-2005,near,,power,breadth,,0.0118681318681318,0.0,0.4913903487816531,
adaptive_transfer,2005-2005,near,,power,breadth,,0.0118681318681318,0.0,0.555078834209269,
adaptive_transfer,2005-2005,near,,power,breadth,,0.0114521300961978,0.017391304347826,0.4961381425640822,
adaptive_transfer,2005-2005,near,,power,breadth,,0.0123683005038937,0.0260869565217391,0.4825808122049832,
adaptive_transfer,2005-2005,near,,power,breadth,,0.0109940448923499,0.0260869565217391,0.5012069549283993,
adaptive_transfer,2005-2005,near,,power,breadth,,0.0119102153000458,0.0,0.4919655838594674,
adaptive_transfer,2005-2005,near,,power,breadth,,0.0109940448923499,0.0521739130434782,0.4962596347268417,
adaptive_transfer,2005-2005,near,,power,breadth,,0.0120889748549323,0.008695652173913,0.5227514506769826,
adaptive_transfer,2005-2005,near,,power,breadth,,0.0120889748549323,0.008695652173913,0.4894594651417038,
adaptive_transfer,2005-2005,near,,power,breadth,,0.0120889748549323,0.0130434782608695,0.4768785215709359,
adaptive_transfer,2005-2005,near,,power,breadth,,0.0101547388781431,0.0347826086956521,0.5091255991926668,
adaptive_transfer,2005-2005,near,,power,breadth,,0.011605415860735,0.0217391304347826,0.5512330754352031,
adaptive_transfer,2005-2005,near,,power,breadth,,0.0076126281333448,,,
adaptive_transfer,2005-2005,near,,power,breadth,,0.0076126281333448,,,
adaptive_transfer,2005-2005,near,,power,breadth,,0.0076126281333448,,,
adaptive_transfer,2005-2005,near,,power,breadth,,0.0076126281333448,,,
adaptive_transfer,2005-2005,near,,power,breadth,,0.0076126281333448,,,
adaptive_transfer,2005-2005,near,,power,breadth,,0.0076126281333448,,,
adaptive_transfer,2005-2005,near,,power,breadth,,0.0076126281333448,,,
adaptive_transfer,2005-2005,near,,power,breadth,,0.0076126281333448,,,
adaptive_transfer,2005-2005,near,,power,breadth,,0.0076126281333448,,,
adaptive_transfer,2005-2005,near,,power,breadth,,0.0076126281333448,,,
adaptive_transfer,2005-2005,near,,power,breadth,,0.0076126281333448,,,
adaptive_transfer,2005-2005,near,,power,breadth,,0.0076126281333448,,,
adaptive_transfer,2005-2005,near,,power,breadth,,0.0076126281333448,,,
adaptive_transfer,2005-2005,near,,power,breadth,,0.0076126281333448,,,
adaptive_transfer,2005-2005,near,,power,breadth,,0.0076126281333448,,,
adaptive_transfer,2005-2005,near,,power,t_iut,,0.0404395604395604,0.1304347826086956,0.4443191591017678,
adaptive_transfer,2005-2005,near,,power,t_iut,,0.0413186813186813,0.0,0.4186335403726708,
adaptive_transfer,2005-2005,near,,power,t_iut,,0.0413186813186813,0.0869565217391304,0.565370281892021,
adaptive_transfer,2005-2005,near,,power,t_iut,,0.0413186813186813,0.0869565217391304,0.4139130434782608,
adaptive_transfer,2005-2005,near,,power,t_iut,,0.0413186813186813,0.0434782608695652,0.4958432871476349,
adaptive_transfer,2005-2005,near,,power,t_iut,,0.0398534127347686,0.0695652173913043,0.5434444023979765,
adaptive_transfer,2005-2005,near,,power,t_iut,,0.0393953275309207,0.0608695652173913,0.4981377840626182,
adaptive_transfer,2005-2005,near,,power,t_iut,,0.0412276683463124,0.0434782608695652,0.4698321018144157,
adaptive_transfer,2005-2005,near,,power,t_iut,,0.0398534127347686,0.0695652173913043,0.5001254755123583,
adaptive_transfer,2005-2005,near,,power,t_iut,,0.0403114979386165,0.0521739130434782,0.4709115895556574,
adaptive_transfer,2005-2005,near,,power,t_iut,,0.0425531914893617,0.0347826086956521,0.5029791438903373,
adaptive_transfer,2005-2005,near,,power,t_iut,,0.0415860735009671,0.0304347826086956,0.4686611723151964,
adaptive_transfer,2005-2005,near,,power,t_iut,,0.0425531914893617,0.0304347826086956,0.4851610461693718,
adaptive_transfer,2005-2005,near,,power,t_iut,,0.0406189555125725,0.0608695652173913,0.4931271549911699,
adaptive_transfer,2005-2005,near,,power,t_iut,,0.0396518375241779,0.0739130434782608,0.4974034984442015,
adaptive_transfer,2005-2005,near,,power,t_iut,,0.072370758810798,,,
adaptive_transfer,2005-2005,near,,power,t_iut,,0.072370758810798,,,
adaptive_transfer,2005-2005,near,,power,t_iut,,0.072370758810798,,,
adaptive_transfer,2005-2005,near,,power,t_iut,,0.072370758810798,,,
adaptive_transfer,2005-2005,near,,power,t_iut,,0.072370758810798,,,
adaptive_transfer,2005-2005,near,,power,t_iut,,0.072370758810798,,,
adaptive_transfer,2005-2005,near,,power,t_iut,,0.072370758810798,,,
adaptive_transfer,2005-2005,near,,power,t_iut,,0.072370758810798,,,
adaptive_transfer,2005-2005,near,,power,t_iut,,0.072370758810798,,,
adaptive_transfer,2005-2005,near,,power,t_iut,,0.072370758810798,,,
adaptive_transfer,2005-2005,near,,power,t_iut,,0.072370758810798,,,
adaptive_transfer,2005-2005,near,,power,t_iut,,0.072370758810798,,,
adaptive_transfer,2005-2005,near,,power,t_iut,,0.072370758810798,,,
adaptive_transfer,2005-2005,near,,power,t_iut,,0.072370758810798,,,
adaptive_transfer,2005-2005,near,,power,t_iut,,0.072370758810798,,,
adaptive_transfer,2005-2005,near,,power,z_mahalanobis_sq,,0.04,0.0,0.4708456760630674,
adaptive_transfer,2005-2005,near,,power,z_mahalanobis_sq,,0.04,0.0,0.5020544672718585,
adaptive_transfer,2005-2005,near,,power,z_mahalanobis_sq,,0.0395604395604395,0.0434782608695652,0.5051505016722408,
adaptive_transfer,2005-2005,near,,power,z_mahalanobis_sq,,0.04,0.0,0.5048829431438128,
adaptive_transfer,2005-2005,near,,power,z_mahalanobis_sq,,0.0395604395604395,0.0869565217391304,0.5026660296225514,
adaptive_transfer,2005-2005,near,,power,z_mahalanobis_sq,,0.0384791571232249,0.0608695652173913,0.4958194745961879,
adaptive_transfer,2005-2005,near,,power,z_mahalanobis_sq,,0.0389372423270728,0.0521739130434782,0.5167519767372384,
adaptive_transfer,2005-2005,near,,power,z_mahalanobis_sq,,0.0398534127347686,0.0260869565217391,0.4879563424883985,
adaptive_transfer,2005-2005,near,,power,z_mahalanobis_sq,,0.0398534127347686,0.0434782608695652,0.514469517417196,
adaptive_transfer,2005-2005,near,,power,z_mahalanobis_sq,,0.037562986715529,0.0782608695652174,0.5489254914457568,
adaptive_transfer,2005-2005,near,,power,z_mahalanobis_sq,,0.0377176015473887,0.0565217391304347,0.5164304936506602,
adaptive_transfer,2005-2005,near,,power,z_mahalanobis_sq,,0.0411025145067698,0.0304347826086956,0.5152510301909007,
adaptive_transfer,2005-2005,near,,power,z_mahalanobis_sq,,0.0406189555125725,0.0434782608695652,0.5104764107308049,
adaptive_transfer,2005-2005,near,,power,z_mahalanobis_sq,,0.0391682785299806,0.0478260869565217,0.5409217054915483,
adaptive_transfer,2005-2005,near,,power,z_mahalanobis_sq,,0.038201160541586,0.0652173913043478,0.5336914473130938,
adaptive_transfer,2005-2005,near,,power,z_mahalanobis_sq,,0.0898100172711571,,,
adaptive_transfer,2005-2005,near,,power,z_mahalanobis_sq,,0.0898100172711571,,,
adaptive_transfer,2005-2005,near,,power,z_mahalanobis_sq,,0.0898100172711571,,,
adaptive_transfer,2005-2005,near,,power,z_mahalanobis_sq,,0.0898100172711571,,,
adaptive_transfer,2005-2005,near,,power,z_mahalanobis_sq,,0.0898100172711571,,,
adaptive_transfer,2005-2005,near,,power,z_mahalanobis_sq,,0.0898100172711571,,,
adaptive_transfer,2005-2005,near,,power,z_mahalanobis_sq,,0.0898100172711571,,,
adaptive_transfer,2005-2005,near,,power,z_mahalanobis_sq,,0.0898100172711571,,,
adaptive_transfer,2005-2005,near,,power,z_mahalanobis_sq,,0.0898100172711571,,,
adaptive_transfer,2005-2005,near,,power,z_mahalanobis_sq,,0.0898100172711571,,,
adaptive_transfer,2005-2005,near,,power,z_mahalanobis_sq,,0.0898100172711571,,,
adaptive_transfer,2005-2005,near,,power,z_mahalanobis_sq,,0.0898100172711571,,,
adaptive_transfer,2005-2005,near,,power,z_mahalanobis_sq,,0.0898100172711571,,,
adaptive_transfer,2005-2005,near,,power,z_mahalanobis_sq,,0.0898100172711571,,,
adaptive_transfer,2005-2005,near,,power,z_mahalanobis_sq,,0.0898100172711571,,,
adaptive_transfer,2005-2005,near,,power,z_plus,,0.0413186813186813,0.0,0.4436311514572383,
adaptive_transfer,2005-2005,near,,power,z_plus,,0.0413186813186813,0.0,0.4240611562350693,
adaptive_transfer,2005-2005,near,,power,z_plus,,0.0408791208791208,0.0434782608695652,0.5750979455327281,
adaptive_transfer,2005-2005,near,,power,z_plus,,0.0413186813186813,0.0,0.4922503583373148,
adaptive_transfer,2005-2005,near,,power,z_plus,,0.0413186813186813,0.0,0.5230004777830866,
adaptive_transfer,2005-2005,near,,power,z_plus,,0.0398534127347686,0.0608695652173913,0.5014638809775139,
adaptive_transfer,2005-2005,near,,power,z_plus,,0.0412276683463124,0.0347826086956521,0.5068533529845246,
adaptive_transfer,2005-2005,near,,power,z_plus,,0.0407695831424645,0.0347826086956521,0.4880758429763588,
adaptive_transfer,2005-2005,near,,power,z_plus,,0.0407695831424645,0.0521739130434782,0.5083789758808182,
adaptive_transfer,2005-2005,near,,power,z_plus,,0.0393953275309207,0.0608695652173913,0.50367464000478,
adaptive_transfer,2005-2005,near,,power,z_plus,,0.0386847195357833,0.0565217391304347,0.5406200067277773,
adaptive_transfer,2005-2005,near,,power,z_plus,,0.0435203094777562,0.0217391304347826,0.4730510470103439,
adaptive_transfer,2005-2005,near,,power,z_plus,,0.0415860735009671,0.0347826086956521,0.5111775712723909,
adaptive_transfer,2005-2005,near,,power,z_plus,,0.0415860735009671,0.0304347826086956,0.5351295097132285,
adaptive_transfer,2005-2005,near,,power,z_plus,,0.0396518375241779,0.0652173913043478,0.5428054831385081,
adaptive_transfer,2005-2005,near,,power,z_plus,,0.0500920651670632,,,
adaptive_transfer,2005-2005,near,,power,z_plus,,0.0500920651670632,,,
adaptive_transfer,2005-2005,near,,power,z_plus,,0.0500920651670632,,,
adaptive_transfer,2005-2005,near,,power,z_plus,,0.0500920651670632,,,
adaptive_transfer,2005-2005,near,,power,z_plus,,0.0500920651670632,,,
adaptive_transfer,2005-2005,near,,power,z_plus,,0.0500920651670632,,,
adaptive_transfer,2005-2005,near,,power,z_plus,,0.0500920651670632,,,
adaptive_transfer,2005-2005,near,,power,z_plus,,0.0500920651670632,,,
adaptive_transfer,2005-2005,near,,power,z_plus,,0.0500920651670632,,,
adaptive_transfer,2005-2005,near,,power,z_plus,,0.0500920651670632,,,
adaptive_transfer,2005-2005,near,,power,z_plus,,0.0500920651670632,,,
adaptive_transfer,2005-2005,near,,power,z_plus,,0.0500920651670632,,,
adaptive_transfer,2005-2005,near,,power,z_plus,,0.0500920651670632,,,
adaptive_transfer,2005-2005,near,,power,z_plus,,0.0500920651670632,,,
adaptive_transfer,2005-2005,near,,power,z_plus,,0.0500920651670632,,,
adaptive_transfer,2005-2005,near,,power,z_plus_orth,,0.0373167481119502,0.0,0.4413690533675854,
adaptive_transfer,2005-2005,near,,power,z_plus_orth,,0.0368725011106175,0.0869565217391304,0.4514708438761516,
adaptive_transfer,2005-2005,near,,power,z_plus_orth,,0.0364282541092847,0.1304347826086956,0.5233036524829545,
adaptive_transfer,2005-2005,near,,power,z_plus_orth,,0.0368725011106175,0.0,0.489869236860912,
adaptive_transfer,2005-2005,near,,power,z_plus_orth,,0.0373167481119502,0.0,0.4874741660711181,
adaptive_transfer,2005-2005,near,,power,z_plus_orth,,0.037037037037037,0.0884955752212389,0.4948172730252376,
adaptive_transfer,2005-2005,near,,power,z_plus_orth,,0.0370541917554423,0.0614035087719298,0.5177591965091051,
adaptive_transfer,2005-2005,near,,power,z_plus_orth,,0.0375173691523853,0.0353982300884955,0.4764127935335516,
adaptive_transfer,2005-2005,near,,power,z_plus_orth,,0.0379805465493283,0.0695652173913043,0.4992931510159695,
adaptive_transfer,2005-2005,near,,power,z_plus_orth,,0.0374826469227209,0.0526315789473684,0.5129447867702575,
adaptive_transfer,2005-2005,near,,power,z_plus_orth,,0.0351734245236932,0.079295154185022,0.5398487955942832,
adaptive_transfer,2005-2005,near,,power,z_plus_orth,,0.0380116959064327,0.0619469026548672,0.4738804360951543,
adaptive_transfer,2005-2005,near,,power,z_plus_orth,,0.0351734245236932,0.0488888888888888,0.5264332627693644,
adaptive_transfer,2005-2005,near,,power,z_plus_orth,,0.0351390922401171,0.0663716814159292,0.5408077326733955,
adaptive_transfer,2005-2005,near,,power,z_plus_orth,,0.0376160234489496,0.0701754385964912,0.5141585032439427,
adaptive_transfer,2005-2005,near,,power,z_plus_orth,,0.0642637162085091,,,
adaptive_transfer,2005-2005,near,,power,z_plus_orth,,0.0642637162085091,,,
adaptive_transfer,2005-2005,near,,power,z_plus_orth,,0.0642637162085091,,,
adaptive_transfer,2005-2005,near,,power,z_plus_orth,,0.0642637162085091,,,
adaptive_transfer,2005-2005,near,,power,z_plus_orth,,0.0642637162085091,,,
adaptive_transfer,2005-2005,near,,power,z_plus_orth,,0.0642637162085091,,,
adaptive_transfer,2005-2005,near,,power,z_plus_orth,,0.0642637162085091,,,
adaptive_transfer,2005-2005,near,,power,z_plus_orth,,0.0642637162085091,,,
adaptive_transfer,2005-2005,near,,power,z_plus_orth,,0.0642637162085091,,,
adaptive_transfer,2005-2005,near,,power,z_plus_orth,,0.0642637162085091,,,
adaptive_transfer,2005-2005,near,,power,z_plus_orth,,0.0642637162085091,,,
adaptive_transfer,2005-2005,near,,power,z_plus_orth,,0.0642637162085091,,,
adaptive_transfer,2005-2005,near,,power,z_plus_orth,,0.0642637162085091,,,
adaptive_transfer,2005-2005,near,,power,z_plus_orth,,0.0642637162085091,,,
adaptive_transfer,2005-2005,near,,power,z_plus_orth,,0.0642637162085091,,,
adaptive_transfer,2005-2005,near,,power,z_plus_renorm,,0.0537538871612616,0.0,0.4505437196994573,
adaptive_transfer,2005-2005,near,,power,z_plus_renorm,,0.0528653931585961,0.0869565217391304,0.4578448225909257,
adaptive_transfer,2005-2005,near,,power,z_plus_renorm,,0.0528653931585961,0.0869565217391304,0.5264133814922836,
adaptive_transfer,2005-2005,near,,power,z_plus_renorm,,0.0537538871612616,0.0,0.4888841674231742,
adaptive_transfer,2005-2005,near,,power,z_plus_renorm,,0.0537538871612616,0.0434782608695652,0.508392405307786,
adaptive_transfer,2005-2005,near,,power,z_plus_renorm,,0.0513888888888888,0.0884955752212389,0.4953457882661423,
adaptive_transfer,2005-2005,near,,power,z_plus_renorm,,0.0532654006484483,0.0526315789473684,0.5245443390783582,
adaptive_transfer,2005-2005,near,,power,z_plus_renorm,,0.0541917554423344,0.0265486725663716,0.4845737333327867,
adaptive_transfer,2005-2005,near,,power,z_plus_renorm,,0.0523390458545623,0.0956521739130434,0.5023541494653321,
adaptive_transfer,2005-2005,near,,power,z_plus_renorm,,0.0527533549282739,0.0614035087719298,0.5145928217118456,
adaptive_transfer,2005-2005,near,,power,z_plus_renorm,,0.0537371763556424,0.052863436123348,0.5340252954253458,
adaptive_transfer,2005-2005,near,,power,z_plus_renorm,,0.0555555555555555,0.0265486725663716,0.4715796373923994,
adaptive_transfer,2005-2005,near,,power,z_plus_renorm,,0.0503175378602833,0.0622222222222222,0.5334158388970309,
adaptive_transfer,2005-2005,near,,power,z_plus_renorm,,0.0531966813079551,0.0486725663716814,0.5442952962161556,
adaptive_transfer,2005-2005,near,,power,z_plus_renorm,,0.0537371763556424,0.0701754385964912,0.5257672760308196,
adaptive_transfer,2005-2005,near,,power,z_plus_renorm,,0.0758298163567925,,,
adaptive_transfer,2005-2005,near,,power,z_plus_renorm,,0.0758298163567925,,,
adaptive_transfer,2005-2005,near,,power,z_plus_renorm,,0.0758298163567925,,,
adaptive_transfer,2005-2005,near,,power,z_plus_renorm,,0.0758298163567925,,,
adaptive_transfer,2005-2005,near,,power,z_plus_renorm,,0.0758298163567925,,,
adaptive_transfer,2005-2005,near,,power,z_plus_renorm,,0.0758298163567925,,,
adaptive_transfer,2005-2005,near,,power,z_plus_renorm,,0.0758298163567925,,,
adaptive_transfer,2005-2005,near,,power,z_plus_renorm,,0.0758298163567925,,,
adaptive_transfer,2005-2005,near,,power,z_plus_renorm,,0.0758298163567925,,,
adaptive_transfer,2005-2005,near,,power,z_plus_renorm,,0.0758298163567925,,,
adaptive_transfer,2005-2005,near,,power,z_plus_renorm,,0.0758298163567925,,,
adaptive_transfer,2005-2005,near,,power,z_plus_renorm,,0.0758298163567925,,,
adaptive_transfer,2005-2005,near,,power,z_plus_renorm,,0.0758298163567925,,,
adaptive_transfer,2005-2005,near,,power,z_plus_renorm,,0.0758298163567925,,,
adaptive_transfer,2005-2005,near,,power,z_plus_renorm,,0.0758298163567925,,,
adaptive_transfer,2005-2005,near,,power,z_plus_softmax,,0.0439804531319413,0.0,0.4435709732872346,
adaptive_transfer,2005-2005,near,,power,z_plus_softmax,,0.0430919591292758,0.1304347826086956,0.4563768759778263,
adaptive_transfer,2005-2005,near,,power,z_plus_softmax,,0.0435362061306086,0.1304347826086956,0.5173739207695129,
adaptive_transfer,2005-2005,near,,power,z_plus_softmax,,0.0435362061306086,0.0,0.4880729337685666,
adaptive_transfer,2005-2005,near,,power,z_plus_softmax,,0.0439804531319413,0.0,0.4840553956695575,
adaptive_transfer,2005-2005,near,,power,z_plus_softmax,,0.0425925925925925,0.0973451327433628,0.4952146837102589,
adaptive_transfer,2005-2005,near,,power,z_plus_softmax,,0.0435386753126447,0.0526315789473684,0.5174260338200759,
adaptive_transfer,2005-2005,near,,power,z_plus_softmax,,0.0444650301065308,0.0353982300884955,0.4781138432656875,
adaptive_transfer,2005-2005,near,,power,z_plus_softmax,,0.0444650301065308,0.0695652173913043,0.4999899309261534,
adaptive_transfer,2005-2005,near,,power,z_plus_softmax,,0.0434983803794539,0.0526315789473684,0.512275018875277,
adaptive_transfer,2005-2005,near,,power,z_plus_softmax,,0.0405471421592574,0.0837004405286343,0.5395130727464066,
adaptive_transfer,2005-2005,near,,power,z_plus_softmax,,0.0443469785575048,0.0530973451327433,0.4722675050458003,
adaptive_transfer,2005-2005,near,,power,z_plus_softmax,,0.0410356619443087,0.0444444444444444,0.5254649079954405,
adaptive_transfer,2005-2005,near,,power,z_plus_softmax,,0.0424597364568082,0.0619469026548672,0.540982650721051,
adaptive_transfer,2005-2005,near,,power,z_plus_softmax,,0.0449438202247191,0.0701754385964912,0.5165775332322011,
adaptive_transfer,2005-2005,near,,power,z_plus_softmax,,0.0693737880688947,,,
adaptive_transfer,2005-2005,near,,power,z_plus_softmax,,0.0693737880688947,,,
adaptive_transfer,2005-2005,near,,power,z_plus_softmax,,0.0693737880688947,,,
adaptive_transfer,2005-2005,near,,power,z_plus_softmax,,0.0693737880688947,,,
adaptive_transfer,2005-2005,near,,power,z_plus_softmax,,0.0693737880688947,,,
adaptive_transfer,2005-2005,near,,power,z_plus_softmax,,0.0693737880688947,,,
adaptive_transfer,2005-2005,near,,power,z_plus_softmax,,0.0693737880688947,,,
adaptive_transfer,2005-2005,near,,power,z_plus_softmax,,0.0693737880688947,,,
adaptive_transfer,2005-2005,near,,power,z_plus_softmax,,0.0693737880688947,,,
adaptive_transfer,2005-2005,near,,power,z_plus_softmax,,0.0693737880688947,,,
adaptive_transfer,2005-2005,near,,power,z_plus_softmax,,0.0693737880688947,,,
adaptive_transfer,2005-2005,near,,power,z_plus_softmax,,0.0693737880688947,,,
adaptive_transfer,2005-2005,near,,power,z_plus_softmax,,0.0693737880688947,,,
adaptive_transfer,2005-2005,near,,power,z_plus_softmax,,0.0693737880688947,,,
adaptive_transfer,2005-2005,near,,power,z_plus_softmax,,0.0693737880688947,,,
adaptive_transfer,2007-2007,,2003.0,annual_fpr,z_mahalanobis_sq,0.0,,,,
adaptive_transfer,2007-2007,,2004.0,annual_fpr,z_mahalanobis_sq,0.0,,,,
adaptive_transfer,2007-2007,,2005.0,annual_fpr,z_mahalanobis_sq,35.0,0.0093632958801498,,,
adaptive_transfer,2007-2007,,2006.0,annual_fpr,z_mahalanobis_sq,353.0,0.0709342560553633,,,
adaptive_transfer,2007-2007,,2007.0,annual_fpr,z_mahalanobis_sq,447.0,0.0622895622895622,,,
adaptive_transfer,2007-2007,,2008.0,annual_fpr,z_mahalanobis_sq,460.0,0.038269550748752,,,
adaptive_transfer,2007-2007,,2009.0,annual_fpr,z_mahalanobis_sq,460.0,0.0411663807890223,,,
adaptive_transfer,2007-2007,,2010.0,annual_fpr,z_mahalanobis_sq,438.0,0.0347682119205298,,,
adaptive_transfer,2007-2007,,2011.0,annual_fpr,z_mahalanobis_sq,451.0,0.0319865319865319,,,
adaptive_transfer,2007-2007,,2012.0,annual_fpr,z_mahalanobis_sq,440.0,0.0187713310580204,,,
adaptive_transfer,2007-2007,,2013.0,annual_fpr,z_mahalanobis_sq,455.0,0.0296167247386759,,,
adaptive_transfer,2007-2007,,2014.0,annual_fpr,z_mahalanobis_sq,449.0,0.0310880829015544,,,
adaptive_transfer,2007-2007,,2015.0,annual_fpr,z_mahalanobis_sq,456.0,0.0218855218855218,,,
adaptive_transfer,2007-2007,,2016.0,annual_fpr,z_mahalanobis_sq,468.0,0.0271646859083191,,,
adaptive_transfer,2007-2007,,2017.0,annual_fpr,z_mahalanobis_sq,470.0,0.0453020134228187,,,
adaptive_transfer,2007-2007,,2018.0,annual_fpr,z_mahalanobis_sq,487.0,0.0295566502463054,,,
adaptive_transfer,2007-2007,,2019.0,annual_fpr,z_mahalanobis_sq,511.0,0.0361635220125786,,,
adaptive_transfer,2007-2007,,2020.0,annual_fpr,z_mahalanobis_sq,538.0,0.0367534456355283,,,
adaptive_transfer,2007-2007,,2021.0,annual_fpr,z_mahalanobis_sq,578.0,0.0307017543859649,,,
adaptive_transfer,2007-2007,,2022.0,annual_fpr,z_mahalanobis_sq,628.0,0.0335664335664335,,,
adaptive_transfer,2007-2007,,2023.0,annual_fpr,z_mahalanobis_sq,598.0,0.0430416068866571,,,
adaptive_transfer,2007-2007,,2024.0,annual_fpr,z_mahalanobis_sq,615.0,0.0238095238095238,,,
adaptive_transfer,2007-2007,,2025.0,annual_fpr,z_mahalanobis_sq,642.0,0.0286085825747724,,,
adaptive_transfer,2007-2007,,,calibration_diagnostic,,,,,,candidate_scored
adaptive_transfer,2007-2007,,,calibration_diagnostic,,,,,,selected
adaptive_transfer,2007-2007,far,,fpr,breadth,4232.0,0.0085066162570888,,,
adaptive_transfer,2007-2007,far,,fpr,t_iut,4232.0,0.0425330812854442,,,
adaptive_transfer,2007-2007,far,,fpr,z_mahalanobis_sq,3599.0,0.0326086956521739,,,
adaptive_transfer,2007-2007,far,,fpr,z_plus,4232.0,0.0434782608695652,,,
adaptive_transfer,2007-2007,far,,fpr,z_plus_orth,4181.0,0.0401701323251417,,,
adaptive_transfer,2007-2007,far,,fpr,z_plus_renorm,4181.0,0.0498582230623818,,,
adaptive_transfer,2007-2007,far,,fpr,z_plus_softmax,4181.0,0.0441871455576559,,,
adaptive_transfer,2007-2007,iid,,fpr,breadth,4140.0,0.0089371980676328,,,
adaptive_transfer,2007-2007,iid,,fpr,t_iut,4140.0,0.0483091787439613,,,
adaptive_transfer,2007-2007,iid,,fpr,z_mahalanobis_sq,3049.0,0.0425120772946859,,,
adaptive_transfer,2007-2007,iid,,fpr,z_plus,4140.0,0.0555555555555555,,,
adaptive_transfer,2007-2007,iid,,fpr,z_plus_orth,4081.0,0.0606280193236715,,,
adaptive_transfer,2007-2007,iid,,fpr,z_plus_renorm,4081.0,0.0707729468599033,,,
adaptive_transfer,2007-2007,iid,,fpr,z_plus_softmax,4081.0,0.0681159420289855,,,
adaptive_transfer,2007-2007,near,,fpr,breadth,2932.0,0.0092087312414733,,,
adaptive_transfer,2007-2007,near,,fpr,t_iut,2932.0,0.0487721691678035,,,
adaptive_transfer,2007-2007,near,,fpr,z_mahalanobis_sq,2298.0,0.0310368349249658,,,
adaptive_transfer,2007-2007,near,,fpr,z_plus,2932.0,0.0453615279672578,,,
adaptive_transfer,2007-2007,near,,fpr,z_plus_orth,2898.0,0.0433151432469304,,,
adaptive_transfer,2007-2007,near,,fpr,z_plus_renorm,2898.0,0.0688949522510232,,,
adaptive_transfer,2007-2007,near,,fpr,z_plus_softmax,2898.0,0.0487721691678035,,,
adaptive_transfer,2007-2007,far,,power,breadth,,0.0098231827111984,0.0277777777777777,0.4314014407334643,
adaptive_transfer,2007-2007,far,,power,breadth,,0.0098231827111984,0.0,0.5164109520691053,
adaptive_transfer,2007-2007,far,,power,breadth,,0.0098231827111984,0.0,0.4153062338229332,
adaptive_transfer,2007-2007,far,,power,breadth,,0.0101038450743755,0.0,0.4905081548008856,
adaptive_transfer,2007-2007,far,,power,breadth,,0.0101038450743755,0.0277777777777777,0.5210029001777529,
adaptive_transfer,2007-2007,far,,power,breadth,,0.0099444281953787,0.0111111111111111,0.4679576549348412,
adaptive_transfer,2007-2007,far,,power,breadth,,0.0096519450131617,0.0111111111111111,0.5000658087159988,
adaptive_transfer,2007-2007,far,,power,breadth,,0.0105293945598128,0.0,0.5111167982840987,
adaptive_transfer,2007-2007,far,,power,breadth,,0.0099444281953787,0.0166666666666666,0.4984465893211141,
adaptive_transfer,2007-2007,far,,power,breadth,,0.0099444281953787,0.0166666666666666,0.518036462903383,
adaptive_transfer,2007-2007,far,,power,breadth,,0.009262117937635,0.0194444444444444,0.5368134883880484,
adaptive_transfer,2007-2007,far,,power,breadth,,0.0104970669959864,0.0055555555555555,0.4636303214297966,
adaptive_transfer,2007-2007,far,,power,breadth,,0.0098795924668107,0.0111111111111111,0.5227166306473191,
adaptive_transfer,2007-2007,far,,power,breadth,,0.0098795924668107,0.0138888888888888,0.5133477410723475,
adaptive_transfer,2007-2007,far,,power,breadth,,0.0095708552022229,0.0138888888888888,0.487950670645947,
adaptive_transfer,2007-2007,far,,power,breadth,,0.0076126281333448,,,
adaptive_transfer,2007-2007,far,,power,breadth,,0.0076126281333448,,,
adaptive_transfer,2007-2007,far,,power,breadth,,0.0076126281333448,,,
adaptive_transfer,2007-2007,far,,power,breadth,,0.0076126281333448,,,
adaptive_transfer,2007-2007,far,,power,breadth,,0.0076126281333448,,,
adaptive_transfer,2007-2007,far,,power,breadth,,0.0076126281333448,,,
adaptive_transfer,2007-2007,far,,power,breadth,,0.0076126281333448,,,
adaptive_transfer,2007-2007,far,,power,breadth,,0.0076126281333448,,,
adaptive_transfer,2007-2007,far,,power,breadth,,0.0076126281333448,,,
adaptive_transfer,2007-2007,far,,power,breadth,,0.0076126281333448,,,
adaptive_transfer,2007-2007,far,,power,breadth,,0.0076126281333448,,,
adaptive_transfer,2007-2007,far,,power,breadth,,0.0076126281333448,,,
adaptive_transfer,2007-2007,far,,power,breadth,,0.0076126281333448,,,
adaptive_transfer,2007-2007,far,,power,breadth,,0.0076126281333448,,,
adaptive_transfer,2007-2007,far,,power,breadth,,0.0076126281333448,,,
adaptive_transfer,2007-2007,far,,power,t_iut,,0.0395733932079708,0.0277777777777777,0.4850157482770449,
adaptive_transfer,2007-2007,far,,power,t_iut,,0.0392927308447937,0.0555555555555555,0.5495836841612873,
adaptive_transfer,2007-2007,far,,power,t_iut,,0.0395733932079708,0.0277777777777777,0.4458633486138398,
adaptive_transfer,2007-2007,far,,power,t_iut,,0.0392927308447937,0.0555555555555555,0.409954158480681,
adaptive_transfer,2007-2007,far,,power,t_iut,,0.0390120684816166,0.0555555555555555,0.5322293947048368,
adaptive_transfer,2007-2007,far,,power,t_iut,,0.040070195963732,0.0277777777777777,0.5277534041792598,
adaptive_transfer,2007-2007,far,,power,t_iut,,0.0386077800526469,0.0444444444444444,0.5050030873224789,
adaptive_transfer,2007-2007,far,,power,t_iut,,0.039777712781515,0.0222222222222222,0.498383217964967,
adaptive_transfer,2007-2007,far,,power,t_iut,,0.0386077800526469,0.0388888888888888,0.5064882519255143,
adaptive_transfer,2007-2007,far,,power,t_iut,,0.039777712781515,0.0222222222222222,0.4608722498456338,
adaptive_transfer,2007-2007,far,,power,t_iut,,0.0385921580734794,0.0444444444444444,0.4875064320263456,
adaptive_transfer,2007-2007,far,,power,t_iut,,0.0398271071318308,0.0333333333333333,0.4730678192857878,
adaptive_transfer,2007-2007,far,,power,t_iut,,0.0395183698672429,0.0416666666666666,0.4817347603855785,
adaptive_transfer,2007-2007,far,,power,t_iut,,0.0407533189255943,0.0444444444444444,0.4582141264450619,
adaptive_transfer,2007-2007,far,,power,t_iut,,0.0389008953380673,0.0388888888888888,0.4392953929539295,
adaptive_transfer,2007-2007,far,,power,t_iut,,0.072370758810798,,,
adaptive_transfer,2007-2007,far,,power,t_iut,,0.072370758810798,,,
adaptive_transfer,2007-2007,far,,power,t_iut,,0.072370758810798,,,
adaptive_transfer,2007-2007,far,,power,t_iut,,0.072370758810798,,,
adaptive_transfer,2007-2007,far,,power,t_iut,,0.072370758810798,,,
adaptive_transfer,2007-2007,far,,power,t_iut,,0.072370758810798,,,
adaptive_transfer,2007-2007,far,,power,t_iut,,0.072370758810798,,,
adaptive_transfer,2007-2007,far,,power,t_iut,,0.072370758810798,,,
adaptive_transfer,2007-2007,far,,power,t_iut,,0.072370758810798,,,
adaptive_transfer,2007-2007,far,,power,t_iut,,0.072370758810798,,,
adaptive_transfer,2007-2007,far,,power,t_iut,,0.072370758810798,,,
adaptive_transfer,2007-2007,far,,power,t_iut,,0.072370758810798,,,
adaptive_transfer,2007-2007,far,,power,t_iut,,0.072370758810798,,,
adaptive_transfer,2007-2007,far,,power,t_iut,,0.072370758810798,,,
adaptive_transfer,2007-2007,far,,power,t_iut,,0.072370758810798,,,
adaptive_transfer,2007-2007,far,,power,z_mahalanobis_sq,,0.0387314061184395,0.0277777777777777,0.4690257897527052,
adaptive_transfer,2007-2007,far,,power,z_mahalanobis_sq,,0.0381700813920853,0.0555555555555555,0.4596158044095175,
adaptive_transfer,2007-2007,far,,power,z_mahalanobis_sq,,0.0378894190289082,0.0833333333333333,0.4935213771166619,
adaptive_transfer,2007-2007,far,,power,z_mahalanobis_sq,,0.0384507437552624,0.0555555555555555,0.5483674805875199,
adaptive_transfer,2007-2007,far,,power,z_mahalanobis_sq,,0.0384507437552624,0.0277777777777777,0.5511351233355163,
adaptive_transfer,2007-2007,far,,power,z_mahalanobis_sq,,0.039192746417081,0.0277777777777777,0.4723148418965909,
adaptive_transfer,2007-2007,far,,power,z_mahalanobis_sq,,0.0389002632348639,0.0333333333333333,0.4648890188814144,
adaptive_transfer,2007-2007,far,,power,z_mahalanobis_sq,,0.0380228136882129,0.0388888888888888,0.4890578791719476,
adaptive_transfer,2007-2007,far,,power,z_mahalanobis_sq,,0.039192746417081,0.0444444444444444,0.5140408176529849,
adaptive_transfer,2007-2007,far,,power,z_mahalanobis_sq,,0.0389002632348639,0.05,0.5595138279548926,
adaptive_transfer,2007-2007,far,,power,z_mahalanobis_sq,,0.0355047854276011,0.0611111111111111,0.4984194367260128,
adaptive_transfer,2007-2007,far,,power,z_mahalanobis_sq,,0.0373572090151281,0.0444444444444444,0.5010222633871908,
adaptive_transfer,2007-2007,far,,power,z_mahalanobis_sq,,0.0389008953380673,0.0416666666666666,0.5050907344516483,
adaptive_transfer,2007-2007,far,,power,z_mahalanobis_sq,,0.0395183698672429,0.0388888888888888,0.516038900895338,
adaptive_transfer,2007-2007,far,,power,z_mahalanobis_sq,,0.0404445816610064,0.0305555555555555,0.537344344962437,
adaptive_transfer,2007-2007,far,,power,z_mahalanobis_sq,,0.0898100172711571,,,
adaptive_transfer,2007-2007,far,,power,z_mahalanobis_sq,,0.0898100172711571,,,
adaptive_transfer,2007-2007,far,,power,z_mahalanobis_sq,,0.0898100172711571,,,
adaptive_transfer,2007-2007,far,,power,z_mahalanobis_sq,,0.0898100172711571,,,
adaptive_transfer,2007-2007,far,,power,z_mahalanobis_sq,,0.0898100172711571,,,
adaptive_transfer,2007-2007,far,,power,z_mahalanobis_sq,,0.0898100172711571,,,
adaptive_transfer,2007-2007,far,,power,z_mahalanobis_sq,,0.0898100172711571,,,
adaptive_transfer,2007-2007,far,,power,z_mahalanobis_sq,,0.0898100172711571,,,
adaptive_transfer,2007-2007,far,,power,z_mahalanobis_sq,,0.0898100172711571,,,
adaptive_transfer,2007-2007,far,,power,z_mahalanobis_sq,,0.0898100172711571,,,
adaptive_transfer,2007-2007,far,,power,z_mahalanobis_sq,,0.0898100172711571,,,
adaptive_transfer,2007-2007,far,,power,z_mahalanobis_sq,,0.0898100172711571,,,
adaptive_transfer,2007-2007,far,,power,z_mahalanobis_sq,,0.0898100172711571,,,
adaptive_transfer,2007-2007,far,,power,z_mahalanobis_sq,,0.0898100172711571,,,
adaptive_transfer,2007-2007,far,,power,z_mahalanobis_sq,,0.0898100172711571,,,
adaptive_transfer,2007-2007,far,,power,z_plus,,0.0420993544765646,0.0,0.4209467677051174,
adaptive_transfer,2007-2007,far,,power,z_plus,,0.0418186921133875,0.0277777777777777,0.5240667976424361,
adaptive_transfer,2007-2007,far,,power,z_plus,,0.0409767050238563,0.1111111111111111,0.4819050737518321,
adaptive_transfer,2007-2007,far,,power,z_plus,,0.0418186921133875,0.0277777777777777,0.4881381170673901,
adaptive_transfer,2007-2007,far,,power,z_plus,,0.0418186921133875,0.0277777777777777,0.5847054604421992,
adaptive_transfer,2007-2007,far,,power,z_plus,,0.0421175782392512,0.0333333333333333,0.4947320529069577,
adaptive_transfer,2007-2007,far,,power,z_plus,,0.0421175782392512,0.0277777777777777,0.4803378180754606,
adaptive_transfer,2007-2007,far,,power,z_plus,,0.0415326118748171,0.0444444444444444,0.4947531766923402,
adaptive_transfer,2007-2007,far,,power,z_plus,,0.0412401286926001,0.0555555555555555,0.5088134932241396,
adaptive_transfer,2007-2007,far,,power,z_plus,,0.0406551623281661,0.0666666666666666,0.5281409443956973,
adaptive_transfer,2007-2007,far,,power,z_plus,,0.0410620561901821,0.05,0.5026139755068436,
adaptive_transfer,2007-2007,far,,power,z_plus,,0.0422970052485335,0.0361111111111111,0.481640852800933,
adaptive_transfer,2007-2007,far,,power,z_plus,,0.0429144797777091,0.025,0.5121325168947892,
adaptive_transfer,2007-2007,far,,power,z_plus,,0.0429144797777091,0.0277777777777777,0.5207625810435319,
adaptive_transfer,2007-2007,far,,power,z_plus,,0.0429144797777091,0.0388888888888888,0.495537888923193,
adaptive_transfer,2007-2007,far,,power,z_plus,,0.0500920651670632,,,
adaptive_transfer,2007-2007,far,,power,z_plus,,0.0500920651670632,,,
adaptive_transfer,2007-2007,far,,power,z_plus,,0.0500920651670632,,,
adaptive_transfer,2007-2007,far,,power,z_plus,,0.0500920651670632,,,
adaptive_transfer,2007-2007,far,,power,z_plus,,0.0500920651670632,,,
adaptive_transfer,2007-2007,far,,power,z_plus,,0.0500920651670632,,,
adaptive_transfer,2007-2007,far,,power,z_plus,,0.0500920651670632,,,
adaptive_transfer,2007-2007,far,,power,z_plus,,0.0500920651670632,,,
adaptive_transfer,2007-2007,far,,power,z_plus,,0.0500920651670632,,,
adaptive_transfer,2007-2007,far,,power,z_plus,,0.0500920651670632,,,
adaptive_transfer,2007-2007,far,,power,z_plus,,0.0500920651670632,,,
adaptive_transfer,2007-2007,far,,power,z_plus,,0.0500920651670632,,,
adaptive_transfer,2007-2007,far,,power,z_plus,,0.0500920651670632,,,
adaptive_transfer,2007-2007,far,,power,z_plus,,0.0500920651670632,,,
adaptive_transfer,2007-2007,far,,power,z_plus,,0.0500920651670632,,,
adaptive_transfer,2007-2007,far,,power,z_plus_orth,,0.0343165059557572,0.0555555555555555,0.4375748408646877,
adaptive_transfer,2007-2007,far,,power,z_plus_orth,,0.0343262411347517,0.0277777777777777,0.5204885736800631,
adaptive_transfer,2007-2007,far,,power,z_plus_orth,,0.0343262411347517,0.0277777777777777,0.4972261623325453,
adaptive_transfer,2007-2007,far,,power,z_plus_orth,,0.0340328984685195,0.0285714285714285,0.496604813224212,
adaptive_transfer,2007-2007,far,,power,z_plus_orth,,0.0337492909812819,0.1111111111111111,0.5693577866011218,
adaptive_transfer,2007-2007,far,,power,z_plus_orth,,0.0351966873706004,0.0388888888888888,0.5002941273127608,
adaptive_transfer,2007-2007,far,,power,z_plus_orth,,0.0345949142519219,0.0335195530726257,0.4624317368652313,
adaptive_transfer,2007-2007,far,,power,z_plus_orth,,0.0345642540620384,0.0614525139664804,0.4863768020266868,
adaptive_transfer,2007-2007,far,,power,z_plus_orth,,0.0339934968962459,0.0898876404494382,0.5089326340891502,
adaptive_transfer,2007-2007,far,,power,z_plus_orth,,0.0336879432624113,0.0903954802259887,0.5163163975370971,
adaptive_transfer,2007-2007,far,,power,z_plus_orth,,0.0336973478939157,0.0588235294117647,0.4926056538059841,
adaptive_transfer,2007-2007,far,,power,z_plus_orth,,0.03428927680798,0.0427350427350427,0.5044600038365625,
adaptive_transfer,2007-2007,far,,power,z_plus_orth,,0.0355916328442085,0.0810055865921787,0.4986657062076928,
adaptive_transfer,2007-2007,far,,power,z_plus_orth,,0.0333853354134165,0.0621468926553672,0.5178613924217985,
adaptive_transfer,2007-2007,far,,power,z_plus_orth,,0.0352574102964118,0.072829131652661,0.5074380454209766,
adaptive_transfer,2007-2007,far,,power,z_plus_orth,,0.0642637162085091,,,
adaptive_transfer,2007-2007,far,,power,z_plus_orth,,0.0642637162085091,,,
adaptive_transfer,2007-2007,far,,power,z_plus_orth,,0.0642637162085091,,,
adaptive_transfer,2007-2007,far,,power,z_plus_orth,,0.0642637162085091,,,
adaptive_transfer,2007-2007,far,,power,z_plus_orth,,0.0642637162085091,,,
adaptive_transfer,2007-2007,far,,power,z_plus_orth,,0.0642637162085091,,,
adaptive_transfer,2007-2007,far,,power,z_plus_orth,,0.0642637162085091,,,
adaptive_transfer,2007-2007,far,,power,z_plus_orth,,0.0642637162085091,,,
adaptive_transfer,2007-2007,far,,power,z_plus_orth,,0.0642637162085091,,,
adaptive_transfer,2007-2007,far,,power,z_plus_orth,,0.0642637162085091,,,
adaptive_transfer,2007-2007,far,,power,z_plus_orth,,0.0642637162085091,,,
adaptive_transfer,2007-2007,far,,power,z_plus_orth,,0.0642637162085091,,,
adaptive_transfer,2007-2007,far,,power,z_plus_orth,,0.0642637162085091,,,
adaptive_transfer,2007-2007,far,,power,z_plus_orth,,0.0642637162085091,,,
adaptive_transfer,2007-2007,far,,power,z_plus_orth,,0.0642637162085091,,,
adaptive_transfer,2007-2007,far,,power,z_plus_renorm,,0.0425411230856494,0.0,0.4280346001134429,
adaptive_transfer,2007-2007,far,,power,z_plus_renorm,,0.0422695035460992,0.0555555555555555,0.5421985815602837,
adaptive_transfer,2007-2007,far,,power,z_plus_renorm,,0.0419858156028368,0.0833333333333333,0.5106304176516943,
adaptive_transfer,2007-2007,far,,power,z_plus_renorm,,0.0419739081111741,0.0285714285714285,0.5207114496394134,
adaptive_transfer,2007-2007,far,,power,z_plus_renorm,,0.0416903006239364,0.0833333333333333,0.5785198840360497,
adaptive_transfer,2007-2007,far,,power,z_plus_renorm,,0.0425909494232475,0.0277777777777777,0.5124552236353479,
adaptive_transfer,2007-2007,far,,power,z_plus_renorm,,0.041986989946777,0.0558659217877094,0.4688839039410087,
adaptive_transfer,2007-2007,far,,power,z_plus_renorm,,0.0437223042836041,0.0223463687150838,0.484401277406897,
adaptive_transfer,2007-2007,far,,power,z_plus_renorm,,0.0425657700266036,0.0449438202247191,0.5044023820357572,
adaptive_transfer,2007-2007,far,,power,z_plus_renorm,,0.0425531914893617,0.0564971751412429,0.5215320351003726,
adaptive_transfer,2007-2007,far,,power,z_plus_renorm,,0.0430577223088923,0.0336134453781512,0.4797371054506046,
adaptive_transfer,2007-2007,far,,power,z_plus_renorm,,0.0417705735660847,0.037037037037037,0.5100532145419925,
adaptive_transfer,2007-2007,far,,power,z_plus_renorm,,0.0427724008741804,0.0391061452513966,0.4997113390553898,
adaptive_transfer,2007-2007,far,,power,z_plus_renorm,,0.0433697347893915,0.0282485875706214,0.5198427598120874,
adaptive_transfer,2007-2007,far,,power,z_plus_renorm,,0.0433697347893915,0.0252100840336134,0.5053902996455992,
adaptive_transfer,2007-2007,far,,power,z_plus_renorm,,0.0758298163567925,,,
adaptive_transfer,2007-2007,far,,power,z_plus_renorm,,0.0758298163567925,,,
adaptive_transfer,2007-2007,far,,power,z_plus_renorm,,0.0758298163567925,,,
adaptive_transfer,2007-2007,far,,power,z_plus_renorm,,0.0758298163567925,,,
adaptive_transfer,2007-2007,far,,power,z_plus_renorm,,0.0758298163567925,,,
adaptive_transfer,2007-2007,far,,power,z_plus_renorm,,0.0758298163567925,,,
adaptive_transfer,2007-2007,far,,power,z_plus_renorm,,0.0758298163567925,,,
adaptive_transfer,2007-2007,far,,power,z_plus_renorm,,0.0758298163567925,,,
adaptive_transfer,2007-2007,far,,power,z_plus_renorm,,0.0758298163567925,,,
adaptive_transfer,2007-2007,far,,power,z_plus_renorm,,0.0758298163567925,,,
adaptive_transfer,2007-2007,far,,power,z_plus_renorm,,0.0758298163567925,,,
adaptive_transfer,2007-2007,far,,power,z_plus_renorm,,0.0758298163567925,,,
adaptive_transfer,2007-2007,far,,power,z_plus_renorm,,0.0758298163567925,,,
adaptive_transfer,2007-2007,far,,power,z_plus_renorm,,0.0758298163567925,,,
adaptive_transfer,2007-2007,far,,power,z_plus_renorm,,0.0758298163567925,,,
adaptive_transfer,2007-2007,far,,power,z_plus_softmax,,0.0377197958026091,0.0555555555555555,0.4375354509359047,
adaptive_transfer,2007-2007,far,,power,z_plus_softmax,,0.0377304964539007,0.0277777777777777,0.5188179669030732,
adaptive_transfer,2007-2007,far,,power,z_plus_softmax,,0.0377304964539007,0.0277777777777777,0.4967454688731284,
adaptive_transfer,2007-2007,far,,power,z_plus_softmax,,0.0374361883153715,0.0285714285714285,0.4974799448991167,
adaptive_transfer,2007-2007,far,,power,z_plus_softmax,,0.0371525808281338,0.1111111111111111,0.5658284489821642,
adaptive_transfer,2007-2007,far,,power,z_plus_softmax,,0.038745933155871,0.0388888888888888,0.5010187649939203,
adaptive_transfer,2007-2007,far,,power,z_plus_softmax,,0.0384387936132466,0.0391061452513966,0.46362107641837,
adaptive_transfer,2007-2007,far,,power,z_plus_softmax,,0.0375184638109305,0.0614525139664804,0.4850894927506333,
adaptive_transfer,2007-2007,far,,power,z_plus_softmax,,0.0375406443984629,0.095505617977528,0.5088695294051221,
adaptive_transfer,2007-2007,far,,power,z_plus_softmax,,0.0366430260047281,0.0903954802259887,0.517623646004461,
adaptive_transfer,2007-2007,far,,power,z_plus_softmax,,0.0361934477379095,0.0504201680672268,0.4919152060200055,
adaptive_transfer,2007-2007,far,,power,z_plus_softmax,,0.0367830423940149,0.0427350427350427,0.5055203870665217,
adaptive_transfer,2007-2007,far,,power,z_plus_softmax,,0.0384014985950671,0.0810055865921787,0.4985000095929619,
adaptive_transfer,2007-2007,far,,power,z_plus_softmax,,0.0374414976599064,0.059322033898305,0.5188943828939598,
adaptive_transfer,2007-2007,far,,power,z_plus_softmax,,0.0386895475819032,0.072829131652661,0.5074135738538785,
adaptive_transfer,2007-2007,far,,power,z_plus_softmax,,0.0693737880688947,,,
adaptive_transfer,2007-2007,far,,power,z_plus_softmax,,0.0693737880688947,,,
adaptive_transfer,2007-2007,far,,power,z_plus_softmax,,0.0693737880688947,,,
adaptive_transfer,2007-2007,far,,power,z_plus_softmax,,0.0693737880688947,,,
adaptive_transfer,2007-2007,far,,power,z_plus_softmax,,0.0693737880688947,,,
adaptive_transfer,2007-2007,far,,power,z_plus_softmax,,0.0693737880688947,,,
adaptive_transfer,2007-2007,far,,power,z_plus_softmax,,0.0693737880688947,,,
adaptive_transfer,2007-2007,far,,power,z_plus_softmax,,0.0693737880688947,,,
adaptive_transfer,2007-2007,far,,power,z_plus_softmax,,0.0693737880688947,,,
adaptive_transfer,2007-2007,far,,power,z_plus_softmax,,0.0693737880688947,,,
adaptive_transfer,2007-2007,far,,power,z_plus_softmax,,0.0693737880688947,,,
adaptive_transfer,2007-2007,far,,power,z_plus_softmax,,0.0693737880688947,,,
adaptive_transfer,2007-2007,far,,power,z_plus_softmax,,0.0693737880688947,,,
adaptive_transfer,2007-2007,far,,power,z_plus_softmax,,0.0693737880688947,,,
adaptive_transfer,2007-2007,far,,power,z_plus_softmax,,0.0693737880688947,,,
adaptive_transfer,2007-2007,near,,power,breadth,,0.0114285714285714,0.0434782608695652,0.4843764930721452,
adaptive_transfer,2007-2007,near,,power,breadth,,0.0118681318681318,0.0,0.434495938843765,
adaptive_transfer,2007-2007,near,,power,breadth,,0.0118681318681318,0.0,0.6126803631151457,
adaptive_transfer,2007-2007,near,,power,breadth,,0.0118681318681318,0.0,0.4913903487816531,
adaptive_transfer,2007-2007,near,,power,breadth,,0.0118681318681318,0.0,0.555078834209269,
adaptive_transfer,2007-2007,near,,power,breadth,,0.0114521300961978,0.017391304347826,0.4961381425640822,
adaptive_transfer,2007-2007,near,,power,breadth,,0.0123683005038937,0.0260869565217391,0.4825808122049832,
adaptive_transfer,2007-2007,near,,power,breadth,,0.0109940448923499,0.0260869565217391,0.5012069549283993,
adaptive_transfer,2007-2007,near,,power,breadth,,0.0119102153000458,0.0,0.4919655838594674,
adaptive_transfer,2007-2007,near,,power,breadth,,0.0109940448923499,0.0521739130434782,0.4962596347268417,
adaptive_transfer,2007-2007,near,,power,breadth,,0.0120889748549323,0.008695652173913,0.5227514506769826,
adaptive_transfer,2007-2007,near,,power,breadth,,0.0120889748549323,0.008695652173913,0.4894594651417038,
adaptive_transfer,2007-2007,near,,power,breadth,,0.0120889748549323,0.0130434782608695,0.4768785215709359,
adaptive_transfer,2007-2007,near,,power,breadth,,0.0101547388781431,0.0347826086956521,0.5091255991926668,
adaptive_transfer,2007-2007,near,,power,breadth,,0.011605415860735,0.0217391304347826,0.5512330754352031,
adaptive_transfer,2007-2007,near,,power,breadth,,0.0076126281333448,,,
adaptive_transfer,2007-2007,near,,power,breadth,,0.0076126281333448,,,
adaptive_transfer,2007-2007,near,,power,breadth,,0.0076126281333448,,,
adaptive_transfer,2007-2007,near,,power,breadth,,0.0076126281333448,,,
adaptive_transfer,2007-2007,near,,power,breadth,,0.0076126281333448,,,
adaptive_transfer,2007-2007,near,,power,breadth,,0.0076126281333448,,,
adaptive_transfer,2007-2007,near,,power,breadth,,0.0076126281333448,,,
adaptive_transfer,2007-2007,near,,power,breadth,,0.0076126281333448,,,
adaptive_transfer,2007-2007,near,,power,breadth,,0.0076126281333448,,,
adaptive_transfer,2007-2007,near,,power,breadth,,0.0076126281333448,,,
adaptive_transfer,2007-2007,near,,power,breadth,,0.0076126281333448,,,
adaptive_transfer,2007-2007,near,,power,breadth,,0.0076126281333448,,,
adaptive_transfer,2007-2007,near,,power,breadth,,0.0076126281333448,,,
adaptive_transfer,2007-2007,near,,power,breadth,,0.0076126281333448,,,
adaptive_transfer,2007-2007,near,,power,breadth,,0.0076126281333448,,,
adaptive_transfer,2007-2007,near,,power,t_iut,,0.0404395604395604,0.1304347826086956,0.4443191591017678,
adaptive_transfer,2007-2007,near,,power,t_iut,,0.0413186813186813,0.0,0.4186335403726708,
adaptive_transfer,2007-2007,near,,power,t_iut,,0.0413186813186813,0.0869565217391304,0.565370281892021,
adaptive_transfer,2007-2007,near,,power,t_iut,,0.0413186813186813,0.0869565217391304,0.4139130434782608,
adaptive_transfer,2007-2007,near,,power,t_iut,,0.0413186813186813,0.0434782608695652,0.4958432871476349,
adaptive_transfer,2007-2007,near,,power,t_iut,,0.0398534127347686,0.0695652173913043,0.5434444023979765,
adaptive_transfer,2007-2007,near,,power,t_iut,,0.0393953275309207,0.0608695652173913,0.4981377840626182,
adaptive_transfer,2007-2007,near,,power,t_iut,,0.0412276683463124,0.0434782608695652,0.4698321018144157,
adaptive_transfer,2007-2007,near,,power,t_iut,,0.0398534127347686,0.0695652173913043,0.5001254755123583,
adaptive_transfer,2007-2007,near,,power,t_iut,,0.0403114979386165,0.0521739130434782,0.4709115895556574,
adaptive_transfer,2007-2007,near,,power,t_iut,,0.0425531914893617,0.0347826086956521,0.5029791438903373,
adaptive_transfer,2007-2007,near,,power,t_iut,,0.0415860735009671,0.0304347826086956,0.4686611723151964,
adaptive_transfer,2007-2007,near,,power,t_iut,,0.0425531914893617,0.0304347826086956,0.4851610461693718,
adaptive_transfer,2007-2007,near,,power,t_iut,,0.0406189555125725,0.0608695652173913,0.4931271549911699,
adaptive_transfer,2007-2007,near,,power,t_iut,,0.0396518375241779,0.0739130434782608,0.4974034984442015,
adaptive_transfer,2007-2007,near,,power,t_iut,,0.072370758810798,,,
adaptive_transfer,2007-2007,near,,power,t_iut,,0.072370758810798,,,
adaptive_transfer,2007-2007,near,,power,t_iut,,0.072370758810798,,,
adaptive_transfer,2007-2007,near,,power,t_iut,,0.072370758810798,,,
adaptive_transfer,2007-2007,near,,power,t_iut,,0.072370758810798,,,
adaptive_transfer,2007-2007,near,,power,t_iut,,0.072370758810798,,,
adaptive_transfer,2007-2007,near,,power,t_iut,,0.072370758810798,,,
adaptive_transfer,2007-2007,near,,power,t_iut,,0.072370758810798,,,
adaptive_transfer,2007-2007,near,,power,t_iut,,0.072370758810798,,,
adaptive_transfer,2007-2007,near,,power,t_iut,,0.072370758810798,,,
adaptive_transfer,2007-2007,near,,power,t_iut,,0.072370758810798,,,
adaptive_transfer,2007-2007,near,,power,t_iut,,0.072370758810798,,,
adaptive_transfer,2007-2007,near,,power,t_iut,,0.072370758810798,,,
adaptive_transfer,2007-2007,near,,power,t_iut,,0.072370758810798,,,
adaptive_transfer,2007-2007,near,,power,t_iut,,0.072370758810798,,,
adaptive_transfer,2007-2007,near,,power,z_mahalanobis_sq,,0.04,0.0,0.4708456760630674,
adaptive_transfer,2007-2007,near,,power,z_mahalanobis_sq,,0.04,0.0,0.5020544672718585,
adaptive_transfer,2007-2007,near,,power,z_mahalanobis_sq,,0.0395604395604395,0.0434782608695652,0.5051505016722408,
adaptive_transfer,2007-2007,near,,power,z_mahalanobis_sq,,0.04,0.0,0.5048829431438128,
adaptive_transfer,2007-2007,near,,power,z_mahalanobis_sq,,0.0395604395604395,0.0869565217391304,0.5026660296225514,
adaptive_transfer,2007-2007,near,,power,z_mahalanobis_sq,,0.0384791571232249,0.0608695652173913,0.4958194745961879,
adaptive_transfer,2007-2007,near,,power,z_mahalanobis_sq,,0.0389372423270728,0.0521739130434782,0.5167519767372384,
adaptive_transfer,2007-2007,near,,power,z_mahalanobis_sq,,0.0398534127347686,0.0260869565217391,0.4879563424883985,
adaptive_transfer,2007-2007,near,,power,z_mahalanobis_sq,,0.0398534127347686,0.0434782608695652,0.514469517417196,
adaptive_transfer,2007-2007,near,,power,z_mahalanobis_sq,,0.037562986715529,0.0782608695652174,0.5489254914457568,
adaptive_transfer,2007-2007,near,,power,z_mahalanobis_sq,,0.0377176015473887,0.0565217391304347,0.5164304936506602,
adaptive_transfer,2007-2007,near,,power,z_mahalanobis_sq,,0.0411025145067698,0.0304347826086956,0.5152510301909007,
adaptive_transfer,2007-2007,near,,power,z_mahalanobis_sq,,0.0406189555125725,0.0434782608695652,0.5104764107308049,
adaptive_transfer,2007-2007,near,,power,z_mahalanobis_sq,,0.0391682785299806,0.0478260869565217,0.5409217054915483,
adaptive_transfer,2007-2007,near,,power,z_mahalanobis_sq,,0.038201160541586,0.0652173913043478,0.5336914473130938,
adaptive_transfer,2007-2007,near,,power,z_mahalanobis_sq,,0.0898100172711571,,,
adaptive_transfer,2007-2007,near,,power,z_mahalanobis_sq,,0.0898100172711571,,,
adaptive_transfer,2007-2007,near,,power,z_mahalanobis_sq,,0.0898100172711571,,,
adaptive_transfer,2007-2007,near,,power,z_mahalanobis_sq,,0.0898100172711571,,,
adaptive_transfer,2007-2007,near,,power,z_mahalanobis_sq,,0.0898100172711571,,,
adaptive_transfer,2007-2007,near,,power,z_mahalanobis_sq,,0.0898100172711571,,,
adaptive_transfer,2007-2007,near,,power,z_mahalanobis_sq,,0.0898100172711571,,,
adaptive_transfer,2007-2007,near,,power,z_mahalanobis_sq,,0.0898100172711571,,,
adaptive_transfer,2007-2007,near,,power,z_mahalanobis_sq,,0.0898100172711571,,,
adaptive_transfer,2007-2007,near,,power,z_mahalanobis_sq,,0.0898100172711571,,,
adaptive_transfer,2007-2007,near,,power,z_mahalanobis_sq,,0.0898100172711571,,,
adaptive_transfer,2007-2007,near,,power,z_mahalanobis_sq,,0.0898100172711571,,,
adaptive_transfer,2007-2007,near,,power,z_mahalanobis_sq,,0.0898100172711571,,,
adaptive_transfer,2007-2007,near,,power,z_mahalanobis_sq,,0.0898100172711571,,,
adaptive_transfer,2007-2007,near,,power,z_mahalanobis_sq,,0.0898100172711571,,,
adaptive_transfer,2007-2007,near,,power,z_plus,,0.0413186813186813,0.0,0.4436311514572383,
adaptive_transfer,2007-2007,near,,power,z_plus,,0.0413186813186813,0.0,0.4240611562350693,
adaptive_transfer,2007-2007,near,,power,z_plus,,0.0408791208791208,0.0434782608695652,0.5750979455327281,
adaptive_transfer,2007-2007,near,,power,z_plus,,0.0413186813186813,0.0,0.4922503583373148,
adaptive_transfer,2007-2007,near,,power,z_plus,,0.0413186813186813,0.0,0.5230004777830866,
adaptive_transfer,2007-2007,near,,power,z_plus,,0.0398534127347686,0.0608695652173913,0.5014638809775139,
adaptive_transfer,2007-2007,near,,power,z_plus,,0.0412276683463124,0.0347826086956521,0.5068533529845246,
adaptive_transfer,2007-2007,near,,power,z_plus,,0.0407695831424645,0.0347826086956521,0.4880758429763588,
adaptive_transfer,2007-2007,near,,power,z_plus,,0.0407695831424645,0.0521739130434782,0.5083789758808182,
adaptive_transfer,2007-2007,near,,power,z_plus,,0.0393953275309207,0.0608695652173913,0.50367464000478,
adaptive_transfer,2007-2007,near,,power,z_plus,,0.0386847195357833,0.0565217391304347,0.5406200067277773,
adaptive_transfer,2007-2007,near,,power,z_plus,,0.0435203094777562,0.0217391304347826,0.4730510470103439,
adaptive_transfer,2007-2007,near,,power,z_plus,,0.0415860735009671,0.0347826086956521,0.5111775712723909,
adaptive_transfer,2007-2007,near,,power,z_plus,,0.0415860735009671,0.0304347826086956,0.5351295097132285,
adaptive_transfer,2007-2007,near,,power,z_plus,,0.0396518375241779,0.0652173913043478,0.5428054831385081,
adaptive_transfer,2007-2007,near,,power,z_plus,,0.0500920651670632,,,
adaptive_transfer,2007-2007,near,,power,z_plus,,0.0500920651670632,,,
adaptive_transfer,2007-2007,near,,power,z_plus,,0.0500920651670632,,,
adaptive_transfer,2007-2007,near,,power,z_plus,,0.0500920651670632,,,
adaptive_transfer,2007-2007,near,,power,z_plus,,0.0500920651670632,,,
adaptive_transfer,2007-2007,near,,power,z_plus,,0.0500920651670632,,,
adaptive_transfer,2007-2007,near,,power,z_plus,,0.0500920651670632,,,
adaptive_transfer,2007-2007,near,,power,z_plus,,0.0500920651670632,,,
adaptive_transfer,2007-2007,near,,power,z_plus,,0.0500920651670632,,,
adaptive_transfer,2007-2007,near,,power,z_plus,,0.0500920651670632,,,
adaptive_transfer,2007-2007,near,,power,z_plus,,0.0500920651670632,,,
adaptive_transfer,2007-2007,near,,power,z_plus,,0.0500920651670632,,,
adaptive_transfer,2007-2007,near,,power,z_plus,,0.0500920651670632,,,
adaptive_transfer,2007-2007,near,,power,z_plus,,0.0500920651670632,,,
adaptive_transfer,2007-2007,near,,power,z_plus,,0.0500920651670632,,,
adaptive_transfer,2007-2007,near,,power,z_plus_orth,,0.0373167481119502,0.0,0.4413690533675854,
adaptive_transfer,2007-2007,near,,power,z_plus_orth,,0.0368725011106175,0.0869565217391304,0.4514708438761516,
adaptive_transfer,2007-2007,near,,power,z_plus_orth,,0.0364282541092847,0.1304347826086956,0.5233036524829545,
adaptive_transfer,2007-2007,near,,power,z_plus_orth,,0.0368725011106175,0.0,0.489869236860912,
adaptive_transfer,2007-2007,near,,power,z_plus_orth,,0.0373167481119502,0.0,0.4874741660711181,
adaptive_transfer,2007-2007,near,,power,z_plus_orth,,0.037037037037037,0.0884955752212389,0.4948172730252376,
adaptive_transfer,2007-2007,near,,power,z_plus_orth,,0.0370541917554423,0.0614035087719298,0.5177591965091051,
adaptive_transfer,2007-2007,near,,power,z_plus_orth,,0.0375173691523853,0.0353982300884955,0.4764127935335516,
adaptive_transfer,2007-2007,near,,power,z_plus_orth,,0.0379805465493283,0.0695652173913043,0.4992931510159695,
adaptive_transfer,2007-2007,near,,power,z_plus_orth,,0.0374826469227209,0.0526315789473684,0.5129447867702575,
adaptive_transfer,2007-2007,near,,power,z_plus_orth,,0.0351734245236932,0.079295154185022,0.5398487955942832,
adaptive_transfer,2007-2007,near,,power,z_plus_orth,,0.0380116959064327,0.0619469026548672,0.4738804360951543,
adaptive_transfer,2007-2007,near,,power,z_plus_orth,,0.0351734245236932,0.0488888888888888,0.5264332627693644,
adaptive_transfer,2007-2007,near,,power,z_plus_orth,,0.0351390922401171,0.0663716814159292,0.5408077326733955,
adaptive_transfer,2007-2007,near,,power,z_plus_orth,,0.0376160234489496,0.0701754385964912,0.5141585032439427,
adaptive_transfer,2007-2007,near,,power,z_plus_orth,,0.0642637162085091,,,
adaptive_transfer,2007-2007,near,,power,z_plus_orth,,0.0642637162085091,,,
adaptive_transfer,2007-2007,near,,power,z_plus_orth,,0.0642637162085091,,,
adaptive_transfer,2007-2007,near,,power,z_plus_orth,,0.0642637162085091,,,
adaptive_transfer,2007-2007,near,,power,z_plus_orth,,0.0642637162085091,,,
adaptive_transfer,2007-2007,near,,power,z_plus_orth,,0.0642637162085091,,,
adaptive_transfer,2007-2007,near,,power,z_plus_orth,,0.0642637162085091,,,
adaptive_transfer,2007-2007,near,,power,z_plus_orth,,0.0642637162085091,,,
adaptive_transfer,2007-2007,near,,power,z_plus_orth,,0.0642637162085091,,,
adaptive_transfer,2007-2007,near,,power,z_plus_orth,,0.0642637162085091,,,
adaptive_transfer,2007-2007,near,,power,z_plus_orth,,0.0642637162085091,,,
adaptive_transfer,2007-2007,near,,power,z_plus_orth,,0.0642637162085091,,,
adaptive_transfer,2007-2007,near,,power,z_plus_orth,,0.0642637162085091,,,
adaptive_transfer,2007-2007,near,,power,z_plus_orth,,0.0642637162085091,,,
adaptive_transfer,2007-2007,near,,power,z_plus_orth,,0.0642637162085091,,,
adaptive_transfer,2007-2007,near,,power,z_plus_renorm,,0.0537538871612616,0.0,0.4505437196994573,
adaptive_transfer,2007-2007,near,,power,z_plus_renorm,,0.0528653931585961,0.0869565217391304,0.4578448225909257,
adaptive_transfer,2007-2007,near,,power,z_plus_renorm,,0.0528653931585961,0.0869565217391304,0.5264133814922836,
adaptive_transfer,2007-2007,near,,power,z_plus_renorm,,0.0537538871612616,0.0,0.4888841674231742,
adaptive_transfer,2007-2007,near,,power,z_plus_renorm,,0.0537538871612616,0.0434782608695652,0.508392405307786,
adaptive_transfer,2007-2007,near,,power,z_plus_renorm,,0.0513888888888888,0.0884955752212389,0.4953457882661423,
adaptive_transfer,2007-2007,near,,power,z_plus_renorm,,0.0532654006484483,0.0526315789473684,0.5245443390783582,
adaptive_transfer,2007-2007,near,,power,z_plus_renorm,,0.0541917554423344,0.0265486725663716,0.4845737333327867,
adaptive_transfer,2007-2007,near,,power,z_plus_renorm,,0.0523390458545623,0.0956521739130434,0.5023541494653321,
adaptive_transfer,2007-2007,near,,power,z_plus_renorm,,0.0527533549282739,0.0614035087719298,0.5145928217118456,
adaptive_transfer,2007-2007,near,,power,z_plus_renorm,,0.0537371763556424,0.052863436123348,0.5340252954253458,
adaptive_transfer,2007-2007,near,,power,z_plus_renorm,,0.0555555555555555,0.0265486725663716,0.4715796373923994,
adaptive_transfer,2007-2007,near,,power,z_plus_renorm,,0.0503175378602833,0.0622222222222222,0.5334158388970309,
adaptive_transfer,2007-2007,near,,power,z_plus_renorm,,0.0531966813079551,0.0486725663716814,0.5442952962161556,
adaptive_transfer,2007-2007,near,,power,z_plus_renorm,,0.0537371763556424,0.0701754385964912,0.5257672760308196,
adaptive_transfer,2007-2007,near,,power,z_plus_renorm,,0.0758298163567925,,,
adaptive_transfer,2007-2007,near,,power,z_plus_renorm,,0.0758298163567925,,,
adaptive_transfer,2007-2007,near,,power,z_plus_renorm,,0.0758298163567925,,,
adaptive_transfer,2007-2007,near,,power,z_plus_renorm,,0.0758298163567925,,,
adaptive_transfer,2007-2007,near,,power,z_plus_renorm,,0.0758298163567925,,,
adaptive_transfer,2007-2007,near,,power,z_plus_renorm,,0.0758298163567925,,,
adaptive_transfer,2007-2007,near,,power,z_plus_renorm,,0.0758298163567925,,,
adaptive_transfer,2007-2007,near,,power,z_plus_renorm,,0.0758298163567925,,,
adaptive_transfer,2007-2007,near,,power,z_plus_renorm,,0.0758298163567925,,,
adaptive_transfer,2007-2007,near,,power,z_plus_renorm,,0.0758298163567925,,,
adaptive_transfer,2007-2007,near,,power,z_plus_renorm,,0.0758298163567925,,,
adaptive_transfer,2007-2007,near,,power,z_plus_renorm,,0.0758298163567925,,,
adaptive_transfer,2007-2007,near,,power,z_plus_renorm,,0.0758298163567925,,,
adaptive_transfer,2007-2007,near,,power,z_plus_renorm,,0.0758298163567925,,,
adaptive_transfer,2007-2007,near,,power,z_plus_renorm,,0.0758298163567925,,,
adaptive_transfer,2007-2007,near,,power,z_plus_softmax,,0.0439804531319413,0.0,0.4435709732872346,
adaptive_transfer,2007-2007,near,,power,z_plus_softmax,,0.0430919591292758,0.1304347826086956,0.4563768759778263,
adaptive_transfer,2007-2007,near,,power,z_plus_softmax,,0.0435362061306086,0.1304347826086956,0.5173739207695129,
adaptive_transfer,2007-2007,near,,power,z_plus_softmax,,0.0435362061306086,0.0,0.4880729337685666,
adaptive_transfer,2007-2007,near,,power,z_plus_softmax,,0.0439804531319413,0.0,0.4840553956695575,
adaptive_transfer,2007-2007,near,,power,z_plus_softmax,,0.0425925925925925,0.0973451327433628,0.4952146837102589,
adaptive_transfer,2007-2007,near,,power,z_plus_softmax,,0.0435386753126447,0.0526315789473684,0.5174260338200759,
adaptive_transfer,2007-2007,near,,power,z_plus_softmax,,0.0444650301065308,0.0353982300884955,0.4781138432656875,
adaptive_transfer,2007-2007,near,,power,z_plus_softmax,,0.0444650301065308,0.0695652173913043,0.4999899309261534,
adaptive_transfer,2007-2007,near,,power,z_plus_softmax,,0.0434983803794539,0.0526315789473684,0.512275018875277,
adaptive_transfer,2007-2007,near,,power,z_plus_softmax,,0.0405471421592574,0.0837004405286343,0.5395130727464066,
adaptive_transfer,2007-2007,near,,power,z_plus_softmax,,0.0443469785575048,0.0530973451327433,0.4722675050458003,
adaptive_transfer,2007-2007,near,,power,z_plus_softmax,,0.0410356619443087,0.0444444444444444,0.5254649079954405,
adaptive_transfer,2007-2007,near,,power,z_plus_softmax,,0.0424597364568082,0.0619469026548672,0.540982650721051,
adaptive_transfer,2007-2007,near,,power,z_plus_softmax,,0.0449438202247191,0.0701754385964912,0.5165775332322011,
adaptive_transfer,2007-2007,near,,power,z_plus_softmax,,0.0693737880688947,,,
adaptive_transfer,2007-2007,near,,power,z_plus_softmax,,0.0693737880688947,,,
adaptive_transfer,2007-2007,near,,power,z_plus_softmax,,0.0693737880688947,,,
adaptive_transfer,2007-2007,near,,power,z_plus_softmax,,0.0693737880688947,,,
adaptive_transfer,2007-2007,near,,power,z_plus_softmax,,0.0693737880688947,,,
adaptive_transfer,2007-2007,near,,power,z_plus_softmax,,0.0693737880688947,,,
adaptive_transfer,2007-2007,near,,power,z_plus_softmax,,0.0693737880688947,,,
adaptive_transfer,2007-2007,near,,power,z_plus_softmax,,0.0693737880688947,,,
adaptive_transfer,2007-2007,near,,power,z_plus_softmax,,0.0693737880688947,,,
adaptive_transfer,2007-2007,near,,power,z_plus_softmax,,0.0693737880688947,,,
adaptive_transfer,2007-2007,near,,power,z_plus_softmax,,0.0693737880688947,,,
adaptive_transfer,2007-2007,near,,power,z_plus_softmax,,0.0693737880688947,,,
adaptive_transfer,2007-2007,near,,power,z_plus_softmax,,0.0693737880688947,,,
adaptive_transfer,2007-2007,near,,power,z_plus_softmax,,0.0693737880688947,,,
adaptive_transfer,2007-2007,near,,power,z_plus_softmax,,0.0693737880688947,,,
adaptive_transfer,2009-2009,,2003.0,annual_fpr,z_mahalanobis_sq,0.0,,,,
adaptive_transfer,2009-2009,,2004.0,annual_fpr,z_mahalanobis_sq,0.0,,,,
adaptive_transfer,2009-2009,,2005.0,annual_fpr,z_mahalanobis_sq,35.0,0.0093632958801498,,,
adaptive_transfer,2009-2009,,2006.0,annual_fpr,z_mahalanobis_sq,353.0,0.0709342560553633,,,
adaptive_transfer,2009-2009,,2007.0,annual_fpr,z_mahalanobis_sq,447.0,0.0622895622895622,,,
adaptive_transfer,2009-2009,,2008.0,annual_fpr,z_mahalanobis_sq,460.0,0.038269550748752,,,
adaptive_transfer,2009-2009,,2009.0,annual_fpr,z_mahalanobis_sq,460.0,0.0411663807890223,,,
adaptive_transfer,2009-2009,,2010.0,annual_fpr,z_mahalanobis_sq,438.0,0.0347682119205298,,,
adaptive_transfer,2009-2009,,2011.0,annual_fpr,z_mahalanobis_sq,451.0,0.0319865319865319,,,
adaptive_transfer,2009-2009,,2012.0,annual_fpr,z_mahalanobis_sq,440.0,0.0187713310580204,,,
adaptive_transfer,2009-2009,,2013.0,annual_fpr,z_mahalanobis_sq,455.0,0.0296167247386759,,,
adaptive_transfer,2009-2009,,2014.0,annual_fpr,z_mahalanobis_sq,449.0,0.0310880829015544,,,
adaptive_transfer,2009-2009,,2015.0,annual_fpr,z_mahalanobis_sq,456.0,0.0218855218855218,,,
adaptive_transfer,2009-2009,,2016.0,annual_fpr,z_mahalanobis_sq,468.0,0.0271646859083191,,,
adaptive_transfer,2009-2009,,2017.0,annual_fpr,z_mahalanobis_sq,470.0,0.0453020134228187,,,
adaptive_transfer,2009-2009,,2018.0,annual_fpr,z_mahalanobis_sq,487.0,0.0295566502463054,,,
adaptive_transfer,2009-2009,,2019.0,annual_fpr,z_mahalanobis_sq,511.0,0.0361635220125786,,,
adaptive_transfer,2009-2009,,2020.0,annual_fpr,z_mahalanobis_sq,538.0,0.0367534456355283,,,
adaptive_transfer,2009-2009,,2021.0,annual_fpr,z_mahalanobis_sq,578.0,0.0307017543859649,,,
adaptive_transfer,2009-2009,,2022.0,annual_fpr,z_mahalanobis_sq,628.0,0.0335664335664335,,,
adaptive_transfer,2009-2009,,2023.0,annual_fpr,z_mahalanobis_sq,598.0,0.0430416068866571,,,
adaptive_transfer,2009-2009,,2024.0,annual_fpr,z_mahalanobis_sq,615.0,0.0238095238095238,,,
adaptive_transfer,2009-2009,,2025.0,annual_fpr,z_mahalanobis_sq,642.0,0.0286085825747724,,,
adaptive_transfer,2009-2009,,,calibration_diagnostic,,,,,,candidate_scored
adaptive_transfer,2009-2009,,,calibration_diagnostic,,,,,,selected
adaptive_transfer,2009-2009,far,,fpr,breadth,4232.0,0.0085066162570888,,,
adaptive_transfer,2009-2009,far,,fpr,t_iut,4232.0,0.0425330812854442,,,
adaptive_transfer,2009-2009,far,,fpr,z_mahalanobis_sq,3599.0,0.0326086956521739,,,
adaptive_transfer,2009-2009,far,,fpr,z_plus,4232.0,0.0434782608695652,,,
adaptive_transfer,2009-2009,far,,fpr,z_plus_orth,4181.0,0.0401701323251417,,,
adaptive_transfer,2009-2009,far,,fpr,z_plus_renorm,4181.0,0.0498582230623818,,,
adaptive_transfer,2009-2009,far,,fpr,z_plus_softmax,4181.0,0.0441871455576559,,,
adaptive_transfer,2009-2009,iid,,fpr,breadth,4140.0,0.0089371980676328,,,
adaptive_transfer,2009-2009,iid,,fpr,t_iut,4140.0,0.0483091787439613,,,
adaptive_transfer,2009-2009,iid,,fpr,z_mahalanobis_sq,3049.0,0.0425120772946859,,,
adaptive_transfer,2009-2009,iid,,fpr,z_plus,4140.0,0.0555555555555555,,,
adaptive_transfer,2009-2009,iid,,fpr,z_plus_orth,4081.0,0.0606280193236715,,,
adaptive_transfer,2009-2009,iid,,fpr,z_plus_renorm,4081.0,0.0707729468599033,,,
adaptive_transfer,2009-2009,iid,,fpr,z_plus_softmax,4081.0,0.0681159420289855,,,
adaptive_transfer,2009-2009,near,,fpr,breadth,2932.0,0.0092087312414733,,,
adaptive_transfer,2009-2009,near,,fpr,t_iut,2932.0,0.0487721691678035,,,
adaptive_transfer,2009-2009,near,,fpr,z_mahalanobis_sq,2298.0,0.0310368349249658,,,
adaptive_transfer,2009-2009,near,,fpr,z_plus,2932.0,0.0453615279672578,,,
adaptive_transfer,2009-2009,near,,fpr,z_plus_orth,2898.0,0.0433151432469304,,,
adaptive_transfer,2009-2009,near,,fpr,z_plus_renorm,2898.0,0.0688949522510232,,,
adaptive_transfer,2009-2009,near,,fpr,z_plus_softmax,2898.0,0.0487721691678035,,,
adaptive_transfer,2009-2009,far,,power,breadth,,0.0098231827111984,0.0277777777777777,0.4314014407334643,
adaptive_transfer,2009-2009,far,,power,breadth,,0.0098231827111984,0.0,0.5164109520691053,
adaptive_transfer,2009-2009,far,,power,breadth,,0.0098231827111984,0.0,0.4153062338229332,
adaptive_transfer,2009-2009,far,,power,breadth,,0.0101038450743755,0.0,0.4905081548008856,
adaptive_transfer,2009-2009,far,,power,breadth,,0.0101038450743755,0.0277777777777777,0.5210029001777529,
adaptive_transfer,2009-2009,far,,power,breadth,,0.0099444281953787,0.0111111111111111,0.4679576549348412,
adaptive_transfer,2009-2009,far,,power,breadth,,0.0096519450131617,0.0111111111111111,0.5000658087159988,
adaptive_transfer,2009-2009,far,,power,breadth,,0.0105293945598128,0.0,0.5111167982840987,
adaptive_transfer,2009-2009,far,,power,breadth,,0.0099444281953787,0.0166666666666666,0.4984465893211141,
adaptive_transfer,2009-2009,far,,power,breadth,,0.0099444281953787,0.0166666666666666,0.518036462903383,
adaptive_transfer,2009-2009,far,,power,breadth,,0.009262117937635,0.0194444444444444,0.5368134883880484,
adaptive_transfer,2009-2009,far,,power,breadth,,0.0104970669959864,0.0055555555555555,0.4636303214297966,
adaptive_transfer,2009-2009,far,,power,breadth,,0.0098795924668107,0.0111111111111111,0.5227166306473191,
adaptive_transfer,2009-2009,far,,power,breadth,,0.0098795924668107,0.0138888888888888,0.5133477410723475,
adaptive_transfer,2009-2009,far,,power,breadth,,0.0095708552022229,0.0138888888888888,0.487950670645947,
adaptive_transfer,2009-2009,far,,power,breadth,,0.0076126281333448,,,
adaptive_transfer,2009-2009,far,,power,breadth,,0.0076126281333448,,,
adaptive_transfer,2009-2009,far,,power,breadth,,0.0076126281333448,,,
adaptive_transfer,2009-2009,far,,power,breadth,,0.0076126281333448,,,
adaptive_transfer,2009-2009,far,,power,breadth,,0.0076126281333448,,,
adaptive_transfer,2009-2009,far,,power,breadth,,0.0076126281333448,,,
adaptive_transfer,2009-2009,far,,power,breadth,,0.0076126281333448,,,
adaptive_transfer,2009-2009,far,,power,breadth,,0.0076126281333448,,,
adaptive_transfer,2009-2009,far,,power,breadth,,0.0076126281333448,,,
adaptive_transfer,2009-2009,far,,power,breadth,,0.0076126281333448,,,
adaptive_transfer,2009-2009,far,,power,breadth,,0.0076126281333448,,,
adaptive_transfer,2009-2009,far,,power,breadth,,0.0076126281333448,,,
adaptive_transfer,2009-2009,far,,power,breadth,,0.0076126281333448,,,
adaptive_transfer,2009-2009,far,,power,breadth,,0.0076126281333448,,,
adaptive_transfer,2009-2009,far,,power,breadth,,0.0076126281333448,,,
adaptive_transfer,2009-2009,far,,power,t_iut,,0.0395733932079708,0.0277777777777777,0.4850157482770449,
adaptive_transfer,2009-2009,far,,power,t_iut,,0.0392927308447937,0.0555555555555555,0.5495836841612873,
adaptive_transfer,2009-2009,far,,power,t_iut,,0.0395733932079708,0.0277777777777777,0.4458633486138398,
adaptive_transfer,2009-2009,far,,power,t_iut,,0.0392927308447937,0.0555555555555555,0.409954158480681,
adaptive_transfer,2009-2009,far,,power,t_iut,,0.0390120684816166,0.0555555555555555,0.5322293947048368,
adaptive_transfer,2009-2009,far,,power,t_iut,,0.040070195963732,0.0277777777777777,0.5277534041792598,
adaptive_transfer,2009-2009,far,,power,t_iut,,0.0386077800526469,0.0444444444444444,0.5050030873224789,
adaptive_transfer,2009-2009,far,,power,t_iut,,0.039777712781515,0.0222222222222222,0.498383217964967,
adaptive_transfer,2009-2009,far,,power,t_iut,,0.0386077800526469,0.0388888888888888,0.5064882519255143,
adaptive_transfer,2009-2009,far,,power,t_iut,,0.039777712781515,0.0222222222222222,0.4608722498456338,
adaptive_transfer,2009-2009,far,,power,t_iut,,0.0385921580734794,0.0444444444444444,0.4875064320263456,
adaptive_transfer,2009-2009,far,,power,t_iut,,0.0398271071318308,0.0333333333333333,0.4730678192857878,
adaptive_transfer,2009-2009,far,,power,t_iut,,0.0395183698672429,0.0416666666666666,0.4817347603855785,
adaptive_transfer,2009-2009,far,,power,t_iut,,0.0407533189255943,0.0444444444444444,0.4582141264450619,
adaptive_transfer,2009-2009,far,,power,t_iut,,0.0389008953380673,0.0388888888888888,0.4392953929539295,
adaptive_transfer,2009-2009,far,,power,t_iut,,0.072370758810798,,,
adaptive_transfer,2009-2009,far,,power,t_iut,,0.072370758810798,,,
adaptive_transfer,2009-2009,far,,power,t_iut,,0.072370758810798,,,
adaptive_transfer,2009-2009,far,,power,t_iut,,0.072370758810798,,,
adaptive_transfer,2009-2009,far,,power,t_iut,,0.072370758810798,,,
adaptive_transfer,2009-2009,far,,power,t_iut,,0.072370758810798,,,
adaptive_transfer,2009-2009,far,,power,t_iut,,0.072370758810798,,,
adaptive_transfer,2009-2009,far,,power,t_iut,,0.072370758810798,,,
adaptive_transfer,2009-2009,far,,power,t_iut,,0.072370758810798,,,
adaptive_transfer,2009-2009,far,,power,t_iut,,0.072370758810798,,,
adaptive_transfer,2009-2009,far,,power,t_iut,,0.072370758810798,,,
adaptive_transfer,2009-2009,far,,power,t_iut,,0.072370758810798,,,
adaptive_transfer,2009-2009,far,,power,t_iut,,0.072370758810798,,,
adaptive_transfer,2009-2009,far,,power,t_iut,,0.072370758810798,,,
adaptive_transfer,2009-2009,far,,power,t_iut,,0.072370758810798,,,
adaptive_transfer,2009-2009,far,,power,z_mahalanobis_sq,,0.0387314061184395,0.0277777777777777,0.4690257897527052,
adaptive_transfer,2009-2009,far,,power,z_mahalanobis_sq,,0.0381700813920853,0.0555555555555555,0.4596158044095175,
adaptive_transfer,2009-2009,far,,power,z_mahalanobis_sq,,0.0378894190289082,0.0833333333333333,0.4935213771166619,
adaptive_transfer,2009-2009,far,,power,z_mahalanobis_sq,,0.0384507437552624,0.0555555555555555,0.5483674805875199,
adaptive_transfer,2009-2009,far,,power,z_mahalanobis_sq,,0.0384507437552624,0.0277777777777777,0.5511351233355163,
adaptive_transfer,2009-2009,far,,power,z_mahalanobis_sq,,0.039192746417081,0.0277777777777777,0.4723148418965909,
adaptive_transfer,2009-2009,far,,power,z_mahalanobis_sq,,0.0389002632348639,0.0333333333333333,0.4648890188814144,
adaptive_transfer,2009-2009,far,,power,z_mahalanobis_sq,,0.0380228136882129,0.0388888888888888,0.4890578791719476,
adaptive_transfer,2009-2009,far,,power,z_mahalanobis_sq,,0.039192746417081,0.0444444444444444,0.5140408176529849,
adaptive_transfer,2009-2009,far,,power,z_mahalanobis_sq,,0.0389002632348639,0.05,0.5595138279548926,
adaptive_transfer,2009-2009,far,,power,z_mahalanobis_sq,,0.0355047854276011,0.0611111111111111,0.4984194367260128,
adaptive_transfer,2009-2009,far,,power,z_mahalanobis_sq,,0.0373572090151281,0.0444444444444444,0.5010222633871908,
adaptive_transfer,2009-2009,far,,power,z_mahalanobis_sq,,0.0389008953380673,0.0416666666666666,0.5050907344516483,
adaptive_transfer,2009-2009,far,,power,z_mahalanobis_sq,,0.0395183698672429,0.0388888888888888,0.516038900895338,
adaptive_transfer,2009-2009,far,,power,z_mahalanobis_sq,,0.0404445816610064,0.0305555555555555,0.537344344962437,
adaptive_transfer,2009-2009,far,,power,z_mahalanobis_sq,,0.0898100172711571,,,
adaptive_transfer,2009-2009,far,,power,z_mahalanobis_sq,,0.0898100172711571,,,
adaptive_transfer,2009-2009,far,,power,z_mahalanobis_sq,,0.0898100172711571,,,
adaptive_transfer,2009-2009,far,,power,z_mahalanobis_sq,,0.0898100172711571,,,
adaptive_transfer,2009-2009,far,,power,z_mahalanobis_sq,,0.0898100172711571,,,
adaptive_transfer,2009-2009,far,,power,z_mahalanobis_sq,,0.0898100172711571,,,
adaptive_transfer,2009-2009,far,,power,z_mahalanobis_sq,,0.0898100172711571,,,
adaptive_transfer,2009-2009,far,,power,z_mahalanobis_sq,,0.0898100172711571,,,
adaptive_transfer,2009-2009,far,,power,z_mahalanobis_sq,,0.0898100172711571,,,
adaptive_transfer,2009-2009,far,,power,z_mahalanobis_sq,,0.0898100172711571,,,
adaptive_transfer,2009-2009,far,,power,z_mahalanobis_sq,,0.0898100172711571,,,
adaptive_transfer,2009-2009,far,,power,z_mahalanobis_sq,,0.0898100172711571,,,
adaptive_transfer,2009-2009,far,,power,z_mahalanobis_sq,,0.0898100172711571,,,
adaptive_transfer,2009-2009,far,,power,z_mahalanobis_sq,,0.0898100172711571,,,
adaptive_transfer,2009-2009,far,,power,z_mahalanobis_sq,,0.0898100172711571,,,
adaptive_transfer,2009-2009,far,,power,z_plus,,0.0420993544765646,0.0,0.4209467677051174,
adaptive_transfer,2009-2009,far,,power,z_plus,,0.0418186921133875,0.0277777777777777,0.5240667976424361,
adaptive_transfer,2009-2009,far,,power,z_plus,,0.0409767050238563,0.1111111111111111,0.4819050737518321,
adaptive_transfer,2009-2009,far,,power,z_plus,,0.0418186921133875,0.0277777777777777,0.4881381170673901,
adaptive_transfer,2009-2009,far,,power,z_plus,,0.0418186921133875,0.0277777777777777,0.5847054604421992,
adaptive_transfer,2009-2009,far,,power,z_plus,,0.0421175782392512,0.0333333333333333,0.4947320529069577,
adaptive_transfer,2009-2009,far,,power,z_plus,,0.0421175782392512,0.0277777777777777,0.4803378180754606,
adaptive_transfer,2009-2009,far,,power,z_plus,,0.0415326118748171,0.0444444444444444,0.4947531766923402,
adaptive_transfer,2009-2009,far,,power,z_plus,,0.0412401286926001,0.0555555555555555,0.5088134932241396,
adaptive_transfer,2009-2009,far,,power,z_plus,,0.0406551623281661,0.0666666666666666,0.5281409443956973,
adaptive_transfer,2009-2009,far,,power,z_plus,,0.0410620561901821,0.05,0.5026139755068436,
adaptive_transfer,2009-2009,far,,power,z_plus,,0.0422970052485335,0.0361111111111111,0.481640852800933,
adaptive_transfer,2009-2009,far,,power,z_plus,,0.0429144797777091,0.025,0.5121325168947892,
adaptive_transfer,2009-2009,far,,power,z_plus,,0.0429144797777091,0.0277777777777777,0.5207625810435319,
adaptive_transfer,2009-2009,far,,power,z_plus,,0.0429144797777091,0.0388888888888888,0.495537888923193,
adaptive_transfer,2009-2009,far,,power,z_plus,,0.0500920651670632,,,
adaptive_transfer,2009-2009,far,,power,z_plus,,0.0500920651670632,,,
adaptive_transfer,2009-2009,far,,power,z_plus,,0.0500920651670632,,,
adaptive_transfer,2009-2009,far,,power,z_plus,,0.0500920651670632,,,
adaptive_transfer,2009-2009,far,,power,z_plus,,0.0500920651670632,,,
adaptive_transfer,2009-2009,far,,power,z_plus,,0.0500920651670632,,,
adaptive_transfer,2009-2009,far,,power,z_plus,,0.0500920651670632,,,
adaptive_transfer,2009-2009,far,,power,z_plus,,0.0500920651670632,,,
adaptive_transfer,2009-2009,far,,power,z_plus,,0.0500920651670632,,,
adaptive_transfer,2009-2009,far,,power,z_plus,,0.0500920651670632,,,
adaptive_transfer,2009-2009,far,,power,z_plus,,0.0500920651670632,,,
adaptive_transfer,2009-2009,far,,power,z_plus,,0.0500920651670632,,,
adaptive_transfer,2009-2009,far,,power,z_plus,,0.0500920651670632,,,
adaptive_transfer,2009-2009,far,,power,z_plus,,0.0500920651670632,,,
adaptive_transfer,2009-2009,far,,power,z_plus,,0.0500920651670632,,,
adaptive_transfer,2009-2009,far,,power,z_plus_orth,,0.0343165059557572,0.0555555555555555,0.4375748408646877,
adaptive_transfer,2009-2009,far,,power,z_plus_orth,,0.0343262411347517,0.0277777777777777,0.5204885736800631,
adaptive_transfer,2009-2009,far,,power,z_plus_orth,,0.0343262411347517,0.0277777777777777,0.4972261623325453,
adaptive_transfer,2009-2009,far,,power,z_plus_orth,,0.0340328984685195,0.0285714285714285,0.496604813224212,
adaptive_transfer,2009-2009,far,,power,z_plus_orth,,0.0337492909812819,0.1111111111111111,0.5693577866011218,
adaptive_transfer,2009-2009,far,,power,z_plus_orth,,0.0351966873706004,0.0388888888888888,0.5002941273127608,
adaptive_transfer,2009-2009,far,,power,z_plus_orth,,0.0345949142519219,0.0335195530726257,0.4624317368652313,
adaptive_transfer,2009-2009,far,,power,z_plus_orth,,0.0345642540620384,0.0614525139664804,0.4863768020266868,
adaptive_transfer,2009-2009,far,,power,z_plus_orth,,0.0339934968962459,0.0898876404494382,0.5089326340891502,
adaptive_transfer,2009-2009,far,,power,z_plus_orth,,0.0336879432624113,0.0903954802259887,0.5163163975370971,
adaptive_transfer,2009-2009,far,,power,z_plus_orth,,0.0336973478939157,0.0588235294117647,0.4926056538059841,
adaptive_transfer,2009-2009,far,,power,z_plus_orth,,0.03428927680798,0.0427350427350427,0.5044600038365625,
adaptive_transfer,2009-2009,far,,power,z_plus_orth,,0.0355916328442085,0.0810055865921787,0.4986657062076928,
adaptive_transfer,2009-2009,far,,power,z_plus_orth,,0.0333853354134165,0.0621468926553672,0.5178613924217985,
adaptive_transfer,2009-2009,far,,power,z_plus_orth,,0.0352574102964118,0.072829131652661,0.5074380454209766,
adaptive_transfer,2009-2009,far,,power,z_plus_orth,,0.0642637162085091,,,
adaptive_transfer,2009-2009,far,,power,z_plus_orth,,0.0642637162085091,,,
adaptive_transfer,2009-2009,far,,power,z_plus_orth,,0.0642637162085091,,,
adaptive_transfer,2009-2009,far,,power,z_plus_orth,,0.0642637162085091,,,
adaptive_transfer,2009-2009,far,,power,z_plus_orth,,0.0642637162085091,,,
adaptive_transfer,2009-2009,far,,power,z_plus_orth,,0.0642637162085091,,,
adaptive_transfer,2009-2009,far,,power,z_plus_orth,,0.0642637162085091,,,
adaptive_transfer,2009-2009,far,,power,z_plus_orth,,0.0642637162085091,,,
adaptive_transfer,2009-2009,far,,power,z_plus_orth,,0.0642637162085091,,,
adaptive_transfer,2009-2009,far,,power,z_plus_orth,,0.0642637162085091,,,
adaptive_transfer,2009-2009,far,,power,z_plus_orth,,0.0642637162085091,,,
adaptive_transfer,2009-2009,far,,power,z_plus_orth,,0.0642637162085091,,,
adaptive_transfer,2009-2009,far,,power,z_plus_orth,,0.0642637162085091,,,
adaptive_transfer,2009-2009,far,,power,z_plus_orth,,0.0642637162085091,,,
adaptive_transfer,2009-2009,far,,power,z_plus_orth,,0.0642637162085091,,,
adaptive_transfer,2009-2009,far,,power,z_plus_renorm,,0.0425411230856494,0.0,0.4280346001134429,
adaptive_transfer,2009-2009,far,,power,z_plus_renorm,,0.0422695035460992,0.0555555555555555,0.5421985815602837,
adaptive_transfer,2009-2009,far,,power,z_plus_renorm,,0.0419858156028368,0.0833333333333333,0.5106304176516943,
adaptive_transfer,2009-2009,far,,power,z_plus_renorm,,0.0419739081111741,0.0285714285714285,0.5207114496394134,
adaptive_transfer,2009-2009,far,,power,z_plus_renorm,,0.0416903006239364,0.0833333333333333,0.5785198840360497,
adaptive_transfer,2009-2009,far,,power,z_plus_renorm,,0.0425909494232475,0.0277777777777777,0.5124552236353479,
adaptive_transfer,2009-2009,far,,power,z_plus_renorm,,0.041986989946777,0.0558659217877094,0.4688839039410087,
adaptive_transfer,2009-2009,far,,power,z_plus_renorm,,0.0437223042836041,0.0223463687150838,0.484401277406897,
adaptive_transfer,2009-2009,far,,power,z_plus_renorm,,0.0425657700266036,0.0449438202247191,0.5044023820357572,
adaptive_transfer,2009-2009,far,,power,z_plus_renorm,,0.0425531914893617,0.0564971751412429,0.5215320351003726,
adaptive_transfer,2009-2009,far,,power,z_plus_renorm,,0.0430577223088923,0.0336134453781512,0.4797371054506046,
adaptive_transfer,2009-2009,far,,power,z_plus_renorm,,0.0417705735660847,0.037037037037037,0.5100532145419925,
adaptive_transfer,2009-2009,far,,power,z_plus_renorm,,0.0427724008741804,0.0391061452513966,0.4997113390553898,
adaptive_transfer,2009-2009,far,,power,z_plus_renorm,,0.0433697347893915,0.0282485875706214,0.5198427598120874,
adaptive_transfer,2009-2009,far,,power,z_plus_renorm,,0.0433697347893915,0.0252100840336134,0.5053902996455992,
adaptive_transfer,2009-2009,far,,power,z_plus_renorm,,0.0758298163567925,,,
adaptive_transfer,2009-2009,far,,power,z_plus_renorm,,0.0758298163567925,,,
adaptive_transfer,2009-2009,far,,power,z_plus_renorm,,0.0758298163567925,,,
adaptive_transfer,2009-2009,far,,power,z_plus_renorm,,0.0758298163567925,,,
adaptive_transfer,2009-2009,far,,power,z_plus_renorm,,0.0758298163567925,,,
adaptive_transfer,2009-2009,far,,power,z_plus_renorm,,0.0758298163567925,,,
adaptive_transfer,2009-2009,far,,power,z_plus_renorm,,0.0758298163567925,,,
adaptive_transfer,2009-2009,far,,power,z_plus_renorm,,0.0758298163567925,,,
adaptive_transfer,2009-2009,far,,power,z_plus_renorm,,0.0758298163567925,,,
adaptive_transfer,2009-2009,far,,power,z_plus_renorm,,0.0758298163567925,,,
adaptive_transfer,2009-2009,far,,power,z_plus_renorm,,0.0758298163567925,,,
adaptive_transfer,2009-2009,far,,power,z_plus_renorm,,0.0758298163567925,,,
adaptive_transfer,2009-2009,far,,power,z_plus_renorm,,0.0758298163567925,,,
adaptive_transfer,2009-2009,far,,power,z_plus_renorm,,0.0758298163567925,,,
adaptive_transfer,2009-2009,far,,power,z_plus_renorm,,0.0758298163567925,,,
adaptive_transfer,2009-2009,far,,power,z_plus_softmax,,0.0377197958026091,0.0555555555555555,0.4375354509359047,
adaptive_transfer,2009-2009,far,,power,z_plus_softmax,,0.0377304964539007,0.0277777777777777,0.5188179669030732,
adaptive_transfer,2009-2009,far,,power,z_plus_softmax,,0.0377304964539007,0.0277777777777777,0.4967454688731284,
adaptive_transfer,2009-2009,far,,power,z_plus_softmax,,0.0374361883153715,0.0285714285714285,0.4974799448991167,
adaptive_transfer,2009-2009,far,,power,z_plus_softmax,,0.0371525808281338,0.1111111111111111,0.5658284489821642,
adaptive_transfer,2009-2009,far,,power,z_plus_softmax,,0.038745933155871,0.0388888888888888,0.5010187649939203,
adaptive_transfer,2009-2009,far,,power,z_plus_softmax,,0.0384387936132466,0.0391061452513966,0.46362107641837,
adaptive_transfer,2009-2009,far,,power,z_plus_softmax,,0.0375184638109305,0.0614525139664804,0.4850894927506333,
adaptive_transfer,2009-2009,far,,power,z_plus_softmax,,0.0375406443984629,0.095505617977528,0.5088695294051221,
adaptive_transfer,2009-2009,far,,power,z_plus_softmax,,0.0366430260047281,0.0903954802259887,0.517623646004461,
adaptive_transfer,2009-2009,far,,power,z_plus_softmax,,0.0361934477379095,0.0504201680672268,0.4919152060200055,
adaptive_transfer,2009-2009,far,,power,z_plus_softmax,,0.0367830423940149,0.0427350427350427,0.5055203870665217,
adaptive_transfer,2009-2009,far,,power,z_plus_softmax,,0.0384014985950671,0.0810055865921787,0.4985000095929619,
adaptive_transfer,2009-2009,far,,power,z_plus_softmax,,0.0374414976599064,0.059322033898305,0.5188943828939598,
adaptive_transfer,2009-2009,far,,power,z_plus_softmax,,0.0386895475819032,0.072829131652661,0.5074135738538785,
adaptive_transfer,2009-2009,far,,power,z_plus_softmax,,0.0693737880688947,,,
adaptive_transfer,2009-2009,far,,power,z_plus_softmax,,0.0693737880688947,,,
adaptive_transfer,2009-2009,far,,power,z_plus_softmax,,0.0693737880688947,,,
adaptive_transfer,2009-2009,far,,power,z_plus_softmax,,0.0693737880688947,,,
adaptive_transfer,2009-2009,far,,power,z_plus_softmax,,0.0693737880688947,,,
adaptive_transfer,2009-2009,far,,power,z_plus_softmax,,0.0693737880688947,,,
adaptive_transfer,2009-2009,far,,power,z_plus_softmax,,0.0693737880688947,,,
adaptive_transfer,2009-2009,far,,power,z_plus_softmax,,0.0693737880688947,,,
adaptive_transfer,2009-2009,far,,power,z_plus_softmax,,0.0693737880688947,,,
adaptive_transfer,2009-2009,far,,power,z_plus_softmax,,0.0693737880688947,,,
adaptive_transfer,2009-2009,far,,power,z_plus_softmax,,0.0693737880688947,,,
adaptive_transfer,2009-2009,far,,power,z_plus_softmax,,0.0693737880688947,,,
adaptive_transfer,2009-2009,far,,power,z_plus_softmax,,0.0693737880688947,,,
adaptive_transfer,2009-2009,far,,power,z_plus_softmax,,0.0693737880688947,,,
adaptive_transfer,2009-2009,far,,power,z_plus_softmax,,0.0693737880688947,,,
adaptive_transfer,2009-2009,near,,power,breadth,,0.0114285714285714,0.0434782608695652,0.4843764930721452,
adaptive_transfer,2009-2009,near,,power,breadth,,0.0118681318681318,0.0,0.434495938843765,
adaptive_transfer,2009-2009,near,,power,breadth,,0.0118681318681318,0.0,0.6126803631151457,
adaptive_transfer,2009-2009,near,,power,breadth,,0.0118681318681318,0.0,0.4913903487816531,
adaptive_transfer,2009-2009,near,,power,breadth,,0.0118681318681318,0.0,0.555078834209269,
adaptive_transfer,2009-2009,near,,power,breadth,,0.0114521300961978,0.017391304347826,0.4961381425640822,
adaptive_transfer,2009-2009,near,,power,breadth,,0.0123683005038937,0.0260869565217391,0.4825808122049832,
adaptive_transfer,2009-2009,near,,power,breadth,,0.0109940448923499,0.0260869565217391,0.5012069549283993,
adaptive_transfer,2009-2009,near,,power,breadth,,0.0119102153000458,0.0,0.4919655838594674,
adaptive_transfer,2009-2009,near,,power,breadth,,0.0109940448923499,0.0521739130434782,0.4962596347268417,
adaptive_transfer,2009-2009,near,,power,breadth,,0.0120889748549323,0.008695652173913,0.5227514506769826,
adaptive_transfer,2009-2009,near,,power,breadth,,0.0120889748549323,0.008695652173913,0.4894594651417038,
adaptive_transfer,2009-2009,near,,power,breadth,,0.0120889748549323,0.0130434782608695,0.4768785215709359,
adaptive_transfer,2009-2009,near,,power,breadth,,0.0101547388781431,0.0347826086956521,0.5091255991926668,
adaptive_transfer,2009-2009,near,,power,breadth,,0.011605415860735,0.0217391304347826,0.5512330754352031,
adaptive_transfer,2009-2009,near,,power,breadth,,0.0076126281333448,,,
adaptive_transfer,2009-2009,near,,power,breadth,,0.0076126281333448,,,
adaptive_transfer,2009-2009,near,,power,breadth,,0.0076126281333448,,,
adaptive_transfer,2009-2009,near,,power,breadth,,0.0076126281333448,,,
adaptive_transfer,2009-2009,near,,power,breadth,,0.0076126281333448,,,
adaptive_transfer,2009-2009,near,,power,breadth,,0.0076126281333448,,,
adaptive_transfer,2009-2009,near,,power,breadth,,0.0076126281333448,,,
adaptive_transfer,2009-2009,near,,power,breadth,,0.0076126281333448,,,
adaptive_transfer,2009-2009,near,,power,breadth,,0.0076126281333448,,,
adaptive_transfer,2009-2009,near,,power,breadth,,0.0076126281333448,,,
adaptive_transfer,2009-2009,near,,power,breadth,,0.0076126281333448,,,
adaptive_transfer,2009-2009,near,,power,breadth,,0.0076126281333448,,,
adaptive_transfer,2009-2009,near,,power,breadth,,0.0076126281333448,,,
adaptive_transfer,2009-2009,near,,power,breadth,,0.0076126281333448,,,
adaptive_transfer,2009-2009,near,,power,breadth,,0.0076126281333448,,,
adaptive_transfer,2009-2009,near,,power,t_iut,,0.0404395604395604,0.1304347826086956,0.4443191591017678,
adaptive_transfer,2009-2009,near,,power,t_iut,,0.0413186813186813,0.0,0.4186335403726708,
adaptive_transfer,2009-2009,near,,power,t_iut,,0.0413186813186813,0.0869565217391304,0.565370281892021,
adaptive_transfer,2009-2009,near,,power,t_iut,,0.0413186813186813,0.0869565217391304,0.4139130434782608,
adaptive_transfer,2009-2009,near,,power,t_iut,,0.0413186813186813,0.0434782608695652,0.4958432871476349,
adaptive_transfer,2009-2009,near,,power,t_iut,,0.0398534127347686,0.0695652173913043,0.5434444023979765,
adaptive_transfer,2009-2009,near,,power,t_iut,,0.0393953275309207,0.0608695652173913,0.4981377840626182,
adaptive_transfer,2009-2009,near,,power,t_iut,,0.0412276683463124,0.0434782608695652,0.4698321018144157,
adaptive_transfer,2009-2009,near,,power,t_iut,,0.0398534127347686,0.0695652173913043,0.5001254755123583,
adaptive_transfer,2009-2009,near,,power,t_iut,,0.0403114979386165,0.0521739130434782,0.4709115895556574,
adaptive_transfer,2009-2009,near,,power,t_iut,,0.0425531914893617,0.0347826086956521,0.5029791438903373,
adaptive_transfer,2009-2009,near,,power,t_iut,,0.0415860735009671,0.0304347826086956,0.4686611723151964,
adaptive_transfer,2009-2009,near,,power,t_iut,,0.0425531914893617,0.0304347826086956,0.4851610461693718,
adaptive_transfer,2009-2009,near,,power,t_iut,,0.0406189555125725,0.0608695652173913,0.4931271549911699,
adaptive_transfer,2009-2009,near,,power,t_iut,,0.0396518375241779,0.0739130434782608,0.4974034984442015,
adaptive_transfer,2009-2009,near,,power,t_iut,,0.072370758810798,,,
adaptive_transfer,2009-2009,near,,power,t_iut,,0.072370758810798,,,
adaptive_transfer,2009-2009,near,,power,t_iut,,0.072370758810798,,,
adaptive_transfer,2009-2009,near,,power,t_iut,,0.072370758810798,,,
adaptive_transfer,2009-2009,near,,power,t_iut,,0.072370758810798,,,
adaptive_transfer,2009-2009,near,,power,t_iut,,0.072370758810798,,,
adaptive_transfer,2009-2009,near,,power,t_iut,,0.072370758810798,,,
adaptive_transfer,2009-2009,near,,power,t_iut,,0.072370758810798,,,
adaptive_transfer,2009-2009,near,,power,t_iut,,0.072370758810798,,,
adaptive_transfer,2009-2009,near,,power,t_iut,,0.072370758810798,,,
adaptive_transfer,2009-2009,near,,power,t_iut,,0.072370758810798,,,
adaptive_transfer,2009-2009,near,,power,t_iut,,0.072370758810798,,,
adaptive_transfer,2009-2009,near,,power,t_iut,,0.072370758810798,,,
adaptive_transfer,2009-2009,near,,power,t_iut,,0.072370758810798,,,
adaptive_transfer,2009-2009,near,,power,t_iut,,0.072370758810798,,,
adaptive_transfer,2009-2009,near,,power,z_mahalanobis_sq,,0.04,0.0,0.4708456760630674,
adaptive_transfer,2009-2009,near,,power,z_mahalanobis_sq,,0.04,0.0,0.5020544672718585,
adaptive_transfer,2009-2009,near,,power,z_mahalanobis_sq,,0.0395604395604395,0.0434782608695652,0.5051505016722408,
adaptive_transfer,2009-2009,near,,power,z_mahalanobis_sq,,0.04,0.0,0.5048829431438128,
adaptive_transfer,2009-2009,near,,power,z_mahalanobis_sq,,0.0395604395604395,0.0869565217391304,0.5026660296225514,
adaptive_transfer,2009-2009,near,,power,z_mahalanobis_sq,,0.0384791571232249,0.0608695652173913,0.4958194745961879,
adaptive_transfer,2009-2009,near,,power,z_mahalanobis_sq,,0.0389372423270728,0.0521739130434782,0.5167519767372384,
adaptive_transfer,2009-2009,near,,power,z_mahalanobis_sq,,0.0398534127347686,0.0260869565217391,0.4879563424883985,
adaptive_transfer,2009-2009,near,,power,z_mahalanobis_sq,,0.0398534127347686,0.0434782608695652,0.514469517417196,
adaptive_transfer,2009-2009,near,,power,z_mahalanobis_sq,,0.037562986715529,0.0782608695652174,0.5489254914457568,
adaptive_transfer,2009-2009,near,,power,z_mahalanobis_sq,,0.0377176015473887,0.0565217391304347,0.5164304936506602,
adaptive_transfer,2009-2009,near,,power,z_mahalanobis_sq,,0.0411025145067698,0.0304347826086956,0.5152510301909007,
adaptive_transfer,2009-2009,near,,power,z_mahalanobis_sq,,0.0406189555125725,0.0434782608695652,0.5104764107308049,
adaptive_transfer,2009-2009,near,,power,z_mahalanobis_sq,,0.0391682785299806,0.0478260869565217,0.5409217054915483,
adaptive_transfer,2009-2009,near,,power,z_mahalanobis_sq,,0.038201160541586,0.0652173913043478,0.5336914473130938,
adaptive_transfer,2009-2009,near,,power,z_mahalanobis_sq,,0.0898100172711571,,,
adaptive_transfer,2009-2009,near,,power,z_mahalanobis_sq,,0.0898100172711571,,,
adaptive_transfer,2009-2009,near,,power,z_mahalanobis_sq,,0.0898100172711571,,,
adaptive_transfer,2009-2009,near,,power,z_mahalanobis_sq,,0.0898100172711571,,,
adaptive_transfer,2009-2009,near,,power,z_mahalanobis_sq,,0.0898100172711571,,,
adaptive_transfer,2009-2009,near,,power,z_mahalanobis_sq,,0.0898100172711571,,,
adaptive_transfer,2009-2009,near,,power,z_mahalanobis_sq,,0.0898100172711571,,,
adaptive_transfer,2009-2009,near,,power,z_mahalanobis_sq,,0.0898100172711571,,,
adaptive_transfer,2009-2009,near,,power,z_mahalanobis_sq,,0.0898100172711571,,,
adaptive_transfer,2009-2009,near,,power,z_mahalanobis_sq,,0.0898100172711571,,,
adaptive_transfer,2009-2009,near,,power,z_mahalanobis_sq,,0.0898100172711571,,,
adaptive_transfer,2009-2009,near,,power,z_mahalanobis_sq,,0.0898100172711571,,,
adaptive_transfer,2009-2009,near,,power,z_mahalanobis_sq,,0.0898100172711571,,,
adaptive_transfer,2009-2009,near,,power,z_mahalanobis_sq,,0.0898100172711571,,,
adaptive_transfer,2009-2009,near,,power,z_mahalanobis_sq,,0.0898100172711571,,,
adaptive_transfer,2009-2009,near,,power,z_plus,,0.0413186813186813,0.0,0.4436311514572383,
adaptive_transfer,2009-2009,near,,power,z_plus,,0.0413186813186813,0.0,0.4240611562350693,
adaptive_transfer,2009-2009,near,,power,z_plus,,0.0408791208791208,0.0434782608695652,0.5750979455327281,
adaptive_transfer,2009-2009,near,,power,z_plus,,0.0413186813186813,0.0,0.4922503583373148,
adaptive_transfer,2009-2009,near,,power,z_plus,,0.0413186813186813,0.0,0.5230004777830866,
adaptive_transfer,2009-2009,near,,power,z_plus,,0.0398534127347686,0.0608695652173913,0.5014638809775139,
adaptive_transfer,2009-2009,near,,power,z_plus,,0.0412276683463124,0.0347826086956521,0.5068533529845246,
adaptive_transfer,2009-2009,near,,power,z_plus,,0.0407695831424645,0.0347826086956521,0.4880758429763588,
adaptive_transfer,2009-2009,near,,power,z_plus,,0.0407695831424645,0.0521739130434782,0.5083789758808182,
adaptive_transfer,2009-2009,near,,power,z_plus,,0.0393953275309207,0.0608695652173913,0.50367464000478,
adaptive_transfer,2009-2009,near,,power,z_plus,,0.0386847195357833,0.0565217391304347,0.5406200067277773,
adaptive_transfer,2009-2009,near,,power,z_plus,,0.0435203094777562,0.0217391304347826,0.4730510470103439,
adaptive_transfer,2009-2009,near,,power,z_plus,,0.0415860735009671,0.0347826086956521,0.5111775712723909,
adaptive_transfer,2009-2009,near,,power,z_plus,,0.0415860735009671,0.0304347826086956,0.5351295097132285,
adaptive_transfer,2009-2009,near,,power,z_plus,,0.0396518375241779,0.0652173913043478,0.5428054831385081,
adaptive_transfer,2009-2009,near,,power,z_plus,,0.0500920651670632,,,
adaptive_transfer,2009-2009,near,,power,z_plus,,0.0500920651670632,,,
adaptive_transfer,2009-2009,near,,power,z_plus,,0.0500920651670632,,,
adaptive_transfer,2009-2009,near,,power,z_plus,,0.0500920651670632,,,
adaptive_transfer,2009-2009,near,,power,z_plus,,0.0500920651670632,,,
adaptive_transfer,2009-2009,near,,power,z_plus,,0.0500920651670632,,,
adaptive_transfer,2009-2009,near,,power,z_plus,,0.0500920651670632,,,
adaptive_transfer,2009-2009,near,,power,z_plus,,0.0500920651670632,,,
adaptive_transfer,2009-2009,near,,power,z_plus,,0.0500920651670632,,,
adaptive_transfer,2009-2009,near,,power,z_plus,,0.0500920651670632,,,
adaptive_transfer,2009-2009,near,,power,z_plus,,0.0500920651670632,,,
adaptive_transfer,2009-2009,near,,power,z_plus,,0.0500920651670632,,,
adaptive_transfer,2009-2009,near,,power,z_plus,,0.0500920651670632,,,
adaptive_transfer,2009-2009,near,,power,z_plus,,0.0500920651670632,,,
adaptive_transfer,2009-2009,near,,power,z_plus,,0.0500920651670632,,,
adaptive_transfer,2009-2009,near,,power,z_plus_orth,,0.0373167481119502,0.0,0.4413690533675854,
adaptive_transfer,2009-2009,near,,power,z_plus_orth,,0.0368725011106175,0.0869565217391304,0.4514708438761516,
adaptive_transfer,2009-2009,near,,power,z_plus_orth,,0.0364282541092847,0.1304347826086956,0.5233036524829545,
adaptive_transfer,2009-2009,near,,power,z_plus_orth,,0.0368725011106175,0.0,0.489869236860912,
adaptive_transfer,2009-2009,near,,power,z_plus_orth,,0.0373167481119502,0.0,0.4874741660711181,
adaptive_transfer,2009-2009,near,,power,z_plus_orth,,0.037037037037037,0.0884955752212389,0.4948172730252376,
adaptive_transfer,2009-2009,near,,power,z_plus_orth,,0.0370541917554423,0.0614035087719298,0.5177591965091051,
adaptive_transfer,2009-2009,near,,power,z_plus_orth,,0.0375173691523853,0.0353982300884955,0.4764127935335516,
adaptive_transfer,2009-2009,near,,power,z_plus_orth,,0.0379805465493283,0.0695652173913043,0.4992931510159695,
adaptive_transfer,2009-2009,near,,power,z_plus_orth,,0.0374826469227209,0.0526315789473684,0.5129447867702575,
adaptive_transfer,2009-2009,near,,power,z_plus_orth,,0.0351734245236932,0.079295154185022,0.5398487955942832,
adaptive_transfer,2009-2009,near,,power,z_plus_orth,,0.0380116959064327,0.0619469026548672,0.4738804360951543,
adaptive_transfer,2009-2009,near,,power,z_plus_orth,,0.0351734245236932,0.0488888888888888,0.5264332627693644,
adaptive_transfer,2009-2009,near,,power,z_plus_orth,,0.0351390922401171,0.0663716814159292,0.5408077326733955,
adaptive_transfer,2009-2009,near,,power,z_plus_orth,,0.0376160234489496,0.0701754385964912,0.5141585032439427,
adaptive_transfer,2009-2009,near,,power,z_plus_orth,,0.0642637162085091,,,
adaptive_transfer,2009-2009,near,,power,z_plus_orth,,0.0642637162085091,,,
adaptive_transfer,2009-2009,near,,power,z_plus_orth,,0.0642637162085091,,,
adaptive_transfer,2009-2009,near,,power,z_plus_orth,,0.0642637162085091,,,
adaptive_transfer,2009-2009,near,,power,z_plus_orth,,0.0642637162085091,,,
adaptive_transfer,2009-2009,near,,power,z_plus_orth,,0.0642637162085091,,,
adaptive_transfer,2009-2009,near,,power,z_plus_orth,,0.0642637162085091,,,
adaptive_transfer,2009-2009,near,,power,z_plus_orth,,0.0642637162085091,,,
adaptive_transfer,2009-2009,near,,power,z_plus_orth,,0.0642637162085091,,,
adaptive_transfer,2009-2009,near,,power,z_plus_orth,,0.0642637162085091,,,
adaptive_transfer,2009-2009,near,,power,z_plus_orth,,0.0642637162085091,,,
adaptive_transfer,2009-2009,near,,power,z_plus_orth,,0.0642637162085091,,,
adaptive_transfer,2009-2009,near,,power,z_plus_orth,,0.0642637162085091,,,
adaptive_transfer,2009-2009,near,,power,z_plus_orth,,0.0642637162085091,,,
adaptive_transfer,2009-2009,near,,power,z_plus_orth,,0.0642637162085091,,,
adaptive_transfer,2009-2009,near,,power,z_plus_renorm,,0.0537538871612616,0.0,0.4505437196994573,
adaptive_transfer,2009-2009,near,,power,z_plus_renorm,,0.0528653931585961,0.0869565217391304,0.4578448225909257,
adaptive_transfer,2009-2009,near,,power,z_plus_renorm,,0.0528653931585961,0.0869565217391304,0.5264133814922836,
adaptive_transfer,2009-2009,near,,power,z_plus_renorm,,0.0537538871612616,0.0,0.4888841674231742,
adaptive_transfer,2009-2009,near,,power,z_plus_renorm,,0.0537538871612616,0.0434782608695652,0.508392405307786,
adaptive_transfer,2009-2009,near,,power,z_plus_renorm,,0.0513888888888888,0.0884955752212389,0.4953457882661423,
adaptive_transfer,2009-2009,near,,power,z_plus_renorm,,0.0532654006484483,0.0526315789473684,0.5245443390783582,
adaptive_transfer,2009-2009,near,,power,z_plus_renorm,,0.0541917554423344,0.0265486725663716,0.4845737333327867,
adaptive_transfer,2009-2009,near,,power,z_plus_renorm,,0.0523390458545623,0.0956521739130434,0.5023541494653321,
adaptive_transfer,2009-2009,near,,power,z_plus_renorm,,0.0527533549282739,0.0614035087719298,0.5145928217118456,
adaptive_transfer,2009-2009,near,,power,z_plus_renorm,,0.0537371763556424,0.052863436123348,0.5340252954253458,
adaptive_transfer,2009-2009,near,,power,z_plus_renorm,,0.0555555555555555,0.0265486725663716,0.4715796373923994,
adaptive_transfer,2009-2009,near,,power,z_plus_renorm,,0.0503175378602833,0.0622222222222222,0.5334158388970309,
adaptive_transfer,2009-2009,near,,power,z_plus_renorm,,0.0531966813079551,0.0486725663716814,0.5442952962161556,
adaptive_transfer,2009-2009,near,,power,z_plus_renorm,,0.0537371763556424,0.0701754385964912,0.5257672760308196,
adaptive_transfer,2009-2009,near,,power,z_plus_renorm,,0.0758298163567925,,,
adaptive_transfer,2009-2009,near,,power,z_plus_renorm,,0.0758298163567925,,,
adaptive_transfer,2009-2009,near,,power,z_plus_renorm,,0.0758298163567925,,,
adaptive_transfer,2009-2009,near,,power,z_plus_renorm,,0.0758298163567925,,,
adaptive_transfer,2009-2009,near,,power,z_plus_renorm,,0.0758298163567925,,,
adaptive_transfer,2009-2009,near,,power,z_plus_renorm,,0.0758298163567925,,,
adaptive_transfer,2009-2009,near,,power,z_plus_renorm,,0.0758298163567925,,,
adaptive_transfer,2009-2009,near,,power,z_plus_renorm,,0.0758298163567925,,,
adaptive_transfer,2009-2009,near,,power,z_plus_renorm,,0.0758298163567925,,,
adaptive_transfer,2009-2009,near,,power,z_plus_renorm,,0.0758298163567925,,,
adaptive_transfer,2009-2009,near,,power,z_plus_renorm,,0.0758298163567925,,,
adaptive_transfer,2009-2009,near,,power,z_plus_renorm,,0.0758298163567925,,,
adaptive_transfer,2009-2009,near,,power,z_plus_renorm,,0.0758298163567925,,,
adaptive_transfer,2009-2009,near,,power,z_plus_renorm,,0.0758298163567925,,,
adaptive_transfer,2009-2009,near,,power,z_plus_renorm,,0.0758298163567925,,,
adaptive_transfer,2009-2009,near,,power,z_plus_softmax,,0.0439804531319413,0.0,0.4435709732872346,
adaptive_transfer,2009-2009,near,,power,z_plus_softmax,,0.0430919591292758,0.1304347826086956,0.4563768759778263,
adaptive_transfer,2009-2009,near,,power,z_plus_softmax,,0.0435362061306086,0.1304347826086956,0.5173739207695129,
adaptive_transfer,2009-2009,near,,power,z_plus_softmax,,0.0435362061306086,0.0,0.4880729337685666,
adaptive_transfer,2009-2009,near,,power,z_plus_softmax,,0.0439804531319413,0.0,0.4840553956695575,
adaptive_transfer,2009-2009,near,,power,z_plus_softmax,,0.0425925925925925,0.0973451327433628,0.4952146837102589,
adaptive_transfer,2009-2009,near,,power,z_plus_softmax,,0.0435386753126447,0.0526315789473684,0.5174260338200759,
adaptive_transfer,2009-2009,near,,power,z_plus_softmax,,0.0444650301065308,0.0353982300884955,0.4781138432656875,
adaptive_transfer,2009-2009,near,,power,z_plus_softmax,,0.0444650301065308,0.0695652173913043,0.4999899309261534,
adaptive_transfer,2009-2009,near,,power,z_plus_softmax,,0.0434983803794539,0.0526315789473684,0.512275018875277,
adaptive_transfer,2009-2009,near,,power,z_plus_softmax,,0.0405471421592574,0.0837004405286343,0.5395130727464066,
adaptive_transfer,2009-2009,near,,power,z_plus_softmax,,0.0443469785575048,0.0530973451327433,0.4722675050458003,
adaptive_transfer,2009-2009,near,,power,z_plus_softmax,,0.0410356619443087,0.0444444444444444,0.5254649079954405,
adaptive_transfer,2009-2009,near,,power,z_plus_softmax,,0.0424597364568082,0.0619469026548672,0.540982650721051,
adaptive_transfer,2009-2009,near,,power,z_plus_softmax,,0.0449438202247191,0.0701754385964912,0.5165775332322011,
adaptive_transfer,2009-2009,near,,power,z_plus_softmax,,0.0693737880688947,,,
adaptive_transfer,2009-2009,near,,power,z_plus_softmax,,0.0693737880688947,,,
adaptive_transfer,2009-2009,near,,power,z_plus_softmax,,0.0693737880688947,,,
adaptive_transfer,2009-2009,near,,power,z_plus_softmax,,0.0693737880688947,,,
adaptive_transfer,2009-2009,near,,power,z_plus_softmax,,0.0693737880688947,,,
adaptive_transfer,2009-2009,near,,power,z_plus_softmax,,0.0693737880688947,,,
adaptive_transfer,2009-2009,near,,power,z_plus_softmax,,0.0693737880688947,,,
adaptive_transfer,2009-2009,near,,power,z_plus_softmax,,0.0693737880688947,,,
adaptive_transfer,2009-2009,near,,power,z_plus_softmax,,0.0693737880688947,,,
adaptive_transfer,2009-2009,near,,power,z_plus_softmax,,0.0693737880688947,,,
adaptive_transfer,2009-2009,near,,power,z_plus_softmax,,0.0693737880688947,,,
adaptive_transfer,2009-2009,near,,power,z_plus_softmax,,0.0693737880688947,,,
adaptive_transfer,2009-2009,near,,power,z_plus_softmax,,0.0693737880688947,,,
adaptive_transfer,2009-2009,near,,power,z_plus_softmax,,0.0693737880688947,,,
adaptive_transfer,2009-2009,near,,power,z_plus_softmax,,0.0693737880688947,,,
global_c_near_far,global_c,,2003.0,annual_fpr,z_mahalanobis_sq,0.0,,,,
global_c_near_far,global_c,,2004.0,annual_fpr,z_mahalanobis_sq,0.0,,,,
global_c_near_far,global_c,,2005.0,annual_fpr,z_mahalanobis_sq,35.0,0.0093632958801498,,,
global_c_near_far,global_c,,2006.0,annual_fpr,z_mahalanobis_sq,353.0,0.0709342560553633,,,
global_c_near_far,global_c,,2007.0,annual_fpr,z_mahalanobis_sq,447.0,0.0622895622895622,,,
global_c_near_far,global_c,,2008.0,annual_fpr,z_mahalanobis_sq,460.0,0.038269550748752,,,
global_c_near_far,global_c,,2009.0,annual_fpr,z_mahalanobis_sq,460.0,0.0411663807890223,,,
global_c_near_far,global_c,,2010.0,annual_fpr,z_mahalanobis_sq,438.0,0.0347682119205298,,,
global_c_near_far,global_c,,2011.0,annual_fpr,z_mahalanobis_sq,451.0,0.0319865319865319,,,
global_c_near_far,global_c,,2012.0,annual_fpr,z_mahalanobis_sq,440.0,0.0187713310580204,,,
global_c_near_far,global_c,,2013.0,annual_fpr,z_mahalanobis_sq,455.0,0.0296167247386759,,,
global_c_near_far,global_c,,2014.0,annual_fpr,z_mahalanobis_sq,449.0,0.0310880829015544,,,
global_c_near_far,global_c,,2015.0,annual_fpr,z_mahalanobis_sq,456.0,0.0218855218855218,,,
global_c_near_far,global_c,,2016.0,annual_fpr,z_mahalanobis_sq,468.0,0.0271646859083191,,,
global_c_near_far,global_c,,2017.0,annual_fpr,z_mahalanobis_sq,470.0,0.0453020134228187,,,
global_c_near_far,global_c,,2018.0,annual_fpr,z_mahalanobis_sq,487.0,0.0295566502463054,,,
global_c_near_far,global_c,,2019.0,annual_fpr,z_mahalanobis_sq,511.0,0.0361635220125786,,,
global_c_near_far,global_c,,2020.0,annual_fpr,z_mahalanobis_sq,538.0,0.0367534456355283,,,
global_c_near_far,global_c,,2021.0,annual_fpr,z_mahalanobis_sq,578.0,0.0307017543859649,,,
global_c_near_far,global_c,,2022.0,annual_fpr,z_mahalanobis_sq,628.0,0.0335664335664335,,,
global_c_near_far,global_c,,2023.0,annual_fpr,z_mahalanobis_sq,598.0,0.0430416068866571,,,
global_c_near_far,global_c,,2024.0,annual_fpr,z_mahalanobis_sq,615.0,0.0238095238095238,,,
global_c_near_far,global_c,,2025.0,annual_fpr,z_mahalanobis_sq,642.0,0.0286085825747724,,,
global_c_near_far,global_c,far,,fpr,breadth,4232.0,0.0085066162570888,,,
global_c_near_far,global_c,far,,fpr,t_iut,4232.0,0.0425330812854442,,,
global_c_near_far,global_c,far,,fpr,z_mahalanobis_sq,3599.0,0.0326086956521739,,,
global_c_near_far,global_c,far,,fpr,z_plus,4232.0,0.0434782608695652,,,
global_c_near_far,global_c,far,,fpr,z_plus_orth,4181.0,0.0401701323251417,,,
global_c_near_far,global_c,far,,fpr,z_plus_renorm,4181.0,0.0498582230623818,,,
global_c_near_far,global_c,far,,fpr,z_plus_softmax,4181.0,0.0441871455576559,,,
global_c_near_far,global_c,iid,,fpr,breadth,4140.0,0.0089371980676328,,,
global_c_near_far,global_c,iid,,fpr,t_iut,4140.0,0.0483091787439613,,,
global_c_near_far,global_c,iid,,fpr,z_mahalanobis_sq,3049.0,0.0425120772946859,,,
global_c_near_far,global_c,iid,,fpr,z_plus,4140.0,0.0555555555555555,,,
global_c_near_far,global_c,iid,,fpr,z_plus_orth,4081.0,0.0606280193236715,,,
global_c_near_far,global_c,iid,,fpr,z_plus_renorm,4081.0,0.0707729468599033,,,
global_c_near_far,global_c,iid,,fpr,z_plus_softmax,4081.0,0.0681159420289855,,,
global_c_near_far,global_c,near,,fpr,breadth,2932.0,0.0092087312414733,,,
global_c_near_far,global_c,near,,fpr,t_iut,2932.0,0.0487721691678035,,,
global_c_near_far,global_c,near,,fpr,z_mahalanobis_sq,2298.0,0.0310368349249658,,,
global_c_near_far,global_c,near,,fpr,z_plus,2932.0,0.0453615279672578,,,
global_c_near_far,global_c,near,,fpr,z_plus_orth,2898.0,0.0433151432469304,,,
global_c_near_far,global_c,near,,fpr,z_plus_renorm,2898.0,0.0688949522510232,,,
global_c_near_far,global_c,near,,fpr,z_plus_softmax,2898.0,0.0487721691678035,,,
global_c_near_far,global_c,far,,power,breadth,,0.0098231827111984,0.0277777777777777,0.4314014407334643,
global_c_near_far,global_c,far,,power,breadth,,0.0098231827111984,0.0,0.5164109520691053,
global_c_near_far,global_c,far,,power,breadth,,0.0098231827111984,0.0,0.4153062338229332,
global_c_near_far,global_c,far,,power,breadth,,0.0101038450743755,0.0,0.4905081548008856,
global_c_near_far,global_c,far,,power,breadth,,0.0101038450743755,0.0277777777777777,0.5210029001777529,
global_c_near_far,global_c,far,,power,breadth,,0.0099444281953787,0.0111111111111111,0.4679576549348412,
global_c_near_far,global_c,far,,power,breadth,,0.0096519450131617,0.0111111111111111,0.5000658087159988,
global_c_near_far,global_c,far,,power,breadth,,0.0105293945598128,0.0,0.5111167982840987,
global_c_near_far,global_c,far,,power,breadth,,0.0099444281953787,0.0166666666666666,0.4984465893211141,
global_c_near_far,global_c,far,,power,breadth,,0.0099444281953787,0.0166666666666666,0.518036462903383,
global_c_near_far,global_c,far,,power,breadth,,0.009262117937635,0.0194444444444444,0.5368134883880484,
global_c_near_far,global_c,far,,power,breadth,,0.0104970669959864,0.0055555555555555,0.4636303214297966,
global_c_near_far,global_c,far,,power,breadth,,0.0098795924668107,0.0111111111111111,0.5227166306473191,
global_c_near_far,global_c,far,,power,breadth,,0.0098795924668107,0.0138888888888888,0.5133477410723475,
global_c_near_far,global_c,far,,power,breadth,,0.0095708552022229,0.0138888888888888,0.487950670645947,
global_c_near_far,global_c,far,,power,breadth,,0.0076126281333448,,,
global_c_near_far,global_c,far,,power,breadth,,0.0076126281333448,,,
global_c_near_far,global_c,far,,power,breadth,,0.0076126281333448,,,
global_c_near_far,global_c,far,,power,breadth,,0.0076126281333448,,,
global_c_near_far,global_c,far,,power,breadth,,0.0076126281333448,,,
global_c_near_far,global_c,far,,power,breadth,,0.0076126281333448,,,
global_c_near_far,global_c,far,,power,breadth,,0.0076126281333448,,,
global_c_near_far,global_c,far,,power,breadth,,0.0076126281333448,,,
global_c_near_far,global_c,far,,power,breadth,,0.0076126281333448,,,
global_c_near_far,global_c,far,,power,breadth,,0.0076126281333448,,,
global_c_near_far,global_c,far,,power,breadth,,0.0076126281333448,,,
global_c_near_far,global_c,far,,power,breadth,,0.0076126281333448,,,
global_c_near_far,global_c,far,,power,breadth,,0.0076126281333448,,,
global_c_near_far,global_c,far,,power,breadth,,0.0076126281333448,,,
global_c_near_far,global_c,far,,power,breadth,,0.0076126281333448,,,
global_c_near_far,global_c,far,,power,t_iut,,0.0395733932079708,0.0277777777777777,0.4850157482770449,
global_c_near_far,global_c,far,,power,t_iut,,0.0392927308447937,0.0555555555555555,0.5495836841612873,
global_c_near_far,global_c,far,,power,t_iut,,0.0395733932079708,0.0277777777777777,0.4458633486138398,
global_c_near_far,global_c,far,,power,t_iut,,0.0392927308447937,0.0555555555555555,0.409954158480681,
global_c_near_far,global_c,far,,power,t_iut,,0.0390120684816166,0.0555555555555555,0.5322293947048368,
global_c_near_far,global_c,far,,power,t_iut,,0.040070195963732,0.0277777777777777,0.5277534041792598,
global_c_near_far,global_c,far,,power,t_iut,,0.0386077800526469,0.0444444444444444,0.5050030873224789,
global_c_near_far,global_c,far,,power,t_iut,,0.039777712781515,0.0222222222222222,0.498383217964967,
global_c_near_far,global_c,far,,power,t_iut,,0.0386077800526469,0.0388888888888888,0.5064882519255143,
global_c_near_far,global_c,far,,power,t_iut,,0.039777712781515,0.0222222222222222,0.4608722498456338,
global_c_near_far,global_c,far,,power,t_iut,,0.0385921580734794,0.0444444444444444,0.4875064320263456,
global_c_near_far,global_c,far,,power,t_iut,,0.0398271071318308,0.0333333333333333,0.4730678192857878,
global_c_near_far,global_c,far,,power,t_iut,,0.0395183698672429,0.0416666666666666,0.4817347603855785,
global_c_near_far,global_c,far,,power,t_iut,,0.0407533189255943,0.0444444444444444,0.4582141264450619,
global_c_near_far,global_c,far,,power,t_iut,,0.0389008953380673,0.0388888888888888,0.4392953929539295,
global_c_near_far,global_c,far,,power,t_iut,,0.072370758810798,,,
global_c_near_far,global_c,far,,power,t_iut,,0.072370758810798,,,
global_c_near_far,global_c,far,,power,t_iut,,0.072370758810798,,,
global_c_near_far,global_c,far,,power,t_iut,,0.072370758810798,,,
global_c_near_far,global_c,far,,power,t_iut,,0.072370758810798,,,
global_c_near_far,global_c,far,,power,t_iut,,0.072370758810798,,,
global_c_near_far,global_c,far,,power,t_iut,,0.072370758810798,,,
global_c_near_far,global_c,far,,power,t_iut,,0.072370758810798,,,
global_c_near_far,global_c,far,,power,t_iut,,0.072370758810798,,,
global_c_near_far,global_c,far,,power,t_iut,,0.072370758810798,,,
global_c_near_far,global_c,far,,power,t_iut,,0.072370758810798,,,
global_c_near_far,global_c,far,,power,t_iut,,0.072370758810798,,,
global_c_near_far,global_c,far,,power,t_iut,,0.072370758810798,,,
global_c_near_far,global_c,far,,power,t_iut,,0.072370758810798,,,
global_c_near_far,global_c,far,,power,t_iut,,0.072370758810798,,,
global_c_near_far,global_c,far,,power,z_mahalanobis_sq,,0.0387314061184395,0.0277777777777777,0.4690257897527052,
global_c_near_far,global_c,far,,power,z_mahalanobis_sq,,0.0381700813920853,0.0555555555555555,0.4596158044095175,
global_c_near_far,global_c,far,,power,z_mahalanobis_sq,,0.0378894190289082,0.0833333333333333,0.4935213771166619,
global_c_near_far,global_c,far,,power,z_mahalanobis_sq,,0.0384507437552624,0.0555555555555555,0.5483674805875199,
global_c_near_far,global_c,far,,power,z_mahalanobis_sq,,0.0384507437552624,0.0277777777777777,0.5511351233355163,
global_c_near_far,global_c,far,,power,z_mahalanobis_sq,,0.039192746417081,0.0277777777777777,0.4723148418965909,
global_c_near_far,global_c,far,,power,z_mahalanobis_sq,,0.0389002632348639,0.0333333333333333,0.4648890188814144,
global_c_near_far,global_c,far,,power,z_mahalanobis_sq,,0.0380228136882129,0.0388888888888888,0.4890578791719476,
global_c_near_far,global_c,far,,power,z_mahalanobis_sq,,0.039192746417081,0.0444444444444444,0.5140408176529849,
global_c_near_far,global_c,far,,power,z_mahalanobis_sq,,0.0389002632348639,0.05,0.5595138279548926,
global_c_near_far,global_c,far,,power,z_mahalanobis_sq,,0.0355047854276011,0.0611111111111111,0.4984194367260128,
global_c_near_far,global_c,far,,power,z_mahalanobis_sq,,0.0373572090151281,0.0444444444444444,0.5010222633871908,
global_c_near_far,global_c,far,,power,z_mahalanobis_sq,,0.0389008953380673,0.0416666666666666,0.5050907344516483,
global_c_near_far,global_c,far,,power,z_mahalanobis_sq,,0.0395183698672429,0.0388888888888888,0.516038900895338,
global_c_near_far,global_c,far,,power,z_mahalanobis_sq,,0.0404445816610064,0.0305555555555555,0.537344344962437,
global_c_near_far,global_c,far,,power,z_mahalanobis_sq,,0.0898100172711571,,,
global_c_near_far,global_c,far,,power,z_mahalanobis_sq,,0.0898100172711571,,,
global_c_near_far,global_c,far,,power,z_mahalanobis_sq,,0.0898100172711571,,,
global_c_near_far,global_c,far,,power,z_mahalanobis_sq,,0.0898100172711571,,,
global_c_near_far,global_c,far,,power,z_mahalanobis_sq,,0.0898100172711571,,,
global_c_near_far,global_c,far,,power,z_mahalanobis_sq,,0.0898100172711571,,,
global_c_near_far,global_c,far,,power,z_mahalanobis_sq,,0.0898100172711571,,,
global_c_near_far,global_c,far,,power,z_mahalanobis_sq,,0.0898100172711571,,,
global_c_near_far,global_c,far,,power,z_mahalanobis_sq,,0.0898100172711571,,,
global_c_near_far,global_c,far,,power,z_mahalanobis_sq,,0.0898100172711571,,,
global_c_near_far,global_c,far,,power,z_mahalanobis_sq,,0.0898100172711571,,,
global_c_near_far,global_c,far,,power,z_mahalanobis_sq,,0.0898100172711571,,,
global_c_near_far,global_c,far,,power,z_mahalanobis_sq,,0.0898100172711571,,,
global_c_near_far,global_c,far,,power,z_mahalanobis_sq,,0.0898100172711571,,,
global_c_near_far,global_c,far,,power,z_mahalanobis_sq,,0.0898100172711571,,,
global_c_near_far,global_c,far,,power,z_plus,,0.0420993544765646,0.0,0.4209467677051174,
global_c_near_far,global_c,far,,power,z_plus,,0.0418186921133875,0.0277777777777777,0.5240667976424361,
global_c_near_far,global_c,far,,power,z_plus,,0.0409767050238563,0.1111111111111111,0.4819050737518321,
global_c_near_far,global_c,far,,power,z_plus,,0.0418186921133875,0.0277777777777777,0.4881381170673901,
global_c_near_far,global_c,far,,power,z_plus,,0.0418186921133875,0.0277777777777777,0.5847054604421992,
global_c_near_far,global_c,far,,power,z_plus,,0.0421175782392512,0.0333333333333333,0.4947320529069577,
global_c_near_far,global_c,far,,power,z_plus,,0.0421175782392512,0.0277777777777777,0.4803378180754606,
global_c_near_far,global_c,far,,power,z_plus,,0.0415326118748171,0.0444444444444444,0.4947531766923402,
global_c_near_far,global_c,far,,power,z_plus,,0.0412401286926001,0.0555555555555555,0.5088134932241396,
global_c_near_far,global_c,far,,power,z_plus,,0.0406551623281661,0.0666666666666666,0.5281409443956973,
global_c_near_far,global_c,far,,power,z_plus,,0.0410620561901821,0.05,0.5026139755068436,
global_c_near_far,global_c,far,,power,z_plus,,0.0422970052485335,0.0361111111111111,0.481640852800933,
global_c_near_far,global_c,far,,power,z_plus,,0.0429144797777091,0.025,0.5121325168947892,
global_c_near_far,global_c,far,,power,z_plus,,0.0429144797777091,0.0277777777777777,0.5207625810435319,
global_c_near_far,global_c,far,,power,z_plus,,0.0429144797777091,0.0388888888888888,0.495537888923193,
global_c_near_far,global_c,far,,power,z_plus,,0.0500920651670632,,,
global_c_near_far,global_c,far,,power,z_plus,,0.0500920651670632,,,
global_c_near_far,global_c,far,,power,z_plus,,0.0500920651670632,,,
global_c_near_far,global_c,far,,power,z_plus,,0.0500920651670632,,,
global_c_near_far,global_c,far,,power,z_plus,,0.0500920651670632,,,
global_c_near_far,global_c,far,,power,z_plus,,0.0500920651670632,,,
global_c_near_far,global_c,far,,power,z_plus,,0.0500920651670632,,,
global_c_near_far,global_c,far,,power,z_plus,,0.0500920651670632,,,
global_c_near_far,global_c,far,,power,z_plus,,0.0500920651670632,,,
global_c_near_far,global_c,far,,power,z_plus,,0.0500920651670632,,,
global_c_near_far,global_c,far,,power,z_plus,,0.0500920651670632,,,
global_c_near_far,global_c,far,,power,z_plus,,0.0500920651670632,,,
global_c_near_far,global_c,far,,power,z_plus,,0.0500920651670632,,,
global_c_near_far,global_c,far,,power,z_plus,,0.0500920651670632,,,
global_c_near_far,global_c,far,,power,z_plus,,0.0500920651670632,,,
global_c_near_far,global_c,far,,power,z_plus_orth,,0.0343165059557572,0.0555555555555555,0.4375748408646877,
global_c_near_far,global_c,far,,power,z_plus_orth,,0.0343262411347517,0.0277777777777777,0.5204885736800631,
global_c_near_far,global_c,far,,power,z_plus_orth,,0.0343262411347517,0.0277777777777777,0.4972261623325453,
global_c_near_far,global_c,far,,power,z_plus_orth,,0.0340328984685195,0.0285714285714285,0.496604813224212,
global_c_near_far,global_c,far,,power,z_plus_orth,,0.0337492909812819,0.1111111111111111,0.5693577866011218,
global_c_near_far,global_c,far,,power,z_plus_orth,,0.0351966873706004,0.0388888888888888,0.5002941273127608,
global_c_near_far,global_c,far,,power,z_plus_orth,,0.0345949142519219,0.0335195530726257,0.4624317368652313,
global_c_near_far,global_c,far,,power,z_plus_orth,,0.0345642540620384,0.0614525139664804,0.4863768020266868,
global_c_near_far,global_c,far,,power,z_plus_orth,,0.0339934968962459,0.0898876404494382,0.5089326340891502,
global_c_near_far,global_c,far,,power,z_plus_orth,,0.0336879432624113,0.0903954802259887,0.5163163975370971,
global_c_near_far,global_c,far,,power,z_plus_orth,,0.0336973478939157,0.0588235294117647,0.4926056538059841,
global_c_near_far,global_c,far,,power,z_plus_orth,,0.03428927680798,0.0427350427350427,0.5044600038365625,
global_c_near_far,global_c,far,,power,z_plus_orth,,0.0355916328442085,0.0810055865921787,0.4986657062076928,
global_c_near_far,global_c,far,,power,z_plus_orth,,0.0333853354134165,0.0621468926553672,0.5178613924217985,
global_c_near_far,global_c,far,,power,z_plus_orth,,0.0352574102964118,0.072829131652661,0.5074380454209766,
global_c_near_far,global_c,far,,power,z_plus_orth,,0.0642637162085091,,,
global_c_near_far,global_c,far,,power,z_plus_orth,,0.0642637162085091,,,
global_c_near_far,global_c,far,,power,z_plus_orth,,0.0642637162085091,,,
global_c_near_far,global_c,far,,power,z_plus_orth,,0.0642637162085091,,,
global_c_near_far,global_c,far,,power,z_plus_orth,,0.0642637162085091,,,
global_c_near_far,global_c,far,,power,z_plus_orth,,0.0642637162085091,,,
global_c_near_far,global_c,far,,power,z_plus_orth,,0.0642637162085091,,,
global_c_near_far,global_c,far,,power,z_plus_orth,,0.0642637162085091,,,
global_c_near_far,global_c,far,,power,z_plus_orth,,0.0642637162085091,,,
global_c_near_far,global_c,far,,power,z_plus_orth,,0.0642637162085091,,,
global_c_near_far,global_c,far,,power,z_plus_orth,,0.0642637162085091,,,
global_c_near_far,global_c,far,,power,z_plus_orth,,0.0642637162085091,,,
global_c_near_far,global_c,far,,power,z_plus_orth,,0.0642637162085091,,,
global_c_near_far,global_c,far,,power,z_plus_orth,,0.0642637162085091,,,
global_c_near_far,global_c,far,,power,z_plus_orth,,0.0642637162085091,,,
global_c_near_far,global_c,far,,power,z_plus_renorm,,0.0425411230856494,0.0,0.4280346001134429,
global_c_near_far,global_c,far,,power,z_plus_renorm,,0.0422695035460992,0.0555555555555555,0.5421985815602837,
global_c_near_far,global_c,far,,power,z_plus_renorm,,0.0419858156028368,0.0833333333333333,0.5106304176516943,
global_c_near_far,global_c,far,,power,z_plus_renorm,,0.0419739081111741,0.0285714285714285,0.5207114496394134,
global_c_near_far,global_c,far,,power,z_plus_renorm,,0.0416903006239364,0.0833333333333333,0.5785198840360497,
global_c_near_far,global_c,far,,power,z_plus_renorm,,0.0425909494232475,0.0277777777777777,0.5124552236353479,
global_c_near_far,global_c,far,,power,z_plus_renorm,,0.041986989946777,0.0558659217877094,0.4688839039410087,
global_c_near_far,global_c,far,,power,z_plus_renorm,,0.0437223042836041,0.0223463687150838,0.484401277406897,
global_c_near_far,global_c,far,,power,z_plus_renorm,,0.0425657700266036,0.0449438202247191,0.5044023820357572,
global_c_near_far,global_c,far,,power,z_plus_renorm,,0.0425531914893617,0.0564971751412429,0.5215320351003726,
global_c_near_far,global_c,far,,power,z_plus_renorm,,0.0430577223088923,0.0336134453781512,0.4797371054506046,
global_c_near_far,global_c,far,,power,z_plus_renorm,,0.0417705735660847,0.037037037037037,0.5100532145419925,
global_c_near_far,global_c,far,,power,z_plus_renorm,,0.0427724008741804,0.0391061452513966,0.4997113390553898,
global_c_near_far,global_c,far,,power,z_plus_renorm,,0.0433697347893915,0.0282485875706214,0.5198427598120874,
global_c_near_far,global_c,far,,power,z_plus_renorm,,0.0433697347893915,0.0252100840336134,0.5053902996455992,
global_c_near_far,global_c,far,,power,z_plus_renorm,,0.0758298163567925,,,
global_c_near_far,global_c,far,,power,z_plus_renorm,,0.0758298163567925,,,
global_c_near_far,global_c,far,,power,z_plus_renorm,,0.0758298163567925,,,
global_c_near_far,global_c,far,,power,z_plus_renorm,,0.0758298163567925,,,
global_c_near_far,global_c,far,,power,z_plus_renorm,,0.0758298163567925,,,
global_c_near_far,global_c,far,,power,z_plus_renorm,,0.0758298163567925,,,
global_c_near_far,global_c,far,,power,z_plus_renorm,,0.0758298163567925,,,
global_c_near_far,global_c,far,,power,z_plus_renorm,,0.0758298163567925,,,
global_c_near_far,global_c,far,,power,z_plus_renorm,,0.0758298163567925,,,
global_c_near_far,global_c,far,,power,z_plus_renorm,,0.0758298163567925,,,
global_c_near_far,global_c,far,,power,z_plus_renorm,,0.0758298163567925,,,
global_c_near_far,global_c,far,,power,z_plus_renorm,,0.0758298163567925,,,
global_c_near_far,global_c,far,,power,z_plus_renorm,,0.0758298163567925,,,
global_c_near_far,global_c,far,,power,z_plus_renorm,,0.0758298163567925,,,
global_c_near_far,global_c,far,,power,z_plus_renorm,,0.0758298163567925,,,
global_c_near_far,global_c,far,,power,z_plus_softmax,,0.0377197958026091,0.0555555555555555,0.4375354509359047,
global_c_near_far,global_c,far,,power,z_plus_softmax,,0.0377304964539007,0.0277777777777777,0.5188179669030732,
global_c_near_far,global_c,far,,power,z_plus_softmax,,0.0377304964539007,0.0277777777777777,0.4967454688731284,
global_c_near_far,global_c,far,,power,z_plus_softmax,,0.0374361883153715,0.0285714285714285,0.4974799448991167,
global_c_near_far,global_c,far,,power,z_plus_softmax,,0.0371525808281338,0.1111111111111111,0.5658284489821642,
global_c_near_far,global_c,far,,power,z_plus_softmax,,0.038745933155871,0.0388888888888888,0.5010187649939203,
global_c_near_far,global_c,far,,power,z_plus_softmax,,0.0384387936132466,0.0391061452513966,0.46362107641837,
global_c_near_far,global_c,far,,power,z_plus_softmax,,0.0375184638109305,0.0614525139664804,0.4850894927506333,
global_c_near_far,global_c,far,,power,z_plus_softmax,,0.0375406443984629,0.095505617977528,0.5088695294051221,
global_c_near_far,global_c,far,,power,z_plus_softmax,,0.0366430260047281,0.0903954802259887,0.517623646004461,
global_c_near_far,global_c,far,,power,z_plus_softmax,,0.0361934477379095,0.0504201680672268,0.4919152060200055,
global_c_near_far,global_c,far,,power,z_plus_softmax,,0.0367830423940149,0.0427350427350427,0.5055203870665217,
global_c_near_far,global_c,far,,power,z_plus_softmax,,0.0384014985950671,0.0810055865921787,0.4985000095929619,
global_c_near_far,global_c,far,,power,z_plus_softmax,,0.0374414976599064,0.059322033898305,0.5188943828939598,
global_c_near_far,global_c,far,,power,z_plus_softmax,,0.0386895475819032,0.072829131652661,0.5074135738538785,
global_c_near_far,global_c,far,,power,z_plus_softmax,,0.0693737880688947,,,
global_c_near_far,global_c,far,,power,z_plus_softmax,,0.0693737880688947,,,
global_c_near_far,global_c,far,,power,z_plus_softmax,,0.0693737880688947,,,
global_c_near_far,global_c,far,,power,z_plus_softmax,,0.0693737880688947,,,
global_c_near_far,global_c,far,,power,z_plus_softmax,,0.0693737880688947,,,
global_c_near_far,global_c,far,,power,z_plus_softmax,,0.0693737880688947,,,
global_c_near_far,global_c,far,,power,z_plus_softmax,,0.0693737880688947,,,
global_c_near_far,global_c,far,,power,z_plus_softmax,,0.0693737880688947,,,
global_c_near_far,global_c,far,,power,z_plus_softmax,,0.0693737880688947,,,
global_c_near_far,global_c,far,,power,z_plus_softmax,,0.0693737880688947,,,
global_c_near_far,global_c,far,,power,z_plus_softmax,,0.0693737880688947,,,
global_c_near_far,global_c,far,,power,z_plus_softmax,,0.0693737880688947,,,
global_c_near_far,global_c,far,,power,z_plus_softmax,,0.0693737880688947,,,
global_c_near_far,global_c,far,,power,z_plus_softmax,,0.0693737880688947,,,
global_c_near_far,global_c,far,,power,z_plus_softmax,,0.0693737880688947,,,
global_c_near_far,global_c,near,,power,breadth,,0.0114285714285714,0.0434782608695652,0.4843764930721452,
global_c_near_far,global_c,near,,power,breadth,,0.0118681318681318,0.0,0.434495938843765,
global_c_near_far,global_c,near,,power,breadth,,0.0118681318681318,0.0,0.6126803631151457,
global_c_near_far,global_c,near,,power,breadth,,0.0118681318681318,0.0,0.4913903487816531,
global_c_near_far,global_c,near,,power,breadth,,0.0118681318681318,0.0,0.555078834209269,
global_c_near_far,global_c,near,,power,breadth,,0.0114521300961978,0.017391304347826,0.4961381425640822,
global_c_near_far,global_c,near,,power,breadth,,0.0123683005038937,0.0260869565217391,0.4825808122049832,
global_c_near_far,global_c,near,,power,breadth,,0.0109940448923499,0.0260869565217391,0.5012069549283993,
global_c_near_far,global_c,near,,power,breadth,,0.0119102153000458,0.0,0.4919655838594674,
global_c_near_far,global_c,near,,power,breadth,,0.0109940448923499,0.0521739130434782,0.4962596347268417,
global_c_near_far,global_c,near,,power,breadth,,0.0120889748549323,0.008695652173913,0.5227514506769826,
global_c_near_far,global_c,near,,power,breadth,,0.0120889748549323,0.008695652173913,0.4894594651417038,
global_c_near_far,global_c,near,,power,breadth,,0.0120889748549323,0.0130434782608695,0.4768785215709359,
global_c_near_far,global_c,near,,power,breadth,,0.0101547388781431,0.0347826086956521,0.5091255991926668,
global_c_near_far,global_c,near,,power,breadth,,0.011605415860735,0.0217391304347826,0.5512330754352031,
global_c_near_far,global_c,near,,power,breadth,,0.0076126281333448,,,
global_c_near_far,global_c,near,,power,breadth,,0.0076126281333448,,,
global_c_near_far,global_c,near,,power,breadth,,0.0076126281333448,,,
global_c_near_far,global_c,near,,power,breadth,,0.0076126281333448,,,
global_c_near_far,global_c,near,,power,breadth,,0.0076126281333448,,,
global_c_near_far,global_c,near,,power,breadth,,0.0076126281333448,,,
global_c_near_far,global_c,near,,power,breadth,,0.0076126281333448,,,
global_c_near_far,global_c,near,,power,breadth,,0.0076126281333448,,,
global_c_near_far,global_c,near,,power,breadth,,0.0076126281333448,,,
global_c_near_far,global_c,near,,power,breadth,,0.0076126281333448,,,
global_c_near_far,global_c,near,,power,breadth,,0.0076126281333448,,,
global_c_near_far,global_c,near,,power,breadth,,0.0076126281333448,,,
global_c_near_far,global_c,near,,power,breadth,,0.0076126281333448,,,
global_c_near_far,global_c,near,,power,breadth,,0.0076126281333448,,,
global_c_near_far,global_c,near,,power,breadth,,0.0076126281333448,,,
global_c_near_far,global_c,near,,power,t_iut,,0.0404395604395604,0.1304347826086956,0.4443191591017678,
global_c_near_far,global_c,near,,power,t_iut,,0.0413186813186813,0.0,0.4186335403726708,
global_c_near_far,global_c,near,,power,t_iut,,0.0413186813186813,0.0869565217391304,0.565370281892021,
global_c_near_far,global_c,near,,power,t_iut,,0.0413186813186813,0.0869565217391304,0.4139130434782608,
global_c_near_far,global_c,near,,power,t_iut,,0.0413186813186813,0.0434782608695652,0.4958432871476349,
global_c_near_far,global_c,near,,power,t_iut,,0.0398534127347686,0.0695652173913043,0.5434444023979765,
global_c_near_far,global_c,near,,power,t_iut,,0.0393953275309207,0.0608695652173913,0.4981377840626182,
global_c_near_far,global_c,near,,power,t_iut,,0.0412276683463124,0.0434782608695652,0.4698321018144157,
global_c_near_far,global_c,near,,power,t_iut,,0.0398534127347686,0.0695652173913043,0.5001254755123583,
global_c_near_far,global_c,near,,power,t_iut,,0.0403114979386165,0.0521739130434782,0.4709115895556574,
global_c_near_far,global_c,near,,power,t_iut,,0.0425531914893617,0.0347826086956521,0.5029791438903373,
global_c_near_far,global_c,near,,power,t_iut,,0.0415860735009671,0.0304347826086956,0.4686611723151964,
global_c_near_far,global_c,near,,power,t_iut,,0.0425531914893617,0.0304347826086956,0.4851610461693718,
global_c_near_far,global_c,near,,power,t_iut,,0.0406189555125725,0.0608695652173913,0.4931271549911699,
global_c_near_far,global_c,near,,power,t_iut,,0.0396518375241779,0.0739130434782608,0.4974034984442015,
global_c_near_far,global_c,near,,power,t_iut,,0.072370758810798,,,
global_c_near_far,global_c,near,,power,t_iut,,0.072370758810798,,,
global_c_near_far,global_c,near,,power,t_iut,,0.072370758810798,,,
global_c_near_far,global_c,near,,power,t_iut,,0.072370758810798,,,
global_c_near_far,global_c,near,,power,t_iut,,0.072370758810798,,,
global_c_near_far,global_c,near,,power,t_iut,,0.072370758810798,,,
global_c_near_far,global_c,near,,power,t_iut,,0.072370758810798,,,
global_c_near_far,global_c,near,,power,t_iut,,0.072370758810798,,,
global_c_near_far,global_c,near,,power,t_iut,,0.072370758810798,,,
global_c_near_far,global_c,near,,power,t_iut,,0.072370758810798,,,
global_c_near_far,global_c,near,,power,t_iut,,0.072370758810798,,,
global_c_near_far,global_c,near,,power,t_iut,,0.072370758810798,,,
global_c_near_far,global_c,near,,power,t_iut,,0.072370758810798,,,
global_c_near_far,global_c,near,,power,t_iut,,0.072370758810798,,,
global_c_near_far,global_c,near,,power,t_iut,,0.072370758810798,,,
global_c_near_far,global_c,near,,power,z_mahalanobis_sq,,0.04,0.0,0.4708456760630674,
global_c_near_far,global_c,near,,power,z_mahalanobis_sq,,0.04,0.0,0.5020544672718585,
global_c_near_far,global_c,near,,power,z_mahalanobis_sq,,0.0395604395604395,0.0434782608695652,0.5051505016722408,
global_c_near_far,global_c,near,,power,z_mahalanobis_sq,,0.04,0.0,0.5048829431438128,
global_c_near_far,global_c,near,,power,z_mahalanobis_sq,,0.0395604395604395,0.0869565217391304,0.5026660296225514,
global_c_near_far,global_c,near,,power,z_mahalanobis_sq,,0.0384791571232249,0.0608695652173913,0.4958194745961879,
global_c_near_far,global_c,near,,power,z_mahalanobis_sq,,0.0389372423270728,0.0521739130434782,0.5167519767372384,
global_c_near_far,global_c,near,,power,z_mahalanobis_sq,,0.0398534127347686,0.0260869565217391,0.4879563424883985,
global_c_near_far,global_c,near,,power,z_mahalanobis_sq,,0.0398534127347686,0.0434782608695652,0.514469517417196,
global_c_near_far,global_c,near,,power,z_mahalanobis_sq,,0.037562986715529,0.0782608695652174,0.5489254914457568,
global_c_near_far,global_c,near,,power,z_mahalanobis_sq,,0.0377176015473887,0.0565217391304347,0.5164304936506602,
global_c_near_far,global_c,near,,power,z_mahalanobis_sq,,0.0411025145067698,0.0304347826086956,0.5152510301909007,
global_c_near_far,global_c,near,,power,z_mahalanobis_sq,,0.0406189555125725,0.0434782608695652,0.5104764107308049,
global_c_near_far,global_c,near,,power,z_mahalanobis_sq,,0.0391682785299806,0.0478260869565217,0.5409217054915483,
global_c_near_far,global_c,near,,power,z_mahalanobis_sq,,0.038201160541586,0.0652173913043478,0.5336914473130938,
global_c_near_far,global_c,near,,power,z_mahalanobis_sq,,0.0898100172711571,,,
global_c_near_far,global_c,near,,power,z_mahalanobis_sq,,0.0898100172711571,,,
global_c_near_far,global_c,near,,power,z_mahalanobis_sq,,0.0898100172711571,,,
global_c_near_far,global_c,near,,power,z_mahalanobis_sq,,0.0898100172711571,,,
global_c_near_far,global_c,near,,power,z_mahalanobis_sq,,0.0898100172711571,,,
global_c_near_far,global_c,near,,power,z_mahalanobis_sq,,0.0898100172711571,,,
global_c_near_far,global_c,near,,power,z_mahalanobis_sq,,0.0898100172711571,,,
global_c_near_far,global_c,near,,power,z_mahalanobis_sq,,0.0898100172711571,,,
global_c_near_far,global_c,near,,power,z_mahalanobis_sq,,0.0898100172711571,,,
global_c_near_far,global_c,near,,power,z_mahalanobis_sq,,0.0898100172711571,,,
global_c_near_far,global_c,near,,power,z_mahalanobis_sq,,0.0898100172711571,,,
global_c_near_far,global_c,near,,power,z_mahalanobis_sq,,0.0898100172711571,,,
global_c_near_far,global_c,near,,power,z_mahalanobis_sq,,0.0898100172711571,,,
global_c_near_far,global_c,near,,power,z_mahalanobis_sq,,0.0898100172711571,,,
global_c_near_far,global_c,near,,power,z_mahalanobis_sq,,0.0898100172711571,,,
global_c_near_far,global_c,near,,power,z_plus,,0.0413186813186813,0.0,0.4436311514572383,
global_c_near_far,global_c,near,,power,z_plus,,0.0413186813186813,0.0,0.4240611562350693,
global_c_near_far,global_c,near,,power,z_plus,,0.0408791208791208,0.0434782608695652,0.5750979455327281,
global_c_near_far,global_c,near,,power,z_plus,,0.0413186813186813,0.0,0.4922503583373148,
global_c_near_far,global_c,near,,power,z_plus,,0.0413186813186813,0.0,0.5230004777830866,
global_c_near_far,global_c,near,,power,z_plus,,0.0398534127347686,0.0608695652173913,0.5014638809775139,
global_c_near_far,global_c,near,,power,z_plus,,0.0412276683463124,0.0347826086956521,0.5068533529845246,
global_c_near_far,global_c,near,,power,z_plus,,0.0407695831424645,0.0347826086956521,0.4880758429763588,
global_c_near_far,global_c,near,,power,z_plus,,0.0407695831424645,0.0521739130434782,0.5083789758808182,
global_c_near_far,global_c,near,,power,z_plus,,0.0393953275309207,0.0608695652173913,0.50367464000478,
global_c_near_far,global_c,near,,power,z_plus,,0.0386847195357833,0.0565217391304347,0.5406200067277773,
global_c_near_far,global_c,near,,power,z_plus,,0.0435203094777562,0.0217391304347826,0.4730510470103439,
global_c_near_far,global_c,near,,power,z_plus,,0.0415860735009671,0.0347826086956521,0.5111775712723909,
global_c_near_far,global_c,near,,power,z_plus,,0.0415860735009671,0.0304347826086956,0.5351295097132285,
global_c_near_far,global_c,near,,power,z_plus,,0.0396518375241779,0.0652173913043478,0.5428054831385081,
global_c_near_far,global_c,near,,power,z_plus,,0.0500920651670632,,,
global_c_near_far,global_c,near,,power,z_plus,,0.0500920651670632,,,
global_c_near_far,global_c,near,,power,z_plus,,0.0500920651670632,,,
global_c_near_far,global_c,near,,power,z_plus,,0.0500920651670632,,,
global_c_near_far,global_c,near,,power,z_plus,,0.0500920651670632,,,
global_c_near_far,global_c,near,,power,z_plus,,0.0500920651670632,,,
global_c_near_far,global_c,near,,power,z_plus,,0.0500920651670632,,,
global_c_near_far,global_c,near,,power,z_plus,,0.0500920651670632,,,
global_c_near_far,global_c,near,,power,z_plus,,0.0500920651670632,,,
global_c_near_far,global_c,near,,power,z_plus,,0.0500920651670632,,,
global_c_near_far,global_c,near,,power,z_plus,,0.0500920651670632,,,
global_c_near_far,global_c,near,,power,z_plus,,0.0500920651670632,,,
global_c_near_far,global_c,near,,power,z_plus,,0.0500920651670632,,,
global_c_near_far,global_c,near,,power,z_plus,,0.0500920651670632,,,
global_c_near_far,global_c,near,,power,z_plus,,0.0500920651670632,,,
global_c_near_far,global_c,near,,power,z_plus_orth,,0.0373167481119502,0.0,0.4413690533675854,
global_c_near_far,global_c,near,,power,z_plus_orth,,0.0368725011106175,0.0869565217391304,0.4514708438761516,
global_c_near_far,global_c,near,,power,z_plus_orth,,0.0364282541092847,0.1304347826086956,0.5233036524829545,
global_c_near_far,global_c,near,,power,z_plus_orth,,0.0368725011106175,0.0,0.489869236860912,
global_c_near_far,global_c,near,,power,z_plus_orth,,0.0373167481119502,0.0,0.4874741660711181,
global_c_near_far,global_c,near,,power,z_plus_orth,,0.037037037037037,0.0884955752212389,0.4948172730252376,
global_c_near_far,global_c,near,,power,z_plus_orth,,0.0370541917554423,0.0614035087719298,0.5177591965091051,
global_c_near_far,global_c,near,,power,z_plus_orth,,0.0375173691523853,0.0353982300884955,0.4764127935335516,
global_c_near_far,global_c,near,,power,z_plus_orth,,0.0379805465493283,0.0695652173913043,0.4992931510159695,
global_c_near_far,global_c,near,,power,z_plus_orth,,0.0374826469227209,0.0526315789473684,0.5129447867702575,
global_c_near_far,global_c,near,,power,z_plus_orth,,0.0351734245236932,0.079295154185022,0.5398487955942832,
global_c_near_far,global_c,near,,power,z_plus_orth,,0.0380116959064327,0.0619469026548672,0.4738804360951543,
global_c_near_far,global_c,near,,power,z_plus_orth,,0.0351734245236932,0.0488888888888888,0.5264332627693644,
global_c_near_far,global_c,near,,power,z_plus_orth,,0.0351390922401171,0.0663716814159292,0.5408077326733955,
global_c_near_far,global_c,near,,power,z_plus_orth,,0.0376160234489496,0.0701754385964912,0.5141585032439427,
global_c_near_far,global_c,near,,power,z_plus_orth,,0.0642637162085091,,,
global_c_near_far,global_c,near,,power,z_plus_orth,,0.0642637162085091,,,
global_c_near_far,global_c,near,,power,z_plus_orth,,0.0642637162085091,,,
global_c_near_far,global_c,near,,power,z_plus_orth,,0.0642637162085091,,,
global_c_near_far,global_c,near,,power,z_plus_orth,,0.0642637162085091,,,
global_c_near_far,global_c,near,,power,z_plus_orth,,0.0642637162085091,,,
global_c_near_far,global_c,near,,power,z_plus_orth,,0.0642637162085091,,,
global_c_near_far,global_c,near,,power,z_plus_orth,,0.0642637162085091,,,
global_c_near_far,global_c,near,,power,z_plus_orth,,0.0642637162085091,,,
global_c_near_far,global_c,near,,power,z_plus_orth,,0.0642637162085091,,,
global_c_near_far,global_c,near,,power,z_plus_orth,,0.0642637162085091,,,
global_c_near_far,global_c,near,,power,z_plus_orth,,0.0642637162085091,,,
global_c_near_far,global_c,near,,power,z_plus_orth,,0.0642637162085091,,,
global_c_near_far,global_c,near,,power,z_plus_orth,,0.0642637162085091,,,
global_c_near_far,global_c,near,,power,z_plus_orth,,0.0642637162085091,,,
global_c_near_far,global_c,near,,power,z_plus_renorm,,0.0537538871612616,0.0,0.4505437196994573,
global_c_near_far,global_c,near,,power,z_plus_renorm,,0.0528653931585961,0.0869565217391304,0.4578448225909257,
global_c_near_far,global_c,near,,power,z_plus_renorm,,0.0528653931585961,0.0869565217391304,0.5264133814922836,
global_c_near_far,global_c,near,,power,z_plus_renorm,,0.0537538871612616,0.0,0.4888841674231742,
global_c_near_far,global_c,near,,power,z_plus_renorm,,0.0537538871612616,0.0434782608695652,0.508392405307786,
global_c_near_far,global_c,near,,power,z_plus_renorm,,0.0513888888888888,0.0884955752212389,0.4953457882661423,
global_c_near_far,global_c,near,,power,z_plus_renorm,,0.0532654006484483,0.0526315789473684,0.5245443390783582,
global_c_near_far,global_c,near,,power,z_plus_renorm,,0.0541917554423344,0.0265486725663716,0.4845737333327867,
global_c_near_far,global_c,near,,power,z_plus_renorm,,0.0523390458545623,0.0956521739130434,0.5023541494653321,
global_c_near_far,global_c,near,,power,z_plus_renorm,,0.0527533549282739,0.0614035087719298,0.5145928217118456,
global_c_near_far,global_c,near,,power,z_plus_renorm,,0.0537371763556424,0.052863436123348,0.5340252954253458,
global_c_near_far,global_c,near,,power,z_plus_renorm,,0.0555555555555555,0.0265486725663716,0.4715796373923994,
global_c_near_far,global_c,near,,power,z_plus_renorm,,0.0503175378602833,0.0622222222222222,0.5334158388970309,
global_c_near_far,global_c,near,,power,z_plus_renorm,,0.0531966813079551,0.0486725663716814,0.5442952962161556,
global_c_near_far,global_c,near,,power,z_plus_renorm,,0.0537371763556424,0.0701754385964912,0.5257672760308196,
global_c_near_far,global_c,near,,power,z_plus_renorm,,0.0758298163567925,,,
global_c_near_far,global_c,near,,power,z_plus_renorm,,0.0758298163567925,,,
global_c_near_far,global_c,near,,power,z_plus_renorm,,0.0758298163567925,,,
global_c_near_far,global_c,near,,power,z_plus_renorm,,0.0758298163567925,,,
global_c_near_far,global_c,near,,power,z_plus_renorm,,0.0758298163567925,,,
global_c_near_far,global_c,near,,power,z_plus_renorm,,0.0758298163567925,,,
global_c_near_far,global_c,near,,power,z_plus_renorm,,0.0758298163567925,,,
global_c_near_far,global_c,near,,power,z_plus_renorm,,0.0758298163567925,,,
global_c_near_far,global_c,near,,power,z_plus_renorm,,0.0758298163567925,,,
global_c_near_far,global_c,near,,power,z_plus_renorm,,0.0758298163567925,,,
global_c_near_far,global_c,near,,power,z_plus_renorm,,0.0758298163567925,,,
global_c_near_far,global_c,near,,power,z_plus_renorm,,0.0758298163567925,,,
global_c_near_far,global_c,near,,power,z_plus_renorm,,0.0758298163567925,,,
global_c_near_far,global_c,near,,power,z_plus_renorm,,0.0758298163567925,,,
global_c_near_far,global_c,near,,power,z_plus_renorm,,0.0758298163567925,,,
global_c_near_far,global_c,near,,power,z_plus_softmax,,0.0439804531319413,0.0,0.4435709732872346,
global_c_near_far,global_c,near,,power,z_plus_softmax,,0.0430919591292758,0.1304347826086956,0.4563768759778263,
global_c_near_far,global_c,near,,power,z_plus_softmax,,0.0435362061306086,0.1304347826086956,0.5173739207695129,
global_c_near_far,global_c,near,,power,z_plus_softmax,,0.0435362061306086,0.0,0.4880729337685666,
global_c_near_far,global_c,near,,power,z_plus_softmax,,0.0439804531319413,0.0,0.4840553956695575,
global_c_near_far,global_c,near,,power,z_plus_softmax,,0.0425925925925925,0.0973451327433628,0.4952146837102589,
global_c_near_far,global_c,near,,power,z_plus_softmax,,0.0435386753126447,0.0526315789473684,0.5174260338200759,
global_c_near_far,global_c,near,,power,z_plus_softmax,,0.0444650301065308,0.0353982300884955,0.4781138432656875,
global_c_near_far,global_c,near,,power,z_plus_softmax,,0.0444650301065308,0.0695652173913043,0.4999899309261534,
global_c_near_far,global_c,near,,power,z_plus_softmax,,0.0434983803794539,0.0526315789473684,0.512275018875277,
global_c_near_far,global_c,near,,power,z_plus_softmax,,0.0405471421592574,0.0837004405286343,0.5395130727464066,
global_c_near_far,global_c,near,,power,z_plus_softmax,,0.0443469785575048,0.0530973451327433,0.4722675050458003,
global_c_near_far,global_c,near,,power,z_plus_softmax,,0.0410356619443087,0.0444444444444444,0.5254649079954405,
global_c_near_far,global_c,near,,power,z_plus_softmax,,0.0424597364568082,0.0619469026548672,0.540982650721051,
global_c_near_far,global_c,near,,power,z_plus_softmax,,0.0449438202247191,0.0701754385964912,0.5165775332322011,
global_c_near_far,global_c,near,,power,z_plus_softmax,,0.0693737880688947,,,
global_c_near_far,global_c,near,,power,z_plus_softmax,,0.0693737880688947,,,
global_c_near_far,global_c,near,,power,z_plus_softmax,,0.0693737880688947,,,
global_c_near_far,global_c,near,,power,z_plus_softmax,,0.0693737880688947,,,
global_c_near_far,global_c,near,,power,z_plus_softmax,,0.0693737880688947,,,
global_c_near_far,global_c,near,,power,z_plus_softmax,,0.0693737880688947,,,
global_c_near_far,global_c,near,,power,z_plus_softmax,,0.0693737880688947,,,
global_c_near_far,global_c,near,,power,z_plus_softmax,,0.0693737880688947,,,
global_c_near_far,global_c,near,,power,z_plus_softmax,,0.0693737880688947,,,
global_c_near_far,global_c,near,,power,z_plus_softmax,,0.0693737880688947,,,
global_c_near_far,global_c,near,,power,z_plus_softmax,,0.0693737880688947,,,
global_c_near_far,global_c,near,,power,z_plus_softmax,,0.0693737880688947,,,
global_c_near_far,global_c,near,,power,z_plus_softmax,,0.0693737880688947,,,
global_c_near_far,global_c,near,,power,z_plus_softmax,,0.0693737880688947,,,
global_c_near_far,global_c,near,,power,z_plus_softmax,,0.0693737880688947,,,
iid_transfer,2006-2012,,2003.0,annual_fpr,z_mahalanobis_sq,0.0,,,,
iid_transfer,2006-2012,,2004.0,annual_fpr,z_mahalanobis_sq,0.0,,,,
iid_transfer,2006-2012,,2005.0,annual_fpr,z_mahalanobis_sq,35.0,0.0093632958801498,,,
iid_transfer,2006-2012,,2006.0,annual_fpr,z_mahalanobis_sq,353.0,0.0709342560553633,,,
iid_transfer,2006-2012,,2007.0,annual_fpr,z_mahalanobis_sq,447.0,0.0622895622895622,,,
iid_transfer,2006-2012,,2008.0,annual_fpr,z_mahalanobis_sq,460.0,0.038269550748752,,,
iid_transfer,2006-2012,,2009.0,annual_fpr,z_mahalanobis_sq,460.0,0.0411663807890223,,,
iid_transfer,2006-2012,,2010.0,annual_fpr,z_mahalanobis_sq,438.0,0.0347682119205298,,,
iid_transfer,2006-2012,,2011.0,annual_fpr,z_mahalanobis_sq,451.0,0.0319865319865319,,,
iid_transfer,2006-2012,,2012.0,annual_fpr,z_mahalanobis_sq,440.0,0.0187713310580204,,,
iid_transfer,2006-2012,,2013.0,annual_fpr,z_mahalanobis_sq,455.0,0.0296167247386759,,,
iid_transfer,2006-2012,,2014.0,annual_fpr,z_mahalanobis_sq,449.0,0.0310880829015544,,,
iid_transfer,2006-2012,,2015.0,annual_fpr,z_mahalanobis_sq,456.0,0.0218855218855218,,,
iid_transfer,2006-2012,,2016.0,annual_fpr,z_mahalanobis_sq,468.0,0.0271646859083191,,,
iid_transfer,2006-2012,,2017.0,annual_fpr,z_mahalanobis_sq,470.0,0.0453020134228187,,,
iid_transfer,2006-2012,,2018.0,annual_fpr,z_mahalanobis_sq,487.0,0.0295566502463054,,,
iid_transfer,2006-2012,,2019.0,annual_fpr,z_mahalanobis_sq,511.0,0.0361635220125786,,,
iid_transfer,2006-2012,,2020.0,annual_fpr,z_mahalanobis_sq,538.0,0.0367534456355283,,,
iid_transfer,2006-2012,,2021.0,annual_fpr,z_mahalanobis_sq,578.0,0.0307017543859649,,,
iid_transfer,2006-2012,,2022.0,annual_fpr,z_mahalanobis_sq,628.0,0.0335664335664335,,,
iid_transfer,2006-2012,,2023.0,annual_fpr,z_mahalanobis_sq,598.0,0.0430416068866571,,,
iid_transfer,2006-2012,,2024.0,annual_fpr,z_mahalanobis_sq,615.0,0.0238095238095238,,,
iid_transfer,2006-2012,,2025.0,annual_fpr,z_mahalanobis_sq,642.0,0.0286085825747724,,,
iid_transfer,2006-2012,,,calibration_diagnostic,,,,,,candidate_scored
iid_transfer,2006-2012,,,calibration_diagnostic,,,,,,selected
iid_transfer,2006-2012,far,,fpr,breadth,4232.0,0.0085066162570888,,,
iid_transfer,2006-2012,far,,fpr,t_iut,4232.0,0.0425330812854442,,,
iid_transfer,2006-2012,far,,fpr,z_mahalanobis_sq,3599.0,0.0326086956521739,,,
iid_transfer,2006-2012,far,,fpr,z_plus,4232.0,0.0434782608695652,,,
iid_transfer,2006-2012,far,,fpr,z_plus_orth,4181.0,0.0401701323251417,,,
iid_transfer,2006-2012,far,,fpr,z_plus_renorm,4181.0,0.0498582230623818,,,
iid_transfer,2006-2012,far,,fpr,z_plus_softmax,4181.0,0.0441871455576559,,,
iid_transfer,2006-2012,iid,,fpr,breadth,4140.0,0.0089371980676328,,,
iid_transfer,2006-2012,iid,,fpr,t_iut,4140.0,0.0483091787439613,,,
iid_transfer,2006-2012,iid,,fpr,z_mahalanobis_sq,3049.0,0.0425120772946859,,,
iid_transfer,2006-2012,iid,,fpr,z_plus,4140.0,0.0555555555555555,,,
iid_transfer,2006-2012,iid,,fpr,z_plus_orth,4081.0,0.0606280193236715,,,
iid_transfer,2006-2012,iid,,fpr,z_plus_renorm,4081.0,0.0707729468599033,,,
iid_transfer,2006-2012,iid,,fpr,z_plus_softmax,4081.0,0.0681159420289855,,,
iid_transfer,2006-2012,near,,fpr,breadth,2932.0,0.0092087312414733,,,
iid_transfer,2006-2012,near,,fpr,t_iut,2932.0,0.0487721691678035,,,
iid_transfer,2006-2012,near,,fpr,z_mahalanobis_sq,2298.0,0.0310368349249658,,,
iid_transfer,2006-2012,near,,fpr,z_plus,2932.0,0.0453615279672578,,,
iid_transfer,2006-2012,near,,fpr,z_plus_orth,2898.0,0.0433151432469304,,,
iid_transfer,2006-2012,near,,fpr,z_plus_renorm,2898.0,0.0688949522510232,,,
iid_transfer,2006-2012,near,,fpr,z_plus_softmax,2898.0,0.0487721691678035,,,
iid_transfer,2006-2012,far,,power,breadth,,0.0098231827111984,0.0277777777777777,0.4314014407334643,
iid_transfer,2006-2012,far,,power,breadth,,0.0098231827111984,0.0,0.5164109520691053,
iid_transfer,2006-2012,far,,power,breadth,,0.0098231827111984,0.0,0.4153062338229332,
iid_transfer,2006-2012,far,,power,breadth,,0.0101038450743755,0.0,0.4905081548008856,
iid_transfer,2006-2012,far,,power,breadth,,0.0101038450743755,0.0277777777777777,0.5210029001777529,
iid_transfer,2006-2012,far,,power,breadth,,0.0099444281953787,0.0111111111111111,0.4679576549348412,
iid_transfer,2006-2012,far,,power,breadth,,0.0096519450131617,0.0111111111111111,0.5000658087159988,
iid_transfer,2006-2012,far,,power,breadth,,0.0105293945598128,0.0,0.5111167982840987,
iid_transfer,2006-2012,far,,power,breadth,,0.0099444281953787,0.0166666666666666,0.4984465893211141,
iid_transfer,2006-2012,far,,power,breadth,,0.0099444281953787,0.0166666666666666,0.518036462903383,
iid_transfer,2006-2012,far,,power,breadth,,0.009262117937635,0.0194444444444444,0.5368134883880484,
iid_transfer,2006-2012,far,,power,breadth,,0.0104970669959864,0.0055555555555555,0.4636303214297966,
iid_transfer,2006-2012,far,,power,breadth,,0.0098795924668107,0.0111111111111111,0.5227166306473191,
iid_transfer,2006-2012,far,,power,breadth,,0.0098795924668107,0.0138888888888888,0.5133477410723475,
iid_transfer,2006-2012,far,,power,breadth,,0.0095708552022229,0.0138888888888888,0.487950670645947,
iid_transfer,2006-2012,far,,power,breadth,,0.0076126281333448,,,
iid_transfer,2006-2012,far,,power,breadth,,0.0076126281333448,,,
iid_transfer,2006-2012,far,,power,breadth,,0.0076126281333448,,,
iid_transfer,2006-2012,far,,power,breadth,,0.0076126281333448,,,
iid_transfer,2006-2012,far,,power,breadth,,0.0076126281333448,,,
iid_transfer,2006-2012,far,,power,breadth,,0.0076126281333448,,,
iid_transfer,2006-2012,far,,power,breadth,,0.0076126281333448,,,
iid_transfer,2006-2012,far,,power,breadth,,0.0076126281333448,,,
iid_transfer,2006-2012,far,,power,breadth,,0.0076126281333448,,,
iid_transfer,2006-2012,far,,power,breadth,,0.0076126281333448,,,
iid_transfer,2006-2012,far,,power,breadth,,0.0076126281333448,,,
iid_transfer,2006-2012,far,,power,breadth,,0.0076126281333448,,,
iid_transfer,2006-2012,far,,power,breadth,,0.0076126281333448,,,
iid_transfer,2006-2012,far,,power,breadth,,0.0076126281333448,,,
iid_transfer,2006-2012,far,,power,breadth,,0.0076126281333448,,,
iid_transfer,2006-2012,far,,power,t_iut,,0.0395733932079708,0.0277777777777777,0.4850157482770449,
iid_transfer,2006-2012,far,,power,t_iut,,0.0392927308447937,0.0555555555555555,0.5495836841612873,
iid_transfer,2006-2012,far,,power,t_iut,,0.0395733932079708,0.0277777777777777,0.4458633486138398,
iid_transfer,2006-2012,far,,power,t_iut,,0.0392927308447937,0.0555555555555555,0.409954158480681,
iid_transfer,2006-2012,far,,power,t_iut,,0.0390120684816166,0.0555555555555555,0.5322293947048368,
iid_transfer,2006-2012,far,,power,t_iut,,0.040070195963732,0.0277777777777777,0.5277534041792598,
iid_transfer,2006-2012,far,,power,t_iut,,0.0386077800526469,0.0444444444444444,0.5050030873224789,
iid_transfer,2006-2012,far,,power,t_iut,,0.039777712781515,0.0222222222222222,0.498383217964967,
iid_transfer,2006-2012,far,,power,t_iut,,0.0386077800526469,0.0388888888888888,0.5064882519255143,
iid_transfer,2006-2012,far,,power,t_iut,,0.039777712781515,0.0222222222222222,0.4608722498456338,
iid_transfer,2006-2012,far,,power,t_iut,,0.0385921580734794,0.0444444444444444,0.4875064320263456,
iid_transfer,2006-2012,far,,power,t_iut,,0.0398271071318308,0.0333333333333333,0.4730678192857878,
iid_transfer,2006-2012,far,,power,t_iut,,0.0395183698672429,0.0416666666666666,0.4817347603855785,
iid_transfer,2006-2012,far,,power,t_iut,,0.0407533189255943,0.0444444444444444,0.4582141264450619,
iid_transfer,2006-2012,far,,power,t_iut,,0.0389008953380673,0.0388888888888888,0.4392953929539295,
iid_transfer,2006-2012,far,,power,t_iut,,0.072370758810798,,,
iid_transfer,2006-2012,far,,power,t_iut,,0.072370758810798,,,
iid_transfer,2006-2012,far,,power,t_iut,,0.072370758810798,,,
iid_transfer,2006-2012,far,,power,t_iut,,0.072370758810798,,,
iid_transfer,2006-2012,far,,power,t_iut,,0.072370758810798,,,
iid_transfer,2006-2012,far,,power,t_iut,,0.072370758810798,,,
iid_transfer,2006-2012,far,,power,t_iut,,0.072370758810798,,,
iid_transfer,2006-2012,far,,power,t_iut,,0.072370758810798,,,
iid_transfer,2006-2012,far,,power,t_iut,,0.072370758810798,,,
iid_transfer,2006-2012,far,,power,t_iut,,0.072370758810798,,,
iid_transfer,2006-2012,far,,power,t_iut,,0.072370758810798,,,
iid_transfer,2006-2012,far,,power,t_iut,,0.072370758810798,,,
iid_transfer,2006-2012,far,,power,t_iut,,0.072370758810798,,,
iid_transfer,2006-2012,far,,power,t_iut,,0.072370758810798,,,
iid_transfer,2006-2012,far,,power,t_iut,,0.072370758810798,,,
iid_transfer,2006-2012,far,,power,z_mahalanobis_sq,,0.0387314061184395,0.0277777777777777,0.4690257897527052,
iid_transfer,2006-2012,far,,power,z_mahalanobis_sq,,0.0381700813920853,0.0555555555555555,0.4596158044095175,
iid_transfer,2006-2012,far,,power,z_mahalanobis_sq,,0.0378894190289082,0.0833333333333333,0.4935213771166619,
iid_transfer,2006-2012,far,,power,z_mahalanobis_sq,,0.0384507437552624,0.0555555555555555,0.5483674805875199,
iid_transfer,2006-2012,far,,power,z_mahalanobis_sq,,0.0384507437552624,0.0277777777777777,0.5511351233355163,
iid_transfer,2006-2012,far,,power,z_mahalanobis_sq,,0.039192746417081,0.0277777777777777,0.4723148418965909,
iid_transfer,2006-2012,far,,power,z_mahalanobis_sq,,0.0389002632348639,0.0333333333333333,0.4648890188814144,
iid_transfer,2006-2012,far,,power,z_mahalanobis_sq,,0.0380228136882129,0.0388888888888888,0.4890578791719476,
iid_transfer,2006-2012,far,,power,z_mahalanobis_sq,,0.039192746417081,0.0444444444444444,0.5140408176529849,
iid_transfer,2006-2012,far,,power,z_mahalanobis_sq,,0.0389002632348639,0.05,0.5595138279548926,
iid_transfer,2006-2012,far,,power,z_mahalanobis_sq,,0.0355047854276011,0.0611111111111111,0.4984194367260128,
iid_transfer,2006-2012,far,,power,z_mahalanobis_sq,,0.0373572090151281,0.0444444444444444,0.5010222633871908,
iid_transfer,2006-2012,far,,power,z_mahalanobis_sq,,0.0389008953380673,0.0416666666666666,0.5050907344516483,
iid_transfer,2006-2012,far,,power,z_mahalanobis_sq,,0.0395183698672429,0.0388888888888888,0.516038900895338,
iid_transfer,2006-2012,far,,power,z_mahalanobis_sq,,0.0404445816610064,0.0305555555555555,0.537344344962437,
iid_transfer,2006-2012,far,,power,z_mahalanobis_sq,,0.0898100172711571,,,
iid_transfer,2006-2012,far,,power,z_mahalanobis_sq,,0.0898100172711571,,,
iid_transfer,2006-2012,far,,power,z_mahalanobis_sq,,0.0898100172711571,,,
iid_transfer,2006-2012,far,,power,z_mahalanobis_sq,,0.0898100172711571,,,
iid_transfer,2006-2012,far,,power,z_mahalanobis_sq,,0.0898100172711571,,,
iid_transfer,2006-2012,far,,power,z_mahalanobis_sq,,0.0898100172711571,,,
iid_transfer,2006-2012,far,,power,z_mahalanobis_sq,,0.0898100172711571,,,
iid_transfer,2006-2012,far,,power,z_mahalanobis_sq,,0.0898100172711571,,,
iid_transfer,2006-2012,far,,power,z_mahalanobis_sq,,0.0898100172711571,,,
iid_transfer,2006-2012,far,,power,z_mahalanobis_sq,,0.0898100172711571,,,
iid_transfer,2006-2012,far,,power,z_mahalanobis_sq,,0.0898100172711571,,,
iid_transfer,2006-2012,far,,power,z_mahalanobis_sq,,0.0898100172711571,,,
iid_transfer,2006-2012,far,,power,z_mahalanobis_sq,,0.0898100172711571,,,
iid_transfer,2006-2012,far,,power,z_mahalanobis_sq,,0.0898100172711571,,,
iid_transfer,2006-2012,far,,power,z_mahalanobis_sq,,0.0898100172711571,,,
iid_transfer,2006-2012,far,,power,z_plus,,0.0420993544765646,0.0,0.4209467677051174,
iid_transfer,2006-2012,far,,power,z_plus,,0.0418186921133875,0.0277777777777777,0.5240667976424361,
iid_transfer,2006-2012,far,,power,z_plus,,0.0409767050238563,0.1111111111111111,0.4819050737518321,
iid_transfer,2006-2012,far,,power,z_plus,,0.0418186921133875,0.0277777777777777,0.4881381170673901,
iid_transfer,2006-2012,far,,power,z_plus,,0.0418186921133875,0.0277777777777777,0.5847054604421992,
iid_transfer,2006-2012,far,,power,z_plus,,0.0421175782392512,0.0333333333333333,0.4947320529069577,
iid_transfer,2006-2012,far,,power,z_plus,,0.0421175782392512,0.0277777777777777,0.4803378180754606,
iid_transfer,2006-2012,far,,power,z_plus,,0.0415326118748171,0.0444444444444444,0.4947531766923402,
iid_transfer,2006-2012,far,,power,z_plus,,0.0412401286926001,0.0555555555555555,0.5088134932241396,
iid_transfer,2006-2012,far,,power,z_plus,,0.0406551623281661,0.0666666666666666,0.5281409443956973,
iid_transfer,2006-2012,far,,power,z_plus,,0.0410620561901821,0.05,0.5026139755068436,
iid_transfer,2006-2012,far,,power,z_plus,,0.0422970052485335,0.0361111111111111,0.481640852800933,
iid_transfer,2006-2012,far,,power,z_plus,,0.0429144797777091,0.025,0.5121325168947892,
iid_transfer,2006-2012,far,,power,z_plus,,0.0429144797777091,0.0277777777777777,0.5207625810435319,
iid_transfer,2006-2012,far,,power,z_plus,,0.0429144797777091,0.0388888888888888,0.495537888923193,
iid_transfer,2006-2012,far,,power,z_plus,,0.0500920651670632,,,
iid_transfer,2006-2012,far,,power,z_plus,,0.0500920651670632,,,
iid_transfer,2006-2012,far,,power,z_plus,,0.0500920651670632,,,
iid_transfer,2006-2012,far,,power,z_plus,,0.0500920651670632,,,
iid_transfer,2006-2012,far,,power,z_plus,,0.0500920651670632,,,
iid_transfer,2006-2012,far,,power,z_plus,,0.0500920651670632,,,
iid_transfer,2006-2012,far,,power,z_plus,,0.0500920651670632,,,
iid_transfer,2006-2012,far,,power,z_plus,,0.0500920651670632,,,
iid_transfer,2006-2012,far,,power,z_plus,,0.0500920651670632,,,
iid_transfer,2006-2012,far,,power,z_plus,,0.0500920651670632,,,
iid_transfer,2006-2012,far,,power,z_plus,,0.0500920651670632,,,
iid_transfer,2006-2012,far,,power,z_plus,,0.0500920651670632,,,
iid_transfer,2006-2012,far,,power,z_plus,,0.0500920651670632,,,
iid_transfer,2006-2012,far,,power,z_plus,,0.0500920651670632,,,
iid_transfer,2006-2012,far,,power,z_plus,,0.0500920651670632,,,
iid_transfer,2006-2012,far,,power,z_plus_orth,,0.0343165059557572,0.0555555555555555,0.4375748408646877,
iid_transfer,2006-2012,far,,power,z_plus_orth,,0.0343262411347517,0.0277777777777777,0.5204885736800631,
iid_transfer,2006-2012,far,,power,z_plus_orth,,0.0343262411347517,0.0277777777777777,0.4972261623325453,
iid_transfer,2006-2012,far,,power,z_plus_orth,,0.0340328984685195,0.0285714285714285,0.496604813224212,
iid_transfer,2006-2012,far,,power,z_plus_orth,,0.0337492909812819,0.1111111111111111,0.5693577866011218,
iid_transfer,2006-2012,far,,power,z_plus_orth,,0.0351966873706004,0.0388888888888888,0.5002941273127608,
iid_transfer,2006-2012,far,,power,z_plus_orth,,0.0345949142519219,0.0335195530726257,0.4624317368652313,
iid_transfer,2006-2012,far,,power,z_plus_orth,,0.0345642540620384,0.0614525139664804,0.4863768020266868,
iid_transfer,2006-2012,far,,power,z_plus_orth,,0.0339934968962459,0.0898876404494382,0.5089326340891502,
iid_transfer,2006-2012,far,,power,z_plus_orth,,0.0336879432624113,0.0903954802259887,0.5163163975370971,
iid_transfer,2006-2012,far,,power,z_plus_orth,,0.0336973478939157,0.0588235294117647,0.4926056538059841,
iid_transfer,2006-2012,far,,power,z_plus_orth,,0.03428927680798,0.0427350427350427,0.5044600038365625,
iid_transfer,2006-2012,far,,power,z_plus_orth,,0.0355916328442085,0.0810055865921787,0.4986657062076928,
iid_transfer,2006-2012,far,,power,z_plus_orth,,0.0333853354134165,0.0621468926553672,0.5178613924217985,
iid_transfer,2006-2012,far,,power,z_plus_orth,,0.0352574102964118,0.072829131652661,0.5074380454209766,
iid_transfer,2006-2012,far,,power,z_plus_orth,,0.0642637162085091,,,
iid_transfer,2006-2012,far,,power,z_plus_orth,,0.0642637162085091,,,
iid_transfer,2006-2012,far,,power,z_plus_orth,,0.0642637162085091,,,
iid_transfer,2006-2012,far,,power,z_plus_orth,,0.0642637162085091,,,
iid_transfer,2006-2012,far,,power,z_plus_orth,,0.0642637162085091,,,
iid_transfer,2006-2012,far,,power,z_plus_orth,,0.0642637162085091,,,
iid_transfer,2006-2012,far,,power,z_plus_orth,,0.0642637162085091,,,
iid_transfer,2006-2012,far,,power,z_plus_orth,,0.0642637162085091,,,
iid_transfer,2006-2012,far,,power,z_plus_orth,,0.0642637162085091,,,
iid_transfer,2006-2012,far,,power,z_plus_orth,,0.0642637162085091,,,
iid_transfer,2006-2012,far,,power,z_plus_orth,,0.0642637162085091,,,
iid_transfer,2006-2012,far,,power,z_plus_orth,,0.0642637162085091,,,
iid_transfer,2006-2012,far,,power,z_plus_orth,,0.0642637162085091,,,
iid_transfer,2006-2012,far,,power,z_plus_orth,,0.0642637162085091,,,
iid_transfer,2006-2012,far,,power,z_plus_orth,,0.0642637162085091,,,
iid_transfer,2006-2012,far,,power,z_plus_renorm,,0.0425411230856494,0.0,0.4280346001134429,
iid_transfer,2006-2012,far,,power,z_plus_renorm,,0.0422695035460992,0.0555555555555555,0.5421985815602837,
iid_transfer,2006-2012,far,,power,z_plus_renorm,,0.0419858156028368,0.0833333333333333,0.5106304176516943,
iid_transfer,2006-2012,far,,power,z_plus_renorm,,0.0419739081111741,0.0285714285714285,0.5207114496394134,
iid_transfer,2006-2012,far,,power,z_plus_renorm,,0.0416903006239364,0.0833333333333333,0.5785198840360497,
iid_transfer,2006-2012,far,,power,z_plus_renorm,,0.0425909494232475,0.0277777777777777,0.5124552236353479,
iid_transfer,2006-2012,far,,power,z_plus_renorm,,0.041986989946777,0.0558659217877094,0.4688839039410087,
iid_transfer,2006-2012,far,,power,z_plus_renorm,,0.0437223042836041,0.0223463687150838,0.484401277406897,
iid_transfer,2006-2012,far,,power,z_plus_renorm,,0.0425657700266036,0.0449438202247191,0.5044023820357572,
iid_transfer,2006-2012,far,,power,z_plus_renorm,,0.0425531914893617,0.0564971751412429,0.5215320351003726,
iid_transfer,2006-2012,far,,power,z_plus_renorm,,0.0430577223088923,0.0336134453781512,0.4797371054506046,
iid_transfer,2006-2012,far,,power,z_plus_renorm,,0.0417705735660847,0.037037037037037,0.5100532145419925,
iid_transfer,2006-2012,far,,power,z_plus_renorm,,0.0427724008741804,0.0391061452513966,0.4997113390553898,
iid_transfer,2006-2012,far,,power,z_plus_renorm,,0.0433697347893915,0.0282485875706214,0.5198427598120874,
iid_transfer,2006-2012,far,,power,z_plus_renorm,,0.0433697347893915,0.0252100840336134,0.5053902996455992,
iid_transfer,2006-2012,far,,power,z_plus_renorm,,0.0758298163567925,,,
iid_transfer,2006-2012,far,,power,z_plus_renorm,,0.0758298163567925,,,
iid_transfer,2006-2012,far,,power,z_plus_renorm,,0.0758298163567925,,,
iid_transfer,2006-2012,far,,power,z_plus_renorm,,0.0758298163567925,,,
iid_transfer,2006-2012,far,,power,z_plus_renorm,,0.0758298163567925,,,
iid_transfer,2006-2012,far,,power,z_plus_renorm,,0.0758298163567925,,,
iid_transfer,2006-2012,far,,power,z_plus_renorm,,0.0758298163567925,,,
iid_transfer,2006-2012,far,,power,z_plus_renorm,,0.0758298163567925,,,
iid_transfer,2006-2012,far,,power,z_plus_renorm,,0.0758298163567925,,,
iid_transfer,2006-2012,far,,power,z_plus_renorm,,0.0758298163567925,,,
iid_transfer,2006-2012,far,,power,z_plus_renorm,,0.0758298163567925,,,
iid_transfer,2006-2012,far,,power,z_plus_renorm,,0.0758298163567925,,,
iid_transfer,2006-2012,far,,power,z_plus_renorm,,0.0758298163567925,,,
iid_transfer,2006-2012,far,,power,z_plus_renorm,,0.0758298163567925,,,
iid_transfer,2006-2012,far,,power,z_plus_renorm,,0.0758298163567925,,,
iid_transfer,2006-2012,far,,power,z_plus_softmax,,0.0377197958026091,0.0555555555555555,0.4375354509359047,
iid_transfer,2006-2012,far,,power,z_plus_softmax,,0.0377304964539007,0.0277777777777777,0.5188179669030732,
iid_transfer,2006-2012,far,,power,z_plus_softmax,,0.0377304964539007,0.0277777777777777,0.4967454688731284,
iid_transfer,2006-2012,far,,power,z_plus_softmax,,0.0374361883153715,0.0285714285714285,0.4974799448991167,
iid_transfer,2006-2012,far,,power,z_plus_softmax,,0.0371525808281338,0.1111111111111111,0.5658284489821642,
iid_transfer,2006-2012,far,,power,z_plus_softmax,,0.038745933155871,0.0388888888888888,0.5010187649939203,
iid_transfer,2006-2012,far,,power,z_plus_softmax,,0.0384387936132466,0.0391061452513966,0.46362107641837,
iid_transfer,2006-2012,far,,power,z_plus_softmax,,0.0375184638109305,0.0614525139664804,0.4850894927506333,
iid_transfer,2006-2012,far,,power,z_plus_softmax,,0.0375406443984629,0.095505617977528,0.5088695294051221,
iid_transfer,2006-2012,far,,power,z_plus_softmax,,0.0366430260047281,0.0903954802259887,0.517623646004461,
iid_transfer,2006-2012,far,,power,z_plus_softmax,,0.0361934477379095,0.0504201680672268,0.4919152060200055,
iid_transfer,2006-2012,far,,power,z_plus_softmax,,0.0367830423940149,0.0427350427350427,0.5055203870665217,
iid_transfer,2006-2012,far,,power,z_plus_softmax,,0.0384014985950671,0.0810055865921787,0.4985000095929619,
iid_transfer,2006-2012,far,,power,z_plus_softmax,,0.0374414976599064,0.059322033898305,0.5188943828939598,
iid_transfer,2006-2012,far,,power,z_plus_softmax,,0.0386895475819032,0.072829131652661,0.5074135738538785,
iid_transfer,2006-2012,far,,power,z_plus_softmax,,0.0693737880688947,,,
iid_transfer,2006-2012,far,,power,z_plus_softmax,,0.0693737880688947,,,
iid_transfer,2006-2012,far,,power,z_plus_softmax,,0.0693737880688947,,,
iid_transfer,2006-2012,far,,power,z_plus_softmax,,0.0693737880688947,,,
iid_transfer,2006-2012,far,,power,z_plus_softmax,,0.0693737880688947,,,
iid_transfer,2006-2012,far,,power,z_plus_softmax,,0.0693737880688947,,,
iid_transfer,2006-2012,far,,power,z_plus_softmax,,0.0693737880688947,,,
iid_transfer,2006-2012,far,,power,z_plus_softmax,,0.0693737880688947,,,
iid_transfer,2006-2012,far,,power,z_plus_softmax,,0.0693737880688947,,,
iid_transfer,2006-2012,far,,power,z_plus_softmax,,0.0693737880688947,,,
iid_transfer,2006-2012,far,,power,z_plus_softmax,,0.0693737880688947,,,
iid_transfer,2006-2012,far,,power,z_plus_softmax,,0.0693737880688947,,,
iid_transfer,2006-2012,far,,power,z_plus_softmax,,0.0693737880688947,,,
iid_transfer,2006-2012,far,,power,z_plus_softmax,,0.0693737880688947,,,
iid_transfer,2006-2012,far,,power,z_plus_softmax,,0.0693737880688947,,,
iid_transfer,2006-2012,near,,power,breadth,,0.0114285714285714,0.0434782608695652,0.4843764930721452,
iid_transfer,2006-2012,near,,power,breadth,,0.0118681318681318,0.0,0.434495938843765,
iid_transfer,2006-2012,near,,power,breadth,,0.0118681318681318,0.0,0.6126803631151457,
iid_transfer,2006-2012,near,,power,breadth,,0.0118681318681318,0.0,0.4913903487816531,
iid_transfer,2006-2012,near,,power,breadth,,0.0118681318681318,0.0,0.555078834209269,
iid_transfer,2006-2012,near,,power,breadth,,0.0114521300961978,0.017391304347826,0.4961381425640822,
iid_transfer,2006-2012,near,,power,breadth,,0.0123683005038937,0.0260869565217391,0.4825808122049832,
iid_transfer,2006-2012,near,,power,breadth,,0.0109940448923499,0.0260869565217391,0.5012069549283993,
iid_transfer,2006-2012,near,,power,breadth,,0.0119102153000458,0.0,0.4919655838594674,
iid_transfer,2006-2012,near,,power,breadth,,0.0109940448923499,0.0521739130434782,0.4962596347268417,
iid_transfer,2006-2012,near,,power,breadth,,0.0120889748549323,0.008695652173913,0.5227514506769826,
iid_transfer,2006-2012,near,,power,breadth,,0.0120889748549323,0.008695652173913,0.4894594651417038,
iid_transfer,2006-2012,near,,power,breadth,,0.0120889748549323,0.0130434782608695,0.4768785215709359,
iid_transfer,2006-2012,near,,power,breadth,,0.0101547388781431,0.0347826086956521,0.5091255991926668,
iid_transfer,2006-2012,near,,power,breadth,,0.011605415860735,0.0217391304347826,0.5512330754352031,
iid_transfer,2006-2012,near,,power,breadth,,0.0076126281333448,,,
iid_transfer,2006-2012,near,,power,breadth,,0.0076126281333448,,,
iid_transfer,2006-2012,near,,power,breadth,,0.0076126281333448,,,
iid_transfer,2006-2012,near,,power,breadth,,0.0076126281333448,,,
iid_transfer,2006-2012,near,,power,breadth,,0.0076126281333448,,,
iid_transfer,2006-2012,near,,power,breadth,,0.0076126281333448,,,
iid_transfer,2006-2012,near,,power,breadth,,0.0076126281333448,,,
iid_transfer,2006-2012,near,,power,breadth,,0.0076126281333448,,,
iid_transfer,2006-2012,near,,power,breadth,,0.0076126281333448,,,
iid_transfer,2006-2012,near,,power,breadth,,0.0076126281333448,,,
iid_transfer,2006-2012,near,,power,breadth,,0.0076126281333448,,,
iid_transfer,2006-2012,near,,power,breadth,,0.0076126281333448,,,
iid_transfer,2006-2012,near,,power,breadth,,0.0076126281333448,,,
iid_transfer,2006-2012,near,,power,breadth,,0.0076126281333448,,,
iid_transfer,2006-2012,near,,power,breadth,,0.0076126281333448,,,
iid_transfer,2006-2012,near,,power,t_iut,,0.0404395604395604,0.1304347826086956,0.4443191591017678,
iid_transfer,2006-2012,near,,power,t_iut,,0.0413186813186813,0.0,0.4186335403726708,
iid_transfer,2006-2012,near,,power,t_iut,,0.0413186813186813,0.0869565217391304,0.565370281892021,
iid_transfer,2006-2012,near,,power,t_iut,,0.0413186813186813,0.0869565217391304,0.4139130434782608,
iid_transfer,2006-2012,near,,power,t_iut,,0.0413186813186813,0.0434782608695652,0.4958432871476349,
iid_transfer,2006-2012,near,,power,t_iut,,0.0398534127347686,0.0695652173913043,0.5434444023979765,
iid_transfer,2006-2012,near,,power,t_iut,,0.0393953275309207,0.0608695652173913,0.4981377840626182,
iid_transfer,2006-2012,near,,power,t_iut,,0.0412276683463124,0.0434782608695652,0.4698321018144157,
iid_transfer,2006-2012,near,,power,t_iut,,0.0398534127347686,0.0695652173913043,0.5001254755123583,
iid_transfer,2006-2012,near,,power,t_iut,,0.0403114979386165,0.0521739130434782,0.4709115895556574,
iid_transfer,2006-2012,near,,power,t_iut,,0.0425531914893617,0.0347826086956521,0.5029791438903373,
iid_transfer,2006-2012,near,,power,t_iut,,0.0415860735009671,0.0304347826086956,0.4686611723151964,
iid_transfer,2006-2012,near,,power,t_iut,,0.0425531914893617,0.0304347826086956,0.4851610461693718,
iid_transfer,2006-2012,near,,power,t_iut,,0.0406189555125725,0.0608695652173913,0.4931271549911699,
iid_transfer,2006-2012,near,,power,t_iut,,0.0396518375241779,0.0739130434782608,0.4974034984442015,
iid_transfer,2006-2012,near,,power,t_iut,,0.072370758810798,,,
iid_transfer,2006-2012,near,,power,t_iut,,0.072370758810798,,,
iid_transfer,2006-2012,near,,power,t_iut,,0.072370758810798,,,
iid_transfer,2006-2012,near,,power,t_iut,,0.072370758810798,,,
iid_transfer,2006-2012,near,,power,t_iut,,0.072370758810798,,,
iid_transfer,2006-2012,near,,power,t_iut,,0.072370758810798,,,
iid_transfer,2006-2012,near,,power,t_iut,,0.072370758810798,,,
iid_transfer,2006-2012,near,,power,t_iut,,0.072370758810798,,,
iid_transfer,2006-2012,near,,power,t_iut,,0.072370758810798,,,
iid_transfer,2006-2012,near,,power,t_iut,,0.072370758810798,,,
iid_transfer,2006-2012,near,,power,t_iut,,0.072370758810798,,,
iid_transfer,2006-2012,near,,power,t_iut,,0.072370758810798,,,
iid_transfer,2006-2012,near,,power,t_iut,,0.072370758810798,,,
iid_transfer,2006-2012,near,,power,t_iut,,0.072370758810798,,,
iid_transfer,2006-2012,near,,power,t_iut,,0.072370758810798,,,
iid_transfer,2006-2012,near,,power,z_mahalanobis_sq,,0.04,0.0,0.4708456760630674,
iid_transfer,2006-2012,near,,power,z_mahalanobis_sq,,0.04,0.0,0.5020544672718585,
iid_transfer,2006-2012,near,,power,z_mahalanobis_sq,,0.0395604395604395,0.0434782608695652,0.5051505016722408,
iid_transfer,2006-2012,near,,power,z_mahalanobis_sq,,0.04,0.0,0.5048829431438128,
iid_transfer,2006-2012,near,,power,z_mahalanobis_sq,,0.0395604395604395,0.0869565217391304,0.5026660296225514,
iid_transfer,2006-2012,near,,power,z_mahalanobis_sq,,0.0384791571232249,0.0608695652173913,0.4958194745961879,
iid_transfer,2006-2012,near,,power,z_mahalanobis_sq,,0.0389372423270728,0.0521739130434782,0.5167519767372384,
iid_transfer,2006-2012,near,,power,z_mahalanobis_sq,,0.0398534127347686,0.0260869565217391,0.4879563424883985,
iid_transfer,2006-2012,near,,power,z_mahalanobis_sq,,0.0398534127347686,0.0434782608695652,0.514469517417196,
iid_transfer,2006-2012,near,,power,z_mahalanobis_sq,,0.037562986715529,0.0782608695652174,0.5489254914457568,
iid_transfer,2006-2012,near,,power,z_mahalanobis_sq,,0.0377176015473887,0.0565217391304347,0.5164304936506602,
iid_transfer,2006-2012,near,,power,z_mahalanobis_sq,,0.0411025145067698,0.0304347826086956,0.5152510301909007,
iid_transfer,2006-2012,near,,power,z_mahalanobis_sq,,0.0406189555125725,0.0434782608695652,0.5104764107308049,
iid_transfer,2006-2012,near,,power,z_mahalanobis_sq,,0.0391682785299806,0.0478260869565217,0.5409217054915483,
iid_transfer,2006-2012,near,,power,z_mahalanobis_sq,,0.038201160541586,0.0652173913043478,0.5336914473130938,
iid_transfer,2006-2012,near,,power,z_mahalanobis_sq,,0.0898100172711571,,,
iid_transfer,2006-2012,near,,power,z_mahalanobis_sq,,0.0898100172711571,,,
iid_transfer,2006-2012,near,,power,z_mahalanobis_sq,,0.0898100172711571,,,
iid_transfer,2006-2012,near,,power,z_mahalanobis_sq,,0.0898100172711571,,,
iid_transfer,2006-2012,near,,power,z_mahalanobis_sq,,0.0898100172711571,,,
iid_transfer,2006-2012,near,,power,z_mahalanobis_sq,,0.0898100172711571,,,
iid_transfer,2006-2012,near,,power,z_mahalanobis_sq,,0.0898100172711571,,,
iid_transfer,2006-2012,near,,power,z_mahalanobis_sq,,0.0898100172711571,,,
iid_transfer,2006-2012,near,,power,z_mahalanobis_sq,,0.0898100172711571,,,
iid_transfer,2006-2012,near,,power,z_mahalanobis_sq,,0.0898100172711571,,,
iid_transfer,2006-2012,near,,power,z_mahalanobis_sq,,0.0898100172711571,,,
iid_transfer,2006-2012,near,,power,z_mahalanobis_sq,,0.0898100172711571,,,
iid_transfer,2006-2012,near,,power,z_mahalanobis_sq,,0.0898100172711571,,,
iid_transfer,2006-2012,near,,power,z_mahalanobis_sq,,0.0898100172711571,,,
iid_transfer,2006-2012,near,,power,z_mahalanobis_sq,,0.0898100172711571,,,
iid_transfer,2006-2012,near,,power,z_plus,,0.0413186813186813,0.0,0.4436311514572383,
iid_transfer,2006-2012,near,,power,z_plus,,0.0413186813186813,0.0,0.4240611562350693,
iid_transfer,2006-2012,near,,power,z_plus,,0.0408791208791208,0.0434782608695652,0.5750979455327281,
iid_transfer,2006-2012,near,,power,z_plus,,0.0413186813186813,0.0,0.4922503583373148,
iid_transfer,2006-2012,near,,power,z_plus,,0.0413186813186813,0.0,0.5230004777830866,
iid_transfer,2006-2012,near,,power,z_plus,,0.0398534127347686,0.0608695652173913,0.5014638809775139,
iid_transfer,2006-2012,near,,power,z_plus,,0.0412276683463124,0.0347826086956521,0.5068533529845246,
iid_transfer,2006-2012,near,,power,z_plus,,0.0407695831424645,0.0347826086956521,0.4880758429763588,
iid_transfer,2006-2012,near,,power,z_plus,,0.0407695831424645,0.0521739130434782,0.5083789758808182,
iid_transfer,2006-2012,near,,power,z_plus,,0.0393953275309207,0.0608695652173913,0.50367464000478,
iid_transfer,2006-2012,near,,power,z_plus,,0.0386847195357833,0.0565217391304347,0.5406200067277773,
iid_transfer,2006-2012,near,,power,z_plus,,0.0435203094777562,0.0217391304347826,0.4730510470103439,
iid_transfer,2006-2012,near,,power,z_plus,,0.0415860735009671,0.0347826086956521,0.5111775712723909,
iid_transfer,2006-2012,near,,power,z_plus,,0.0415860735009671,0.0304347826086956,0.5351295097132285,
iid_transfer,2006-2012,near,,power,z_plus,,0.0396518375241779,0.0652173913043478,0.5428054831385081,
iid_transfer,2006-2012,near,,power,z_plus,,0.0500920651670632,,,
iid_transfer,2006-2012,near,,power,z_plus,,0.0500920651670632,,,
iid_transfer,2006-2012,near,,power,z_plus,,0.0500920651670632,,,
iid_transfer,2006-2012,near,,power,z_plus,,0.0500920651670632,,,
iid_transfer,2006-2012,near,,power,z_plus,,0.0500920651670632,,,
iid_transfer,2006-2012,near,,power,z_plus,,0.0500920651670632,,,
iid_transfer,2006-2012,near,,power,z_plus,,0.0500920651670632,,,
iid_transfer,2006-2012,near,,power,z_plus,,0.0500920651670632,,,
iid_transfer,2006-2012,near,,power,z_plus,,0.0500920651670632,,,
iid_transfer,2006-2012,near,,power,z_plus,,0.0500920651670632,,,
iid_transfer,2006-2012,near,,power,z_plus,,0.0500920651670632,,,
iid_transfer,2006-2012,near,,power,z_plus,,0.0500920651670632,,,
iid_transfer,2006-2012,near,,power,z_plus,,0.0500920651670632,,,
iid_transfer,2006-2012,near,,power,z_plus,,0.0500920651670632,,,
iid_transfer,2006-2012,near,,power,z_plus,,0.0500920651670632,,,
iid_transfer,2006-2012,near,,power,z_plus_orth,,0.0373167481119502,0.0,0.4413690533675854,
iid_transfer,2006-2012,near,,power,z_plus_orth,,0.0368725011106175,0.0869565217391304,0.4514708438761516,
iid_transfer,2006-2012,near,,power,z_plus_orth,,0.0364282541092847,0.1304347826086956,0.5233036524829545,
iid_transfer,2006-2012,near,,power,z_plus_orth,,0.0368725011106175,0.0,0.489869236860912,
iid_transfer,2006-2012,near,,power,z_plus_orth,,0.0373167481119502,0.0,0.4874741660711181,
iid_transfer,2006-2012,near,,power,z_plus_orth,,0.037037037037037,0.0884955752212389,0.4948172730252376,
iid_transfer,2006-2012,near,,power,z_plus_orth,,0.0370541917554423,0.0614035087719298,0.5177591965091051,
iid_transfer,2006-2012,near,,power,z_plus_orth,,0.0375173691523853,0.0353982300884955,0.4764127935335516,
iid_transfer,2006-2012,near,,power,z_plus_orth,,0.0379805465493283,0.0695652173913043,0.4992931510159695,
iid_transfer,2006-2012,near,,power,z_plus_orth,,0.0374826469227209,0.0526315789473684,0.5129447867702575,
iid_transfer,2006-2012,near,,power,z_plus_orth,,0.0351734245236932,0.079295154185022,0.5398487955942832,
iid_transfer,2006-2012,near,,power,z_plus_orth,,0.0380116959064327,0.0619469026548672,0.4738804360951543,
iid_transfer,2006-2012,near,,power,z_plus_orth,,0.0351734245236932,0.0488888888888888,0.5264332627693644,
iid_transfer,2006-2012,near,,power,z_plus_orth,,0.0351390922401171,0.0663716814159292,0.5408077326733955,
iid_transfer,2006-2012,near,,power,z_plus_orth,,0.0376160234489496,0.0701754385964912,0.5141585032439427,
iid_transfer,2006-2012,near,,power,z_plus_orth,,0.0642637162085091,,,
iid_transfer,2006-2012,near,,power,z_plus_orth,,0.0642637162085091,,,
iid_transfer,2006-2012,near,,power,z_plus_orth,,0.0642637162085091,,,
iid_transfer,2006-2012,near,,power,z_plus_orth,,0.0642637162085091,,,
iid_transfer,2006-2012,near,,power,z_plus_orth,,0.0642637162085091,,,
iid_transfer,2006-2012,near,,power,z_plus_orth,,0.0642637162085091,,,
iid_transfer,2006-2012,near,,power,z_plus_orth,,0.0642637162085091,,,
iid_transfer,2006-2012,near,,power,z_plus_orth,,0.0642637162085091,,,
iid_transfer,2006-2012,near,,power,z_plus_orth,,0.0642637162085091,,,
iid_transfer,2006-2012,near,,power,z_plus_orth,,0.0642637162085091,,,
iid_transfer,2006-2012,near,,power,z_plus_orth,,0.0642637162085091,,,
iid_transfer,2006-2012,near,,power,z_plus_orth,,0.0642637162085091,,,
iid_transfer,2006-2012,near,,power,z_plus_orth,,0.0642637162085091,,,
iid_transfer,2006-2012,near,,power,z_plus_orth,,0.0642637162085091,,,
iid_transfer,2006-2012,near,,power,z_plus_orth,,0.0642637162085091,,,
iid_transfer,2006-2012,near,,power,z_plus_renorm,,0.0537538871612616,0.0,0.4505437196994573,
iid_transfer,2006-2012,near,,power,z_plus_renorm,,0.0528653931585961,0.0869565217391304,0.4578448225909257,
iid_transfer,2006-2012,near,,power,z_plus_renorm,,0.0528653931585961,0.0869565217391304,0.5264133814922836,
iid_transfer,2006-2012,near,,power,z_plus_renorm,,0.0537538871612616,0.0,0.4888841674231742,
iid_transfer,2006-2012,near,,power,z_plus_renorm,,0.0537538871612616,0.0434782608695652,0.508392405307786,
iid_transfer,2006-2012,near,,power,z_plus_renorm,,0.0513888888888888,0.0884955752212389,0.4953457882661423,
iid_transfer,2006-2012,near,,power,z_plus_renorm,,0.0532654006484483,0.0526315789473684,0.5245443390783582,
iid_transfer,2006-2012,near,,power,z_plus_renorm,,0.0541917554423344,0.0265486725663716,0.4845737333327867,
iid_transfer,2006-2012,near,,power,z_plus_renorm,,0.0523390458545623,0.0956521739130434,0.5023541494653321,
iid_transfer,2006-2012,near,,power,z_plus_renorm,,0.0527533549282739,0.0614035087719298,0.5145928217118456,
iid_transfer,2006-2012,near,,power,z_plus_renorm,,0.0537371763556424,0.052863436123348,0.5340252954253458,
iid_transfer,2006-2012,near,,power,z_plus_renorm,,0.0555555555555555,0.0265486725663716,0.4715796373923994,
iid_transfer,2006-2012,near,,power,z_plus_renorm,,0.0503175378602833,0.0622222222222222,0.5334158388970309,
iid_transfer,2006-2012,near,,power,z_plus_renorm,,0.0531966813079551,0.0486725663716814,0.5442952962161556,
iid_transfer,2006-2012,near,,power,z_plus_renorm,,0.0537371763556424,0.0701754385964912,0.5257672760308196,
iid_transfer,2006-2012,near,,power,z_plus_renorm,,0.0758298163567925,,,
iid_transfer,2006-2012,near,,power,z_plus_renorm,,0.0758298163567925,,,
iid_transfer,2006-2012,near,,power,z_plus_renorm,,0.0758298163567925,,,
iid_transfer,2006-2012,near,,power,z_plus_renorm,,0.0758298163567925,,,
iid_transfer,2006-2012,near,,power,z_plus_renorm,,0.0758298163567925,,,
iid_transfer,2006-2012,near,,power,z_plus_renorm,,0.0758298163567925,,,
iid_transfer,2006-2012,near,,power,z_plus_renorm,,0.0758298163567925,,,
iid_transfer,2006-2012,near,,power,z_plus_renorm,,0.0758298163567925,,,
iid_transfer,2006-2012,near,,power,z_plus_renorm,,0.0758298163567925,,,
iid_transfer,2006-2012,near,,power,z_plus_renorm,,0.0758298163567925,,,
iid_transfer,2006-2012,near,,power,z_plus_renorm,,0.0758298163567925,,,
iid_transfer,2006-2012,near,,power,z_plus_renorm,,0.0758298163567925,,,
iid_transfer,2006-2012,near,,power,z_plus_renorm,,0.0758298163567925,,,
iid_transfer,2006-2012,near,,power,z_plus_renorm,,0.0758298163567925,,,
iid_transfer,2006-2012,near,,power,z_plus_renorm,,0.0758298163567925,,,
iid_transfer,2006-2012,near,,power,z_plus_softmax,,0.0439804531319413,0.0,0.4435709732872346,
iid_transfer,2006-2012,near,,power,z_plus_softmax,,0.0430919591292758,0.1304347826086956,0.4563768759778263,
iid_transfer,2006-2012,near,,power,z_plus_softmax,,0.0435362061306086,0.1304347826086956,0.5173739207695129,
iid_transfer,2006-2012,near,,power,z_plus_softmax,,0.0435362061306086,0.0,0.4880729337685666,
iid_transfer,2006-2012,near,,power,z_plus_softmax,,0.0439804531319413,0.0,0.4840553956695575,
iid_transfer,2006-2012,near,,power,z_plus_softmax,,0.0425925925925925,0.0973451327433628,0.4952146837102589,
iid_transfer,2006-2012,near,,power,z_plus_softmax,,0.0435386753126447,0.0526315789473684,0.5174260338200759,
iid_transfer,2006-2012,near,,power,z_plus_softmax,,0.0444650301065308,0.0353982300884955,0.4781138432656875,
iid_transfer,2006-2012,near,,power,z_plus_softmax,,0.0444650301065308,0.0695652173913043,0.4999899309261534,
iid_transfer,2006-2012,near,,power,z_plus_softmax,,0.0434983803794539,0.0526315789473684,0.512275018875277,
iid_transfer,2006-2012,near,,power,z_plus_softmax,,0.0405471421592574,0.0837004405286343,0.5395130727464066,
iid_transfer,2006-2012,near,,power,z_plus_softmax,,0.0443469785575048,0.0530973451327433,0.4722675050458003,
iid_transfer,2006-2012,near,,power,z_plus_softmax,,0.0410356619443087,0.0444444444444444,0.5254649079954405,
iid_transfer,2006-2012,near,,power,z_plus_softmax,,0.0424597364568082,0.0619469026548672,0.540982650721051,
iid_transfer,2006-2012,near,,power,z_plus_softmax,,0.0449438202247191,0.0701754385964912,0.5165775332322011,
iid_transfer,2006-2012,near,,power,z_plus_softmax,,0.0693737880688947,,,
iid_transfer,2006-2012,near,,power,z_plus_softmax,,0.0693737880688947,,,
iid_transfer,2006-2012,near,,power,z_plus_softmax,,0.0693737880688947,,,
iid_transfer,2006-2012,near,,power,z_plus_softmax,,0.0693737880688947,,,
iid_transfer,2006-2012,near,,power,z_plus_softmax,,0.0693737880688947,,,
iid_transfer,2006-2012,near,,power,z_plus_softmax,,0.0693737880688947,,,
iid_transfer,2006-2012,near,,power,z_plus_softmax,,0.0693737880688947,,,
iid_transfer,2006-2012,near,,power,z_plus_softmax,,0.0693737880688947,,,
iid_transfer,2006-2012,near,,power,z_plus_softmax,,0.0693737880688947,,,
iid_transfer,2006-2012,near,,power,z_plus_softmax,,0.0693737880688947,,,
iid_transfer,2006-2012,near,,power,z_plus_softmax,,0.0693737880688947,,,
iid_transfer,2006-2012,near,,power,z_plus_softmax,,0.0693737880688947,,,
iid_transfer,2006-2012,near,,power,z_plus_softmax,,0.0693737880688947,,,
iid_transfer,2006-2012,near,,power,z_plus_softmax,,0.0693737880688947,,,
iid_transfer,2006-2012,near,,power,z_plus_softmax,,0.0693737880688947,,,
