method,rho,delta,entity_type,entity_name,n_finite,auc,detection_rate,fpr,pvalue_col
threshold_clustering_m1_v2,0.01,0.05,detector,z1,17648,0.557855719517191,0.2011173184357542,0.1403056843551434,
threshold_clustering_m1_v2,0.01,0.05,detector,z2,19051,0.4360292444367852,0.0625,0.163370274139668,
threshold_clustering_m1_v2,0.01,0.05,detector,z3,16257,0.5167942635681496,0.0372340425531914,0.0456780135664944,
threshold_clustering_m1_v2,0.01,0.05,detector,z4,19295,0.8226751613779963,0.538860103626943,0.1306145953303319,
threshold_clustering_m1_v2,0.01,0.05,detector,z6,17080,0.6623264065944077,0.425287356321839,0.2084467053117236,
threshold_clustering_m1_v2,0.01,0.05,detector,z8,8224,0.5658508669432936,0.0,0.018534429851479,
threshold_clustering_m1_v2,0.01,0.05,detector,z57,19004,0.7389958691901966,0.4145077720207253,0.2431556004465472,
threshold_clustering_m1_v2,0.01,0.05,composite,z_plus,19295,0.731661036497277,0.238341968911917,0.0974767040100513,p_z_plus
threshold_clustering_m1_v2,0.01,0.05,composite,z_plus_renorm,18806,0.6785447744055424,0.2227979274611398,0.1160479234943319,p_z_plus_renorm
threshold_clustering_m1_v2,0.01,0.05,composite,breadth,19295,0.6774934182081143,0.0103626943005181,0.0047638990681604,p_breadth
threshold_clustering_m1_v2,0.01,0.05,composite,z_mahalanobis_sq,8223,0.7092940204896993,0.3766233766233766,0.1540633439725018,p_z_mahalanobis_sq
threshold_clustering_m1_v2,0.01,0.05,composite,t_iut,19295,0.5434383345910121,0.082901554404145,0.0642864621505601,p_t_iut
threshold_clustering_m1_v2,0.01,0.05,composite,z_plus_softmax,18806,0.664830753701867,0.1088082901554404,0.0787621554827271,p_z_plus_softmax
threshold_clustering_m1_v2,0.01,0.05,composite,z_plus_orth,18806,0.6636258183803231,0.1502590673575129,0.0963842475689034,p_z_plus_orth
threshold_clustering_m1_v2,0.01,0.1,detector,z1,17648,0.5570535003586561,0.1955307262569832,0.1401911958326177,
threshold_clustering_m1_v2,0.01,0.1,detector,z2,19051,0.4453042148311151,0.0625,0.1634763243013945,
threshold_clustering_m1_v2,0.01,0.1,detector,z3,16257,0.5047519473864703,0.0319148936170212,0.0458024768187192,
threshold_clustering_m1_v2,0.01,0.1,detector,z4,19295,0.8209200620828571,0.538860103626943,0.1306145953303319,
threshold_clustering_m1_v2,0.01,0.1,detector,z6,17080,0.66865110122095,0.4425287356321839,0.2085058559091447,
threshold_clustering_m1_v2,0.01,0.1,detector,z8,8224,0.5658508669432936,0.0,0.018534429851479,
threshold_clustering_m1_v2,0.01,0.1,detector,z57,19004,0.6737563706386105,0.3834196891191709,0.2431556004465472,
threshold_clustering_m1_v2,0.01,0.1,composite,z_plus,19295,0.7190087520336692,0.2279792746113989,0.0959585383729452,p_z_plus
threshold_clustering_m1_v2,0.01,0.1,composite,z_plus_renorm,18806,0.6718823464239853,0.2227979274611398,0.1149196797936925,p_z_plus_renorm
threshold_clustering_m1_v2,0.01,0.1,composite,breadth,19295,0.6557356661239933,0.0103626943005181,0.0047638990681604,p_breadth
threshold_clustering_m1_v2,0.01,0.1,composite,z_mahalanobis_sq,8223,0.7002337215938984,0.3376623376623376,0.1538178246992388,p_z_mahalanobis_sq
threshold_clustering_m1_v2,0.01,0.1,composite,t_iut,19295,0.5567058057019231,0.082901554404145,0.0642341116113495,p_t_iut
threshold_clustering_m1_v2,0.01,0.1,composite,z_plus_softmax,18806,0.6610159371034061,0.0984455958549222,0.0742491806801697,p_z_plus_softmax
threshold_clustering_m1_v2,0.01,0.1,composite,z_plus_orth,18806,0.656267041615852,0.1243523316062176,0.0919249986568527,p_z_plus_orth
threshold_clustering_m1_v2,0.01,0.15,detector,z1,17648,0.557979642149813,0.2011173184357542,0.1403056843551434,
threshold_clustering_m1_v2,0.01,0.15,detector,z2,19051,0.4700188736147198,0.0833333333333333,0.1637414497057108,
threshold_clustering_m1_v2,0.01,0.15,detector,z3,16257,0.4915404710801689,0.026595744680851,0.046238098201506,
threshold_clustering_m1_v2,0.01,0.15,detector,z4,19295,0.8192178558195626,0.538860103626943,0.1306145953303319,
threshold_clustering_m1_v2,0.01,0.15,detector,z6,17080,0.6722225734997165,0.4482758620689655,0.2085650065065657,
threshold_clustering_m1_v2,0.01,0.15,detector,z8,8224,0.5658508669432936,0.0,0.018534429851479,
threshold_clustering_m1_v2,0.01,0.15,detector,z57,19004,0.6350963759215958,0.3730569948186528,0.2431556004465472,
threshold_clustering_m1_v2,0.01,0.15,composite,z_plus,19295,0.7169451100527683,0.2279792746113989,0.0959061878337346,p_z_plus
threshold_clustering_m1_v2,0.01,0.15,composite,z_plus_renorm,18806,0.676044850262046,0.2435233160621761,0.114113791436093,p_z_plus_renorm
threshold_clustering_m1_v2,0.01,0.15,composite,breadth,19295,0.6437174199267309,0.0103626943005181,0.0047638990681604,p_breadth
threshold_clustering_m1_v2,0.01,0.15,composite,z_mahalanobis_sq,8223,0.6952053593349935,0.3376623376623376,0.1535723054259759,p_z_mahalanobis_sq
threshold_clustering_m1_v2,0.01,0.15,composite,t_iut,19295,0.5780924928241787,0.0984455958549222,0.0649146686210868,p_t_iut
threshold_clustering_m1_v2,0.01,0.15,composite,z_plus_softmax,18806,0.6636714714686293,0.1088082901554404,0.0743029065706764,p_z_plus_softmax
threshold_clustering_m1_v2,0.01,0.15,composite,z_plus_orth,18806,0.6576093537610489,0.1243523316062176,0.0922473539998925,p_z_plus_orth
threshold_clustering_m1_v2,0.01,0.2,detector,z1,17648,0.5605071841547885,0.2122905027932961,0.1408208827065086,
threshold_clustering_m1_v2,0.01,0.2,detector,z2,19051,0.449709162954911,0.0729166666666666,0.1636353995439843,
threshold_clustering_m1_v2,0.01,0.2,detector,z3,16257,0.4238144213187014,0.026595744680851,0.0447445391748086,
threshold_clustering_m1_v2,0.01,0.2,detector,z4,19295,0.8183307447393133,0.5181347150259067,0.1289393780755942,
threshold_clustering_m1_v2,0.01,0.2,detector,z6,17080,0.6738257586574039,0.4482758620689655,0.2085650065065657,
threshold_clustering_m1_v2,0.01,0.2,detector,z8,8224,0.5658508669432936,0.0,0.018534429851479,
threshold_clustering_m1_v2,0.01,0.2,detector,z57,19004,0.6337669531359531,0.3678756476683937,0.2431556004465472,
threshold_clustering_m1_v2,0.01,0.2,composite,z_plus,19295,0.7147866674840222,0.2227979274611398,0.0959585383729452,p_z_plus
threshold_clustering_m1_v2,0.01,0.2,composite,z_plus_renorm,18806,0.6791449454932745,0.2435233160621761,0.1143286949981196,p_z_plus_renorm
threshold_clustering_m1_v2,0.01,0.2,composite,breadth,19295,0.6295159121227031,0.0103626943005181,0.0047638990681604,p_breadth
threshold_clustering_m1_v2,0.01,0.2,composite,z_mahalanobis_sq,8223,0.7011759416620699,0.3896103896103896,0.1536950650626074,p_z_mahalanobis_sq
threshold_clustering_m1_v2,0.01,0.2,composite,t_iut,19295,0.5313491574818142,0.082901554404145,0.0643388126897707,p_t_iut
threshold_clustering_m1_v2,0.01,0.2,composite,z_plus_softmax,18806,0.6654151967439326,0.0984455958549222,0.0744103583516896,p_z_plus_softmax
threshold_clustering_m1_v2,0.01,0.2,composite,z_plus_orth,18806,0.6599975113499423,0.1243523316062176,0.0925697093429323,p_z_plus_orth
threshold_clustering_m1_v2,0.01,0.3,detector,z1,17648,0.5610964162853846,0.2067039106145251,0.1409353712290343,
threshold_clustering_m1_v2,0.01,0.3,detector,z2,19051,0.4331095509217527,0.0572916666666666,0.163370274139668,
threshold_clustering_m1_v2,0.01,0.3,detector,z3,16257,0.36660518535094,0.026595744680851,0.0436243699047856,
threshold_clustering_m1_v2,0.01,0.3,detector,z4,19295,0.8171033551541954,0.5181347150259067,0.1289393780755942,
threshold_clustering_m1_v2,0.01,0.3,detector,z6,17080,0.6789638719029223,0.4540229885057471,0.2085650065065657,
threshold_clustering_m1_v2,0.01,0.3,detector,z8,8224,0.5658508669432936,0.0,0.018534429851479,
threshold_clustering_m1_v2,0.01,0.3,detector,z57,19004,0.620213533972929,0.3626943005181347,0.2431556004465472,
threshold_clustering_m1_v2,0.01,0.3,composite,z_plus,19295,0.7080715580334207,0.2072538860103626,0.0959061878337346,p_z_plus
threshold_clustering_m1_v2,0.01,0.3,composite,z_plus_renorm,18806,0.6786300955736269,0.2590673575129533,0.1138988878740665,p_z_plus_renorm
threshold_clustering_m1_v2,0.01,0.3,composite,breadth,19295,0.6178228902597075,0.0103626943005181,0.0047115485289498,p_breadth
threshold_clustering_m1_v2,0.01,0.3,composite,z_mahalanobis_sq,8223,0.7130198551755145,0.3896103896103896,0.1535723054259759,p_z_mahalanobis_sq
threshold_clustering_m1_v2,0.01,0.3,composite,t_iut,19295,0.4937195627726364,0.0569948186528497,0.0641294105329284,p_t_iut
threshold_clustering_m1_v2,0.01,0.3,composite,z_plus_softmax,18806,0.6668174981606538,0.1139896373056994,0.0745715360232095,p_z_plus_softmax
threshold_clustering_m1_v2,0.01,0.3,composite,z_plus_orth,18806,0.6598254771513252,0.1502590673575129,0.0932681459195186,p_z_plus_orth
threshold_clustering_m1_v2,0.05,0.05,detector,z1,17647,0.5906498344645477,0.23,0.1301725682211739,
threshold_clustering_m1_v2,0.05,0.05,detector,z2,19051,0.4805208974883608,0.106957424714434,0.1664639540026536,
threshold_clustering_m1_v2,0.05,0.05,detector,z3,16257,0.5803410883683428,0.0471596998928188,0.0568389454450535,
threshold_clustering_m1_v2,0.05,0.05,detector,z4,19295,0.8237200546119078,0.5398963730569948,0.1118930714675395,
threshold_clustering_m1_v2,0.05,0.05,detector,z6,17080,0.5622213571257482,0.265750286368843,0.2057752822854322,
threshold_clustering_m1_v2,0.05,0.05,detector,z8,8224,0.5354609381699682,0.0066666666666666,0.019037818368922,
threshold_clustering_m1_v2,0.05,0.05,detector,z57,19004,0.7538989931716744,0.4145077720207253,0.2150895282443594,
threshold_clustering_m1_v2,0.05,0.05,composite,z_plus,19295,0.7309605703156579,0.1948186528497409,0.0829787234042553,p_z_plus
threshold_clustering_m1_v2,0.05,0.05,composite,z_plus_renorm,18818,0.6535372206351873,0.1233160621761658,0.1043522097126533,p_z_plus_renorm
threshold_clustering_m1_v2,0.05,0.05,composite,breadth,19295,0.7181768046380548,0.0103626943005181,0.0045280960174577,p_breadth
threshold_clustering_m1_v2,0.05,0.05,composite,z_mahalanobis_sq,8223,0.7167065483082465,0.3111111111111111,0.1317380676701402,p_z_mahalanobis_sq
threshold_clustering_m1_v2,0.05,0.05,composite,t_iut,19295,0.5720805384304447,0.0974093264248704,0.0645935624659028,p_t_iut
threshold_clustering_m1_v2,0.05,0.05,composite,z_plus_softmax,18818,0.6488027294871269,0.0725388601036269,0.068671931888198,p_z_plus_softmax
threshold_clustering_m1_v2,0.05,0.05,composite,z_plus_orth,18818,0.6483304499700925,0.1067357512953367,0.0832353105920573,p_z_plus_orth
threshold_clustering_m1_v2,0.05,0.1,detector,z1,17645,0.5895908225692916,0.220489977728285,0.1302322804084313,
threshold_clustering_m1_v2,0.05,0.1,detector,z2,19051,0.4917238292267226,0.1100726895119418,0.1668509509066784,
threshold_clustering_m1_v2,0.05,0.1,detector,z3,16257,0.5686300594546155,0.0482315112540192,0.0578178021404333,
threshold_clustering_m1_v2,0.05,0.1,detector,z4,19295,0.8212492615237628,0.5253886010362694,0.1103655210038188,
threshold_clustering_m1_v2,0.05,0.1,detector,z6,17080,0.566219671883891,0.2714776632302405,0.2055284753501573,
threshold_clustering_m1_v2,0.05,0.1,detector,z8,8224,0.5354675127919275,0.0066666666666666,0.019037818368922,
threshold_clustering_m1_v2,0.05,0.1,detector,z57,19004,0.6854307032517628,0.3834196891191709,0.2150895282443594,
threshold_clustering_m1_v2,0.05,0.1,composite,z_plus,19295,0.7102982454652613,0.1544041450777202,0.0800327332242225,p_z_plus
threshold_clustering_m1_v2,0.05,0.1,composite,z_plus_renorm,18815,0.6385722413317658,0.1067357512953367,0.1014565826330532,p_z_plus_renorm
threshold_clustering_m1_v2,0.05,0.1,composite,breadth,19295,0.6956052395772383,0.0103626943005181,0.0048008728859792,p_breadth
threshold_clustering_m1_v2,0.05,0.1,composite,z_mahalanobis_sq,8223,0.6991014480323627,0.2955555555555555,0.1312234658433037,p_z_mahalanobis_sq
threshold_clustering_m1_v2,0.05,0.1,composite,t_iut,19295,0.5844255149546738,0.094300518134715,0.0653573376977632,p_t_iut
threshold_clustering_m1_v2,0.05,0.1,composite,z_plus_softmax,18815,0.6349496814269749,0.0455958549222797,0.0618487394957983,p_z_plus_softmax
threshold_clustering_m1_v2,0.05,0.1,composite,z_plus_orth,18815,0.6327882033642471,0.0715025906735751,0.0778151260504201,p_z_plus_orth
threshold_clustering_m1_v2,0.05,0.15,detector,z1,17645,0.5945569415550676,0.2260579064587973,0.1306502657192333,
threshold_clustering_m1_v2,0.05,0.15,detector,z2,19051,0.522860459973463,0.1318795430944963,0.1680119416187527,
threshold_clustering_m1_v2,0.05,0.15,detector,z3,16257,0.5513498640162067,0.060021436227224,0.0602323153223701,
threshold_clustering_m1_v2,0.05,0.15,detector,z4,19295,0.8175499549140823,0.5129533678756477,0.1097654118930714,
threshold_clustering_m1_v2,0.05,0.15,detector,z6,17080,0.5688696659363528,0.2783505154639175,0.2053433701487012,
threshold_clustering_m1_v2,0.05,0.15,detector,z8,8224,0.5354749449732727,0.0066666666666666,0.019037818368922,
threshold_clustering_m1_v2,0.05,0.15,detector,z57,19004,0.6411841126034639,0.3709844559585492,0.2150895282443594,
threshold_clustering_m1_v2,0.05,0.15,composite,z_plus,19295,0.705649703620159,0.1564766839378238,0.0799781778505182,p_z_plus
threshold_clustering_m1_v2,0.05,0.15,composite,z_plus_renorm,18816,0.6364421319483125,0.0984455958549222,0.0998263402610498,p_z_plus_renorm
threshold_clustering_m1_v2,0.05,0.15,composite,breadth,19295,0.6880306075433404,0.0113989637305699,0.0050190943807965,p_breadth
threshold_clustering_m1_v2,0.05,0.15,composite,z_mahalanobis_sq,8223,0.6897625684348957,0.2911111111111111,0.1305802135597581,p_z_mahalanobis_sq
threshold_clustering_m1_v2,0.05,0.15,composite,t_iut,19295,0.6039755320562288,0.0932642487046632,0.0673758865248227,p_t_iut
threshold_clustering_m1_v2,0.05,0.15,composite,z_plus_softmax,18816,0.6332870859907415,0.0487046632124352,0.0622934289395552,p_z_plus_softmax
threshold_clustering_m1_v2,0.05,0.15,composite,z_plus_orth,18816,0.630514132094601,0.0725388601036269,0.0780908632569604,p_z_plus_orth
threshold_clustering_m1_v2,0.05,0.2,detector,z1,17645,0.5933061441180902,0.2216035634743875,0.130471129157461,
threshold_clustering_m1_v2,0.05,0.2,detector,z2,19051,0.5089801537929485,0.1318795430944963,0.1681777974347633,
threshold_clustering_m1_v2,0.05,0.2,detector,z3,16257,0.4819663052275914,0.0535905680600214,0.0545549464891673,
threshold_clustering_m1_v2,0.05,0.2,detector,z4,19295,0.8128026480556522,0.4839378238341968,0.1034369885433715,
threshold_clustering_m1_v2,0.05,0.2,detector,z6,17080,0.5707788151160909,0.2806414662084765,0.2050348614796076,
threshold_clustering_m1_v2,0.05,0.2,detector,z8,8224,0.5354839493468255,0.0066666666666666,0.019037818368922,
threshold_clustering_m1_v2,0.05,0.2,detector,z57,19004,0.6326926374547719,0.3678756476683937,0.2150895282443594,
threshold_clustering_m1_v2,0.05,0.2,composite,z_plus,19295,0.6955831064903935,0.1471502590673575,0.0778505182760501,p_z_plus
threshold_clustering_m1_v2,0.05,0.2,composite,z_plus_renorm,18800,0.633812916617642,0.110880829015544,0.0991309223437062,p_z_plus_renorm
threshold_clustering_m1_v2,0.05,0.2,composite,breadth,19295,0.670838598068231,0.0103626943005181,0.0049099836333878,p_breadth
threshold_clustering_m1_v2,0.05,0.2,composite,z_mahalanobis_sq,8223,0.6864848406878512,0.2777777777777778,0.1301942621896307,p_z_mahalanobis_sq
threshold_clustering_m1_v2,0.05,0.2,composite,t_iut,19295,0.5631657380946324,0.0797927461139896,0.0667757774140752,p_t_iut
threshold_clustering_m1_v2,0.05,0.2,composite,z_plus_softmax,18800,0.6288414379945122,0.0507772020725388,0.0635267731987664,p_z_plus_softmax
threshold_clustering_m1_v2,0.05,0.2,composite,z_plus_orth,18800,0.625420151039102,0.0756476683937823,0.0797869358003924,p_z_plus_orth
threshold_clustering_m1_v2,0.05,0.3,detector,z1,17645,0.5960263401230124,0.220489977728285,0.1300531438466591,
threshold_clustering_m1_v2,0.05,0.3,detector,z2,19051,0.4941360295552882,0.12668743509865,0.167735515258735,
threshold_clustering_m1_v2,0.05,0.3,detector,z3,16257,0.4150606632360869,0.0385852090032154,0.0492691203341164,
threshold_clustering_m1_v2,0.05,0.3,detector,z4,19295,0.8082634430942226,0.4694300518134715,0.1027823240589198,
threshold_clustering_m1_v2,0.05,0.3,detector,z6,17080,0.5711546444054162,0.277205040091638,0.2050965632134263,
threshold_clustering_m1_v2,0.05,0.3,detector,z8,8224,0.5355025298001888,0.0066666666666666,0.019037818368922,
threshold_clustering_m1_v2,0.05,0.3,detector,z57,19004,0.6219401429315355,0.3564766839378238,0.2150895282443594,
threshold_clustering_m1_v2,0.05,0.3,composite,z_plus,19295,0.6862355661462706,0.1305699481865285,0.0761047463175122,p_z_plus
threshold_clustering_m1_v2,0.05,0.3,composite,z_plus_renorm,18802,0.631468644817883,0.1098445595854922,0.0972697202444357,p_z_plus_renorm
threshold_clustering_m1_v2,0.05,0.3,composite,breadth,19295,0.6540733925245005,0.0093264248704663,0.0046917621385706,p_breadth
threshold_clustering_m1_v2,0.05,0.3,composite,z_mahalanobis_sq,8223,0.6927409694526638,0.2777777777777778,0.1300656117329216,p_z_mahalanobis_sq
threshold_clustering_m1_v2,0.05,0.3,composite,t_iut,19295,0.5241648646433124,0.0735751295336787,0.0654118930714675,p_t_iut
threshold_clustering_m1_v2,0.05,0.3,composite,z_plus_softmax,18802,0.6254997979690002,0.0590673575129533,0.0649212311487357,p_z_plus_softmax
threshold_clustering_m1_v2,0.05,0.3,composite,z_plus_orth,18802,0.6214990322555345,0.0839378238341968,0.0817962661882603,p_z_plus_orth
threshold_clustering_m1_v2,0.1,0.05,detector,z1,17645,0.5786839614184904,0.2135388002201431,0.119598180439727,
threshold_clustering_m1_v2,0.1,0.05,detector,z2,19051,0.4941353171415387,0.1100155682407887,0.1725648213034337,
threshold_clustering_m1_v2,0.1,0.05,detector,z3,16257,0.6375242271799018,0.0420660276890308,0.0604353571180193,
threshold_clustering_m1_v2,0.1,0.05,detector,z4,19295,0.8392656003604415,0.5326424870466321,0.0911603800748632,
threshold_clustering_m1_v2,0.1,0.05,detector,z6,17080,0.5173283674773888,0.2155416903006239,0.2068943004504798,
threshold_clustering_m1_v2,0.1,0.05,detector,z8,8224,0.5168574201228335,0.0089585666293393,0.0200518346746692,
threshold_clustering_m1_v2,0.1,0.05,detector,z57,19004,0.7916141774816237,0.4357512953367876,0.1769942602787864,
threshold_clustering_m1_v2,0.1,0.05,composite,z_plus,19295,0.7443802151012473,0.1626943005181347,0.0638640944428448,p_z_plus
threshold_clustering_m1_v2,0.1,0.05,composite,z_plus_renorm,18818,0.6594355866016401,0.0813471502590673,0.0887020369493131,p_z_plus_renorm
threshold_clustering_m1_v2,0.1,0.05,composite,breadth,19295,0.7341400500381179,0.0134715025906735,0.0040886841347538,p_breadth
threshold_clustering_m1_v2,0.1,0.05,composite,z_mahalanobis_sq,8223,0.743728010339628,0.3113101903695409,0.0982264665757162,p_z_mahalanobis_sq
threshold_clustering_m1_v2,0.1,0.05,composite,t_iut,19295,0.5824897320409556,0.1098445595854922,0.0642096170457817,p_t_iut
threshold_clustering_m1_v2,0.1,0.05,composite,z_plus_softmax,18818,0.656357136808673,0.0476683937823834,0.0592728564661297,p_z_plus_softmax
threshold_clustering_m1_v2,0.1,0.05,composite,z_plus_orth,18818,0.6555631984448596,0.0730569948186528,0.0725959261013737,p_z_plus_orth
threshold_clustering_m1_v2,0.1,0.1,detector,z1,17645,0.5725320760364341,0.2058337919647771,0.1189663886782916,
threshold_clustering_m1_v2,0.1,0.1,detector,z2,19051,0.5103453554142214,0.114686040477426,0.1726816164447559,
threshold_clustering_m1_v2,0.1,0.1,detector,z3,16257,0.6281716969657782,0.0457933972310969,0.0617567285624869,
threshold_clustering_m1_v2,0.1,0.1,detector,z4,19295,0.8300439810290785,0.5031088082901555,0.0858047797293406,
threshold_clustering_m1_v2,0.1,0.1,detector,z6,17080,0.5204393288651097,0.2206466250709018,0.2063720049618071,
threshold_clustering_m1_v2,0.1,0.1,detector,z8,8224,0.5168640648106043,0.0089585666293393,0.0200518346746692,
threshold_clustering_m1_v2,0.1,0.1,detector,z57,19004,0.7243147172229872,0.4046632124352332,0.1769942602787864,
threshold_clustering_m1_v2,0.1,0.1,composite,z_plus,19295,0.723478902383897,0.1367875647668393,0.0634609847394183,p_z_plus
threshold_clustering_m1_v2,0.1,0.1,composite,z_plus_renorm,18817,0.6410565229224062,0.0756476683937823,0.0872268608989163,p_z_plus_renorm
threshold_clustering_m1_v2,0.1,0.1,composite,breadth,19295,0.7173212151773339,0.0139896373056994,0.0041462712352433,p_breadth
threshold_clustering_m1_v2,0.1,0.1,composite,z_mahalanobis_sq,8223,0.7175295499786882,0.2799552071668533,0.0978171896316507,p_z_mahalanobis_sq
threshold_clustering_m1_v2,0.1,0.1,composite,t_iut,19295,0.597112036748328,0.1098445595854922,0.065303771955082,p_t_iut
threshold_clustering_m1_v2,0.1,0.1,composite,z_plus_softmax,18817,0.6410486835536794,0.0492227979274611,0.0605199265707348,p_z_plus_softmax
threshold_clustering_m1_v2,0.1,0.1,composite,z_plus_orth,18817,0.6388013160321073,0.077720207253886,0.0728963107715994,p_z_plus_orth
threshold_clustering_m1_v2,0.1,0.15,detector,z1,17644,0.5800294729465097,0.2131057268722467,0.1197245387920141,
threshold_clustering_m1_v2,0.1,0.15,detector,z2,19051,0.5523427699201174,0.1608718214841722,0.1744919411352487,
threshold_clustering_m1_v2,0.1,0.15,detector,z3,16257,0.6104002101633098,0.0862619808306709,0.0647472007789136,
threshold_clustering_m1_v2,0.1,0.15,detector,z4,19295,0.8147526216303713,0.355440414507772,0.0721566369133314,
threshold_clustering_m1_v2,0.1,0.15,detector,z6,17080,0.5242932948390993,0.2274532047646058,0.2062414310896389,
threshold_clustering_m1_v2,0.1,0.15,detector,z8,8224,0.5168750629145007,0.0089585666293393,0.0200518346746692,
threshold_clustering_m1_v2,0.1,0.15,detector,z57,19004,0.680218369778368,0.3927461139896373,0.1769942602787864,
threshold_clustering_m1_v2,0.1,0.15,composite,z_plus,19295,0.7175138485041527,0.1383419689119171,0.0630002879355024,p_z_plus
threshold_clustering_m1_v2,0.1,0.15,composite,z_plus_renorm,18797,0.6350946647207303,0.0787564766839378,0.085018082646588,p_z_plus_renorm
threshold_clustering_m1_v2,0.1,0.15,composite,breadth,19295,0.7118779959092273,0.0160621761658031,0.0051252519435646,p_breadth
threshold_clustering_m1_v2,0.1,0.15,composite,z_mahalanobis_sq,8223,0.6937077680122341,0.2486002239641657,0.0972714870395634,p_z_mahalanobis_sq
threshold_clustering_m1_v2,0.1,0.15,composite,t_iut,19295,0.6162539292752828,0.1212435233160621,0.068586236682983,p_t_iut
threshold_clustering_m1_v2,0.1,0.15,composite,z_plus_softmax,18797,0.6329620705237041,0.0518134715025906,0.0619552973261398,p_z_plus_softmax
threshold_clustering_m1_v2,0.1,0.15,composite,z_plus_orth,18797,0.6300563137819164,0.0808290155440414,0.074583506254817,p_z_plus_orth
threshold_clustering_m1_v2,0.1,0.2,detector,z1,17643,0.5839395575438722,0.2181818181818181,0.1204195097295931,
threshold_clustering_m1_v2,0.1,0.2,detector,z2,19051,0.5309126797823913,0.1395952257394914,0.1741999532819434,
threshold_clustering_m1_v2,0.1,0.2,detector,z3,16257,0.5258575638461042,0.0638977635782747,0.0576535224980874,
threshold_clustering_m1_v2,0.1,0.2,detector,z4,19295,0.7974792365681072,0.2103626943005181,0.0590843651022171,
threshold_clustering_m1_v2,0.1,0.2,detector,z6,17080,0.5266134251641181,0.2280204197390811,0.2062414310896389,
threshold_clustering_m1_v2,0.1,0.2,detector,z8,8224,0.5168840752496379,0.0089585666293393,0.0200518346746692,
threshold_clustering_m1_v2,0.1,0.2,detector,z57,19004,0.6707917865603004,0.3823834196891191,0.1769942602787864,
threshold_clustering_m1_v2,0.1,0.2,composite,z_plus,19295,0.6976438819673305,0.1238341968911917,0.0607543910164123,p_z_plus
threshold_clustering_m1_v2,0.1,0.2,composite,z_plus_renorm,18788,0.6229112003928783,0.0829445308449974,0.0848211637700931,p_z_plus_renorm
threshold_clustering_m1_v2,0.1,0.2,composite,breadth,19295,0.6892934092607815,0.0134715025906735,0.0046645551396487,p_breadth
threshold_clustering_m1_v2,0.1,0.2,composite,z_mahalanobis_sq,8223,0.689297843313692,0.2329227323628219,0.0980900409276944,p_z_mahalanobis_sq
threshold_clustering_m1_v2,0.1,0.2,composite,t_iut,19295,0.5734347572465012,0.1056994818652849,0.0668010365678088,p_t_iut
threshold_clustering_m1_v2,0.1,0.2,composite,z_plus_softmax,18788,0.6231258616160488,0.0585795749092794,0.0641793700693991,p_z_plus_softmax
threshold_clustering_m1_v2,0.1,0.2,composite,z_plus_orth,18788,0.6196208045315688,0.0829445308449974,0.0790675603535203,p_z_plus_orth
threshold_clustering_m1_v2,0.1,0.3,detector,z1,17639,0.5895139382821433,0.2214246272777471,0.121809451604751,
threshold_clustering_m1_v2,0.1,0.3,detector,z2,19051,0.5091219763119815,0.1245459263103269,0.172856809156739,
threshold_clustering_m1_v2,0.1,0.3,detector,z3,16257,0.4468754946070107,0.0425985090521831,0.0509075735447527,
threshold_clustering_m1_v2,0.1,0.3,detector,z4,19295,0.7707499899297169,0.1870466321243523,0.0556291390728476,
threshold_clustering_m1_v2,0.1,0.3,detector,z6,17080,0.5271022069391458,0.2291548496880317,0.2061761441535548,
threshold_clustering_m1_v2,0.1,0.3,detector,z8,8224,0.5169068352146455,0.0089585666293393,0.0200518346746692,
threshold_clustering_m1_v2,0.1,0.3,detector,z57,19004,0.6578011532852119,0.3709844559585492,0.1769942602787864,
threshold_clustering_m1_v2,0.1,0.3,composite,z_plus,19295,0.6767563095918327,0.1124352331606217,0.0586236682983011,p_z_plus
threshold_clustering_m1_v2,0.1,0.3,composite,z_plus_renorm,18781,0.6147447423702781,0.0913336792942397,0.0838376646493414,p_z_plus_renorm
threshold_clustering_m1_v2,0.1,0.3,composite,breadth,19295,0.6589760685316333,0.0103626943005181,0.0047797293406277,p_breadth
threshold_clustering_m1_v2,0.1,0.3,composite,z_mahalanobis_sq,8223,0.683053734594825,0.2172452407614781,0.0979536152796725,p_z_mahalanobis_sq
threshold_clustering_m1_v2,0.1,0.3,composite,t_iut,19295,0.5339749272328802,0.0823834196891191,0.0658220558594874,p_t_iut
threshold_clustering_m1_v2,0.1,0.3,composite,z_plus_softmax,18781,0.6142016613390041,0.0752464971458225,0.0665124006170642,p_z_plus_softmax
threshold_clustering_m1_v2,0.1,0.3,composite,z_plus_orth,18781,0.6098314108732841,0.0991177996886351,0.0850836596653613,p_z_plus_orth
temporal_spike_m2b,0.01,0.05,detector,z1,17650,0.5224677898409742,0.1243523316062176,0.1422924901185771,
temporal_spike_m2b,0.01,0.05,detector,z2,19051,0.549865452025693,0.1813471502590673,0.162424435252943,
temporal_spike_m2b,0.01,0.05,detector,z3,16257,0.5390571944523062,0.0483870967741935,0.0410677618069815,
temporal_spike_m2b,0.01,0.05,detector,z4,19295,0.4963239342867822,0.1088082901554404,0.1349596900848078,
temporal_spike_m2b,0.01,0.05,detector,z6,17080,0.5121608399139541,0.2227979274611398,0.2103985314146977,
temporal_spike_m2b,0.01,0.05,detector,z8,8224,0.4543042790130048,0.0064102564102564,0.0185919682697074,
temporal_spike_m2b,0.01,0.05,detector,z57,19004,0.4638685665949506,0.1968911917098445,0.2500132900962203,
temporal_spike_m2b,0.01,0.05,composite,z_plus,19295,0.5149885289932475,0.0880829015544041,0.1054339859700554,p_z_plus
temporal_spike_m2b,0.01,0.05,composite,z_plus_renorm,18806,0.4723417330785143,0.0680628272251308,0.123556271823798,p_z_plus_renorm
temporal_spike_m2b,0.01,0.05,composite,breadth,19295,0.5648832040482971,0.005181347150259,0.0048686001465815,p_breadth
temporal_spike_m2b,0.01,0.05,composite,z_mahalanobis_sq,8223,0.4658159389472145,0.1217948717948717,0.1597867856700136,p_z_mahalanobis_sq
temporal_spike_m2b,0.01,0.05,composite,t_iut,19295,0.563346458038466,0.0673575129533678,0.0635012040624018,p_t_iut
temporal_spike_m2b,0.01,0.05,composite,z_plus_softmax,18806,0.4831112104886421,0.0732984293193717,0.0932044050496911,p_z_plus_softmax
temporal_spike_m2b,0.01,0.05,composite,z_plus_orth,18806,0.4833429663911752,0.0732984293193717,0.110126242277733,p_z_plus_orth
temporal_spike_m2b,0.01,0.1,detector,z1,17650,0.5240126665046104,0.1191709844559585,0.1422352065074182,
temporal_spike_m2b,0.01,0.1,detector,z2,19051,0.549595916467606,0.1709844559585492,0.1626895747163007,
temporal_spike_m2b,0.01,0.1,detector,z3,16257,0.5336706469878624,0.0483870967741935,0.0410677618069815,
temporal_spike_m2b,0.01,0.1,detector,z4,19295,0.4963183737372806,0.1088082901554404,0.1349596900848078,
temporal_spike_m2b,0.01,0.1,detector,z6,17080,0.5257709658623873,0.238341968911917,0.2105169657132705,
temporal_spike_m2b,0.01,0.1,detector,z8,8224,0.4543042790130048,0.0064102564102564,0.0185919682697074,
temporal_spike_m2b,0.01,0.1,detector,z57,19004,0.463282838312827,0.1968911917098445,0.2500132900962203,
temporal_spike_m2b,0.01,0.1,composite,z_plus,19295,0.5183433034437975,0.082901554404145,0.1053816354308449,p_z_plus
temporal_spike_m2b,0.01,0.1,composite,z_plus_renorm,18804,0.4769766275499053,0.0680628272251308,0.1237844517272873,p_z_plus_renorm
temporal_spike_m2b,0.01,0.1,composite,breadth,19295,0.565615704727769,0.0,0.0048686001465815,p_breadth
temporal_spike_m2b,0.01,0.1,composite,z_mahalanobis_sq,8223,0.4709206231147473,0.1217948717948717,0.1595388620304946,p_z_mahalanobis_sq
temporal_spike_m2b,0.01,0.1,composite,t_iut,19295,0.5623661738482745,0.0673575129533678,0.0635535546016124,p_t_iut
temporal_spike_m2b,0.01,0.1,composite,z_plus_softmax,18804,0.4844021925789075,0.0523560209424083,0.0933218718100252,p_z_plus_softmax
temporal_spike_m2b,0.01,0.1,composite,z_plus_orth,18804,0.4853945744726635,0.06282722513089,0.1101918014291086,p_z_plus_orth
temporal_spike_m2b,0.01,0.15,detector,z1,17650,0.5225925968797943,0.1139896373056994,0.1422352065074182,
temporal_spike_m2b,0.01,0.15,detector,z2,19051,0.5482740657337054,0.1761658031088082,0.1623714073602715,
temporal_spike_m2b,0.01,0.15,detector,z3,16257,0.5303635814995687,0.0483870967741935,0.0412544334515587,
temporal_spike_m2b,0.01,0.15,detector,z4,19295,0.4963602812932807,0.1088082901554404,0.1349596900848078,
temporal_spike_m2b,0.01,0.15,detector,z6,17080,0.537196654016288,0.2538860103626943,0.2106354000118434,
temporal_spike_m2b,0.01,0.15,detector,z8,8224,0.4543042790130048,0.0064102564102564,0.0185919682697074,
temporal_spike_m2b,0.01,0.15,detector,z57,19004,0.4631493864658067,0.1968911917098445,0.2500132900962203,
temporal_spike_m2b,0.01,0.15,composite,z_plus,19295,0.5196010726164366,0.082901554404145,0.1055386870484766,p_z_plus
temporal_spike_m2b,0.01,0.15,composite,z_plus_renorm,18804,0.4826074601460134,0.0684210526315789,0.1236703556462877,p_z_plus_renorm
temporal_spike_m2b,0.01,0.15,composite,breadth,19295,0.5651872711698258,0.005181347150259,0.0048686001465815,p_breadth
temporal_spike_m2b,0.01,0.15,composite,z_mahalanobis_sq,8223,0.4736390422519094,0.1217948717948717,0.1596628238502541,p_z_mahalanobis_sq
temporal_spike_m2b,0.01,0.15,composite,t_iut,19295,0.5615402288125433,0.0725388601036269,0.0637629567584546,p_t_iut
temporal_spike_m2b,0.01,0.15,composite,z_plus_softmax,18804,0.4882420136512981,0.0631578947368421,0.0931019662619533,p_z_plus_softmax
temporal_spike_m2b,0.01,0.15,composite,z_plus_orth,18804,0.4890778304954392,0.0736842105263157,0.1100784355861179,p_z_plus_orth
temporal_spike_m2b,0.01,0.2,detector,z1,17650,0.52089872346589,0.1139896373056994,0.1422352065074182,
temporal_spike_m2b,0.01,0.2,detector,z2,19051,0.5475978914131631,0.1709844559585492,0.1623714073602715,
temporal_spike_m2b,0.01,0.2,detector,z3,16257,0.5272013705311711,0.0483870967741935,0.041876672266816,
temporal_spike_m2b,0.01,0.2,detector,z4,19295,0.4962695494001929,0.1088082901554404,0.1349596900848078,
temporal_spike_m2b,0.01,0.2,detector,z6,17080,0.548065608919514,0.2642487046632124,0.2106354000118434,
temporal_spike_m2b,0.01,0.2,detector,z8,8224,0.4543042790130048,0.0064102564102564,0.0185919682697074,
temporal_spike_m2b,0.01,0.2,detector,z57,19004,0.4629171885152635,0.2020725388601036,0.2500132900962203,
temporal_spike_m2b,0.01,0.2,composite,z_plus,19295,0.5230992007456018,0.082901554404145,0.1056433881268977,p_z_plus
temporal_spike_m2b,0.01,0.2,composite,z_plus_renorm,18805,0.4789667406787775,0.0680628272251308,0.1237778016546685,p_z_plus_renorm
temporal_spike_m2b,0.01,0.2,composite,breadth,19295,0.5735317572475659,0.005181347150259,0.0048686001465815,p_breadth
temporal_spike_m2b,0.01,0.2,composite,z_mahalanobis_sq,8223,0.4788144482268692,0.1217948717948717,0.1597867856700136,p_z_mahalanobis_sq
temporal_spike_m2b,0.01,0.2,composite,t_iut,19295,0.5610796525660172,0.0725388601036269,0.0635535546016124,p_t_iut
temporal_spike_m2b,0.01,0.2,composite,z_plus_softmax,18805,0.4901277651174002,0.0785340314136125,0.0930482432577629,p_z_plus_softmax
temporal_spike_m2b,0.01,0.2,composite,z_plus_orth,18805,0.4906846842184315,0.0785340314136125,0.1098635435693564,p_z_plus_orth
temporal_spike_m2b,0.01,0.3,detector,z1,17650,0.5198205746703743,0.1139896373056994,0.1422352065074182,
temporal_spike_m2b,0.01,0.3,detector,z2,19051,0.5467381801376747,0.160621761658031,0.1624774631456146,
temporal_spike_m2b,0.01,0.3,detector,z3,16257,0.5233776126503159,0.0483870967741935,0.0418144483852902,
temporal_spike_m2b,0.01,0.3,detector,z4,19295,0.4963336991541996,0.1088082901554404,0.1349596900848078,
temporal_spike_m2b,0.01,0.3,detector,z6,17080,0.5693047753261469,0.2901554404145077,0.2106946171611298,
temporal_spike_m2b,0.01,0.3,detector,z8,8224,0.4543042790130048,0.0064102564102564,0.0185919682697074,
temporal_spike_m2b,0.01,0.3,detector,z57,19004,0.4623201670943828,0.1865284974093264,0.2500132900962203,
temporal_spike_m2b,0.01,0.3,composite,z_plus,19295,0.5307313939944981,0.0932642487046632,0.1056433881268977,p_z_plus
temporal_spike_m2b,0.01,0.3,composite,z_plus_renorm,18805,0.4822757683374052,0.0837696335078534,0.1237778016546685,p_z_plus_renorm
temporal_spike_m2b,0.01,0.3,composite,breadth,19295,0.5835981149465943,0.005181347150259,0.0048686001465815,p_breadth
temporal_spike_m2b,0.01,0.3,composite,z_mahalanobis_sq,8223,0.4860979997647904,0.141025641025641,0.1597867856700136,p_z_mahalanobis_sq
temporal_spike_m2b,0.01,0.3,composite,t_iut,19295,0.5595376172530018,0.077720207253886,0.0638153072976651,p_t_iut
temporal_spike_m2b,0.01,0.3,composite,z_plus_softmax,18805,0.4965032230989792,0.0785340314136125,0.0931019662619533,p_z_plus_softmax
temporal_spike_m2b,0.01,0.3,composite,z_plus_orth,18805,0.4984963184272154,0.0890052356020942,0.1097560975609756,p_z_plus_orth
temporal_spike_m2b,0.05,0.05,detector,z1,17650,0.4952771817650948,0.1156812339331619,0.1426916169399223,
temporal_spike_m2b,0.05,0.05,detector,z2,19051,0.5652013673635081,0.1902313624678663,0.1620405101275318,
temporal_spike_m2b,0.05,0.05,detector,z3,16257,0.5382019656709138,0.0344827586206896,0.0414357682619647,
temporal_spike_m2b,0.05,0.05,detector,z4,19295,0.4899678887593526,0.0976863753213367,0.1354596424415529,
temporal_spike_m2b,0.05,0.05,detector,z6,17080,0.5074474044245016,0.2236503856041131,0.210772272482176,
temporal_spike_m2b,0.05,0.05,detector,z8,8224,0.473740350751724,0.0160771704180064,0.0184506508277518,
temporal_spike_m2b,0.05,0.05,detector,z57,19004,0.467694115713687,0.2159383033419023,0.2501208702659145,
temporal_spike_m2b,0.05,0.05,composite,z_plus,19295,0.5172691739432294,0.1028277634961439,0.1054691632286046,p_z_plus
temporal_spike_m2b,0.05,0.05,composite,z_plus_renorm,18808,0.4731241875140278,0.082901554404145,0.1236564976658343,p_z_plus_renorm
temporal_spike_m2b,0.05,0.05,composite,breadth,19295,0.5709036208632778,0.0077120822622107,0.0048132867872633,p_breadth
temporal_spike_m2b,0.05,0.05,composite,z_mahalanobis_sq,8223,0.4798088458574869,0.1254019292604501,0.1603892821031344,p_z_mahalanobis_sq
temporal_spike_m2b,0.05,0.05,composite,t_iut,19295,0.5625921722868137,0.0771208226221079,0.0638950597693853,p_t_iut
temporal_spike_m2b,0.05,0.05,composite,z_plus_softmax,18808,0.4805741670665227,0.0647668393782383,0.0933123439365975,p_z_plus_softmax
temporal_spike_m2b,0.05,0.05,composite,z_plus_orth,18808,0.4825554234264843,0.082901554404145,0.1101400499402887,p_z_plus_orth
temporal_spike_m2b,0.05,0.1,detector,z1,17650,0.4953343711822526,0.1156812339331619,0.1426916169399223,
temporal_spike_m2b,0.05,0.1,detector,z2,19051,0.564986063813052,0.1876606683804627,0.1623620190761976,
temporal_spike_m2b,0.05,0.1,detector,z3,16257,0.5365327823396963,0.039787798408488,0.0414357682619647,
temporal_spike_m2b,0.05,0.1,detector,z4,19295,0.4899542235337213,0.0976863753213367,0.1354596424415529,
temporal_spike_m2b,0.05,0.1,detector,z6,17080,0.5231025941200398,0.2416452442159383,0.2113713977592714,
temporal_spike_m2b,0.05,0.1,detector,z8,8224,0.473740350751724,0.0160771704180064,0.0184506508277518,
temporal_spike_m2b,0.05,0.1,detector,z57,19004,0.4676296239522678,0.2159383033419023,0.2501208702659145,
temporal_spike_m2b,0.05,0.1,composite,z_plus,19295,0.5231469206195881,0.1028277634961439,0.1054162699672061,p_z_plus
temporal_spike_m2b,0.05,0.1,composite,z_plus_renorm,18805,0.4797562749886283,0.0854922279792746,0.1236766382539768,p_z_plus_renorm
temporal_spike_m2b,0.05,0.1,composite,breadth,19295,0.571928376813226,0.0077120822622107,0.0048132867872633,p_breadth
temporal_spike_m2b,0.05,0.1,composite,z_mahalanobis_sq,8223,0.4884749121363942,0.1286173633440514,0.1601365015166835,p_z_mahalanobis_sq
temporal_spike_m2b,0.05,0.1,composite,t_iut,19295,0.563357152977374,0.0796915167095115,0.0645826721675658,p_t_iut
temporal_spike_m2b,0.05,0.1,composite,z_plus_softmax,18805,0.4841546814550305,0.0518134715025906,0.0933275422118464,p_z_plus_softmax
temporal_spike_m2b,0.05,0.1,composite,z_plus_orth,18805,0.4865101141617957,0.0725388601036269,0.1098865302133666,p_z_plus_orth
temporal_spike_m2b,0.05,0.15,detector,z1,17650,0.4941073305365126,0.1131105398457583,0.1426916169399223,
temporal_spike_m2b,0.05,0.15,detector,z2,19051,0.5638353675822555,0.1876606683804627,0.161879755653199,
temporal_spike_m2b,0.05,0.15,detector,z3,16257,0.5356369722521029,0.0424403183023872,0.0415617128463476,
temporal_spike_m2b,0.05,0.15,detector,z4,19295,0.490058718318772,0.0976863753213367,0.1354596424415529,
temporal_spike_m2b,0.05,0.15,detector,z6,17080,0.5352515147935428,0.2519280205655527,0.2115511353424001,
temporal_spike_m2b,0.05,0.15,detector,z8,8224,0.473740350751724,0.0160771704180064,0.0184506508277518,
temporal_spike_m2b,0.05,0.15,detector,z57,19004,0.4679742474867892,0.2159383033419023,0.2501208702659145,
temporal_spike_m2b,0.05,0.15,composite,z_plus,19295,0.5256918479382642,0.1053984575835475,0.1055749497514016,p_z_plus
temporal_spike_m2b,0.05,0.15,composite,z_plus_renorm,18807,0.4823510709245157,0.0805194805194805,0.1237650635110194,p_z_plus_renorm
temporal_spike_m2b,0.05,0.15,composite,breadth,19295,0.5749093676005522,0.0102827763496143,0.0048132867872633,p_breadth
temporal_spike_m2b,0.05,0.15,composite,z_mahalanobis_sq,8223,0.4931111194197263,0.1318327974276527,0.1601365015166835,p_z_mahalanobis_sq
temporal_spike_m2b,0.05,0.15,composite,t_iut,19295,0.5637853980333496,0.0848329048843187,0.0644768856447688,p_t_iut
temporal_spike_m2b,0.05,0.15,composite,z_plus_softmax,18807,0.4865540495765227,0.0597402597402597,0.0929323634784496,p_z_plus_softmax
temporal_spike_m2b,0.05,0.15,composite,z_plus_orth,18807,0.4893895920603118,0.0857142857142857,0.1101400499402887,p_z_plus_orth
temporal_spike_m2b,0.05,0.2,detector,z1,17650,0.492438710146311,0.1131105398457583,0.1426336828688952,
temporal_spike_m2b,0.05,0.2,detector,z2,19051,0.5634931961047551,0.1850899742930591,0.1613974922302004,
temporal_spike_m2b,0.05,0.2,detector,z3,16257,0.5343628273055876,0.0477453580901856,0.0422544080604534,
temporal_spike_m2b,0.05,0.2,detector,z4,19295,0.4900267648061021,0.0976863753213367,0.1354596424415529,
temporal_spike_m2b,0.05,0.2,detector,z6,17080,0.5452198658852676,0.2622107969151671,0.2115511353424001,
temporal_spike_m2b,0.05,0.2,detector,z8,8224,0.473740350751724,0.0160771704180064,0.0184506508277518,
temporal_spike_m2b,0.05,0.2,detector,z57,19004,0.4681749729155317,0.2185089974293059,0.2501208702659145,
temporal_spike_m2b,0.05,0.2,composite,z_plus,19295,0.5298005937642516,0.1105398457583547,0.1054691632286046,p_z_plus
temporal_spike_m2b,0.05,0.2,composite,z_plus_renorm,18807,0.4838735105490383,0.082901554404145,0.1238260680744802,p_z_plus_renorm
temporal_spike_m2b,0.05,0.2,composite,breadth,19295,0.5800890320043662,0.0102827763496143,0.0048132867872633,p_breadth
temporal_spike_m2b,0.05,0.2,composite,z_mahalanobis_sq,8223,0.4978468946189434,0.1318327974276527,0.1603892821031344,p_z_mahalanobis_sq
temporal_spike_m2b,0.05,0.2,composite,t_iut,19295,0.5633332898221671,0.0848329048843187,0.0643182058605733,p_t_iut
temporal_spike_m2b,0.05,0.2,composite,z_plus_softmax,18807,0.4889169631528333,0.0647668393782383,0.0929374083925954,p_z_plus_softmax
temporal_spike_m2b,0.05,0.2,composite,z_plus_orth,18807,0.4916096688477585,0.0906735751295336,0.1097117420335486,p_z_plus_orth
temporal_spike_m2b,0.05,0.3,detector,z1,17650,0.4925241219451133,0.1131105398457583,0.1426336828688952,
temporal_spike_m2b,0.05,0.3,detector,z2,19051,0.5636093195168054,0.1825192802056555,0.1617190011788661,
temporal_spike_m2b,0.05,0.3,detector,z3,16257,0.5330080043295539,0.0503978779840848,0.041624685138539,
temporal_spike_m2b,0.05,0.3,detector,z4,19295,0.4899988904652622,0.0976863753213367,0.1354596424415529,
temporal_spike_m2b,0.05,0.3,detector,z6,17080,0.5656662095962004,0.2956298200514138,0.2117308729255287,
temporal_spike_m2b,0.05,0.3,detector,z8,8224,0.473740350751724,0.0160771704180064,0.0184506508277518,
temporal_spike_m2b,0.05,0.3,detector,z57,19004,0.4685786333408597,0.2030848329048843,0.2501208702659145,
temporal_spike_m2b,0.05,0.3,composite,z_plus,19295,0.5387800747141112,0.1156812339331619,0.1053104834444091,p_z_plus
temporal_spike_m2b,0.05,0.3,composite,z_plus_renorm,18804,0.4895681548485718,0.0935064935064935,0.1239480970736739,p_z_plus_renorm
temporal_spike_m2b,0.05,0.3,composite,breadth,19295,0.592465375309643,0.0102827763496143,0.0048661800486618,p_breadth
temporal_spike_m2b,0.05,0.3,composite,z_mahalanobis_sq,8223,0.5053258675007072,0.1479099678456591,0.1606420626895854,p_z_mahalanobis_sq
temporal_spike_m2b,0.05,0.3,composite,t_iut,19295,0.5626585268152519,0.0822622107969151,0.0644768856447688,p_t_iut
temporal_spike_m2b,0.05,0.3,composite,z_plus_softmax,18804,0.4975344488293074,0.0649350649350649,0.0930560833921494,p_z_plus_softmax
temporal_spike_m2b,0.05,0.3,composite,z_plus_orth,18804,0.5008436376045909,0.0935064935064935,0.1101579890330636,p_z_plus_orth
temporal_spike_m2b,0.1,0.05,detector,z1,17650,0.4952771817650948,0.1156812339331619,0.1426916169399223,
temporal_spike_m2b,0.1,0.05,detector,z2,19051,0.5652013673635081,0.1902313624678663,0.1620405101275318,
temporal_spike_m2b,0.1,0.05,detector,z3,16257,0.5382019656709138,0.0344827586206896,0.0414357682619647,
temporal_spike_m2b,0.1,0.05,detector,z4,19295,0.4899678887593526,0.0976863753213367,0.1354596424415529,
temporal_spike_m2b,0.1,0.05,detector,z6,17080,0.5074474044245016,0.2236503856041131,0.210772272482176,
temporal_spike_m2b,0.1,0.05,detector,z8,8224,0.473740350751724,0.0160771704180064,0.0184506508277518,
temporal_spike_m2b,0.1,0.05,detector,z57,19004,0.467694115713687,0.2159383033419023,0.2501208702659145,
temporal_spike_m2b,0.1,0.05,composite,z_plus,19295,0.5172691739432294,0.1028277634961439,0.1054691632286046,p_z_plus
temporal_spike_m2b,0.1,0.05,composite,z_plus_renorm,18808,0.4731241875140278,0.082901554404145,0.1236564976658343,p_z_plus_renorm
temporal_spike_m2b,0.1,0.05,composite,breadth,19295,0.5709036208632778,0.0077120822622107,0.0048132867872633,p_breadth
temporal_spike_m2b,0.1,0.05,composite,z_mahalanobis_sq,8223,0.4798088458574869,0.1254019292604501,0.1603892821031344,p_z_mahalanobis_sq
temporal_spike_m2b,0.1,0.05,composite,t_iut,19295,0.5625921722868137,0.0771208226221079,0.0638950597693853,p_t_iut
temporal_spike_m2b,0.1,0.05,composite,z_plus_softmax,18808,0.4805741670665227,0.0647668393782383,0.0933123439365975,p_z_plus_softmax
temporal_spike_m2b,0.1,0.05,composite,z_plus_orth,18808,0.4825554234264843,0.082901554404145,0.1101400499402887,p_z_plus_orth
temporal_spike_m2b,0.1,0.1,detector,z1,17650,0.4953343711822526,0.1156812339331619,0.1426916169399223,
temporal_spike_m2b,0.1,0.1,detector,z2,19051,0.564986063813052,0.1876606683804627,0.1623620190761976,
temporal_spike_m2b,0.1,0.1,detector,z3,16257,0.5365327823396963,0.039787798408488,0.0414357682619647,
temporal_spike_m2b,0.1,0.1,detector,z4,19295,0.4899542235337213,0.0976863753213367,0.1354596424415529,
temporal_spike_m2b,0.1,0.1,detector,z6,17080,0.5231025941200398,0.2416452442159383,0.2113713977592714,
temporal_spike_m2b,0.1,0.1,detector,z8,8224,0.473740350751724,0.0160771704180064,0.0184506508277518,
temporal_spike_m2b,0.1,0.1,detector,z57,19004,0.4676296239522678,0.2159383033419023,0.2501208702659145,
temporal_spike_m2b,0.1,0.1,composite,z_plus,19295,0.5231469206195881,0.1028277634961439,0.1054162699672061,p_z_plus
temporal_spike_m2b,0.1,0.1,composite,z_plus_renorm,18805,0.4797562749886283,0.0854922279792746,0.1236766382539768,p_z_plus_renorm
temporal_spike_m2b,0.1,0.1,composite,breadth,19295,0.571928376813226,0.0077120822622107,0.0048132867872633,p_breadth
temporal_spike_m2b,0.1,0.1,composite,z_mahalanobis_sq,8223,0.4884749121363942,0.1286173633440514,0.1601365015166835,p_z_mahalanobis_sq
temporal_spike_m2b,0.1,0.1,composite,t_iut,19295,0.563357152977374,0.0796915167095115,0.0645826721675658,p_t_iut
temporal_spike_m2b,0.1,0.1,composite,z_plus_softmax,18805,0.4841546814550305,0.0518134715025906,0.0933275422118464,p_z_plus_softmax
temporal_spike_m2b,0.1,0.1,composite,z_plus_orth,18805,0.4865101141617957,0.0725388601036269,0.1098865302133666,p_z_plus_orth
temporal_spike_m2b,0.1,0.15,detector,z1,17650,0.4941073305365126,0.1131105398457583,0.1426916169399223,
temporal_spike_m2b,0.1,0.15,detector,z2,19051,0.5638353675822555,0.1876606683804627,0.161879755653199,
temporal_spike_m2b,0.1,0.15,detector,z3,16257,0.5356369722521029,0.0424403183023872,0.0415617128463476,
temporal_spike_m2b,0.1,0.15,detector,z4,19295,0.490058718318772,0.0976863753213367,0.1354596424415529,
temporal_spike_m2b,0.1,0.15,detector,z6,17080,0.5352515147935428,0.2519280205655527,0.2115511353424001,
temporal_spike_m2b,0.1,0.15,detector,z8,8224,0.473740350751724,0.0160771704180064,0.0184506508277518,
temporal_spike_m2b,0.1,0.15,detector,z57,19004,0.4679742474867892,0.2159383033419023,0.2501208702659145,
temporal_spike_m2b,0.1,0.15,composite,z_plus,19295,0.5256918479382642,0.1053984575835475,0.1055749497514016,p_z_plus
temporal_spike_m2b,0.1,0.15,composite,z_plus_renorm,18807,0.4823510709245157,0.0805194805194805,0.1237650635110194,p_z_plus_renorm
temporal_spike_m2b,0.1,0.15,composite,breadth,19295,0.5749093676005522,0.0102827763496143,0.0048132867872633,p_breadth
temporal_spike_m2b,0.1,0.15,composite,z_mahalanobis_sq,8223,0.4931111194197263,0.1318327974276527,0.1601365015166835,p_z_mahalanobis_sq
temporal_spike_m2b,0.1,0.15,composite,t_iut,19295,0.5637853980333496,0.0848329048843187,0.0644768856447688,p_t_iut
temporal_spike_m2b,0.1,0.15,composite,z_plus_softmax,18807,0.4865540495765227,0.0597402597402597,0.0929323634784496,p_z_plus_softmax
temporal_spike_m2b,0.1,0.15,composite,z_plus_orth,18807,0.4893895920603118,0.0857142857142857,0.1101400499402887,p_z_plus_orth
temporal_spike_m2b,0.1,0.2,detector,z1,17650,0.492438710146311,0.1131105398457583,0.1426336828688952,
temporal_spike_m2b,0.1,0.2,detector,z2,19051,0.5634931961047551,0.1850899742930591,0.1613974922302004,
temporal_spike_m2b,0.1,0.2,detector,z3,16257,0.5343628273055876,0.0477453580901856,0.0422544080604534,
temporal_spike_m2b,0.1,0.2,detector,z4,19295,0.4900267648061021,0.0976863753213367,0.1354596424415529,
temporal_spike_m2b,0.1,0.2,detector,z6,17080,0.5452198658852676,0.2622107969151671,0.2115511353424001,
temporal_spike_m2b,0.1,0.2,detector,z8,8224,0.473740350751724,0.0160771704180064,0.0184506508277518,
temporal_spike_m2b,0.1,0.2,detector,z57,19004,0.4681749729155317,0.2185089974293059,0.2501208702659145,
temporal_spike_m2b,0.1,0.2,composite,z_plus,19295,0.5298005937642516,0.1105398457583547,0.1054691632286046,p_z_plus
temporal_spike_m2b,0.1,0.2,composite,z_plus_renorm,18807,0.4838735105490383,0.082901554404145,0.1238260680744802,p_z_plus_renorm
temporal_spike_m2b,0.1,0.2,composite,breadth,19295,0.5800890320043662,0.0102827763496143,0.0048132867872633,p_breadth
temporal_spike_m2b,0.1,0.2,composite,z_mahalanobis_sq,8223,0.4978468946189434,0.1318327974276527,0.1603892821031344,p_z_mahalanobis_sq
temporal_spike_m2b,0.1,0.2,composite,t_iut,19295,0.5633332898221671,0.0848329048843187,0.0643182058605733,p_t_iut
temporal_spike_m2b,0.1,0.2,composite,z_plus_softmax,18807,0.4889169631528333,0.0647668393782383,0.0929374083925954,p_z_plus_softmax
temporal_spike_m2b,0.1,0.2,composite,z_plus_orth,18807,0.4916096688477585,0.0906735751295336,0.1097117420335486,p_z_plus_orth
temporal_spike_m2b,0.1,0.3,detector,z1,17650,0.4925241219451133,0.1131105398457583,0.1426336828688952,
temporal_spike_m2b,0.1,0.3,detector,z2,19051,0.5636093195168054,0.1825192802056555,0.1617190011788661,
temporal_spike_m2b,0.1,0.3,detector,z3,16257,0.5330080043295539,0.0503978779840848,0.041624685138539,
temporal_spike_m2b,0.1,0.3,detector,z4,19295,0.4899988904652622,0.0976863753213367,0.1354596424415529,
temporal_spike_m2b,0.1,0.3,detector,z6,17080,0.5656662095962004,0.2956298200514138,0.2117308729255287,
temporal_spike_m2b,0.1,0.3,detector,z8,8224,0.473740350751724,0.0160771704180064,0.0184506508277518,
temporal_spike_m2b,0.1,0.3,detector,z57,19004,0.4685786333408597,0.2030848329048843,0.2501208702659145,
temporal_spike_m2b,0.1,0.3,composite,z_plus,19295,0.5387800747141112,0.1156812339331619,0.1053104834444091,p_z_plus
temporal_spike_m2b,0.1,0.3,composite,z_plus_renorm,18804,0.4895681548485718,0.0935064935064935,0.1239480970736739,p_z_plus_renorm
temporal_spike_m2b,0.1,0.3,composite,breadth,19295,0.592465375309643,0.0102827763496143,0.0048661800486618,p_breadth
temporal_spike_m2b,0.1,0.3,composite,z_mahalanobis_sq,8223,0.5053258675007072,0.1479099678456591,0.1606420626895854,p_z_mahalanobis_sq
temporal_spike_m2b,0.1,0.3,composite,t_iut,19295,0.5626585268152519,0.0822622107969151,0.0644768856447688,p_t_iut
temporal_spike_m2b,0.1,0.3,composite,z_plus_softmax,18804,0.4975344488293074,0.0649350649350649,0.0930560833921494,p_z_plus_softmax
temporal_spike_m2b,0.1,0.3,composite,z_plus_orth,18804,0.5008436376045909,0.0935064935064935,0.1101579890330636,p_z_plus_orth
benford_m3_v2,0.01,0.05,detector,z1,17650,0.6286732079339241,0.2842105263157894,0.1398625429553264,
benford_m3_v2,0.01,0.05,detector,z2,19051,0.3818328362998729,0.0621761658031088,0.1633789373210308,
benford_m3_v2,0.01,0.05,detector,z3,16257,0.7702804391243316,0.1088082901554404,0.0414591633466135,
benford_m3_v2,0.01,0.05,detector,z4,19295,0.8389906273547572,0.6062176165803109,0.1299340383205947,
benford_m3_v2,0.01,0.05,detector,z6,17080,0.6972411716990543,0.4946808510638298,0.2086786644565474,
benford_m3_v2,0.01,0.05,detector,z8,8224,0.4873695472423348,0.0454545454545454,0.0184365781710914,
benford_m3_v2,0.01,0.05,detector,z57,19004,0.8937109061146287,0.922279792746114,0.2424645154430918,
benford_m3_v2,0.01,0.05,composite,z_plus,19295,0.8826629118943137,0.6528497409326425,0.100094230970579,p_z_plus
benford_m3_v2,0.01,0.05,composite,z_plus_renorm,18806,0.8187671216479429,0.4766839378238341,0.120453446515876,p_z_plus_renorm
benford_m3_v2,0.01,0.05,composite,breadth,19295,0.8044554106316621,0.0362694300518134,0.0045544969113181,p_breadth
benford_m3_v2,0.01,0.05,composite,z_mahalanobis_sq,8223,0.8876431804212997,0.8181818181818182,0.152059004302397,p_z_mahalanobis_sq
benford_m3_v2,0.01,0.05,composite,t_iut,19295,0.4553167804364136,0.1450777202072538,0.0630823997487174,p_t_iut
benford_m3_v2,0.01,0.05,composite,z_plus_softmax,18806,0.8043467307517254,0.3005181347150259,0.0905818513941868,p_z_plus_softmax
benford_m3_v2,0.01,0.05,composite,z_plus_orth,18806,0.8016985732574786,0.3264248704663212,0.1080427658088432,p_z_plus_orth
benford_m3_v2,0.01,0.1,detector,z1,17650,0.6286732079339241,0.2842105263157894,0.1398625429553264,
benford_m3_v2,0.01,0.1,detector,z2,19051,0.3818328362998729,0.0621761658031088,0.1633789373210308,
benford_m3_v2,0.01,0.1,detector,z3,16257,0.7702804391243316,0.1088082901554404,0.0414591633466135,
benford_m3_v2,0.01,0.1,detector,z4,19295,0.8389906273547572,0.6062176165803109,0.1299340383205947,
benford_m3_v2,0.01,0.1,detector,z6,17080,0.6972411716990543,0.4946808510638298,0.2086786644565474,
benford_m3_v2,0.01,0.1,detector,z8,8224,0.4873695472423348,0.0454545454545454,0.0184365781710914,
benford_m3_v2,0.01,0.1,detector,z57,19004,0.8937109061146287,0.922279792746114,0.2424645154430918,
benford_m3_v2,0.01,0.1,composite,z_plus,19295,0.8826629118943137,0.6528497409326425,0.100094230970579,p_z_plus
benford_m3_v2,0.01,0.1,composite,z_plus_renorm,18806,0.8187671216479429,0.4766839378238341,0.120453446515876,p_z_plus_renorm
benford_m3_v2,0.01,0.1,composite,breadth,19295,0.8044554106316621,0.0362694300518134,0.0045544969113181,p_breadth
benford_m3_v2,0.01,0.1,composite,z_mahalanobis_sq,8223,0.8876431804212997,0.8181818181818182,0.152059004302397,p_z_mahalanobis_sq
benford_m3_v2,0.01,0.1,composite,t_iut,19295,0.4553167804364136,0.1450777202072538,0.0630823997487174,p_t_iut
benford_m3_v2,0.01,0.1,composite,z_plus_softmax,18806,0.8043467307517254,0.3005181347150259,0.0905818513941868,p_z_plus_softmax
benford_m3_v2,0.01,0.1,composite,z_plus_orth,18806,0.8016985732574786,0.3264248704663212,0.1080427658088432,p_z_plus_orth
benford_m3_v2,0.01,0.15,detector,z1,17650,0.6286732079339241,0.2842105263157894,0.1398625429553264,
benford_m3_v2,0.01,0.15,detector,z2,19051,0.3818328362998729,0.0621761658031088,0.1633789373210308,
benford_m3_v2,0.01,0.15,detector,z3,16257,0.7702804391243316,0.1088082901554404,0.0414591633466135,
benford_m3_v2,0.01,0.15,detector,z4,19295,0.8389906273547572,0.6062176165803109,0.1299340383205947,
benford_m3_v2,0.01,0.15,detector,z6,17080,0.6972411716990543,0.4946808510638298,0.2086786644565474,
benford_m3_v2,0.01,0.15,detector,z8,8224,0.4873695472423348,0.0454545454545454,0.0184365781710914,
benford_m3_v2,0.01,0.15,detector,z57,19004,0.8937109061146287,0.922279792746114,0.2424645154430918,
benford_m3_v2,0.01,0.15,composite,z_plus,19295,0.8826629118943137,0.6528497409326425,0.100094230970579,p_z_plus
benford_m3_v2,0.01,0.15,composite,z_plus_renorm,18806,0.8187671216479429,0.4766839378238341,0.120453446515876,p_z_plus_renorm
benford_m3_v2,0.01,0.15,composite,breadth,19295,0.8044554106316621,0.0362694300518134,0.0045544969113181,p_breadth
benford_m3_v2,0.01,0.15,composite,z_mahalanobis_sq,8223,0.8876431804212997,0.8181818181818182,0.152059004302397,p_z_mahalanobis_sq
benford_m3_v2,0.01,0.15,composite,t_iut,19295,0.4553167804364136,0.1450777202072538,0.0630823997487174,p_t_iut
benford_m3_v2,0.01,0.15,composite,z_plus_softmax,18806,0.8043467307517254,0.3005181347150259,0.0905818513941868,p_z_plus_softmax
benford_m3_v2,0.01,0.15,composite,z_plus_orth,18806,0.8016985732574786,0.3264248704663212,0.1080427658088432,p_z_plus_orth
benford_m3_v2,0.01,0.2,detector,z1,17650,0.6286732079339241,0.2842105263157894,0.1398625429553264,
benford_m3_v2,0.01,0.2,detector,z2,19051,0.3818328362998729,0.0621761658031088,0.1633789373210308,
benford_m3_v2,0.01,0.2,detector,z3,16257,0.7702804391243316,0.1088082901554404,0.0414591633466135,
benford_m3_v2,0.01,0.2,detector,z4,19295,0.8389906273547572,0.6062176165803109,0.1299340383205947,
benford_m3_v2,0.01,0.2,detector,z6,17080,0.6972411716990543,0.4946808510638298,0.2086786644565474,
benford_m3_v2,0.01,0.2,detector,z8,8224,0.4873695472423348,0.0454545454545454,0.0184365781710914,
benford_m3_v2,0.01,0.2,detector,z57,19004,0.8937109061146287,0.922279792746114,0.2424645154430918,
benford_m3_v2,0.01,0.2,composite,z_plus,19295,0.8826629118943137,0.6528497409326425,0.100094230970579,p_z_plus
benford_m3_v2,0.01,0.2,composite,z_plus_renorm,18806,0.8187671216479429,0.4766839378238341,0.120453446515876,p_z_plus_renorm
benford_m3_v2,0.01,0.2,composite,breadth,19295,0.8044554106316621,0.0362694300518134,0.0045544969113181,p_breadth
benford_m3_v2,0.01,0.2,composite,z_mahalanobis_sq,8223,0.8876431804212997,0.8181818181818182,0.152059004302397,p_z_mahalanobis_sq
benford_m3_v2,0.01,0.2,composite,t_iut,19295,0.4553167804364136,0.1450777202072538,0.0630823997487174,p_t_iut
benford_m3_v2,0.01,0.2,composite,z_plus_softmax,18806,0.8043467307517254,0.3005181347150259,0.0905818513941868,p_z_plus_softmax
benford_m3_v2,0.01,0.2,composite,z_plus_orth,18806,0.8016985732574786,0.3264248704663212,0.1080427658088432,p_z_plus_orth
benford_m3_v2,0.01,0.3,detector,z1,17650,0.6286732079339241,0.2842105263157894,0.1398625429553264,
benford_m3_v2,0.01,0.3,detector,z2,19051,0.3818328362998729,0.0621761658031088,0.1633789373210308,
benford_m3_v2,0.01,0.3,detector,z3,16257,0.7702804391243316,0.1088082901554404,0.0414591633466135,
benford_m3_v2,0.01,0.3,detector,z4,19295,0.8389906273547572,0.6062176165803109,0.1299340383205947,
benford_m3_v2,0.01,0.3,detector,z6,17080,0.6972411716990543,0.4946808510638298,0.2086786644565474,
benford_m3_v2,0.01,0.3,detector,z8,8224,0.4873695472423348,0.0454545454545454,0.0184365781710914,
benford_m3_v2,0.01,0.3,detector,z57,19004,0.8937109061146287,0.922279792746114,0.2424645154430918,
benford_m3_v2,0.01,0.3,composite,z_plus,19295,0.8826629118943137,0.6528497409326425,0.100094230970579,p_z_plus
benford_m3_v2,0.01,0.3,composite,z_plus_renorm,18806,0.8187671216479429,0.4766839378238341,0.120453446515876,p_z_plus_renorm
benford_m3_v2,0.01,0.3,composite,breadth,19295,0.8044554106316621,0.0362694300518134,0.0045544969113181,p_breadth
benford_m3_v2,0.01,0.3,composite,z_mahalanobis_sq,8223,0.8876431804212997,0.8181818181818182,0.152059004302397,p_z_mahalanobis_sq
benford_m3_v2,0.01,0.3,composite,t_iut,19295,0.4553167804364136,0.1450777202072538,0.0630823997487174,p_t_iut
benford_m3_v2,0.01,0.3,composite,z_plus_softmax,18806,0.8043467307517254,0.3005181347150259,0.0905818513941868,p_z_plus_softmax
benford_m3_v2,0.01,0.3,composite,z_plus_orth,18806,0.8016985732574786,0.3264248704663212,0.1080427658088432,p_z_plus_orth
benford_m3_v2,0.05,0.05,detector,z1,17650,0.6224408244220723,0.3101997896950578,0.127253128929876,
benford_m3_v2,0.05,0.05,detector,z2,19051,0.3811335059430365,0.0518672199170124,0.168131807375463,
benford_m3_v2,0.05,0.05,detector,z3,16257,0.7802359132659886,0.1483402489626556,0.0415876544824429,
benford_m3_v2,0.05,0.05,detector,z4,19295,0.8488701384236607,0.5813471502590674,0.1111838516093835,
benford_m3_v2,0.05,0.05,detector,z6,17080,0.639846468940763,0.4044350580781415,0.2036818942540135,
benford_m3_v2,0.05,0.05,detector,z8,8224,0.5119007231122599,0.014018691588785,0.0187275525910723,
benford_m3_v2,0.05,0.05,detector,z57,19004,0.9121544368318844,0.9305699481865284,0.2113199179555407,
benford_m3_v2,0.05,0.05,composite,z_plus,19295,0.8986211341298983,0.616580310880829,0.0780687397708674,p_z_plus
benford_m3_v2,0.05,0.05,composite,z_plus_renorm,18805,0.8390727595901392,0.4652849740932642,0.1047645739910314,p_z_plus_renorm
benford_m3_v2,0.05,0.05,composite,breadth,19295,0.8014999618395054,0.0113989637305699,0.0040370976541189,p_breadth
benford_m3_v2,0.05,0.05,composite,z_mahalanobis_sq,8223,0.8957104662106671,0.8341121495327103,0.1237973059653624,p_z_mahalanobis_sq
benford_m3_v2,0.05,0.05,composite,t_iut,19295,0.4610120728497975,0.1067357512953367,0.0607201309328968,p_t_iut
benford_m3_v2,0.05,0.05,composite,z_plus_softmax,18805,0.8261713504031227,0.2953367875647668,0.0808856502242152,p_z_plus_softmax
benford_m3_v2,0.05,0.05,composite,z_plus_orth,18805,0.8269117544552615,0.3316062176165803,0.0960762331838565,p_z_plus_orth
benford_m3_v2,0.05,0.1,detector,z1,17650,0.6224408244220723,0.3101997896950578,0.127253128929876,
benford_m3_v2,0.05,0.1,detector,z2,19051,0.3811335059430365,0.0518672199170124,0.168131807375463,
benford_m3_v2,0.05,0.1,detector,z3,16257,0.7802359132659886,0.1483402489626556,0.0415876544824429,
benford_m3_v2,0.05,0.1,detector,z4,19295,0.8488701384236607,0.5813471502590674,0.1111838516093835,
benford_m3_v2,0.05,0.1,detector,z6,17080,0.639846468940763,0.4044350580781415,0.2036818942540135,
benford_m3_v2,0.05,0.1,detector,z8,8224,0.5119007231122599,0.014018691588785,0.0187275525910723,
benford_m3_v2,0.05,0.1,detector,z57,19004,0.9121544368318844,0.9305699481865284,0.2113199179555407,
benford_m3_v2,0.05,0.1,composite,z_plus,19295,0.8986211341298983,0.616580310880829,0.0780687397708674,p_z_plus
benford_m3_v2,0.05,0.1,composite,z_plus_renorm,18805,0.8390727595901392,0.4652849740932642,0.1047645739910314,p_z_plus_renorm
benford_m3_v2,0.05,0.1,composite,breadth,19295,0.8014999618395054,0.0113989637305699,0.0040370976541189,p_breadth
benford_m3_v2,0.05,0.1,composite,z_mahalanobis_sq,8223,0.8957104662106671,0.8341121495327103,0.1237973059653624,p_z_mahalanobis_sq
benford_m3_v2,0.05,0.1,composite,t_iut,19295,0.4610120728497975,0.1067357512953367,0.0607201309328968,p_t_iut
benford_m3_v2,0.05,0.1,composite,z_plus_softmax,18805,0.8261713504031227,0.2953367875647668,0.0808856502242152,p_z_plus_softmax
benford_m3_v2,0.05,0.1,composite,z_plus_orth,18805,0.8269117544552615,0.3316062176165803,0.0960762331838565,p_z_plus_orth
benford_m3_v2,0.05,0.15,detector,z1,17650,0.6224408244220723,0.3101997896950578,0.127253128929876,
benford_m3_v2,0.05,0.15,detector,z2,19051,0.3811335059430365,0.0518672199170124,0.168131807375463,
benford_m3_v2,0.05,0.15,detector,z3,16257,0.7802359132659886,0.1483402489626556,0.0415876544824429,
benford_m3_v2,0.05,0.15,detector,z4,19295,0.8488701384236607,0.5813471502590674,0.1111838516093835,
benford_m3_v2,0.05,0.15,detector,z6,17080,0.639846468940763,0.4044350580781415,0.2036818942540135,
benford_m3_v2,0.05,0.15,detector,z8,8224,0.5119007231122599,0.014018691588785,0.0187275525910723,
benford_m3_v2,0.05,0.15,detector,z57,19004,0.9121544368318844,0.9305699481865284,0.2113199179555407,
benford_m3_v2,0.05,0.15,composite,z_plus,19295,0.8986211341298983,0.616580310880829,0.0780687397708674,p_z_plus
benford_m3_v2,0.05,0.15,composite,z_plus_renorm,18805,0.8390727595901392,0.4652849740932642,0.1047645739910314,p_z_plus_renorm
benford_m3_v2,0.05,0.15,composite,breadth,19295,0.8014999618395054,0.0113989637305699,0.0040370976541189,p_breadth
benford_m3_v2,0.05,0.15,composite,z_mahalanobis_sq,8223,0.8957104662106671,0.8341121495327103,0.1237973059653624,p_z_mahalanobis_sq
benford_m3_v2,0.05,0.15,composite,t_iut,19295,0.4610120728497975,0.1067357512953367,0.0607201309328968,p_t_iut
benford_m3_v2,0.05,0.15,composite,z_plus_softmax,18805,0.8261713504031227,0.2953367875647668,0.0808856502242152,p_z_plus_softmax
benford_m3_v2,0.05,0.15,composite,z_plus_orth,18805,0.8269117544552615,0.3316062176165803,0.0960762331838565,p_z_plus_orth
benford_m3_v2,0.05,0.2,detector,z1,17650,0.6224408244220723,0.3101997896950578,0.127253128929876,
benford_m3_v2,0.05,0.2,detector,z2,19051,0.3811335059430365,0.0518672199170124,0.168131807375463,
benford_m3_v2,0.05,0.2,detector,z3,16257,0.7802359132659886,0.1483402489626556,0.0415876544824429,
benford_m3_v2,0.05,0.2,detector,z4,19295,0.8488701384236607,0.5813471502590674,0.1111838516093835,
benford_m3_v2,0.05,0.2,detector,z6,17080,0.639846468940763,0.4044350580781415,0.2036818942540135,
benford_m3_v2,0.05,0.2,detector,z8,8224,0.5119007231122599,0.014018691588785,0.0187275525910723,
benford_m3_v2,0.05,0.2,detector,z57,19004,0.9121544368318844,0.9305699481865284,0.2113199179555407,
benford_m3_v2,0.05,0.2,composite,z_plus,19295,0.8986211341298983,0.616580310880829,0.0780687397708674,p_z_plus
benford_m3_v2,0.05,0.2,composite,z_plus_renorm,18805,0.8390727595901392,0.4652849740932642,0.1047645739910314,p_z_plus_renorm
benford_m3_v2,0.05,0.2,composite,breadth,19295,0.8014999618395054,0.0113989637305699,0.0040370976541189,p_breadth
benford_m3_v2,0.05,0.2,composite,z_mahalanobis_sq,8223,0.8957104662106671,0.8341121495327103,0.1237973059653624,p_z_mahalanobis_sq
benford_m3_v2,0.05,0.2,composite,t_iut,19295,0.4610120728497975,0.1067357512953367,0.0607201309328968,p_t_iut
benford_m3_v2,0.05,0.2,composite,z_plus_softmax,18805,0.8261713504031227,0.2953367875647668,0.0808856502242152,p_z_plus_softmax
benford_m3_v2,0.05,0.2,composite,z_plus_orth,18805,0.8269117544552615,0.3316062176165803,0.0960762331838565,p_z_plus_orth
benford_m3_v2,0.05,0.3,detector,z1,17650,0.6224408244220723,0.3101997896950578,0.127253128929876,
benford_m3_v2,0.05,0.3,detector,z2,19051,0.3811335059430365,0.0518672199170124,0.168131807375463,
benford_m3_v2,0.05,0.3,detector,z3,16257,0.7802359132659886,0.1483402489626556,0.0415876544824429,
benford_m3_v2,0.05,0.3,detector,z4,19295,0.8488701384236607,0.5813471502590674,0.1111838516093835,
benford_m3_v2,0.05,0.3,detector,z6,17080,0.639846468940763,0.4044350580781415,0.2036818942540135,
benford_m3_v2,0.05,0.3,detector,z8,8224,0.5119007231122599,0.014018691588785,0.0187275525910723,
benford_m3_v2,0.05,0.3,detector,z57,19004,0.9121544368318844,0.9305699481865284,0.2113199179555407,
benford_m3_v2,0.05,0.3,composite,z_plus,19295,0.8986211341298983,0.616580310880829,0.0780687397708674,p_z_plus
benford_m3_v2,0.05,0.3,composite,z_plus_renorm,18805,0.8390727595901392,0.4652849740932642,0.1047645739910314,p_z_plus_renorm
benford_m3_v2,0.05,0.3,composite,breadth,19295,0.8014999618395054,0.0113989637305699,0.0040370976541189,p_breadth
benford_m3_v2,0.05,0.3,composite,z_mahalanobis_sq,8223,0.8957104662106671,0.8341121495327103,0.1237973059653624,p_z_mahalanobis_sq
benford_m3_v2,0.05,0.3,composite,t_iut,19295,0.4610120728497975,0.1067357512953367,0.0607201309328968,p_t_iut
benford_m3_v2,0.05,0.3,composite,z_plus_softmax,18805,0.8261713504031227,0.2953367875647668,0.0808856502242152,p_z_plus_softmax
benford_m3_v2,0.05,0.3,composite,z_plus_orth,18805,0.8269117544552615,0.3316062176165803,0.0960762331838565,p_z_plus_orth
benford_m3_v2,0.1,0.05,detector,z1,17650,0.6040622475190963,0.2515856236786469,0.1156872699581165,
benford_m3_v2,0.1,0.05,detector,z2,19051,0.3723959493977912,0.0612668743509865,0.1736058394160584,
benford_m3_v2,0.1,0.05,detector,z3,16257,0.7969358809624373,0.1744548286604361,0.038587677063708,
benford_m3_v2,0.1,0.05,detector,z4,19295,0.8728480103358401,0.5808290155440414,0.0874748056435358,
benford_m3_v2,0.1,0.05,detector,z6,17080,0.5772120350260879,0.3328017012227539,0.2017895914204882,
benford_m3_v2,0.1,0.05,detector,z8,8224,0.4922491133911011,0.0172018348623853,0.0191784548422198,
benford_m3_v2,0.1,0.05,detector,z57,19004,0.938131046144154,0.9404145077720208,0.1698488930537659,
benford_m3_v2,0.1,0.05,composite,z_plus,19295,0.9112798210920962,0.5803108808290155,0.0520587388424992,p_z_plus
benford_m3_v2,0.1,0.05,composite,z_plus_renorm,18807,0.851111885108378,0.438860103626943,0.0849084552941873,p_z_plus_renorm
benford_m3_v2,0.1,0.05,composite,breadth,19295,0.7991460996674569,0.010880829015544,0.0036855744313273,p_breadth
benford_m3_v2,0.1,0.05,composite,z_mahalanobis_sq,8223,0.9171726932240388,0.8371559633027523,0.0824377635695823,p_z_mahalanobis_sq
benford_m3_v2,0.1,0.05,composite,t_iut,19295,0.4410110265870393,0.0797927461139896,0.0599481716095594,p_t_iut
benford_m3_v2,0.1,0.05,composite,z_plus_softmax,18807,0.8394248112140845,0.2772020725388601,0.0691473603128518,p_z_plus_softmax
benford_m3_v2,0.1,0.05,composite,z_plus_orth,18807,0.8394012177716184,0.3119170984455958,0.0824791135865379,p_z_plus_orth
benford_m3_v2,0.1,0.1,detector,z1,17650,0.6040622475190963,0.2515856236786469,0.1156872699581165,
benford_m3_v2,0.1,0.1,detector,z2,19051,0.3723959493977912,0.0612668743509865,0.1736058394160584,
benford_m3_v2,0.1,0.1,detector,z3,16257,0.7969358809624373,0.1744548286604361,0.038587677063708,
benford_m3_v2,0.1,0.1,detector,z4,19295,0.8728480103358401,0.5808290155440414,0.0874748056435358,
benford_m3_v2,0.1,0.1,detector,z6,17080,0.5772120350260879,0.3328017012227539,0.2017895914204882,
benford_m3_v2,0.1,0.1,detector,z8,8224,0.4922491133911011,0.0172018348623853,0.0191784548422198,
benford_m3_v2,0.1,0.1,detector,z57,19004,0.938131046144154,0.9404145077720208,0.1698488930537659,
benford_m3_v2,0.1,0.1,composite,z_plus,19295,0.9112798210920962,0.5803108808290155,0.0520587388424992,p_z_plus
benford_m3_v2,0.1,0.1,composite,z_plus_renorm,18807,0.851111885108378,0.438860103626943,0.0849084552941873,p_z_plus_renorm
benford_m3_v2,0.1,0.1,composite,breadth,19295,0.7991460996674569,0.010880829015544,0.0036855744313273,p_breadth
benford_m3_v2,0.1,0.1,composite,z_mahalanobis_sq,8223,0.9171726932240388,0.8371559633027523,0.0824377635695823,p_z_mahalanobis_sq
benford_m3_v2,0.1,0.1,composite,t_iut,19295,0.4410110265870393,0.0797927461139896,0.0599481716095594,p_t_iut
benford_m3_v2,0.1,0.1,composite,z_plus_softmax,18807,0.8394248112140845,0.2772020725388601,0.0691473603128518,p_z_plus_softmax
benford_m3_v2,0.1,0.1,composite,z_plus_orth,18807,0.8394012177716184,0.3119170984455958,0.0824791135865379,p_z_plus_orth
benford_m3_v2,0.1,0.15,detector,z1,17650,0.6040622475190963,0.2515856236786469,0.1156872699581165,
benford_m3_v2,0.1,0.15,detector,z2,19051,0.3723959493977912,0.0612668743509865,0.1736058394160584,
benford_m3_v2,0.1,0.15,detector,z3,16257,0.7969358809624373,0.1744548286604361,0.038587677063708,
benford_m3_v2,0.1,0.15,detector,z4,19295,0.8728480103358401,0.5808290155440414,0.0874748056435358,
benford_m3_v2,0.1,0.15,detector,z6,17080,0.5772120350260879,0.3328017012227539,0.2017895914204882,
benford_m3_v2,0.1,0.15,detector,z8,8224,0.4922491133911011,0.0172018348623853,0.0191784548422198,
benford_m3_v2,0.1,0.15,detector,z57,19004,0.938131046144154,0.9404145077720208,0.1698488930537659,
benford_m3_v2,0.1,0.15,composite,z_plus,19295,0.9112798210920962,0.5803108808290155,0.0520587388424992,p_z_plus
benford_m3_v2,0.1,0.15,composite,z_plus_renorm,18807,0.851111885108378,0.438860103626943,0.0849084552941873,p_z_plus_renorm
benford_m3_v2,0.1,0.15,composite,breadth,19295,0.7991460996674569,0.010880829015544,0.0036855744313273,p_breadth
benford_m3_v2,0.1,0.15,composite,z_mahalanobis_sq,8223,0.9171726932240388,0.8371559633027523,0.0824377635695823,p_z_mahalanobis_sq
benford_m3_v2,0.1,0.15,composite,t_iut,19295,0.4410110265870393,0.0797927461139896,0.0599481716095594,p_t_iut
benford_m3_v2,0.1,0.15,composite,z_plus_softmax,18807,0.8394248112140845,0.2772020725388601,0.0691473603128518,p_z_plus_softmax
benford_m3_v2,0.1,0.15,composite,z_plus_orth,18807,0.8394012177716184,0.3119170984455958,0.0824791135865379,p_z_plus_orth
benford_m3_v2,0.1,0.2,detector,z1,17650,0.6040622475190963,0.2515856236786469,0.1156872699581165,
benford_m3_v2,0.1,0.2,detector,z2,19051,0.3723959493977912,0.0612668743509865,0.1736058394160584,
benford_m3_v2,0.1,0.2,detector,z3,16257,0.7969358809624373,0.1744548286604361,0.038587677063708,
benford_m3_v2,0.1,0.2,detector,z4,19295,0.8728480103358401,0.5808290155440414,0.0874748056435358,
benford_m3_v2,0.1,0.2,detector,z6,17080,0.5772120350260879,0.3328017012227539,0.2017895914204882,
benford_m3_v2,0.1,0.2,detector,z8,8224,0.4922491133911011,0.0172018348623853,0.0191784548422198,
benford_m3_v2,0.1,0.2,detector,z57,19004,0.938131046144154,0.9404145077720208,0.1698488930537659,
benford_m3_v2,0.1,0.2,composite,z_plus,19295,0.9112798210920962,0.5803108808290155,0.0520587388424992,p_z_plus
benford_m3_v2,0.1,0.2,composite,z_plus_renorm,18807,0.851111885108378,0.438860103626943,0.0849084552941873,p_z_plus_renorm
benford_m3_v2,0.1,0.2,composite,breadth,19295,0.7991460996674569,0.010880829015544,0.0036855744313273,p_breadth
benford_m3_v2,0.1,0.2,composite,z_mahalanobis_sq,8223,0.9171726932240388,0.8371559633027523,0.0824377635695823,p_z_mahalanobis_sq
benford_m3_v2,0.1,0.2,composite,t_iut,19295,0.4410110265870393,0.0797927461139896,0.0599481716095594,p_t_iut
benford_m3_v2,0.1,0.2,composite,z_plus_softmax,18807,0.8394248112140845,0.2772020725388601,0.0691473603128518,p_z_plus_softmax
benford_m3_v2,0.1,0.2,composite,z_plus_orth,18807,0.8394012177716184,0.3119170984455958,0.0824791135865379,p_z_plus_orth
benford_m3_v2,0.1,0.3,detector,z1,17650,0.6040622475190963,0.2515856236786469,0.1156872699581165,
benford_m3_v2,0.1,0.3,detector,z2,19051,0.3723959493977912,0.0612668743509865,0.1736058394160584,
benford_m3_v2,0.1,0.3,detector,z3,16257,0.7969358809624373,0.1744548286604361,0.038587677063708,
benford_m3_v2,0.1,0.3,detector,z4,19295,0.8728480103358401,0.5808290155440414,0.0874748056435358,
benford_m3_v2,0.1,0.3,detector,z6,17080,0.5772120350260879,0.3328017012227539,0.2017895914204882,
benford_m3_v2,0.1,0.3,detector,z8,8224,0.4922491133911011,0.0172018348623853,0.0191784548422198,
benford_m3_v2,0.1,0.3,detector,z57,19004,0.938131046144154,0.9404145077720208,0.1698488930537659,
benford_m3_v2,0.1,0.3,composite,z_plus,19295,0.9112798210920962,0.5803108808290155,0.0520587388424992,p_z_plus
benford_m3_v2,0.1,0.3,composite,z_plus_renorm,18807,0.851111885108378,0.438860103626943,0.0849084552941873,p_z_plus_renorm
benford_m3_v2,0.1,0.3,composite,breadth,19295,0.7991460996674569,0.010880829015544,0.0036855744313273,p_breadth
benford_m3_v2,0.1,0.3,composite,z_mahalanobis_sq,8223,0.9171726932240388,0.8371559633027523,0.0824377635695823,p_z_mahalanobis_sq
benford_m3_v2,0.1,0.3,composite,t_iut,19295,0.4410110265870393,0.0797927461139896,0.0599481716095594,p_t_iut
benford_m3_v2,0.1,0.3,composite,z_plus_softmax,18807,0.8394248112140845,0.2772020725388601,0.0691473603128518,p_z_plus_softmax
benford_m3_v2,0.1,0.3,composite,z_plus_orth,18807,0.8394012177716184,0.3119170984455958,0.0824791135865379,p_z_plus_orth
interstatement_m4_v2,0.01,0.05,detector,z1,17650,0.4504975631992973,0.0989583333333333,0.1421124985679917,
interstatement_m4_v2,0.01,0.05,detector,z2,19051,0.5366150729999005,0.160621761658031,0.161257821614169,
interstatement_m4_v2,0.01,0.05,detector,z3,16257,0.5227693160597572,0.0208333333333333,0.0415810768751945,
interstatement_m4_v2,0.01,0.05,detector,z4,19295,0.5321338730773383,0.1709844559585492,0.1343314836142812,
interstatement_m4_v2,0.01,0.05,detector,z6,17080,0.5207949690398578,0.2340425531914893,0.2099810561212408,
interstatement_m4_v2,0.01,0.05,detector,z8,8224,0.9880725395469984,0.8930817610062893,0.0095474271543707,
interstatement_m4_v2,0.01,0.05,detector,z57,19004,0.8256858584837501,0.7875647668393783,0.239115411195577,
interstatement_m4_v2,0.01,0.05,composite,z_plus,19295,0.8176175025483592,0.3989637305699481,0.1034446654800544,p_z_plus
interstatement_m4_v2,0.01,0.05,composite,z_plus_renorm,18813,0.7586972612879349,0.3056994818652849,0.1230397422126745,p_z_plus_renorm
interstatement_m4_v2,0.01,0.05,composite,breadth,19295,0.7223578303115589,0.005181347150259,0.0046068474505287,p_breadth
interstatement_m4_v2,0.01,0.05,composite,z_mahalanobis_sq,8223,0.8256570428559096,0.7341772151898734,0.15350278983261,p_z_mahalanobis_sq
interstatement_m4_v2,0.01,0.05,composite,t_iut,19295,0.5840576062078516,0.0621761658031088,0.0633965029839807,p_t_iut
interstatement_m4_v2,0.01,0.05,composite,z_plus_softmax,18813,0.7352762921367074,0.1347150259067357,0.093984962406015,p_z_plus_softmax
interstatement_m4_v2,0.01,0.05,composite,z_plus_orth,18813,0.7510120601281145,0.2020725388601036,0.1110096670247046,p_z_plus_orth
interstatement_m4_v2,0.01,0.1,detector,z1,17650,0.4504939831786764,0.1041666666666666,0.1424561805475999,
interstatement_m4_v2,0.01,0.1,detector,z2,19051,0.530804534791518,0.160621761658031,0.1617350726482129,
interstatement_m4_v2,0.01,0.1,detector,z3,16257,0.5227693160597572,0.0208333333333333,0.0415810768751945,
interstatement_m4_v2,0.01,0.1,detector,z4,19295,0.5321338730773383,0.1709844559585492,0.1343314836142812,
interstatement_m4_v2,0.01,0.1,detector,z6,17080,0.5207949690398578,0.2340425531914893,0.2099810561212408,
interstatement_m4_v2,0.01,0.1,detector,z8,8224,0.9910686365107402,0.9308176100628932,0.0095474271543707,
interstatement_m4_v2,0.01,0.1,detector,z57,19004,0.8362295184467912,0.8031088082901554,0.243953006219765,
interstatement_m4_v2,0.01,0.1,composite,z_plus,19295,0.825625507569671,0.3989637305699481,0.1036540676368966,p_z_plus
interstatement_m4_v2,0.01,0.1,composite,z_plus_renorm,18814,0.7704277275670429,0.3264248704663212,0.1229257290156275,p_z_plus_renorm
interstatement_m4_v2,0.01,0.1,composite,breadth,19295,0.7186382295644381,0.0103626943005181,0.0046068474505287,p_breadth
interstatement_m4_v2,0.01,0.1,composite,z_mahalanobis_sq,8223,0.8379064091597542,0.7468354430379747,0.15350278983261,p_z_mahalanobis_sq
interstatement_m4_v2,0.01,0.1,composite,t_iut,19295,0.5800125098801471,0.0621761658031088,0.0631871008271385,p_t_iut
interstatement_m4_v2,0.01,0.1,composite,z_plus_softmax,18814,0.7441649672371129,0.1295336787564766,0.0939799151495623,p_z_plus_softmax
interstatement_m4_v2,0.01,0.1,composite,z_plus_orth,18814,0.7606538163914885,0.2020725388601036,0.1108962998764835,p_z_plus_orth
interstatement_m4_v2,0.01,0.15,detector,z1,17650,0.4451706416828961,0.0989583333333333,0.1422270592278611,
interstatement_m4_v2,0.01,0.15,detector,z2,19051,0.5249243459572689,0.155440414507772,0.1616290168628698,
interstatement_m4_v2,0.01,0.15,detector,z3,16257,0.5227693160597572,0.0208333333333333,0.0415810768751945,
interstatement_m4_v2,0.01,0.15,detector,z4,19295,0.5321338730773383,0.1709844559585492,0.1343314836142812,
interstatement_m4_v2,0.01,0.15,detector,z6,17080,0.5207949690398578,0.2340425531914893,0.2099810561212408,
interstatement_m4_v2,0.01,0.15,detector,z8,8224,0.9922890664295992,0.9622641509433962,0.0095474271543707,
interstatement_m4_v2,0.01,0.15,detector,z57,19004,0.842640302788331,0.8134715025906736,0.2442719685290521,
interstatement_m4_v2,0.01,0.15,composite,z_plus,19295,0.8293095750492447,0.38860103626943,0.1032876138624227,p_z_plus
interstatement_m4_v2,0.01,0.15,composite,z_plus_renorm,18813,0.7745384927900802,0.3367875647668393,0.1227712137486573,p_z_plus_renorm
interstatement_m4_v2,0.01,0.15,composite,breadth,19295,0.7176464174057677,0.0155440414507772,0.0046068474505287,p_breadth
interstatement_m4_v2,0.01,0.15,composite,z_mahalanobis_sq,8223,0.8452541455107629,0.7658227848101266,0.1533787972721636,p_z_mahalanobis_sq
interstatement_m4_v2,0.01,0.15,composite,t_iut,19295,0.5708081729770313,0.0725388601036269,0.0631347502879279,p_t_iut
interstatement_m4_v2,0.01,0.15,composite,z_plus_softmax,18813,0.7488915200658939,0.1347150259067357,0.093984962406015,p_z_plus_softmax
interstatement_m4_v2,0.01,0.15,composite,z_plus_orth,18813,0.7655362499513032,0.2020725388601036,0.1106874328678839,p_z_plus_orth
interstatement_m4_v2,0.01,0.2,detector,z1,17650,0.4508251350861114,0.0989583333333333,0.142055218238057,
interstatement_m4_v2,0.01,0.2,detector,z2,19051,0.5204605238935991,0.1398963730569948,0.1617881005408845,
interstatement_m4_v2,0.01,0.2,detector,z3,16257,0.5227693160597572,0.0208333333333333,0.0415810768751945,
interstatement_m4_v2,0.01,0.2,detector,z4,19295,0.5321338730773383,0.1709844559585492,0.1343314836142812,
interstatement_m4_v2,0.01,0.2,detector,z6,17080,0.5207949690398578,0.2340425531914893,0.2099810561212408,
interstatement_m4_v2,0.01,0.2,detector,z8,8224,0.9936019058982248,0.9748427672955976,0.0095474271543707,
interstatement_m4_v2,0.01,0.2,detector,z57,19004,0.8462525922573689,0.8186528497409327,0.2443251289139333,
interstatement_m4_v2,0.01,0.2,composite,z_plus,19295,0.8316642643284511,0.3834196891191709,0.1033923149408438,p_z_plus
interstatement_m4_v2,0.01,0.2,composite,z_plus_renorm,18812,0.7769018054152159,0.3212435233160621,0.1229389333476556,p_z_plus_renorm
interstatement_m4_v2,0.01,0.2,composite,breadth,19295,0.7188780113088015,0.0103626943005181,0.0046068474505287,p_breadth
interstatement_m4_v2,0.01,0.2,composite,z_mahalanobis_sq,8223,0.8495413060026524,0.7784810126582279,0.1533787972721636,p_z_mahalanobis_sq
interstatement_m4_v2,0.01,0.2,composite,t_iut,19295,0.5680434948894482,0.0673575129533678,0.0633441524447701,p_t_iut
interstatement_m4_v2,0.01,0.2,composite,z_plus_softmax,18812,0.7515040488753617,0.1347150259067357,0.094151135936409,p_z_plus_softmax
interstatement_m4_v2,0.01,0.2,composite,z_plus_orth,18812,0.7682449845789595,0.2020725388601036,0.1109619206187228,p_z_plus_orth
interstatement_m4_v2,0.01,0.3,detector,z1,17650,0.4439617880532325,0.09375,0.1423416198877305,
interstatement_m4_v2,0.01,0.3,detector,z2,19051,0.514543655143953,0.1398963730569948,0.1626365468236292,
interstatement_m4_v2,0.01,0.3,detector,z3,16257,0.5227693160597572,0.0208333333333333,0.0415810768751945,
interstatement_m4_v2,0.01,0.3,detector,z4,19295,0.5321338730773383,0.1709844559585492,0.1343314836142812,
interstatement_m4_v2,0.01,0.3,detector,z6,17080,0.5207949690398578,0.2340425531914893,0.2099810561212408,
interstatement_m4_v2,0.01,0.3,detector,z8,8224,0.9977938682169636,0.9748427672955976,0.0095474271543707,
interstatement_m4_v2,0.01,0.3,detector,z57,19004,0.8490676136743934,0.8290155440414507,0.2442719685290521,
interstatement_m4_v2,0.01,0.3,composite,z_plus,19295,0.8337795787327698,0.38860103626943,0.103497016019265,p_z_plus
interstatement_m4_v2,0.01,0.3,composite,z_plus_renorm,18811,0.7801107012713198,0.3316062176165803,0.1231066709635836,p_z_plus_renorm
interstatement_m4_v2,0.01,0.3,composite,breadth,19295,0.7166141895458414,0.0155440414507772,0.0046068474505287,p_breadth
interstatement_m4_v2,0.01,0.3,composite,z_mahalanobis_sq,8223,0.8524598397513872,0.7848101265822784,0.15350278983261,p_z_mahalanobis_sq
interstatement_m4_v2,0.01,0.3,composite,t_iut,19295,0.5630288286010796,0.0621761658031088,0.0634488535231913,p_t_iut
interstatement_m4_v2,0.01,0.3,composite,z_plus_softmax,18811,0.7541286859838687,0.1347150259067357,0.0940487700075196,p_z_plus_softmax
interstatement_m4_v2,0.01,0.3,composite,z_plus_orth,18811,0.7705962584539893,0.2072538860103626,0.1108604576216564,p_z_plus_orth
interstatement_m4_v2,0.05,0.05,detector,z1,17650,0.4921181651860081,0.120253164556962,0.1414201891988983,
interstatement_m4_v2,0.05,0.05,detector,z2,19051,0.5663789413733693,0.2041450777202072,0.1577463231228574,
interstatement_m4_v2,0.05,0.05,detector,z3,16257,0.513552834433767,0.025,0.0423612473033928,
interstatement_m4_v2,0.05,0.05,detector,z4,19295,0.5330563446768937,0.1678756476683937,0.1329514457174031,
interstatement_m4_v2,0.05,0.05,detector,z6,17080,0.5002027915600439,0.2253218884120171,0.2093757740896705,
interstatement_m4_v2,0.05,0.05,detector,z8,8226,0.9909913647993536,0.415,0.0004039859951521,
interstatement_m4_v2,0.05,0.05,detector,z57,19004,0.5847534716806735,0.4113989637305699,0.2430844281833804,
interstatement_m4_v2,0.05,0.05,composite,z_plus,19295,0.6802576822728955,0.1958549222797927,0.1016912165848336,p_z_plus
interstatement_m4_v2,0.05,0.05,composite,z_plus_renorm,18818,0.6090724219003265,0.1533678756476684,0.1243488489329524,p_z_plus_renorm
interstatement_m4_v2,0.05,0.05,composite,breadth,19295,0.6885229344572306,0.0196891191709844,0.0039279869067103,p_breadth
interstatement_m4_v2,0.05,0.05,composite,z_mahalanobis_sq,8225,0.6577794612794613,0.3075,0.1519191919191919,p_z_mahalanobis_sq
interstatement_m4_v2,0.05,0.05,composite,t_iut,19295,0.5799534724636698,0.0735751295336787,0.0631205673758865,p_t_iut
interstatement_m4_v2,0.05,0.05,composite,z_plus_softmax,18818,0.600828208724735,0.0652849740932642,0.0952781045202487,p_z_plus_softmax
interstatement_m4_v2,0.05,0.05,composite,z_plus_orth,18818,0.606213205194175,0.0984455958549222,0.1123620679997759,p_z_plus_orth
interstatement_m4_v2,0.05,0.1,detector,z1,17650,0.4913846569323666,0.1234177215189873,0.1410010777152436,
interstatement_m4_v2,0.05,0.1,detector,z2,19051,0.5602032087338616,0.2010362694300518,0.1579121972796638,
interstatement_m4_v2,0.05,0.1,detector,z3,16257,0.513552834433767,0.025,0.0423612473033928,
interstatement_m4_v2,0.05,0.1,detector,z4,19295,0.5330563446768937,0.1678756476683937,0.1329514457174031,
interstatement_m4_v2,0.05,0.1,detector,z6,17080,0.5002027915600439,0.2253218884120171,0.2093757740896705,
interstatement_m4_v2,0.05,0.1,detector,z8,8226,0.993892825882036,0.415,0.000134661998384,
interstatement_m4_v2,0.05,0.1,detector,z57,19004,0.5851106712657981,0.4113989637305699,0.2430844281833804,
interstatement_m4_v2,0.05,0.1,composite,z_plus,19295,0.6814357108734796,0.1979274611398963,0.1019094380796508,p_z_plus
interstatement_m4_v2,0.05,0.1,composite,z_plus_renorm,18817,0.6132510080001485,0.1512953367875647,0.12418776607663,p_z_plus_renorm
interstatement_m4_v2,0.05,0.1,composite,breadth,19295,0.6836666016524907,0.0196891191709844,0.0039279869067103,p_breadth
interstatement_m4_v2,0.05,0.1,composite,z_mahalanobis_sq,8225,0.6610888888888888,0.31,0.1519191919191919,p_z_mahalanobis_sq
interstatement_m4_v2,0.05,0.1,composite,t_iut,19295,0.5743084611709901,0.0735751295336787,0.0628477905073649,p_t_iut
interstatement_m4_v2,0.05,0.1,composite,z_plus_softmax,18817,0.602963282440887,0.0652849740932642,0.0952274254985435,p_z_plus_softmax
interstatement_m4_v2,0.05,0.1,composite,z_plus_orth,18817,0.6081872947284466,0.0932642487046632,0.1123683620882814,p_z_plus_orth
interstatement_m4_v2,0.05,0.15,detector,z1,17650,0.4922221535913483,0.1191983122362869,0.1398634894024667,
interstatement_m4_v2,0.05,0.15,detector,z2,19051,0.5549941012972562,0.2,0.1586309852924914,
interstatement_m4_v2,0.05,0.15,detector,z3,16257,0.513552834433767,0.025,0.0423612473033928,
interstatement_m4_v2,0.05,0.15,detector,z4,19295,0.5330563446768937,0.1678756476683937,0.1329514457174031,
interstatement_m4_v2,0.05,0.15,detector,z6,17080,0.5002027915600439,0.2253218884120171,0.2093757740896705,
interstatement_m4_v2,0.05,0.15,detector,z8,8226,0.9950616920280096,0.415,0.0,
interstatement_m4_v2,0.05,0.15,detector,z57,19004,0.5852567278668239,0.4113989637305699,0.2430844281833804,
interstatement_m4_v2,0.05,0.15,composite,z_plus,19295,0.6809278370914353,0.1958549222797927,0.1015275504637206,p_z_plus
interstatement_m4_v2,0.05,0.15,composite,z_plus_renorm,18814,0.6111393883693866,0.1471502590673575,0.1235923581153005,p_z_plus_renorm
interstatement_m4_v2,0.05,0.15,composite,breadth,19295,0.6861518391945026,0.0186528497409326,0.0039825422804146,p_breadth
interstatement_m4_v2,0.05,0.15,composite,z_mahalanobis_sq,8225,0.6618143097643098,0.30875,0.1519191919191919,p_z_mahalanobis_sq
interstatement_m4_v2,0.05,0.15,composite,t_iut,19295,0.5704703068951773,0.0704663212435233,0.0631205673758865,p_t_iut
interstatement_m4_v2,0.05,0.15,composite,z_plus_softmax,18814,0.6024845443511878,0.066321243523316,0.0950753543615888,p_z_plus_softmax
interstatement_m4_v2,0.05,0.15,composite,z_plus_orth,18814,0.6081131959904286,0.0974093264248704,0.1127234018712532,p_z_plus_orth
interstatement_m4_v2,0.05,0.2,detector,z1,17650,0.4950305668438606,0.1255274261603375,0.1413004430607113,
interstatement_m4_v2,0.05,0.2,detector,z2,19051,0.5511794827132772,0.2031088082901554,0.1606767665597699,
interstatement_m4_v2,0.05,0.2,detector,z3,16257,0.513552834433767,0.025,0.0423612473033928,
interstatement_m4_v2,0.05,0.2,detector,z4,19295,0.5330563446768937,0.1678756476683937,0.1329514457174031,
interstatement_m4_v2,0.05,0.2,detector,z6,17080,0.5002027915600439,0.2253218884120171,0.2093757740896705,
interstatement_m4_v2,0.05,0.2,detector,z8,8226,0.9957152235389174,0.415,0.0,
interstatement_m4_v2,0.05,0.2,detector,z57,19004,0.5852917986848873,0.4113989637305699,0.2430844281833804,
interstatement_m4_v2,0.05,0.2,composite,z_plus,19295,0.6813756716953718,0.1979274611398963,0.1024004364429896,p_z_plus
interstatement_m4_v2,0.05,0.2,composite,z_plus_renorm,18816,0.6121125563566924,0.1492227979274611,0.1244748193378522,p_z_plus_renorm
interstatement_m4_v2,0.05,0.2,composite,breadth,19295,0.6849054326410737,0.0207253886010362,0.0038188761593016,p_breadth
interstatement_m4_v2,0.05,0.2,composite,z_mahalanobis_sq,8225,0.6618848484848484,0.31,0.1525925925925925,p_z_mahalanobis_sq
interstatement_m4_v2,0.05,0.2,composite,t_iut,19295,0.5678946148475418,0.0746113989637305,0.0630114566284779,p_t_iut
interstatement_m4_v2,0.05,0.2,composite,z_plus_softmax,18816,0.6032842966374214,0.0673575129533678,0.0954568371519802,p_z_plus_softmax
interstatement_m4_v2,0.05,0.2,composite,z_plus_orth,18816,0.6086351819015379,0.0922279792746114,0.1128788303176292,p_z_plus_orth
interstatement_m4_v2,0.05,0.3,detector,z1,17650,0.4948745684465389,0.1297468354430379,0.1436953658244521,
interstatement_m4_v2,0.05,0.3,detector,z2,19051,0.5462150038474782,0.2031088082901554,0.1653212429503483,
interstatement_m4_v2,0.05,0.3,detector,z3,16257,0.513552834433767,0.025,0.0423612473033928,
interstatement_m4_v2,0.05,0.3,detector,z4,19295,0.5330563446768937,0.1678756476683937,0.1329514457174031,
interstatement_m4_v2,0.05,0.3,detector,z6,17080,0.5002027915600439,0.2253218884120171,0.2093757740896705,
interstatement_m4_v2,0.05,0.3,detector,z8,8226,0.996452077161325,0.415,0.0,
interstatement_m4_v2,0.05,0.3,detector,z57,19004,0.5853318960329763,0.4113989637305699,0.2430844281833804,
interstatement_m4_v2,0.05,0.3,composite,z_plus,19295,0.6807381935669886,0.2,0.1032733224222585,p_z_plus
interstatement_m4_v2,0.05,0.3,composite,z_plus_renorm,18822,0.6121874964637022,0.1471502590673575,0.1247689981519852,p_z_plus_renorm
interstatement_m4_v2,0.05,0.3,composite,breadth,19295,0.684498754837196,0.0186528497409326,0.0039825422804146,p_breadth
interstatement_m4_v2,0.05,0.3,composite,z_mahalanobis_sq,8225,0.662370202020202,0.30875,0.1534006734006734,p_z_mahalanobis_sq
interstatement_m4_v2,0.05,0.3,composite,t_iut,19295,0.5654029041549712,0.0735751295336787,0.0656301145662847,p_t_iut
interstatement_m4_v2,0.05,0.3,composite,z_plus_softmax,18822,0.6033576185707932,0.0652849740932642,0.0954247633981071,p_z_plus_softmax
interstatement_m4_v2,0.05,0.3,composite,z_plus_orth,18822,0.6084988949341646,0.0953367875647668,0.1128969031752254,p_z_plus_orth
interstatement_m4_v2,0.1,0.05,detector,z1,17650,0.4781341886553384,0.1025236593059936,0.143764287528575,
interstatement_m4_v2,0.1,0.05,detector,z2,19051,0.5626600578085937,0.1854922279792746,0.1561824659774545,
interstatement_m4_v2,0.1,0.05,detector,z3,16257,0.522022311450554,0.0275467775467775,0.0431870508616479,
interstatement_m4_v2,0.1,0.05,detector,z4,19295,0.5224257745539611,0.1533678756476684,0.1326230924272962,
interstatement_m4_v2,0.1,0.05,detector,z6,17080,0.4979066392513993,0.2177161152614727,0.2093252663422333,
interstatement_m4_v2,0.1,0.05,detector,z8,8226,0.9741713812163156,0.3222929936305732,0.0006009615384615,
interstatement_m4_v2,0.1,0.05,detector,z57,19004,0.5210157886335676,0.3093264248704663,0.2476865409394401,
interstatement_m4_v2,0.1,0.05,composite,z_plus,19295,0.6234559421383911,0.1383419689119171,0.1022746904693348,p_z_plus
interstatement_m4_v2,0.1,0.05,composite,z_plus_renorm,18789,0.5477494072949222,0.0919060052219321,0.1288965272016119,p_z_plus_renorm
interstatement_m4_v2,0.1,0.05,composite,breadth,19295,0.6737747598423964,0.0160621761658031,0.0031097034264324,p_breadth
interstatement_m4_v2,0.1,0.05,composite,z_mahalanobis_sq,8225,0.5952211593218067,0.2070063694267516,0.1565740045078888,p_z_mahalanobis_sq
interstatement_m4_v2,0.1,0.05,composite,t_iut,19295,0.572282209614062,0.0709844559585492,0.0624244169306075,p_t_iut
interstatement_m4_v2,0.1,0.05,composite,z_plus_softmax,18789,0.5450455394939175,0.058485639686684,0.0998577693492947,p_z_plus_softmax
interstatement_m4_v2,0.1,0.05,composite,z_plus_orth,18789,0.5478331952598449,0.0704960835509138,0.1175180751451937,p_z_plus_orth
interstatement_m4_v2,0.1,0.1,detector,z1,17650,0.4815066897483953,0.1014721345951629,0.1424307848615697,
interstatement_m4_v2,0.1,0.1,detector,z2,19051,0.556788847922725,0.1792746113989637,0.1565329127971497,
interstatement_m4_v2,0.1,0.1,detector,z3,16257,0.522022311450554,0.0275467775467775,0.0431870508616479,
interstatement_m4_v2,0.1,0.1,detector,z4,19295,0.5224257745539611,0.1533678756476684,0.1326230924272962,
interstatement_m4_v2,0.1,0.1,detector,z6,17080,0.4979066392513993,0.2177161152614727,0.2093252663422333,
interstatement_m4_v2,0.1,0.1,detector,z8,8226,0.9774858563510536,0.332484076433121,0.0003004807692307,
interstatement_m4_v2,0.1,0.1,detector,z57,19004,0.5209800102085345,0.3093264248704663,0.2476279723556284,
interstatement_m4_v2,0.1,0.1,composite,z_plus,19295,0.6241105254599135,0.1357512953367875,0.1020443420673769,p_z_plus
interstatement_m4_v2,0.1,0.1,composite,z_plus_renorm,18794,0.5467512402926233,0.0896767466110531,0.1286442284901635,p_z_plus_renorm
interstatement_m4_v2,0.1,0.1,composite,breadth,19295,0.6754496493303634,0.0191709844559585,0.0031672905269219,p_breadth
interstatement_m4_v2,0.1,0.1,composite,z_mahalanobis_sq,8225,0.5976743696373111,0.2063694267515923,0.1562734785875282,p_z_mahalanobis_sq
interstatement_m4_v2,0.1,0.1,composite,t_iut,19295,0.5667460901193366,0.0683937823834196,0.062251655629139,p_t_iut
interstatement_m4_v2,0.1,0.1,composite,z_plus_softmax,18794,0.5449058161092095,0.0557872784150156,0.1002607252903531,p_z_plus_softmax
interstatement_m4_v2,0.1,0.1,composite,z_plus_orth,18794,0.547334483063731,0.0672575599582898,0.1170893576676937,p_z_plus_orth
interstatement_m4_v2,0.1,0.15,detector,z1,17650,0.4831385628859585,0.1009463722397476,0.1412242824485649,
interstatement_m4_v2,0.1,0.15,detector,z2,19051,0.5520201836789229,0.1813471502590673,0.1624905087319666,
interstatement_m4_v2,0.1,0.15,detector,z3,16257,0.522022311450554,0.0275467775467775,0.0431870508616479,
interstatement_m4_v2,0.1,0.15,detector,z4,19295,0.5224257745539611,0.1533678756476684,0.1326230924272962,
interstatement_m4_v2,0.1,0.15,detector,z6,17080,0.4979066392513993,0.2177161152614727,0.2093252663422333,
interstatement_m4_v2,0.1,0.15,detector,z8,8226,0.978773330322146,0.332484076433121,0.0001502403846153,
interstatement_m4_v2,0.1,0.15,detector,z57,19004,0.520973819539572,0.3093264248704663,0.2476279723556284,
interstatement_m4_v2,0.1,0.15,composite,z_plus,19295,0.6235069798251202,0.1352331606217616,0.1021019291678664,p_z_plus
interstatement_m4_v2,0.1,0.15,composite,z_plus_renorm,18799,0.5454486395574039,0.0898172323759791,0.1280502250651504,p_z_plus_renorm
interstatement_m4_v2,0.1,0.15,composite,breadth,19295,0.6766731812695717,0.0181347150259067,0.0032824647279009,p_breadth
interstatement_m4_v2,0.1,0.15,composite,z_mahalanobis_sq,8225,0.5984784200376135,0.20828025477707,0.1555221637866266,p_z_mahalanobis_sq
interstatement_m4_v2,0.1,0.15,composite,t_iut,19295,0.5630503558912648,0.0689119170984456,0.0634609847394183,p_t_iut
interstatement_m4_v2,0.1,0.15,composite,z_plus_softmax,18799,0.5440234331265468,0.0553524804177545,0.0996801705756929,p_z_plus_softmax
interstatement_m4_v2,0.1,0.15,composite,z_plus_orth,18799,0.5465691404966959,0.0663185378590078,0.1163823738450604,p_z_plus_orth
interstatement_m4_v2,0.1,0.2,detector,z1,17650,0.4859060933947315,0.1083070452155625,0.1449072898145796,
interstatement_m4_v2,0.1,0.2,detector,z2,19051,0.5479543801766942,0.1787564766839378,0.1635418491910519,
interstatement_m4_v2,0.1,0.2,detector,z3,16257,0.522022311450554,0.0275467775467775,0.0431870508616479,
interstatement_m4_v2,0.1,0.2,detector,z4,19295,0.5224257745539611,0.1533678756476684,0.1326230924272962,
interstatement_m4_v2,0.1,0.2,detector,z6,17080,0.4979066392513993,0.2177161152614727,0.2093252663422333,
interstatement_m4_v2,0.1,0.2,detector,z8,8226,0.979501134936918,0.332484076433121,0.0001502403846153,
interstatement_m4_v2,0.1,0.2,detector,z57,19004,0.5209762017332659,0.3093264248704663,0.2476279723556284,
interstatement_m4_v2,0.1,0.2,composite,z_plus,19295,0.6241030958288142,0.1393782383419689,0.1031384969766772,p_z_plus
interstatement_m4_v2,0.1,0.2,composite,z_plus_renorm,18801,0.5479130053199632,0.0924281984334203,0.1293971337202416,p_z_plus_renorm
interstatement_m4_v2,0.1,0.2,composite,breadth,19295,0.6747364495016329,0.0186528497409326,0.0032824647279009,p_breadth
interstatement_m4_v2,0.1,0.2,composite,z_mahalanobis_sq,8225,0.5985488617820038,0.2114649681528662,0.1579263711495116,p_z_mahalanobis_sq
interstatement_m4_v2,0.1,0.2,composite,t_iut,19295,0.5611002418359842,0.0704663212435233,0.0638065073423553,p_t_iut
interstatement_m4_v2,0.1,0.2,composite,z_plus_softmax,18801,0.546147147404388,0.056396866840731,0.1006751154802795,p_z_plus_softmax
interstatement_m4_v2,0.1,0.2,composite,z_plus_orth,18801,0.5487540932606275,0.0684073107049608,0.1173753405187729,p_z_plus_orth
interstatement_m4_v2,0.1,0.3,detector,z1,17650,0.4859840997284518,0.1098843322818086,0.1463677927355854,
interstatement_m4_v2,0.1,0.3,detector,z2,19051,0.5426703805555884,0.1792746113989637,0.1657029379125051,
interstatement_m4_v2,0.1,0.3,detector,z3,16257,0.522022311450554,0.0275467775467775,0.0431870508616479,
interstatement_m4_v2,0.1,0.3,detector,z4,19295,0.5224257745539611,0.1533678756476684,0.1326230924272962,
interstatement_m4_v2,0.1,0.3,detector,z6,17080,0.4979066392513993,0.2177161152614727,0.2093252663422333,
interstatement_m4_v2,0.1,0.3,detector,z8,8226,0.9802332458047526,0.332484076433121,0.0001502403846153,
interstatement_m4_v2,0.1,0.3,detector,z57,19004,0.5209899183135162,0.3093264248704663,0.2476279723556284,
interstatement_m4_v2,0.1,0.3,composite,z_plus,19295,0.6222122397950735,0.1398963730569948,0.1037143679815721,p_z_plus
interstatement_m4_v2,0.1,0.3,composite,z_plus_renorm,18800,0.5461515484437963,0.0945663531870428,0.1298708989695605,p_z_plus_renorm
interstatement_m4_v2,0.1,0.3,composite,breadth,19295,0.6742659957122973,0.0191709844559585,0.0032248776274114,p_breadth
interstatement_m4_v2,0.1,0.3,composite,z_mahalanobis_sq,8225,0.5977642402867438,0.2089171974522293,0.1589782118707738,p_z_mahalanobis_sq
interstatement_m4_v2,0.1,0.3,composite,t_iut,19295,0.5578782734014731,0.0704663212435233,0.0649582493521451,p_t_iut
interstatement_m4_v2,0.1,0.3,composite,z_plus_softmax,18800,0.5437057105915618,0.0553814002089864,0.1015634253227525,p_z_plus_softmax
interstatement_m4_v2,0.1,0.3,composite,z_plus_orth,18800,0.5463513021304214,0.0663531870428422,0.1189742982352244,p_z_plus_orth
m5_cod_break,0.01,0.05,detector,z1,17650,0.4950272016320979,0.0,0.1421285277116627,
m5_cod_break,0.01,0.05,detector,z2,19051,0.6797133406835723,0.25,0.1623352758964666,
m5_cod_break,0.01,0.05,detector,z3,16257,0.4424567772103612,0.0,0.0413462130068295,
m5_cod_break,0.01,0.05,detector,z4,19295,0.4448188274324814,0.0,0.134726038048831,
m5_cod_break,0.01,0.05,detector,z6,17080,0.3447967908175217,0.25,0.210295151089248,
m5_cod_break,0.01,0.05,detector,z8,8224,0.530824209245742,0.0,0.0183698296836982,
m5_cod_break,0.01,0.05,detector,z57,19004,0.4267105263157895,0.0,0.2495263157894736,
m5_cod_break,0.01,0.05,composite,z_plus,19295,0.390434658649111,0.0,0.1053340936187859,p_z_plus
m5_cod_break,0.01,0.05,composite,z_plus_renorm,18806,0.3148667694926071,0.0,0.1233379427720455,p_z_plus_renorm
m5_cod_break,0.01,0.05,composite,breadth,19295,0.5083976984085843,0.0,0.0047690632937639,p_breadth
m5_cod_break,0.01,0.05,composite,z_mahalanobis_sq,8223,0.285223263170702,0.0,0.1591434481080423,p_z_mahalanobis_sq
m5_cod_break,0.01,0.05,composite,t_iut,19295,0.7118280545332021,0.25,0.063656627442849,p_t_iut
m5_cod_break,0.01,0.05,composite,z_plus_softmax,18806,0.2972090735028188,0.0,0.0930220189341559,p_z_plus_softmax
m5_cod_break,0.01,0.05,composite,z_plus_orth,18806,0.2932068396979045,0.0,0.1095628124667588,p_z_plus_orth
m5_cod_break,0.01,0.1,detector,z1,17650,0.4950272016320979,0.0,0.1421285277116627,
m5_cod_break,0.01,0.1,detector,z2,19051,0.6797133406835723,0.25,0.1623352758964666,
m5_cod_break,0.01,0.1,detector,z3,16257,0.4424567772103612,0.0,0.0413462130068295,
m5_cod_break,0.01,0.1,detector,z4,19295,0.4448188274324814,0.0,0.134726038048831,
m5_cod_break,0.01,0.1,detector,z6,17080,0.3447967908175217,0.25,0.210295151089248,
m5_cod_break,0.01,0.1,detector,z8,8224,0.530824209245742,0.0,0.0183698296836982,
m5_cod_break,0.01,0.1,detector,z57,19004,0.4267105263157895,0.0,0.2495263157894736,
m5_cod_break,0.01,0.1,composite,z_plus,19295,0.390434658649111,0.0,0.1053340936187859,p_z_plus
m5_cod_break,0.01,0.1,composite,z_plus_renorm,18806,0.3148667694926071,0.0,0.1233379427720455,p_z_plus_renorm
m5_cod_break,0.01,0.1,composite,breadth,19295,0.5083976984085843,0.0,0.0047690632937639,p_breadth
m5_cod_break,0.01,0.1,composite,z_mahalanobis_sq,8223,0.285223263170702,0.0,0.1591434481080423,p_z_mahalanobis_sq
m5_cod_break,0.01,0.1,composite,t_iut,19295,0.7118280545332021,0.25,0.063656627442849,p_t_iut
m5_cod_break,0.01,0.1,composite,z_plus_softmax,18806,0.2972090735028188,0.0,0.0930220189341559,p_z_plus_softmax
m5_cod_break,0.01,0.1,composite,z_plus_orth,18806,0.2932068396979045,0.0,0.1095628124667588,p_z_plus_orth
m5_cod_break,0.01,0.15,detector,z1,17650,0.4950272016320979,0.0,0.1421285277116627,
m5_cod_break,0.01,0.15,detector,z2,19051,0.6797133406835723,0.25,0.1623352758964666,
m5_cod_break,0.01,0.15,detector,z3,16257,0.4424567772103612,0.0,0.0413462130068295,
m5_cod_break,0.01,0.15,detector,z4,19295,0.4448188274324814,0.0,0.134726038048831,
m5_cod_break,0.01,0.15,detector,z6,17080,0.3447967908175217,0.25,0.210295151089248,
m5_cod_break,0.01,0.15,detector,z8,8224,0.530824209245742,0.0,0.0183698296836982,
m5_cod_break,0.01,0.15,detector,z57,19004,0.4267105263157895,0.0,0.2495263157894736,
m5_cod_break,0.01,0.15,composite,z_plus,19295,0.390434658649111,0.0,0.1053340936187859,p_z_plus
m5_cod_break,0.01,0.15,composite,z_plus_renorm,18806,0.3148667694926071,0.0,0.1233379427720455,p_z_plus_renorm
m5_cod_break,0.01,0.15,composite,breadth,19295,0.5083976984085843,0.0,0.0047690632937639,p_breadth
m5_cod_break,0.01,0.15,composite,z_mahalanobis_sq,8223,0.285223263170702,0.0,0.1591434481080423,p_z_mahalanobis_sq
m5_cod_break,0.01,0.15,composite,t_iut,19295,0.7118280545332021,0.25,0.063656627442849,p_t_iut
m5_cod_break,0.01,0.15,composite,z_plus_softmax,18806,0.2972090735028188,0.0,0.0930220189341559,p_z_plus_softmax
m5_cod_break,0.01,0.15,composite,z_plus_orth,18806,0.2932068396979045,0.0,0.1095628124667588,p_z_plus_orth
m5_cod_break,0.01,0.2,detector,z1,17650,0.4950272016320979,0.0,0.1421285277116627,
m5_cod_break,0.01,0.2,detector,z2,19051,0.6797133406835723,0.25,0.1623352758964666,
m5_cod_break,0.01,0.2,detector,z3,16257,0.4424567772103612,0.0,0.0413462130068295,
m5_cod_break,0.01,0.2,detector,z4,19295,0.4448188274324814,0.0,0.134726038048831,
m5_cod_break,0.01,0.2,detector,z6,17080,0.3447967908175217,0.25,0.210295151089248,
m5_cod_break,0.01,0.2,detector,z8,8224,0.530824209245742,0.0,0.0183698296836982,
m5_cod_break,0.01,0.2,detector,z57,19004,0.4267105263157895,0.0,0.2495263157894736,
m5_cod_break,0.01,0.2,composite,z_plus,19295,0.390434658649111,0.0,0.1053340936187859,p_z_plus
m5_cod_break,0.01,0.2,composite,z_plus_renorm,18806,0.3148667694926071,0.0,0.1233379427720455,p_z_plus_renorm
m5_cod_break,0.01,0.2,composite,breadth,19295,0.5083976984085843,0.0,0.0047690632937639,p_breadth
m5_cod_break,0.01,0.2,composite,z_mahalanobis_sq,8223,0.285223263170702,0.0,0.1591434481080423,p_z_mahalanobis_sq
m5_cod_break,0.01,0.2,composite,t_iut,19295,0.7118280545332021,0.25,0.063656627442849,p_t_iut
m5_cod_break,0.01,0.2,composite,z_plus_softmax,18806,0.2972090735028188,0.0,0.0930220189341559,p_z_plus_softmax
m5_cod_break,0.01,0.2,composite,z_plus_orth,18806,0.2932068396979045,0.0,0.1095628124667588,p_z_plus_orth
m5_cod_break,0.01,0.3,detector,z1,17650,0.4950272016320979,0.0,0.1421285277116627,
m5_cod_break,0.01,0.3,detector,z2,19051,0.6797133406835723,0.25,0.1623352758964666,
m5_cod_break,0.01,0.3,detector,z3,16257,0.4424567772103612,0.0,0.0413462130068295,
m5_cod_break,0.01,0.3,detector,z4,19295,0.4448188274324814,0.0,0.134726038048831,
m5_cod_break,0.01,0.3,detector,z6,17080,0.3447967908175217,0.25,0.210295151089248,
m5_cod_break,0.01,0.3,detector,z8,8224,0.530824209245742,0.0,0.0183698296836982,
m5_cod_break,0.01,0.3,detector,z57,19004,0.4267105263157895,0.0,0.2495263157894736,
m5_cod_break,0.01,0.3,composite,z_plus,19295,0.390434658649111,0.0,0.1053340936187859,p_z_plus
m5_cod_break,0.01,0.3,composite,z_plus_renorm,18806,0.3148667694926071,0.0,0.1233379427720455,p_z_plus_renorm
m5_cod_break,0.01,0.3,composite,breadth,19295,0.5083976984085843,0.0,0.0047690632937639,p_breadth
m5_cod_break,0.01,0.3,composite,z_mahalanobis_sq,8223,0.285223263170702,0.0,0.1591434481080423,p_z_mahalanobis_sq
m5_cod_break,0.01,0.3,composite,t_iut,19295,0.7118280545332021,0.25,0.063656627442849,p_t_iut
m5_cod_break,0.01,0.3,composite,z_plus_softmax,18806,0.2972090735028188,0.0,0.0930220189341559,p_z_plus_softmax
m5_cod_break,0.01,0.3,composite,z_plus_orth,18806,0.2932068396979045,0.0,0.1095628124667588,p_z_plus_orth
m5_cod_break,0.05,0.05,detector,z1,17650,0.4825316188168897,0.0344827586206896,0.1421031723511719,
m5_cod_break,0.05,0.05,detector,z2,19051,0.5313693037825531,0.2413793103448276,0.1622857743665229,
m5_cod_break,0.05,0.05,detector,z3,16257,0.610712305132787,0.1071428571428571,0.0412225029268593,
m5_cod_break,0.05,0.05,detector,z4,19295,0.578859667021052,0.1034482758620689,0.1347451468908958,
m5_cod_break,0.05,0.05,detector,z6,17080,0.4919738245252817,0.2222222222222222,0.2101682988330499,
m5_cod_break,0.05,0.05,detector,z8,8224,0.5917283442982456,0.1875,0.018396686159844,
m5_cod_break,0.05,0.05,detector,z57,19004,0.5581218481668258,0.2758620689655172,0.2493807641633728,
m5_cod_break,0.05,0.05,composite,z_plus,19295,0.62936940903575,0.1724137931034483,0.1052112529845323,p_z_plus
m5_cod_break,0.05,0.05,composite,z_plus_renorm,18805,0.5830967265621556,0.0689655172413793,0.1233489561141883,p_z_plus_renorm
m5_cod_break,0.05,0.05,composite,breadth,19295,0.5983848623803949,0.0,0.0047752517388144,p_breadth
m5_cod_break,0.05,0.05,composite,z_mahalanobis_sq,8223,0.6040346655294261,0.1875,0.1588887535031071,p_z_mahalanobis_sq
m5_cod_break,0.05,0.05,composite,t_iut,19295,0.5547050906188139,0.1034482758620689,0.0636354199107235,p_t_iut
m5_cod_break,0.05,0.05,composite,z_plus_softmax,18805,0.5820866329723933,0.1034482758620689,0.092937792927141,p_z_plus_softmax
m5_cod_break,0.05,0.05,composite,z_plus_orth,18805,0.5841306950913125,0.1724137931034483,0.1091819343843204,p_z_plus_orth
m5_cod_break,0.05,0.1,detector,z1,17650,0.4825316188168897,0.0344827586206896,0.1421031723511719,
m5_cod_break,0.05,0.1,detector,z2,19051,0.5313693037825531,0.2413793103448276,0.1622857743665229,
m5_cod_break,0.05,0.1,detector,z3,16257,0.610712305132787,0.1071428571428571,0.0412225029268593,
m5_cod_break,0.05,0.1,detector,z4,19295,0.578859667021052,0.1034482758620689,0.1347451468908958,
m5_cod_break,0.05,0.1,detector,z6,17080,0.4919738245252817,0.2222222222222222,0.2101682988330499,
m5_cod_break,0.05,0.1,detector,z8,8224,0.5917283442982456,0.1875,0.018396686159844,
m5_cod_break,0.05,0.1,detector,z57,19004,0.5581218481668258,0.2758620689655172,0.2493807641633728,
m5_cod_break,0.05,0.1,composite,z_plus,19295,0.62936940903575,0.1724137931034483,0.1052112529845323,p_z_plus
m5_cod_break,0.05,0.1,composite,z_plus_renorm,18805,0.5830967265621556,0.0689655172413793,0.1233489561141883,p_z_plus_renorm
m5_cod_break,0.05,0.1,composite,breadth,19295,0.5983848623803949,0.0,0.0047752517388144,p_breadth
m5_cod_break,0.05,0.1,composite,z_mahalanobis_sq,8223,0.6040346655294261,0.1875,0.1588887535031071,p_z_mahalanobis_sq
m5_cod_break,0.05,0.1,composite,t_iut,19295,0.5547050906188139,0.1034482758620689,0.0636354199107235,p_t_iut
m5_cod_break,0.05,0.1,composite,z_plus_softmax,18805,0.5820866329723933,0.1034482758620689,0.092937792927141,p_z_plus_softmax
m5_cod_break,0.05,0.1,composite,z_plus_orth,18805,0.5841306950913125,0.1724137931034483,0.1091819343843204,p_z_plus_orth
m5_cod_break,0.05,0.15,detector,z1,17650,0.4825316188168897,0.0344827586206896,0.1421031723511719,
m5_cod_break,0.05,0.15,detector,z2,19051,0.5313693037825531,0.2413793103448276,0.1622857743665229,
m5_cod_break,0.05,0.15,detector,z3,16257,0.610712305132787,0.1071428571428571,0.0412225029268593,
m5_cod_break,0.05,0.15,detector,z4,19295,0.578859667021052,0.1034482758620689,0.1347451468908958,
m5_cod_break,0.05,0.15,detector,z6,17080,0.4919738245252817,0.2222222222222222,0.2101682988330499,
m5_cod_break,0.05,0.15,detector,z8,8224,0.5917283442982456,0.1875,0.018396686159844,
m5_cod_break,0.05,0.15,detector,z57,19004,0.5581218481668258,0.2758620689655172,0.2493807641633728,
m5_cod_break,0.05,0.15,composite,z_plus,19295,0.62936940903575,0.1724137931034483,0.1052112529845323,p_z_plus
m5_cod_break,0.05,0.15,composite,z_plus_renorm,18805,0.5830967265621556,0.0689655172413793,0.1233489561141883,p_z_plus_renorm
m5_cod_break,0.05,0.15,composite,breadth,19295,0.5983848623803949,0.0,0.0047752517388144,p_breadth
m5_cod_break,0.05,0.15,composite,z_mahalanobis_sq,8223,0.6040346655294261,0.1875,0.1588887535031071,p_z_mahalanobis_sq
m5_cod_break,0.05,0.15,composite,t_iut,19295,0.5547050906188139,0.1034482758620689,0.0636354199107235,p_t_iut
m5_cod_break,0.05,0.15,composite,z_plus_softmax,18805,0.5820866329723933,0.1034482758620689,0.092937792927141,p_z_plus_softmax
m5_cod_break,0.05,0.15,composite,z_plus_orth,18805,0.5841306950913125,0.1724137931034483,0.1091819343843204,p_z_plus_orth
m5_cod_break,0.05,0.2,detector,z1,17650,0.4825316188168897,0.0344827586206896,0.1421031723511719,
m5_cod_break,0.05,0.2,detector,z2,19051,0.5313693037825531,0.2413793103448276,0.1622857743665229,
m5_cod_break,0.05,0.2,detector,z3,16257,0.610712305132787,0.1071428571428571,0.0412225029268593,
m5_cod_break,0.05,0.2,detector,z4,19295,0.578859667021052,0.1034482758620689,0.1347451468908958,
m5_cod_break,0.05,0.2,detector,z6,17080,0.4919738245252817,0.2222222222222222,0.2101682988330499,
m5_cod_break,0.05,0.2,detector,z8,8224,0.5917283442982456,0.1875,0.018396686159844,
m5_cod_break,0.05,0.2,detector,z57,19004,0.5581218481668258,0.2758620689655172,0.2493807641633728,
m5_cod_break,0.05,0.2,composite,z_plus,19295,0.62936940903575,0.1724137931034483,0.1052112529845323,p_z_plus
m5_cod_break,0.05,0.2,composite,z_plus_renorm,18805,0.5830967265621556,0.0689655172413793,0.1233489561141883,p_z_plus_renorm
m5_cod_break,0.05,0.2,composite,breadth,19295,0.5983848623803949,0.0,0.0047752517388144,p_breadth
m5_cod_break,0.05,0.2,composite,z_mahalanobis_sq,8223,0.6040346655294261,0.1875,0.1588887535031071,p_z_mahalanobis_sq
m5_cod_break,0.05,0.2,composite,t_iut,19295,0.5547050906188139,0.1034482758620689,0.0636354199107235,p_t_iut
m5_cod_break,0.05,0.2,composite,z_plus_softmax,18805,0.5820866329723933,0.1034482758620689,0.092937792927141,p_z_plus_softmax
m5_cod_break,0.05,0.2,composite,z_plus_orth,18805,0.5841306950913125,0.1724137931034483,0.1091819343843204,p_z_plus_orth
m5_cod_break,0.05,0.3,detector,z1,17650,0.4825316188168897,0.0344827586206896,0.1421031723511719,
m5_cod_break,0.05,0.3,detector,z2,19051,0.5313693037825531,0.2413793103448276,0.1622857743665229,
m5_cod_break,0.05,0.3,detector,z3,16257,0.610712305132787,0.1071428571428571,0.0412225029268593,
m5_cod_break,0.05,0.3,detector,z4,19295,0.578859667021052,0.1034482758620689,0.1347451468908958,
m5_cod_break,0.05,0.3,detector,z6,17080,0.4919738245252817,0.2222222222222222,0.2101682988330499,
m5_cod_break,0.05,0.3,detector,z8,8224,0.5917283442982456,0.1875,0.018396686159844,
m5_cod_break,0.05,0.3,detector,z57,19004,0.5581218481668258,0.2758620689655172,0.2493807641633728,
m5_cod_break,0.05,0.3,composite,z_plus,19295,0.62936940903575,0.1724137931034483,0.1052112529845323,p_z_plus
m5_cod_break,0.05,0.3,composite,z_plus_renorm,18805,0.5830967265621556,0.0689655172413793,0.1233489561141883,p_z_plus_renorm
m5_cod_break,0.05,0.3,composite,breadth,19295,0.5983848623803949,0.0,0.0047752517388144,p_breadth
m5_cod_break,0.05,0.3,composite,z_mahalanobis_sq,8223,0.6040346655294261,0.1875,0.1588887535031071,p_z_mahalanobis_sq
m5_cod_break,0.05,0.3,composite,t_iut,19295,0.5547050906188139,0.1034482758620689,0.0636354199107235,p_t_iut
m5_cod_break,0.05,0.3,composite,z_plus_softmax,18805,0.5820866329723933,0.1034482758620689,0.092937792927141,p_z_plus_softmax
m5_cod_break,0.05,0.3,composite,z_plus_orth,18805,0.5841306950913125,0.1724137931034483,0.1091819343843204,p_z_plus_orth
m5_cod_break,0.1,0.05,detector,z1,17650,0.4799960311168417,0.1403508771929824,0.1418177684306258,
m5_cod_break,0.1,0.05,detector,z2,19051,0.5679815321957729,0.3015873015873015,0.1617863914050979,
m5_cod_break,0.1,0.05,detector,z3,16257,0.509174247346762,0.0526315789473684,0.0412345679012345,
m5_cod_break,0.1,0.05,detector,z4,19295,0.4141790923508918,0.0,0.135146378243461,
m5_cod_break,0.1,0.05,detector,z6,17080,0.485583939381515,0.2264150943396226,0.2101368414870499,
m5_cod_break,0.1,0.05,detector,z8,8224,0.7802650867334474,0.1578947368421052,0.0173466894698265,
m5_cod_break,0.1,0.05,detector,z57,19004,0.4557888397571278,0.203125,0.2496304118268215,
m5_cod_break,0.1,0.05,composite,z_plus,19295,0.5120179495346056,0.09375,0.1051427382871405,p_z_plus
m5_cod_break,0.1,0.05,composite,z_plus_renorm,18805,0.513165305794029,0.1311475409836065,0.123719590268886,p_z_plus_renorm
m5_cod_break,0.1,0.05,composite,breadth,19295,0.5060888019343768,0.0,0.0046799438406739,p_breadth
m5_cod_break,0.1,0.05,composite,z_mahalanobis_sq,8223,0.5204288975339999,0.131578947368421,0.1593158216249236,p_z_mahalanobis_sq
m5_cod_break,0.1,0.05,composite,t_iut,19295,0.5478191136706358,0.0625,0.0637512349851801,p_t_iut
m5_cod_break,0.1,0.05,composite,z_plus_softmax,18805,0.5064466530929241,0.0655737704918032,0.092989756722151,p_z_plus_softmax
m5_cod_break,0.1,0.05,composite,z_plus_orth,18805,0.5081464319948503,0.0655737704918032,0.1100085360648741,p_z_plus_orth
m5_cod_break,0.1,0.1,detector,z1,17650,0.4799960311168417,0.1403508771929824,0.1418177684306258,
m5_cod_break,0.1,0.1,detector,z2,19051,0.5679815321957729,0.3015873015873015,0.1617863914050979,
m5_cod_break,0.1,0.1,detector,z3,16257,0.509174247346762,0.0526315789473684,0.0412345679012345,
m5_cod_break,0.1,0.1,detector,z4,19295,0.4141790923508918,0.0,0.135146378243461,
m5_cod_break,0.1,0.1,detector,z6,17080,0.485583939381515,0.2264150943396226,0.2101368414870499,
m5_cod_break,0.1,0.1,detector,z8,8224,0.7802650867334474,0.1578947368421052,0.0173466894698265,
m5_cod_break,0.1,0.1,detector,z57,19004,0.4557888397571278,0.203125,0.2496304118268215,
m5_cod_break,0.1,0.1,composite,z_plus,19295,0.5120179495346056,0.09375,0.1051427382871405,p_z_plus
m5_cod_break,0.1,0.1,composite,z_plus_renorm,18805,0.513165305794029,0.1311475409836065,0.123719590268886,p_z_plus_renorm
m5_cod_break,0.1,0.1,composite,breadth,19295,0.5060888019343768,0.0,0.0046799438406739,p_breadth
m5_cod_break,0.1,0.1,composite,z_mahalanobis_sq,8223,0.5204288975339999,0.131578947368421,0.1593158216249236,p_z_mahalanobis_sq
m5_cod_break,0.1,0.1,composite,t_iut,19295,0.5478191136706358,0.0625,0.0637512349851801,p_t_iut
m5_cod_break,0.1,0.1,composite,z_plus_softmax,18805,0.5064466530929241,0.0655737704918032,0.092989756722151,p_z_plus_softmax
m5_cod_break,0.1,0.1,composite,z_plus_orth,18805,0.5081464319948503,0.0655737704918032,0.1100085360648741,p_z_plus_orth
m5_cod_break,0.1,0.15,detector,z1,17650,0.4799960311168417,0.1403508771929824,0.1418177684306258,
m5_cod_break,0.1,0.15,detector,z2,19051,0.5679815321957729,0.3015873015873015,0.1617863914050979,
m5_cod_break,0.1,0.15,detector,z3,16257,0.509174247346762,0.0526315789473684,0.0412345679012345,
m5_cod_break,0.1,0.15,detector,z4,19295,0.4141790923508918,0.0,0.135146378243461,
m5_cod_break,0.1,0.15,detector,z6,17080,0.485583939381515,0.2264150943396226,0.2101368414870499,
m5_cod_break,0.1,0.15,detector,z8,8224,0.7802650867334474,0.1578947368421052,0.0173466894698265,
m5_cod_break,0.1,0.15,detector,z57,19004,0.4557888397571278,0.203125,0.2496304118268215,
m5_cod_break,0.1,0.15,composite,z_plus,19295,0.5120179495346056,0.09375,0.1051427382871405,p_z_plus
m5_cod_break,0.1,0.15,composite,z_plus_renorm,18805,0.513165305794029,0.1311475409836065,0.123719590268886,p_z_plus_renorm
m5_cod_break,0.1,0.15,composite,breadth,19295,0.5060888019343768,0.0,0.0046799438406739,p_breadth
m5_cod_break,0.1,0.15,composite,z_mahalanobis_sq,8223,0.5204288975339999,0.131578947368421,0.1593158216249236,p_z_mahalanobis_sq
m5_cod_break,0.1,0.15,composite,t_iut,19295,0.5478191136706358,0.0625,0.0637512349851801,p_t_iut
m5_cod_break,0.1,0.15,composite,z_plus_softmax,18805,0.5064466530929241,0.0655737704918032,0.092989756722151,p_z_plus_softmax
m5_cod_break,0.1,0.15,composite,z_plus_orth,18805,0.5081464319948503,0.0655737704918032,0.1100085360648741,p_z_plus_orth
m5_cod_break,0.1,0.2,detector,z1,17650,0.4799960311168417,0.1403508771929824,0.1418177684306258,
m5_cod_break,0.1,0.2,detector,z2,19051,0.5679815321957729,0.3015873015873015,0.1617863914050979,
m5_cod_break,0.1,0.2,detector,z3,16257,0.509174247346762,0.0526315789473684,0.0412345679012345,
m5_cod_break,0.1,0.2,detector,z4,19295,0.4141790923508918,0.0,0.135146378243461,
m5_cod_break,0.1,0.2,detector,z6,17080,0.485583939381515,0.2264150943396226,0.2101368414870499,
m5_cod_break,0.1,0.2,detector,z8,8224,0.7802650867334474,0.1578947368421052,0.0173466894698265,
m5_cod_break,0.1,0.2,detector,z57,19004,0.4557888397571278,0.203125,0.2496304118268215,
m5_cod_break,0.1,0.2,composite,z_plus,19295,0.5120179495346056,0.09375,0.1051427382871405,p_z_plus
m5_cod_break,0.1,0.2,composite,z_plus_renorm,18805,0.513165305794029,0.1311475409836065,0.123719590268886,p_z_plus_renorm
m5_cod_break,0.1,0.2,composite,breadth,19295,0.5060888019343768,0.0,0.0046799438406739,p_breadth
m5_cod_break,0.1,0.2,composite,z_mahalanobis_sq,8223,0.5204288975339999,0.131578947368421,0.1593158216249236,p_z_mahalanobis_sq
m5_cod_break,0.1,0.2,composite,t_iut,19295,0.5478191136706358,0.0625,0.0637512349851801,p_t_iut
m5_cod_break,0.1,0.2,composite,z_plus_softmax,18805,0.5064466530929241,0.0655737704918032,0.092989756722151,p_z_plus_softmax
m5_cod_break,0.1,0.2,composite,z_plus_orth,18805,0.5081464319948503,0.0655737704918032,0.1100085360648741,p_z_plus_orth
m5_cod_break,0.1,0.3,detector,z1,17650,0.4799960311168417,0.1403508771929824,0.1418177684306258,
m5_cod_break,0.1,0.3,detector,z2,19051,0.5679815321957729,0.3015873015873015,0.1617863914050979,
m5_cod_break,0.1,0.3,detector,z3,16257,0.509174247346762,0.0526315789473684,0.0412345679012345,
m5_cod_break,0.1,0.3,detector,z4,19295,0.4141790923508918,0.0,0.135146378243461,
m5_cod_break,0.1,0.3,detector,z6,17080,0.485583939381515,0.2264150943396226,0.2101368414870499,
m5_cod_break,0.1,0.3,detector,z8,8224,0.7802650867334474,0.1578947368421052,0.0173466894698265,
m5_cod_break,0.1,0.3,detector,z57,19004,0.4557888397571278,0.203125,0.2496304118268215,
m5_cod_break,0.1,0.3,composite,z_plus,19295,0.5120179495346056,0.09375,0.1051427382871405,p_z_plus
m5_cod_break,0.1,0.3,composite,z_plus_renorm,18805,0.513165305794029,0.1311475409836065,0.123719590268886,p_z_plus_renorm
m5_cod_break,0.1,0.3,composite,breadth,19295,0.5060888019343768,0.0,0.0046799438406739,p_breadth
m5_cod_break,0.1,0.3,composite,z_mahalanobis_sq,8223,0.5204288975339999,0.131578947368421,0.1593158216249236,p_z_mahalanobis_sq
m5_cod_break,0.1,0.3,composite,t_iut,19295,0.5478191136706358,0.0625,0.0637512349851801,p_t_iut
m5_cod_break,0.1,0.3,composite,z_plus_softmax,18805,0.5064466530929241,0.0655737704918032,0.092989756722151,p_z_plus_softmax
m5_cod_break,0.1,0.3,composite,z_plus_orth,18805,0.5081464319948503,0.0655737704918032,0.1100085360648741,p_z_plus_orth
m6_seasonal,0.01,0.05,detector,z1,17650,0.5597656750986413,0.144578313253012,0.1420845904252291,
m6_seasonal,0.01,0.05,detector,z2,19051,0.5575210182028187,0.2210526315789473,0.1621650137159738,
m6_seasonal,0.01,0.05,detector,z3,16257,0.5687045125048599,0.0735294117647058,0.04120081536846,
m6_seasonal,0.01,0.05,detector,z4,19295,0.3338726409361598,0.0,0.1353716339392676,
m6_seasonal,0.01,0.05,detector,z6,17080,0.462338016978486,0.2222222222222222,0.2101888346373316,
m6_seasonal,0.01,0.05,detector,z8,8224,0.5058155059814453,0.03125,0.018310546875,
m6_seasonal,0.01,0.05,detector,z57,19004,0.5153823227381708,0.15625,0.2499471123334038,
m6_seasonal,0.01,0.05,composite,z_plus,19295,0.4920492820806639,0.0208333333333333,0.1057346736809208,p_z_plus
m6_seasonal,0.01,0.05,composite,z_plus_renorm,18806,0.5168846316586495,0.1354166666666666,0.1232495991448423,p_z_plus_renorm
m6_seasonal,0.01,0.05,composite,breadth,19295,0.4342337708561209,0.0,0.0047919162456377,p_breadth
m6_seasonal,0.01,0.05,composite,z_mahalanobis_sq,8223,0.434558509339519,0.03125,0.1593212062019289,p_z_mahalanobis_sq
m6_seasonal,0.01,0.05,composite,t_iut,19295,0.6037928407729568,0.09375,0.0636491483931454,p_t_iut
m6_seasonal,0.01,0.05,composite,z_plus_softmax,18806,0.5242133217530732,0.1458333333333333,0.0927846071619454,p_z_plus_softmax
m6_seasonal,0.01,0.05,composite,z_plus_orth,18806,0.5246578812577944,0.1770833333333333,0.1092463923035809,p_z_plus_orth
m6_seasonal,0.01,0.1,detector,z1,17650,0.5597656750986413,0.144578313253012,0.1420845904252291,
m6_seasonal,0.01,0.1,detector,z2,19051,0.5575210182028187,0.2210526315789473,0.1621650137159738,
m6_seasonal,0.01,0.1,detector,z3,16257,0.5687045125048599,0.0735294117647058,0.04120081536846,
m6_seasonal,0.01,0.1,detector,z4,19295,0.3338726409361598,0.0,0.1353716339392676,
m6_seasonal,0.01,0.1,detector,z6,17080,0.462338016978486,0.2222222222222222,0.2101888346373316,
m6_seasonal,0.01,0.1,detector,z8,8224,0.5058155059814453,0.03125,0.018310546875,
m6_seasonal,0.01,0.1,detector,z57,19004,0.5153823227381708,0.15625,0.2499471123334038,
m6_seasonal,0.01,0.1,composite,z_plus,19295,0.4920492820806639,0.0208333333333333,0.1057346736809208,p_z_plus
m6_seasonal,0.01,0.1,composite,z_plus_renorm,18806,0.5168846316586495,0.1354166666666666,0.1232495991448423,p_z_plus_renorm
m6_seasonal,0.01,0.1,composite,breadth,19295,0.4342337708561209,0.0,0.0047919162456377,p_breadth
m6_seasonal,0.01,0.1,composite,z_mahalanobis_sq,8223,0.434558509339519,0.03125,0.1593212062019289,p_z_mahalanobis_sq
m6_seasonal,0.01,0.1,composite,t_iut,19295,0.6037928407729568,0.09375,0.0636491483931454,p_t_iut
m6_seasonal,0.01,0.1,composite,z_plus_softmax,18806,0.5242133217530732,0.1458333333333333,0.0927846071619454,p_z_plus_softmax
m6_seasonal,0.01,0.1,composite,z_plus_orth,18806,0.5246578812577944,0.1770833333333333,0.1092463923035809,p_z_plus_orth
m6_seasonal,0.01,0.15,detector,z1,17650,0.5597656750986413,0.144578313253012,0.1420845904252291,
m6_seasonal,0.01,0.15,detector,z2,19051,0.5575210182028187,0.2210526315789473,0.1621650137159738,
m6_seasonal,0.01,0.15,detector,z3,16257,0.5687045125048599,0.0735294117647058,0.04120081536846,
m6_seasonal,0.01,0.15,detector,z4,19295,0.3338726409361598,0.0,0.1353716339392676,
m6_seasonal,0.01,0.15,detector,z6,17080,0.462338016978486,0.2222222222222222,0.2101888346373316,
m6_seasonal,0.01,0.15,detector,z8,8224,0.5058155059814453,0.03125,0.018310546875,
m6_seasonal,0.01,0.15,detector,z57,19004,0.5153823227381708,0.15625,0.2499471123334038,
m6_seasonal,0.01,0.15,composite,z_plus,19295,0.4920492820806639,0.0208333333333333,0.1057346736809208,p_z_plus
m6_seasonal,0.01,0.15,composite,z_plus_renorm,18806,0.5168846316586495,0.1354166666666666,0.1232495991448423,p_z_plus_renorm
m6_seasonal,0.01,0.15,composite,breadth,19295,0.4342337708561209,0.0,0.0047919162456377,p_breadth
m6_seasonal,0.01,0.15,composite,z_mahalanobis_sq,8223,0.434558509339519,0.03125,0.1593212062019289,p_z_mahalanobis_sq
m6_seasonal,0.01,0.15,composite,t_iut,19295,0.6037928407729568,0.09375,0.0636491483931454,p_t_iut
m6_seasonal,0.01,0.15,composite,z_plus_softmax,18806,0.5242133217530732,0.1458333333333333,0.0927846071619454,p_z_plus_softmax
m6_seasonal,0.01,0.15,composite,z_plus_orth,18806,0.5246578812577944,0.1770833333333333,0.1092463923035809,p_z_plus_orth
m6_seasonal,0.01,0.2,detector,z1,17650,0.5597656750986413,0.144578313253012,0.1420845904252291,
m6_seasonal,0.01,0.2,detector,z2,19051,0.5575210182028187,0.2210526315789473,0.1621650137159738,
m6_seasonal,0.01,0.2,detector,z3,16257,0.5687045125048599,0.0735294117647058,0.04120081536846,
m6_seasonal,0.01,0.2,detector,z4,19295,0.3338726409361598,0.0,0.1353716339392676,
m6_seasonal,0.01,0.2,detector,z6,17080,0.462338016978486,0.2222222222222222,0.2101888346373316,
m6_seasonal,0.01,0.2,detector,z8,8224,0.5058155059814453,0.03125,0.018310546875,
m6_seasonal,0.01,0.2,detector,z57,19004,0.5153823227381708,0.15625,0.2499471123334038,
m6_seasonal,0.01,0.2,composite,z_plus,19295,0.4920492820806639,0.0208333333333333,0.1057346736809208,p_z_plus
m6_seasonal,0.01,0.2,composite,z_plus_renorm,18806,0.5168846316586495,0.1354166666666666,0.1232495991448423,p_z_plus_renorm
m6_seasonal,0.01,0.2,composite,breadth,19295,0.4342337708561209,0.0,0.0047919162456377,p_breadth
m6_seasonal,0.01,0.2,composite,z_mahalanobis_sq,8223,0.434558509339519,0.03125,0.1593212062019289,p_z_mahalanobis_sq
m6_seasonal,0.01,0.2,composite,t_iut,19295,0.6037928407729568,0.09375,0.0636491483931454,p_t_iut
m6_seasonal,0.01,0.2,composite,z_plus_softmax,18806,0.5242133217530732,0.1458333333333333,0.0927846071619454,p_z_plus_softmax
m6_seasonal,0.01,0.2,composite,z_plus_orth,18806,0.5246578812577944,0.1770833333333333,0.1092463923035809,p_z_plus_orth
m6_seasonal,0.01,0.3,detector,z1,17650,0.5597656750986413,0.144578313253012,0.1420845904252291,
m6_seasonal,0.01,0.3,detector,z2,19051,0.5575210182028187,0.2210526315789473,0.1621650137159738,
m6_seasonal,0.01,0.3,detector,z3,16257,0.5687045125048599,0.0735294117647058,0.04120081536846,
m6_seasonal,0.01,0.3,detector,z4,19295,0.3338726409361598,0.0,0.1353716339392676,
m6_seasonal,0.01,0.3,detector,z6,17080,0.462338016978486,0.2222222222222222,0.2101888346373316,
m6_seasonal,0.01,0.3,detector,z8,8224,0.5058155059814453,0.03125,0.018310546875,
m6_seasonal,0.01,0.3,detector,z57,19004,0.5153823227381708,0.15625,0.2499471123334038,
m6_seasonal,0.01,0.3,composite,z_plus,19295,0.4920492820806639,0.0208333333333333,0.1057346736809208,p_z_plus
m6_seasonal,0.01,0.3,composite,z_plus_renorm,18806,0.5168846316586495,0.1354166666666666,0.1232495991448423,p_z_plus_renorm
m6_seasonal,0.01,0.3,composite,breadth,19295,0.4342337708561209,0.0,0.0047919162456377,p_breadth
m6_seasonal,0.01,0.3,composite,z_mahalanobis_sq,8223,0.434558509339519,0.03125,0.1593212062019289,p_z_mahalanobis_sq
m6_seasonal,0.01,0.3,composite,t_iut,19295,0.6037928407729568,0.09375,0.0636491483931454,p_t_iut
m6_seasonal,0.01,0.3,composite,z_plus_softmax,18806,0.5242133217530732,0.1458333333333333,0.0927846071619454,p_z_plus_softmax
m6_seasonal,0.01,0.3,composite,z_plus_orth,18806,0.5246578812577944,0.1770833333333333,0.1092463923035809,p_z_plus_orth
m6_seasonal,0.05,0.05,detector,z1,17650,0.4720248340004518,0.1624500665778961,0.1406592106041777,
m6_seasonal,0.05,0.05,detector,z2,19051,0.4961688401691793,0.1742331288343558,0.1618776047378811,
m6_seasonal,0.05,0.05,detector,z3,16257,0.5413183882721885,0.0299850074962518,0.0418216805644644,
m6_seasonal,0.05,0.05,detector,z4,19295,0.4985478732267953,0.1292270531400966,0.1349434125737802,
m6_seasonal,0.05,0.05,detector,z6,17080,0.5069198484866717,0.2008196721311475,0.2107291411793491,
m6_seasonal,0.05,0.05,detector,z8,8224,0.4852291968980046,0.0059701492537313,0.0188870579287615,
m6_seasonal,0.05,0.05,detector,z57,19004,0.5334918959567032,0.2697448359659781,0.2485011825532149,
m6_seasonal,0.05,0.05,composite,z_plus,19295,0.5104110831986761,0.1570048309178744,0.1028862294904424,p_z_plus
m6_seasonal,0.05,0.05,composite,z_plus_renorm,18808,0.4949871202156471,0.1470951792336217,0.1217845435857547,p_z_plus_renorm
m6_seasonal,0.05,0.05,composite,breadth,19295,0.5201917168344944,0.0036231884057971,0.0047652569448204,p_breadth
m6_seasonal,0.05,0.05,composite,z_mahalanobis_sq,8223,0.47983144621719,0.1492537313432835,0.1592292089249493,p_z_mahalanobis_sq
m6_seasonal,0.05,0.05,composite,t_iut,19295,0.4894578565395016,0.0869565217391304,0.0628689012833703,p_t_iut
m6_seasonal,0.05,0.05,composite,z_plus_softmax,18808,0.5046247590598874,0.1236093943139678,0.091338407689316,p_z_plus_softmax
m6_seasonal,0.05,0.05,composite,z_plus_orth,18808,0.5055463182922331,0.1569839307787391,0.10717262070115,p_z_plus_orth
m6_seasonal,0.05,0.1,detector,z1,17650,0.4720248340004518,0.1624500665778961,0.1406592106041777,
m6_seasonal,0.05,0.1,detector,z2,19051,0.4961688401691793,0.1742331288343558,0.1618776047378811,
m6_seasonal,0.05,0.1,detector,z3,16257,0.5413183882721885,0.0299850074962518,0.0418216805644644,
m6_seasonal,0.05,0.1,detector,z4,19295,0.4985478732267953,0.1292270531400966,0.1349434125737802,
m6_seasonal,0.05,0.1,detector,z6,17080,0.5069198484866717,0.2008196721311475,0.2107291411793491,
m6_seasonal,0.05,0.1,detector,z8,8224,0.4852291968980046,0.0059701492537313,0.0188870579287615,
m6_seasonal,0.05,0.1,detector,z57,19004,0.5334918959567032,0.2697448359659781,0.2485011825532149,
m6_seasonal,0.05,0.1,composite,z_plus,19295,0.5104110831986761,0.1570048309178744,0.1028862294904424,p_z_plus
m6_seasonal,0.05,0.1,composite,z_plus_renorm,18808,0.4949871202156471,0.1470951792336217,0.1217845435857547,p_z_plus_renorm
m6_seasonal,0.05,0.1,composite,breadth,19295,0.5201917168344944,0.0036231884057971,0.0047652569448204,p_breadth
m6_seasonal,0.05,0.1,composite,z_mahalanobis_sq,8223,0.47983144621719,0.1492537313432835,0.1592292089249493,p_z_mahalanobis_sq
m6_seasonal,0.05,0.1,composite,t_iut,19295,0.4894578565395016,0.0869565217391304,0.0628689012833703,p_t_iut
m6_seasonal,0.05,0.1,composite,z_plus_softmax,18808,0.5046247590598874,0.1236093943139678,0.091338407689316,p_z_plus_softmax
m6_seasonal,0.05,0.1,composite,z_plus_orth,18808,0.5055463182922331,0.1569839307787391,0.10717262070115,p_z_plus_orth
m6_seasonal,0.05,0.15,detector,z1,17650,0.4720248340004518,0.1624500665778961,0.1406592106041777,
m6_seasonal,0.05,0.15,detector,z2,19051,0.4961688401691793,0.1742331288343558,0.1618776047378811,
m6_seasonal,0.05,0.15,detector,z3,16257,0.5413183882721885,0.0299850074962518,0.0418216805644644,
m6_seasonal,0.05,0.15,detector,z4,19295,0.4985478732267953,0.1292270531400966,0.1349434125737802,
m6_seasonal,0.05,0.15,detector,z6,17080,0.5069198484866717,0.2008196721311475,0.2107291411793491,
m6_seasonal,0.05,0.15,detector,z8,8224,0.4852291968980046,0.0059701492537313,0.0188870579287615,
m6_seasonal,0.05,0.15,detector,z57,19004,0.5334918959567032,0.2697448359659781,0.2485011825532149,
m6_seasonal,0.05,0.15,composite,z_plus,19295,0.5104110831986761,0.1570048309178744,0.1028862294904424,p_z_plus
m6_seasonal,0.05,0.15,composite,z_plus_renorm,18808,0.4949871202156471,0.1470951792336217,0.1217845435857547,p_z_plus_renorm
m6_seasonal,0.05,0.15,composite,breadth,19295,0.5201917168344944,0.0036231884057971,0.0047652569448204,p_breadth
m6_seasonal,0.05,0.15,composite,z_mahalanobis_sq,8223,0.47983144621719,0.1492537313432835,0.1592292089249493,p_z_mahalanobis_sq
m6_seasonal,0.05,0.15,composite,t_iut,19295,0.4894578565395016,0.0869565217391304,0.0628689012833703,p_t_iut
m6_seasonal,0.05,0.15,composite,z_plus_softmax,18808,0.5046247590598874,0.1236093943139678,0.091338407689316,p_z_plus_softmax
m6_seasonal,0.05,0.15,composite,z_plus_orth,18808,0.5055463182922331,0.1569839307787391,0.10717262070115,p_z_plus_orth
m6_seasonal,0.05,0.2,detector,z1,17650,0.4720248340004518,0.1624500665778961,0.1406592106041777,
m6_seasonal,0.05,0.2,detector,z2,19051,0.4961688401691793,0.1742331288343558,0.1618776047378811,
m6_seasonal,0.05,0.2,detector,z3,16257,0.5413183882721885,0.0299850074962518,0.0418216805644644,
m6_seasonal,0.05,0.2,detector,z4,19295,0.4985478732267953,0.1292270531400966,0.1349434125737802,
m6_seasonal,0.05,0.2,detector,z6,17080,0.5069198484866717,0.2008196721311475,0.2107291411793491,
m6_seasonal,0.05,0.2,detector,z8,8224,0.4852291968980046,0.0059701492537313,0.0188870579287615,
m6_seasonal,0.05,0.2,detector,z57,19004,0.5334918959567032,0.2697448359659781,0.2485011825532149,
m6_seasonal,0.05,0.2,composite,z_plus,19295,0.5104110831986761,0.1570048309178744,0.1028862294904424,p_z_plus
m6_seasonal,0.05,0.2,composite,z_plus_renorm,18808,0.4949871202156471,0.1470951792336217,0.1217845435857547,p_z_plus_renorm
m6_seasonal,0.05,0.2,composite,breadth,19295,0.5201917168344944,0.0036231884057971,0.0047652569448204,p_breadth
m6_seasonal,0.05,0.2,composite,z_mahalanobis_sq,8223,0.47983144621719,0.1492537313432835,0.1592292089249493,p_z_mahalanobis_sq
m6_seasonal,0.05,0.2,composite,t_iut,19295,0.4894578565395016,0.0869565217391304,0.0628689012833703,p_t_iut
m6_seasonal,0.05,0.2,composite,z_plus_softmax,18808,0.5046247590598874,0.1236093943139678,0.091338407689316,p_z_plus_softmax
m6_seasonal,0.05,0.2,composite,z_plus_orth,18808,0.5055463182922331,0.1569839307787391,0.10717262070115,p_z_plus_orth
m6_seasonal,0.05,0.3,detector,z1,17650,0.4720248340004518,0.1624500665778961,0.1406592106041777,
m6_seasonal,0.05,0.3,detector,z2,19051,0.4961688401691793,0.1742331288343558,0.1618776047378811,
m6_seasonal,0.05,0.3,detector,z3,16257,0.5413183882721885,0.0299850074962518,0.0418216805644644,
m6_seasonal,0.05,0.3,detector,z4,19295,0.4985478732267953,0.1292270531400966,0.1349434125737802,
m6_seasonal,0.05,0.3,detector,z6,17080,0.5069198484866717,0.2008196721311475,0.2107291411793491,
m6_seasonal,0.05,0.3,detector,z8,8224,0.4852291968980046,0.0059701492537313,0.0188870579287615,
m6_seasonal,0.05,0.3,detector,z57,19004,0.5334918959567032,0.2697448359659781,0.2485011825532149,
m6_seasonal,0.05,0.3,composite,z_plus,19295,0.5104110831986761,0.1570048309178744,0.1028862294904424,p_z_plus
m6_seasonal,0.05,0.3,composite,z_plus_renorm,18808,0.4949871202156471,0.1470951792336217,0.1217845435857547,p_z_plus_renorm
m6_seasonal,0.05,0.3,composite,breadth,19295,0.5201917168344944,0.0036231884057971,0.0047652569448204,p_breadth
m6_seasonal,0.05,0.3,composite,z_mahalanobis_sq,8223,0.47983144621719,0.1492537313432835,0.1592292089249493,p_z_mahalanobis_sq
m6_seasonal,0.05,0.3,composite,t_iut,19295,0.4894578565395016,0.0869565217391304,0.0628689012833703,p_t_iut
m6_seasonal,0.05,0.3,composite,z_plus_softmax,18808,0.5046247590598874,0.1236093943139678,0.091338407689316,p_z_plus_softmax
m6_seasonal,0.05,0.3,composite,z_plus_orth,18808,0.5055463182922331,0.1569839307787391,0.10717262070115,p_z_plus_orth
m6_seasonal,0.1,0.05,detector,z1,17650,0.4863492954902171,0.1216131064902331,0.1429371848347133,
m6_seasonal,0.1,0.05,detector,z2,19051,0.4872733255398823,0.1716763005780346,0.1612493504993938,
m6_seasonal,0.1,0.05,detector,z3,16257,0.5167281523744365,0.0458181818181818,0.0415266765219728,
m6_seasonal,0.1,0.05,detector,z4,19295,0.4379467654602451,0.0,0.1481333713308635,
m6_seasonal,0.1,0.05,detector,z6,17080,0.4795448554307844,0.1945525291828793,0.2118676792379971,
m6_seasonal,0.1,0.05,detector,z8,8224,0.5373804070017602,0.0272314674735249,0.0202300674335581,
m6_seasonal,0.1,0.05,detector,z57,19004,0.5119867806601751,0.2320601851851851,0.2522574670062514,
m6_seasonal,0.1,0.05,composite,z_plus,19295,0.479105402434556,0.0628571428571428,0.109090909090909,p_z_plus
m6_seasonal,0.1,0.05,composite,z_plus_renorm,18796,0.4876731915274298,0.0858823529411764,0.1272812353766963,p_z_plus_renorm
m6_seasonal,0.1,0.05,composite,breadth,19295,0.4803201074787281,0.0051428571428571,0.0046736962097463,p_breadth
m6_seasonal,0.1,0.05,composite,z_mahalanobis_sq,8223,0.4549679282630207,0.0953101361573373,0.1656969055805342,p_z_mahalanobis_sq
m6_seasonal,0.1,0.05,composite,t_iut,19295,0.4859345193990962,0.0588571428571428,0.0654887432316899,p_t_iut
m6_seasonal,0.1,0.05,composite,z_plus_softmax,18796,0.4879137190674117,0.0752941176470588,0.0959288722508189,p_z_plus_softmax
m6_seasonal,0.1,0.05,composite,z_plus_orth,18796,0.4898726396267444,0.1094117647058823,0.1116635470285446,p_z_plus_orth
m6_seasonal,0.1,0.1,detector,z1,17650,0.4863492954902171,0.1216131064902331,0.1429371848347133,
m6_seasonal,0.1,0.1,detector,z2,19051,0.4872733255398823,0.1716763005780346,0.1612493504993938,
m6_seasonal,0.1,0.1,detector,z3,16257,0.5167281523744365,0.0458181818181818,0.0415266765219728,
m6_seasonal,0.1,0.1,detector,z4,19295,0.4379467654602451,0.0,0.1481333713308635,
m6_seasonal,0.1,0.1,detector,z6,17080,0.4795448554307844,0.1945525291828793,0.2118676792379971,
m6_seasonal,0.1,0.1,detector,z8,8224,0.5373804070017602,0.0272314674735249,0.0202300674335581,
m6_seasonal,0.1,0.1,detector,z57,19004,0.5119867806601751,0.2320601851851851,0.2522574670062514,
m6_seasonal,0.1,0.1,composite,z_plus,19295,0.479105402434556,0.0628571428571428,0.109090909090909,p_z_plus
m6_seasonal,0.1,0.1,composite,z_plus_renorm,18796,0.4876731915274298,0.0858823529411764,0.1272812353766963,p_z_plus_renorm
m6_seasonal,0.1,0.1,composite,breadth,19295,0.4803201074787281,0.0051428571428571,0.0046736962097463,p_breadth
m6_seasonal,0.1,0.1,composite,z_mahalanobis_sq,8223,0.4549679282630207,0.0953101361573373,0.1656969055805342,p_z_mahalanobis_sq
m6_seasonal,0.1,0.1,composite,t_iut,19295,0.4859345193990962,0.0588571428571428,0.0654887432316899,p_t_iut
m6_seasonal,0.1,0.1,composite,z_plus_softmax,18796,0.4879137190674117,0.0752941176470588,0.0959288722508189,p_z_plus_softmax
m6_seasonal,0.1,0.1,composite,z_plus_orth,18796,0.4898726396267444,0.1094117647058823,0.1116635470285446,p_z_plus_orth
m6_seasonal,0.1,0.15,detector,z1,17650,0.4863492954902171,0.1216131064902331,0.1429371848347133,
m6_seasonal,0.1,0.15,detector,z2,19051,0.4872733255398823,0.1716763005780346,0.1612493504993938,
m6_seasonal,0.1,0.15,detector,z3,16257,0.5167281523744365,0.0458181818181818,0.0415266765219728,
m6_seasonal,0.1,0.15,detector,z4,19295,0.4379467654602451,0.0,0.1481333713308635,
m6_seasonal,0.1,0.15,detector,z6,17080,0.4795448554307844,0.1945525291828793,0.2118676792379971,
m6_seasonal,0.1,0.15,detector,z8,8224,0.5373804070017602,0.0272314674735249,0.0202300674335581,
m6_seasonal,0.1,0.15,detector,z57,19004,0.5119867806601751,0.2320601851851851,0.2522574670062514,
m6_seasonal,0.1,0.15,composite,z_plus,19295,0.479105402434556,0.0628571428571428,0.109090909090909,p_z_plus
m6_seasonal,0.1,0.15,composite,z_plus_renorm,18796,0.4876731915274298,0.0858823529411764,0.1272812353766963,p_z_plus_renorm
m6_seasonal,0.1,0.15,composite,breadth,19295,0.4803201074787281,0.0051428571428571,0.0046736962097463,p_breadth
m6_seasonal,0.1,0.15,composite,z_mahalanobis_sq,8223,0.4549679282630207,0.0953101361573373,0.1656969055805342,p_z_mahalanobis_sq
m6_seasonal,0.1,0.15,composite,t_iut,19295,0.4859345193990962,0.0588571428571428,0.0654887432316899,p_t_iut
m6_seasonal,0.1,0.15,composite,z_plus_softmax,18796,0.4879137190674117,0.0752941176470588,0.0959288722508189,p_z_plus_softmax
m6_seasonal,0.1,0.15,composite,z_plus_orth,18796,0.4898726396267444,0.1094117647058823,0.1116635470285446,p_z_plus_orth
m6_seasonal,0.1,0.2,detector,z1,17650,0.4863492954902171,0.1216131064902331,0.1429371848347133,
m6_seasonal,0.1,0.2,detector,z2,19051,0.4872733255398823,0.1716763005780346,0.1612493504993938,
m6_seasonal,0.1,0.2,detector,z3,16257,0.5167281523744365,0.0458181818181818,0.0415266765219728,
m6_seasonal,0.1,0.2,detector,z4,19295,0.4379467654602451,0.0,0.1481333713308635,
m6_seasonal,0.1,0.2,detector,z6,17080,0.4795448554307844,0.1945525291828793,0.2118676792379971,
m6_seasonal,0.1,0.2,detector,z8,8224,0.5373804070017602,0.0272314674735249,0.0202300674335581,
m6_seasonal,0.1,0.2,detector,z57,19004,0.5119867806601751,0.2320601851851851,0.2522574670062514,
m6_seasonal,0.1,0.2,composite,z_plus,19295,0.479105402434556,0.0628571428571428,0.109090909090909,p_z_plus
m6_seasonal,0.1,0.2,composite,z_plus_renorm,18796,0.4876731915274298,0.0858823529411764,0.1272812353766963,p_z_plus_renorm
m6_seasonal,0.1,0.2,composite,breadth,19295,0.4803201074787281,0.0051428571428571,0.0046736962097463,p_breadth
m6_seasonal,0.1,0.2,composite,z_mahalanobis_sq,8223,0.4549679282630207,0.0953101361573373,0.1656969055805342,p_z_mahalanobis_sq
m6_seasonal,0.1,0.2,composite,t_iut,19295,0.4859345193990962,0.0588571428571428,0.0654887432316899,p_t_iut
m6_seasonal,0.1,0.2,composite,z_plus_softmax,18796,0.4879137190674117,0.0752941176470588,0.0959288722508189,p_z_plus_softmax
m6_seasonal,0.1,0.2,composite,z_plus_orth,18796,0.4898726396267444,0.1094117647058823,0.1116635470285446,p_z_plus_orth
m6_seasonal,0.1,0.3,detector,z1,17650,0.4863492954902171,0.1216131064902331,0.1429371848347133,
m6_seasonal,0.1,0.3,detector,z2,19051,0.4872733255398823,0.1716763005780346,0.1612493504993938,
m6_seasonal,0.1,0.3,detector,z3,16257,0.5167281523744365,0.0458181818181818,0.0415266765219728,
m6_seasonal,0.1,0.3,detector,z4,19295,0.4379467654602451,0.0,0.1481333713308635,
m6_seasonal,0.1,0.3,detector,z6,17080,0.4795448554307844,0.1945525291828793,0.2118676792379971,
m6_seasonal,0.1,0.3,detector,z8,8224,0.5373804070017602,0.0272314674735249,0.0202300674335581,
m6_seasonal,0.1,0.3,detector,z57,19004,0.5119867806601751,0.2320601851851851,0.2522574670062514,
m6_seasonal,0.1,0.3,composite,z_plus,19295,0.479105402434556,0.0628571428571428,0.109090909090909,p_z_plus
m6_seasonal,0.1,0.3,composite,z_plus_renorm,18796,0.4876731915274298,0.0858823529411764,0.1272812353766963,p_z_plus_renorm
m6_seasonal,0.1,0.3,composite,breadth,19295,0.4803201074787281,0.0051428571428571,0.0046736962097463,p_breadth
m6_seasonal,0.1,0.3,composite,z_mahalanobis_sq,8223,0.4549679282630207,0.0953101361573373,0.1656969055805342,p_z_mahalanobis_sq
m6_seasonal,0.1,0.3,composite,t_iut,19295,0.4859345193990962,0.0588571428571428,0.0654887432316899,p_t_iut
m6_seasonal,0.1,0.3,composite,z_plus_softmax,18796,0.4879137190674117,0.0752941176470588,0.0959288722508189,p_z_plus_softmax
m6_seasonal,0.1,0.3,composite,z_plus_orth,18796,0.4898726396267444,0.1094117647058823,0.1116635470285446,p_z_plus_orth
abn_disx_full,0.01,0.05,detector,z1,17650,,,0.1420963172804532,
abn_disx_full,0.01,0.05,detector,z2,19051,,,0.1624061729043094,
abn_disx_full,0.01,0.05,detector,z3,16257,,,0.0413360398597527,
abn_disx_full,0.01,0.05,detector,z4,19295,,,0.1346981083182171,
abn_disx_full,0.01,0.05,detector,z6,17080,,,0.2102459016393442,
abn_disx_full,0.01,0.05,detector,z8,8224,,,0.0183608949416342,
abn_disx_full,0.01,0.05,detector,z57,19004,,,0.2494737949905283,
abn_disx_full,0.01,0.05,composite,z_plus,19295,,,0.1053122570614148,p_z_plus
abn_disx_full,0.01,0.05,composite,z_plus_renorm,18806,,,0.1233117090290332,p_z_plus_renorm
abn_disx_full,0.01,0.05,composite,breadth,19295,,,0.0047680746307333,p_breadth
abn_disx_full,0.01,0.05,composite,z_mahalanobis_sq,8223,,,0.1590660342940532,p_z_mahalanobis_sq
abn_disx_full,0.01,0.05,composite,t_iut,19295,,,0.0637470847369784,p_t_iut
abn_disx_full,0.01,0.05,composite,z_plus_softmax,18806,,,0.0930022333297883,p_z_plus_softmax
abn_disx_full,0.01,0.05,composite,z_plus_orth,18806,,,0.1095395086674465,p_z_plus_orth
abn_disx_full,0.01,0.1,detector,z1,17650,,,0.1420963172804532,
abn_disx_full,0.01,0.1,detector,z2,19051,,,0.1624061729043094,
abn_disx_full,0.01,0.1,detector,z3,16257,,,0.0413360398597527,
abn_disx_full,0.01,0.1,detector,z4,19295,,,0.1346981083182171,
abn_disx_full,0.01,0.1,detector,z6,17080,,,0.2102459016393442,
abn_disx_full,0.01,0.1,detector,z8,8224,,,0.0183608949416342,
abn_disx_full,0.01,0.1,detector,z57,19004,,,0.2494737949905283,
abn_disx_full,0.01,0.1,composite,z_plus,19295,,,0.1053122570614148,p_z_plus
abn_disx_full,0.01,0.1,composite,z_plus_renorm,18806,,,0.1233117090290332,p_z_plus_renorm
abn_disx_full,0.01,0.1,composite,breadth,19295,,,0.0047680746307333,p_breadth
abn_disx_full,0.01,0.1,composite,z_mahalanobis_sq,8223,,,0.1590660342940532,p_z_mahalanobis_sq
abn_disx_full,0.01,0.1,composite,t_iut,19295,,,0.0637470847369784,p_t_iut
abn_disx_full,0.01,0.1,composite,z_plus_softmax,18806,,,0.0930022333297883,p_z_plus_softmax
abn_disx_full,0.01,0.1,composite,z_plus_orth,18806,,,0.1095395086674465,p_z_plus_orth
abn_disx_full,0.01,0.15,detector,z1,17650,,,0.1420963172804532,
abn_disx_full,0.01,0.15,detector,z2,19051,,,0.1624061729043094,
abn_disx_full,0.01,0.15,detector,z3,16257,,,0.0413360398597527,
abn_disx_full,0.01,0.15,detector,z4,19295,,,0.1346981083182171,
abn_disx_full,0.01,0.15,detector,z6,17080,,,0.2102459016393442,
abn_disx_full,0.01,0.15,detector,z8,8224,,,0.0183608949416342,
abn_disx_full,0.01,0.15,detector,z57,19004,,,0.2494737949905283,
abn_disx_full,0.01,0.15,composite,z_plus,19295,,,0.1053122570614148,p_z_plus
abn_disx_full,0.01,0.15,composite,z_plus_renorm,18806,,,0.1233117090290332,p_z_plus_renorm
abn_disx_full,0.01,0.15,composite,breadth,19295,,,0.0047680746307333,p_breadth
abn_disx_full,0.01,0.15,composite,z_mahalanobis_sq,8223,,,0.1590660342940532,p_z_mahalanobis_sq
abn_disx_full,0.01,0.15,composite,t_iut,19295,,,0.0637470847369784,p_t_iut
abn_disx_full,0.01,0.15,composite,z_plus_softmax,18806,,,0.0930022333297883,p_z_plus_softmax
abn_disx_full,0.01,0.15,composite,z_plus_orth,18806,,,0.1095395086674465,p_z_plus_orth
abn_disx_full,0.01,0.2,detector,z1,17650,,,0.1420963172804532,
abn_disx_full,0.01,0.2,detector,z2,19051,,,0.1624061729043094,
abn_disx_full,0.01,0.2,detector,z3,16257,,,0.0413360398597527,
abn_disx_full,0.01,0.2,detector,z4,19295,,,0.1346981083182171,
abn_disx_full,0.01,0.2,detector,z6,17080,,,0.2102459016393442,
abn_disx_full,0.01,0.2,detector,z8,8224,,,0.0183608949416342,
abn_disx_full,0.01,0.2,detector,z57,19004,,,0.2494737949905283,
abn_disx_full,0.01,0.2,composite,z_plus,19295,,,0.1053122570614148,p_z_plus
abn_disx_full,0.01,0.2,composite,z_plus_renorm,18806,,,0.1233117090290332,p_z_plus_renorm
abn_disx_full,0.01,0.2,composite,breadth,19295,,,0.0047680746307333,p_breadth
abn_disx_full,0.01,0.2,composite,z_mahalanobis_sq,8223,,,0.1590660342940532,p_z_mahalanobis_sq
abn_disx_full,0.01,0.2,composite,t_iut,19295,,,0.0637470847369784,p_t_iut
abn_disx_full,0.01,0.2,composite,z_plus_softmax,18806,,,0.0930022333297883,p_z_plus_softmax
abn_disx_full,0.01,0.2,composite,z_plus_orth,18806,,,0.1095395086674465,p_z_plus_orth
abn_disx_full,0.01,0.3,detector,z1,17650,,,0.1420963172804532,
abn_disx_full,0.01,0.3,detector,z2,19051,,,0.1624061729043094,
abn_disx_full,0.01,0.3,detector,z3,16257,,,0.0413360398597527,
abn_disx_full,0.01,0.3,detector,z4,19295,,,0.1346981083182171,
abn_disx_full,0.01,0.3,detector,z6,17080,,,0.2102459016393442,
abn_disx_full,0.01,0.3,detector,z8,8224,,,0.0183608949416342,
abn_disx_full,0.01,0.3,detector,z57,19004,,,0.2494737949905283,
abn_disx_full,0.01,0.3,composite,z_plus,19295,,,0.1053122570614148,p_z_plus
abn_disx_full,0.01,0.3,composite,z_plus_renorm,18806,,,0.1233117090290332,p_z_plus_renorm
abn_disx_full,0.01,0.3,composite,breadth,19295,,,0.0047680746307333,p_breadth
abn_disx_full,0.01,0.3,composite,z_mahalanobis_sq,8223,,,0.1590660342940532,p_z_mahalanobis_sq
abn_disx_full,0.01,0.3,composite,t_iut,19295,,,0.0637470847369784,p_t_iut
abn_disx_full,0.01,0.3,composite,z_plus_softmax,18806,,,0.0930022333297883,p_z_plus_softmax
abn_disx_full,0.01,0.3,composite,z_plus_orth,18806,,,0.1095395086674465,p_z_plus_orth
abn_disx_full,0.05,0.05,detector,z1,17650,,,0.1420963172804532,
abn_disx_full,0.05,0.05,detector,z2,19051,,,0.1624061729043094,
abn_disx_full,0.05,0.05,detector,z3,16257,,,0.0413360398597527,
abn_disx_full,0.05,0.05,detector,z4,19295,,,0.1346981083182171,
abn_disx_full,0.05,0.05,detector,z6,17080,,,0.2102459016393442,
abn_disx_full,0.05,0.05,detector,z8,8224,,,0.0183608949416342,
abn_disx_full,0.05,0.05,detector,z57,19004,,,0.2494737949905283,
abn_disx_full,0.05,0.05,composite,z_plus,19295,,,0.1053122570614148,p_z_plus
abn_disx_full,0.05,0.05,composite,z_plus_renorm,18806,,,0.1233117090290332,p_z_plus_renorm
abn_disx_full,0.05,0.05,composite,breadth,19295,,,0.0047680746307333,p_breadth
abn_disx_full,0.05,0.05,composite,z_mahalanobis_sq,8223,,,0.1590660342940532,p_z_mahalanobis_sq
abn_disx_full,0.05,0.05,composite,t_iut,19295,,,0.0637470847369784,p_t_iut
abn_disx_full,0.05,0.05,composite,z_plus_softmax,18806,,,0.0930022333297883,p_z_plus_softmax
abn_disx_full,0.05,0.05,composite,z_plus_orth,18806,,,0.1095395086674465,p_z_plus_orth
abn_disx_full,0.05,0.1,detector,z1,17650,,,0.1420963172804532,
abn_disx_full,0.05,0.1,detector,z2,19051,,,0.1624061729043094,
abn_disx_full,0.05,0.1,detector,z3,16257,,,0.0413360398597527,
abn_disx_full,0.05,0.1,detector,z4,19295,,,0.1346981083182171,
abn_disx_full,0.05,0.1,detector,z6,17080,,,0.2102459016393442,
abn_disx_full,0.05,0.1,detector,z8,8224,,,0.0183608949416342,
abn_disx_full,0.05,0.1,detector,z57,19004,,,0.2494737949905283,
abn_disx_full,0.05,0.1,composite,z_plus,19295,,,0.1053122570614148,p_z_plus
abn_disx_full,0.05,0.1,composite,z_plus_renorm,18806,,,0.1233117090290332,p_z_plus_renorm
abn_disx_full,0.05,0.1,composite,breadth,19295,,,0.0047680746307333,p_breadth
abn_disx_full,0.05,0.1,composite,z_mahalanobis_sq,8223,,,0.1590660342940532,p_z_mahalanobis_sq
abn_disx_full,0.05,0.1,composite,t_iut,19295,,,0.0637470847369784,p_t_iut
abn_disx_full,0.05,0.1,composite,z_plus_softmax,18806,,,0.0930022333297883,p_z_plus_softmax
abn_disx_full,0.05,0.1,composite,z_plus_orth,18806,,,0.1095395086674465,p_z_plus_orth
abn_disx_full,0.05,0.15,detector,z1,17650,,,0.1420963172804532,
abn_disx_full,0.05,0.15,detector,z2,19051,,,0.1624061729043094,
abn_disx_full,0.05,0.15,detector,z3,16257,,,0.0413360398597527,
abn_disx_full,0.05,0.15,detector,z4,19295,,,0.1346981083182171,
abn_disx_full,0.05,0.15,detector,z6,17080,,,0.2102459016393442,
abn_disx_full,0.05,0.15,detector,z8,8224,,,0.0183608949416342,
abn_disx_full,0.05,0.15,detector,z57,19004,,,0.2494737949905283,
abn_disx_full,0.05,0.15,composite,z_plus,19295,,,0.1053122570614148,p_z_plus
abn_disx_full,0.05,0.15,composite,z_plus_renorm,18806,,,0.1233117090290332,p_z_plus_renorm
abn_disx_full,0.05,0.15,composite,breadth,19295,,,0.0047680746307333,p_breadth
abn_disx_full,0.05,0.15,composite,z_mahalanobis_sq,8223,,,0.1590660342940532,p_z_mahalanobis_sq
abn_disx_full,0.05,0.15,composite,t_iut,19295,,,0.0637470847369784,p_t_iut
abn_disx_full,0.05,0.15,composite,z_plus_softmax,18806,,,0.0930022333297883,p_z_plus_softmax
abn_disx_full,0.05,0.15,composite,z_plus_orth,18806,,,0.1095395086674465,p_z_plus_orth
abn_disx_full,0.05,0.2,detector,z1,17650,,,0.1420963172804532,
abn_disx_full,0.05,0.2,detector,z2,19051,,,0.1624061729043094,
abn_disx_full,0.05,0.2,detector,z3,16257,,,0.0413360398597527,
abn_disx_full,0.05,0.2,detector,z4,19295,,,0.1346981083182171,
abn_disx_full,0.05,0.2,detector,z6,17080,,,0.2102459016393442,
abn_disx_full,0.05,0.2,detector,z8,8224,,,0.0183608949416342,
abn_disx_full,0.05,0.2,detector,z57,19004,,,0.2494737949905283,
abn_disx_full,0.05,0.2,composite,z_plus,19295,,,0.1053122570614148,p_z_plus
abn_disx_full,0.05,0.2,composite,z_plus_renorm,18806,,,0.1233117090290332,p_z_plus_renorm
abn_disx_full,0.05,0.2,composite,breadth,19295,,,0.0047680746307333,p_breadth
abn_disx_full,0.05,0.2,composite,z_mahalanobis_sq,8223,,,0.1590660342940532,p_z_mahalanobis_sq
abn_disx_full,0.05,0.2,composite,t_iut,19295,,,0.0637470847369784,p_t_iut
abn_disx_full,0.05,0.2,composite,z_plus_softmax,18806,,,0.0930022333297883,p_z_plus_softmax
abn_disx_full,0.05,0.2,composite,z_plus_orth,18806,,,0.1095395086674465,p_z_plus_orth
abn_disx_full,0.05,0.3,detector,z1,17650,,,0.1420963172804532,
abn_disx_full,0.05,0.3,detector,z2,19051,,,0.1624061729043094,
abn_disx_full,0.05,0.3,detector,z3,16257,,,0.0413360398597527,
abn_disx_full,0.05,0.3,detector,z4,19295,,,0.1346981083182171,
abn_disx_full,0.05,0.3,detector,z6,17080,,,0.2102459016393442,
abn_disx_full,0.05,0.3,detector,z8,8224,,,0.0183608949416342,
abn_disx_full,0.05,0.3,detector,z57,19004,,,0.2494737949905283,
abn_disx_full,0.05,0.3,composite,z_plus,19295,,,0.1053122570614148,p_z_plus
abn_disx_full,0.05,0.3,composite,z_plus_renorm,18806,,,0.1233117090290332,p_z_plus_renorm
abn_disx_full,0.05,0.3,composite,breadth,19295,,,0.0047680746307333,p_breadth
abn_disx_full,0.05,0.3,composite,z_mahalanobis_sq,8223,,,0.1590660342940532,p_z_mahalanobis_sq
abn_disx_full,0.05,0.3,composite,t_iut,19295,,,0.0637470847369784,p_t_iut
abn_disx_full,0.05,0.3,composite,z_plus_softmax,18806,,,0.0930022333297883,p_z_plus_softmax
abn_disx_full,0.05,0.3,composite,z_plus_orth,18806,,,0.1095395086674465,p_z_plus_orth
abn_disx_full,0.1,0.05,detector,z1,17650,,,0.1420963172804532,
abn_disx_full,0.1,0.05,detector,z2,19051,,,0.1624061729043094,
abn_disx_full,0.1,0.05,detector,z3,16257,,,0.0413360398597527,
abn_disx_full,0.1,0.05,detector,z4,19295,,,0.1346981083182171,
abn_disx_full,0.1,0.05,detector,z6,17080,,,0.2102459016393442,
abn_disx_full,0.1,0.05,detector,z8,8224,,,0.0183608949416342,
abn_disx_full,0.1,0.05,detector,z57,19004,,,0.2494737949905283,
abn_disx_full,0.1,0.05,composite,z_plus,19295,,,0.1053122570614148,p_z_plus
abn_disx_full,0.1,0.05,composite,z_plus_renorm,18806,,,0.1233117090290332,p_z_plus_renorm
abn_disx_full,0.1,0.05,composite,breadth,19295,,,0.0047680746307333,p_breadth
abn_disx_full,0.1,0.05,composite,z_mahalanobis_sq,8223,,,0.1590660342940532,p_z_mahalanobis_sq
abn_disx_full,0.1,0.05,composite,t_iut,19295,,,0.0637470847369784,p_t_iut
abn_disx_full,0.1,0.05,composite,z_plus_softmax,18806,,,0.0930022333297883,p_z_plus_softmax
abn_disx_full,0.1,0.05,composite,z_plus_orth,18806,,,0.1095395086674465,p_z_plus_orth
abn_disx_full,0.1,0.1,detector,z1,17650,,,0.1420963172804532,
abn_disx_full,0.1,0.1,detector,z2,19051,,,0.1624061729043094,
abn_disx_full,0.1,0.1,detector,z3,16257,,,0.0413360398597527,
abn_disx_full,0.1,0.1,detector,z4,19295,,,0.1346981083182171,
abn_disx_full,0.1,0.1,detector,z6,17080,,,0.2102459016393442,
abn_disx_full,0.1,0.1,detector,z8,8224,,,0.0183608949416342,
abn_disx_full,0.1,0.1,detector,z57,19004,,,0.2494737949905283,
abn_disx_full,0.1,0.1,composite,z_plus,19295,,,0.1053122570614148,p_z_plus
abn_disx_full,0.1,0.1,composite,z_plus_renorm,18806,,,0.1233117090290332,p_z_plus_renorm
abn_disx_full,0.1,0.1,composite,breadth,19295,,,0.0047680746307333,p_breadth
abn_disx_full,0.1,0.1,composite,z_mahalanobis_sq,8223,,,0.1590660342940532,p_z_mahalanobis_sq
abn_disx_full,0.1,0.1,composite,t_iut,19295,,,0.0637470847369784,p_t_iut
abn_disx_full,0.1,0.1,composite,z_plus_softmax,18806,,,0.0930022333297883,p_z_plus_softmax
abn_disx_full,0.1,0.1,composite,z_plus_orth,18806,,,0.1095395086674465,p_z_plus_orth
abn_disx_full,0.1,0.15,detector,z1,17650,,,0.1420963172804532,
abn_disx_full,0.1,0.15,detector,z2,19051,,,0.1624061729043094,
abn_disx_full,0.1,0.15,detector,z3,16257,,,0.0413360398597527,
abn_disx_full,0.1,0.15,detector,z4,19295,,,0.1346981083182171,
abn_disx_full,0.1,0.15,detector,z6,17080,,,0.2102459016393442,
abn_disx_full,0.1,0.15,detector,z8,8224,,,0.0183608949416342,
abn_disx_full,0.1,0.15,detector,z57,19004,,,0.2494737949905283,
abn_disx_full,0.1,0.15,composite,z_plus,19295,,,0.1053122570614148,p_z_plus
abn_disx_full,0.1,0.15,composite,z_plus_renorm,18806,,,0.1233117090290332,p_z_plus_renorm
abn_disx_full,0.1,0.15,composite,breadth,19295,,,0.0047680746307333,p_breadth
abn_disx_full,0.1,0.15,composite,z_mahalanobis_sq,8223,,,0.1590660342940532,p_z_mahalanobis_sq
abn_disx_full,0.1,0.15,composite,t_iut,19295,,,0.0637470847369784,p_t_iut
abn_disx_full,0.1,0.15,composite,z_plus_softmax,18806,,,0.0930022333297883,p_z_plus_softmax
abn_disx_full,0.1,0.15,composite,z_plus_orth,18806,,,0.1095395086674465,p_z_plus_orth
abn_disx_full,0.1,0.2,detector,z1,17650,,,0.1420963172804532,
abn_disx_full,0.1,0.2,detector,z2,19051,,,0.1624061729043094,
abn_disx_full,0.1,0.2,detector,z3,16257,,,0.0413360398597527,
abn_disx_full,0.1,0.2,detector,z4,19295,,,0.1346981083182171,
abn_disx_full,0.1,0.2,detector,z6,17080,,,0.2102459016393442,
abn_disx_full,0.1,0.2,detector,z8,8224,,,0.0183608949416342,
abn_disx_full,0.1,0.2,detector,z57,19004,,,0.2494737949905283,
abn_disx_full,0.1,0.2,composite,z_plus,19295,,,0.1053122570614148,p_z_plus
abn_disx_full,0.1,0.2,composite,z_plus_renorm,18806,,,0.1233117090290332,p_z_plus_renorm
abn_disx_full,0.1,0.2,composite,breadth,19295,,,0.0047680746307333,p_breadth
abn_disx_full,0.1,0.2,composite,z_mahalanobis_sq,8223,,,0.1590660342940532,p_z_mahalanobis_sq
abn_disx_full,0.1,0.2,composite,t_iut,19295,,,0.0637470847369784,p_t_iut
abn_disx_full,0.1,0.2,composite,z_plus_softmax,18806,,,0.0930022333297883,p_z_plus_softmax
abn_disx_full,0.1,0.2,composite,z_plus_orth,18806,,,0.1095395086674465,p_z_plus_orth
abn_disx_full,0.1,0.3,detector,z1,17650,,,0.1420963172804532,
abn_disx_full,0.1,0.3,detector,z2,19051,,,0.1624061729043094,
abn_disx_full,0.1,0.3,detector,z3,16257,,,0.0413360398597527,
abn_disx_full,0.1,0.3,detector,z4,19295,,,0.1346981083182171,
abn_disx_full,0.1,0.3,detector,z6,17080,,,0.2102459016393442,
abn_disx_full,0.1,0.3,detector,z8,8224,,,0.0183608949416342,
abn_disx_full,0.1,0.3,detector,z57,19004,,,0.2494737949905283,
abn_disx_full,0.1,0.3,composite,z_plus,19295,,,0.1053122570614148,p_z_plus
abn_disx_full,0.1,0.3,composite,z_plus_renorm,18806,,,0.1233117090290332,p_z_plus_renorm
abn_disx_full,0.1,0.3,composite,breadth,19295,,,0.0047680746307333,p_breadth
abn_disx_full,0.1,0.3,composite,z_mahalanobis_sq,8223,,,0.1590660342940532,p_z_mahalanobis_sq
abn_disx_full,0.1,0.3,composite,t_iut,19295,,,0.0637470847369784,p_t_iut
abn_disx_full,0.1,0.3,composite,z_plus_softmax,18806,,,0.0930022333297883,p_z_plus_softmax
abn_disx_full,0.1,0.3,composite,z_plus_orth,18806,,,0.1095395086674465,p_z_plus_orth
abn_disx_partial,0.01,0.05,detector,z1,17650,0.4718198691136431,0.0855614973262032,0.1425871843325889,
abn_disx_partial,0.01,0.05,detector,z2,19051,0.5876119699065335,0.2435233160621761,0.1615759889701983,
abn_disx_partial,0.01,0.05,detector,z3,16257,0.4357935535325241,0.0208333333333333,0.0415810768751945,
abn_disx_partial,0.01,0.05,detector,z4,19295,0.4949807225242399,0.0880829015544041,0.13516909224165,
abn_disx_partial,0.01,0.05,detector,z6,17080,0.4956121668602435,0.2087912087912088,0.2102615694164989,
abn_disx_partial,0.01,0.05,detector,z8,8224,0.4919991881386651,0.0,0.0186350734295939,
abn_disx_partial,0.01,0.05,detector,z57,19004,0.4547712229974319,0.1894736842105263,0.2500797278622302,
abn_disx_partial,0.01,0.05,composite,z_plus,19295,0.4947402626640836,0.0259067357512953,0.1061145429797927,p_z_plus
abn_disx_partial,0.01,0.05,composite,z_plus_renorm,18805,0.4709814433012769,0.0677083333333333,0.1240530811798205,p_z_plus_renorm
abn_disx_partial,0.01,0.05,composite,breadth,19295,0.5223567995755537,0.0155440414507772,0.0046068474505287,p_breadth
abn_disx_partial,0.01,0.05,composite,z_mahalanobis_sq,8223,0.468051965538557,0.0909090909090909,0.1600839298938533,p_z_mahalanobis_sq
abn_disx_partial,0.01,0.05,composite,t_iut,19295,0.5660018238602365,0.0621761658031088,0.0637629567584546,p_t_iut
abn_disx_partial,0.01,0.05,composite,z_plus_softmax,18805,0.4712260080320206,0.0364583333333333,0.093644227153065,p_z_plus_softmax
abn_disx_partial,0.01,0.05,composite,z_plus_orth,18805,0.4716717650298179,0.0729166666666666,0.1100843496480954,p_z_plus_orth
abn_disx_partial,0.01,0.1,detector,z1,17650,0.4701097599477704,0.0802139037433155,0.142529920403138,
abn_disx_partial,0.01,0.1,detector,z2,19051,0.588181264173971,0.2435233160621761,0.1615759889701983,
abn_disx_partial,0.01,0.1,detector,z3,16257,0.4378062104471418,0.0208333333333333,0.0415810768751945,
abn_disx_partial,0.01,0.1,detector,z4,19295,0.4949807225242399,0.0880829015544041,0.13516909224165,
abn_disx_partial,0.01,0.1,detector,z6,17080,0.4956121668602435,0.2087912087912088,0.2102615694164989,
abn_disx_partial,0.01,0.1,detector,z8,8224,0.4919991881386651,0.0,0.0186350734295939,
abn_disx_partial,0.01,0.1,detector,z57,19004,0.4547712229974319,0.1894736842105263,0.2500797278622302,
abn_disx_partial,0.01,0.1,composite,z_plus,19295,0.4923381052793755,0.0259067357512953,0.1061145429797927,p_z_plus
abn_disx_partial,0.01,0.1,composite,z_plus_renorm,18804,0.4674663859338061,0.0625,0.1240597464001719,p_z_plus_renorm
abn_disx_partial,0.01,0.1,composite,breadth,19295,0.5227933705230117,0.0155440414507772,0.0046591979897392,p_breadth
abn_disx_partial,0.01,0.1,composite,z_mahalanobis_sq,8223,0.4641757672322516,0.0909090909090909,0.1600839298938533,p_z_mahalanobis_sq
abn_disx_partial,0.01,0.1,composite,t_iut,19295,0.5676501877295761,0.0621761658031088,0.0637629567584546,p_t_iut
abn_disx_partial,0.01,0.1,composite,z_plus_softmax,18804,0.4682679801113976,0.03125,0.0935418009886095,p_z_plus_softmax
abn_disx_partial,0.01,0.1,composite,z_plus_orth,18804,0.4689006924296153,0.0677083333333333,0.1101439931227165,p_z_plus_orth
abn_disx_partial,0.01,0.15,detector,z1,17650,0.4715003241383386,0.0802139037433155,0.142529920403138,
abn_disx_partial,0.01,0.15,detector,z2,19051,0.5875105849718404,0.2435233160621761,0.1615759889701983,
abn_disx_partial,0.01,0.15,detector,z3,16257,0.4395338922606079,0.0208333333333333,0.0415810768751945,
abn_disx_partial,0.01,0.15,detector,z4,19295,0.4949807225242399,0.0880829015544041,0.13516909224165,
abn_disx_partial,0.01,0.15,detector,z6,17080,0.4956121668602435,0.2087912087912088,0.2102615694164989,
abn_disx_partial,0.01,0.15,detector,z8,8224,0.4919991881386651,0.0,0.0186350734295939,
abn_disx_partial,0.01,0.15,detector,z57,19004,0.4547712229974319,0.1894736842105263,0.2500797278622302,
abn_disx_partial,0.01,0.15,composite,z_plus,19295,0.4924030687723337,0.0259067357512953,0.1060621924405821,p_z_plus
abn_disx_partial,0.01,0.15,composite,z_plus_renorm,18805,0.4657801055266033,0.0572916666666666,0.123838177617794,p_z_plus_renorm
abn_disx_partial,0.01,0.15,composite,breadth,19295,0.5256760407585566,0.0155440414507772,0.0046591979897392,p_breadth
abn_disx_partial,0.01,0.15,composite,z_mahalanobis_sq,8223,0.4637249041660972,0.0909090909090909,0.1600839298938533,p_z_mahalanobis_sq
abn_disx_partial,0.01,0.15,composite,t_iut,19295,0.5663190464281472,0.0621761658031088,0.0637629567584546,p_t_iut
abn_disx_partial,0.01,0.15,composite,z_plus_softmax,18805,0.4675131852289618,0.03125,0.0934293235910385,p_z_plus_softmax
abn_disx_partial,0.01,0.15,composite,z_plus_orth,18805,0.4681103261161553,0.0625,0.1100306237575887,p_z_plus_orth
abn_disx_partial,0.01,0.2,detector,z1,17650,0.4708382673711049,0.0802139037433155,0.1424726564736872,
abn_disx_partial,0.01,0.2,detector,z2,19051,0.5900311957872224,0.238341968911917,0.1615759889701983,
abn_disx_partial,0.01,0.2,detector,z3,16257,0.4413084215167548,0.0208333333333333,0.0415810768751945,
abn_disx_partial,0.01,0.2,detector,z4,19295,0.4949807225242399,0.0880829015544041,0.13516909224165,
abn_disx_partial,0.01,0.2,detector,z6,17080,0.4956121668602435,0.2087912087912088,0.2102615694164989,
abn_disx_partial,0.01,0.2,detector,z8,8224,0.4919991881386651,0.0,0.0186350734295939,
abn_disx_partial,0.01,0.2,detector,z57,19004,0.4547712229974319,0.1894736842105263,0.2500797278622302,
abn_disx_partial,0.01,0.2,composite,z_plus,19295,0.4940728611007284,0.0259067357512953,0.105957491362161,p_z_plus
abn_disx_partial,0.01,0.2,composite,z_plus_renorm,18804,0.4670670579912601,0.0520833333333333,0.1238448312916398,p_z_plus_renorm
abn_disx_partial,0.01,0.2,composite,breadth,19295,0.5277630099227327,0.0155440414507772,0.0046591979897392,p_breadth
abn_disx_partial,0.01,0.2,composite,z_mahalanobis_sq,8223,0.4638381299587287,0.0909090909090909,0.1600839298938533,p_z_mahalanobis_sq
abn_disx_partial,0.01,0.2,composite,t_iut,19295,0.5677664167764762,0.0621761658031088,0.0637629567584546,p_t_iut
abn_disx_partial,0.01,0.2,composite,z_plus_softmax,18804,0.4682654615749695,0.03125,0.0933806146572104,p_z_plus_softmax
abn_disx_partial,0.01,0.2,composite,z_plus_orth,18804,0.4690879036374382,0.0625,0.1098216204599183,p_z_plus_orth
abn_disx_partial,0.01,0.3,detector,z1,17650,0.4732823959963019,0.0909090909090909,0.1427017121914905,
abn_disx_partial,0.01,0.3,detector,z2,19051,0.5873602934832841,0.2435233160621761,0.1615229610775267,
abn_disx_partial,0.01,0.3,detector,z3,16257,0.4449735449735449,0.0208333333333333,0.0415810768751945,
abn_disx_partial,0.01,0.3,detector,z4,19295,0.4949807225242399,0.0880829015544041,0.13516909224165,
abn_disx_partial,0.01,0.3,detector,z6,17080,0.4956121668602435,0.2087912087912088,0.2102615694164989,
abn_disx_partial,0.01,0.3,detector,z8,8224,0.4919991881386651,0.0,0.0186350734295939,
abn_disx_partial,0.01,0.3,detector,z57,19004,0.4547712229974319,0.1894736842105263,0.2500797278622302,
abn_disx_partial,0.01,0.3,composite,z_plus,19295,0.4988048887266233,0.0259067357512953,0.1060621924405821,p_z_plus
abn_disx_partial,0.01,0.3,composite,z_plus_renorm,18806,0.473500008953834,0.0677083333333333,0.1238852476630493,p_z_plus_renorm
abn_disx_partial,0.01,0.3,composite,breadth,19295,0.5270728236687365,0.0155440414507772,0.0046068474505287,p_breadth
abn_disx_partial,0.01,0.3,composite,z_mahalanobis_sq,8223,0.4701583733023781,0.0826446280991735,0.1600839298938533,p_z_mahalanobis_sq
abn_disx_partial,0.01,0.3,composite,t_iut,19295,0.5661793545748132,0.0621761658031088,0.063710606219244,p_t_iut
abn_disx_partial,0.01,0.3,composite,z_plus_softmax,18806,0.4765703346047777,0.046875,0.0935317502954765,p_z_plus_softmax
abn_disx_partial,0.01,0.3,composite,z_plus_orth,18806,0.477162406880126,0.078125,0.1099709895777371,p_z_plus_orth
abn_disx_partial,0.05,0.05,detector,z1,17650,0.4589378154567077,0.0844772967265047,0.1455427168772076,
abn_disx_partial,0.05,0.05,detector,z2,19051,0.5737847784247857,0.205181347150259,0.159792104390136,
abn_disx_partial,0.05,0.05,detector,z3,16257,0.447407805874625,0.0332640332640332,0.0418437397842432,
abn_disx_partial,0.05,0.05,detector,z4,19295,0.4926898343269195,0.1005181347150259,0.1364975450081833,
abn_disx_partial,0.05,0.05,detector,z6,17080,0.4967702874508675,0.2106406080347448,0.2102234049136704,
abn_disx_partial,0.05,0.05,detector,z8,8224,0.5250091943141305,0.011744966442953,0.0188778185631882,
abn_disx_partial,0.05,0.05,detector,z57,19004,0.4126281063394883,0.1542497376705141,0.2545011356711539,
abn_disx_partial,0.05,0.05,composite,z_plus,19295,0.4768237183020559,0.0404145077720207,0.1086743044189852,p_z_plus
abn_disx_partial,0.05,0.05,composite,z_plus_renorm,18805,0.4520157663662703,0.0582010582010582,0.1267637178051511,p_z_plus_renorm
abn_disx_partial,0.05,0.05,composite,breadth,19295,0.5208496222111039,0.0031088082901554,0.0047463175122749,p_breadth
abn_disx_partial,0.05,0.05,composite,z_mahalanobis_sq,8223,0.4352670616486994,0.0838926174496644,0.1650714566671037,p_z_mahalanobis_sq
abn_disx_partial,0.05,0.05,composite,t_iut,19295,0.5505854667876495,0.0424870466321243,0.0649208947081287,p_t_iut
abn_disx_partial,0.05,0.05,composite,z_plus_softmax,18805,0.4589518417793893,0.0359788359788359,0.0961926091825308,p_z_plus_softmax
abn_disx_partial,0.05,0.05,composite,z_plus_orth,18805,0.4599849209311695,0.0529100529100529,0.1122620380739081,p_z_plus_orth
abn_disx_partial,0.05,0.1,detector,z1,17650,0.4577034419769549,0.0823653643083421,0.1451236304855415,
abn_disx_partial,0.05,0.1,detector,z2,19051,0.5736335722417762,0.2062176165803108,0.159792104390136,
abn_disx_partial,0.05,0.1,detector,z3,16257,0.4495929328881274,0.0332640332640332,0.0418437397842432,
abn_disx_partial,0.05,0.1,detector,z4,19295,0.4926898343269195,0.1005181347150259,0.1364975450081833,
abn_disx_partial,0.05,0.1,detector,z6,17080,0.4967702874508675,0.2106406080347448,0.2102234049136704,
abn_disx_partial,0.05,0.1,detector,z8,8224,0.5250091943141305,0.011744966442953,0.0188778185631882,
abn_disx_partial,0.05,0.1,detector,z57,19004,0.4126281063394883,0.1542497376705141,0.2545011356711539,
abn_disx_partial,0.05,0.1,composite,z_plus,19295,0.4761871447187289,0.0414507772020725,0.1087288597926895,p_z_plus
abn_disx_partial,0.05,0.1,composite,z_plus_renorm,18805,0.4509142537194049,0.0592592592592592,0.1267077267637178,p_z_plus_renorm
abn_disx_partial,0.05,0.1,composite,breadth,19295,0.5207829685472724,0.0031088082901554,0.0047463175122749,p_breadth
abn_disx_partial,0.05,0.1,composite,z_mahalanobis_sq,8223,0.4336261673690166,0.0855704697986577,0.1648092303658057,p_z_mahalanobis_sq
abn_disx_partial,0.05,0.1,composite,t_iut,19295,0.5505433206414355,0.0414507772020725,0.0647572285870158,p_t_iut
abn_disx_partial,0.05,0.1,composite,z_plus_softmax,18805,0.457528721330513,0.0359788359788359,0.0957446808510638,p_z_plus_softmax
abn_disx_partial,0.05,0.1,composite,z_plus_orth,18805,0.4587138057910734,0.0518518518518518,0.112094064949608,p_z_plus_orth
abn_disx_partial,0.05,0.15,detector,z1,17650,0.4573407163513424,0.0823653643083421,0.1453032389391127,
abn_disx_partial,0.05,0.15,detector,z2,19051,0.5732739776966583,0.2041450777202072,0.1595709388477275,
abn_disx_partial,0.05,0.15,detector,z3,16257,0.4518106143964268,0.0332640332640332,0.0418437397842432,
abn_disx_partial,0.05,0.15,detector,z4,19295,0.4926898343269195,0.1005181347150259,0.1364975450081833,
abn_disx_partial,0.05,0.15,detector,z6,17080,0.4967702874508675,0.2106406080347448,0.2102234049136704,
abn_disx_partial,0.05,0.15,detector,z8,8224,0.5250091943141305,0.011744966442953,0.0188778185631882,
abn_disx_partial,0.05,0.15,detector,z57,19004,0.4126281063394883,0.1542497376705141,0.2545011356711539,
abn_disx_partial,0.05,0.15,composite,z_plus,19295,0.4763003541859236,0.0393782383419689,0.1087288597926895,p_z_plus
abn_disx_partial,0.05,0.15,composite,z_plus_renorm,18804,0.4499212081943478,0.0603174603174603,0.1268268100117587,p_z_plus_renorm
abn_disx_partial,0.05,0.15,composite,breadth,19295,0.5218912058433611,0.0031088082901554,0.0047463175122749,p_breadth
abn_disx_partial,0.05,0.15,composite,z_mahalanobis_sq,8223,0.4328245292465921,0.0855704697986577,0.1646781172151566,p_z_mahalanobis_sq
abn_disx_partial,0.05,0.15,composite,t_iut,19295,0.5501388476661324,0.0414507772020725,0.0648117839607201,p_t_iut
abn_disx_partial,0.05,0.15,composite,z_plus_softmax,18804,0.457208035549488,0.0359788359788359,0.095806036172238,p_z_plus_softmax
abn_disx_partial,0.05,0.15,composite,z_plus_orth,18804,0.4585419412677378,0.0529100529100529,0.1121003415644772,p_z_plus_orth
abn_disx_partial,0.05,0.2,detector,z1,17650,0.4575128964369817,0.0844772967265047,0.1451236304855415,
abn_disx_partial,0.05,0.2,detector,z2,19051,0.573621368029203,0.2062176165803108,0.1597368130045339,
abn_disx_partial,0.05,0.2,detector,z3,16257,0.4541404016232391,0.0332640332640332,0.0418437397842432,
abn_disx_partial,0.05,0.2,detector,z4,19295,0.4926898343269195,0.1005181347150259,0.1364975450081833,
abn_disx_partial,0.05,0.2,detector,z6,17080,0.4967702874508675,0.2106406080347448,0.2102234049136704,
abn_disx_partial,0.05,0.2,detector,z8,8224,0.5250091943141305,0.011744966442953,0.0188778185631882,
abn_disx_partial,0.05,0.2,detector,z57,19004,0.4126281063394883,0.1542497376705141,0.2545011356711539,
abn_disx_partial,0.05,0.2,composite,z_plus,19295,0.4774361801062275,0.0393782383419689,0.1087834151663939,p_z_plus
abn_disx_partial,0.05,0.2,composite,z_plus_renorm,18804,0.4508197517828516,0.0603174603174603,0.1265468391287306,p_z_plus_renorm
abn_disx_partial,0.05,0.2,composite,breadth,19295,0.5229514739844362,0.0031088082901554,0.0047463175122749,p_breadth
abn_disx_partial,0.05,0.2,composite,z_mahalanobis_sq,8223,0.4344641035952282,0.0855704697986577,0.1649403435164547,p_z_mahalanobis_sq
abn_disx_partial,0.05,0.2,composite,t_iut,19295,0.5504211222577444,0.0414507772020725,0.0649208947081287,p_t_iut
abn_disx_partial,0.05,0.2,composite,z_plus_softmax,18804,0.4581336578032922,0.0359788359788359,0.0956380536424211,p_z_plus_softmax
abn_disx_partial,0.05,0.2,composite,z_plus_orth,18804,0.4596023346905256,0.0529100529100529,0.1121003415644772,p_z_plus_orth
abn_disx_partial,0.05,0.3,detector,z1,17650,0.4564128341714534,0.0823653643083421,0.1453631084236364,
abn_disx_partial,0.05,0.3,detector,z2,19051,0.5737750952702088,0.2041450777202072,0.1596262302333296,
abn_disx_partial,0.05,0.3,detector,z3,16257,0.4584446971174659,0.0332640332640332,0.0418437397842432,
abn_disx_partial,0.05,0.3,detector,z4,19295,0.4926898343269195,0.1005181347150259,0.1364975450081833,
abn_disx_partial,0.05,0.3,detector,z6,17080,0.4967702874508675,0.2106406080347448,0.2102234049136704,
abn_disx_partial,0.05,0.3,detector,z8,8224,0.5250091943141305,0.011744966442953,0.0188778185631882,
abn_disx_partial,0.05,0.3,detector,z57,19004,0.4126281063394883,0.1542497376705141,0.2545011356711539,
abn_disx_partial,0.05,0.3,composite,z_plus,19295,0.4768379366196585,0.0383419689119171,0.1088925259138025,p_z_plus
abn_disx_partial,0.05,0.3,composite,z_plus_renorm,18806,0.4498324411857316,0.0591966173361522,0.1271556550951847,p_z_plus_renorm
abn_disx_partial,0.05,0.3,composite,breadth,19295,0.5226525783774159,0.0031088082901554,0.0047463175122749,p_breadth
abn_disx_partial,0.05,0.3,composite,z_mahalanobis_sq,8223,0.4316638698794375,0.0838926174496644,0.1649403435164547,p_z_mahalanobis_sq
abn_disx_partial,0.05,0.3,composite,t_iut,19295,0.5517339280717077,0.0424870466321243,0.0646481178396072,p_t_iut
abn_disx_partial,0.05,0.3,composite,z_plus_softmax,18806,0.4568982620286039,0.0348837209302325,0.0959686450167973,p_z_plus_softmax
abn_disx_partial,0.05,0.3,composite,z_plus_orth,18806,0.4583779999005656,0.0507399577167019,0.1123180291153415,p_z_plus_orth
abn_disx_partial,0.1,0.05,detector,z1,17650,0.4455256318994379,0.0796178343949044,0.14930863884308,
abn_disx_partial,0.1,0.05,detector,z2,19051,0.5806104704915002,0.2124352331606217,0.1565913206004322,
abn_disx_partial,0.1,0.05,detector,z3,16257,0.4435572365699598,0.0380010411244143,0.0417829241071428,
abn_disx_partial,0.1,0.05,detector,z4,19295,0.4930327217066071,0.094300518134715,0.1391880218830981,
abn_disx_partial,0.1,0.05,detector,z6,17080,0.5008207808036478,0.2145969498910675,0.2097218577801102,
abn_disx_partial,0.1,0.05,detector,z8,8224,0.5168954763896745,0.0147569444444444,0.0189479638009049,
abn_disx_partial,0.1,0.05,detector,z57,19004,0.4209555696749637,0.1623886851754845,0.2591985960807254,
abn_disx_partial,0.1,0.05,composite,z_plus,19295,0.4807673257356155,0.0481865284974093,0.1114310394471638,p_z_plus
abn_disx_partial,0.1,0.05,composite,z_plus_renorm,18803,0.4560432286049749,0.0633579725448785,0.1300490862854101,p_z_plus_renorm
abn_disx_partial,0.1,0.05,composite,breadth,19295,0.5204169097210307,0.0036269430051813,0.0047797293406277,p_breadth
abn_disx_partial,0.1,0.05,composite,z_mahalanobis_sq,8223,0.4443527406543157,0.0850694444444444,0.1712629048225145,p_z_mahalanobis_sq
abn_disx_partial,0.1,0.05,composite,t_iut,19295,0.5495628154422944,0.044041450777202,0.0659948171609559,p_t_iut
abn_disx_partial,0.1,0.05,composite,z_plus_softmax,18803,0.4611712906587427,0.0401267159450897,0.0990005322609261,p_z_plus_softmax
abn_disx_partial,0.1,0.05,composite,z_plus_orth,18803,0.4624970406529817,0.0596620908130939,0.1147909397362351,p_z_plus_orth
abn_disx_partial,0.1,0.1,detector,z1,17650,0.4455106671536185,0.078556263269639,0.1488646454395534,
abn_disx_partial,0.1,0.1,detector,z2,19051,0.5802313493745976,0.2103626943005181,0.1565913206004322,
abn_disx_partial,0.1,0.1,detector,z3,16257,0.4455092359122853,0.0380010411244143,0.0417829241071428,
abn_disx_partial,0.1,0.1,detector,z4,19295,0.4930327217066071,0.094300518134715,0.1391880218830981,
abn_disx_partial,0.1,0.1,detector,z6,17080,0.5008207808036478,0.2145969498910675,0.2097218577801102,
abn_disx_partial,0.1,0.1,detector,z8,8224,0.5168954763896745,0.0147569444444444,0.0189479638009049,
abn_disx_partial,0.1,0.1,detector,z57,19004,0.4209555696749637,0.1623886851754845,0.2591985960807254,
abn_disx_partial,0.1,0.1,composite,z_plus,19295,0.480452819604678,0.0487046632124352,0.1116038007486323,p_z_plus
abn_disx_partial,0.1,0.1,composite,z_plus_renorm,18804,0.4547345503276243,0.0638859556494192,0.1298639858072146,p_z_plus_renorm
abn_disx_partial,0.1,0.1,composite,breadth,19295,0.5212785231444944,0.0036269430051813,0.0048373164411171,p_breadth
abn_disx_partial,0.1,0.1,composite,z_mahalanobis_sq,8223,0.442948825602225,0.0850694444444444,0.1708386366850516,p_z_mahalanobis_sq
abn_disx_partial,0.1,0.1,composite,t_iut,19295,0.5496688443343095,0.044041450777202,0.0658220558594874,p_t_iut
abn_disx_partial,0.1,0.1,composite,z_plus_softmax,18804,0.4601953350148029,0.0401267159450897,0.0982259018332347,p_z_plus_softmax
abn_disx_partial,0.1,0.1,composite,z_plus_orth,18804,0.4616272901384246,0.0586061246040126,0.1142519219396806,p_z_plus_orth
abn_disx_partial,0.1,0.15,detector,z1,17650,0.4457220757506344,0.078556263269639,0.1489280730686287,
abn_disx_partial,0.1,0.15,detector,z2,19051,0.5801427389870271,0.2098445595854922,0.1564745049938671,
abn_disx_partial,0.1,0.15,detector,z3,16257,0.4475995822139696,0.0380010411244143,0.0417829241071428,
abn_disx_partial,0.1,0.15,detector,z4,19295,0.4930327217066071,0.094300518134715,0.1391880218830981,
abn_disx_partial,0.1,0.15,detector,z6,17080,0.5008207808036478,0.2145969498910675,0.2097218577801102,
abn_disx_partial,0.1,0.15,detector,z8,8224,0.5168954763896745,0.0147569444444444,0.0189479638009049,
abn_disx_partial,0.1,0.15,detector,z57,19004,0.4209555696749637,0.1623886851754845,0.2591985960807254,
abn_disx_partial,0.1,0.15,composite,z_plus,19295,0.4807957164745355,0.0481865284974093,0.1114310394471638,p_z_plus
abn_disx_partial,0.1,0.15,composite,z_plus_renorm,18802,0.4540499676697647,0.0649762282091917,0.1297533857708912,p_z_plus_renorm
abn_disx_partial,0.1,0.15,composite,breadth,19295,0.5229809380729805,0.0036269430051813,0.0048373164411171,p_breadth
abn_disx_partial,0.1,0.15,composite,z_mahalanobis_sq,8223,0.4422888529439495,0.0859375,0.1709800593975392,p_z_mahalanobis_sq
abn_disx_partial,0.1,0.15,composite,t_iut,19295,0.5498384577398704,0.0445595854922279,0.0659948171609559,p_t_iut
abn_disx_partial,0.1,0.15,composite,z_plus_softmax,18802,0.460072463965073,0.0396196513470681,0.0984091312318883,p_z_plus_softmax
abn_disx_partial,0.1,0.15,composite,z_plus_orth,18802,0.4615933299711264,0.0586370839936608,0.1143178189130049,p_z_plus_orth
abn_disx_partial,0.1,0.2,detector,z1,17650,0.4464611052621231,0.0801486199575371,0.1490549283267791,
abn_disx_partial,0.1,0.2,detector,z2,19051,0.5802935703298043,0.210880829015544,0.1567081362069972,
abn_disx_partial,0.1,0.2,detector,z3,16257,0.4497633504452666,0.0380010411244143,0.0417829241071428,
abn_disx_partial,0.1,0.2,detector,z4,19295,0.4930327217066071,0.094300518134715,0.1391880218830981,
abn_disx_partial,0.1,0.2,detector,z6,17080,0.5008207808036478,0.2145969498910675,0.2097218577801102,
abn_disx_partial,0.1,0.2,detector,z8,8224,0.5168954763896745,0.0147569444444444,0.0189479638009049,
abn_disx_partial,0.1,0.2,detector,z57,19004,0.4209555696749637,0.1623886851754845,0.2591985960807254,
abn_disx_partial,0.1,0.2,composite,z_plus,19295,0.4815058430020483,0.0481865284974093,0.1116613878491218,p_z_plus
abn_disx_partial,0.1,0.2,composite,z_plus_renorm,18804,0.4541153176297648,0.0649419218585005,0.1294500295683028,p_z_plus_renorm
abn_disx_partial,0.1,0.2,composite,breadth,19295,0.5243487510611095,0.0036269430051813,0.0048373164411171,p_breadth
abn_disx_partial,0.1,0.2,composite,z_mahalanobis_sq,8223,0.443501871886736,0.0859375,0.1714043275350021,p_z_mahalanobis_sq
abn_disx_partial,0.1,0.2,composite,t_iut,19295,0.5499980456191285,0.044041450777202,0.0659948171609559,p_t_iut
abn_disx_partial,0.1,0.2,composite,z_plus_softmax,18804,0.460291642754954,0.0395987328405491,0.0983441750443524,p_z_plus_softmax
abn_disx_partial,0.1,0.2,composite,z_plus_orth,18804,0.4618581851743843,0.0586061246040126,0.1145476049674748,p_z_plus_orth
abn_disx_partial,0.1,0.3,detector,z1,17650,0.445487235290648,0.078556263269639,0.14930863884308,
abn_disx_partial,0.1,0.3,detector,z2,19051,0.5803715281024757,0.2098445595854922,0.1565913206004322,
abn_disx_partial,0.1,0.3,detector,z3,16257,0.4540410311663382,0.0380010411244143,0.0417829241071428,
abn_disx_partial,0.1,0.3,detector,z4,19295,0.4930327217066071,0.094300518134715,0.1391880218830981,
abn_disx_partial,0.1,0.3,detector,z6,17080,0.5008207808036478,0.2145969498910675,0.2097218577801102,
abn_disx_partial,0.1,0.3,detector,z8,8224,0.5168954763896745,0.0147569444444444,0.0189479638009049,
abn_disx_partial,0.1,0.3,detector,z57,19004,0.4209555696749637,0.1623886851754845,0.2591985960807254,
abn_disx_partial,0.1,0.3,composite,z_plus,19295,0.4813068989644765,0.0471502590673575,0.1118917362510797,p_z_plus
abn_disx_partial,0.1,0.3,composite,z_plus_renorm,18804,0.4533185580390877,0.0627637130801687,0.1297019162526614,p_z_plus_renorm
abn_disx_partial,0.1,0.3,composite,breadth,19295,0.5235184375694663,0.0036269430051813,0.0047797293406277,p_breadth
abn_disx_partial,0.1,0.3,composite,z_mahalanobis_sq,8223,0.4420364526862458,0.0859375,0.1714043275350021,p_z_mahalanobis_sq
abn_disx_partial,0.1,0.3,composite,t_iut,19295,0.550928315995041,0.0445595854922279,0.0659948171609559,p_t_iut
abn_disx_partial,0.1,0.3,composite,z_plus_softmax,18804,0.459501294670887,0.0395569620253164,0.098355807901585,p_z_plus_softmax
abn_disx_partial,0.1,0.3,composite,z_plus_orth,18804,0.4610310738481471,0.0590717299578059,0.1148568724863969,p_z_plus_orth
abn_prod_full,0.01,0.05,detector,z1,17650,0.4351269298866801,0.0687830687830687,0.1430044098276158,
abn_prod_full,0.01,0.05,detector,z2,19051,0.5956531032928576,0.2083333333333333,0.1619916220372236,
abn_prod_full,0.01,0.05,detector,z3,16257,0.4694095625179642,0.031413612565445,0.0414540022407568,
abn_prod_full,0.01,0.05,detector,z4,19295,0.4658121161161423,0.0677083333333333,0.135371407632309,
abn_prod_full,0.01,0.05,detector,z6,17080,0.5137432312454508,0.2216216216216216,0.210121337673868,
abn_prod_full,0.01,0.05,detector,z8,8224,0.4878588467472551,0.0151515151515151,0.0184132476520019,
abn_prod_full,0.01,0.05,detector,z57,19004,0.4166213010468128,0.1263157894736842,0.2507175507600723,
abn_prod_full,0.01,0.05,composite,z_plus,19295,0.4834950389554869,0.0416666666666666,0.1058995969219494,p_z_plus
abn_prod_full,0.01,0.05,composite,z_plus_renorm,18806,0.4489201273036887,0.0481283422459893,0.1241742306246307,p_z_plus_renorm
abn_prod_full,0.01,0.05,composite,breadth,19295,0.5350948367621142,0.0,0.0048159974873056,p_breadth
abn_prod_full,0.01,0.05,composite,z_mahalanobis_sq,8223,0.4591043920854822,0.053030303030303,0.160795946112965,p_z_mahalanobis_sq
abn_prod_full,0.01,0.05,composite,t_iut,19295,0.5511699733026226,0.0520833333333333,0.063864314505575,p_t_iut
abn_prod_full,0.01,0.05,composite,z_plus_softmax,18806,0.453586454869142,0.0213903743315508,0.0938825930501101,p_z_plus_softmax
abn_prod_full,0.01,0.05,composite,z_plus_orth,18806,0.4531852202037307,0.0481283422459893,0.1103711262688651,p_z_plus_orth
abn_prod_full,0.01,0.1,detector,z1,17650,0.4333107887600757,0.0687830687830687,0.1431762212931676,
abn_prod_full,0.01,0.1,detector,z2,19051,0.5963084601516517,0.2083333333333333,0.1619916220372236,
abn_prod_full,0.01,0.1,detector,z3,16257,0.4694095625179642,0.031413612565445,0.0414540022407568,
abn_prod_full,0.01,0.1,detector,z4,19295,0.4658121161161423,0.0677083333333333,0.135371407632309,
abn_prod_full,0.01,0.1,detector,z6,17080,0.5137432312454508,0.2216216216216216,0.210121337673868,
abn_prod_full,0.01,0.1,detector,z8,8224,0.4878588467472551,0.0151515151515151,0.0184132476520019,
abn_prod_full,0.01,0.1,detector,z57,19004,0.4166213010468128,0.1263157894736842,0.2507175507600723,
abn_prod_full,0.01,0.1,composite,z_plus,19295,0.483656308345984,0.0416666666666666,0.1058995969219494,p_z_plus
abn_prod_full,0.01,0.1,composite,z_plus_renorm,18805,0.4494845135780853,0.053475935828877,0.1241271887420775,p_z_plus_renorm
abn_prod_full,0.01,0.1,composite,breadth,19295,0.5351499110087422,0.0,0.0048159974873056,p_breadth
abn_prod_full,0.01,0.1,composite,z_mahalanobis_sq,8223,0.4593506440002547,0.053030303030303,0.160795946112965,p_z_mahalanobis_sq
abn_prod_full,0.01,0.1,composite,t_iut,19295,0.5512719424523199,0.0520833333333333,0.063864314505575,p_t_iut
abn_prod_full,0.01,0.1,composite,z_plus_softmax,18805,0.4537504100166419,0.0213903743315508,0.0939413470834676,p_z_plus_softmax
abn_prod_full,0.01,0.1,composite,z_plus_orth,18805,0.4533908017254304,0.0427807486631016,0.1103233430013965,p_z_plus_orth
abn_prod_full,0.01,0.15,detector,z1,17650,0.4300993991447001,0.0687830687830687,0.1428898688505813,
abn_prod_full,0.01,0.15,detector,z2,19051,0.5970328600844865,0.2083333333333333,0.1616204464711808,
abn_prod_full,0.01,0.15,detector,z3,16257,0.4694095625179642,0.031413612565445,0.0414540022407568,
abn_prod_full,0.01,0.15,detector,z4,19295,0.4658121161161423,0.0677083333333333,0.135371407632309,
abn_prod_full,0.01,0.15,detector,z6,17080,0.5137432312454508,0.2216216216216216,0.210121337673868,
abn_prod_full,0.01,0.15,detector,z8,8224,0.4878588467472551,0.0151515151515151,0.0184132476520019,
abn_prod_full,0.01,0.15,detector,z57,19004,0.4166213010468128,0.1263157894736842,0.2507175507600723,
abn_prod_full,0.01,0.15,composite,z_plus,19295,0.4837397376502818,0.0416666666666666,0.1057425535256242,p_z_plus
abn_prod_full,0.01,0.15,composite,z_plus_renorm,18804,0.4487543585458521,0.053475935828877,0.1242949991942848,p_z_plus_renorm
abn_prod_full,0.01,0.15,composite,breadth,19295,0.5348092413495262,0.0,0.0048159974873056,p_breadth
abn_prod_full,0.01,0.15,composite,z_mahalanobis_sq,8223,0.4594592570120935,0.053030303030303,0.160672351996045,p_z_mahalanobis_sq
abn_prod_full,0.01,0.15,composite,t_iut,19295,0.550273380926207,0.0520833333333333,0.063864314505575,p_t_iut
abn_prod_full,0.01,0.15,composite,z_plus_softmax,18804,0.4535605000202506,0.0213903743315508,0.0937852500402857,p_z_plus_softmax
abn_prod_full,0.01,0.15,composite,z_plus_orth,18804,0.4532077662328634,0.0481283422459893,0.1103292689477359,p_z_plus_orth
abn_prod_full,0.01,0.2,detector,z1,17650,0.4294113957363484,0.0687830687830687,0.1429471393390985,
abn_prod_full,0.01,0.2,detector,z2,19051,0.5977917815543419,0.2083333333333333,0.1615674213903176,
abn_prod_full,0.01,0.2,detector,z3,16257,0.4694095625179642,0.031413612565445,0.0414540022407568,
abn_prod_full,0.01,0.2,detector,z4,19295,0.4658121161161423,0.0677083333333333,0.135371407632309,
abn_prod_full,0.01,0.2,detector,z6,17080,0.5137432312454508,0.2216216216216216,0.210121337673868,
abn_prod_full,0.01,0.2,detector,z8,8224,0.4878588467472551,0.0151515151515151,0.0184132476520019,
abn_prod_full,0.01,0.2,detector,z57,19004,0.4166213010468128,0.1263157894736842,0.2507175507600723,
abn_prod_full,0.01,0.2,composite,z_plus,19295,0.4839316795791237,0.0416666666666666,0.1057425535256242,p_z_plus
abn_prod_full,0.01,0.2,composite,z_plus_renorm,18803,0.4491807691158661,0.0588235294117647,0.1244091104426299,p_z_plus_renorm
abn_prod_full,0.01,0.2,composite,breadth,19295,0.5336774928458008,0.0,0.0048159974873056,p_breadth
abn_prod_full,0.01,0.2,composite,z_mahalanobis_sq,8223,0.4593365992142411,0.053030303030303,0.160672351996045,p_z_mahalanobis_sq
abn_prod_full,0.01,0.2,composite,t_iut,19295,0.5506137779406376,0.0520833333333333,0.063864314505575,p_t_iut
abn_prod_full,0.01,0.2,composite,z_plus_softmax,18803,0.453796716756789,0.0213903743315508,0.0937902879243661,p_z_plus_softmax
abn_prod_full,0.01,0.2,composite,z_plus_orth,18803,0.4535594417084722,0.053475935828877,0.1101740438332617,p_z_plus_orth
abn_prod_full,0.01,0.3,detector,z1,17650,0.4286546071380845,0.0634920634920634,0.1427753278735467,
abn_prod_full,0.01,0.3,detector,z2,19051,0.5990781921098679,0.2135416666666666,0.1616204464711808,
abn_prod_full,0.01,0.3,detector,z3,16257,0.4694095625179642,0.031413612565445,0.0414540022407568,
abn_prod_full,0.01,0.3,detector,z4,19295,0.4658121161161423,0.0677083333333333,0.135371407632309,
abn_prod_full,0.01,0.3,detector,z6,17080,0.5137432312454508,0.2216216216216216,0.210121337673868,
abn_prod_full,0.01,0.3,detector,z8,8224,0.4878588467472551,0.0151515151515151,0.0184132476520019,
abn_prod_full,0.01,0.3,detector,z57,19004,0.4166213010468128,0.1263157894736842,0.2507175507600723,
abn_prod_full,0.01,0.3,composite,z_plus,19295,0.4834353297475091,0.0364583333333333,0.1058472491231743,p_z_plus
abn_prod_full,0.01,0.3,composite,z_plus_renorm,18805,0.4461529667971252,0.053475935828877,0.1241271887420775,p_z_plus_renorm
abn_prod_full,0.01,0.3,composite,breadth,19295,0.5369874005391824,0.0,0.0048159974873056,p_breadth
abn_prod_full,0.01,0.3,composite,z_mahalanobis_sq,8223,0.4565070429920262,0.053030303030303,0.160672351996045,p_z_mahalanobis_sq
abn_prod_full,0.01,0.3,composite,t_iut,19295,0.5509419059397302,0.0520833333333333,0.063864314505575,p_t_iut
abn_prod_full,0.01,0.3,composite,z_plus_softmax,18805,0.4534565767243821,0.0213903743315508,0.0936727897733376,p_z_plus_softmax
abn_prod_full,0.01,0.3,composite,z_plus_orth,18805,0.4532739003080798,0.0427807486631016,0.1100547856912665,p_z_plus_orth
abn_prod_full,0.05,0.05,detector,z1,17650,0.4567372105685947,0.0872765509989484,0.1454578118450206,
abn_prod_full,0.05,0.05,detector,z2,19051,0.5652719814640798,0.2072916666666666,0.160134873694102,
abn_prod_full,0.05,0.05,detector,z3,16257,0.4568497701768444,0.0198952879581151,0.0426741602404914,
abn_prod_full,0.05,0.05,detector,z4,19295,0.4758775622670666,0.0947916666666666,0.1367875647668393,
abn_prod_full,0.05,0.05,detector,z6,17080,0.5185784814894532,0.2108695652173913,0.2102103960396039,
abn_prod_full,0.05,0.05,detector,z8,8224,0.4877410152151102,0.0183333333333333,0.0183630640083945,
abn_prod_full,0.05,0.05,detector,z57,19004,0.410769346941274,0.1448058761804826,0.2549997230070356,
abn_prod_full,0.05,0.05,composite,z_plus,19295,0.4756900793109717,0.0510416666666666,0.1080992637032997,p_z_plus
abn_prod_full,0.05,0.05,composite,z_plus_renorm,18805,0.4493090541090745,0.0572640509013785,0.1266375545851528,p_z_plus_renorm
abn_prod_full,0.05,0.05,composite,breadth,19295,0.5213432869739115,0.0041666666666666,0.0047995636760294,p_breadth
abn_prod_full,0.05,0.05,composite,z_mahalanobis_sq,8223,0.4560940574576938,0.0866666666666666,0.164764528400892,p_z_mahalanobis_sq
abn_prod_full,0.05,0.05,composite,t_iut,19295,0.5433028247432051,0.0364583333333333,0.0654485955822198,p_t_iut
abn_prod_full,0.05,0.05,composite,z_plus_softmax,18805,0.4555998011382897,0.0434782608695652,0.0956219908184973,p_z_plus_softmax
abn_prod_full,0.05,0.05,composite,z_plus_orth,18805,0.4560100691848296,0.0551431601272534,0.1124174224610905,p_z_plus_orth
abn_prod_full,0.05,0.1,detector,z1,17650,0.4540689799958428,0.0841219768664563,0.1461764177495658,
abn_prod_full,0.05,0.1,detector,z2,19051,0.5659189997788956,0.2072916666666666,0.1603007020065225,
abn_prod_full,0.05,0.1,detector,z3,16257,0.4568497701768444,0.0198952879581151,0.0426741602404914,
abn_prod_full,0.05,0.1,detector,z4,19295,0.4758775622670666,0.0947916666666666,0.1367875647668393,
abn_prod_full,0.05,0.1,detector,z6,17080,0.5185784814894532,0.2108695652173913,0.2102103960396039,
abn_prod_full,0.05,0.1,detector,z8,8224,0.4877410152151102,0.0183333333333333,0.0183630640083945,
abn_prod_full,0.05,0.1,detector,z57,19004,0.410769346941274,0.1448058761804826,0.2549997230070356,
abn_prod_full,0.05,0.1,composite,z_plus,19295,0.474410167257522,0.0510416666666666,0.1083719661848922,p_z_plus
abn_prod_full,0.05,0.1,composite,z_plus_renorm,18805,0.448053229623486,0.0573248407643312,0.1267984101214801,p_z_plus_renorm
abn_prod_full,0.05,0.1,composite,breadth,19295,0.5210212423870557,0.0041666666666666,0.0047995636760294,p_breadth
abn_prod_full,0.05,0.1,composite,z_mahalanobis_sq,8223,0.4541903887358433,0.0866666666666666,0.1650268922996195,p_z_mahalanobis_sq
abn_prod_full,0.05,0.1,composite,t_iut,19295,0.542847780883556,0.0364583333333333,0.0654485955822198,p_t_iut
abn_prod_full,0.05,0.1,composite,z_plus_softmax,18805,0.4546205235340982,0.0435244161358811,0.0958405642949112,p_z_plus_softmax
abn_prod_full,0.05,0.1,composite,z_plus_orth,18805,0.4549827996120033,0.0552016985138004,0.1126350557017298,p_z_plus_orth
abn_prod_full,0.05,0.15,detector,z1,17650,0.4544565876584284,0.0841219768664563,0.1453979280196418,
abn_prod_full,0.05,0.15,detector,z2,19051,0.5667004657011774,0.2072916666666666,0.1600243214858216,
abn_prod_full,0.05,0.15,detector,z3,16257,0.4568497701768444,0.0198952879581151,0.0426741602404914,
abn_prod_full,0.05,0.15,detector,z4,19295,0.4758775622670666,0.0947916666666666,0.1367875647668393,
abn_prod_full,0.05,0.15,detector,z6,17080,0.5185784814894532,0.2108695652173913,0.2102103960396039,
abn_prod_full,0.05,0.15,detector,z8,8224,0.4877410152151102,0.0183333333333333,0.0183630640083945,
abn_prod_full,0.05,0.15,detector,z57,19004,0.410769346941274,0.1448058761804826,0.2549997230070356,
abn_prod_full,0.05,0.15,composite,z_plus,19295,0.4749115989455504,0.05,0.1082083446959367,p_z_plus
abn_prod_full,0.05,0.15,composite,z_plus_renorm,18804,0.4484253955960072,0.0562632696390658,0.1265815698130108,p_z_plus_renorm
abn_prod_full,0.05,0.15,composite,breadth,19295,0.5214958299245523,0.0041666666666666,0.0047995636760294,p_breadth
abn_prod_full,0.05,0.15,composite,z_mahalanobis_sq,8223,0.4560665092483273,0.085,0.1648957103502558,p_z_mahalanobis_sq
abn_prod_full,0.05,0.15,composite,t_iut,19295,0.5436746943459686,0.0364583333333333,0.0654485955822198,p_t_iut
abn_prod_full,0.05,0.15,composite,z_plus_softmax,18804,0.4557520609171375,0.0435244161358811,0.0954540365020714,p_z_plus_softmax
abn_prod_full,0.05,0.15,composite,z_plus_orth,18804,0.4559965634145814,0.054140127388535,0.1123054529168066,p_z_plus_orth
abn_prod_full,0.05,0.2,detector,z1,17650,0.4525767644838414,0.0809674027339642,0.1451583927181268,
abn_prod_full,0.05,0.2,detector,z2,19051,0.5674491402262635,0.2072916666666666,0.1598032170692609,
abn_prod_full,0.05,0.2,detector,z3,16257,0.4568497701768444,0.0198952879581151,0.0426741602404914,
abn_prod_full,0.05,0.2,detector,z4,19295,0.4758775622670666,0.0947916666666666,0.1367875647668393,
abn_prod_full,0.05,0.2,detector,z6,17080,0.5185784814894532,0.2108695652173913,0.2102103960396039,
abn_prod_full,0.05,0.2,detector,z8,8224,0.4877410152151102,0.0183333333333333,0.0183630640083945,
abn_prod_full,0.05,0.2,detector,z57,19004,0.410769346941274,0.1448058761804826,0.2549997230070356,
abn_prod_full,0.05,0.2,composite,z_plus,19295,0.4746553438323788,0.05,0.1080447232069811,p_z_plus
abn_prod_full,0.05,0.2,composite,z_plus_renorm,18803,0.4473420662580619,0.0552016985138004,0.1269245842897934,p_z_plus_renorm
abn_prod_full,0.05,0.2,composite,breadth,19295,0.5223058983274248,0.0041666666666666,0.0047995636760294,p_breadth
abn_prod_full,0.05,0.2,composite,z_mahalanobis_sq,8223,0.4556900170536534,0.085,0.164764528400892,p_z_mahalanobis_sq
abn_prod_full,0.05,0.2,composite,t_iut,19295,0.5440179585946733,0.0364583333333333,0.0654485955822198,p_t_iut
abn_prod_full,0.05,0.2,composite,z_plus_softmax,18803,0.455548009273309,0.0435244161358811,0.0954593807737528,p_z_plus_softmax
abn_prod_full,0.05,0.2,composite,z_plus_orth,18803,0.4558916335642626,0.0530785562632696,0.1122557527574044,p_z_plus_orth
abn_prod_full,0.05,0.3,detector,z1,17650,0.4543203850145859,0.0809674027339642,0.1445595544643391,
abn_prod_full,0.05,0.3,detector,z2,19051,0.5687038214213329,0.2104166666666666,0.1598584931734011,
abn_prod_full,0.05,0.3,detector,z3,16257,0.4568497701768444,0.0198952879581151,0.0426741602404914,
abn_prod_full,0.05,0.3,detector,z4,19295,0.4758775622670666,0.0947916666666666,0.1367875647668393,
abn_prod_full,0.05,0.3,detector,z6,17080,0.5185784814894532,0.2108695652173913,0.2102103960396039,
abn_prod_full,0.05,0.3,detector,z8,8224,0.4877410152151102,0.0183333333333333,0.0183630640083945,
abn_prod_full,0.05,0.3,detector,z57,19004,0.410769346941274,0.1448058761804826,0.2549997230070356,
abn_prod_full,0.05,0.3,composite,z_plus,19295,0.4752161451231705,0.0510416666666666,0.1079356422143441,p_z_plus
abn_prod_full,0.05,0.3,composite,z_plus_renorm,18800,0.4470813285064074,0.056203605514316,0.1268410147281178,p_z_plus_renorm
abn_prod_full,0.05,0.3,composite,breadth,19295,0.5235213276065813,0.0041666666666666,0.0047995636760294,p_breadth
abn_prod_full,0.05,0.3,composite,z_mahalanobis_sq,8223,0.4557492675674494,0.0866666666666666,0.1641086186540732,p_z_mahalanobis_sq
abn_prod_full,0.05,0.3,composite,t_iut,19295,0.5451192221161711,0.0364583333333333,0.0652849740932642,p_t_iut
abn_prod_full,0.05,0.3,composite,z_plus_softmax,18800,0.4548230192840482,0.0424178154825026,0.0953687629501036,p_z_plus_softmax
abn_prod_full,0.05,0.3,composite,z_plus_orth,18800,0.4552836125764297,0.0530222693531283,0.1123928991431931,p_z_plus_orth
abn_prod_full,0.1,0.05,detector,z1,17650,0.4445890855723945,0.0894266175697001,0.149406311511842,
abn_prod_full,0.1,0.05,detector,z2,19051,0.5721736885031683,0.198024948024948,0.1587551818765691,
abn_prod_full,0.1,0.05,detector,z3,16257,0.4432012934312958,0.018798955613577,0.0443452795983823,
abn_prod_full,0.1,0.05,detector,z4,19295,0.4846237504115576,0.0997920997920998,0.1385642737896494,
abn_prod_full,0.1,0.05,detector,z6,17080,0.5128717857713261,0.2102702702702702,0.2102429415627051,
abn_prod_full,0.1,0.05,detector,z8,8224,0.5031189176526124,0.0213991769547325,0.0178342131545156,
abn_prod_full,0.1,0.05,detector,z57,19004,0.409659891191411,0.1539674198633736,0.260101748435764,
abn_prod_full,0.1,0.05,composite,z_plus,19295,0.4760571422176972,0.0561330561330561,0.1107593114961717,p_z_plus
abn_prod_full,0.1,0.05,composite,z_plus_renorm,18806,0.4499294372151521,0.0644820295983086,0.1299515194513421,p_z_plus_renorm
abn_prod_full,0.1,0.05,composite,breadth,19295,0.5177836899528224,0.0041580041580041,0.0048932128259743,p_breadth
abn_prod_full,0.1,0.05,composite,z_mahalanobis_sq,8223,0.4489275043689046,0.0847736625514403,0.1718036529680365,p_z_mahalanobis_sq
abn_prod_full,0.1,0.05,composite,t_iut,19295,0.5461339549474948,0.0405405405405405,0.0669506649012722,p_t_iut
abn_prod_full,0.1,0.05,composite,z_plus_softmax,18806,0.4533102073891525,0.0443974630021141,0.0987938985455835,p_z_plus_softmax
abn_prod_full,0.1,0.05,composite,z_plus_orth,18806,0.4537412837883275,0.0602536997885835,0.115170864372709,p_z_plus_orth
abn_prod_full,0.1,0.1,detector,z1,17650,0.4427531098473425,0.0894266175697001,0.1498507841767731,
abn_prod_full,0.1,0.1,detector,z2,19051,0.5728401508748329,0.1985446985446985,0.1588719565598178,
abn_prod_full,0.1,0.1,detector,z3,16257,0.4432012934312958,0.018798955613577,0.0443452795983823,
abn_prod_full,0.1,0.1,detector,z4,19295,0.4846237504115576,0.0997920997920998,0.1385642737896494,
abn_prod_full,0.1,0.1,detector,z6,17080,0.5128717857713261,0.2102702702702702,0.2102429415627051,
abn_prod_full,0.1,0.1,detector,z8,8224,0.5031189176526124,0.0213991769547325,0.0178342131545156,
abn_prod_full,0.1,0.1,detector,z57,19004,0.409659891191411,0.1539674198633736,0.260101748435764,
abn_prod_full,0.1,0.1,composite,z_plus,19295,0.4760570225353485,0.0550935550935551,0.1111622819641932,p_z_plus
abn_prod_full,0.1,0.1,composite,z_plus_renorm,18803,0.4494704163074904,0.064516129032258,0.1299668874172185,p_z_plus_renorm
abn_prod_full,0.1,0.1,composite,breadth,19295,0.5182571832448064,0.0041580041580041,0.005008347245409,p_breadth
abn_prod_full,0.1,0.1,composite,z_mahalanobis_sq,8223,0.4485022408253001,0.0839506172839506,0.1722317351598173,p_z_mahalanobis_sq
abn_prod_full,0.1,0.1,composite,t_iut,19295,0.5461184112024593,0.0405405405405405,0.0668930976915549,p_t_iut
abn_prod_full,0.1,0.1,composite,z_plus_softmax,18803,0.4535072709098067,0.0438921205711263,0.0987464522232734,p_z_plus_softmax
abn_prod_full,0.1,0.1,composite,z_plus_orth,18803,0.4538986332710789,0.0597567424643046,0.1154210028382213,p_z_plus_orth
abn_prod_full,0.1,0.15,detector,z1,17650,0.4419540811338471,0.0867964229352972,0.149025334941901,
abn_prod_full,0.1,0.15,detector,z2,19051,0.5736716394230845,0.2006237006237006,0.1586967945349448,
abn_prod_full,0.1,0.15,detector,z3,16257,0.4432012934312958,0.018798955613577,0.0443452795983823,
abn_prod_full,0.1,0.15,detector,z4,19295,0.4846237504115576,0.0997920997920998,0.1385642737896494,
abn_prod_full,0.1,0.15,detector,z6,17080,0.5128717857713261,0.2102702702702702,0.2102429415627051,
abn_prod_full,0.1,0.15,detector,z8,8224,0.5031189176526124,0.0213991769547325,0.0178342131545156,
abn_prod_full,0.1,0.15,detector,z57,19004,0.409659891191411,0.1539674198633736,0.260101748435764,
abn_prod_full,0.1,0.15,composite,z_plus,19295,0.4757169900224416,0.054054054054054,0.1112198491739105,p_z_plus
abn_prod_full,0.1,0.15,composite,z_plus_renorm,18803,0.4491301963531749,0.0628964059196617,0.1299154396546626,p_z_plus_renorm
abn_prod_full,0.1,0.15,composite,breadth,19295,0.5180711968749503,0.0041580041580041,0.0048932128259743,p_breadth
abn_prod_full,0.1,0.15,composite,z_mahalanobis_sq,8223,0.4495000422797227,0.0831275720164609,0.1725171232876712,p_z_mahalanobis_sq
abn_prod_full,0.1,0.15,composite,t_iut,19295,0.5465098772047134,0.0405405405405405,0.0669506649012722,p_t_iut
abn_prod_full,0.1,0.15,composite,z_plus_softmax,18803,0.4532794684471108,0.0433403805496828,0.098042694104429,p_z_plus_softmax
abn_prod_full,0.1,0.15,composite,z_plus_orth,18803,0.4537387032946893,0.0591966173361522,0.1149547631718999,p_z_plus_orth
abn_prod_full,0.1,0.2,detector,z1,17650,0.4399799404446043,0.0846922672277748,0.1483903739919995,
abn_prod_full,0.1,0.2,detector,z2,19051,0.5744891532463787,0.2016632016632016,0.1585216325100718,
abn_prod_full,0.1,0.2,detector,z3,16257,0.4432012934312958,0.018798955613577,0.0443452795983823,
abn_prod_full,0.1,0.2,detector,z4,19295,0.4846237504115576,0.0997920997920998,0.1385642737896494,
abn_prod_full,0.1,0.2,detector,z6,17080,0.5128717857713261,0.2102702702702702,0.2102429415627051,
abn_prod_full,0.1,0.2,detector,z8,8224,0.5031189176526124,0.0213991769547325,0.0178342131545156,
abn_prod_full,0.1,0.2,detector,z57,19004,0.409659891191411,0.1539674198633736,0.260101748435764,
abn_prod_full,0.1,0.2,composite,z_plus,19295,0.4756394807413747,0.0535343035343035,0.1111622819641932,p_z_plus
abn_prod_full,0.1,0.2,composite,z_plus_renorm,18801,0.4490391733789016,0.0618393234672304,0.1297533857708912,p_z_plus_renorm
abn_prod_full,0.1,0.2,composite,breadth,19295,0.5177831513822533,0.0041580041580041,0.0049507800356916,p_breadth
abn_prod_full,0.1,0.2,composite,z_mahalanobis_sq,8223,0.4491373762143675,0.0823045267489712,0.1722317351598173,p_z_mahalanobis_sq
abn_prod_full,0.1,0.2,composite,t_iut,19295,0.547007860497297,0.0405405405405405,0.0667203960624028,p_t_iut
abn_prod_full,0.1,0.2,composite,z_plus_softmax,18801,0.4534295289409533,0.0422832980972515,0.0980542906144656,p_z_plus_softmax
abn_prod_full,0.1,0.2,composite,z_plus_orth,18801,0.4539192321239036,0.0576109936575052,0.1147909397362351,p_z_plus_orth
abn_prod_full,0.1,0.3,detector,z1,17650,0.4405781097329426,0.0836401893740136,0.1479459013270684,
abn_prod_full,0.1,0.3,detector,z2,19051,0.5758551560574682,0.2037422037422037,0.1586967945349448,
abn_prod_full,0.1,0.3,detector,z3,16257,0.4432012934312958,0.018798955613577,0.0443452795983823,
abn_prod_full,0.1,0.3,detector,z4,19295,0.4846237504115576,0.0997920997920998,0.1385642737896494,
abn_prod_full,0.1,0.3,detector,z6,17080,0.5128717857713261,0.2102702702702702,0.2102429415627051,
abn_prod_full,0.1,0.3,detector,z8,8224,0.5031189176526124,0.0213991769547325,0.0178342131545156,
abn_prod_full,0.1,0.3,detector,z57,19004,0.409659891191411,0.1539674198633736,0.260101748435764,
abn_prod_full,0.1,0.3,composite,z_plus,19295,0.4761809087265307,0.0535343035343035,0.1109895803350411,p_z_plus
abn_prod_full,0.1,0.3,composite,z_plus_renorm,18803,0.4495203936942197,0.0623349181193872,0.129745712596097,p_z_plus_renorm
abn_prod_full,0.1,0.3,composite,breadth,19295,0.5183429206873453,0.0041580041580041,0.0048932128259743,p_breadth
abn_prod_full,0.1,0.3,composite,z_mahalanobis_sq,8223,0.4488858118646297,0.0814814814814814,0.1720890410958904,p_z_mahalanobis_sq
abn_prod_full,0.1,0.3,composite,t_iut,19295,0.5477133729824997,0.041060291060291,0.0664901272235334,p_t_iut
abn_prod_full,0.1,0.3,composite,z_plus_softmax,18803,0.4532718506321181,0.0422609614368726,0.0980484920165582,p_z_plus_softmax
abn_prod_full,0.1,0.3,composite,z_plus_orth,18803,0.4537228883030418,0.0570522979397781,0.1145476049674748,p_z_plus_orth
