method,rho,delta,entity_type,entity_name,n_finite,auc,detection_rate,fpr,pvalue_col
threshold_clustering_m1_v2,0.01,0.05,detector,z1,38737,0.5099921896974768,0.099273607748184,0.0973802317085899,
threshold_clustering_m1_v2,0.01,0.05,detector,z2,41153,0.4998525556071898,0.2897196261682243,0.2820380601596071,
threshold_clustering_m1_v2,0.01,0.05,detector,z3,37453,0.3879192222640538,0.0334128878281622,0.0284873359615488,
threshold_clustering_m1_v2,0.01,0.05,detector,z4,42878,0.6926666586493674,0.3286713286713286,0.1514994463944969,
threshold_clustering_m1_v2,0.01,0.05,detector,z6,36508,0.6348650718527767,0.4368686868686868,0.2298958794860434,
threshold_clustering_m1_v2,0.01,0.05,detector,z8,22211,0.5785700876286661,0.0895522388059701,0.0392380257941029,
threshold_clustering_m1_v2,0.01,0.05,detector,z57,40051,0.6067796386811075,0.4079254079254079,0.3591186714451567,
threshold_clustering_m1_v2,0.01,0.05,composite,z_plus,42878,0.6334419897047991,0.1748251748251748,0.1004499517067539,p_z_plus
threshold_clustering_m1_v2,0.01,0.05,composite,z_plus_renorm,41635,0.5749482360898174,0.0932400932400932,0.0857884774062029,p_z_plus_renorm
threshold_clustering_m1_v2,0.01,0.05,composite,breadth,42878,0.6476245373510326,0.0186480186480186,0.0060543240123442,p_breadth
threshold_clustering_m1_v2,0.01,0.05,composite,z_mahalanobis_sq,22148,0.5760408012078455,0.1766917293233082,0.2394205282880906,p_z_mahalanobis_sq
threshold_clustering_m1_v2,0.01,0.05,composite,t_iut,42878,0.5049995549300598,0.1258741258741259,0.1231359984923084,p_t_iut
threshold_clustering_m1_v2,0.01,0.05,composite,z_plus_softmax,41635,0.5451809188400947,0.0489510489510489,0.0790418871038198,p_z_plus_softmax
threshold_clustering_m1_v2,0.01,0.05,composite,z_plus_orth,41635,0.5410744831217578,0.0279720279720279,0.0588021161966703,p_z_plus_orth
threshold_clustering_m1_v2,0.01,0.1,detector,z1,38737,0.5085348183311755,0.0920096852300242,0.0973802317085899,
threshold_clustering_m1_v2,0.01,0.1,detector,z2,41153,0.5064819308904609,0.2897196261682243,0.2820871700429711,
threshold_clustering_m1_v2,0.01,0.1,detector,z3,37453,0.3818471396277406,0.0310262529832935,0.0286493492466382,
threshold_clustering_m1_v2,0.01,0.1,detector,z4,42878,0.6914367994369879,0.3123543123543124,0.1476831020754317,
threshold_clustering_m1_v2,0.01,0.1,detector,z6,36508,0.6396916663310106,0.4393939393939394,0.2298958794860434,
threshold_clustering_m1_v2,0.01,0.1,detector,z8,22211,0.5819036057465033,0.0895522388059701,0.0392380257941029,
threshold_clustering_m1_v2,0.01,0.1,detector,z57,40051,0.5733908041716834,0.3939393939393939,0.3591186714451567,
threshold_clustering_m1_v2,0.01,0.1,composite,z_plus,42878,0.6269091811860782,0.1724941724941724,0.1003086056208626,p_z_plus
threshold_clustering_m1_v2,0.01,0.1,composite,z_plus_renorm,41635,0.5723592486078533,0.0979020979020979,0.0855215259913604,p_z_plus_renorm
threshold_clustering_m1_v2,0.01,0.1,composite,breadth,42878,0.6387253076103225,0.0186480186480186,0.0061014393743079,p_breadth
threshold_clustering_m1_v2,0.01,0.1,composite,z_mahalanobis_sq,22148,0.5708516561488723,0.1729323308270676,0.2394662279499131,p_z_mahalanobis_sq
threshold_clustering_m1_v2,0.01,0.1,composite,t_iut,42878,0.5117279361313379,0.1258741258741259,0.1231359984923084,p_t_iut
threshold_clustering_m1_v2,0.01,0.1,composite,z_plus_softmax,41635,0.5460422175827699,0.0536130536130536,0.0794059117604232,p_z_plus_softmax
threshold_clustering_m1_v2,0.01,0.1,composite,z_plus_orth,41635,0.5413260759205525,0.0303030303030303,0.059190409163714,p_z_plus_orth
threshold_clustering_m1_v2,0.01,0.15,detector,z1,38737,0.5099636955505915,0.0920096852300242,0.0973541383989145,
threshold_clustering_m1_v2,0.01,0.15,detector,z2,41153,0.520859021359357,0.2967289719626168,0.2821608348680172,
threshold_clustering_m1_v2,0.01,0.15,detector,z3,37453,0.3768674866661262,0.0286396181384248,0.0289733758168169,
threshold_clustering_m1_v2,0.01,0.15,detector,z4,42878,0.6895898003697951,0.3263403263403263,0.1542792527503592,
threshold_clustering_m1_v2,0.01,0.15,detector,z6,36508,0.6441001242486898,0.452020202020202,0.2298128046078865,
threshold_clustering_m1_v2,0.01,0.15,detector,z8,22211,0.5853220623855158,0.0895522388059701,0.0392380257941029,
threshold_clustering_m1_v2,0.01,0.15,detector,z57,40051,0.5537476883824872,0.3869463869463869,0.3591186714451567,
threshold_clustering_m1_v2,0.01,0.15,composite,z_plus,42878,0.626268263998246,0.1724941724941724,0.1002850479398808,p_z_plus
threshold_clustering_m1_v2,0.01,0.15,composite,z_plus_renorm,41634,0.5758192662815889,0.1072261072261072,0.0854265259070501,p_z_plus_renorm
threshold_clustering_m1_v2,0.01,0.15,composite,breadth,42878,0.6327446493999298,0.0186480186480186,0.0060778816933261,p_breadth
threshold_clustering_m1_v2,0.01,0.15,composite,z_mahalanobis_sq,22148,0.5672309028672586,0.1729323308270676,0.2394662279499131,p_z_mahalanobis_sq
threshold_clustering_m1_v2,0.01,0.15,composite,t_iut,42878,0.5249660074744293,0.1258741258741259,0.1233009022591816,p_t_iut
threshold_clustering_m1_v2,0.01,0.15,composite,z_plus_softmax,41634,0.5481145921990479,0.0559440559440559,0.0796990656473728,p_z_plus_softmax
threshold_clustering_m1_v2,0.01,0.15,composite,z_plus_orth,41634,0.5430854992194636,0.0303030303030303,0.0594588035432593,p_z_plus_orth
threshold_clustering_m1_v2,0.01,0.2,detector,z1,38737,0.5102765941369534,0.099273607748184,0.0973280450892391,
threshold_clustering_m1_v2,0.01,0.2,detector,z2,41153,0.5142476606828339,0.2990654205607476,0.2823818293431553,
threshold_clustering_m1_v2,0.01,0.2,detector,z3,37453,0.3638525483194634,0.0286396181384248,0.0281363071771885,
threshold_clustering_m1_v2,0.01,0.2,detector,z4,42878,0.688463452179912,0.3193473193473193,0.1545855026031237,
threshold_clustering_m1_v2,0.01,0.2,detector,z6,36508,0.6476752110717274,0.452020202020202,0.2298128046078865,
threshold_clustering_m1_v2,0.01,0.2,detector,z8,22211,0.5867838721898868,0.0895522388059701,0.0392380257941029,
threshold_clustering_m1_v2,0.01,0.2,detector,z57,40051,0.55164280304354,0.3752913752913753,0.3591186714451567,
threshold_clustering_m1_v2,0.01,0.2,composite,z_plus,42878,0.6279303160501775,0.1724941724941724,0.0999552404061344,p_z_plus
threshold_clustering_m1_v2,0.01,0.2,composite,z_plus_renorm,41634,0.5766865258674504,0.1002331002331002,0.0854750637058609,p_z_plus_renorm
threshold_clustering_m1_v2,0.01,0.2,composite,breadth,42878,0.6328757267530856,0.0186480186480186,0.0060778816933261,p_breadth
threshold_clustering_m1_v2,0.01,0.2,composite,z_mahalanobis_sq,22148,0.5690259031180914,0.1729323308270676,0.2394205282880906,p_z_mahalanobis_sq
threshold_clustering_m1_v2,0.01,0.2,composite,t_iut,42878,0.5128500285630018,0.1235431235431235,0.1238898442837287,p_t_iut
threshold_clustering_m1_v2,0.01,0.2,composite,z_plus_softmax,41634,0.5511191554875574,0.0559440559440559,0.0799660235408324,p_z_plus_softmax
threshold_clustering_m1_v2,0.01,0.2,composite,z_plus_orth,41634,0.5462717681137775,0.0326340326340326,0.0598228370343404,p_z_plus_orth
threshold_clustering_m1_v2,0.01,0.3,detector,z1,38735,0.5108270140631956,0.099273607748184,0.0973853139188977,
threshold_clustering_m1_v2,0.01,0.3,detector,z2,41153,0.4988891470600046,0.3037383177570093,0.2825046040515653,
threshold_clustering_m1_v2,0.01,0.3,detector,z3,37453,0.3488178894631173,0.026252983293556,0.02729923853756,
threshold_clustering_m1_v2,0.01,0.3,detector,z4,42878,0.6870700071128821,0.3076923076923077,0.1528657918914462,
threshold_clustering_m1_v2,0.01,0.3,detector,z6,36508,0.651964441155015,0.4696969696969697,0.2298958794860434,
threshold_clustering_m1_v2,0.01,0.3,detector,z8,22211,0.5884077368704941,0.0932835820895522,0.0392380257941029,
threshold_clustering_m1_v2,0.01,0.3,detector,z57,40051,0.5453701229532839,0.3659673659673659,0.3591186714451567,
threshold_clustering_m1_v2,0.01,0.3,composite,z_plus,42878,0.6249393417171222,0.1794871794871795,0.0994840867864967,p_z_plus
threshold_clustering_m1_v2,0.01,0.3,composite,z_plus_renorm,41633,0.5749372500780131,0.1025641025641025,0.0852344432579361,p_z_plus_renorm
threshold_clustering_m1_v2,0.01,0.3,composite,breadth,42878,0.6290877999163236,0.0209790209790209,0.0060778816933261,p_breadth
threshold_clustering_m1_v2,0.01,0.3,composite,z_mahalanobis_sq,22148,0.5784616806617586,0.169172932330827,0.2395119276117356,p_z_mahalanobis_sq
threshold_clustering_m1_v2,0.01,0.3,composite,t_iut,42878,0.4919647715473295,0.1118881118881118,0.1234893637070366,p_t_iut
threshold_clustering_m1_v2,0.01,0.3,composite,z_plus_softmax,41633,0.5497101069011563,0.0652680652680652,0.0805018930200951,p_z_plus_softmax
threshold_clustering_m1_v2,0.01,0.3,composite,z_plus_orth,41633,0.5449188346843914,0.0326340326340326,0.059969905834385,p_z_plus_orth
threshold_clustering_m1_v2,0.05,0.05,detector,z1,38706,0.4941891550447131,0.1003409644422795,0.0962813412271846,
threshold_clustering_m1_v2,0.05,0.05,detector,z2,41153,0.4894219244771354,0.272302662307333,0.2837844765713114,
threshold_clustering_m1_v2,0.05,0.05,detector,z3,37453,0.393904004889827,0.0223277909738717,0.0379370827203802,
threshold_clustering_m1_v2,0.05,0.05,detector,z4,42878,0.6910341971557004,0.3050373134328358,0.1486964206805126,
threshold_clustering_m1_v2,0.05,0.05,detector,z6,36528,0.584244643499494,0.32544080604534,0.227484584430999,
threshold_clustering_m1_v2,0.05,0.05,detector,z8,22211,0.5833773162893736,0.0785340314136125,0.0387563476094663,
threshold_clustering_m1_v2,0.05,0.05,detector,z57,40051,0.6131426470281351,0.3698694029850746,0.3423642071385232,
threshold_clustering_m1_v2,0.05,0.05,composite,z_plus,42878,0.6020852421040327,0.1194029850746268,0.0970933372612559,p_z_plus
threshold_clustering_m1_v2,0.05,0.05,composite,z_plus_renorm,41645,0.5329087821600587,0.0541044776119402,0.0834915571757677,p_z_plus_renorm
threshold_clustering_m1_v2,0.05,0.05,composite,breadth,42878,0.6461635094431364,0.0107276119402985,0.0060391810281337,p_breadth
threshold_clustering_m1_v2,0.05,0.05,composite,z_mahalanobis_sq,22153,0.5543486362395439,0.1649175412293853,0.2284451702771506,p_z_mahalanobis_sq
threshold_clustering_m1_v2,0.05,0.05,composite,t_iut,42878,0.4960327626578406,0.1119402985074626,0.1241223547896106,p_t_iut
threshold_clustering_m1_v2,0.05,0.05,composite,z_plus_softmax,41645,0.5143195529340463,0.0382462686567164,0.0782005518847624,p_z_plus_softmax
threshold_clustering_m1_v2,0.05,0.05,composite,z_plus_orth,41645,0.5115363601223775,0.0195895522388059,0.0589099010151641,p_z_plus_orth
threshold_clustering_m1_v2,0.05,0.1,detector,z1,38705,0.4928823187602101,0.0959571358986848,0.0957110116773982,
threshold_clustering_m1_v2,0.05,0.1,detector,z2,41153,0.4946391002555268,0.2727697337692667,0.2833743463549677,
threshold_clustering_m1_v2,0.05,0.1,detector,z3,37453,0.3865911169755108,0.0223277909738717,0.0385028855946588,
threshold_clustering_m1_v2,0.05,0.1,detector,z4,42878,0.6877671477455849,0.2845149253731343,0.1413806648009034,
threshold_clustering_m1_v2,0.05,0.1,detector,z6,36528,0.5882678844190182,0.3284634760705289,0.2275714327070607,
threshold_clustering_m1_v2,0.05,0.1,detector,z8,22211,0.5863513165755943,0.0800299177262528,0.0387563476094663,
threshold_clustering_m1_v2,0.05,0.1,detector,z57,40051,0.5823416482463563,0.3488805970149253,0.3423642071385232,
threshold_clustering_m1_v2,0.05,0.1,composite,z_plus,42878,0.5922262582359963,0.1138059701492537,0.0958658614425295,p_z_plus
threshold_clustering_m1_v2,0.05,0.1,composite,z_plus_renorm,41645,0.5262545249657387,0.052705223880597,0.0820485557327662,p_z_plus_renorm
threshold_clustering_m1_v2,0.05,0.1,composite,breadth,42878,0.6371670620696048,0.0107276119402985,0.0061373790936318,p_breadth
threshold_clustering_m1_v2,0.05,0.1,composite,z_mahalanobis_sq,22153,0.5437342690871769,0.1454272863568216,0.2253230222393006,p_z_mahalanobis_sq
threshold_clustering_m1_v2,0.05,0.1,composite,t_iut,42878,0.5011845771419087,0.1138059701492537,0.1240241567241125,p_t_iut
threshold_clustering_m1_v2,0.05,0.1,composite,z_plus_softmax,41645,0.5099881929590295,0.0382462686567164,0.0795676058833953,p_z_plus_softmax
threshold_clustering_m1_v2,0.05,0.1,composite,z_plus_orth,41645,0.5074173389054575,0.0200559701492537,0.0596946912736386,p_z_plus_orth
threshold_clustering_m1_v2,0.05,0.15,detector,z1,38703,0.494793989297265,0.0954700438382854,0.0957162346521146,
threshold_clustering_m1_v2,0.05,0.15,detector,z2,41153,0.508406340486715,0.2774404483886034,0.2841177073720906,
threshold_clustering_m1_v2,0.05,0.15,detector,z3,37453,0.3799133058289523,0.0237529691211401,0.0402568745049224,
threshold_clustering_m1_v2,0.05,0.15,detector,z4,42878,0.6842729809580027,0.2266791044776119,0.1179358766632297,
threshold_clustering_m1_v2,0.05,0.15,detector,z6,36528,0.5923635936985341,0.3355163727959698,0.2274266855802912,
threshold_clustering_m1_v2,0.05,0.15,detector,z8,22211,0.588585704489429,0.0830216903515332,0.0386605346363897,
threshold_clustering_m1_v2,0.05,0.15,detector,z57,40051,0.5643634015042314,0.3395522388059701,0.3423642071385232,
threshold_clustering_m1_v2,0.05,0.15,composite,z_plus,42878,0.5895587883970924,0.1147388059701492,0.0959149604752786,p_z_plus
threshold_clustering_m1_v2,0.05,0.15,composite,z_plus_renorm,41641,0.5255243325206259,0.0522388059701492,0.0816770893991948,p_z_plus_renorm
threshold_clustering_m1_v2,0.05,0.15,composite,breadth,42878,0.6331396245957575,0.0107276119402985,0.0062601266755044,p_breadth
threshold_clustering_m1_v2,0.05,0.15,composite,z_mahalanobis_sq,22153,0.538104824815125,0.1416791604197901,0.2254671213795091,p_z_mahalanobis_sq
threshold_clustering_m1_v2,0.05,0.15,composite,t_iut,42878,0.5138372249812947,0.1082089552238805,0.1253007315755879,p_t_iut
threshold_clustering_m1_v2,0.05,0.15,composite,z_plus_softmax,41641,0.5095102100612969,0.0405783582089552,0.0813732688558624,p_z_plus_softmax
threshold_clustering_m1_v2,0.05,0.15,composite,z_plus_orth,41641,0.5069628139148297,0.0228544776119403,0.0599792389295389,p_z_plus_orth
threshold_clustering_m1_v2,0.05,0.2,detector,z1,38701,0.4948012582289409,0.0936128717698683,0.0953615279672578,
threshold_clustering_m1_v2,0.05,0.2,detector,z2,41153,0.5010890312531772,0.2760392340028024,0.2838357428483543,
threshold_clustering_m1_v2,0.05,0.2,detector,z3,37453,0.3664550057695765,0.0228028503562945,0.0361830938101165,
threshold_clustering_m1_v2,0.05,0.2,detector,z4,42878,0.68150337413866,0.2000932835820895,0.1060539107379584,
threshold_clustering_m1_v2,0.05,0.2,detector,z6,36528,0.5952339037002106,0.3385390428211587,0.2270792924760443,
threshold_clustering_m1_v2,0.05,0.2,detector,z8,22211,0.5900218958083723,0.0860134629768137,0.0386605346363897,
threshold_clustering_m1_v2,0.05,0.2,detector,z57,40051,0.5586322331381318,0.333955223880597,0.3423642071385232,
threshold_clustering_m1_v2,0.05,0.2,composite,z_plus,42878,0.5867018327038397,0.1100746268656716,0.0940000981980655,p_z_plus
threshold_clustering_m1_v2,0.05,0.2,composite,z_plus_renorm,41634,0.5244761391037973,0.0517723880597014,0.0815649531526968,p_z_plus_renorm
threshold_clustering_m1_v2,0.05,0.2,composite,breadth,42878,0.628954332815595,0.0111940298507462,0.0061128295772573,p_breadth
threshold_clustering_m1_v2,0.05,0.2,composite,z_mahalanobis_sq,22153,0.5401360033754198,0.1409295352323838,0.2253710552860368,p_z_mahalanobis_sq
threshold_clustering_m1_v2,0.05,0.2,composite,t_iut,42878,0.500166928696113,0.1049440298507462,0.124515147051603,p_t_iut
threshold_clustering_m1_v2,0.05,0.2,composite,z_plus_softmax,41634,0.5078161023667431,0.0457089552238806,0.0830336794125095,p_z_plus_softmax
threshold_clustering_m1_v2,0.05,0.2,composite,z_plus_orth,41634,0.5051910281934213,0.0205223880597014,0.0606735882501899,p_z_plus_orth
threshold_clustering_m1_v2,0.05,0.3,detector,z1,38697,0.4939684321122245,0.0937042459736456,0.0959943243833224,
threshold_clustering_m1_v2,0.05,0.3,detector,z2,41152,0.4950458330099245,0.2775700934579439,0.2832205475238388,
threshold_clustering_m1_v2,0.05,0.3,detector,z3,37453,0.354940117627864,0.0204275534441805,0.0332409188638678,
threshold_clustering_m1_v2,0.05,0.3,detector,z4,42878,0.6781484090630953,0.1781716417910447,0.0967741935483871,
threshold_clustering_m1_v2,0.05,0.3,detector,z6,36528,0.5985455137833902,0.3405541561712846,0.2269924441999826,
threshold_clustering_m1_v2,0.05,0.3,detector,z8,22211,0.5918718673117165,0.0882572924457741,0.0386126281498514,
threshold_clustering_m1_v2,0.05,0.3,detector,z57,40051,0.5507915594390671,0.3218283582089552,0.3423642071385232,
threshold_clustering_m1_v2,0.05,0.3,composite,z_plus,42878,0.5832423776041724,0.1105410447761194,0.0935091078705749,p_z_plus
threshold_clustering_m1_v2,0.05,0.3,composite,z_plus_renorm,41626,0.522481474412674,0.0583022388059701,0.0825186160782128,p_z_plus_renorm
threshold_clustering_m1_v2,0.05,0.3,composite,breadth,42878,0.6238198598625667,0.0097947761194029,0.0061128295772573,p_breadth
threshold_clustering_m1_v2,0.05,0.3,composite,z_mahalanobis_sq,22153,0.5420734562830503,0.1379310344827586,0.2253230222393006,p_z_mahalanobis_sq
threshold_clustering_m1_v2,0.05,0.3,composite,t_iut,42878,0.4900632053863837,0.1030783582089552,0.123582265429371,p_t_iut
threshold_clustering_m1_v2,0.05,0.3,composite,z_plus_softmax,41626,0.5067490076244834,0.0485074626865671,0.0851527278253381,p_z_plus_softmax
threshold_clustering_m1_v2,0.05,0.3,composite,z_plus_orth,41626,0.5041189419777159,0.0219216417910447,0.0613950661060736,p_z_plus_orth
threshold_clustering_m1_v2,0.1,0.05,detector,z1,38671,0.494461114735855,0.105712890625,0.0946637744034707,
threshold_clustering_m1_v2,0.1,0.05,detector,z2,41152,0.4933621071344558,0.2830762038335671,0.2827195313771221,
threshold_clustering_m1_v2,0.1,0.05,detector,z3,37453,0.414284233963519,0.02151051625239,0.0477922390213111,
threshold_clustering_m1_v2,0.1,0.05,detector,z4,42878,0.7018320983753814,0.2964085820895522,0.1298004664420834,
threshold_clustering_m1_v2,0.1,0.05,detector,z6,36546,0.5476170117335496,0.2599797877716018,0.2244384435988707,
threshold_clustering_m1_v2,0.1,0.05,detector,z8,22211,0.5752730596282165,0.062261268143621,0.0391466340019394,
threshold_clustering_m1_v2,0.1,0.05,detector,z57,40051,0.6319245316179776,0.3584421641791044,0.319352403321869,
threshold_clustering_m1_v2,0.1,0.05,composite,z_plus,42878,0.5988346350893241,0.1056436567164179,0.0916040424980565,p_z_plus
threshold_clustering_m1_v2,0.1,0.05,composite,z_plus_renorm,41641,0.5259111588607697,0.0464302379841343,0.08060500602329,p_z_plus_renorm
threshold_clustering_m1_v2,0.1,0.05,composite,breadth,42878,0.6506052917583629,0.0130597014925373,0.0058823529411764,p_breadth
threshold_clustering_m1_v2,0.1,0.05,composite,z_mahalanobis_sq,22163,0.5570000871111684,0.1496364332185227,0.2107416879795396,p_z_mahalanobis_sq
threshold_clustering_m1_v2,0.1,0.05,composite,t_iut,42878,0.4982428167532382,0.113106343283582,0.1244622959315885,p_t_iut
threshold_clustering_m1_v2,0.1,0.05,composite,z_plus_softmax,41641,0.5105968494261183,0.0300979934671021,0.0759737652255387,p_z_plus_softmax
threshold_clustering_m1_v2,0.1,0.05,composite,z_plus_orth,41641,0.5086134765423348,0.021931871208586,0.0575291125685985,p_z_plus_orth
threshold_clustering_m1_v2,0.1,0.1,detector,z1,38670,0.4949762138366258,0.10205078125,0.0935095736680742,
threshold_clustering_m1_v2,0.1,0.1,detector,z2,41152,0.499255915986774,0.2847124824684432,0.2829636057926994,
threshold_clustering_m1_v2,0.1,0.1,detector,z3,37453,0.4064938136530847,0.020793499043977,0.0489344434759085,
threshold_clustering_m1_v2,0.1,0.1,detector,z4,42878,0.6961593011152452,0.2024253731343283,0.0927701477066597,
threshold_clustering_m1_v2,0.1,0.1,detector,z6,36546,0.5510549683236522,0.2630116220313289,0.2245611881674236,
threshold_clustering_m1_v2,0.1,0.1,detector,z8,22211,0.5781903426868165,0.0649350649350649,0.0390955953656918,
threshold_clustering_m1_v2,0.1,0.1,detector,z57,40051,0.5994294691555644,0.3390858208955223,0.319352403321869,
threshold_clustering_m1_v2,0.1,0.1,composite,z_plus,42878,0.5857287843304855,0.1030783582089552,0.0898678414096916,p_z_plus
threshold_clustering_m1_v2,0.1,0.1,composite,z_plus_renorm,41652,0.5151658054818327,0.0459636024265049,0.0790290638548413,p_z_plus_renorm
threshold_clustering_m1_v2,0.1,0.1,composite,breadth,42878,0.6410760710811709,0.0125932835820895,0.0059082663902565,p_breadth
threshold_clustering_m1_v2,0.1,0.1,composite,z_mahalanobis_sq,22163,0.539999882546739,0.13203214695752,0.2107928388746803,p_z_mahalanobis_sq
threshold_clustering_m1_v2,0.1,0.1,composite,t_iut,42878,0.5043760098268053,0.1133395522388059,0.1245400362788287,p_t_iut
threshold_clustering_m1_v2,0.1,0.1,composite,z_plus_softmax,41652,0.502031998915821,0.0335977601493233,0.0789487769630145,p_z_plus_softmax
threshold_clustering_m1_v2,0.1,0.1,composite,z_plus_orth,41652,0.5001339488570126,0.0209986000933271,0.0584488572499063,p_z_plus_orth
threshold_clustering_m1_v2,0.1,0.15,detector,z1,38670,0.4939302413674745,0.103515625,0.0933938797940649,
threshold_clustering_m1_v2,0.1,0.15,detector,z2,41152,0.5137666097324518,0.2905563347358579,0.2837229484189402,
threshold_clustering_m1_v2,0.1,0.15,detector,z3,37453,0.3988807564469406,0.025812619502868,0.0510685623252878,
threshold_clustering_m1_v2,0.1,0.15,detector,z4,42878,0.6892834592907451,0.181669776119403,0.081808758745789,
threshold_clustering_m1_v2,0.1,0.15,detector,z6,36546,0.5548310035537624,0.2678120262758969,0.2242543267460414,
threshold_clustering_m1_v2,0.1,0.15,detector,z8,22211,0.580331811181064,0.0672268907563025,0.0388914408207012,
threshold_clustering_m1_v2,0.1,0.15,detector,z57,40051,0.5802905149875569,0.3318563432835821,0.319352403321869,
threshold_clustering_m1_v2,0.1,0.15,composite,z_plus,42878,0.582192858548344,0.1021455223880597,0.0894273127753303,p_z_plus
threshold_clustering_m1_v2,0.1,0.15,composite,z_plus_renorm,41626,0.5116784454300938,0.0478413068844807,0.0797514796068664,p_z_plus_renorm
threshold_clustering_m1_v2,0.1,0.15,composite,breadth,42878,0.6378904603214814,0.0123600746268656,0.0061674008810572,p_breadth
threshold_clustering_m1_v2,0.1,0.15,composite,z_mahalanobis_sq,22163,0.5312883350315118,0.1270570225794106,0.2109462915601023,p_z_mahalanobis_sq
threshold_clustering_m1_v2,0.1,0.15,composite,t_iut,42878,0.5164591858342389,0.1149720149253731,0.1262762373671935,p_t_iut
threshold_clustering_m1_v2,0.1,0.15,composite,z_plus_softmax,41626,0.4998150790233514,0.0359393232205367,0.0813315122787284,p_z_plus_softmax
threshold_clustering_m1_v2,0.1,0.15,composite,z_plus_orth,41626,0.4981002984353386,0.022637106184364,0.0602287030341983,p_z_plus_orth
threshold_clustering_m1_v2,0.1,0.2,detector,z1,38667,0.4944503909380534,0.100390815828041,0.0928180950452665,
threshold_clustering_m1_v2,0.1,0.2,detector,z2,41148,0.5060911683107642,0.2907602339181286,0.2832696010631085,
threshold_clustering_m1_v2,0.1,0.2,detector,z3,37453,0.380359413936584,0.0217495219885277,0.0449968439087438,
threshold_clustering_m1_v2,0.1,0.2,detector,z4,42878,0.683337177846515,0.181669776119403,0.081808758745789,
threshold_clustering_m1_v2,0.1,0.2,detector,z6,36546,0.5573725844393007,0.2695805962607377,0.2241622683196268,
threshold_clustering_m1_v2,0.1,0.2,detector,z8,22211,0.5817952631700639,0.0687547746371275,0.038636247639463,
threshold_clustering_m1_v2,0.1,0.2,detector,z57,40051,0.5755863135146346,0.328125,0.319352403321869,
threshold_clustering_m1_v2,0.1,0.2,composite,z_plus,42878,0.5764233844221494,0.0984141791044776,0.0874319771961648,p_z_plus
threshold_clustering_m1_v2,0.1,0.2,composite,z_plus_renorm,41595,0.5069202525973104,0.0492300513299113,0.0793106221019057,p_z_plus_renorm
threshold_clustering_m1_v2,0.1,0.2,composite,breadth,42878,0.6320032183923606,0.0123600746268656,0.0059600932884166,p_breadth
threshold_clustering_m1_v2,0.1,0.2,composite,z_mahalanobis_sq,22163,0.5305200928272272,0.1228473019517795,0.2109462915601023,p_z_mahalanobis_sq
threshold_clustering_m1_v2,0.1,0.2,composite,t_iut,42878,0.5032929992835125,0.1091417910447761,0.1241513345426276,p_t_iut
threshold_clustering_m1_v2,0.1,0.2,composite,z_plus_softmax,41595,0.4957152646085264,0.0396640223985067,0.0851001098930552,p_z_plus_softmax
threshold_clustering_m1_v2,0.1,0.2,composite,z_plus_orth,41595,0.4941261534702801,0.0254316378908072,0.0635235465973357,p_z_plus_orth
threshold_clustering_m1_v2,0.1,0.3,detector,z1,38660,0.4944184374883305,0.0992422390613542,0.0928288350834562,
threshold_clustering_m1_v2,0.1,0.3,detector,z2,41146,0.497259506985505,0.2892581324596302,0.2834323217530442,
threshold_clustering_m1_v2,0.1,0.3,detector,z3,37453,0.366568099041092,0.0191204588910133,0.0385343713366797,
threshold_clustering_m1_v2,0.1,0.3,detector,z4,42878,0.6776215823013076,0.181669776119403,0.081808758745789,
threshold_clustering_m1_v2,0.1,0.3,detector,z6,36546,0.5599886943507045,0.2731177362304194,0.2239167791825211,
threshold_clustering_m1_v2,0.1,0.3,detector,z8,22211,0.5835136646493344,0.0683728036669213,0.038636247639463,
threshold_clustering_m1_v2,0.1,0.3,detector,z57,40051,0.5681990450659629,0.3173973880597014,0.319352403321869,
threshold_clustering_m1_v2,0.1,0.3,composite,z_plus,42878,0.5708899474914234,0.0965485074626865,0.0854107281679191,p_z_plus
threshold_clustering_m1_v2,0.1,0.3,composite,z_plus_renorm,41556,0.5035210457959847,0.0513778608127043,0.0795997209851371,p_z_plus_renorm
threshold_clustering_m1_v2,0.1,0.3,composite,breadth,42878,0.6253118316167285,0.0128264925373134,0.0059600932884166,p_breadth
threshold_clustering_m1_v2,0.1,0.3,composite,z_mahalanobis_sq,22163,0.5331688987680132,0.1232300038270187,0.2107928388746803,p_z_mahalanobis_sq
threshold_clustering_m1_v2,0.1,0.3,composite,t_iut,42878,0.4906534304620329,0.107276119402985,0.1233480176211453,p_t_iut
threshold_clustering_m1_v2,0.1,0.3,composite,z_plus_softmax,41556,0.4924610137428077,0.0422699673049976,0.0879165101679454,p_z_plus_softmax
threshold_clustering_m1_v2,0.1,0.3,composite,z_plus_orth,41556,0.4907616049163876,0.0254553946753853,0.0664538284058593,p_z_plus_orth
temporal_spike_m2b,0.01,0.05,detector,z1,38743,0.51701628531809,0.0864485981308411,0.0981338901213624,
temporal_spike_m2b,0.01,0.05,detector,z2,41153,0.4921658368151836,0.2727272727272727,0.2817257636774383,
temporal_spike_m2b,0.01,0.05,detector,z3,37453,0.5437020833705646,0.0407673860911271,0.0251377038557079,
temporal_spike_m2b,0.01,0.05,detector,z4,42878,0.4876500642125274,0.1421911421911421,0.1552215599896346,
temporal_spike_m2b,0.01,0.05,detector,z6,36504,0.5338278907560696,0.2658823529411764,0.2307713628426508,
temporal_spike_m2b,0.01,0.05,detector,z8,22211,0.2949128728050172,0.0105263157894736,0.0398613518197573,
temporal_spike_m2b,0.01,0.05,detector,z57,40051,0.5502072866203217,0.4299065420560747,0.3625924336875047,
temporal_spike_m2b,0.01,0.05,composite,z_plus,42878,0.5646278344928489,0.1538461538461538,0.1016042780748663,p_z_plus
temporal_spike_m2b,0.01,0.05,composite,z_plus_renorm,41636,0.5427754947462364,0.1217798594847775,0.086194763279866,p_z_plus_renorm
temporal_spike_m2b,0.01,0.05,composite,breadth,42878,0.5499308343191591,0.0023310023310023,0.0063134585031449,p_breadth
temporal_spike_m2b,0.01,0.05,composite,z_mahalanobis_sq,22146,0.5242613417950898,0.2736842105263158,0.2418004665843282,p_z_mahalanobis_sq
temporal_spike_m2b,0.01,0.05,composite,t_iut,42878,0.4641761804828072,0.0815850815850815,0.1238662866027468,p_t_iut
temporal_spike_m2b,0.01,0.05,composite,z_plus_softmax,41636,0.5385147272630868,0.0983606557377049,0.0784537358344051,p_z_plus_softmax
temporal_spike_m2b,0.01,0.05,composite,z_plus_orth,41636,0.5403295464833033,0.0749414519906323,0.0582397049188284,p_z_plus_orth
temporal_spike_m2b,0.01,0.1,detector,z1,38743,0.5154353179070201,0.0887850467289719,0.0978467962938796,
temporal_spike_m2b,0.01,0.1,detector,z2,41153,0.4920313823294866,0.2727272727272727,0.2817748747667223,
temporal_spike_m2b,0.01,0.1,detector,z3,37453,0.5439480039254049,0.0431654676258992,0.0260287288044065,
temporal_spike_m2b,0.01,0.1,detector,z4,42878,0.4876649181815381,0.1421911421911421,0.1552215599896346,
temporal_spike_m2b,0.01,0.1,detector,z6,36504,0.5504828782589839,0.2964705882352941,0.2310762493417223,
temporal_spike_m2b,0.01,0.1,detector,z8,22211,0.2949128728050172,0.0105263157894736,0.0398613518197573,
temporal_spike_m2b,0.01,0.1,detector,z57,40051,0.5490513569363211,0.4299065420560747,0.3624914822199228,
temporal_spike_m2b,0.01,0.1,composite,z_plus,42878,0.5701829443378126,0.1701631701631701,0.1015571627129025,p_z_plus
temporal_spike_m2b,0.01,0.1,composite,z_plus_renorm,41639,0.5473774890149319,0.1241217798594847,0.0862855478986703,p_z_plus_renorm
temporal_spike_m2b,0.01,0.1,composite,breadth,42878,0.5538597777637567,0.0023310023310023,0.0061721124172536,p_breadth
temporal_spike_m2b,0.01,0.1,composite,z_mahalanobis_sq,22146,0.5294887876110385,0.2771929824561403,0.2417547230227345,p_z_mahalanobis_sq
temporal_spike_m2b,0.01,0.1,composite,t_iut,42878,0.4610660174631057,0.0745920745920745,0.12403119036962,p_t_iut
temporal_spike_m2b,0.01,0.1,composite,z_plus_softmax,41639,0.5393900869235922,0.1007025761124121,0.0786178782878773,p_z_plus_softmax
temporal_spike_m2b,0.01,0.1,composite,z_plus_orth,41639,0.5417131125947037,0.072599531615925,0.0581384062894302,p_z_plus_orth
temporal_spike_m2b,0.01,0.15,detector,z1,38743,0.5146580363709097,0.0864485981308411,0.0978728957327417,
temporal_spike_m2b,0.01,0.15,detector,z2,41153,0.4921130051888327,0.2797202797202797,0.2830763186327473,
temporal_spike_m2b,0.01,0.15,detector,z3,37453,0.5435697990910653,0.0455635491606714,0.026271735608597,
temporal_spike_m2b,0.01,0.15,detector,z4,42878,0.4876516841463012,0.1421911421911421,0.1552215599896346,
temporal_spike_m2b,0.01,0.15,detector,z6,36504,0.5641905426490561,0.3223529411764705,0.2313534188863327,
temporal_spike_m2b,0.01,0.15,detector,z8,22211,0.2949128728050172,0.0105263157894736,0.0398613518197573,
temporal_spike_m2b,0.01,0.15,detector,z57,40051,0.5487125621600406,0.4275700934579439,0.3625419579537137,
temporal_spike_m2b,0.01,0.15,composite,z_plus,42878,0.5749319312065195,0.1771561771561771,0.1017220664797757,p_z_plus
temporal_spike_m2b,0.01,0.15,composite,z_plus_renorm,41639,0.5517386423226358,0.1381733021077283,0.0864311365621663,p_z_plus_renorm
temporal_spike_m2b,0.01,0.15,composite,breadth,42878,0.5555352011334485,0.0023310023310023,0.0062427854601992,p_breadth
temporal_spike_m2b,0.01,0.15,composite,z_mahalanobis_sq,22146,0.5365873858517571,0.2807017543859649,0.2417547230227345,p_z_mahalanobis_sq
temporal_spike_m2b,0.01,0.15,composite,t_iut,42878,0.4599698439718228,0.0745920745920745,0.1247614784800584,p_t_iut
temporal_spike_m2b,0.01,0.15,composite,z_plus_softmax,41639,0.5439762150629828,0.1077283372365339,0.0785450839561292,p_z_plus_softmax
temporal_spike_m2b,0.01,0.15,composite,z_plus_orth,41639,0.5463468894828614,0.0702576112412178,0.058332524507425,p_z_plus_orth
temporal_spike_m2b,0.01,0.2,detector,z1,38743,0.5138422459664781,0.0817757009345794,0.0978989951716038,
temporal_spike_m2b,0.01,0.2,detector,z2,41153,0.49150060478761,0.275058275058275,0.2829535409095374,
temporal_spike_m2b,0.01,0.2,detector,z3,37453,0.5419040402196009,0.0479616306954436,0.026271735608597,
temporal_spike_m2b,0.01,0.2,detector,z4,42878,0.4876603604017677,0.1421911421911421,0.1552215599896346,
temporal_spike_m2b,0.01,0.2,detector,z6,36504,0.5757046220467177,0.3341176470588235,0.231519720613099,
temporal_spike_m2b,0.01,0.2,detector,z8,22211,0.2949128728050172,0.0105263157894736,0.0398613518197573,
temporal_spike_m2b,0.01,0.2,detector,z57,40051,0.5477417298222664,0.4252336448598131,0.3622643414178633,
temporal_spike_m2b,0.01,0.2,composite,z_plus,42878,0.5762761742172329,0.1841491841491841,0.1016278357558481,p_z_plus
temporal_spike_m2b,0.01,0.2,composite,z_plus_renorm,41637,0.5529978967611486,0.1358313817330211,0.0867507886435331,p_z_plus_renorm
temporal_spike_m2b,0.01,0.2,composite,breadth,42878,0.5574997140405041,0.0023310023310023,0.0061956700982355,p_breadth
temporal_spike_m2b,0.01,0.2,composite,z_mahalanobis_sq,22146,0.5385240237962823,0.2771929824561403,0.2413887745299849,p_z_mahalanobis_sq
temporal_spike_m2b,0.01,0.2,composite,t_iut,42878,0.4606722637300507,0.0745920745920745,0.1244787863082758,p_t_iut
temporal_spike_m2b,0.01,0.2,composite,z_plus_softmax,41637,0.5425670879774412,0.1030444964871194,0.0786944916282455,p_z_plus_softmax
temporal_spike_m2b,0.01,0.2,composite,z_plus_orth,41637,0.5452039789346507,0.0679156908665105,0.0585537490900266,p_z_plus_orth
temporal_spike_m2b,0.01,0.3,detector,z1,38743,0.5125337066935304,0.0817757009345794,0.0978467962938796,
temporal_spike_m2b,0.01,0.3,detector,z2,41153,0.4911911133426702,0.2634032634032634,0.2807189863471171,
temporal_spike_m2b,0.01,0.3,detector,z3,37453,0.5369330197360634,0.0551558752997601,0.026271735608597,
temporal_spike_m2b,0.01,0.3,detector,z4,42878,0.4876423214782187,0.1421911421911421,0.1552215599896346,
temporal_spike_m2b,0.01,0.3,detector,z6,36504,0.597847990439281,0.3623529411764706,0.2317968901577094,
temporal_spike_m2b,0.01,0.3,detector,z8,22211,0.2949128728050172,0.0105263157894736,0.0398613518197573,
temporal_spike_m2b,0.01,0.3,detector,z57,40051,0.5460355792597569,0.4275700934579439,0.3620876763495949,
temporal_spike_m2b,0.01,0.3,composite,z_plus,42878,0.5827327909355755,0.1911421911421911,0.1014393743079931,p_z_plus
temporal_spike_m2b,0.01,0.3,composite,z_plus_renorm,41637,0.5565286300991775,0.1425233644859813,0.0862432963672984,p_z_plus_renorm
temporal_spike_m2b,0.01,0.3,composite,breadth,42878,0.564368343067488,0.0,0.0061956700982355,p_breadth
temporal_spike_m2b,0.01,0.3,composite,z_mahalanobis_sq,22146,0.5460835887348855,0.2736842105263158,0.2416174923379534,p_z_mahalanobis_sq
temporal_spike_m2b,0.01,0.3,composite,t_iut,42878,0.461427180325152,0.0769230769230769,0.1237249405168555,p_t_iut
temporal_spike_m2b,0.01,0.3,composite,z_plus_softmax,41637,0.5453911936939644,0.0981308411214953,0.0784052027469727,p_z_plus_softmax
temporal_spike_m2b,0.01,0.3,composite,z_plus_orth,41637,0.5482145039997841,0.0607476635514018,0.0578999733068019,p_z_plus_orth
temporal_spike_m2b,0.05,0.05,detector,z1,38743,0.5175710172765927,0.090543259557344,0.0981017622757935,
temporal_spike_m2b,0.05,0.05,detector,z2,41153,0.5010257238522409,0.2791164658634538,0.2816381748862379,
temporal_spike_m2b,0.05,0.05,detector,z3,37453,0.5445329278562405,0.0413223140495867,0.0251021125808109,
temporal_spike_m2b,0.05,0.05,detector,z4,42878,0.4846675517549196,0.1305220883534136,0.1553798961774422,
temporal_spike_m2b,0.05,0.05,detector,z6,36504,0.5415479224731772,0.2813765182186235,0.2305193001943904,
temporal_spike_m2b,0.05,0.05,detector,z8,22211,0.2988455765366546,0.0151975683890577,0.0398501051092221,
temporal_spike_m2b,0.05,0.05,detector,z57,40051,0.5446091627888381,0.4265593561368209,0.3624917833847398,
temporal_spike_m2b,0.05,0.05,composite,z_plus,42878,0.5692555024249902,0.1506024096385542,0.1015337423312883,p_z_plus
temporal_spike_m2b,0.05,0.05,composite,z_plus_renorm,41636,0.5462999504782641,0.1212121212121212,0.0860212440144867,p_z_plus_renorm
temporal_spike_m2b,0.05,0.05,composite,breadth,42878,0.5554802030206716,0.002008032128514,0.0063473336479471,p_breadth
temporal_spike_m2b,0.05,0.05,composite,z_mahalanobis_sq,22146,0.5232072031054671,0.2735562310030395,0.2417380941467662,p_z_mahalanobis_sq
temporal_spike_m2b,0.05,0.05,composite,t_iut,42878,0.4735638637608481,0.0863453815261044,0.1239263803680981,p_t_iut
temporal_spike_m2b,0.05,0.05,composite,z_plus_softmax,41636,0.542701902965387,0.0949494949494949,0.0784375683624608,p_z_plus_softmax
temporal_spike_m2b,0.05,0.05,composite,z_plus_orth,41636,0.544979387221919,0.0747474747474747,0.0582144332903915,p_z_plus_orth
temporal_spike_m2b,0.05,0.1,detector,z1,38743,0.5157669333471939,0.0925553319919517,0.0978141504993986,
temporal_spike_m2b,0.05,0.1,detector,z2,41153,0.5008839440902214,0.2771084337349397,0.2816627721067519,
temporal_spike_m2b,0.05,0.1,detector,z3,37453,0.5449716190625651,0.0413223140495867,0.0260218020503665,
temporal_spike_m2b,0.05,0.1,detector,z4,42878,0.4846677886629102,0.1305220883534136,0.1553798961774422,
temporal_spike_m2b,0.05,0.1,detector,z6,36504,0.5576537444052315,0.305668016194332,0.2308803110247153,
temporal_spike_m2b,0.05,0.1,detector,z8,22211,0.2988455765366546,0.0151975683890577,0.0398501051092221,
temporal_spike_m2b,0.05,0.1,detector,z57,40051,0.5434728510619768,0.4285714285714285,0.3674217525408302,
temporal_spike_m2b,0.05,0.1,composite,z_plus,42878,0.5744351402779595,0.1646586345381526,0.1016045304388862,p_z_plus
temporal_spike_m2b,0.05,0.1,composite,z_plus_renorm,41639,0.5503684767173975,0.1232323232323232,0.0861121913280186,p_z_plus_renorm
temporal_spike_m2b,0.05,0.1,composite,breadth,42878,0.5595793272192119,0.002008032128514,0.0062293534686172,p_breadth
temporal_spike_m2b,0.05,0.1,composite,z_mahalanobis_sq,22146,0.5286010616355195,0.2765957446808511,0.2418297657789797,p_z_mahalanobis_sq
temporal_spike_m2b,0.05,0.1,composite,t_iut,42878,0.4702987504524943,0.0823293172690763,0.1240915526191599,p_t_iut
temporal_spike_m2b,0.05,0.1,composite,z_plus_softmax,41639,0.5433766991320949,0.0969696969696969,0.0785290686369823,p_z_plus_softmax
temporal_spike_m2b,0.05,0.1,composite,z_plus_orth,41639,0.5462031848722496,0.0727272727272727,0.058137273964612,p_z_plus_orth
temporal_spike_m2b,0.05,0.15,detector,z1,38743,0.5150930421729246,0.090543259557344,0.0978402970245254,
temporal_spike_m2b,0.05,0.15,detector,z2,41153,0.5007915810332709,0.2831325301204819,0.2829664247939983,
temporal_spike_m2b,0.05,0.15,detector,z3,37453,0.5445868036856433,0.0433884297520661,0.0262381995726148,
temporal_spike_m2b,0.05,0.15,detector,z4,42878,0.4846659407805834,0.1305220883534136,0.1553798961774422,
temporal_spike_m2b,0.05,0.15,detector,z6,36504,0.5702556757176088,0.3319838056680162,0.2312135517911691,
temporal_spike_m2b,0.05,0.15,detector,z8,22211,0.2988455765366546,0.0151975683890577,0.0398501051092221,
temporal_spike_m2b,0.05,0.15,detector,z57,40051,0.5432013886423156,0.4346076458752515,0.3736158163523285,
temporal_spike_m2b,0.05,0.15,composite,z_plus,42878,0.5793492753458382,0.1726907630522088,0.1016989145823501,p_z_plus
temporal_spike_m2b,0.05,0.15,composite,z_plus_renorm,41639,0.5558477051282806,0.1353535353535353,0.0862337157301186,p_z_plus_renorm
temporal_spike_m2b,0.05,0.15,composite,breadth,42878,0.5600150010139662,0.002008032128514,0.0063709296838131,p_breadth
temporal_spike_m2b,0.05,0.15,composite,z_mahalanobis_sq,22146,0.5360706278378325,0.2826747720364742,0.2418756015950864,p_z_mahalanobis_sq
temporal_spike_m2b,0.05,0.15,composite,t_iut,42878,0.4688321478457483,0.0803212851405622,0.1247994336951392,p_t_iut
temporal_spike_m2b,0.05,0.15,composite,z_plus_softmax,41639,0.5481526572353911,0.103030303030303,0.0784561539957223,p_z_plus_softmax
temporal_spike_m2b,0.05,0.15,composite,z_plus_orth,41639,0.5510140045211989,0.0707070707070707,0.0583803227688119,p_z_plus_orth
temporal_spike_m2b,0.05,0.2,detector,z1,38743,0.5143017020703944,0.0865191146881287,0.0978664435496522,
temporal_spike_m2b,0.05,0.2,detector,z2,41153,0.5002244125931842,0.2791164658634538,0.2828434386914278,
temporal_spike_m2b,0.05,0.2,detector,z3,37453,0.5428996630860478,0.0454545454545454,0.0262381995726148,
temporal_spike_m2b,0.05,0.2,detector,z4,42878,0.4846702051244146,0.1305220883534136,0.1553798961774422,
temporal_spike_m2b,0.05,0.2,detector,z6,36504,0.5812110221294804,0.3441295546558704,0.231380172174396,
temporal_spike_m2b,0.05,0.2,detector,z8,22211,0.2988455765366546,0.0151975683890577,0.0398501051092221,
temporal_spike_m2b,0.05,0.2,detector,z57,40051,0.5424220755589817,0.4386317907444668,0.3733629974212469,
temporal_spike_m2b,0.05,0.2,composite,z_plus,42878,0.5811136712967964,0.178714859437751,0.1015809344030203,p_z_plus
temporal_spike_m2b,0.05,0.2,composite,z_plus_renorm,41638,0.5572041784787574,0.1292929292929293,0.0865517828063097,p_z_plus_renorm
temporal_spike_m2b,0.05,0.2,composite,breadth,42878,0.5624764276549331,0.002008032128514,0.0062529495044832,p_breadth
temporal_spike_m2b,0.05,0.2,composite,z_mahalanobis_sq,22146,0.5386873095950245,0.2765957446808511,0.2415547508823394,p_z_mahalanobis_sq
temporal_spike_m2b,0.05,0.2,composite,t_iut,42878,0.4692469263557297,0.0803212851405622,0.1245162812647475,p_t_iut
temporal_spike_m2b,0.05,0.2,composite,z_plus_softmax,41638,0.5473671650761314,0.0989898989898989,0.0784580609095107,p_z_plus_softmax
temporal_spike_m2b,0.05,0.2,composite,z_plus_orth,41638,0.5505702088085482,0.0686868686868686,0.0583331307877403,p_z_plus_orth
temporal_spike_m2b,0.05,0.3,detector,z1,38743,0.5131121403945295,0.0865191146881287,0.0978141504993986,
temporal_spike_m2b,0.05,0.3,detector,z2,41153,0.5001244925588468,0.2670682730923694,0.2805804944041323,
temporal_spike_m2b,0.05,0.3,detector,z3,37453,0.5377500782987936,0.0516528925619834,0.0262381995726148,
temporal_spike_m2b,0.05,0.3,detector,z4,42878,0.4846675754457186,0.1305220883534136,0.1553798961774422,
temporal_spike_m2b,0.05,0.3,detector,z6,36504,0.6026953264219228,0.3663967611336032,0.2316578728131074,
temporal_spike_m2b,0.05,0.3,detector,z8,22211,0.2988455765366546,0.0151975683890577,0.0398501051092221,
temporal_spike_m2b,0.05,0.3,detector,z57,40051,0.5411467134200256,0.4366197183098591,0.3727562319866511,
temporal_spike_m2b,0.05,0.3,composite,z_plus,42878,0.588025414541602,0.1867469879518072,0.1014157621519584,p_z_plus
temporal_spike_m2b,0.05,0.3,composite,z_plus_renorm,41637,0.5606741342323136,0.1350806451612903,0.0860455506672176,p_z_plus_renorm
temporal_spike_m2b,0.05,0.3,composite,breadth,42878,0.5704944601435473,0.0,0.0062529495044832,p_breadth
temporal_spike_m2b,0.05,0.3,composite,z_mahalanobis_sq,22146,0.5473519506622718,0.2735562310030395,0.2414172434340193,p_z_mahalanobis_sq
temporal_spike_m2b,0.05,0.3,composite,t_iut,42878,0.4695351723079197,0.0803212851405622,0.124020764511562,p_t_iut
temporal_spike_m2b,0.05,0.3,composite,z_plus_softmax,41637,0.5513991860015635,0.0967741935483871,0.0783160350988065,p_z_plus_softmax
temporal_spike_m2b,0.05,0.3,composite,z_plus_orth,41637,0.5547763405707046,0.0604838709677419,0.0578255268466979,p_z_plus_orth
temporal_spike_m2b,0.1,0.05,detector,z1,38743,0.5175710172765927,0.090543259557344,0.0981017622757935,
temporal_spike_m2b,0.1,0.05,detector,z2,41153,0.5010257238522409,0.2791164658634538,0.2816381748862379,
temporal_spike_m2b,0.1,0.05,detector,z3,37453,0.5445329278562405,0.0413223140495867,0.0251021125808109,
temporal_spike_m2b,0.1,0.05,detector,z4,42878,0.4846675517549196,0.1305220883534136,0.1553798961774422,
temporal_spike_m2b,0.1,0.05,detector,z6,36504,0.5415479224731772,0.2813765182186235,0.2305193001943904,
temporal_spike_m2b,0.1,0.05,detector,z8,22211,0.2988455765366546,0.0151975683890577,0.0398501051092221,
temporal_spike_m2b,0.1,0.05,detector,z57,40051,0.5446091627888381,0.4265593561368209,0.3624917833847398,
temporal_spike_m2b,0.1,0.05,composite,z_plus,42878,0.5692555024249902,0.1506024096385542,0.1015337423312883,p_z_plus
temporal_spike_m2b,0.1,0.05,composite,z_plus_renorm,41636,0.5462999504782641,0.1212121212121212,0.0860212440144867,p_z_plus_renorm
temporal_spike_m2b,0.1,0.05,composite,breadth,42878,0.5554802030206716,0.002008032128514,0.0063473336479471,p_breadth
temporal_spike_m2b,0.1,0.05,composite,z_mahalanobis_sq,22146,0.5232072031054671,0.2735562310030395,0.2417380941467662,p_z_mahalanobis_sq
temporal_spike_m2b,0.1,0.05,composite,t_iut,42878,0.4735638637608481,0.0863453815261044,0.1239263803680981,p_t_iut
temporal_spike_m2b,0.1,0.05,composite,z_plus_softmax,41636,0.542701902965387,0.0949494949494949,0.0784375683624608,p_z_plus_softmax
temporal_spike_m2b,0.1,0.05,composite,z_plus_orth,41636,0.544979387221919,0.0747474747474747,0.0582144332903915,p_z_plus_orth
temporal_spike_m2b,0.1,0.1,detector,z1,38743,0.5157669333471939,0.0925553319919517,0.0978141504993986,
temporal_spike_m2b,0.1,0.1,detector,z2,41153,0.5008839440902214,0.2771084337349397,0.2816627721067519,
temporal_spike_m2b,0.1,0.1,detector,z3,37453,0.5449716190625651,0.0413223140495867,0.0260218020503665,
temporal_spike_m2b,0.1,0.1,detector,z4,42878,0.4846677886629102,0.1305220883534136,0.1553798961774422,
temporal_spike_m2b,0.1,0.1,detector,z6,36504,0.5576537444052315,0.305668016194332,0.2308803110247153,
temporal_spike_m2b,0.1,0.1,detector,z8,22211,0.2988455765366546,0.0151975683890577,0.0398501051092221,
temporal_spike_m2b,0.1,0.1,detector,z57,40051,0.5434728510619768,0.4285714285714285,0.3674217525408302,
temporal_spike_m2b,0.1,0.1,composite,z_plus,42878,0.5744351402779595,0.1646586345381526,0.1016045304388862,p_z_plus
temporal_spike_m2b,0.1,0.1,composite,z_plus_renorm,41639,0.5503684767173975,0.1232323232323232,0.0861121913280186,p_z_plus_renorm
temporal_spike_m2b,0.1,0.1,composite,breadth,42878,0.5595793272192119,0.002008032128514,0.0062293534686172,p_breadth
temporal_spike_m2b,0.1,0.1,composite,z_mahalanobis_sq,22146,0.5286010616355195,0.2765957446808511,0.2418297657789797,p_z_mahalanobis_sq
temporal_spike_m2b,0.1,0.1,composite,t_iut,42878,0.4702987504524943,0.0823293172690763,0.1240915526191599,p_t_iut
temporal_spike_m2b,0.1,0.1,composite,z_plus_softmax,41639,0.5433766991320949,0.0969696969696969,0.0785290686369823,p_z_plus_softmax
temporal_spike_m2b,0.1,0.1,composite,z_plus_orth,41639,0.5462031848722496,0.0727272727272727,0.058137273964612,p_z_plus_orth
temporal_spike_m2b,0.1,0.15,detector,z1,38743,0.5150930421729246,0.090543259557344,0.0978402970245254,
temporal_spike_m2b,0.1,0.15,detector,z2,41153,0.5007915810332709,0.2831325301204819,0.2829664247939983,
temporal_spike_m2b,0.1,0.15,detector,z3,37453,0.5445868036856433,0.0433884297520661,0.0262381995726148,
temporal_spike_m2b,0.1,0.15,detector,z4,42878,0.4846659407805834,0.1305220883534136,0.1553798961774422,
temporal_spike_m2b,0.1,0.15,detector,z6,36504,0.5702556757176088,0.3319838056680162,0.2312135517911691,
temporal_spike_m2b,0.1,0.15,detector,z8,22211,0.2988455765366546,0.0151975683890577,0.0398501051092221,
temporal_spike_m2b,0.1,0.15,detector,z57,40051,0.5432013886423156,0.4346076458752515,0.3736158163523285,
temporal_spike_m2b,0.1,0.15,composite,z_plus,42878,0.5793492753458382,0.1726907630522088,0.1016989145823501,p_z_plus
temporal_spike_m2b,0.1,0.15,composite,z_plus_renorm,41639,0.5558477051282806,0.1353535353535353,0.0862337157301186,p_z_plus_renorm
temporal_spike_m2b,0.1,0.15,composite,breadth,42878,0.5600150010139662,0.002008032128514,0.0063709296838131,p_breadth
temporal_spike_m2b,0.1,0.15,composite,z_mahalanobis_sq,22146,0.5360706278378325,0.2826747720364742,0.2418756015950864,p_z_mahalanobis_sq
temporal_spike_m2b,0.1,0.15,composite,t_iut,42878,0.4688321478457483,0.0803212851405622,0.1247994336951392,p_t_iut
temporal_spike_m2b,0.1,0.15,composite,z_plus_softmax,41639,0.5481526572353911,0.103030303030303,0.0784561539957223,p_z_plus_softmax
temporal_spike_m2b,0.1,0.15,composite,z_plus_orth,41639,0.5510140045211989,0.0707070707070707,0.0583803227688119,p_z_plus_orth
temporal_spike_m2b,0.1,0.2,detector,z1,38743,0.5143017020703944,0.0865191146881287,0.0978664435496522,
temporal_spike_m2b,0.1,0.2,detector,z2,41153,0.5002244125931842,0.2791164658634538,0.2828434386914278,
temporal_spike_m2b,0.1,0.2,detector,z3,37453,0.5428996630860478,0.0454545454545454,0.0262381995726148,
temporal_spike_m2b,0.1,0.2,detector,z4,42878,0.4846702051244146,0.1305220883534136,0.1553798961774422,
temporal_spike_m2b,0.1,0.2,detector,z6,36504,0.5812110221294804,0.3441295546558704,0.231380172174396,
temporal_spike_m2b,0.1,0.2,detector,z8,22211,0.2988455765366546,0.0151975683890577,0.0398501051092221,
temporal_spike_m2b,0.1,0.2,detector,z57,40051,0.5424220755589817,0.4386317907444668,0.3733629974212469,
temporal_spike_m2b,0.1,0.2,composite,z_plus,42878,0.5811136712967964,0.178714859437751,0.1015809344030203,p_z_plus
temporal_spike_m2b,0.1,0.2,composite,z_plus_renorm,41638,0.5572041784787574,0.1292929292929293,0.0865517828063097,p_z_plus_renorm
temporal_spike_m2b,0.1,0.2,composite,breadth,42878,0.5624764276549331,0.002008032128514,0.0062529495044832,p_breadth
temporal_spike_m2b,0.1,0.2,composite,z_mahalanobis_sq,22146,0.5386873095950245,0.2765957446808511,0.2415547508823394,p_z_mahalanobis_sq
temporal_spike_m2b,0.1,0.2,composite,t_iut,42878,0.4692469263557297,0.0803212851405622,0.1245162812647475,p_t_iut
temporal_spike_m2b,0.1,0.2,composite,z_plus_softmax,41638,0.5473671650761314,0.0989898989898989,0.0784580609095107,p_z_plus_softmax
temporal_spike_m2b,0.1,0.2,composite,z_plus_orth,41638,0.5505702088085482,0.0686868686868686,0.0583331307877403,p_z_plus_orth
temporal_spike_m2b,0.1,0.3,detector,z1,38743,0.5131121403945295,0.0865191146881287,0.0978141504993986,
temporal_spike_m2b,0.1,0.3,detector,z2,41153,0.5001244925588468,0.2670682730923694,0.2805804944041323,
temporal_spike_m2b,0.1,0.3,detector,z3,37453,0.5377500782987936,0.0516528925619834,0.0262381995726148,
temporal_spike_m2b,0.1,0.3,detector,z4,42878,0.4846675754457186,0.1305220883534136,0.1553798961774422,
temporal_spike_m2b,0.1,0.3,detector,z6,36504,0.6026953264219228,0.3663967611336032,0.2316578728131074,
temporal_spike_m2b,0.1,0.3,detector,z8,22211,0.2988455765366546,0.0151975683890577,0.0398501051092221,
temporal_spike_m2b,0.1,0.3,detector,z57,40051,0.5411467134200256,0.4366197183098591,0.3727562319866511,
temporal_spike_m2b,0.1,0.3,composite,z_plus,42878,0.588025414541602,0.1867469879518072,0.1014157621519584,p_z_plus
temporal_spike_m2b,0.1,0.3,composite,z_plus_renorm,41637,0.5606741342323136,0.1350806451612903,0.0860455506672176,p_z_plus_renorm
temporal_spike_m2b,0.1,0.3,composite,breadth,42878,0.5704944601435473,0.0,0.0062529495044832,p_breadth
temporal_spike_m2b,0.1,0.3,composite,z_mahalanobis_sq,22146,0.5473519506622718,0.2735562310030395,0.2414172434340193,p_z_mahalanobis_sq
temporal_spike_m2b,0.1,0.3,composite,t_iut,42878,0.4695351723079197,0.0803212851405622,0.124020764511562,p_t_iut
temporal_spike_m2b,0.1,0.3,composite,z_plus_softmax,41637,0.5513991860015635,0.0967741935483871,0.0783160350988065,p_z_plus_softmax
temporal_spike_m2b,0.1,0.3,composite,z_plus_orth,41637,0.5547763405707046,0.0604838709677419,0.0578255268466979,p_z_plus_orth
benford_m3_v2,0.01,0.05,detector,z1,38743,0.5428151012649931,0.1100478468899521,0.097429876060013,
benford_m3_v2,0.01,0.05,detector,z2,41153,0.3647897510305059,0.2060889929742388,0.2825467760153219,
benford_m3_v2,0.01,0.05,detector,z3,37453,0.6152205406391432,0.0702576112412178,0.0259817425592826,
benford_m3_v2,0.01,0.05,detector,z4,42878,0.7056884825619072,0.3822843822843823,0.1509576197319136,
benford_m3_v2,0.01,0.05,detector,z6,36505,0.6731012829372353,0.5036144578313253,0.2297312274868384,
benford_m3_v2,0.01,0.05,detector,z8,22211,0.4519041438698526,0.0396825396825396,0.0394371328384716,
benford_m3_v2,0.01,0.05,detector,z57,40051,0.8455056754864941,0.9347319347319348,0.3566200595628691,
benford_m3_v2,0.01,0.05,composite,z_plus,42878,0.8170798239115513,0.4382284382284382,0.0994605291055148,p_z_plus
benford_m3_v2,0.01,0.05,composite,z_plus_renorm,41636,0.7761552156679198,0.2680652680652681,0.0857135923508141,p_z_plus_renorm
benford_m3_v2,0.01,0.05,composite,breadth,42878,0.6915664765084069,0.0093240093240093,0.0061721124172536,p_breadth
benford_m3_v2,0.01,0.05,composite,z_mahalanobis_sq,22146,0.8374808420368848,0.7976190476190477,0.2357266831095277,p_z_mahalanobis_sq
benford_m3_v2,0.01,0.05,composite,t_iut,42878,0.3736143869009189,0.1142191142191142,0.1231359984923084,p_t_iut
benford_m3_v2,0.01,0.05,composite,z_plus_softmax,41636,0.7612090710593392,0.1631701631701631,0.0784575436212294,p_z_plus_softmax
benford_m3_v2,0.01,0.05,composite,z_plus_orth,41636,0.7560474002340676,0.1048951048951049,0.0582425316087072,p_z_plus_orth
benford_m3_v2,0.01,0.1,detector,z1,38743,0.5428151012649931,0.1100478468899521,0.097429876060013,
benford_m3_v2,0.01,0.1,detector,z2,41153,0.3647897510305059,0.2060889929742388,0.2825467760153219,
benford_m3_v2,0.01,0.1,detector,z3,37453,0.6152205406391432,0.0702576112412178,0.0259817425592826,
benford_m3_v2,0.01,0.1,detector,z4,42878,0.7056884825619072,0.3822843822843823,0.1509576197319136,
benford_m3_v2,0.01,0.1,detector,z6,36505,0.6731012829372353,0.5036144578313253,0.2297312274868384,
benford_m3_v2,0.01,0.1,detector,z8,22211,0.4519041438698526,0.0396825396825396,0.0394371328384716,
benford_m3_v2,0.01,0.1,detector,z57,40051,0.8455056754864941,0.9347319347319348,0.3566200595628691,
benford_m3_v2,0.01,0.1,composite,z_plus,42878,0.8170798239115513,0.4382284382284382,0.0994605291055148,p_z_plus
benford_m3_v2,0.01,0.1,composite,z_plus_renorm,41636,0.7761552156679198,0.2680652680652681,0.0857135923508141,p_z_plus_renorm
benford_m3_v2,0.01,0.1,composite,breadth,42878,0.6915664765084069,0.0093240093240093,0.0061721124172536,p_breadth
benford_m3_v2,0.01,0.1,composite,z_mahalanobis_sq,22146,0.8374808420368848,0.7976190476190477,0.2357266831095277,p_z_mahalanobis_sq
benford_m3_v2,0.01,0.1,composite,t_iut,42878,0.3736143869009189,0.1142191142191142,0.1231359984923084,p_t_iut
benford_m3_v2,0.01,0.1,composite,z_plus_softmax,41636,0.7612090710593392,0.1631701631701631,0.0784575436212294,p_z_plus_softmax
benford_m3_v2,0.01,0.1,composite,z_plus_orth,41636,0.7560474002340676,0.1048951048951049,0.0582425316087072,p_z_plus_orth
benford_m3_v2,0.01,0.15,detector,z1,38743,0.5428151012649931,0.1100478468899521,0.097429876060013,
benford_m3_v2,0.01,0.15,detector,z2,41153,0.3647897510305059,0.2060889929742388,0.2825467760153219,
benford_m3_v2,0.01,0.15,detector,z3,37453,0.6152205406391432,0.0702576112412178,0.0259817425592826,
benford_m3_v2,0.01,0.15,detector,z4,42878,0.7056884825619072,0.3822843822843823,0.1509576197319136,
benford_m3_v2,0.01,0.15,detector,z6,36505,0.6731012829372353,0.5036144578313253,0.2297312274868384,
benford_m3_v2,0.01,0.15,detector,z8,22211,0.4519041438698526,0.0396825396825396,0.0394371328384716,
benford_m3_v2,0.01,0.15,detector,z57,40051,0.8455056754864941,0.9347319347319348,0.3566200595628691,
benford_m3_v2,0.01,0.15,composite,z_plus,42878,0.8170798239115513,0.4382284382284382,0.0994605291055148,p_z_plus
benford_m3_v2,0.01,0.15,composite,z_plus_renorm,41636,0.7761552156679198,0.2680652680652681,0.0857135923508141,p_z_plus_renorm
benford_m3_v2,0.01,0.15,composite,breadth,42878,0.6915664765084069,0.0093240093240093,0.0061721124172536,p_breadth
benford_m3_v2,0.01,0.15,composite,z_mahalanobis_sq,22146,0.8374808420368848,0.7976190476190477,0.2357266831095277,p_z_mahalanobis_sq
benford_m3_v2,0.01,0.15,composite,t_iut,42878,0.3736143869009189,0.1142191142191142,0.1231359984923084,p_t_iut
benford_m3_v2,0.01,0.15,composite,z_plus_softmax,41636,0.7612090710593392,0.1631701631701631,0.0784575436212294,p_z_plus_softmax
benford_m3_v2,0.01,0.15,composite,z_plus_orth,41636,0.7560474002340676,0.1048951048951049,0.0582425316087072,p_z_plus_orth
benford_m3_v2,0.01,0.2,detector,z1,38743,0.5428151012649931,0.1100478468899521,0.097429876060013,
benford_m3_v2,0.01,0.2,detector,z2,41153,0.3647897510305059,0.2060889929742388,0.2825467760153219,
benford_m3_v2,0.01,0.2,detector,z3,37453,0.6152205406391432,0.0702576112412178,0.0259817425592826,
benford_m3_v2,0.01,0.2,detector,z4,42878,0.7056884825619072,0.3822843822843823,0.1509576197319136,
benford_m3_v2,0.01,0.2,detector,z6,36505,0.6731012829372353,0.5036144578313253,0.2297312274868384,
benford_m3_v2,0.01,0.2,detector,z8,22211,0.4519041438698526,0.0396825396825396,0.0394371328384716,
benford_m3_v2,0.01,0.2,detector,z57,40051,0.8455056754864941,0.9347319347319348,0.3566200595628691,
benford_m3_v2,0.01,0.2,composite,z_plus,42878,0.8170798239115513,0.4382284382284382,0.0994605291055148,p_z_plus
benford_m3_v2,0.01,0.2,composite,z_plus_renorm,41636,0.7761552156679198,0.2680652680652681,0.0857135923508141,p_z_plus_renorm
benford_m3_v2,0.01,0.2,composite,breadth,42878,0.6915664765084069,0.0093240093240093,0.0061721124172536,p_breadth
benford_m3_v2,0.01,0.2,composite,z_mahalanobis_sq,22146,0.8374808420368848,0.7976190476190477,0.2357266831095277,p_z_mahalanobis_sq
benford_m3_v2,0.01,0.2,composite,t_iut,42878,0.3736143869009189,0.1142191142191142,0.1231359984923084,p_t_iut
benford_m3_v2,0.01,0.2,composite,z_plus_softmax,41636,0.7612090710593392,0.1631701631701631,0.0784575436212294,p_z_plus_softmax
benford_m3_v2,0.01,0.2,composite,z_plus_orth,41636,0.7560474002340676,0.1048951048951049,0.0582425316087072,p_z_plus_orth
benford_m3_v2,0.01,0.3,detector,z1,38743,0.5428151012649931,0.1100478468899521,0.097429876060013,
benford_m3_v2,0.01,0.3,detector,z2,41153,0.3647897510305059,0.2060889929742388,0.2825467760153219,
benford_m3_v2,0.01,0.3,detector,z3,37453,0.6152205406391432,0.0702576112412178,0.0259817425592826,
benford_m3_v2,0.01,0.3,detector,z4,42878,0.7056884825619072,0.3822843822843823,0.1509576197319136,
benford_m3_v2,0.01,0.3,detector,z6,36505,0.6731012829372353,0.5036144578313253,0.2297312274868384,
benford_m3_v2,0.01,0.3,detector,z8,22211,0.4519041438698526,0.0396825396825396,0.0394371328384716,
benford_m3_v2,0.01,0.3,detector,z57,40051,0.8455056754864941,0.9347319347319348,0.3566200595628691,
benford_m3_v2,0.01,0.3,composite,z_plus,42878,0.8170798239115513,0.4382284382284382,0.0994605291055148,p_z_plus
benford_m3_v2,0.01,0.3,composite,z_plus_renorm,41636,0.7761552156679198,0.2680652680652681,0.0857135923508141,p_z_plus_renorm
benford_m3_v2,0.01,0.3,composite,breadth,42878,0.6915664765084069,0.0093240093240093,0.0061721124172536,p_breadth
benford_m3_v2,0.01,0.3,composite,z_mahalanobis_sq,22146,0.8374808420368848,0.7976190476190477,0.2357266831095277,p_z_mahalanobis_sq
benford_m3_v2,0.01,0.3,composite,t_iut,42878,0.3736143869009189,0.1142191142191142,0.1231359984923084,p_t_iut
benford_m3_v2,0.01,0.3,composite,z_plus_softmax,41636,0.7612090710593392,0.1631701631701631,0.0784575436212294,p_z_plus_softmax
benford_m3_v2,0.01,0.3,composite,z_plus_orth,41636,0.7560474002340676,0.1048951048951049,0.0582425316087072,p_z_plus_orth
benford_m3_v2,0.05,0.05,detector,z1,38743,0.5119303871801653,0.1019924098671726,0.0957281288385423,
benford_m3_v2,0.05,0.05,detector,z2,41153,0.3318247033313379,0.1708001871782873,0.2874461759278245,
benford_m3_v2,0.05,0.05,detector,z3,37453,0.6081287410767949,0.0915887850467289,0.0249483193158326,
benford_m3_v2,0.05,0.05,detector,z4,42878,0.7017268111497308,0.3824626865671642,0.1412088181862817,
benford_m3_v2,0.05,0.05,detector,z6,36507,0.6421308276781547,0.4310344827586206,0.2262994276417095,
benford_m3_v2,0.05,0.05,detector,z8,22211,0.5031291966440491,0.0412287793047696,0.0389529894154667,
benford_m3_v2,0.05,0.05,detector,z57,40051,0.8621926344482509,0.9235074626865672,0.3294905954045427,
benford_m3_v2,0.05,0.05,composite,z_plus,42878,0.8086548232196653,0.376865671641791,0.0938528010998183,p_z_plus
benford_m3_v2,0.05,0.05,composite,z_plus_renorm,41644,0.7684593094653315,0.2383395522388059,0.0851139240506329,p_z_plus_renorm
benford_m3_v2,0.05,0.05,composite,breadth,42878,0.6817777642205822,0.0065298507462686,0.0061864781263809,p_breadth
benford_m3_v2,0.05,0.05,composite,z_mahalanobis_sq,22147,0.8397063514209321,0.8147249190938511,0.2208885275692219,p_z_mahalanobis_sq
benford_m3_v2,0.05,0.05,composite,t_iut,42878,0.3567153564644739,0.1161380597014925,0.1221092944468994,p_t_iut
benford_m3_v2,0.05,0.05,composite,z_plus_softmax,41644,0.7670338359625921,0.169776119402985,0.0776202531645569,p_z_plus_softmax
benford_m3_v2,0.05,0.05,composite,z_plus_orth,41644,0.7598230032590213,0.1091417910447761,0.0581772151898734,p_z_plus_orth
benford_m3_v2,0.05,0.1,detector,z1,38743,0.5119303871801653,0.1019924098671726,0.0957281288385423,
benford_m3_v2,0.05,0.1,detector,z2,41153,0.3318247033313379,0.1708001871782873,0.2874461759278245,
benford_m3_v2,0.05,0.1,detector,z3,37453,0.6081287410767949,0.0915887850467289,0.0249483193158326,
benford_m3_v2,0.05,0.1,detector,z4,42878,0.7017268111497308,0.3824626865671642,0.1412088181862817,
benford_m3_v2,0.05,0.1,detector,z6,36507,0.6421308276781547,0.4310344827586206,0.2262994276417095,
benford_m3_v2,0.05,0.1,detector,z8,22211,0.5031291966440491,0.0412287793047696,0.0389529894154667,
benford_m3_v2,0.05,0.1,detector,z57,40051,0.8621926344482509,0.9235074626865672,0.3294905954045427,
benford_m3_v2,0.05,0.1,composite,z_plus,42878,0.8086548232196653,0.376865671641791,0.0938528010998183,p_z_plus
benford_m3_v2,0.05,0.1,composite,z_plus_renorm,41644,0.7684593094653315,0.2383395522388059,0.0851139240506329,p_z_plus_renorm
benford_m3_v2,0.05,0.1,composite,breadth,42878,0.6817777642205822,0.0065298507462686,0.0061864781263809,p_breadth
benford_m3_v2,0.05,0.1,composite,z_mahalanobis_sq,22147,0.8397063514209321,0.8147249190938511,0.2208885275692219,p_z_mahalanobis_sq
benford_m3_v2,0.05,0.1,composite,t_iut,42878,0.3567153564644739,0.1161380597014925,0.1221092944468994,p_t_iut
benford_m3_v2,0.05,0.1,composite,z_plus_softmax,41644,0.7670338359625921,0.169776119402985,0.0776202531645569,p_z_plus_softmax
benford_m3_v2,0.05,0.1,composite,z_plus_orth,41644,0.7598230032590213,0.1091417910447761,0.0581772151898734,p_z_plus_orth
benford_m3_v2,0.05,0.15,detector,z1,38743,0.5119303871801653,0.1019924098671726,0.0957281288385423,
benford_m3_v2,0.05,0.15,detector,z2,41153,0.3318247033313379,0.1708001871782873,0.2874461759278245,
benford_m3_v2,0.05,0.15,detector,z3,37453,0.6081287410767949,0.0915887850467289,0.0249483193158326,
benford_m3_v2,0.05,0.15,detector,z4,42878,0.7017268111497308,0.3824626865671642,0.1412088181862817,
benford_m3_v2,0.05,0.15,detector,z6,36507,0.6421308276781547,0.4310344827586206,0.2262994276417095,
benford_m3_v2,0.05,0.15,detector,z8,22211,0.5031291966440491,0.0412287793047696,0.0389529894154667,
benford_m3_v2,0.05,0.15,detector,z57,40051,0.8621926344482509,0.9235074626865672,0.3294905954045427,
benford_m3_v2,0.05,0.15,composite,z_plus,42878,0.8086548232196653,0.376865671641791,0.0938528010998183,p_z_plus
benford_m3_v2,0.05,0.15,composite,z_plus_renorm,41644,0.7684593094653315,0.2383395522388059,0.0851139240506329,p_z_plus_renorm
benford_m3_v2,0.05,0.15,composite,breadth,42878,0.6817777642205822,0.0065298507462686,0.0061864781263809,p_breadth
benford_m3_v2,0.05,0.15,composite,z_mahalanobis_sq,22147,0.8397063514209321,0.8147249190938511,0.2208885275692219,p_z_mahalanobis_sq
benford_m3_v2,0.05,0.15,composite,t_iut,42878,0.3567153564644739,0.1161380597014925,0.1221092944468994,p_t_iut
benford_m3_v2,0.05,0.15,composite,z_plus_softmax,41644,0.7670338359625921,0.169776119402985,0.0776202531645569,p_z_plus_softmax
benford_m3_v2,0.05,0.15,composite,z_plus_orth,41644,0.7598230032590213,0.1091417910447761,0.0581772151898734,p_z_plus_orth
benford_m3_v2,0.05,0.2,detector,z1,38743,0.5119303871801653,0.1019924098671726,0.0957281288385423,
benford_m3_v2,0.05,0.2,detector,z2,41153,0.3318247033313379,0.1708001871782873,0.2874461759278245,
benford_m3_v2,0.05,0.2,detector,z3,37453,0.6081287410767949,0.0915887850467289,0.0249483193158326,
benford_m3_v2,0.05,0.2,detector,z4,42878,0.7017268111497308,0.3824626865671642,0.1412088181862817,
benford_m3_v2,0.05,0.2,detector,z6,36507,0.6421308276781547,0.4310344827586206,0.2262994276417095,
benford_m3_v2,0.05,0.2,detector,z8,22211,0.5031291966440491,0.0412287793047696,0.0389529894154667,
benford_m3_v2,0.05,0.2,detector,z57,40051,0.8621926344482509,0.9235074626865672,0.3294905954045427,
benford_m3_v2,0.05,0.2,composite,z_plus,42878,0.8086548232196653,0.376865671641791,0.0938528010998183,p_z_plus
benford_m3_v2,0.05,0.2,composite,z_plus_renorm,41644,0.7684593094653315,0.2383395522388059,0.0851139240506329,p_z_plus_renorm
benford_m3_v2,0.05,0.2,composite,breadth,42878,0.6817777642205822,0.0065298507462686,0.0061864781263809,p_breadth
benford_m3_v2,0.05,0.2,composite,z_mahalanobis_sq,22147,0.8397063514209321,0.8147249190938511,0.2208885275692219,p_z_mahalanobis_sq
benford_m3_v2,0.05,0.2,composite,t_iut,42878,0.3567153564644739,0.1161380597014925,0.1221092944468994,p_t_iut
benford_m3_v2,0.05,0.2,composite,z_plus_softmax,41644,0.7670338359625921,0.169776119402985,0.0776202531645569,p_z_plus_softmax
benford_m3_v2,0.05,0.2,composite,z_plus_orth,41644,0.7598230032590213,0.1091417910447761,0.0581772151898734,p_z_plus_orth
benford_m3_v2,0.05,0.3,detector,z1,38743,0.5119303871801653,0.1019924098671726,0.0957281288385423,
benford_m3_v2,0.05,0.3,detector,z2,41153,0.3318247033313379,0.1708001871782873,0.2874461759278245,
benford_m3_v2,0.05,0.3,detector,z3,37453,0.6081287410767949,0.0915887850467289,0.0249483193158326,
benford_m3_v2,0.05,0.3,detector,z4,42878,0.7017268111497308,0.3824626865671642,0.1412088181862817,
benford_m3_v2,0.05,0.3,detector,z6,36507,0.6421308276781547,0.4310344827586206,0.2262994276417095,
benford_m3_v2,0.05,0.3,detector,z8,22211,0.5031291966440491,0.0412287793047696,0.0389529894154667,
benford_m3_v2,0.05,0.3,detector,z57,40051,0.8621926344482509,0.9235074626865672,0.3294905954045427,
benford_m3_v2,0.05,0.3,composite,z_plus,42878,0.8086548232196653,0.376865671641791,0.0938528010998183,p_z_plus
benford_m3_v2,0.05,0.3,composite,z_plus_renorm,41644,0.7684593094653315,0.2383395522388059,0.0851139240506329,p_z_plus_renorm
benford_m3_v2,0.05,0.3,composite,breadth,42878,0.6817777642205822,0.0065298507462686,0.0061864781263809,p_breadth
benford_m3_v2,0.05,0.3,composite,z_mahalanobis_sq,22147,0.8397063514209321,0.8147249190938511,0.2208885275692219,p_z_mahalanobis_sq
benford_m3_v2,0.05,0.3,composite,t_iut,42878,0.3567153564644739,0.1161380597014925,0.1221092944468994,p_t_iut
benford_m3_v2,0.05,0.3,composite,z_plus_softmax,41644,0.7670338359625921,0.169776119402985,0.0776202531645569,p_z_plus_softmax
benford_m3_v2,0.05,0.3,composite,z_plus_orth,41644,0.7598230032590213,0.1091417910447761,0.0581772151898734,p_z_plus_orth
benford_m3_v2,0.1,0.05,detector,z1,38743,0.5010680383653179,0.1002137259558299,0.0935653886250434,
benford_m3_v2,0.1,0.05,detector,z2,41153,0.3305117045895255,0.1821161048689138,0.2915593394973021,
benford_m3_v2,0.1,0.05,detector,z3,37453,0.6179586046889507,0.0911854103343465,0.023571256329877,
benford_m3_v2,0.1,0.05,detector,z4,42878,0.709187511240442,0.3670708955223881,0.1273646022285566,
benford_m3_v2,0.1,0.05,detector,z6,36509,0.6053301567400728,0.3661057692307692,0.2212433150947479,
benford_m3_v2,0.1,0.05,detector,z8,22211,0.4841712212647071,0.0465676435166599,0.0394016227180527,
benford_m3_v2,0.1,0.05,detector,z57,40051,0.8829965148619372,0.9263059701492538,0.2925929032799261,
benford_m3_v2,0.1,0.05,composite,z_plus,42878,0.8149830287455571,0.3344216417910448,0.0796320290230629,p_z_plus
benford_m3_v2,0.1,0.05,composite,z_plus_renorm,41630,0.7774532550213601,0.218801026358759,0.0765069758723187,p_z_plus_renorm
benford_m3_v2,0.1,0.05,composite,breadth,42878,0.6790098101259704,0.0044309701492537,0.0061674008810572,p_breadth
benford_m3_v2,0.1,0.05,composite,z_mahalanobis_sq,22147,0.8607333030550242,0.8216867469879519,0.1785623442030828,p_z_mahalanobis_sq
benford_m3_v2,0.1,0.05,composite,t_iut,42878,0.3471012078519684,0.1051772388059701,0.1222596527597823,p_t_iut
benford_m3_v2,0.1,0.05,composite,z_plus_softmax,41630,0.7786962258179164,0.1511546536039188,0.0711244409929571,p_z_plus_softmax
benford_m3_v2,0.1,0.05,composite,z_plus_orth,41630,0.7707482125570042,0.0956379752740844,0.0546019334279516,p_z_plus_orth
benford_m3_v2,0.1,0.1,detector,z1,38743,0.5010680383653179,0.1002137259558299,0.0935653886250434,
benford_m3_v2,0.1,0.1,detector,z2,41153,0.3305117045895255,0.1821161048689138,0.2915593394973021,
benford_m3_v2,0.1,0.1,detector,z3,37453,0.6179586046889507,0.0911854103343465,0.023571256329877,
benford_m3_v2,0.1,0.1,detector,z4,42878,0.709187511240442,0.3670708955223881,0.1273646022285566,
benford_m3_v2,0.1,0.1,detector,z6,36509,0.6053301567400728,0.3661057692307692,0.2212433150947479,
benford_m3_v2,0.1,0.1,detector,z8,22211,0.4841712212647071,0.0465676435166599,0.0394016227180527,
benford_m3_v2,0.1,0.1,detector,z57,40051,0.8829965148619372,0.9263059701492538,0.2925929032799261,
benford_m3_v2,0.1,0.1,composite,z_plus,42878,0.8149830287455571,0.3344216417910448,0.0796320290230629,p_z_plus
benford_m3_v2,0.1,0.1,composite,z_plus_renorm,41630,0.7774532550213601,0.218801026358759,0.0765069758723187,p_z_plus_renorm
benford_m3_v2,0.1,0.1,composite,breadth,42878,0.6790098101259704,0.0044309701492537,0.0061674008810572,p_breadth
benford_m3_v2,0.1,0.1,composite,z_mahalanobis_sq,22147,0.8607333030550242,0.8216867469879519,0.1785623442030828,p_z_mahalanobis_sq
benford_m3_v2,0.1,0.1,composite,t_iut,42878,0.3471012078519684,0.1051772388059701,0.1222596527597823,p_t_iut
benford_m3_v2,0.1,0.1,composite,z_plus_softmax,41630,0.7786962258179164,0.1511546536039188,0.0711244409929571,p_z_plus_softmax
benford_m3_v2,0.1,0.1,composite,z_plus_orth,41630,0.7707482125570042,0.0956379752740844,0.0546019334279516,p_z_plus_orth
benford_m3_v2,0.1,0.15,detector,z1,38743,0.5010680383653179,0.1002137259558299,0.0935653886250434,
benford_m3_v2,0.1,0.15,detector,z2,41153,0.3305117045895255,0.1821161048689138,0.2915593394973021,
benford_m3_v2,0.1,0.15,detector,z3,37453,0.6179586046889507,0.0911854103343465,0.023571256329877,
benford_m3_v2,0.1,0.15,detector,z4,42878,0.709187511240442,0.3670708955223881,0.1273646022285566,
benford_m3_v2,0.1,0.15,detector,z6,36509,0.6053301567400728,0.3661057692307692,0.2212433150947479,
benford_m3_v2,0.1,0.15,detector,z8,22211,0.4841712212647071,0.0465676435166599,0.0394016227180527,
benford_m3_v2,0.1,0.15,detector,z57,40051,0.8829965148619372,0.9263059701492538,0.2925929032799261,
benford_m3_v2,0.1,0.15,composite,z_plus,42878,0.8149830287455571,0.3344216417910448,0.0796320290230629,p_z_plus
benford_m3_v2,0.1,0.15,composite,z_plus_renorm,41630,0.7774532550213601,0.218801026358759,0.0765069758723187,p_z_plus_renorm
benford_m3_v2,0.1,0.15,composite,breadth,42878,0.6790098101259704,0.0044309701492537,0.0061674008810572,p_breadth
benford_m3_v2,0.1,0.15,composite,z_mahalanobis_sq,22147,0.8607333030550242,0.8216867469879519,0.1785623442030828,p_z_mahalanobis_sq
benford_m3_v2,0.1,0.15,composite,t_iut,42878,0.3471012078519684,0.1051772388059701,0.1222596527597823,p_t_iut
benford_m3_v2,0.1,0.15,composite,z_plus_softmax,41630,0.7786962258179164,0.1511546536039188,0.0711244409929571,p_z_plus_softmax
benford_m3_v2,0.1,0.15,composite,z_plus_orth,41630,0.7707482125570042,0.0956379752740844,0.0546019334279516,p_z_plus_orth
benford_m3_v2,0.1,0.2,detector,z1,38743,0.5010680383653179,0.1002137259558299,0.0935653886250434,
benford_m3_v2,0.1,0.2,detector,z2,41153,0.3305117045895255,0.1821161048689138,0.2915593394973021,
benford_m3_v2,0.1,0.2,detector,z3,37453,0.6179586046889507,0.0911854103343465,0.023571256329877,
benford_m3_v2,0.1,0.2,detector,z4,42878,0.709187511240442,0.3670708955223881,0.1273646022285566,
benford_m3_v2,0.1,0.2,detector,z6,36509,0.6053301567400728,0.3661057692307692,0.2212433150947479,
benford_m3_v2,0.1,0.2,detector,z8,22211,0.4841712212647071,0.0465676435166599,0.0394016227180527,
benford_m3_v2,0.1,0.2,detector,z57,40051,0.8829965148619372,0.9263059701492538,0.2925929032799261,
benford_m3_v2,0.1,0.2,composite,z_plus,42878,0.8149830287455571,0.3344216417910448,0.0796320290230629,p_z_plus
benford_m3_v2,0.1,0.2,composite,z_plus_renorm,41630,0.7774532550213601,0.218801026358759,0.0765069758723187,p_z_plus_renorm
benford_m3_v2,0.1,0.2,composite,breadth,42878,0.6790098101259704,0.0044309701492537,0.0061674008810572,p_breadth
benford_m3_v2,0.1,0.2,composite,z_mahalanobis_sq,22147,0.8607333030550242,0.8216867469879519,0.1785623442030828,p_z_mahalanobis_sq
benford_m3_v2,0.1,0.2,composite,t_iut,42878,0.3471012078519684,0.1051772388059701,0.1222596527597823,p_t_iut
benford_m3_v2,0.1,0.2,composite,z_plus_softmax,41630,0.7786962258179164,0.1511546536039188,0.0711244409929571,p_z_plus_softmax
benford_m3_v2,0.1,0.2,composite,z_plus_orth,41630,0.7707482125570042,0.0956379752740844,0.0546019334279516,p_z_plus_orth
benford_m3_v2,0.1,0.3,detector,z1,38743,0.5010680383653179,0.1002137259558299,0.0935653886250434,
benford_m3_v2,0.1,0.3,detector,z2,41153,0.3305117045895255,0.1821161048689138,0.2915593394973021,
benford_m3_v2,0.1,0.3,detector,z3,37453,0.6179586046889507,0.0911854103343465,0.023571256329877,
benford_m3_v2,0.1,0.3,detector,z4,42878,0.709187511240442,0.3670708955223881,0.1273646022285566,
benford_m3_v2,0.1,0.3,detector,z6,36509,0.6053301567400728,0.3661057692307692,0.2212433150947479,
benford_m3_v2,0.1,0.3,detector,z8,22211,0.4841712212647071,0.0465676435166599,0.0394016227180527,
benford_m3_v2,0.1,0.3,detector,z57,40051,0.8829965148619372,0.9263059701492538,0.2925929032799261,
benford_m3_v2,0.1,0.3,composite,z_plus,42878,0.8149830287455571,0.3344216417910448,0.0796320290230629,p_z_plus
benford_m3_v2,0.1,0.3,composite,z_plus_renorm,41630,0.7774532550213601,0.218801026358759,0.0765069758723187,p_z_plus_renorm
benford_m3_v2,0.1,0.3,composite,breadth,42878,0.6790098101259704,0.0044309701492537,0.0061674008810572,p_breadth
benford_m3_v2,0.1,0.3,composite,z_mahalanobis_sq,22147,0.8607333030550242,0.8216867469879519,0.1785623442030828,p_z_mahalanobis_sq
benford_m3_v2,0.1,0.3,composite,t_iut,42878,0.3471012078519684,0.1051772388059701,0.1222596527597823,p_t_iut
benford_m3_v2,0.1,0.3,composite,z_plus_softmax,41630,0.7786962258179164,0.1511546536039188,0.0711244409929571,p_z_plus_softmax
benford_m3_v2,0.1,0.3,composite,z_plus_orth,41630,0.7707482125570042,0.0956379752740844,0.0546019334279516,p_z_plus_orth
interstatement_m4_v2,0.01,0.05,detector,z1,38743,0.4743716723611667,0.0660377358490566,0.09791487251755,
interstatement_m4_v2,0.01,0.05,detector,z2,41153,0.4930511243005103,0.2494172494172494,0.2834692073470189,
interstatement_m4_v2,0.01,0.05,detector,z3,37453,0.4848725833647373,0.0234192037470726,0.0262248149948684,
interstatement_m4_v2,0.01,0.05,detector,z4,42878,0.5509688823901173,0.2004662004662004,0.1546326179650875,
interstatement_m4_v2,0.01,0.05,detector,z6,36504,0.544290128817734,0.2894736842105263,0.2301446544366236,
interstatement_m4_v2,0.01,0.05,detector,z8,22211,0.9331465696904556,0.6997455470737913,0.0269502245852048,
interstatement_m4_v2,0.01,0.05,detector,z57,40051,0.5819940747758627,0.4988344988344988,0.3825652415324819,
interstatement_m4_v2,0.01,0.05,composite,z_plus,42878,0.6826289449437226,0.2307692307692307,0.1003321633018445,p_z_plus
interstatement_m4_v2,0.01,0.05,composite,z_plus_renorm,41636,0.6103302632008665,0.1144859813084112,0.0860997864492331,p_z_plus_renorm
interstatement_m4_v2,0.01,0.05,composite,breadth,42878,0.6823415577096464,0.0419580419580419,0.0058658625644891,p_breadth
interstatement_m4_v2,0.01,0.05,composite,z_mahalanobis_sq,22146,0.6605584382323306,0.3622448979591837,0.2362324170267537,p_z_mahalanobis_sq
interstatement_m4_v2,0.01,0.05,composite,t_iut,42878,0.5164335966357215,0.1328671328671328,0.1228533063205258,p_t_iut
interstatement_m4_v2,0.01,0.05,composite,z_plus_softmax,41636,0.5895870811311478,0.0420560747663551,0.0788681809357406,p_z_plus_softmax
interstatement_m4_v2,0.01,0.05,composite,z_plus_orth,41636,0.5914346150461666,0.0303738317757009,0.0582168510968743,p_z_plus_orth
interstatement_m4_v2,0.01,0.1,detector,z1,38743,0.4725154819989295,0.0683962264150943,0.0979670659463973,
interstatement_m4_v2,0.01,0.1,detector,z2,41153,0.4955711585340305,0.2634032634032634,0.2834937628916609,
interstatement_m4_v2,0.01,0.1,detector,z3,37453,0.4848725833647373,0.0234192037470726,0.0262248149948684,
interstatement_m4_v2,0.01,0.1,detector,z4,42878,0.5509688823901173,0.2004662004662004,0.1546326179650875,
interstatement_m4_v2,0.01,0.1,detector,z6,36504,0.544290128817734,0.2894736842105263,0.2301446544366236,
interstatement_m4_v2,0.01,0.1,detector,z8,22211,0.9544937683641002,0.7862595419847328,0.0249793748281235,
interstatement_m4_v2,0.01,0.1,detector,z57,40051,0.5902390939365347,0.5034965034965035,0.3720660239261016,
interstatement_m4_v2,0.01,0.1,composite,z_plus,42878,0.696735273333073,0.247086247086247,0.0999552404061344,p_z_plus
interstatement_m4_v2,0.01,0.1,composite,z_plus_renorm,41635,0.6269115650208237,0.1261682242990654,0.0860290727303613,p_z_plus_renorm
interstatement_m4_v2,0.01,0.1,composite,breadth,42878,0.6844926101092323,0.0372960372960372,0.0058658625644891,p_breadth
interstatement_m4_v2,0.01,0.1,composite,z_mahalanobis_sq,22146,0.6792437187249636,0.3826530612244898,0.235910637124207,p_z_mahalanobis_sq
interstatement_m4_v2,0.01,0.1,composite,t_iut,42878,0.5168580192844604,0.1328671328671328,0.1232302292162359,p_t_iut
interstatement_m4_v2,0.01,0.1,composite,z_plus_softmax,41635,0.600272184042771,0.0420560747663551,0.0789671657728055,p_z_plus_softmax
interstatement_m4_v2,0.01,0.1,composite,z_plus_orth,41635,0.6026795646960446,0.02803738317757,0.0581939961657,p_z_plus_orth
interstatement_m4_v2,0.01,0.15,detector,z1,38743,0.4713667033990232,0.0613207547169811,0.0979409692319736,
interstatement_m4_v2,0.01,0.15,detector,z2,41153,0.4964690386063531,0.2634032634032634,0.2835919850702288,
interstatement_m4_v2,0.01,0.15,detector,z3,37453,0.4848725833647373,0.0234192037470726,0.0262248149948684,
interstatement_m4_v2,0.01,0.15,detector,z4,42878,0.5509688823901173,0.2004662004662004,0.1546326179650875,
interstatement_m4_v2,0.01,0.15,detector,z6,36504,0.544290128817734,0.2894736842105263,0.2301446544366236,
interstatement_m4_v2,0.01,0.15,detector,z8,22211,0.9633288875795762,0.8142493638676844,0.0215418461820515,
interstatement_m4_v2,0.01,0.15,detector,z57,40051,0.5942876970588847,0.5081585081585082,0.3717884003836252,
interstatement_m4_v2,0.01,0.15,composite,z_plus,42878,0.7027361669873861,0.2400932400932401,0.0998610096822068,p_z_plus
interstatement_m4_v2,0.01,0.15,composite,z_plus_renorm,41631,0.6325735683886552,0.1238317757009345,0.0861345047690702,p_z_plus_renorm
interstatement_m4_v2,0.01,0.15,composite,breadth,42878,0.6862316776566818,0.0372960372960372,0.0058658625644891,p_breadth
interstatement_m4_v2,0.01,0.15,composite,z_mahalanobis_sq,22146,0.6874337442984917,0.3877551020408163,0.2357267628941803,p_z_mahalanobis_sq
interstatement_m4_v2,0.01,0.15,composite,t_iut,42878,0.5181996539272329,0.1328671328671328,0.1229946524064171,p_t_iut
interstatement_m4_v2,0.01,0.15,composite,z_plus_softmax,41631,0.6047093646887611,0.0420560747663551,0.0790719122394,p_z_plus_softmax
interstatement_m4_v2,0.01,0.15,composite,z_plus_orth,41631,0.6075966533150998,0.02803738317757,0.0582724558891342,p_z_plus_orth
interstatement_m4_v2,0.01,0.2,detector,z1,38743,0.4718622640032262,0.0613207547169811,0.0980453560896683,
interstatement_m4_v2,0.01,0.2,detector,z2,41153,0.4967164829408224,0.261072261072261,0.2835919850702288,
interstatement_m4_v2,0.01,0.2,detector,z3,37453,0.4848725833647373,0.0234192037470726,0.0262248149948684,
interstatement_m4_v2,0.01,0.2,detector,z4,42878,0.5509688823901173,0.2004662004662004,0.1546326179650875,
interstatement_m4_v2,0.01,0.2,detector,z6,36504,0.544290128817734,0.2894736842105263,0.2301446544366236,
interstatement_m4_v2,0.01,0.2,detector,z8,22211,0.9686490389964444,0.8447837150127226,0.0207168393069942,
interstatement_m4_v2,0.01,0.2,detector,z57,40051,0.5972369839034823,0.5128205128205128,0.3717126848720408,
interstatement_m4_v2,0.01,0.2,composite,z_plus,42878,0.7063263795342289,0.247086247086247,0.0998845673631887,p_z_plus
interstatement_m4_v2,0.01,0.2,composite,z_plus_renorm,41631,0.6361105352323271,0.1238317757009345,0.0861830449239133,p_z_plus_renorm
interstatement_m4_v2,0.01,0.2,composite,breadth,42878,0.6870756906093427,0.0396270396270396,0.0058423048835072,p_breadth
interstatement_m4_v2,0.01,0.2,composite,z_mahalanobis_sq,22146,0.6921855093972866,0.3928571428571428,0.235634825779167,p_z_mahalanobis_sq
interstatement_m4_v2,0.01,0.2,composite,t_iut,42878,0.5182544571104961,0.1328671328671328,0.1229710947254352,p_t_iut
interstatement_m4_v2,0.01,0.2,composite,z_plus_softmax,41631,0.6066680960305721,0.0443925233644859,0.0791447224716646,p_z_plus_softmax
interstatement_m4_v2,0.01,0.2,composite,z_plus_orth,41631,0.6094537395312609,0.02803738317757,0.0582724558891342,p_z_plus_orth
interstatement_m4_v2,0.01,0.3,detector,z1,38743,0.4747883581079783,0.0731132075471698,0.0980975495185156,
interstatement_m4_v2,0.01,0.3,detector,z2,41153,0.4961006768172076,0.2587412587412587,0.2830026519988213,
interstatement_m4_v2,0.01,0.3,detector,z3,37453,0.4848725833647373,0.0234192037470726,0.0262248149948684,
interstatement_m4_v2,0.01,0.3,detector,z4,42878,0.5509688823901173,0.2004662004662004,0.1546326179650875,
interstatement_m4_v2,0.01,0.3,detector,z6,36504,0.544290128817734,0.2894736842105263,0.2301446544366236,
interstatement_m4_v2,0.01,0.3,detector,z8,22211,0.9749094813279509,0.8905852417302799,0.0207168393069942,
interstatement_m4_v2,0.01,0.3,detector,z57,40051,0.60140207242827,0.5221445221445221,0.3783251728837514,
interstatement_m4_v2,0.01,0.3,composite,z_plus,42878,0.7120191837499666,0.2494172494172494,0.0998845673631887,p_z_plus
interstatement_m4_v2,0.01,0.3,composite,z_plus_renorm,41633,0.6423534254871075,0.1261682242990654,0.08600897949278,p_z_plus_renorm
interstatement_m4_v2,0.01,0.3,composite,breadth,42878,0.6890387208651478,0.0419580419580419,0.0058187472025253,p_breadth
interstatement_m4_v2,0.01,0.3,composite,z_mahalanobis_sq,22146,0.6985990613032931,0.4030612244897959,0.235772731451687,p_z_mahalanobis_sq
interstatement_m4_v2,0.01,0.3,composite,t_iut,42878,0.5182009992959603,0.1351981351981352,0.1223350373389243,p_t_iut
interstatement_m4_v2,0.01,0.3,composite,z_plus_softmax,41633,0.611430538213877,0.0420560747663551,0.0790923431622376,p_z_plus_softmax
interstatement_m4_v2,0.01,0.3,composite,z_plus_orth,41633,0.6136407091508493,0.02803738317757,0.0581240140759616,p_z_plus_orth
interstatement_m4_v2,0.05,0.05,detector,z1,38743,0.4668001213208537,0.0668864813942534,0.0987711632987438,
interstatement_m4_v2,0.05,0.05,detector,z2,41153,0.4976125689804457,0.2602611940298507,0.2847035299546258,
interstatement_m4_v2,0.05,0.05,detector,z3,37453,0.5065721076224073,0.0247547874824848,0.0262800181241504,
interstatement_m4_v2,0.05,0.05,detector,z4,42878,0.5424481576962001,0.1954291044776119,0.1529680365296803,
interstatement_m4_v2,0.05,0.05,detector,z6,36504,0.4958638073891336,0.2280446385249878,0.230990331852626,
interstatement_m4_v2,0.05,0.05,detector,z8,22213,0.9299158843004915,0.5785340314136126,0.0094567305324336,
interstatement_m4_v2,0.05,0.05,detector,z57,40051,0.6151278607916705,0.5251865671641791,0.3585881235655683,
interstatement_m4_v2,0.05,0.05,composite,z_plus,42878,0.6703768153817743,0.1884328358208955,0.0998674326115775,p_z_plus
interstatement_m4_v2,0.05,0.05,composite,z_plus_renorm,41629,0.5969921357221099,0.1102288650163475,0.0885079011345218,p_z_plus_renorm
interstatement_m4_v2,0.05,0.05,composite,breadth,42878,0.6815322518813356,0.03125,0.0052535965041488,p_breadth
interstatement_m4_v2,0.05,0.05,composite,z_mahalanobis_sq,22148,0.6432691645056933,0.3631108775617446,0.2362064707335144,p_z_mahalanobis_sq
interstatement_m4_v2,0.05,0.05,composite,t_iut,42878,0.5147563261264014,0.1263992537313432,0.1242696518878578,p_t_iut
interstatement_m4_v2,0.05,0.05,composite,z_plus_softmax,41629,0.5814698694433068,0.0541802895843064,0.0813918152350081,p_z_plus_softmax
interstatement_m4_v2,0.05,0.05,composite,z_plus_orth,41629,0.5840692437227337,0.0439047174217655,0.0603727714748784,p_z_plus_orth
interstatement_m4_v2,0.05,0.1,detector,z1,38743,0.4668719915785423,0.0673575129533678,0.1000273074822501,
interstatement_m4_v2,0.05,0.1,detector,z2,41153,0.5004062818167105,0.2630597014925373,0.2828321669358353,
interstatement_m4_v2,0.05,0.1,detector,z3,37453,0.5065721076224073,0.0247547874824848,0.0262800181241504,
interstatement_m4_v2,0.05,0.1,detector,z4,42878,0.5424481576962001,0.1954291044776119,0.1529680365296803,
interstatement_m4_v2,0.05,0.1,detector,z6,36504,0.4958638073891336,0.2280446385249878,0.230990331852626,
interstatement_m4_v2,0.05,0.1,detector,z8,22213,0.9498677238785282,0.6748691099476439,0.0081761316061665,
interstatement_m4_v2,0.05,0.1,detector,z57,40051,0.6215671521209213,0.5223880597014925,0.3453715672567072,
interstatement_m4_v2,0.05,0.1,composite,z_plus,42878,0.6805623513288617,0.1963619402985074,0.0995728384150832,p_z_plus
interstatement_m4_v2,0.05,0.1,composite,z_plus_renorm,41626,0.6066568891384563,0.1092947220924801,0.088185386855768,p_z_plus_renorm
interstatement_m4_v2,0.05,0.1,composite,breadth,42878,0.6864169186198188,0.03125,0.005400893602396,p_breadth
interstatement_m4_v2,0.05,0.1,composite,z_mahalanobis_sq,22148,0.6555587380910697,0.3741460851287441,0.2359101012595702,p_z_mahalanobis_sq
interstatement_m4_v2,0.05,0.1,composite,t_iut,42878,0.518023919427388,0.125,0.124048706240487,p_t_iut
interstatement_m4_v2,0.05,0.1,composite,z_plus_softmax,41626,0.5876673497766698,0.0560485754320411,0.081701912118526,p_z_plus_softmax
interstatement_m4_v2,0.05,0.1,composite,z_plus_orth,41626,0.5902051559792156,0.0439047174217655,0.0601747499050272,p_z_plus_orth
interstatement_m4_v2,0.05,0.15,detector,z1,38743,0.4637960989017067,0.0621761658031088,0.0985253959584926,
interstatement_m4_v2,0.05,0.15,detector,z2,41153,0.5015354880791,0.2630597014925373,0.2822681945192135,
interstatement_m4_v2,0.05,0.15,detector,z3,37453,0.5065721076224073,0.0247547874824848,0.0262800181241504,
interstatement_m4_v2,0.05,0.15,detector,z4,42878,0.5424481576962001,0.1954291044776119,0.1529680365296803,
interstatement_m4_v2,0.05,0.15,detector,z6,36504,0.4958638073891336,0.2280446385249878,0.230990331852626,
interstatement_m4_v2,0.05,0.15,detector,z8,22213,0.9586436430486508,0.7047120418848167,0.0065015022410481,
interstatement_m4_v2,0.05,0.15,detector,z57,40051,0.6238739440968843,0.5382462686567164,0.3574537684332709,
interstatement_m4_v2,0.05,0.15,composite,z_plus,42878,0.6839983904952334,0.197294776119403,0.0987872538910983,p_z_plus
interstatement_m4_v2,0.05,0.15,composite,z_plus_renorm,41623,0.6104458505985061,0.1092947220924801,0.0873056076186616,p_z_plus_renorm
interstatement_m4_v2,0.05,0.15,composite,breadth,42878,0.6873828401811828,0.0307835820895522,0.005400893602396,p_breadth
interstatement_m4_v2,0.05,0.15,composite,z_mahalanobis_sq,22148,0.6605023563813075,0.373095112979506,0.2354161521363299,p_z_mahalanobis_sq
interstatement_m4_v2,0.05,0.15,composite,t_iut,42878,0.5185302474774456,0.1245335820895522,0.1233122207492512,p_t_iut
interstatement_m4_v2,0.05,0.15,composite,z_plus_softmax,41623,0.5899765520236242,0.05464736104624,0.0812268882022187,p_z_plus_softmax
interstatement_m4_v2,0.05,0.15,composite,z_plus_orth,41623,0.5922684932888851,0.0420364315740308,0.0598500582543944,p_z_plus_orth
interstatement_m4_v2,0.05,0.2,detector,z1,38743,0.4638851987272115,0.0626471973622232,0.0987438558164937,
interstatement_m4_v2,0.05,0.2,detector,z2,41153,0.5018436354909296,0.2630597014925373,0.2823963700684457,
interstatement_m4_v2,0.05,0.2,detector,z3,37453,0.5065721076224073,0.0247547874824848,0.0262800181241504,
interstatement_m4_v2,0.05,0.2,detector,z4,42878,0.5424481576962001,0.1954291044776119,0.1529680365296803,
interstatement_m4_v2,0.05,0.2,detector,z6,36504,0.4958638073891336,0.2280446385249878,0.230990331852626,
interstatement_m4_v2,0.05,0.2,detector,z8,22213,0.9640392297530116,0.7057591623036649,0.0051223957050682,
interstatement_m4_v2,0.05,0.2,detector,z57,40051,0.6252475434281621,0.5419776119402985,0.3572691059698736,
interstatement_m4_v2,0.05,0.2,composite,z_plus,42878,0.6865813339675904,0.1977611940298507,0.0987381548583492,p_z_plus
interstatement_m4_v2,0.05,0.2,composite,z_plus_renorm,41624,0.613212802563275,0.1111630079402148,0.0875060152470683,p_z_plus_renorm
interstatement_m4_v2,0.05,0.2,composite,breadth,42878,0.6880623602601222,0.0307835820895522,0.0053272450532724,p_breadth
interstatement_m4_v2,0.05,0.2,composite,z_mahalanobis_sq,22148,0.6638249494143407,0.3751970572779821,0.2351691775747098,p_z_mahalanobis_sq
interstatement_m4_v2,0.05,0.2,composite,t_iut,42878,0.518831986682437,0.1240671641791044,0.1233122207492512,p_t_iut
interstatement_m4_v2,0.05,0.2,composite,z_plus_softmax,41624,0.591791697271541,0.0555815039701074,0.081047539447357,p_z_plus_softmax
interstatement_m4_v2,0.05,0.2,composite,z_plus_orth,41624,0.5941089374182797,0.0425035030359645,0.0598485424106577,p_z_plus_orth
interstatement_m4_v2,0.05,0.3,detector,z1,38743,0.4642828100749817,0.0612341026848798,0.098607318405243,
interstatement_m4_v2,0.05,0.3,detector,z2,41153,0.5014240040472864,0.2649253731343283,0.2823194647389064,
interstatement_m4_v2,0.05,0.3,detector,z3,37453,0.5065721076224073,0.0247547874824848,0.0262800181241504,
interstatement_m4_v2,0.05,0.3,detector,z4,42878,0.5424481576962001,0.1954291044776119,0.1529680365296803,
interstatement_m4_v2,0.05,0.3,detector,z6,36504,0.4958638073891336,0.2280446385249878,0.230990331852626,
interstatement_m4_v2,0.05,0.3,detector,z8,22213,0.97064656320617,0.7089005235602094,0.0037432891690883,
interstatement_m4_v2,0.05,0.3,detector,z57,40051,0.6271177061279982,0.5457089552238806,0.3573218666737014,
interstatement_m4_v2,0.05,0.3,composite,z_plus,42878,0.6889996903371638,0.1996268656716417,0.098492659694604,p_z_plus
interstatement_m4_v2,0.05,0.3,composite,z_plus_renorm,41628,0.6156211823928194,0.1083605791686128,0.0875731253323878,p_z_plus_renorm
interstatement_m4_v2,0.05,0.3,composite,breadth,42878,0.6891995616445684,0.03125,0.0052044974713998,p_breadth
interstatement_m4_v2,0.05,0.3,composite,z_mahalanobis_sq,22148,0.6671702801999728,0.3757225433526011,0.2349222030130896,p_z_mahalanobis_sq
interstatement_m4_v2,0.05,0.3,composite,t_iut,42878,0.5185501367078292,0.126865671641791,0.1237050130112436,p_t_iut
interstatement_m4_v2,0.05,0.3,composite,z_plus_softmax,41628,0.5929042480319202,0.053246146660439,0.0812925773039228,p_z_plus_softmax
interstatement_m4_v2,0.05,0.3,composite,z_plus_orth,41628,0.5951131943021657,0.0411022886501634,0.0599184541747917,p_z_plus_orth
interstatement_m4_v2,0.1,0.05,detector,z1,38743,0.4649404745199206,0.0692579505300353,0.0998898486868804,
interstatement_m4_v2,0.1,0.05,detector,z2,41153,0.4877652787449568,0.2490671641791045,0.286911704869117,
interstatement_m4_v2,0.1,0.05,detector,z3,37453,0.5049608089509642,0.0210329516242112,0.0268583830710797,
interstatement_m4_v2,0.1,0.05,detector,z4,42878,0.5453181564804894,0.1968283582089552,0.1504534853589012,
interstatement_m4_v2,0.1,0.05,detector,z6,36504,0.5004945487657118,0.2349106711733462,0.2303009702737778,
interstatement_m4_v2,0.1,0.05,detector,z8,22213,0.9211692963958124,0.4398535564853556,0.0047310892381314,
interstatement_m4_v2,0.1,0.05,detector,z57,40051,0.5877866116736175,0.4575559701492537,0.3371081844364287,
interstatement_m4_v2,0.1,0.05,composite,z_plus,42878,0.6466243925326721,0.1658115671641791,0.0989893754858771,p_z_plus
interstatement_m4_v2,0.1,0.05,composite,z_plus_renorm,41633,0.5664737186303748,0.0849474912485414,0.0920531219877905,p_z_plus_renorm
interstatement_m4_v2,0.1,0.05,composite,breadth,42878,0.6795912340748319,0.0324160447761194,0.0037056232184503,p_breadth
interstatement_m4_v2,0.1,0.05,composite,z_mahalanobis_sq,22148,0.6091404116319331,0.3328964613368283,0.2371134020618556,p_z_mahalanobis_sq
interstatement_m4_v2,0.1,0.05,composite,t_iut,42878,0.506843416775284,0.1187033582089552,0.1259652759782327,p_t_iut
interstatement_m4_v2,0.1,0.05,composite,z_plus_softmax,41633,0.5589777948961291,0.0508751458576429,0.0851986719503052,p_z_plus_softmax
interstatement_m4_v2,0.1,0.05,composite,z_plus_orth,41633,0.5613334559722682,0.0408401400233372,0.063323337260362,p_z_plus_orth
interstatement_m4_v2,0.1,0.1,detector,z1,38743,0.469028326935325,0.0739693757361601,0.101339208070033,
interstatement_m4_v2,0.1,0.1,detector,z2,41153,0.490706662671992,0.2511660447761194,0.2847416248474163,
interstatement_m4_v2,0.1,0.1,detector,z3,37453,0.5049608089509642,0.0210329516242112,0.0268583830710797,
interstatement_m4_v2,0.1,0.1,detector,z4,42878,0.5453181564804894,0.1968283582089552,0.1504534853589012,
interstatement_m4_v2,0.1,0.1,detector,z6,36504,0.5004945487657118,0.2349106711733462,0.2303009702737778,
interstatement_m4_v2,0.1,0.1,detector,z8,22213,0.9409603257336624,0.4469142259414226,0.0025558757953124,
interstatement_m4_v2,0.1,0.1,detector,z57,40051,0.5923154287700829,0.4626865671641791,0.3332214858932416,
interstatement_m4_v2,0.1,0.1,composite,z_plus,42878,0.6556195804148472,0.1721082089552238,0.0986525006478362,p_z_plus
interstatement_m4_v2,0.1,0.1,composite,z_plus_renorm,41623,0.5735016453498405,0.0868144690781796,0.0923991643901655,p_z_plus_renorm
interstatement_m4_v2,0.1,0.1,composite,breadth,42878,0.6867566623187509,0.0321828358208955,0.0039129308110909,p_breadth
interstatement_m4_v2,0.1,0.1,composite,z_mahalanobis_sq,22148,0.6178781804134792,0.3410222804718217,0.2364042982599683,p_z_mahalanobis_sq
interstatement_m4_v2,0.1,0.1,composite,t_iut,42878,0.50981748060359,0.1184701492537313,0.1258357087328323,p_t_iut
interstatement_m4_v2,0.1,0.1,composite,z_plus_softmax,41623,0.5645136300369522,0.0527421236872812,0.0857571375006695,p_z_plus_softmax
interstatement_m4_v2,0.1,0.1,composite,z_plus_orth,41623,0.5669990117713032,0.0413068844807467,0.0634206438480904,p_z_plus_orth
interstatement_m4_v2,0.1,0.15,detector,z1,38743,0.4629124776083365,0.0671378091872791,0.0998898486868804,
interstatement_m4_v2,0.1,0.15,detector,z2,41153,0.4919333234309936,0.2525652985074627,0.2841177268411772,
interstatement_m4_v2,0.1,0.15,detector,z3,37453,0.5049608089509642,0.0210329516242112,0.0268583830710797,
interstatement_m4_v2,0.1,0.15,detector,z4,42878,0.5453181564804894,0.1968283582089552,0.1504534853589012,
interstatement_m4_v2,0.1,0.15,detector,z6,36504,0.5004945487657118,0.2349106711733462,0.2303009702737778,
interstatement_m4_v2,0.1,0.15,detector,z8,22213,0.9496778533919792,0.4463912133891213,0.0020120724346076,
interstatement_m4_v2,0.1,0.15,detector,z57,40051,0.5939872584690005,0.46875,0.3367726421161535,
interstatement_m4_v2,0.1,0.15,composite,z_plus,42878,0.6574479893870889,0.1702425373134328,0.0980564913189945,p_z_plus
interstatement_m4_v2,0.1,0.15,composite,z_plus_renorm,41625,0.5756634514965134,0.0856476079346557,0.0908409212640599,p_z_plus_renorm
interstatement_m4_v2,0.1,0.15,composite,breadth,42878,0.6870351684422535,0.0314832089552238,0.0039647577092511,p_breadth
interstatement_m4_v2,0.1,0.15,composite,z_mahalanobis_sq,22148,0.6204792809648846,0.3410222804718217,0.2358042873506791,p_z_mahalanobis_sq
interstatement_m4_v2,0.1,0.15,composite,t_iut,42878,0.5105528744348354,0.1168376865671641,0.1248250842187095,p_t_iut
interstatement_m4_v2,0.1,0.15,composite,z_plus_softmax,41625,0.5657256976323406,0.0532088681446907,0.0846009641135511,p_z_plus_softmax
interstatement_m4_v2,0.1,0.15,composite,z_plus_orth,41625,0.5682228867282201,0.0401400233372228,0.0627745045527584,p_z_plus_orth
interstatement_m4_v2,0.1,0.2,detector,z1,38743,0.4628200190639412,0.0669022379269729,0.0998608614992173,
interstatement_m4_v2,0.1,0.2,detector,z2,41153,0.4922066773483727,0.2506996268656716,0.2830326868303268,
interstatement_m4_v2,0.1,0.2,detector,z3,37453,0.5049608089509642,0.0210329516242112,0.0268583830710797,
interstatement_m4_v2,0.1,0.2,detector,z4,42878,0.5453181564804894,0.1968283582089552,0.1504534853589012,
interstatement_m4_v2,0.1,0.2,detector,z6,36504,0.5004945487657118,0.2349106711733462,0.2303009702737778,
interstatement_m4_v2,0.1,0.2,detector,z8,22213,0.9552251951719364,0.4461297071129707,0.0016314100821143,
interstatement_m4_v2,0.1,0.2,detector,z57,40051,0.5951274378725031,0.4715485074626865,0.3378911165170707,
interstatement_m4_v2,0.1,0.2,composite,z_plus,42878,0.6594408170181743,0.1704757462686567,0.097875097175434,p_z_plus
interstatement_m4_v2,0.1,0.2,composite,z_plus_renorm,41620,0.5773845308310279,0.0847141190198366,0.091174501138342,p_z_plus_renorm
interstatement_m4_v2,0.1,0.2,composite,breadth,42878,0.6883619394524527,0.03125,0.0039647577092511,p_breadth
interstatement_m4_v2,0.1,0.2,composite,z_mahalanobis_sq,22148,0.6223482009216562,0.3428571428571428,0.2359133802432771,p_z_mahalanobis_sq
interstatement_m4_v2,0.1,0.2,composite,t_iut,42878,0.5108270989168565,0.1159048507462686,0.1242809017880279,p_t_iut
interstatement_m4_v2,0.1,0.2,composite,z_plus_softmax,41620,0.5669755512352367,0.0527421236872812,0.0845855095754653,p_z_plus_softmax
interstatement_m4_v2,0.1,0.2,composite,z_plus_orth,41620,0.5695368856730798,0.039906651108518,0.0629168340699076,p_z_plus_orth
interstatement_m4_v2,0.1,0.3,detector,z1,38743,0.4642419071971602,0.0633686690223792,0.0991071946199779,
interstatement_m4_v2,0.1,0.3,detector,z2,41153,0.4918700821472456,0.2513992537313433,0.282842804828428,
interstatement_m4_v2,0.1,0.3,detector,z3,37453,0.5049608089509642,0.0210329516242112,0.0268583830710797,
interstatement_m4_v2,0.1,0.3,detector,z4,42878,0.5453181564804894,0.1968283582089552,0.1504534853589012,
interstatement_m4_v2,0.1,0.3,detector,z6,36504,0.5004945487657118,0.2349106711733462,0.2303009702737778,
interstatement_m4_v2,0.1,0.3,detector,z8,22213,0.9620552245964762,0.4521443514644351,0.0010876067214095,
interstatement_m4_v2,0.1,0.3,detector,z57,40051,0.5968194727540888,0.4743470149253731,0.3373039174565892,
interstatement_m4_v2,0.1,0.3,composite,z_plus,42878,0.6613687401615918,0.1707089552238806,0.0970976937030318,p_z_plus
interstatement_m4_v2,0.1,0.3,composite,z_plus_renorm,41623,0.5792526975968311,0.0828471411901983,0.090604745835342,p_z_plus_renorm
interstatement_m4_v2,0.1,0.3,composite,breadth,42878,0.6897306747794456,0.0324160447761194,0.0038092770147706,p_breadth
interstatement_m4_v2,0.1,0.3,composite,z_mahalanobis_sq,22148,0.6245930695701675,0.3423328964613368,0.2355315551191839,p_z_mahalanobis_sq
interstatement_m4_v2,0.1,0.3,composite,t_iut,42878,0.5106122402853573,0.1189365671641791,0.1251619590567504,p_t_iut
interstatement_m4_v2,0.1,0.3,composite,z_plus_softmax,41623,0.5679421760894656,0.051808634772462,0.0844180191761744,p_z_plus_softmax
interstatement_m4_v2,0.1,0.3,composite,z_plus_orth,41623,0.5705215898687777,0.0389731621936989,0.0628582141518024,p_z_plus_orth
m5_cod_break,0.01,0.05,detector,z1,38743,0.232013320597878,0.0,0.0978909053359836,
m5_cod_break,0.01,0.05,detector,z2,41153,0.6574614169400899,0.5,0.2817839348645036,
m5_cod_break,0.01,0.05,detector,z3,37453,0.5474473718344893,0.0,0.0261977247236019,
m5_cod_break,0.01,0.05,detector,z4,42878,0.5335316071845113,0.125,0.1550968042920457,
m5_cod_break,0.01,0.05,detector,z6,36504,0.434334301422909,0.0,0.2308619650391802,
m5_cod_break,0.01,0.05,detector,z8,22211,0.3956776226924808,0.0,0.0394867176947321,
m5_cod_break,0.01,0.05,detector,z57,40051,0.6392986914067378,0.5,0.3632095497340359,
m5_cod_break,0.01,0.05,composite,z_plus,42878,0.549482446932587,0.0,0.1020760438535106,p_z_plus
m5_cod_break,0.01,0.05,composite,z_plus_renorm,41636,0.5588381017584318,0.125,0.0864562313827231,p_z_plus_renorm
m5_cod_break,0.01,0.05,composite,breadth,42878,0.5164960928388149,0.0,0.006134826218801,p_breadth
m5_cod_break,0.01,0.05,composite,z_mahalanobis_sq,22146,0.7929555204335064,1.0,0.2422668773989613,p_z_mahalanobis_sq
m5_cod_break,0.01,0.05,composite,t_iut,42878,0.5993672731513879,0.125,0.1233030090972708,p_t_iut
m5_cod_break,0.01,0.05,composite,z_plus_softmax,41636,0.5626276184299029,0.0,0.0789852983568751,p_z_plus_softmax
m5_cod_break,0.01,0.05,composite,z_plus_orth,41636,0.5690625900835976,0.0,0.058638416450466,p_z_plus_orth
m5_cod_break,0.01,0.1,detector,z1,38743,0.232013320597878,0.0,0.0978909053359836,
m5_cod_break,0.01,0.1,detector,z2,41153,0.6574614169400899,0.5,0.2817839348645036,
m5_cod_break,0.01,0.1,detector,z3,37453,0.5474473718344893,0.0,0.0261977247236019,
m5_cod_break,0.01,0.1,detector,z4,42878,0.5335316071845113,0.125,0.1550968042920457,
m5_cod_break,0.01,0.1,detector,z6,36504,0.434334301422909,0.0,0.2308619650391802,
m5_cod_break,0.01,0.1,detector,z8,22211,0.3956776226924808,0.0,0.0394867176947321,
m5_cod_break,0.01,0.1,detector,z57,40051,0.6392986914067378,0.5,0.3632095497340359,
m5_cod_break,0.01,0.1,composite,z_plus,42878,0.549482446932587,0.0,0.1020760438535106,p_z_plus
m5_cod_break,0.01,0.1,composite,z_plus_renorm,41636,0.5588381017584318,0.125,0.0864562313827231,p_z_plus_renorm
m5_cod_break,0.01,0.1,composite,breadth,42878,0.5164960928388149,0.0,0.006134826218801,p_breadth
m5_cod_break,0.01,0.1,composite,z_mahalanobis_sq,22146,0.7929555204335064,1.0,0.2422668773989613,p_z_mahalanobis_sq
m5_cod_break,0.01,0.1,composite,t_iut,42878,0.5993672731513879,0.125,0.1233030090972708,p_t_iut
m5_cod_break,0.01,0.1,composite,z_plus_softmax,41636,0.5626276184299029,0.0,0.0789852983568751,p_z_plus_softmax
m5_cod_break,0.01,0.1,composite,z_plus_orth,41636,0.5690625900835976,0.0,0.058638416450466,p_z_plus_orth
m5_cod_break,0.01,0.15,detector,z1,38743,0.232013320597878,0.0,0.0978909053359836,
m5_cod_break,0.01,0.15,detector,z2,41153,0.6574614169400899,0.5,0.2817839348645036,
m5_cod_break,0.01,0.15,detector,z3,37453,0.5474473718344893,0.0,0.0261977247236019,
m5_cod_break,0.01,0.15,detector,z4,42878,0.5335316071845113,0.125,0.1550968042920457,
m5_cod_break,0.01,0.15,detector,z6,36504,0.434334301422909,0.0,0.2308619650391802,
m5_cod_break,0.01,0.15,detector,z8,22211,0.3956776226924808,0.0,0.0394867176947321,
m5_cod_break,0.01,0.15,detector,z57,40051,0.6392986914067378,0.5,0.3632095497340359,
m5_cod_break,0.01,0.15,composite,z_plus,42878,0.549482446932587,0.0,0.1020760438535106,p_z_plus
m5_cod_break,0.01,0.15,composite,z_plus_renorm,41636,0.5588381017584318,0.125,0.0864562313827231,p_z_plus_renorm
m5_cod_break,0.01,0.15,composite,breadth,42878,0.5164960928388149,0.0,0.006134826218801,p_breadth
m5_cod_break,0.01,0.15,composite,z_mahalanobis_sq,22146,0.7929555204335064,1.0,0.2422668773989613,p_z_mahalanobis_sq
m5_cod_break,0.01,0.15,composite,t_iut,42878,0.5993672731513879,0.125,0.1233030090972708,p_t_iut
m5_cod_break,0.01,0.15,composite,z_plus_softmax,41636,0.5626276184299029,0.0,0.0789852983568751,p_z_plus_softmax
m5_cod_break,0.01,0.15,composite,z_plus_orth,41636,0.5690625900835976,0.0,0.058638416450466,p_z_plus_orth
m5_cod_break,0.01,0.2,detector,z1,38743,0.232013320597878,0.0,0.0978909053359836,
m5_cod_break,0.01,0.2,detector,z2,41153,0.6574614169400899,0.5,0.2817839348645036,
m5_cod_break,0.01,0.2,detector,z3,37453,0.5474473718344893,0.0,0.0261977247236019,
m5_cod_break,0.01,0.2,detector,z4,42878,0.5335316071845113,0.125,0.1550968042920457,
m5_cod_break,0.01,0.2,detector,z6,36504,0.434334301422909,0.0,0.2308619650391802,
m5_cod_break,0.01,0.2,detector,z8,22211,0.3956776226924808,0.0,0.0394867176947321,
m5_cod_break,0.01,0.2,detector,z57,40051,0.6392986914067378,0.5,0.3632095497340359,
m5_cod_break,0.01,0.2,composite,z_plus,42878,0.549482446932587,0.0,0.1020760438535106,p_z_plus
m5_cod_break,0.01,0.2,composite,z_plus_renorm,41636,0.5588381017584318,0.125,0.0864562313827231,p_z_plus_renorm
m5_cod_break,0.01,0.2,composite,breadth,42878,0.5164960928388149,0.0,0.006134826218801,p_breadth
m5_cod_break,0.01,0.2,composite,z_mahalanobis_sq,22146,0.7929555204335064,1.0,0.2422668773989613,p_z_mahalanobis_sq
m5_cod_break,0.01,0.2,composite,t_iut,42878,0.5993672731513879,0.125,0.1233030090972708,p_t_iut
m5_cod_break,0.01,0.2,composite,z_plus_softmax,41636,0.5626276184299029,0.0,0.0789852983568751,p_z_plus_softmax
m5_cod_break,0.01,0.2,composite,z_plus_orth,41636,0.5690625900835976,0.0,0.058638416450466,p_z_plus_orth
m5_cod_break,0.01,0.3,detector,z1,38743,0.232013320597878,0.0,0.0978909053359836,
m5_cod_break,0.01,0.3,detector,z2,41153,0.6574614169400899,0.5,0.2817839348645036,
m5_cod_break,0.01,0.3,detector,z3,37453,0.5474473718344893,0.0,0.0261977247236019,
m5_cod_break,0.01,0.3,detector,z4,42878,0.5335316071845113,0.125,0.1550968042920457,
m5_cod_break,0.01,0.3,detector,z6,36504,0.434334301422909,0.0,0.2308619650391802,
m5_cod_break,0.01,0.3,detector,z8,22211,0.3956776226924808,0.0,0.0394867176947321,
m5_cod_break,0.01,0.3,detector,z57,40051,0.6392986914067378,0.5,0.3632095497340359,
m5_cod_break,0.01,0.3,composite,z_plus,42878,0.549482446932587,0.0,0.1020760438535106,p_z_plus
m5_cod_break,0.01,0.3,composite,z_plus_renorm,41636,0.5588381017584318,0.125,0.0864562313827231,p_z_plus_renorm
m5_cod_break,0.01,0.3,composite,breadth,42878,0.5164960928388149,0.0,0.006134826218801,p_breadth
m5_cod_break,0.01,0.3,composite,z_mahalanobis_sq,22146,0.7929555204335064,1.0,0.2422668773989613,p_z_mahalanobis_sq
m5_cod_break,0.01,0.3,composite,t_iut,42878,0.5993672731513879,0.125,0.1233030090972708,p_t_iut
m5_cod_break,0.01,0.3,composite,z_plus_softmax,41636,0.5626276184299029,0.0,0.0789852983568751,p_z_plus_softmax
m5_cod_break,0.01,0.3,composite,z_plus_orth,41636,0.5690625900835976,0.0,0.058638416450466,p_z_plus_orth
m5_cod_break,0.05,0.05,detector,z1,38743,0.492008379177664,0.0512820512820512,0.0978710210830921,
m5_cod_break,0.05,0.05,detector,z2,41153,0.5507780385766059,0.325,0.2817600272419915,
m5_cod_break,0.05,0.05,detector,z3,37453,0.4472462780317002,0.0,0.0262208323310079,
m5_cod_break,0.05,0.05,detector,z4,42878,0.5604804729445818,0.2,0.1550492553340492,
m5_cod_break,0.05,0.05,detector,z6,36504,0.5185751056675454,0.2972972972972973,0.230838840595607,
m5_cod_break,0.05,0.05,detector,z8,22211,0.5700689374327351,0.1612903225806451,0.0394499549143372,
m5_cod_break,0.05,0.05,detector,z57,40051,0.476288708105271,0.225,0.3633250856014596,
m5_cod_break,0.05,0.05,composite,z_plus,42878,0.5478456627293524,0.125,0.1020589196507773,p_z_plus
m5_cod_break,0.05,0.05,composite,z_plus_renorm,41638,0.5108956560411557,0.075,0.086470503389586,p_z_plus_renorm
m5_cod_break,0.05,0.05,composite,breadth,42878,0.5414836126803306,0.0,0.0061627526962043,p_breadth
m5_cod_break,0.05,0.05,composite,z_mahalanobis_sq,22146,0.5012172441708663,0.1935483870967742,0.2423242143341623,p_z_mahalanobis_sq
m5_cod_break,0.05,0.05,composite,t_iut,42878,0.5317011181661142,0.075,0.1233951164853634,p_t_iut
m5_cod_break,0.05,0.05,composite,z_plus_softmax,41638,0.4979785686811866,0.075,0.0789701427953267,p_z_plus_softmax
m5_cod_break,0.05,0.05,composite,z_plus_orth,41638,0.5020043030914948,0.05,0.058632626568585,p_z_plus_orth
m5_cod_break,0.05,0.1,detector,z1,38743,0.492008379177664,0.0512820512820512,0.0978710210830921,
m5_cod_break,0.05,0.1,detector,z2,41153,0.5507780385766059,0.325,0.2817600272419915,
m5_cod_break,0.05,0.1,detector,z3,37453,0.4472462780317002,0.0,0.0262208323310079,
m5_cod_break,0.05,0.1,detector,z4,42878,0.5604804729445818,0.2,0.1550492553340492,
m5_cod_break,0.05,0.1,detector,z6,36504,0.5185751056675454,0.2972972972972973,0.230838840595607,
m5_cod_break,0.05,0.1,detector,z8,22211,0.5700689374327351,0.1612903225806451,0.0394499549143372,
m5_cod_break,0.05,0.1,detector,z57,40051,0.476288708105271,0.225,0.3633250856014596,
m5_cod_break,0.05,0.1,composite,z_plus,42878,0.5478456627293524,0.125,0.1020589196507773,p_z_plus
m5_cod_break,0.05,0.1,composite,z_plus_renorm,41638,0.5108956560411557,0.075,0.086470503389586,p_z_plus_renorm
m5_cod_break,0.05,0.1,composite,breadth,42878,0.5414836126803306,0.0,0.0061627526962043,p_breadth
m5_cod_break,0.05,0.1,composite,z_mahalanobis_sq,22146,0.5012172441708663,0.1935483870967742,0.2423242143341623,p_z_mahalanobis_sq
m5_cod_break,0.05,0.1,composite,t_iut,42878,0.5317011181661142,0.075,0.1233951164853634,p_t_iut
m5_cod_break,0.05,0.1,composite,z_plus_softmax,41638,0.4979785686811866,0.075,0.0789701427953267,p_z_plus_softmax
m5_cod_break,0.05,0.1,composite,z_plus_orth,41638,0.5020043030914948,0.05,0.058632626568585,p_z_plus_orth
m5_cod_break,0.05,0.15,detector,z1,38743,0.492008379177664,0.0512820512820512,0.0978710210830921,
m5_cod_break,0.05,0.15,detector,z2,41153,0.5507780385766059,0.325,0.2817600272419915,
m5_cod_break,0.05,0.15,detector,z3,37453,0.4472462780317002,0.0,0.0262208323310079,
m5_cod_break,0.05,0.15,detector,z4,42878,0.5604804729445818,0.2,0.1550492553340492,
m5_cod_break,0.05,0.15,detector,z6,36504,0.5185751056675454,0.2972972972972973,0.230838840595607,
m5_cod_break,0.05,0.15,detector,z8,22211,0.5700689374327351,0.1612903225806451,0.0394499549143372,
m5_cod_break,0.05,0.15,detector,z57,40051,0.476288708105271,0.225,0.3633250856014596,
m5_cod_break,0.05,0.15,composite,z_plus,42878,0.5478456627293524,0.125,0.1020589196507773,p_z_plus
m5_cod_break,0.05,0.15,composite,z_plus_renorm,41638,0.5108956560411557,0.075,0.086470503389586,p_z_plus_renorm
m5_cod_break,0.05,0.15,composite,breadth,42878,0.5414836126803306,0.0,0.0061627526962043,p_breadth
m5_cod_break,0.05,0.15,composite,z_mahalanobis_sq,22146,0.5012172441708663,0.1935483870967742,0.2423242143341623,p_z_mahalanobis_sq
m5_cod_break,0.05,0.15,composite,t_iut,42878,0.5317011181661142,0.075,0.1233951164853634,p_t_iut
m5_cod_break,0.05,0.15,composite,z_plus_softmax,41638,0.4979785686811866,0.075,0.0789701427953267,p_z_plus_softmax
m5_cod_break,0.05,0.15,composite,z_plus_orth,41638,0.5020043030914948,0.05,0.058632626568585,p_z_plus_orth
m5_cod_break,0.05,0.2,detector,z1,38743,0.492008379177664,0.0512820512820512,0.0978710210830921,
m5_cod_break,0.05,0.2,detector,z2,41153,0.5507780385766059,0.325,0.2817600272419915,
m5_cod_break,0.05,0.2,detector,z3,37453,0.4472462780317002,0.0,0.0262208323310079,
m5_cod_break,0.05,0.2,detector,z4,42878,0.5604804729445818,0.2,0.1550492553340492,
m5_cod_break,0.05,0.2,detector,z6,36504,0.5185751056675454,0.2972972972972973,0.230838840595607,
m5_cod_break,0.05,0.2,detector,z8,22211,0.5700689374327351,0.1612903225806451,0.0394499549143372,
m5_cod_break,0.05,0.2,detector,z57,40051,0.476288708105271,0.225,0.3633250856014596,
m5_cod_break,0.05,0.2,composite,z_plus,42878,0.5478456627293524,0.125,0.1020589196507773,p_z_plus
m5_cod_break,0.05,0.2,composite,z_plus_renorm,41638,0.5108956560411557,0.075,0.086470503389586,p_z_plus_renorm
m5_cod_break,0.05,0.2,composite,breadth,42878,0.5414836126803306,0.0,0.0061627526962043,p_breadth
m5_cod_break,0.05,0.2,composite,z_mahalanobis_sq,22146,0.5012172441708663,0.1935483870967742,0.2423242143341623,p_z_mahalanobis_sq
m5_cod_break,0.05,0.2,composite,t_iut,42878,0.5317011181661142,0.075,0.1233951164853634,p_t_iut
m5_cod_break,0.05,0.2,composite,z_plus_softmax,41638,0.4979785686811866,0.075,0.0789701427953267,p_z_plus_softmax
m5_cod_break,0.05,0.2,composite,z_plus_orth,41638,0.5020043030914948,0.05,0.058632626568585,p_z_plus_orth
m5_cod_break,0.05,0.3,detector,z1,38743,0.492008379177664,0.0512820512820512,0.0978710210830921,
m5_cod_break,0.05,0.3,detector,z2,41153,0.5507780385766059,0.325,0.2817600272419915,
m5_cod_break,0.05,0.3,detector,z3,37453,0.4472462780317002,0.0,0.0262208323310079,
m5_cod_break,0.05,0.3,detector,z4,42878,0.5604804729445818,0.2,0.1550492553340492,
m5_cod_break,0.05,0.3,detector,z6,36504,0.5185751056675454,0.2972972972972973,0.230838840595607,
m5_cod_break,0.05,0.3,detector,z8,22211,0.5700689374327351,0.1612903225806451,0.0394499549143372,
m5_cod_break,0.05,0.3,detector,z57,40051,0.476288708105271,0.225,0.3633250856014596,
m5_cod_break,0.05,0.3,composite,z_plus,42878,0.5478456627293524,0.125,0.1020589196507773,p_z_plus
m5_cod_break,0.05,0.3,composite,z_plus_renorm,41638,0.5108956560411557,0.075,0.086470503389586,p_z_plus_renorm
m5_cod_break,0.05,0.3,composite,breadth,42878,0.5414836126803306,0.0,0.0061627526962043,p_breadth
m5_cod_break,0.05,0.3,composite,z_mahalanobis_sq,22146,0.5012172441708663,0.1935483870967742,0.2423242143341623,p_z_mahalanobis_sq
m5_cod_break,0.05,0.3,composite,t_iut,42878,0.5317011181661142,0.075,0.1233951164853634,p_t_iut
m5_cod_break,0.05,0.3,composite,z_plus_softmax,41638,0.4979785686811866,0.075,0.0789701427953267,p_z_plus_softmax
m5_cod_break,0.05,0.3,composite,z_plus_orth,41638,0.5020043030914948,0.05,0.058632626568585,p_z_plus_orth
m5_cod_break,0.1,0.05,detector,z1,38743,0.4975788263652165,0.0461538461538461,0.0977299756967785,
m5_cod_break,0.1,0.05,detector,z2,41153,0.5431533621115479,0.2794117647058823,0.2829986613119143,
m5_cod_break,0.1,0.05,detector,z3,37453,0.5052165272161527,0.0151515151515151,0.0262390670553935,
m5_cod_break,0.1,0.05,detector,z4,42878,0.4934405300795139,0.1304347826086956,0.1551309304118293,
m5_cod_break,0.1,0.05,detector,z6,36504,0.4769282553512624,0.265625,0.2307354555433589,
m5_cod_break,0.1,0.05,detector,z8,22211,0.5463306408350321,0.0754716981132075,0.0395793844209766,
m5_cod_break,0.1,0.05,detector,z57,40051,0.4363046704350291,0.2463768115942029,0.363413536091241,
m5_cod_break,0.1,0.05,composite,z_plus,42878,0.4814145813168774,0.0289855072463768,0.1022214954799224,p_z_plus
m5_cod_break,0.1,0.05,composite,z_plus_renorm,41634,0.4308774705571012,0.0147058823529411,0.086946061685031,p_z_plus_renorm
m5_cod_break,0.1,0.05,composite,breadth,42878,0.5384353012589456,0.0289855072463768,0.0061435679413207,p_breadth
m5_cod_break,0.1,0.05,composite,z_mahalanobis_sq,22146,0.4517054407227082,0.1509433962264151,0.2425202552844792,p_z_mahalanobis_sq
m5_cod_break,0.1,0.05,composite,t_iut,42878,0.558873235717398,0.1304347826086956,0.1233385503048424,p_t_iut
m5_cod_break,0.1,0.05,composite,z_plus_softmax,41634,0.442984721675804,0.0147058823529411,0.0790309387480152,p_z_plus_softmax
m5_cod_break,0.1,0.05,composite,z_plus_orth,41634,0.4449150323652533,0.0147058823529411,0.0587499398546889,p_z_plus_orth
m5_cod_break,0.1,0.1,detector,z1,38743,0.4975788263652165,0.0461538461538461,0.0977299756967785,
m5_cod_break,0.1,0.1,detector,z2,41153,0.5431533621115479,0.2794117647058823,0.2829986613119143,
m5_cod_break,0.1,0.1,detector,z3,37453,0.5052165272161527,0.0151515151515151,0.0262390670553935,
m5_cod_break,0.1,0.1,detector,z4,42878,0.4934405300795139,0.1304347826086956,0.1551309304118293,
m5_cod_break,0.1,0.1,detector,z6,36504,0.4769282553512624,0.265625,0.2307354555433589,
m5_cod_break,0.1,0.1,detector,z8,22211,0.5463306408350321,0.0754716981132075,0.0395793844209766,
m5_cod_break,0.1,0.1,detector,z57,40051,0.4363046704350291,0.2463768115942029,0.363413536091241,
m5_cod_break,0.1,0.1,composite,z_plus,42878,0.4814145813168774,0.0289855072463768,0.1022214954799224,p_z_plus
m5_cod_break,0.1,0.1,composite,z_plus_renorm,41634,0.4308774705571012,0.0147058823529411,0.086946061685031,p_z_plus_renorm
m5_cod_break,0.1,0.1,composite,breadth,42878,0.5384353012589456,0.0289855072463768,0.0061435679413207,p_breadth
m5_cod_break,0.1,0.1,composite,z_mahalanobis_sq,22146,0.4517054407227082,0.1509433962264151,0.2425202552844792,p_z_mahalanobis_sq
m5_cod_break,0.1,0.1,composite,t_iut,42878,0.558873235717398,0.1304347826086956,0.1233385503048424,p_t_iut
m5_cod_break,0.1,0.1,composite,z_plus_softmax,41634,0.442984721675804,0.0147058823529411,0.0790309387480152,p_z_plus_softmax
m5_cod_break,0.1,0.1,composite,z_plus_orth,41634,0.4449150323652533,0.0147058823529411,0.0587499398546889,p_z_plus_orth
m5_cod_break,0.1,0.15,detector,z1,38743,0.4975788263652165,0.0461538461538461,0.0977299756967785,
m5_cod_break,0.1,0.15,detector,z2,41153,0.5431533621115479,0.2794117647058823,0.2829986613119143,
m5_cod_break,0.1,0.15,detector,z3,37453,0.5052165272161527,0.0151515151515151,0.0262390670553935,
m5_cod_break,0.1,0.15,detector,z4,42878,0.4934405300795139,0.1304347826086956,0.1551309304118293,
m5_cod_break,0.1,0.15,detector,z6,36504,0.4769282553512624,0.265625,0.2307354555433589,
m5_cod_break,0.1,0.15,detector,z8,22211,0.5463306408350321,0.0754716981132075,0.0395793844209766,
m5_cod_break,0.1,0.15,detector,z57,40051,0.4363046704350291,0.2463768115942029,0.363413536091241,
m5_cod_break,0.1,0.15,composite,z_plus,42878,0.4814145813168774,0.0289855072463768,0.1022214954799224,p_z_plus
m5_cod_break,0.1,0.15,composite,z_plus_renorm,41634,0.4308774705571012,0.0147058823529411,0.086946061685031,p_z_plus_renorm
m5_cod_break,0.1,0.15,composite,breadth,42878,0.5384353012589456,0.0289855072463768,0.0061435679413207,p_breadth
m5_cod_break,0.1,0.15,composite,z_mahalanobis_sq,22146,0.4517054407227082,0.1509433962264151,0.2425202552844792,p_z_mahalanobis_sq
m5_cod_break,0.1,0.15,composite,t_iut,42878,0.558873235717398,0.1304347826086956,0.1233385503048424,p_t_iut
m5_cod_break,0.1,0.15,composite,z_plus_softmax,41634,0.442984721675804,0.0147058823529411,0.0790309387480152,p_z_plus_softmax
m5_cod_break,0.1,0.15,composite,z_plus_orth,41634,0.4449150323652533,0.0147058823529411,0.0587499398546889,p_z_plus_orth
m5_cod_break,0.1,0.2,detector,z1,38743,0.4975788263652165,0.0461538461538461,0.0977299756967785,
m5_cod_break,0.1,0.2,detector,z2,41153,0.5431533621115479,0.2794117647058823,0.2829986613119143,
m5_cod_break,0.1,0.2,detector,z3,37453,0.5052165272161527,0.0151515151515151,0.0262390670553935,
m5_cod_break,0.1,0.2,detector,z4,42878,0.4934405300795139,0.1304347826086956,0.1551309304118293,
m5_cod_break,0.1,0.2,detector,z6,36504,0.4769282553512624,0.265625,0.2307354555433589,
m5_cod_break,0.1,0.2,detector,z8,22211,0.5463306408350321,0.0754716981132075,0.0395793844209766,
m5_cod_break,0.1,0.2,detector,z57,40051,0.4363046704350291,0.2463768115942029,0.363413536091241,
m5_cod_break,0.1,0.2,composite,z_plus,42878,0.4814145813168774,0.0289855072463768,0.1022214954799224,p_z_plus
m5_cod_break,0.1,0.2,composite,z_plus_renorm,41634,0.4308774705571012,0.0147058823529411,0.086946061685031,p_z_plus_renorm
m5_cod_break,0.1,0.2,composite,breadth,42878,0.5384353012589456,0.0289855072463768,0.0061435679413207,p_breadth
m5_cod_break,0.1,0.2,composite,z_mahalanobis_sq,22146,0.4517054407227082,0.1509433962264151,0.2425202552844792,p_z_mahalanobis_sq
m5_cod_break,0.1,0.2,composite,t_iut,42878,0.558873235717398,0.1304347826086956,0.1233385503048424,p_t_iut
m5_cod_break,0.1,0.2,composite,z_plus_softmax,41634,0.442984721675804,0.0147058823529411,0.0790309387480152,p_z_plus_softmax
m5_cod_break,0.1,0.2,composite,z_plus_orth,41634,0.4449150323652533,0.0147058823529411,0.0587499398546889,p_z_plus_orth
m5_cod_break,0.1,0.3,detector,z1,38743,0.4975788263652165,0.0461538461538461,0.0977299756967785,
m5_cod_break,0.1,0.3,detector,z2,41153,0.5431533621115479,0.2794117647058823,0.2829986613119143,
m5_cod_break,0.1,0.3,detector,z3,37453,0.5052165272161527,0.0151515151515151,0.0262390670553935,
m5_cod_break,0.1,0.3,detector,z4,42878,0.4934405300795139,0.1304347826086956,0.1551309304118293,
m5_cod_break,0.1,0.3,detector,z6,36504,0.4769282553512624,0.265625,0.2307354555433589,
m5_cod_break,0.1,0.3,detector,z8,22211,0.5463306408350321,0.0754716981132075,0.0395793844209766,
m5_cod_break,0.1,0.3,detector,z57,40051,0.4363046704350291,0.2463768115942029,0.363413536091241,
m5_cod_break,0.1,0.3,composite,z_plus,42878,0.4814145813168774,0.0289855072463768,0.1022214954799224,p_z_plus
m5_cod_break,0.1,0.3,composite,z_plus_renorm,41634,0.4308774705571012,0.0147058823529411,0.086946061685031,p_z_plus_renorm
m5_cod_break,0.1,0.3,composite,breadth,42878,0.5384353012589456,0.0289855072463768,0.0061435679413207,p_breadth
m5_cod_break,0.1,0.3,composite,z_mahalanobis_sq,22146,0.4517054407227082,0.1509433962264151,0.2425202552844792,p_z_mahalanobis_sq
m5_cod_break,0.1,0.3,composite,t_iut,42878,0.558873235717398,0.1304347826086956,0.1233385503048424,p_t_iut
m5_cod_break,0.1,0.3,composite,z_plus_softmax,41634,0.442984721675804,0.0147058823529411,0.0790309387480152,p_z_plus_softmax
m5_cod_break,0.1,0.3,composite,z_plus_orth,41634,0.4449150323652533,0.0147058823529411,0.0587499398546889,p_z_plus_orth
m6_seasonal,0.01,0.05,detector,z1,38743,0.4980924460104798,0.0445344129554655,0.0981400665004156,
m6_seasonal,0.01,0.05,detector,z2,41153,0.5951134405383308,0.4124087591240876,0.2809021747107316,
m6_seasonal,0.01,0.05,detector,z3,37453,0.4683609055568143,0.0277777777777777,0.0261820918792505,
m6_seasonal,0.01,0.05,detector,z4,42878,0.6235289855299792,0.3452768729641693,0.1537196683188085,
m6_seasonal,0.01,0.05,detector,z6,36504,0.4993164342650287,0.2197309417040358,0.2309197651663405,
m6_seasonal,0.01,0.05,detector,z8,22211,0.4470830602355352,0.028169014084507,0.0396030631202138,
m6_seasonal,0.01,0.05,detector,z57,40051,0.4808064547986332,0.2140077821011673,0.3641252450118108,
m6_seasonal,0.01,0.05,composite,z_plus,42878,0.4831918656374555,0.0293159609120521,0.1025580794437528,p_z_plus
m6_seasonal,0.01,0.05,composite,z_plus_renorm,41638,0.4964834228978618,0.0390879478827361,0.0867871573395272,p_z_plus_renorm
m6_seasonal,0.01,0.05,composite,breadth,42878,0.4982353679773288,0.009771986970684,0.0061309342040356,p_breadth
m6_seasonal,0.01,0.05,composite,z_mahalanobis_sq,22146,0.4641486439085339,0.0422535211267605,0.2436375204508271,p_z_mahalanobis_sq
m6_seasonal,0.01,0.05,composite,t_iut,42878,0.6378607051320357,0.2149837133550488,0.1226891545888045,p_t_iut
m6_seasonal,0.01,0.05,composite,z_plus_softmax,41638,0.4855182404827886,0.0358306188925081,0.0792141491858411,p_z_plus_softmax
m6_seasonal,0.01,0.05,composite,z_plus_orth,41638,0.484764257601912,0.0260586319218241,0.0587694466623115,p_z_plus_orth
m6_seasonal,0.01,0.1,detector,z1,38743,0.4980924460104798,0.0445344129554655,0.0981400665004156,
m6_seasonal,0.01,0.1,detector,z2,41153,0.5951134405383308,0.4124087591240876,0.2809021747107316,
m6_seasonal,0.01,0.1,detector,z3,37453,0.4683609055568143,0.0277777777777777,0.0261820918792505,
m6_seasonal,0.01,0.1,detector,z4,42878,0.6235289855299792,0.3452768729641693,0.1537196683188085,
m6_seasonal,0.01,0.1,detector,z6,36504,0.4993164342650287,0.2197309417040358,0.2309197651663405,
m6_seasonal,0.01,0.1,detector,z8,22211,0.4470830602355352,0.028169014084507,0.0396030631202138,
m6_seasonal,0.01,0.1,detector,z57,40051,0.4808064547986332,0.2140077821011673,0.3641252450118108,
m6_seasonal,0.01,0.1,composite,z_plus,42878,0.4831918656374555,0.0293159609120521,0.1025580794437528,p_z_plus
m6_seasonal,0.01,0.1,composite,z_plus_renorm,41638,0.4964834228978618,0.0390879478827361,0.0867871573395272,p_z_plus_renorm
m6_seasonal,0.01,0.1,composite,breadth,42878,0.4982353679773288,0.009771986970684,0.0061309342040356,p_breadth
m6_seasonal,0.01,0.1,composite,z_mahalanobis_sq,22146,0.4641486439085339,0.0422535211267605,0.2436375204508271,p_z_mahalanobis_sq
m6_seasonal,0.01,0.1,composite,t_iut,42878,0.6378607051320357,0.2149837133550488,0.1226891545888045,p_t_iut
m6_seasonal,0.01,0.1,composite,z_plus_softmax,41638,0.4855182404827886,0.0358306188925081,0.0792141491858411,p_z_plus_softmax
m6_seasonal,0.01,0.1,composite,z_plus_orth,41638,0.484764257601912,0.0260586319218241,0.0587694466623115,p_z_plus_orth
m6_seasonal,0.01,0.15,detector,z1,38743,0.4980924460104798,0.0445344129554655,0.0981400665004156,
m6_seasonal,0.01,0.15,detector,z2,41153,0.5951134405383308,0.4124087591240876,0.2809021747107316,
m6_seasonal,0.01,0.15,detector,z3,37453,0.4683609055568143,0.0277777777777777,0.0261820918792505,
m6_seasonal,0.01,0.15,detector,z4,42878,0.6235289855299792,0.3452768729641693,0.1537196683188085,
m6_seasonal,0.01,0.15,detector,z6,36504,0.4993164342650287,0.2197309417040358,0.2309197651663405,
m6_seasonal,0.01,0.15,detector,z8,22211,0.4470830602355352,0.028169014084507,0.0396030631202138,
m6_seasonal,0.01,0.15,detector,z57,40051,0.4808064547986332,0.2140077821011673,0.3641252450118108,
m6_seasonal,0.01,0.15,composite,z_plus,42878,0.4831918656374555,0.0293159609120521,0.1025580794437528,p_z_plus
m6_seasonal,0.01,0.15,composite,z_plus_renorm,41638,0.4964834228978618,0.0390879478827361,0.0867871573395272,p_z_plus_renorm
m6_seasonal,0.01,0.15,composite,breadth,42878,0.4982353679773288,0.009771986970684,0.0061309342040356,p_breadth
m6_seasonal,0.01,0.15,composite,z_mahalanobis_sq,22146,0.4641486439085339,0.0422535211267605,0.2436375204508271,p_z_mahalanobis_sq
m6_seasonal,0.01,0.15,composite,t_iut,42878,0.6378607051320357,0.2149837133550488,0.1226891545888045,p_t_iut
m6_seasonal,0.01,0.15,composite,z_plus_softmax,41638,0.4855182404827886,0.0358306188925081,0.0792141491858411,p_z_plus_softmax
m6_seasonal,0.01,0.15,composite,z_plus_orth,41638,0.484764257601912,0.0260586319218241,0.0587694466623115,p_z_plus_orth
m6_seasonal,0.01,0.2,detector,z1,38743,0.4980924460104798,0.0445344129554655,0.0981400665004156,
m6_seasonal,0.01,0.2,detector,z2,41153,0.5951134405383308,0.4124087591240876,0.2809021747107316,
m6_seasonal,0.01,0.2,detector,z3,37453,0.4683609055568143,0.0277777777777777,0.0261820918792505,
m6_seasonal,0.01,0.2,detector,z4,42878,0.6235289855299792,0.3452768729641693,0.1537196683188085,
m6_seasonal,0.01,0.2,detector,z6,36504,0.4993164342650287,0.2197309417040358,0.2309197651663405,
m6_seasonal,0.01,0.2,detector,z8,22211,0.4470830602355352,0.028169014084507,0.0396030631202138,
m6_seasonal,0.01,0.2,detector,z57,40051,0.4808064547986332,0.2140077821011673,0.3641252450118108,
m6_seasonal,0.01,0.2,composite,z_plus,42878,0.4831918656374555,0.0293159609120521,0.1025580794437528,p_z_plus
m6_seasonal,0.01,0.2,composite,z_plus_renorm,41638,0.4964834228978618,0.0390879478827361,0.0867871573395272,p_z_plus_renorm
m6_seasonal,0.01,0.2,composite,breadth,42878,0.4982353679773288,0.009771986970684,0.0061309342040356,p_breadth
m6_seasonal,0.01,0.2,composite,z_mahalanobis_sq,22146,0.4641486439085339,0.0422535211267605,0.2436375204508271,p_z_mahalanobis_sq
m6_seasonal,0.01,0.2,composite,t_iut,42878,0.6378607051320357,0.2149837133550488,0.1226891545888045,p_t_iut
m6_seasonal,0.01,0.2,composite,z_plus_softmax,41638,0.4855182404827886,0.0358306188925081,0.0792141491858411,p_z_plus_softmax
m6_seasonal,0.01,0.2,composite,z_plus_orth,41638,0.484764257601912,0.0260586319218241,0.0587694466623115,p_z_plus_orth
m6_seasonal,0.01,0.3,detector,z1,38743,0.4980924460104798,0.0445344129554655,0.0981400665004156,
m6_seasonal,0.01,0.3,detector,z2,41153,0.5951134405383308,0.4124087591240876,0.2809021747107316,
m6_seasonal,0.01,0.3,detector,z3,37453,0.4683609055568143,0.0277777777777777,0.0261820918792505,
m6_seasonal,0.01,0.3,detector,z4,42878,0.6235289855299792,0.3452768729641693,0.1537196683188085,
m6_seasonal,0.01,0.3,detector,z6,36504,0.4993164342650287,0.2197309417040358,0.2309197651663405,
m6_seasonal,0.01,0.3,detector,z8,22211,0.4470830602355352,0.028169014084507,0.0396030631202138,
m6_seasonal,0.01,0.3,detector,z57,40051,0.4808064547986332,0.2140077821011673,0.3641252450118108,
m6_seasonal,0.01,0.3,composite,z_plus,42878,0.4831918656374555,0.0293159609120521,0.1025580794437528,p_z_plus
m6_seasonal,0.01,0.3,composite,z_plus_renorm,41638,0.4964834228978618,0.0390879478827361,0.0867871573395272,p_z_plus_renorm
m6_seasonal,0.01,0.3,composite,breadth,42878,0.4982353679773288,0.009771986970684,0.0061309342040356,p_breadth
m6_seasonal,0.01,0.3,composite,z_mahalanobis_sq,22146,0.4641486439085339,0.0422535211267605,0.2436375204508271,p_z_mahalanobis_sq
m6_seasonal,0.01,0.3,composite,t_iut,42878,0.6378607051320357,0.2149837133550488,0.1226891545888045,p_t_iut
m6_seasonal,0.01,0.3,composite,z_plus_softmax,41638,0.4855182404827886,0.0358306188925081,0.0792141491858411,p_z_plus_softmax
m6_seasonal,0.01,0.3,composite,z_plus_orth,41638,0.484764257601912,0.0260586319218241,0.0587694466623115,p_z_plus_orth
m6_seasonal,0.05,0.05,detector,z1,38743,0.418572093556823,0.0433698903290129,0.1006614584751068,
m6_seasonal,0.05,0.05,detector,z2,41153,0.5318328604316052,0.2869399428026692,0.2827550889770836,
m6_seasonal,0.05,0.05,detector,z3,37453,0.5080557013154119,0.0294705294705294,0.026007728978026,
m6_seasonal,0.05,0.05,detector,z4,42878,0.5594788785316994,0.1942778034148592,0.1530053302547223,
m6_seasonal,0.05,0.05,detector,z6,36508,0.5094725491773572,0.2403746097814776,0.2304111490198346,
m6_seasonal,0.05,0.05,detector,z8,22211,0.5035103661480841,0.0347574221578566,0.0405184829572731,
m6_seasonal,0.05,0.05,detector,z57,40051,0.4732931181262649,0.3261390887290168,0.3794447663699099,
m6_seasonal,0.05,0.05,composite,z_plus,42878,0.4854770483270844,0.0701430549146285,0.1038785586205202,p_z_plus
m6_seasonal,0.05,0.05,composite,z_plus_renorm,41636,0.4678384865245459,0.052927400468384,0.0888331940963519,p_z_plus_renorm
m6_seasonal,0.05,0.05,composite,breadth,42878,0.5124679586387948,0.0069220119981541,0.0061899732259094,p_breadth
m6_seasonal,0.05,0.05,composite,z_mahalanobis_sq,22146,0.4557560783476197,0.1001451378809869,0.2522149460708783,p_z_mahalanobis_sq
m6_seasonal,0.05,0.05,composite,t_iut,42878,0.5565143657777423,0.1384402399630826,0.1224730416840657,p_t_iut
m6_seasonal,0.05,0.05,composite,z_plus_softmax,41636,0.4675481016785096,0.0538641686182669,0.0808080808080808,p_z_plus_softmax
m6_seasonal,0.05,0.05,composite,z_plus_orth,41636,0.4683673261881076,0.0393442622950819,0.0598465861623756,p_z_plus_orth
m6_seasonal,0.05,0.1,detector,z1,38743,0.418572093556823,0.0433698903290129,0.1006614584751068,
m6_seasonal,0.05,0.1,detector,z2,41153,0.5318328604316052,0.2869399428026692,0.2827550889770836,
m6_seasonal,0.05,0.1,detector,z3,37453,0.5080557013154119,0.0294705294705294,0.026007728978026,
m6_seasonal,0.05,0.1,detector,z4,42878,0.5594788785316994,0.1942778034148592,0.1530053302547223,
m6_seasonal,0.05,0.1,detector,z6,36508,0.5094725491773572,0.2403746097814776,0.2304111490198346,
m6_seasonal,0.05,0.1,detector,z8,22211,0.5035103661480841,0.0347574221578566,0.0405184829572731,
m6_seasonal,0.05,0.1,detector,z57,40051,0.4732931181262649,0.3261390887290168,0.3794447663699099,
m6_seasonal,0.05,0.1,composite,z_plus,42878,0.4854770483270844,0.0701430549146285,0.1038785586205202,p_z_plus
m6_seasonal,0.05,0.1,composite,z_plus_renorm,41636,0.4678384865245459,0.052927400468384,0.0888331940963519,p_z_plus_renorm
m6_seasonal,0.05,0.1,composite,breadth,42878,0.5124679586387948,0.0069220119981541,0.0061899732259094,p_breadth
m6_seasonal,0.05,0.1,composite,z_mahalanobis_sq,22146,0.4557560783476197,0.1001451378809869,0.2522149460708783,p_z_mahalanobis_sq
m6_seasonal,0.05,0.1,composite,t_iut,42878,0.5565143657777423,0.1384402399630826,0.1224730416840657,p_t_iut
m6_seasonal,0.05,0.1,composite,z_plus_softmax,41636,0.4675481016785096,0.0538641686182669,0.0808080808080808,p_z_plus_softmax
m6_seasonal,0.05,0.1,composite,z_plus_orth,41636,0.4683673261881076,0.0393442622950819,0.0598465861623756,p_z_plus_orth
m6_seasonal,0.05,0.15,detector,z1,38743,0.418572093556823,0.0433698903290129,0.1006614584751068,
m6_seasonal,0.05,0.15,detector,z2,41153,0.5318328604316052,0.2869399428026692,0.2827550889770836,
m6_seasonal,0.05,0.15,detector,z3,37453,0.5080557013154119,0.0294705294705294,0.026007728978026,
m6_seasonal,0.05,0.15,detector,z4,42878,0.5594788785316994,0.1942778034148592,0.1530053302547223,
m6_seasonal,0.05,0.15,detector,z6,36508,0.5094725491773572,0.2403746097814776,0.2304111490198346,
m6_seasonal,0.05,0.15,detector,z8,22211,0.5035103661480841,0.0347574221578566,0.0405184829572731,
m6_seasonal,0.05,0.15,detector,z57,40051,0.4732931181262649,0.3261390887290168,0.3794447663699099,
m6_seasonal,0.05,0.15,composite,z_plus,42878,0.4854770483270844,0.0701430549146285,0.1038785586205202,p_z_plus
m6_seasonal,0.05,0.15,composite,z_plus_renorm,41636,0.4678384865245459,0.052927400468384,0.0888331940963519,p_z_plus_renorm
m6_seasonal,0.05,0.15,composite,breadth,42878,0.5124679586387948,0.0069220119981541,0.0061899732259094,p_breadth
m6_seasonal,0.05,0.15,composite,z_mahalanobis_sq,22146,0.4557560783476197,0.1001451378809869,0.2522149460708783,p_z_mahalanobis_sq
m6_seasonal,0.05,0.15,composite,t_iut,42878,0.5565143657777423,0.1384402399630826,0.1224730416840657,p_t_iut
m6_seasonal,0.05,0.15,composite,z_plus_softmax,41636,0.4675481016785096,0.0538641686182669,0.0808080808080808,p_z_plus_softmax
m6_seasonal,0.05,0.15,composite,z_plus_orth,41636,0.4683673261881076,0.0393442622950819,0.0598465861623756,p_z_plus_orth
m6_seasonal,0.05,0.2,detector,z1,38743,0.418572093556823,0.0433698903290129,0.1006614584751068,
m6_seasonal,0.05,0.2,detector,z2,41153,0.5318328604316052,0.2869399428026692,0.2827550889770836,
m6_seasonal,0.05,0.2,detector,z3,37453,0.5080557013154119,0.0294705294705294,0.026007728978026,
m6_seasonal,0.05,0.2,detector,z4,42878,0.5594788785316994,0.1942778034148592,0.1530053302547223,
m6_seasonal,0.05,0.2,detector,z6,36508,0.5094725491773572,0.2403746097814776,0.2304111490198346,
m6_seasonal,0.05,0.2,detector,z8,22211,0.5035103661480841,0.0347574221578566,0.0405184829572731,
m6_seasonal,0.05,0.2,detector,z57,40051,0.4732931181262649,0.3261390887290168,0.3794447663699099,
m6_seasonal,0.05,0.2,composite,z_plus,42878,0.4854770483270844,0.0701430549146285,0.1038785586205202,p_z_plus
m6_seasonal,0.05,0.2,composite,z_plus_renorm,41636,0.4678384865245459,0.052927400468384,0.0888331940963519,p_z_plus_renorm
m6_seasonal,0.05,0.2,composite,breadth,42878,0.5124679586387948,0.0069220119981541,0.0061899732259094,p_breadth
m6_seasonal,0.05,0.2,composite,z_mahalanobis_sq,22146,0.4557560783476197,0.1001451378809869,0.2522149460708783,p_z_mahalanobis_sq
m6_seasonal,0.05,0.2,composite,t_iut,42878,0.5565143657777423,0.1384402399630826,0.1224730416840657,p_t_iut
m6_seasonal,0.05,0.2,composite,z_plus_softmax,41636,0.4675481016785096,0.0538641686182669,0.0808080808080808,p_z_plus_softmax
m6_seasonal,0.05,0.2,composite,z_plus_orth,41636,0.4683673261881076,0.0393442622950819,0.0598465861623756,p_z_plus_orth
m6_seasonal,0.05,0.3,detector,z1,38743,0.418572093556823,0.0433698903290129,0.1006614584751068,
m6_seasonal,0.05,0.3,detector,z2,41153,0.5318328604316052,0.2869399428026692,0.2827550889770836,
m6_seasonal,0.05,0.3,detector,z3,37453,0.5080557013154119,0.0294705294705294,0.026007728978026,
m6_seasonal,0.05,0.3,detector,z4,42878,0.5594788785316994,0.1942778034148592,0.1530053302547223,
m6_seasonal,0.05,0.3,detector,z6,36508,0.5094725491773572,0.2403746097814776,0.2304111490198346,
m6_seasonal,0.05,0.3,detector,z8,22211,0.5035103661480841,0.0347574221578566,0.0405184829572731,
m6_seasonal,0.05,0.3,detector,z57,40051,0.4732931181262649,0.3261390887290168,0.3794447663699099,
m6_seasonal,0.05,0.3,composite,z_plus,42878,0.4854770483270844,0.0701430549146285,0.1038785586205202,p_z_plus
m6_seasonal,0.05,0.3,composite,z_plus_renorm,41636,0.4678384865245459,0.052927400468384,0.0888331940963519,p_z_plus_renorm
m6_seasonal,0.05,0.3,composite,breadth,42878,0.5124679586387948,0.0069220119981541,0.0061899732259094,p_breadth
m6_seasonal,0.05,0.3,composite,z_mahalanobis_sq,22146,0.4557560783476197,0.1001451378809869,0.2522149460708783,p_z_mahalanobis_sq
m6_seasonal,0.05,0.3,composite,t_iut,42878,0.5565143657777423,0.1384402399630826,0.1224730416840657,p_t_iut
m6_seasonal,0.05,0.3,composite,z_plus_softmax,41636,0.4675481016785096,0.0538641686182669,0.0808080808080808,p_z_plus_softmax
m6_seasonal,0.05,0.3,composite,z_plus_orth,41636,0.4683673261881076,0.0393442622950819,0.0598465861623756,p_z_plus_orth
m6_seasonal,0.1,0.05,detector,z1,38743,0.4756825520347949,0.0798439531859557,0.0991174279328328,
m6_seasonal,0.1,0.05,detector,z2,41153,0.514925364156438,0.2688748173404773,0.2832078170972008,
m6_seasonal,0.1,0.05,detector,z3,37453,0.5031923928677994,0.0293870696893366,0.0258854781582054,
m6_seasonal,0.1,0.05,detector,z4,42878,0.4391776025065579,0.1094515752625437,0.1601585779804628,
m6_seasonal,0.1,0.05,detector,z6,36525,0.5003590977396463,0.2256114317120088,0.2314662774432889,
m6_seasonal,0.1,0.05,detector,z8,22211,0.4909052262227685,0.0286944045911047,0.0409045725646123,
m6_seasonal,0.1,0.05,detector,z57,40051,0.452144939161723,0.3047738693467337,0.3757589199079593,
m6_seasonal,0.1,0.05,composite,z_plus,42878,0.4549894070003384,0.0704784130688448,0.1054595392946907,p_z_plus
m6_seasonal,0.1,0.05,composite,z_plus_renorm,41624,0.4682708877592536,0.0701197165892988,0.0881138259039194,p_z_plus_renorm
m6_seasonal,0.1,0.05,composite,breadth,42878,0.4671602739549173,0.0049008168028004,0.0064519472443189,p_breadth
m6_seasonal,0.1,0.05,composite,z_mahalanobis_sq,22153,0.4805505167323187,0.1971223021582734,0.2477576240781343,p_z_mahalanobis_sq
m6_seasonal,0.1,0.05,composite,t_iut,42878,0.4922813131600669,0.0910151691948658,0.126577358588345,p_t_iut
m6_seasonal,0.1,0.05,composite,z_plus_softmax,41624,0.4701504611062364,0.0713413144392865,0.0798539873704404,p_z_plus_softmax
m6_seasonal,0.1,0.05,composite,z_plus_orth,41624,0.4723714803450404,0.0510627901294893,0.0594175481601875,p_z_plus_orth
m6_seasonal,0.1,0.1,detector,z1,38743,0.4756825520347949,0.0798439531859557,0.0991174279328328,
m6_seasonal,0.1,0.1,detector,z2,41153,0.514925364156438,0.2688748173404773,0.2832078170972008,
m6_seasonal,0.1,0.1,detector,z3,37453,0.5031923928677994,0.0293870696893366,0.0258854781582054,
m6_seasonal,0.1,0.1,detector,z4,42878,0.4391776025065579,0.1094515752625437,0.1601585779804628,
m6_seasonal,0.1,0.1,detector,z6,36525,0.5003590977396463,0.2256114317120088,0.2314662774432889,
m6_seasonal,0.1,0.1,detector,z8,22211,0.4909052262227685,0.0286944045911047,0.0409045725646123,
m6_seasonal,0.1,0.1,detector,z57,40051,0.452144939161723,0.3047738693467337,0.3757589199079593,
m6_seasonal,0.1,0.1,composite,z_plus,42878,0.4549894070003384,0.0704784130688448,0.1054595392946907,p_z_plus
m6_seasonal,0.1,0.1,composite,z_plus_renorm,41624,0.4682708877592536,0.0701197165892988,0.0881138259039194,p_z_plus_renorm
m6_seasonal,0.1,0.1,composite,breadth,42878,0.4671602739549173,0.0049008168028004,0.0064519472443189,p_breadth
m6_seasonal,0.1,0.1,composite,z_mahalanobis_sq,22153,0.4805505167323187,0.1971223021582734,0.2477576240781343,p_z_mahalanobis_sq
m6_seasonal,0.1,0.1,composite,t_iut,42878,0.4922813131600669,0.0910151691948658,0.126577358588345,p_t_iut
m6_seasonal,0.1,0.1,composite,z_plus_softmax,41624,0.4701504611062364,0.0713413144392865,0.0798539873704404,p_z_plus_softmax
m6_seasonal,0.1,0.1,composite,z_plus_orth,41624,0.4723714803450404,0.0510627901294893,0.0594175481601875,p_z_plus_orth
m6_seasonal,0.1,0.15,detector,z1,38743,0.4756825520347949,0.0798439531859557,0.0991174279328328,
m6_seasonal,0.1,0.15,detector,z2,41153,0.514925364156438,0.2688748173404773,0.2832078170972008,
m6_seasonal,0.1,0.15,detector,z3,37453,0.5031923928677994,0.0293870696893366,0.0258854781582054,
m6_seasonal,0.1,0.15,detector,z4,42878,0.4391776025065579,0.1094515752625437,0.1601585779804628,
m6_seasonal,0.1,0.15,detector,z6,36525,0.5003590977396463,0.2256114317120088,0.2314662774432889,
m6_seasonal,0.1,0.15,detector,z8,22211,0.4909052262227685,0.0286944045911047,0.0409045725646123,
m6_seasonal,0.1,0.15,detector,z57,40051,0.452144939161723,0.3047738693467337,0.3757589199079593,
m6_seasonal,0.1,0.15,composite,z_plus,42878,0.4549894070003384,0.0704784130688448,0.1054595392946907,p_z_plus
m6_seasonal,0.1,0.15,composite,z_plus_renorm,41624,0.4682708877592536,0.0701197165892988,0.0881138259039194,p_z_plus_renorm
m6_seasonal,0.1,0.15,composite,breadth,42878,0.4671602739549173,0.0049008168028004,0.0064519472443189,p_breadth
m6_seasonal,0.1,0.15,composite,z_mahalanobis_sq,22153,0.4805505167323187,0.1971223021582734,0.2477576240781343,p_z_mahalanobis_sq
m6_seasonal,0.1,0.15,composite,t_iut,42878,0.4922813131600669,0.0910151691948658,0.126577358588345,p_t_iut
m6_seasonal,0.1,0.15,composite,z_plus_softmax,41624,0.4701504611062364,0.0713413144392865,0.0798539873704404,p_z_plus_softmax
m6_seasonal,0.1,0.15,composite,z_plus_orth,41624,0.4723714803450404,0.0510627901294893,0.0594175481601875,p_z_plus_orth
m6_seasonal,0.1,0.2,detector,z1,38743,0.4756825520347949,0.0798439531859557,0.0991174279328328,
m6_seasonal,0.1,0.2,detector,z2,41153,0.514925364156438,0.2688748173404773,0.2832078170972008,
m6_seasonal,0.1,0.2,detector,z3,37453,0.5031923928677994,0.0293870696893366,0.0258854781582054,
m6_seasonal,0.1,0.2,detector,z4,42878,0.4391776025065579,0.1094515752625437,0.1601585779804628,
m6_seasonal,0.1,0.2,detector,z6,36525,0.5003590977396463,0.2256114317120088,0.2314662774432889,
m6_seasonal,0.1,0.2,detector,z8,22211,0.4909052262227685,0.0286944045911047,0.0409045725646123,
m6_seasonal,0.1,0.2,detector,z57,40051,0.452144939161723,0.3047738693467337,0.3757589199079593,
m6_seasonal,0.1,0.2,composite,z_plus,42878,0.4549894070003384,0.0704784130688448,0.1054595392946907,p_z_plus
m6_seasonal,0.1,0.2,composite,z_plus_renorm,41624,0.4682708877592536,0.0701197165892988,0.0881138259039194,p_z_plus_renorm
m6_seasonal,0.1,0.2,composite,breadth,42878,0.4671602739549173,0.0049008168028004,0.0064519472443189,p_breadth
m6_seasonal,0.1,0.2,composite,z_mahalanobis_sq,22153,0.4805505167323187,0.1971223021582734,0.2477576240781343,p_z_mahalanobis_sq
m6_seasonal,0.1,0.2,composite,t_iut,42878,0.4922813131600669,0.0910151691948658,0.126577358588345,p_t_iut
m6_seasonal,0.1,0.2,composite,z_plus_softmax,41624,0.4701504611062364,0.0713413144392865,0.0798539873704404,p_z_plus_softmax
m6_seasonal,0.1,0.2,composite,z_plus_orth,41624,0.4723714803450404,0.0510627901294893,0.0594175481601875,p_z_plus_orth
m6_seasonal,0.1,0.3,detector,z1,38743,0.4756825520347949,0.0798439531859557,0.0991174279328328,
m6_seasonal,0.1,0.3,detector,z2,41153,0.514925364156438,0.2688748173404773,0.2832078170972008,
m6_seasonal,0.1,0.3,detector,z3,37453,0.5031923928677994,0.0293870696893366,0.0258854781582054,
m6_seasonal,0.1,0.3,detector,z4,42878,0.4391776025065579,0.1094515752625437,0.1601585779804628,
m6_seasonal,0.1,0.3,detector,z6,36525,0.5003590977396463,0.2256114317120088,0.2314662774432889,
m6_seasonal,0.1,0.3,detector,z8,22211,0.4909052262227685,0.0286944045911047,0.0409045725646123,
m6_seasonal,0.1,0.3,detector,z57,40051,0.452144939161723,0.3047738693467337,0.3757589199079593,
m6_seasonal,0.1,0.3,composite,z_plus,42878,0.4549894070003384,0.0704784130688448,0.1054595392946907,p_z_plus
m6_seasonal,0.1,0.3,composite,z_plus_renorm,41624,0.4682708877592536,0.0701197165892988,0.0881138259039194,p_z_plus_renorm
m6_seasonal,0.1,0.3,composite,breadth,42878,0.4671602739549173,0.0049008168028004,0.0064519472443189,p_breadth
m6_seasonal,0.1,0.3,composite,z_mahalanobis_sq,22153,0.4805505167323187,0.1971223021582734,0.2477576240781343,p_z_mahalanobis_sq
m6_seasonal,0.1,0.3,composite,t_iut,42878,0.4922813131600669,0.0910151691948658,0.126577358588345,p_t_iut
m6_seasonal,0.1,0.3,composite,z_plus_softmax,41624,0.4701504611062364,0.0713413144392865,0.0798539873704404,p_z_plus_softmax
m6_seasonal,0.1,0.3,composite,z_plus_orth,41624,0.4723714803450404,0.0510627901294893,0.0594175481601875,p_z_plus_orth
abn_disx_full,0.01,0.05,detector,z1,38743,,,0.0978499341816586,
abn_disx_full,0.01,0.05,detector,z2,41153,,,0.2818263553082399,
abn_disx_full,0.01,0.05,detector,z3,37453,,,0.0261928283448588,
abn_disx_full,0.01,0.05,detector,z4,42878,,,0.1550911889547087,
abn_disx_full,0.01,0.05,detector,z6,36504,,,0.2308240192855577,
abn_disx_full,0.01,0.05,detector,z8,22211,,,0.0394849398946468,
abn_disx_full,0.01,0.05,detector,z57,40051,,,0.3632368729869416,
abn_disx_full,0.01,0.05,composite,z_plus,42878,,,0.1020569989271887,p_z_plus
abn_disx_full,0.01,0.05,composite,z_plus_renorm,41636,,,0.0864636372370064,p_z_plus_renorm
abn_disx_full,0.01,0.05,composite,breadth,42878,,,0.0061570035915854,p_breadth
abn_disx_full,0.01,0.05,composite,z_mahalanobis_sq,22146,,,0.242301092748126,p_z_mahalanobis_sq
abn_disx_full,0.01,0.05,composite,t_iut,42878,,,0.1232800037315173,p_t_iut
abn_disx_full,0.01,0.05,composite,z_plus_softmax,41636,,,0.0789701220097992,p_z_plus_softmax
abn_disx_full,0.01,0.05,composite,z_plus_orth,41636,,,0.0586271495820924,p_z_plus_orth
abn_disx_full,0.01,0.1,detector,z1,38743,,,0.0978499341816586,
abn_disx_full,0.01,0.1,detector,z2,41153,,,0.2818263553082399,
abn_disx_full,0.01,0.1,detector,z3,37453,,,0.0261928283448588,
abn_disx_full,0.01,0.1,detector,z4,42878,,,0.1550911889547087,
abn_disx_full,0.01,0.1,detector,z6,36504,,,0.2308240192855577,
abn_disx_full,0.01,0.1,detector,z8,22211,,,0.0394849398946468,
abn_disx_full,0.01,0.1,detector,z57,40051,,,0.3632368729869416,
abn_disx_full,0.01,0.1,composite,z_plus,42878,,,0.1020569989271887,p_z_plus
abn_disx_full,0.01,0.1,composite,z_plus_renorm,41636,,,0.0864636372370064,p_z_plus_renorm
abn_disx_full,0.01,0.1,composite,breadth,42878,,,0.0061570035915854,p_breadth
abn_disx_full,0.01,0.1,composite,z_mahalanobis_sq,22146,,,0.242301092748126,p_z_mahalanobis_sq
abn_disx_full,0.01,0.1,composite,t_iut,42878,,,0.1232800037315173,p_t_iut
abn_disx_full,0.01,0.1,composite,z_plus_softmax,41636,,,0.0789701220097992,p_z_plus_softmax
abn_disx_full,0.01,0.1,composite,z_plus_orth,41636,,,0.0586271495820924,p_z_plus_orth
abn_disx_full,0.01,0.15,detector,z1,38743,,,0.0978499341816586,
abn_disx_full,0.01,0.15,detector,z2,41153,,,0.2818263553082399,
abn_disx_full,0.01,0.15,detector,z3,37453,,,0.0261928283448588,
abn_disx_full,0.01,0.15,detector,z4,42878,,,0.1550911889547087,
abn_disx_full,0.01,0.15,detector,z6,36504,,,0.2308240192855577,
abn_disx_full,0.01,0.15,detector,z8,22211,,,0.0394849398946468,
abn_disx_full,0.01,0.15,detector,z57,40051,,,0.3632368729869416,
abn_disx_full,0.01,0.15,composite,z_plus,42878,,,0.1020569989271887,p_z_plus
abn_disx_full,0.01,0.15,composite,z_plus_renorm,41636,,,0.0864636372370064,p_z_plus_renorm
abn_disx_full,0.01,0.15,composite,breadth,42878,,,0.0061570035915854,p_breadth
abn_disx_full,0.01,0.15,composite,z_mahalanobis_sq,22146,,,0.242301092748126,p_z_mahalanobis_sq
abn_disx_full,0.01,0.15,composite,t_iut,42878,,,0.1232800037315173,p_t_iut
abn_disx_full,0.01,0.15,composite,z_plus_softmax,41636,,,0.0789701220097992,p_z_plus_softmax
abn_disx_full,0.01,0.15,composite,z_plus_orth,41636,,,0.0586271495820924,p_z_plus_orth
abn_disx_full,0.01,0.2,detector,z1,38743,,,0.0978499341816586,
abn_disx_full,0.01,0.2,detector,z2,41153,,,0.2818263553082399,
abn_disx_full,0.01,0.2,detector,z3,37453,,,0.0261928283448588,
abn_disx_full,0.01,0.2,detector,z4,42878,,,0.1550911889547087,
abn_disx_full,0.01,0.2,detector,z6,36504,,,0.2308240192855577,
abn_disx_full,0.01,0.2,detector,z8,22211,,,0.0394849398946468,
abn_disx_full,0.01,0.2,detector,z57,40051,,,0.3632368729869416,
abn_disx_full,0.01,0.2,composite,z_plus,42878,,,0.1020569989271887,p_z_plus
abn_disx_full,0.01,0.2,composite,z_plus_renorm,41636,,,0.0864636372370064,p_z_plus_renorm
abn_disx_full,0.01,0.2,composite,breadth,42878,,,0.0061570035915854,p_breadth
abn_disx_full,0.01,0.2,composite,z_mahalanobis_sq,22146,,,0.242301092748126,p_z_mahalanobis_sq
abn_disx_full,0.01,0.2,composite,t_iut,42878,,,0.1232800037315173,p_t_iut
abn_disx_full,0.01,0.2,composite,z_plus_softmax,41636,,,0.0789701220097992,p_z_plus_softmax
abn_disx_full,0.01,0.2,composite,z_plus_orth,41636,,,0.0586271495820924,p_z_plus_orth
abn_disx_full,0.01,0.3,detector,z1,38743,,,0.0978499341816586,
abn_disx_full,0.01,0.3,detector,z2,41153,,,0.2818263553082399,
abn_disx_full,0.01,0.3,detector,z3,37453,,,0.0261928283448588,
abn_disx_full,0.01,0.3,detector,z4,42878,,,0.1550911889547087,
abn_disx_full,0.01,0.3,detector,z6,36504,,,0.2308240192855577,
abn_disx_full,0.01,0.3,detector,z8,22211,,,0.0394849398946468,
abn_disx_full,0.01,0.3,detector,z57,40051,,,0.3632368729869416,
abn_disx_full,0.01,0.3,composite,z_plus,42878,,,0.1020569989271887,p_z_plus
abn_disx_full,0.01,0.3,composite,z_plus_renorm,41636,,,0.0864636372370064,p_z_plus_renorm
abn_disx_full,0.01,0.3,composite,breadth,42878,,,0.0061570035915854,p_breadth
abn_disx_full,0.01,0.3,composite,z_mahalanobis_sq,22146,,,0.242301092748126,p_z_mahalanobis_sq
abn_disx_full,0.01,0.3,composite,t_iut,42878,,,0.1232800037315173,p_t_iut
abn_disx_full,0.01,0.3,composite,z_plus_softmax,41636,,,0.0789701220097992,p_z_plus_softmax
abn_disx_full,0.01,0.3,composite,z_plus_orth,41636,,,0.0586271495820924,p_z_plus_orth
abn_disx_full,0.05,0.05,detector,z1,38743,,,0.0978499341816586,
abn_disx_full,0.05,0.05,detector,z2,41153,,,0.2818263553082399,
abn_disx_full,0.05,0.05,detector,z3,37453,,,0.0261928283448588,
abn_disx_full,0.05,0.05,detector,z4,42878,,,0.1550911889547087,
abn_disx_full,0.05,0.05,detector,z6,36504,,,0.2308240192855577,
abn_disx_full,0.05,0.05,detector,z8,22211,,,0.0394849398946468,
abn_disx_full,0.05,0.05,detector,z57,40051,,,0.3632368729869416,
abn_disx_full,0.05,0.05,composite,z_plus,42878,,,0.1020569989271887,p_z_plus
abn_disx_full,0.05,0.05,composite,z_plus_renorm,41636,,,0.0864636372370064,p_z_plus_renorm
abn_disx_full,0.05,0.05,composite,breadth,42878,,,0.0061570035915854,p_breadth
abn_disx_full,0.05,0.05,composite,z_mahalanobis_sq,22146,,,0.242301092748126,p_z_mahalanobis_sq
abn_disx_full,0.05,0.05,composite,t_iut,42878,,,0.1232800037315173,p_t_iut
abn_disx_full,0.05,0.05,composite,z_plus_softmax,41636,,,0.0789701220097992,p_z_plus_softmax
abn_disx_full,0.05,0.05,composite,z_plus_orth,41636,,,0.0586271495820924,p_z_plus_orth
abn_disx_full,0.05,0.1,detector,z1,38743,,,0.0978499341816586,
abn_disx_full,0.05,0.1,detector,z2,41153,,,0.2818263553082399,
abn_disx_full,0.05,0.1,detector,z3,37453,,,0.0261928283448588,
abn_disx_full,0.05,0.1,detector,z4,42878,,,0.1550911889547087,
abn_disx_full,0.05,0.1,detector,z6,36504,,,0.2308240192855577,
abn_disx_full,0.05,0.1,detector,z8,22211,,,0.0394849398946468,
abn_disx_full,0.05,0.1,detector,z57,40051,,,0.3632368729869416,
abn_disx_full,0.05,0.1,composite,z_plus,42878,,,0.1020569989271887,p_z_plus
abn_disx_full,0.05,0.1,composite,z_plus_renorm,41636,,,0.0864636372370064,p_z_plus_renorm
abn_disx_full,0.05,0.1,composite,breadth,42878,,,0.0061570035915854,p_breadth
abn_disx_full,0.05,0.1,composite,z_mahalanobis_sq,22146,,,0.242301092748126,p_z_mahalanobis_sq
abn_disx_full,0.05,0.1,composite,t_iut,42878,,,0.1232800037315173,p_t_iut
abn_disx_full,0.05,0.1,composite,z_plus_softmax,41636,,,0.0789701220097992,p_z_plus_softmax
abn_disx_full,0.05,0.1,composite,z_plus_orth,41636,,,0.0586271495820924,p_z_plus_orth
abn_disx_full,0.05,0.15,detector,z1,38743,,,0.0978499341816586,
abn_disx_full,0.05,0.15,detector,z2,41153,,,0.2818263553082399,
abn_disx_full,0.05,0.15,detector,z3,37453,,,0.0261928283448588,
abn_disx_full,0.05,0.15,detector,z4,42878,,,0.1550911889547087,
abn_disx_full,0.05,0.15,detector,z6,36504,,,0.2308240192855577,
abn_disx_full,0.05,0.15,detector,z8,22211,,,0.0394849398946468,
abn_disx_full,0.05,0.15,detector,z57,40051,,,0.3632368729869416,
abn_disx_full,0.05,0.15,composite,z_plus,42878,,,0.1020569989271887,p_z_plus
abn_disx_full,0.05,0.15,composite,z_plus_renorm,41636,,,0.0864636372370064,p_z_plus_renorm
abn_disx_full,0.05,0.15,composite,breadth,42878,,,0.0061570035915854,p_breadth
abn_disx_full,0.05,0.15,composite,z_mahalanobis_sq,22146,,,0.242301092748126,p_z_mahalanobis_sq
abn_disx_full,0.05,0.15,composite,t_iut,42878,,,0.1232800037315173,p_t_iut
abn_disx_full,0.05,0.15,composite,z_plus_softmax,41636,,,0.0789701220097992,p_z_plus_softmax
abn_disx_full,0.05,0.15,composite,z_plus_orth,41636,,,0.0586271495820924,p_z_plus_orth
abn_disx_full,0.05,0.2,detector,z1,38743,,,0.0978499341816586,
abn_disx_full,0.05,0.2,detector,z2,41153,,,0.2818263553082399,
abn_disx_full,0.05,0.2,detector,z3,37453,,,0.0261928283448588,
abn_disx_full,0.05,0.2,detector,z4,42878,,,0.1550911889547087,
abn_disx_full,0.05,0.2,detector,z6,36504,,,0.2308240192855577,
abn_disx_full,0.05,0.2,detector,z8,22211,,,0.0394849398946468,
abn_disx_full,0.05,0.2,detector,z57,40051,,,0.3632368729869416,
abn_disx_full,0.05,0.2,composite,z_plus,42878,,,0.1020569989271887,p_z_plus
abn_disx_full,0.05,0.2,composite,z_plus_renorm,41636,,,0.0864636372370064,p_z_plus_renorm
abn_disx_full,0.05,0.2,composite,breadth,42878,,,0.0061570035915854,p_breadth
abn_disx_full,0.05,0.2,composite,z_mahalanobis_sq,22146,,,0.242301092748126,p_z_mahalanobis_sq
abn_disx_full,0.05,0.2,composite,t_iut,42878,,,0.1232800037315173,p_t_iut
abn_disx_full,0.05,0.2,composite,z_plus_softmax,41636,,,0.0789701220097992,p_z_plus_softmax
abn_disx_full,0.05,0.2,composite,z_plus_orth,41636,,,0.0586271495820924,p_z_plus_orth
abn_disx_full,0.05,0.3,detector,z1,38743,,,0.0978499341816586,
abn_disx_full,0.05,0.3,detector,z2,41153,,,0.2818263553082399,
abn_disx_full,0.05,0.3,detector,z3,37453,,,0.0261928283448588,
abn_disx_full,0.05,0.3,detector,z4,42878,,,0.1550911889547087,
abn_disx_full,0.05,0.3,detector,z6,36504,,,0.2308240192855577,
abn_disx_full,0.05,0.3,detector,z8,22211,,,0.0394849398946468,
abn_disx_full,0.05,0.3,detector,z57,40051,,,0.3632368729869416,
abn_disx_full,0.05,0.3,composite,z_plus,42878,,,0.1020569989271887,p_z_plus
abn_disx_full,0.05,0.3,composite,z_plus_renorm,41636,,,0.0864636372370064,p_z_plus_renorm
abn_disx_full,0.05,0.3,composite,breadth,42878,,,0.0061570035915854,p_breadth
abn_disx_full,0.05,0.3,composite,z_mahalanobis_sq,22146,,,0.242301092748126,p_z_mahalanobis_sq
abn_disx_full,0.05,0.3,composite,t_iut,42878,,,0.1232800037315173,p_t_iut
abn_disx_full,0.05,0.3,composite,z_plus_softmax,41636,,,0.0789701220097992,p_z_plus_softmax
abn_disx_full,0.05,0.3,composite,z_plus_orth,41636,,,0.0586271495820924,p_z_plus_orth
abn_disx_full,0.1,0.05,detector,z1,38743,,,0.0978499341816586,
abn_disx_full,0.1,0.05,detector,z2,41153,,,0.2818263553082399,
abn_disx_full,0.1,0.05,detector,z3,37453,,,0.0261928283448588,
abn_disx_full,0.1,0.05,detector,z4,42878,,,0.1550911889547087,
abn_disx_full,0.1,0.05,detector,z6,36504,,,0.2308240192855577,
abn_disx_full,0.1,0.05,detector,z8,22211,,,0.0394849398946468,
abn_disx_full,0.1,0.05,detector,z57,40051,,,0.3632368729869416,
abn_disx_full,0.1,0.05,composite,z_plus,42878,,,0.1020569989271887,p_z_plus
abn_disx_full,0.1,0.05,composite,z_plus_renorm,41636,,,0.0864636372370064,p_z_plus_renorm
abn_disx_full,0.1,0.05,composite,breadth,42878,,,0.0061570035915854,p_breadth
abn_disx_full,0.1,0.05,composite,z_mahalanobis_sq,22146,,,0.242301092748126,p_z_mahalanobis_sq
abn_disx_full,0.1,0.05,composite,t_iut,42878,,,0.1232800037315173,p_t_iut
abn_disx_full,0.1,0.05,composite,z_plus_softmax,41636,,,0.0789701220097992,p_z_plus_softmax
abn_disx_full,0.1,0.05,composite,z_plus_orth,41636,,,0.0586271495820924,p_z_plus_orth
abn_disx_full,0.1,0.1,detector,z1,38743,,,0.0978499341816586,
abn_disx_full,0.1,0.1,detector,z2,41153,,,0.2818263553082399,
abn_disx_full,0.1,0.1,detector,z3,37453,,,0.0261928283448588,
abn_disx_full,0.1,0.1,detector,z4,42878,,,0.1550911889547087,
abn_disx_full,0.1,0.1,detector,z6,36504,,,0.2308240192855577,
abn_disx_full,0.1,0.1,detector,z8,22211,,,0.0394849398946468,
abn_disx_full,0.1,0.1,detector,z57,40051,,,0.3632368729869416,
abn_disx_full,0.1,0.1,composite,z_plus,42878,,,0.1020569989271887,p_z_plus
abn_disx_full,0.1,0.1,composite,z_plus_renorm,41636,,,0.0864636372370064,p_z_plus_renorm
abn_disx_full,0.1,0.1,composite,breadth,42878,,,0.0061570035915854,p_breadth
abn_disx_full,0.1,0.1,composite,z_mahalanobis_sq,22146,,,0.242301092748126,p_z_mahalanobis_sq
abn_disx_full,0.1,0.1,composite,t_iut,42878,,,0.1232800037315173,p_t_iut
abn_disx_full,0.1,0.1,composite,z_plus_softmax,41636,,,0.0789701220097992,p_z_plus_softmax
abn_disx_full,0.1,0.1,composite,z_plus_orth,41636,,,0.0586271495820924,p_z_plus_orth
abn_disx_full,0.1,0.15,detector,z1,38743,,,0.0978499341816586,
abn_disx_full,0.1,0.15,detector,z2,41153,,,0.2818263553082399,
abn_disx_full,0.1,0.15,detector,z3,37453,,,0.0261928283448588,
abn_disx_full,0.1,0.15,detector,z4,42878,,,0.1550911889547087,
abn_disx_full,0.1,0.15,detector,z6,36504,,,0.2308240192855577,
abn_disx_full,0.1,0.15,detector,z8,22211,,,0.0394849398946468,
abn_disx_full,0.1,0.15,detector,z57,40051,,,0.3632368729869416,
abn_disx_full,0.1,0.15,composite,z_plus,42878,,,0.1020569989271887,p_z_plus
abn_disx_full,0.1,0.15,composite,z_plus_renorm,41636,,,0.0864636372370064,p_z_plus_renorm
abn_disx_full,0.1,0.15,composite,breadth,42878,,,0.0061570035915854,p_breadth
abn_disx_full,0.1,0.15,composite,z_mahalanobis_sq,22146,,,0.242301092748126,p_z_mahalanobis_sq
abn_disx_full,0.1,0.15,composite,t_iut,42878,,,0.1232800037315173,p_t_iut
abn_disx_full,0.1,0.15,composite,z_plus_softmax,41636,,,0.0789701220097992,p_z_plus_softmax
abn_disx_full,0.1,0.15,composite,z_plus_orth,41636,,,0.0586271495820924,p_z_plus_orth
abn_disx_full,0.1,0.2,detector,z1,38743,,,0.0978499341816586,
abn_disx_full,0.1,0.2,detector,z2,41153,,,0.2818263553082399,
abn_disx_full,0.1,0.2,detector,z3,37453,,,0.0261928283448588,
abn_disx_full,0.1,0.2,detector,z4,42878,,,0.1550911889547087,
abn_disx_full,0.1,0.2,detector,z6,36504,,,0.2308240192855577,
abn_disx_full,0.1,0.2,detector,z8,22211,,,0.0394849398946468,
abn_disx_full,0.1,0.2,detector,z57,40051,,,0.3632368729869416,
abn_disx_full,0.1,0.2,composite,z_plus,42878,,,0.1020569989271887,p_z_plus
abn_disx_full,0.1,0.2,composite,z_plus_renorm,41636,,,0.0864636372370064,p_z_plus_renorm
abn_disx_full,0.1,0.2,composite,breadth,42878,,,0.0061570035915854,p_breadth
abn_disx_full,0.1,0.2,composite,z_mahalanobis_sq,22146,,,0.242301092748126,p_z_mahalanobis_sq
abn_disx_full,0.1,0.2,composite,t_iut,42878,,,0.1232800037315173,p_t_iut
abn_disx_full,0.1,0.2,composite,z_plus_softmax,41636,,,0.0789701220097992,p_z_plus_softmax
abn_disx_full,0.1,0.2,composite,z_plus_orth,41636,,,0.0586271495820924,p_z_plus_orth
abn_disx_full,0.1,0.3,detector,z1,38743,,,0.0978499341816586,
abn_disx_full,0.1,0.3,detector,z2,41153,,,0.2818263553082399,
abn_disx_full,0.1,0.3,detector,z3,37453,,,0.0261928283448588,
abn_disx_full,0.1,0.3,detector,z4,42878,,,0.1550911889547087,
abn_disx_full,0.1,0.3,detector,z6,36504,,,0.2308240192855577,
abn_disx_full,0.1,0.3,detector,z8,22211,,,0.0394849398946468,
abn_disx_full,0.1,0.3,detector,z57,40051,,,0.3632368729869416,
abn_disx_full,0.1,0.3,composite,z_plus,42878,,,0.1020569989271887,p_z_plus
abn_disx_full,0.1,0.3,composite,z_plus_renorm,41636,,,0.0864636372370064,p_z_plus_renorm
abn_disx_full,0.1,0.3,composite,breadth,42878,,,0.0061570035915854,p_breadth
abn_disx_full,0.1,0.3,composite,z_mahalanobis_sq,22146,,,0.242301092748126,p_z_mahalanobis_sq
abn_disx_full,0.1,0.3,composite,t_iut,42878,,,0.1232800037315173,p_t_iut
abn_disx_full,0.1,0.3,composite,z_plus_softmax,41636,,,0.0789701220097992,p_z_plus_softmax
abn_disx_full,0.1,0.3,composite,z_plus_orth,41636,,,0.0586271495820924,p_z_plus_orth
abn_disx_partial,0.01,0.05,detector,z1,38743,0.485522428968816,0.068075117370892,0.0982070621395203,
abn_disx_partial,0.01,0.05,detector,z2,41153,0.5871044388220512,0.3457943925233644,0.2815960712093309,
abn_disx_partial,0.01,0.05,detector,z3,37453,0.4891431756733764,0.0327868852459016,0.0261167828012747,
abn_disx_partial,0.01,0.05,detector,z4,42878,0.4630466574199443,0.0981308411214953,0.1556654888103651,
abn_disx_partial,0.01,0.05,detector,z6,36504,0.5180604475517664,0.2639225181598063,0.230445263362057,
abn_disx_partial,0.01,0.05,detector,z8,22211,0.481296172333058,0.0313588850174216,0.0395913154533844,
abn_disx_partial,0.01,0.05,detector,z57,40051,0.4255811077819665,0.25,0.364460035837771,
abn_disx_partial,0.01,0.05,composite,z_plus,42878,0.5091678225069626,0.0817757009345794,0.1022850412249705,p_z_plus
abn_disx_partial,0.01,0.05,composite,z_plus_renorm,41636,0.4880377837583553,0.0898345153664302,0.0865503603231989,p_z_plus_renorm
abn_disx_partial,0.01,0.05,composite,breadth,42878,0.5377265171779884,0.0093457943925233,0.0061719670200235,p_breadth
abn_disx_partial,0.01,0.05,composite,z_mahalanobis_sq,22146,0.4360379784899456,0.1328671328671328,0.2438243366880146,p_z_mahalanobis_sq
abn_disx_partial,0.01,0.05,composite,t_iut,42878,0.577528675847341,0.1214953271028037,0.1232979976442874,p_t_iut
abn_disx_partial,0.01,0.05,composite,z_plus_softmax,41636,0.4863620633371037,0.0756501182033096,0.0790769902700604,p_z_plus_softmax
abn_disx_partial,0.01,0.05,composite,z_plus_orth,41636,0.4898209148012066,0.0638297872340425,0.0586708077548346,p_z_plus_orth
abn_disx_partial,0.01,0.1,detector,z1,38743,0.4850980901721627,0.068075117370892,0.0982592582926638,
abn_disx_partial,0.01,0.1,detector,z2,41153,0.5875777238487002,0.3457943925233644,0.2817188459177409,
abn_disx_partial,0.01,0.1,detector,z3,37453,0.4913421810940878,0.0327868852459016,0.0261167828012747,
abn_disx_partial,0.01,0.1,detector,z4,42878,0.4630466574199443,0.0981308411214953,0.1556654888103651,
abn_disx_partial,0.01,0.1,detector,z6,36504,0.5180604475517664,0.2639225181598063,0.230445263362057,
abn_disx_partial,0.01,0.1,detector,z8,22211,0.481296172333058,0.0313588850174216,0.0395913154533844,
abn_disx_partial,0.01,0.1,detector,z57,40051,0.4255811077819665,0.25,0.364460035837771,
abn_disx_partial,0.01,0.1,composite,z_plus,42878,0.5092049194764594,0.0817757009345794,0.102379269729093,p_z_plus
abn_disx_partial,0.01,0.1,composite,z_plus_renorm,41637,0.4858160080923357,0.0896226415094339,0.0865988887001674,p_z_plus_renorm
abn_disx_partial,0.01,0.1,composite,breadth,42878,0.5400178604845722,0.0093457943925233,0.0061719670200235,p_breadth
abn_disx_partial,0.01,0.1,composite,z_mahalanobis_sq,22146,0.4359464871816198,0.1328671328671328,0.2438243366880146,p_z_mahalanobis_sq
abn_disx_partial,0.01,0.1,composite,t_iut,42878,0.5780483636603811,0.1214953271028037,0.1228975265017667,p_t_iut
abn_disx_partial,0.01,0.1,composite,z_plus_softmax,41637,0.4851788442371866,0.0754716981132075,0.0790769902700604,p_z_plus_softmax
abn_disx_partial,0.01,0.1,composite,z_plus_orth,41637,0.4886427574373171,0.0636792452830188,0.0586950719433188,p_z_plus_orth
abn_disx_partial,0.01,0.15,detector,z1,38743,0.484938101611207,0.068075117370892,0.0982592582926638,
abn_disx_partial,0.01,0.15,detector,z2,41153,0.5871089998450973,0.3434579439252336,0.2819889502762431,
abn_disx_partial,0.01,0.15,detector,z3,37453,0.4935199342799939,0.0327868852459016,0.0261167828012747,
abn_disx_partial,0.01,0.15,detector,z4,42878,0.4630466574199443,0.0981308411214953,0.1556654888103651,
abn_disx_partial,0.01,0.15,detector,z6,36504,0.5180604475517664,0.2639225181598063,0.230445263362057,
abn_disx_partial,0.01,0.15,detector,z8,22211,0.481296172333058,0.0313588850174216,0.0395913154533844,
abn_disx_partial,0.01,0.15,detector,z57,40051,0.4255811077819665,0.25,0.364460035837771,
abn_disx_partial,0.01,0.15,composite,z_plus,42878,0.5089883920610284,0.0817757009345794,0.1024028268551236,p_z_plus
abn_disx_partial,0.01,0.15,composite,z_plus_renorm,41637,0.485856925296973,0.0896226415094339,0.0865988887001674,p_z_plus_renorm
abn_disx_partial,0.01,0.15,composite,breadth,42878,0.539173601708442,0.0070093457943925,0.0061719670200235,p_breadth
abn_disx_partial,0.01,0.15,composite,z_mahalanobis_sq,22146,0.4355969967818092,0.1328671328671328,0.2437785910338517,p_z_mahalanobis_sq
abn_disx_partial,0.01,0.15,composite,t_iut,42878,0.5798459154805544,0.1261682242990654,0.1229917550058892,p_t_iut
abn_disx_partial,0.01,0.15,composite,z_plus_softmax,41637,0.4843377238543068,0.0754716981132075,0.0790769902700604,p_z_plus_softmax
abn_disx_partial,0.01,0.15,composite,z_plus_orth,41637,0.4878418103098995,0.0636792452830188,0.0586222793778662,p_z_plus_orth
abn_disx_partial,0.01,0.2,detector,z1,38743,0.4840428334375418,0.0657276995305164,0.098233160216092,
abn_disx_partial,0.01,0.2,detector,z2,41153,0.5872766389563002,0.3457943925233644,0.2821853898096992,
abn_disx_partial,0.01,0.2,detector,z3,37453,0.4956358282824488,0.0327868852459016,0.0261167828012747,
abn_disx_partial,0.01,0.2,detector,z4,42878,0.4630466574199443,0.0981308411214953,0.1556654888103651,
abn_disx_partial,0.01,0.2,detector,z6,36504,0.5180604475517664,0.2639225181598063,0.230445263362057,
abn_disx_partial,0.01,0.2,detector,z8,22211,0.481296172333058,0.0313588850174216,0.0395913154533844,
abn_disx_partial,0.01,0.2,detector,z57,40051,0.4255811077819665,0.25,0.364460035837771,
abn_disx_partial,0.01,0.2,composite,z_plus,42878,0.5090244707902645,0.0794392523364486,0.1024028268551236,p_z_plus
abn_disx_partial,0.01,0.2,composite,z_plus_renorm,41637,0.4832300121458287,0.0849056603773584,0.0866959454541042,p_z_plus_renorm
abn_disx_partial,0.01,0.2,composite,breadth,42878,0.543473465209207,0.0093457943925233,0.006266195524146,p_breadth
abn_disx_partial,0.01,0.2,composite,z_mahalanobis_sq,22146,0.4349024945777004,0.1328671328671328,0.2438700823421775,p_z_mahalanobis_sq
abn_disx_partial,0.01,0.2,composite,t_iut,42878,0.5796827218387768,0.1238317757009345,0.1229681978798586,p_t_iut
abn_disx_partial,0.01,0.2,composite,z_plus_softmax,41637,0.483694579792326,0.0731132075471698,0.0789556693276393,p_z_plus_softmax
abn_disx_partial,0.01,0.2,composite,z_plus_orth,41637,0.4872251622839285,0.0613207547169811,0.0586708077548346,p_z_plus_orth
abn_disx_partial,0.01,0.3,detector,z1,38743,0.4839064617979908,0.0704225352112676,0.098233160216092,
abn_disx_partial,0.01,0.3,detector,z2,41153,0.5874215303236318,0.3481308411214953,0.2824063842848373,
abn_disx_partial,0.01,0.3,detector,z3,37453,0.5000389624304764,0.0327868852459016,0.0261167828012747,
abn_disx_partial,0.01,0.3,detector,z4,42878,0.4630466574199443,0.0981308411214953,0.1556654888103651,
abn_disx_partial,0.01,0.3,detector,z6,36504,0.5180604475517664,0.2639225181598063,0.230445263362057,
abn_disx_partial,0.01,0.3,detector,z8,22211,0.481296172333058,0.0313588850174216,0.0395913154533844,
abn_disx_partial,0.01,0.3,detector,z57,40051,0.4255811077819665,0.25,0.364460035837771,
abn_disx_partial,0.01,0.3,composite,z_plus,42878,0.5105871118303006,0.0817757009345794,0.1024263839811542,p_z_plus
abn_disx_partial,0.01,0.3,composite,z_plus_renorm,41637,0.4854153342346182,0.0872641509433962,0.0867444738310727,p_z_plus_renorm
abn_disx_partial,0.01,0.3,composite,breadth,42878,0.5434412668009643,0.0070093457943925,0.0062426383981154,p_breadth
abn_disx_partial,0.01,0.3,composite,z_mahalanobis_sq,22146,0.4359140173641546,0.1328671328671328,0.2439158279963403,p_z_mahalanobis_sq
abn_disx_partial,0.01,0.3,composite,t_iut,42878,0.5794948427506798,0.1261682242990654,0.1228268551236749,p_t_iut
abn_disx_partial,0.01,0.3,composite,z_plus_softmax,41637,0.4858750375980468,0.0754716981132075,0.0789556693276393,p_z_plus_softmax
abn_disx_partial,0.01,0.3,composite,z_plus_orth,41637,0.489133878346684,0.0636792452830188,0.0586950719433188,p_z_plus_orth
abn_disx_partial,0.05,0.05,detector,z1,38743,0.4650005886244113,0.0571833648393194,0.1002539110492259,
abn_disx_partial,0.05,0.05,detector,z2,41153,0.5708021721012718,0.3425233644859813,0.2799066977674108,
abn_disx_partial,0.05,0.05,detector,z3,37453,0.4740996987425662,0.027191748710736,0.026132502831257,
abn_disx_partial,0.05,0.05,detector,z4,42878,0.4775056687755766,0.108411214953271,0.1575433256419068,
abn_disx_partial,0.05,0.05,detector,z6,36504,0.5175280866585282,0.25048828125,0.2296552124448572,
abn_disx_partial,0.05,0.05,detector,z8,22211,0.4948821690411261,0.035230352303523,0.039787798408488,
abn_disx_partial,0.05,0.05,detector,z57,40051,0.4303538945247317,0.2621495327102803,0.3689430508295745,
abn_disx_partial,0.05,0.05,composite,z_plus,42878,0.4970911507453832,0.0911214953271028,0.1027787323874515,p_z_plus
abn_disx_partial,0.05,0.05,composite,z_plus_renorm,41636,0.4654434362893256,0.068107092531705,0.0877819120662161,p_z_plus_renorm
abn_disx_partial,0.05,0.05,composite,breadth,42878,0.5372774701615016,0.0088785046728971,0.0061613235799499,p_breadth
abn_disx_partial,0.05,0.05,composite,z_mahalanobis_sq,22146,0.4254912486742369,0.1255940257976917,0.2508102355729695,p_z_mahalanobis_sq
abn_disx_partial,0.05,0.05,composite,t_iut,42878,0.5527182765362244,0.105607476635514,0.1240610731994697,p_t_iut
abn_disx_partial,0.05,0.05,composite,z_plus_softmax,41636,0.4668830739046631,0.0690465007045561,0.0797073936264459,p_z_plus_softmax
abn_disx_partial,0.05,0.05,composite,z_plus_orth,41636,0.4704081967125992,0.0573038985439173,0.0588250183511782,p_z_plus_orth
abn_disx_partial,0.05,0.1,detector,z1,38743,0.4652135036994567,0.054820415879017,0.0999808884156496,
abn_disx_partial,0.05,0.1,detector,z2,41153,0.5705362410948087,0.3425233644859813,0.2799066977674108,
abn_disx_partial,0.05,0.1,detector,z3,37453,0.4762248140237087,0.027191748710736,0.026132502831257,
abn_disx_partial,0.05,0.1,detector,z4,42878,0.4775056687755766,0.108411214953271,0.1575433256419068,
abn_disx_partial,0.05,0.1,detector,z6,36504,0.5175280866585282,0.25048828125,0.2296552124448572,
abn_disx_partial,0.05,0.1,detector,z8,22211,0.4948821690411261,0.035230352303523,0.039787798408488,
abn_disx_partial,0.05,0.1,detector,z57,40051,0.4303538945247317,0.2621495327102803,0.3689430508295745,
abn_disx_partial,0.05,0.1,composite,z_plus,42878,0.4964767275083127,0.0906542056074766,0.1027541852815553,p_z_plus
abn_disx_partial,0.05,0.1,composite,z_plus_renorm,41637,0.4644429619595805,0.0666979802724283,0.0876531335425736,p_z_plus_renorm
abn_disx_partial,0.05,0.1,composite,breadth,42878,0.5373046383018358,0.0093457943925233,0.0061858706858461,p_breadth
abn_disx_partial,0.05,0.1,composite,z_mahalanobis_sq,22146,0.4257053280006269,0.1255940257976917,0.251003724665022,p_z_mahalanobis_sq
abn_disx_partial,0.05,0.1,composite,t_iut,42878,0.5529354897468803,0.1060747663551401,0.1241347145171584,p_t_iut
abn_disx_partial,0.05,0.1,composite,z_plus_softmax,41637,0.4657686027095226,0.0676373884452794,0.0797813101144072,p_z_plus_softmax
abn_disx_partial,0.05,0.1,composite,z_plus_orth,41637,0.4693669428474701,0.0573038985439173,0.0588235294117647,p_z_plus_orth
abn_disx_partial,0.05,0.15,detector,z1,38743,0.4657562781141702,0.0557655954631379,0.0998989816255767,
abn_disx_partial,0.05,0.15,detector,z2,41153,0.5707785039781851,0.3420560747663551,0.2799066977674108,
abn_disx_partial,0.05,0.15,detector,z3,37453,0.47834213770661,0.027191748710736,0.0261041902604756,
abn_disx_partial,0.05,0.15,detector,z4,42878,0.4775056687755766,0.108411214953271,0.1575433256419068,
abn_disx_partial,0.05,0.15,detector,z6,36504,0.5175280866585282,0.25048828125,0.2296552124448572,
abn_disx_partial,0.05,0.15,detector,z8,22211,0.4948821690411261,0.035230352303523,0.039787798408488,
abn_disx_partial,0.05,0.15,detector,z57,40051,0.4303538945247317,0.2621495327102803,0.3689430508295745,
abn_disx_partial,0.05,0.15,composite,z_plus,42878,0.4970997307618365,0.0911214953271028,0.1025578084343855,p_z_plus
abn_disx_partial,0.05,0.15,composite,z_plus_renorm,41634,0.4645847730277194,0.0653195488721804,0.0877081962233584,p_z_plus_renorm
abn_disx_partial,0.05,0.15,composite,breadth,42878,0.5389491739554747,0.0093457943925233,0.0062104177917423,p_breadth
abn_disx_partial,0.05,0.15,composite,z_mahalanobis_sq,22146,0.425232212360912,0.1262729124236252,0.2510520969380351,p_z_mahalanobis_sq
abn_disx_partial,0.05,0.15,composite,t_iut,42878,0.5533129645883909,0.1065420560747663,0.1241838087289508,p_t_iut
abn_disx_partial,0.05,0.15,composite,z_plus_softmax,41634,0.4664072988437275,0.0667293233082706,0.0798865995038728,p_z_plus_softmax
abn_disx_partial,0.05,0.15,composite,z_plus_orth,41634,0.4699240566960609,0.056390977443609,0.0588518199767124,p_z_plus_orth
abn_disx_partial,0.05,0.2,detector,z1,38743,0.4650065303504398,0.054820415879017,0.1000081906790072,
abn_disx_partial,0.05,0.2,detector,z2,41153,0.5708065439964776,0.3429906542056075,0.2785225437674621,
abn_disx_partial,0.05,0.2,detector,z3,37453,0.4804963818844146,0.027191748710736,0.0260758776896942,
abn_disx_partial,0.05,0.2,detector,z4,42878,0.4775056687755766,0.108411214953271,0.1575433256419068,
abn_disx_partial,0.05,0.2,detector,z6,36504,0.5175280866585282,0.25048828125,0.2296552124448572,
abn_disx_partial,0.05,0.2,detector,z8,22211,0.4948821690411261,0.035230352303523,0.039787798408488,
abn_disx_partial,0.05,0.2,detector,z57,40051,0.4303538945247317,0.2621495327102803,0.3689430508295745,
abn_disx_partial,0.05,0.2,composite,z_plus,42878,0.4968914875683821,0.0906542056074766,0.1024596200108007,p_z_plus
abn_disx_partial,0.05,0.2,composite,z_plus_renorm,41633,0.463492153367852,0.0653195488721804,0.0877863561574484,p_z_plus_renorm
abn_disx_partial,0.05,0.2,composite,breadth,42878,0.5398350319777672,0.0093457943925233,0.0061613235799499,p_breadth
abn_disx_partial,0.05,0.2,composite,z_mahalanobis_sq,22146,0.4247620522572266,0.1249151391717583,0.251003724665022,p_z_mahalanobis_sq
abn_disx_partial,0.05,0.2,composite,t_iut,42878,0.5536221548871911,0.1070093457943925,0.1237174137169227,p_t_iut
abn_disx_partial,0.05,0.2,composite,z_plus_softmax,41633,0.4659571144986882,0.0653195488721804,0.0798633084419693,p_z_plus_softmax
abn_disx_partial,0.05,0.2,composite,z_plus_orth,41633,0.4695150240333145,0.0559210526315789,0.0587267434501961,p_z_plus_orth
abn_disx_partial,0.05,0.3,detector,z1,38743,0.4652491153473145,0.0571833648393194,0.100172004259153,
abn_disx_partial,0.05,0.3,detector,z2,41153,0.5705752108511158,0.3434579439252336,0.2786763386563453,
abn_disx_partial,0.05,0.3,detector,z3,37453,0.4848672162995457,0.027191748710736,0.0260475651189127,
abn_disx_partial,0.05,0.3,detector,z4,42878,0.4775056687755766,0.108411214953271,0.1575433256419068,
abn_disx_partial,0.05,0.3,detector,z6,36504,0.5175280866585282,0.25048828125,0.2296552124448572,
abn_disx_partial,0.05,0.3,detector,z8,22211,0.4948821690411261,0.035230352303523,0.039787798408488,
abn_disx_partial,0.05,0.3,detector,z57,40051,0.4303538945247317,0.2621495327102803,0.3689430508295745,
abn_disx_partial,0.05,0.3,composite,z_plus,42878,0.4977458587655879,0.0920560747663551,0.1025578084343855,p_z_plus
abn_disx_partial,0.05,0.3,composite,z_plus_renorm,41633,0.4629261083825879,0.0653195488721804,0.0877357296544741,p_z_plus_renorm
abn_disx_partial,0.05,0.3,composite,breadth,42878,0.5427653714206535,0.0093457943925233,0.0061858706858461,p_breadth
abn_disx_partial,0.05,0.3,composite,z_mahalanobis_sq,22146,0.4256871350344019,0.1242362525458248,0.2510520969380351,p_z_mahalanobis_sq
abn_disx_partial,0.05,0.3,composite,t_iut,42878,0.5534025672602172,0.1070093457943925,0.1239137905640924,p_t_iut
abn_disx_partial,0.05,0.3,composite,z_plus_softmax,41633,0.4665806733800709,0.0681390977443609,0.0797367421845336,p_z_plus_softmax
abn_disx_partial,0.05,0.3,composite,z_plus_orth,41633,0.4699837831034997,0.0554511278195488,0.0586508036957347,p_z_plus_orth
abn_disx_partial,0.1,0.05,detector,z1,38743,0.4522704303096369,0.052930056710775,0.1034163020486221,
abn_disx_partial,0.1,0.05,detector,z2,41153,0.5731139865864343,0.3400327179247487,0.2766176709876878,
abn_disx_partial,0.1,0.05,detector,z3,37453,0.4695447421074315,0.0229669557065854,0.0266076056168263,
abn_disx_partial,0.1,0.05,detector,z4,42878,0.4742917937256256,0.1091376489834073,0.1601854970336019,
abn_disx_partial,0.1,0.05,detector,z6,36504,0.5141281991942743,0.252372840107082,0.2280907547461028,
abn_disx_partial,0.1,0.05,detector,z8,22211,0.5005680733327998,0.0358108108108108,0.0400498675393486,
abn_disx_partial,0.1,0.05,detector,z57,40051,0.4268681950188173,0.2619770974526758,0.3753494353125349,
abn_disx_partial,0.1,0.05,composite,z_plus,42878,0.4912349775107785,0.0829633091843888,0.1043550351045363,p_z_plus
abn_disx_partial,0.1,0.05,composite,z_plus_renorm,41639,0.4587143466228664,0.0628235294117647,0.089411324186258,p_z_plus_renorm
abn_disx_partial,0.1,0.05,composite,breadth,42878,0.5361517490124323,0.0088805795746669,0.0059327961864297,p_breadth
abn_disx_partial,0.1,0.05,composite,z_mahalanobis_sq,22146,0.4165408820933117,0.1212326447680325,0.2609284635023186,p_z_mahalanobis_sq
abn_disx_partial,0.1,0.05,composite,t_iut,42878,0.554802778245172,0.1014255667211965,0.1257027384129122,p_t_iut
abn_disx_partial,0.1,0.05,composite,z_plus_softmax,41639,0.4613088782010437,0.0611764705882353,0.081093369707668,p_z_plus_softmax
abn_disx_partial,0.1,0.05,composite,z_plus_orth,41639,0.4654327900782394,0.0529411764705882,0.0594292438952633,p_z_plus_orth
abn_disx_partial,0.1,0.1,detector,z1,38743,0.4527737491878839,0.0517485822306238,0.102807800411463,
abn_disx_partial,0.1,0.1,detector,z2,41153,0.5730434026814126,0.3395653189997663,0.276536312849162,
abn_disx_partial,0.1,0.1,detector,z3,37453,0.4716497893268514,0.0229669557065854,0.0266076056168263,
abn_disx_partial,0.1,0.1,detector,z4,42878,0.4742917937256256,0.1091376489834073,0.1601854970336019,
abn_disx_partial,0.1,0.1,detector,z6,36504,0.5141281991942743,0.252372840107082,0.2280907547461028,
abn_disx_partial,0.1,0.1,detector,z8,22211,0.5005680733327998,0.0358108108108108,0.0400498675393486,
abn_disx_partial,0.1,0.1,detector,z57,40051,0.4268681950188173,0.2619770974526758,0.3753494353125349,
abn_disx_partial,0.1,0.1,composite,z_plus,42878,0.4910720647853974,0.0824959102594064,0.1040700536283323,p_z_plus
abn_disx_partial,0.1,0.1,composite,z_plus_renorm,41640,0.4576481128958671,0.0623529411764705,0.0892217170366408,p_z_plus_renorm
abn_disx_partial,0.1,0.1,composite,breadth,42878,0.5374580841435646,0.0091142790371582,0.0059587035933573,p_breadth
abn_disx_partial,0.1,0.1,composite,z_mahalanobis_sq,22146,0.4167062227383562,0.1219099221131053,0.2610847704892409,p_z_mahalanobis_sq
abn_disx_partial,0.1,0.1,composite,t_iut,42878,0.5546871757506235,0.1014255667211965,0.1254177569367082,p_t_iut
abn_disx_partial,0.1,0.1,composite,z_plus_softmax,41640,0.4607206362191841,0.0592941176470588,0.0812249264509227,p_z_plus_softmax
abn_disx_partial,0.1,0.1,composite,z_plus_orth,41640,0.4649060554095936,0.0515294117647058,0.0593206739769991,p_z_plus_orth
abn_disx_partial,0.1,0.15,detector,z1,38743,0.4531794751450169,0.0517485822306238,0.1025180377271015,
abn_disx_partial,0.1,0.15,detector,z2,41153,0.5732185410159161,0.3393316195372751,0.2764820740901448,
abn_disx_partial,0.1,0.15,detector,z3,37453,0.4738535656403742,0.0229669557065854,0.0265774724281323,
abn_disx_partial,0.1,0.15,detector,z4,42878,0.4742917937256256,0.1091376489834073,0.1601854970336019,
abn_disx_partial,0.1,0.15,detector,z6,36504,0.5141281991942743,0.252372840107082,0.2280907547461028,
abn_disx_partial,0.1,0.15,detector,z8,22211,0.5005680733327998,0.0358108108108108,0.0400498675393486,
abn_disx_partial,0.1,0.15,detector,z57,40051,0.4268681950188173,0.2619770974526758,0.3753494353125349,
abn_disx_partial,0.1,0.15,composite,z_plus,42878,0.4914186724689894,0.0827296097218976,0.1039405165936941,p_z_plus
abn_disx_partial,0.1,0.15,composite,z_plus_renorm,41637,0.457447933301761,0.0607058823529411,0.0893091181426699,p_z_plus_renorm
abn_disx_partial,0.1,0.15,composite,breadth,42878,0.5382242628575316,0.0093479784996494,0.0059327961864297,p_breadth
abn_disx_partial,0.1,0.15,composite,z_mahalanobis_sq,22146,0.4166167683503105,0.1222485607856417,0.2611889751471891,p_z_mahalanobis_sq
abn_disx_partial,0.1,0.15,composite,t_iut,42878,0.5551677372609438,0.1030614629586351,0.1254695717505634,p_t_iut
abn_disx_partial,0.1,0.15,composite,z_plus_softmax,41637,0.4607832039762169,0.0588235294117647,0.0812046968197501,p_z_plus_softmax
abn_disx_partial,0.1,0.15,composite,z_plus_orth,41637,0.4649277493435119,0.0508235294117647,0.0594591702998368,p_z_plus_orth
abn_disx_partial,0.1,0.2,detector,z1,38743,0.4526863924485543,0.0522211720226843,0.1028947292167714,
abn_disx_partial,0.1,0.2,detector,z2,41153,0.5733733445691266,0.3397990184622575,0.2764549547106362,
abn_disx_partial,0.1,0.2,detector,z3,37453,0.4760615791025298,0.0229669557065854,0.0265473392394383,
abn_disx_partial,0.1,0.2,detector,z4,42878,0.4742917937256256,0.1091376489834073,0.1601854970336019,
abn_disx_partial,0.1,0.2,detector,z6,36504,0.5141281991942743,0.252372840107082,0.2280907547461028,
abn_disx_partial,0.1,0.2,detector,z8,22211,0.5005680733327998,0.0358108108108108,0.0400498675393486,
abn_disx_partial,0.1,0.2,detector,z57,40051,0.4268681950188173,0.2619770974526758,0.3753494353125349,
abn_disx_partial,0.1,0.2,composite,z_plus,42878,0.4914288259444316,0.0836644075718625,0.1039146091867665,p_z_plus
abn_disx_partial,0.1,0.2,composite,z_plus_renorm,41635,0.4570233448492548,0.0607201694516356,0.0894987428449152,p_z_plus_renorm
abn_disx_partial,0.1,0.2,composite,breadth,42878,0.5391146808774475,0.0093479784996494,0.0058809813725744,p_breadth
abn_disx_partial,0.1,0.2,composite,z_mahalanobis_sq,22146,0.4156731392415421,0.1215712834405689,0.2608763611733444,p_z_mahalanobis_sq
abn_disx_partial,0.1,0.2,composite,t_iut,42878,0.5557089532238468,0.1035288618836176,0.1247441643565895,p_t_iut
abn_disx_partial,0.1,0.2,composite,z_plus_softmax,41635,0.4607352991518945,0.0588373734996469,0.0812336168619269,p_z_plus_softmax
abn_disx_partial,0.1,0.2,composite,z_plus_orth,41635,0.4649658363008231,0.0515415391856907,0.0594072647515112,p_z_plus_orth
abn_disx_partial,0.1,0.3,detector,z1,38743,0.4534256946868643,0.0541115311909262,0.1027498478745907,
abn_disx_partial,0.1,0.3,detector,z2,41153,0.5728541659454796,0.3405001168497312,0.2752888213917666,
abn_disx_partial,0.1,0.3,detector,z3,37453,0.4806446944522208,0.0229669557065854,0.0264870728620502,
abn_disx_partial,0.1,0.3,detector,z4,42878,0.4742917937256256,0.1091376489834073,0.1601854970336019,
abn_disx_partial,0.1,0.3,detector,z6,36504,0.5141281991942743,0.252372840107082,0.2280907547461028,
abn_disx_partial,0.1,0.3,detector,z8,22211,0.5005680733327998,0.0358108108108108,0.0400498675393486,
abn_disx_partial,0.1,0.3,detector,z57,40051,0.4268681950188173,0.2619770974526758,0.3753494353125349,
abn_disx_partial,0.1,0.3,composite,z_plus,42878,0.4923418092612907,0.0836644075718625,0.1039405165936941,p_z_plus
abn_disx_partial,0.1,0.3,composite,z_plus_renorm,41633,0.4575650804557329,0.0607201694516356,0.0893965332762679,p_z_plus_renorm
abn_disx_partial,0.1,0.3,composite,breadth,42878,0.5407483066597335,0.0093479784996494,0.0059587035933573,p_breadth
abn_disx_partial,0.1,0.3,composite,z_mahalanobis_sq,22146,0.4164703242830958,0.1215712834405689,0.2607721565153962,p_z_mahalanobis_sq
abn_disx_partial,0.1,0.3,composite,t_iut,42878,0.5554412181249817,0.1032951624211264,0.1247959791704448,p_t_iut
abn_disx_partial,0.1,0.3,composite,z_plus_softmax,41633,0.4614160010308439,0.0597787714756413,0.0809972180612026,p_z_plus_softmax
abn_disx_partial,0.1,0.3,composite,z_plus_orth,41633,0.4655794408543252,0.0510708401976935,0.059223197089664,p_z_plus_orth
abn_prod_full,0.01,0.05,detector,z1,38743,0.4428933961612303,0.0567375886524822,0.0983559498956158,
abn_prod_full,0.01,0.05,detector,z2,41153,0.553130624376142,0.3169014084507042,0.2815085815306798,
abn_prod_full,0.01,0.05,detector,z3,37453,0.4837669426634217,0.0329411764705882,0.0261153721508047,
abn_prod_full,0.01,0.05,detector,z4,42878,0.4610415839994266,0.0892018779342723,0.1557523791576368,
abn_prod_full,0.01,0.05,detector,z6,36504,0.5315026591043102,0.2760290556900726,0.2303067246681998,
abn_prod_full,0.01,0.05,detector,z8,22211,0.4990589264329319,0.0382165605095541,0.0395031282824131,
abn_prod_full,0.01,0.05,detector,z57,40051,0.4107017668577183,0.2394366197183098,0.3645678233438486,
abn_prod_full,0.01,0.05,composite,z_plus,42878,0.486052377742064,0.0774647887323943,0.1022802223687929,p_z_plus
abn_prod_full,0.01,0.05,composite,z_plus_renorm,41636,0.4576296491234066,0.0516431924882629,0.0867265226886678,p_z_plus_renorm
abn_prod_full,0.01,0.05,composite,breadth,42878,0.5289345569633133,0.0046948356807511,0.0061481202299067,p_breadth
abn_prod_full,0.01,0.05,composite,z_mahalanobis_sq,22146,0.4329615792163901,0.1146496815286624,0.2440454378893367,p_z_mahalanobis_sq
abn_prod_full,0.01,0.05,composite,t_iut,42878,0.5425385157453722,0.0751173708920187,0.1237161971167436,p_t_iut
abn_prod_full,0.01,0.05,composite,z_plus_softmax,41636,0.4582031174346898,0.0469483568075117,0.079325406454744,p_z_plus_softmax
abn_prod_full,0.01,0.05,composite,z_plus_orth,41636,0.462043945302487,0.0375586854460093,0.0587721426838146,p_z_plus_orth
abn_prod_full,0.01,0.1,detector,z1,38743,0.4415626218431819,0.0543735224586288,0.09830375782881,
abn_prod_full,0.01,0.1,detector,z2,41153,0.5538283885221774,0.3169014084507042,0.2815576890023817,
abn_prod_full,0.01,0.1,detector,z3,37453,0.4837669426634217,0.0329411764705882,0.0261153721508047,
abn_prod_full,0.01,0.1,detector,z4,42878,0.4610415839994266,0.0892018779342723,0.1557523791576368,
abn_prod_full,0.01,0.1,detector,z6,36504,0.5315026591043102,0.2760290556900726,0.2303067246681998,
abn_prod_full,0.01,0.1,detector,z8,22211,0.4990589264329319,0.0382165605095541,0.0395031282824131,
abn_prod_full,0.01,0.1,detector,z57,40051,0.4107017668577183,0.2394366197183098,0.3645678233438486,
abn_prod_full,0.01,0.1,composite,z_plus,42878,0.4854223649001645,0.0774647887323943,0.1021859983039668,p_z_plus
abn_prod_full,0.01,0.1,composite,z_plus_renorm,41635,0.4549473102700911,0.0516431924882629,0.0870683588536484,p_z_plus_renorm
abn_prod_full,0.01,0.1,composite,breadth,42878,0.531709853802295,0.0046948356807511,0.0061481202299067,p_breadth
abn_prod_full,0.01,0.1,composite,z_mahalanobis_sq,22146,0.4323071900535181,0.1114649681528662,0.2441370465371931,p_z_mahalanobis_sq
abn_prod_full,0.01,0.1,composite,t_iut,42878,0.5421632783604482,0.0774647887323943,0.1237161971167436,p_t_iut
abn_prod_full,0.01,0.1,composite,z_plus_softmax,41635,0.4572384764392936,0.0469483568075117,0.0794729306704846,p_z_plus_softmax
abn_prod_full,0.01,0.1,composite,z_plus_orth,41635,0.4612163382879235,0.0375586854460093,0.0589434346865975,p_z_plus_orth
abn_prod_full,0.01,0.15,detector,z1,38743,0.4407939918664278,0.0567375886524822,0.0982776617954071,
abn_prod_full,0.01,0.15,detector,z2,41153,0.5544830395357799,0.3192488262910798,0.2812384904363199,
abn_prod_full,0.01,0.15,detector,z3,37453,0.4837669426634217,0.0329411764705882,0.0261153721508047,
abn_prod_full,0.01,0.15,detector,z4,42878,0.4610415839994266,0.0892018779342723,0.1557523791576368,
abn_prod_full,0.01,0.15,detector,z6,36504,0.5315026591043102,0.2760290556900726,0.2303067246681998,
abn_prod_full,0.01,0.15,detector,z8,22211,0.4990589264329319,0.0382165605095541,0.0395031282824131,
abn_prod_full,0.01,0.15,detector,z57,40051,0.4107017668577183,0.2394366197183098,0.3645678233438486,
abn_prod_full,0.01,0.15,composite,z_plus,42878,0.4860354848712868,0.0774647887323943,0.1022095543201733,p_z_plus
abn_prod_full,0.01,0.15,composite,z_plus_renorm,41634,0.4553934499705149,0.0539906103286385,0.087046204620462,p_z_plus_renorm
abn_prod_full,0.01,0.15,composite,breadth,42878,0.5320516648684468,0.0046948356807511,0.0061481202299067,p_breadth
abn_prod_full,0.01,0.15,composite,z_mahalanobis_sq,22146,0.4323328638147007,0.1114649681528662,0.2439996335654085,p_z_mahalanobis_sq
abn_prod_full,0.01,0.15,composite,t_iut,42878,0.543211825208609,0.0798122065727699,0.1236219730519174,p_t_iut
abn_prod_full,0.01,0.15,composite,z_plus_softmax,41634,0.4574817620535872,0.0469483568075117,0.0794505921180353,p_z_plus_softmax
abn_prod_full,0.01,0.15,composite,z_plus_orth,41634,0.4615580991612003,0.0375586854460093,0.0588963308095515,p_z_plus_orth
abn_prod_full,0.01,0.2,detector,z1,38743,0.4430364308029435,0.0591016548463357,0.0982515657620041,
abn_prod_full,0.01,0.2,detector,z2,41153,0.5550838279527799,0.3192488262910798,0.2809438456061089,
abn_prod_full,0.01,0.2,detector,z3,37453,0.4837669426634217,0.0329411764705882,0.0261153721508047,
abn_prod_full,0.01,0.2,detector,z4,42878,0.4610415839994266,0.0892018779342723,0.1557523791576368,
abn_prod_full,0.01,0.2,detector,z6,36504,0.5315026591043102,0.2760290556900726,0.2303067246681998,
abn_prod_full,0.01,0.2,detector,z8,22211,0.4990589264329319,0.0382165605095541,0.0395031282824131,
abn_prod_full,0.01,0.2,detector,z57,40051,0.4107017668577183,0.2394366197183098,0.3645678233438486,
abn_prod_full,0.01,0.2,composite,z_plus,42878,0.4874794244280975,0.0774647887323943,0.1022095543201733,p_z_plus
abn_prod_full,0.01,0.2,composite,z_plus_renorm,41635,0.4571602367731102,0.0539906103286385,0.0869470261350675,p_z_plus_renorm
abn_prod_full,0.01,0.2,composite,breadth,42878,0.5316592304857759,0.0046948356807511,0.0061481202299067,p_breadth
abn_prod_full,0.01,0.2,composite,z_mahalanobis_sq,22146,0.4338821877778892,0.1114649681528662,0.243862220593624,p_z_mahalanobis_sq
abn_prod_full,0.01,0.2,composite,t_iut,42878,0.5429551420460955,0.0774647887323943,0.123692641100537,p_t_iut
abn_prod_full,0.01,0.2,composite,z_plus_softmax,41635,0.4594240033941261,0.0469483568075117,0.0793515979519037,p_z_plus_softmax
abn_prod_full,0.01,0.2,composite,z_plus_orth,41635,0.463574009597475,0.0375586854460093,0.0587493023368681,p_z_plus_orth
abn_prod_full,0.01,0.3,detector,z1,38743,0.4441057820913349,0.0567375886524822,0.0980949895615866,
abn_prod_full,0.01,0.3,detector,z2,41153,0.5562189483139249,0.3192488262910798,0.2809683993419599,
abn_prod_full,0.01,0.3,detector,z3,37453,0.4837669426634217,0.0329411764705882,0.0261153721508047,
abn_prod_full,0.01,0.3,detector,z4,42878,0.4610415839994266,0.0892018779342723,0.1557523791576368,
abn_prod_full,0.01,0.3,detector,z6,36504,0.5315026591043102,0.2760290556900726,0.2303067246681998,
abn_prod_full,0.01,0.3,detector,z8,22211,0.4990589264329319,0.0382165605095541,0.0395031282824131,
abn_prod_full,0.01,0.3,detector,z57,40051,0.4107017668577183,0.2394366197183098,0.3645678233438486,
abn_prod_full,0.01,0.3,composite,z_plus,42878,0.4870520707397119,0.0774647887323943,0.1021859983039668,p_z_plus
abn_prod_full,0.01,0.3,composite,z_plus_renorm,41635,0.4560100538683093,0.0516431924882629,0.0868014268727705,p_z_plus_renorm
abn_prod_full,0.01,0.3,composite,breadth,42878,0.5319999079877676,0.0046948356807511,0.0061481202299067,p_breadth
abn_prod_full,0.01,0.3,composite,z_mahalanobis_sq,22146,0.4336474770861681,0.1114649681528662,0.2439080249175522,p_z_mahalanobis_sq
abn_prod_full,0.01,0.3,composite,t_iut,42878,0.544487444311587,0.0798122065727699,0.1237633091491566,p_t_iut
abn_prod_full,0.01,0.3,composite,z_plus_softmax,41635,0.4592579256753362,0.0469483568075117,0.0792787983207551,p_z_plus_softmax
abn_prod_full,0.01,0.3,composite,z_plus_orth,41635,0.4632238251432609,0.0352112676056338,0.0586765027057196,p_z_plus_orth
abn_prod_full,0.05,0.05,detector,z1,38743,0.4577790904131594,0.0463576158940397,0.1005760463021103,
abn_prod_full,0.05,0.05,detector,z2,41153,0.5798840811991541,0.3458646616541353,0.2780781550288276,
abn_prod_full,0.05,0.05,detector,z3,37453,0.4768825333829739,0.028692380056444,0.026042403827101,
abn_prod_full,0.05,0.05,detector,z4,42878,0.4813012073896398,0.1085526315789473,0.157521472392638,
abn_prod_full,0.05,0.05,detector,z6,36504,0.5249886216943747,0.2589199614271938,0.2291315713040952,
abn_prod_full,0.05,0.05,detector,z8,22211,0.4902335006568468,0.0342820181112548,0.0398741834018872,
abn_prod_full,0.05,0.05,detector,z57,40051,0.4285440928085581,0.2565789473684211,0.3692218442633758,
abn_prod_full,0.05,0.05,composite,z_plus,42878,0.5029013388532682,0.0789473684210526,0.1031411042944785,p_z_plus
abn_prod_full,0.05,0.05,composite,z_plus_renorm,41634,0.4668846083448801,0.0597928436911487,0.0876740065806125,p_z_plus_renorm
abn_prod_full,0.05,0.05,composite,breadth,42878,0.5477351584482679,0.0112781954887218,0.005840490797546,p_breadth
abn_prod_full,0.05,0.05,composite,z_mahalanobis_sq,22146,0.4265585812986424,0.1262135922330097,0.2510072326586088,p_z_mahalanobis_sq
abn_prod_full,0.05,0.05,composite,t_iut,42878,0.561605603348863,0.0953947368421052,0.1239018404907975,p_t_iut
abn_prod_full,0.05,0.05,composite,z_plus_softmax,41634,0.469245753417214,0.0536723163841807,0.080334092634776,p_z_plus_softmax
abn_prod_full,0.05,0.05,composite,z_plus_orth,41634,0.4728818921620358,0.0423728813559322,0.059301442672741,p_z_plus_orth
abn_prod_full,0.05,0.1,detector,z1,38743,0.4568181200057763,0.0463576158940397,0.1003849408938273,
abn_prod_full,0.05,0.1,detector,z2,41153,0.5805271888080226,0.3444548872180451,0.2773094170403587,
abn_prod_full,0.05,0.1,detector,z3,37453,0.4768825333829739,0.028692380056444,0.026042403827101,
abn_prod_full,0.05,0.1,detector,z4,42878,0.4813012073896398,0.1085526315789473,0.157521472392638,
abn_prod_full,0.05,0.1,detector,z6,36504,0.5249886216943747,0.2589199614271938,0.2291315713040952,
abn_prod_full,0.05,0.1,detector,z8,22211,0.4902335006568468,0.0342820181112548,0.0398741834018872,
abn_prod_full,0.05,0.1,detector,z57,40051,0.4285440928085581,0.2565789473684211,0.3692218442633758,
abn_prod_full,0.05,0.1,composite,z_plus,42878,0.5029644817565386,0.0794172932330827,0.1028220858895705,p_z_plus
abn_prod_full,0.05,0.1,composite,z_plus_renorm,41633,0.467521560202331,0.0607344632768361,0.0875749829152851,p_z_plus_renorm
abn_prod_full,0.05,0.1,composite,breadth,42878,0.5467067265556529,0.0112781954887218,0.0058650306748466,p_breadth
abn_prod_full,0.05,0.1,composite,z_mahalanobis_sq,22146,0.426902172248213,0.1268608414239482,0.2509101499927188,p_z_mahalanobis_sq
abn_prod_full,0.05,0.1,composite,t_iut,42878,0.5616682849762442,0.0953947368421052,0.1234110429447852,p_t_iut
abn_prod_full,0.05,0.1,composite,z_plus_softmax,41633,0.4694974562757852,0.0536723163841807,0.0804626793895061,p_z_plus_softmax
abn_prod_full,0.05,0.1,composite,z_plus_orth,41633,0.4730871351679911,0.0428436911487759,0.0592523222556885,p_z_plus_orth
abn_prod_full,0.05,0.15,detector,z1,38743,0.4572370267283862,0.0473036896877956,0.1005214447568866,
abn_prod_full,0.05,0.15,detector,z2,41153,0.5812292522626232,0.3458646616541353,0.2773862908392056,
abn_prod_full,0.05,0.15,detector,z3,37453,0.4768825333829739,0.028692380056444,0.026042403827101,
abn_prod_full,0.05,0.15,detector,z4,42878,0.4813012073896398,0.1085526315789473,0.157521472392638,
abn_prod_full,0.05,0.15,detector,z6,36504,0.5249886216943747,0.2589199614271938,0.2291315713040952,
abn_prod_full,0.05,0.15,detector,z8,22211,0.4902335006568468,0.0342820181112548,0.0398741834018872,
abn_prod_full,0.05,0.15,detector,z57,40051,0.4285440928085581,0.2565789473684211,0.3692218442633758,
abn_prod_full,0.05,0.15,composite,z_plus,42878,0.5034954045389548,0.0794172932330827,0.1028957055214724,p_z_plus
abn_prod_full,0.05,0.15,composite,z_plus_renorm,41635,0.468216287571303,0.0607344632768361,0.0879501910860266,p_z_plus_renorm
abn_prod_full,0.05,0.15,composite,breadth,42878,0.5471468125836063,0.0112781954887218,0.0058895705521472,p_breadth
abn_prod_full,0.05,0.15,composite,z_mahalanobis_sq,22146,0.4272803233701069,0.1275080906148867,0.2508616086597738,p_z_mahalanobis_sq
abn_prod_full,0.05,0.15,composite,t_iut,42878,0.5622068649384198,0.0949248120300751,0.1238036809815951,p_t_iut
abn_prod_full,0.05,0.15,composite,z_plus_softmax,41635,0.4699804867327942,0.0541431261770244,0.0806610817240768,p_z_plus_softmax
abn_prod_full,0.05,0.15,composite,z_plus_orth,41635,0.473703477936798,0.0433145009416195,0.0594517982334033,p_z_plus_orth
abn_prod_full,0.05,0.2,detector,z1,38743,0.457719491044378,0.0482497634815515,0.1007125501651696,
abn_prod_full,0.05,0.2,detector,z2,41153,0.5818722996633159,0.3472744360902255,0.2775144138372838,
abn_prod_full,0.05,0.2,detector,z3,37453,0.4768825333829739,0.028692380056444,0.026042403827101,
abn_prod_full,0.05,0.2,detector,z4,42878,0.4813012073896398,0.1085526315789473,0.157521472392638,
abn_prod_full,0.05,0.2,detector,z6,36504,0.5249886216943747,0.2589199614271938,0.2291315713040952,
abn_prod_full,0.05,0.2,detector,z8,22211,0.4902335006568468,0.0342820181112548,0.0398741834018872,
abn_prod_full,0.05,0.2,detector,z57,40051,0.4285440928085581,0.2565789473684211,0.3692218442633758,
abn_prod_full,0.05,0.2,composite,z_plus,42878,0.5040701139351447,0.081296992481203,0.1028711656441717,p_z_plus
abn_prod_full,0.05,0.2,composite,z_plus_renorm,41635,0.4687189247782007,0.0597928436911487,0.0880514287160537,p_z_plus_renorm
abn_prod_full,0.05,0.2,composite,breadth,42878,0.5474718275750726,0.0117481203007518,0.005963190184049,p_breadth
abn_prod_full,0.05,0.2,composite,z_mahalanobis_sq,22146,0.4274095469962576,0.1288025889967637,0.2508616086597738,p_z_mahalanobis_sq
abn_prod_full,0.05,0.2,composite,t_iut,42878,0.5624686390054893,0.0953947368421052,0.1236564417177914,p_t_iut
abn_prod_full,0.05,0.2,composite,z_plus_softmax,41635,0.4705022787761171,0.0536723163841807,0.0807370099465971,p_z_plus_softmax
abn_prod_full,0.05,0.2,composite,z_plus_orth,41635,0.4742650810585013,0.0433145009416195,0.0595277264559236,p_z_plus_orth
abn_prod_full,0.05,0.3,detector,z1,38743,0.4588119481198536,0.0463576158940397,0.1003576401212154,
abn_prod_full,0.05,0.3,detector,z2,41153,0.5828063632816828,0.3463345864661654,0.2761563100576553,
abn_prod_full,0.05,0.3,detector,z3,37453,0.4768825333829739,0.028692380056444,0.026042403827101,
abn_prod_full,0.05,0.3,detector,z4,42878,0.4813012073896398,0.1085526315789473,0.157521472392638,
abn_prod_full,0.05,0.3,detector,z6,36504,0.5249886216943747,0.2589199614271938,0.2291315713040952,
abn_prod_full,0.05,0.3,detector,z8,22211,0.4902335006568468,0.0342820181112548,0.0398741834018872,
abn_prod_full,0.05,0.3,detector,z57,40051,0.4285440928085581,0.2565789473684211,0.3692218442633758,
abn_prod_full,0.05,0.3,composite,z_plus,42878,0.5039668111997786,0.0808270676691729,0.102920245398773,p_z_plus
abn_prod_full,0.05,0.3,composite,z_plus_renorm,41638,0.4680380693770181,0.0588235294117647,0.0873636524688077,p_z_plus_renorm
abn_prod_full,0.05,0.3,composite,breadth,42878,0.5477535575902948,0.0122180451127819,0.0059141104294478,p_breadth
abn_prod_full,0.05,0.3,composite,z_mahalanobis_sq,22146,0.4259171130819835,0.1275080906148867,0.2509101499927188,p_z_mahalanobis_sq
abn_prod_full,0.05,0.3,composite,t_iut,42878,0.5637474110890724,0.0949248120300751,0.1228711656441717,p_t_iut
abn_prod_full,0.05,0.3,composite,z_plus_softmax,41638,0.469970776557529,0.0536470588235294,0.0801761445600182,p_z_plus_softmax
abn_prod_full,0.05,0.3,composite,z_plus_orth,41638,0.4737052794240466,0.0418823529411764,0.0590944752359982,p_z_plus_orth
abn_prod_full,0.1,0.05,detector,z1,38743,0.4503414532743783,0.0470337981564641,0.103529207232267,
abn_prod_full,0.1,0.05,detector,z2,41153,0.5838048246887647,0.3432800751879699,0.2746564761362712,
abn_prod_full,0.1,0.05,detector,z3,37453,0.4800571425131515,0.0284505055255114,0.0259036144578313,
abn_prod_full,0.1,0.05,detector,z4,42878,0.481718517057363,0.1085526315789473,0.1602195639790792,
abn_prod_full,0.1,0.05,detector,z6,36504,0.5262504354282809,0.2560270009643201,0.2275930275683026,
abn_prod_full,0.1,0.05,detector,z8,22211,0.4875350223581128,0.0338382210763777,0.0404019258949131,
abn_prod_full,0.1,0.05,detector,z57,40051,0.4165638846995264,0.25,0.3767006565162732,
abn_prod_full,0.1,0.05,composite,z_plus,42878,0.4971055797506037,0.0773026315789473,0.1045777018279737,p_z_plus
abn_prod_full,0.1,0.05,composite,z_plus_renorm,41633,0.4578962147686968,0.0598491988689915,0.0894915616892668,p_z_plus_renorm
abn_prod_full,0.1,0.05,composite,breadth,42878,0.5509844846941417,0.0101033834586466,0.005670343327637,p_breadth
abn_prod_full,0.1,0.05,composite,z_mahalanobis_sq,22146,0.4116800242536744,0.1135483870967742,0.2629948545626378,p_z_mahalanobis_sq
abn_prod_full,0.1,0.05,composite,t_iut,42878,0.5703156330754259,0.100093984962406,0.1252653927813163,p_t_iut
abn_prod_full,0.1,0.05,composite,z_plus_softmax,41633,0.4619179084888631,0.0565504241281809,0.0816015405600577,p_z_plus_softmax
abn_prod_full,0.1,0.05,composite,z_plus_orth,41633,0.4659800486663269,0.0466540999057492,0.0600711439193345,p_z_plus_orth
abn_prod_full,0.1,0.1,detector,z1,38743,0.450718376966179,0.0467974474119593,0.1036740843764487,
abn_prod_full,0.1,0.1,detector,z2,41153,0.5845014015851075,0.3435150375939849,0.2739518118004174,
abn_prod_full,0.1,0.1,detector,z3,37453,0.4800571425131515,0.0284505055255114,0.0259036144578313,
abn_prod_full,0.1,0.1,detector,z4,42878,0.481718517057363,0.1085526315789473,0.1602195639790792,
abn_prod_full,0.1,0.1,detector,z6,36504,0.5262504354282809,0.2560270009643201,0.2275930275683026,
abn_prod_full,0.1,0.1,detector,z8,22211,0.4875350223581128,0.0338382210763777,0.0404019258949131,
abn_prod_full,0.1,0.1,detector,z57,40051,0.4165638846995264,0.25,0.3767006565162732,
abn_prod_full,0.1,0.1,composite,z_plus,42878,0.4973598333841439,0.0775375939849624,0.1043705659986536,p_z_plus
abn_prod_full,0.1,0.1,composite,z_plus_renorm,41635,0.4580872609123393,0.0610129564193168,0.0893286975127039,p_z_plus_renorm
abn_prod_full,0.1,0.1,composite,breadth,42878,0.550866316039633,0.0101033834586466,0.0056962353063021,p_breadth
abn_prod_full,0.1,0.1,composite,z_mahalanobis_sq,22146,0.4114547970448456,0.1138709677419354,0.2632048724141552,p_z_mahalanobis_sq
abn_prod_full,0.1,0.1,composite,t_iut,42878,0.5706736888438277,0.0986842105263157,0.1245922013360261,p_t_iut
abn_prod_full,0.1,0.1,composite,z_plus_softmax,41635,0.4618644403638974,0.0555948174322732,0.0818133190692698,p_z_plus_softmax
abn_prod_full,0.1,0.1,composite,z_plus_orth,41635,0.4659956665976774,0.0464075382803298,0.0599358117143621,p_z_plus_orth
abn_prod_full,0.1,0.15,detector,z1,38743,0.4516310207941538,0.0477428503899787,0.1038479369494668,
abn_prod_full,0.1,0.15,detector,z2,41153,0.5852635281338968,0.34375,0.274060221698241,
abn_prod_full,0.1,0.15,detector,z3,37453,0.4800571425131515,0.0284505055255114,0.0259036144578313,
abn_prod_full,0.1,0.15,detector,z4,42878,0.481718517057363,0.1085526315789473,0.1602195639790792,
abn_prod_full,0.1,0.15,detector,z6,36504,0.5262504354282809,0.2560270009643201,0.2275930275683026,
abn_prod_full,0.1,0.15,detector,z8,22211,0.4875350223581128,0.0338382210763777,0.0404019258949131,
abn_prod_full,0.1,0.15,detector,z57,40051,0.4165638846995264,0.25,0.3767006565162732,
abn_prod_full,0.1,0.15,composite,z_plus,42878,0.4979428622190477,0.0777725563909774,0.1043446740199886,p_z_plus
abn_prod_full,0.1,0.15,composite,z_plus_renorm,41637,0.4586486411056225,0.0605418138987043,0.0892971758664955,p_z_plus_renorm
abn_prod_full,0.1,0.15,composite,breadth,42878,0.5519165655078742,0.0105733082706766,0.0057480192636321,p_breadth
abn_prod_full,0.1,0.15,composite,z_mahalanobis_sq,22146,0.4117942468658223,0.1148387096774193,0.2632048724141552,p_z_mahalanobis_sq
abn_prod_full,0.1,0.15,composite,t_iut,42878,0.5712002036900548,0.0979793233082706,0.1247216612293511,p_t_iut
abn_prod_full,0.1,0.15,composite,z_plus_softmax,41637,0.4624531938201101,0.0558303886925795,0.0818089430894308,p_z_plus_softmax
abn_prod_full,0.1,0.15,composite,z_plus_orth,41637,0.4666393528241587,0.0468786808009422,0.0600128369704749,p_z_plus_orth
abn_prod_full,0.1,0.2,detector,z1,38743,0.4523533896718121,0.0484519026234932,0.1039638386648122,
abn_prod_full,0.1,0.2,detector,z2,41153,0.5859723890230087,0.3453947368421052,0.2743041439683443,
abn_prod_full,0.1,0.2,detector,z3,37453,0.4800571425131515,0.0284505055255114,0.0259036144578313,
abn_prod_full,0.1,0.2,detector,z4,42878,0.481718517057363,0.1085526315789473,0.1602195639790792,
abn_prod_full,0.1,0.2,detector,z6,36504,0.5262504354282809,0.2560270009643201,0.2275930275683026,
abn_prod_full,0.1,0.2,detector,z8,22211,0.4875350223581128,0.0338382210763777,0.0404019258949131,
abn_prod_full,0.1,0.2,detector,z57,40051,0.4165638846995264,0.25,0.3767006565162732,
abn_prod_full,0.1,0.2,composite,z_plus,42878,0.4985352750711251,0.0782424812030075,0.1043964579773186,p_z_plus
abn_prod_full,0.1,0.2,composite,z_plus_renorm,41636,0.4590781704899981,0.0605418138987043,0.0897542189296889,p_z_plus_renorm
abn_prod_full,0.1,0.2,composite,breadth,42878,0.5520936481476721,0.0108082706766917,0.0057480192636321,p_breadth
abn_prod_full,0.1,0.2,composite,z_mahalanobis_sq,22146,0.4119003736285326,0.1154838709677419,0.2628898456368791,p_z_mahalanobis_sq
abn_prod_full,0.1,0.2,composite,t_iut,42878,0.5716253528998821,0.0977443609022556,0.124566309357361,p_t_iut
abn_prod_full,0.1,0.2,composite,z_plus_softmax,41636,0.4631297145477491,0.0560659599528857,0.082025086250702,p_z_plus_softmax
abn_prod_full,0.1,0.2,composite,z_plus_orth,41636,0.4673010036018632,0.0478209658421672,0.0601481639966836,p_z_plus_orth
abn_prod_full,0.1,0.3,detector,z1,38743,0.4534545655414201,0.0482155518789884,0.103616133518776,
abn_prod_full,0.1,0.3,detector,z2,41153,0.5869094940120853,0.3435150375939849,0.2725424831287096,
abn_prod_full,0.1,0.3,detector,z3,37453,0.4800571425131515,0.0284505055255114,0.0259036144578313,
abn_prod_full,0.1,0.3,detector,z4,42878,0.481718517057363,0.1085526315789473,0.1602195639790792,
abn_prod_full,0.1,0.3,detector,z6,36504,0.5262504354282809,0.2560270009643201,0.2275930275683026,
abn_prod_full,0.1,0.3,detector,z8,22211,0.4875350223581128,0.0338382210763777,0.0404019258949131,
abn_prod_full,0.1,0.3,detector,z57,40051,0.4165638846995264,0.25,0.3767006565162732,
abn_prod_full,0.1,0.3,composite,z_plus,42878,0.4988457567621867,0.0789473684210526,0.1041116462120035,p_z_plus
abn_prod_full,0.1,0.3,composite,z_plus_renorm,41634,0.4597244313763351,0.060320452403393,0.0894891682267986,p_z_plus_renorm
abn_prod_full,0.1,0.3,composite,breadth,42878,0.5519317381100335,0.0108082706766917,0.0057221272849671,p_breadth
abn_prod_full,0.1,0.3,composite,z_mahalanobis_sq,22146,0.4112282148821359,0.1151612903225806,0.2629948545626378,p_z_mahalanobis_sq
abn_prod_full,0.1,0.3,composite,t_iut,42878,0.57260506558555,0.0982142857142857,0.1238413339547408,p_t_iut
abn_prod_full,0.1,0.3,composite,z_plus_softmax,41634,0.463573995501476,0.0565504241281809,0.081545867879112,p_z_plus_softmax
abn_prod_full,0.1,0.3,composite,z_plus_orth,41634,0.4677356626878366,0.048774740810556,0.0597218507622358,p_z_plus_orth
