method,kind,protocol,calibration_split,split,entity_name,pvalue_col,n_rows,fpr,year,rho,delta,entity_type,n_finite,auc,detection_rate,complete_c_rows,min_complete_rows,status
anoshift,fpr,global_c_near_far,global_c,iid,z_plus,p_z_plus,4140.0,0.0555555555555555,,,,,,,,,,
anoshift,fpr,global_c_near_far,global_c,iid,z_plus_renorm,p_z_plus_renorm,4081.0,0.0707729468599033,,,,,,,,,,
anoshift,fpr,global_c_near_far,global_c,iid,breadth,p_breadth,4140.0,0.0089371980676328,,,,,,,,,,
anoshift,fpr,global_c_near_far,global_c,iid,z_mahalanobis_sq,p_z_mahalanobis_sq,3049.0,0.0425120772946859,,,,,,,,,,
anoshift,fpr,global_c_near_far,global_c,iid,t_iut,p_t_iut,4140.0,0.0483091787439613,,,,,,,,,,
anoshift,fpr,global_c_near_far,global_c,iid,z_plus_softmax,p_z_plus_softmax,4081.0,0.0681159420289855,,,,,,,,,,
anoshift,fpr,global_c_near_far,global_c,iid,z_plus_orth,p_z_plus_orth,4081.0,0.0606280193236715,,,,,,,,,,
anoshift,fpr,global_c_near_far,global_c,near,z_plus,p_z_plus,2932.0,0.0453615279672578,,,,,,,,,,
anoshift,fpr,global_c_near_far,global_c,near,z_plus_renorm,p_z_plus_renorm,2898.0,0.0688949522510232,,,,,,,,,,
anoshift,fpr,global_c_near_far,global_c,near,breadth,p_breadth,2932.0,0.0092087312414733,,,,,,,,,,
anoshift,fpr,global_c_near_far,global_c,near,z_mahalanobis_sq,p_z_mahalanobis_sq,2298.0,0.0310368349249658,,,,,,,,,,
anoshift,fpr,global_c_near_far,global_c,near,t_iut,p_t_iut,2932.0,0.0487721691678035,,,,,,,,,,
anoshift,fpr,global_c_near_far,global_c,near,z_plus_softmax,p_z_plus_softmax,2898.0,0.0487721691678035,,,,,,,,,,
anoshift,fpr,global_c_near_far,global_c,near,z_plus_orth,p_z_plus_orth,2898.0,0.0433151432469304,,,,,,,,,,
anoshift,fpr,global_c_near_far,global_c,far,z_plus,p_z_plus,4232.0,0.0434782608695652,,,,,,,,,,
anoshift,fpr,global_c_near_far,global_c,far,z_plus_renorm,p_z_plus_renorm,4181.0,0.0498582230623818,,,,,,,,,,
anoshift,fpr,global_c_near_far,global_c,far,breadth,p_breadth,4232.0,0.0085066162570888,,,,,,,,,,
anoshift,fpr,global_c_near_far,global_c,far,z_mahalanobis_sq,p_z_mahalanobis_sq,3599.0,0.0326086956521739,,,,,,,,,,
anoshift,fpr,global_c_near_far,global_c,far,t_iut,p_t_iut,4232.0,0.0425330812854442,,,,,,,,,,
anoshift,fpr,global_c_near_far,global_c,far,z_plus_softmax,p_z_plus_softmax,4181.0,0.0441871455576559,,,,,,,,,,
anoshift,fpr,global_c_near_far,global_c,far,z_plus_orth,p_z_plus_orth,4181.0,0.0401701323251417,,,,,,,,,,
anoshift_yearly,annual_fpr,global_c_near_far,global_c,,z_mahalanobis_sq,p_z_mahalanobis_sq,0.0,,2003.0,,,,,,,,,
anoshift_yearly,annual_fpr,global_c_near_far,global_c,,z_mahalanobis_sq,p_z_mahalanobis_sq,0.0,,2004.0,,,,,,,,,
anoshift_yearly,annual_fpr,global_c_near_far,global_c,,z_mahalanobis_sq,p_z_mahalanobis_sq,35.0,0.0093632958801498,2005.0,,,,,,,,,
anoshift_yearly,annual_fpr,global_c_near_far,global_c,,z_mahalanobis_sq,p_z_mahalanobis_sq,353.0,0.0709342560553633,2006.0,,,,,,,,,
anoshift_yearly,annual_fpr,global_c_near_far,global_c,,z_mahalanobis_sq,p_z_mahalanobis_sq,447.0,0.0622895622895622,2007.0,,,,,,,,,
anoshift_yearly,annual_fpr,global_c_near_far,global_c,,z_mahalanobis_sq,p_z_mahalanobis_sq,460.0,0.038269550748752,2008.0,,,,,,,,,
anoshift_yearly,annual_fpr,global_c_near_far,global_c,,z_mahalanobis_sq,p_z_mahalanobis_sq,460.0,0.0411663807890223,2009.0,,,,,,,,,
anoshift_yearly,annual_fpr,global_c_near_far,global_c,,z_mahalanobis_sq,p_z_mahalanobis_sq,438.0,0.0347682119205298,2010.0,,,,,,,,,
anoshift_yearly,annual_fpr,global_c_near_far,global_c,,z_mahalanobis_sq,p_z_mahalanobis_sq,451.0,0.0319865319865319,2011.0,,,,,,,,,
anoshift_yearly,annual_fpr,global_c_near_far,global_c,,z_mahalanobis_sq,p_z_mahalanobis_sq,440.0,0.0187713310580204,2012.0,,,,,,,,,
anoshift_yearly,annual_fpr,global_c_near_far,global_c,,z_mahalanobis_sq,p_z_mahalanobis_sq,455.0,0.0296167247386759,2013.0,,,,,,,,,
anoshift_yearly,annual_fpr,global_c_near_far,global_c,,z_mahalanobis_sq,p_z_mahalanobis_sq,449.0,0.0310880829015544,2014.0,,,,,,,,,
anoshift_yearly,annual_fpr,global_c_near_far,global_c,,z_mahalanobis_sq,p_z_mahalanobis_sq,456.0,0.0218855218855218,2015.0,,,,,,,,,
anoshift_yearly,annual_fpr,global_c_near_far,global_c,,z_mahalanobis_sq,p_z_mahalanobis_sq,468.0,0.0271646859083191,2016.0,,,,,,,,,
anoshift_yearly,annual_fpr,global_c_near_far,global_c,,z_mahalanobis_sq,p_z_mahalanobis_sq,470.0,0.0453020134228187,2017.0,,,,,,,,,
anoshift_yearly,annual_fpr,global_c_near_far,global_c,,z_mahalanobis_sq,p_z_mahalanobis_sq,487.0,0.0295566502463054,2018.0,,,,,,,,,
anoshift_yearly,annual_fpr,global_c_near_far,global_c,,z_mahalanobis_sq,p_z_mahalanobis_sq,511.0,0.0361635220125786,2019.0,,,,,,,,,
anoshift_yearly,annual_fpr,global_c_near_far,global_c,,z_mahalanobis_sq,p_z_mahalanobis_sq,538.0,0.0367534456355283,2020.0,,,,,,,,,
anoshift_yearly,annual_fpr,global_c_near_far,global_c,,z_mahalanobis_sq,p_z_mahalanobis_sq,578.0,0.0307017543859649,2021.0,,,,,,,,,
anoshift_yearly,annual_fpr,global_c_near_far,global_c,,z_mahalanobis_sq,p_z_mahalanobis_sq,628.0,0.0335664335664335,2022.0,,,,,,,,,
anoshift_yearly,annual_fpr,global_c_near_far,global_c,,z_mahalanobis_sq,p_z_mahalanobis_sq,598.0,0.0430416068866571,2023.0,,,,,,,,,
anoshift_yearly,annual_fpr,global_c_near_far,global_c,,z_mahalanobis_sq,p_z_mahalanobis_sq,615.0,0.0238095238095238,2024.0,,,,,,,,,
anoshift_yearly,annual_fpr,global_c_near_far,global_c,,z_mahalanobis_sq,p_z_mahalanobis_sq,642.0,0.0286085825747724,2025.0,,,,,,,,,
anoshift_correlated_gaussian,power,global_c_near_far,global_c,near,z_plus,p_z_plus,,0.0413186813186813,,0.01,0.05,composite,2298.0,0.4436311514572383,0.0,,,
anoshift_correlated_gaussian,power,global_c_near_far,global_c,near,z_plus_renorm,p_z_plus_renorm,,0.0537538871612616,,0.01,0.05,composite,2274.0,0.4505437196994573,0.0,,,
anoshift_correlated_gaussian,power,global_c_near_far,global_c,near,breadth,p_breadth,,0.0114285714285714,,0.01,0.05,composite,2298.0,0.4843764930721452,0.0434782608695652,,,
anoshift_correlated_gaussian,power,global_c_near_far,global_c,near,z_mahalanobis_sq,p_z_mahalanobis_sq,,0.04,,0.01,0.05,composite,2298.0,0.4708456760630674,0.0,,,
anoshift_correlated_gaussian,power,global_c_near_far,global_c,near,t_iut,p_t_iut,,0.0404395604395604,,0.01,0.05,composite,2298.0,0.4443191591017678,0.1304347826086956,,,
anoshift_correlated_gaussian,power,global_c_near_far,global_c,near,z_plus_softmax,p_z_plus_softmax,,0.0439804531319413,,0.01,0.05,composite,2274.0,0.4435709732872346,0.0,,,
anoshift_correlated_gaussian,power,global_c_near_far,global_c,near,z_plus_orth,p_z_plus_orth,,0.0373167481119502,,0.01,0.05,composite,2274.0,0.4413690533675854,0.0,,,
anoshift_correlated_gaussian,power,global_c_near_far,global_c,near,z_plus,p_z_plus,,0.0413186813186813,,0.01,0.1,composite,2298.0,0.4240611562350693,0.0,,,
anoshift_correlated_gaussian,power,global_c_near_far,global_c,near,z_plus_renorm,p_z_plus_renorm,,0.0528653931585961,,0.01,0.1,composite,2274.0,0.4578448225909257,0.0869565217391304,,,
anoshift_correlated_gaussian,power,global_c_near_far,global_c,near,breadth,p_breadth,,0.0118681318681318,,0.01,0.1,composite,2298.0,0.434495938843765,0.0,,,
anoshift_correlated_gaussian,power,global_c_near_far,global_c,near,z_mahalanobis_sq,p_z_mahalanobis_sq,,0.04,,0.01,0.1,composite,2298.0,0.5020544672718585,0.0,,,
anoshift_correlated_gaussian,power,global_c_near_far,global_c,near,t_iut,p_t_iut,,0.0413186813186813,,0.01,0.1,composite,2298.0,0.4186335403726708,0.0,,,
anoshift_correlated_gaussian,power,global_c_near_far,global_c,near,z_plus_softmax,p_z_plus_softmax,,0.0430919591292758,,0.01,0.1,composite,2274.0,0.4563768759778263,0.1304347826086956,,,
anoshift_correlated_gaussian,power,global_c_near_far,global_c,near,z_plus_orth,p_z_plus_orth,,0.0368725011106175,,0.01,0.1,composite,2274.0,0.4514708438761516,0.0869565217391304,,,
anoshift_correlated_gaussian,power,global_c_near_far,global_c,near,z_plus,p_z_plus,,0.0408791208791208,,0.01,0.15,composite,2298.0,0.5750979455327281,0.0434782608695652,,,
anoshift_correlated_gaussian,power,global_c_near_far,global_c,near,z_plus_renorm,p_z_plus_renorm,,0.0528653931585961,,0.01,0.15,composite,2274.0,0.5264133814922836,0.0869565217391304,,,
anoshift_correlated_gaussian,power,global_c_near_far,global_c,near,breadth,p_breadth,,0.0118681318681318,,0.01,0.15,composite,2298.0,0.6126803631151457,0.0,,,
anoshift_correlated_gaussian,power,global_c_near_far,global_c,near,z_mahalanobis_sq,p_z_mahalanobis_sq,,0.0395604395604395,,0.01,0.15,composite,2298.0,0.5051505016722408,0.0434782608695652,,,
anoshift_correlated_gaussian,power,global_c_near_far,global_c,near,t_iut,p_t_iut,,0.0413186813186813,,0.01,0.15,composite,2298.0,0.565370281892021,0.0869565217391304,,,
anoshift_correlated_gaussian,power,global_c_near_far,global_c,near,z_plus_softmax,p_z_plus_softmax,,0.0435362061306086,,0.01,0.15,composite,2274.0,0.5173739207695129,0.1304347826086956,,,
anoshift_correlated_gaussian,power,global_c_near_far,global_c,near,z_plus_orth,p_z_plus_orth,,0.0364282541092847,,0.01,0.15,composite,2274.0,0.5233036524829545,0.1304347826086956,,,
anoshift_correlated_gaussian,power,global_c_near_far,global_c,near,z_plus,p_z_plus,,0.0413186813186813,,0.01,0.2,composite,2298.0,0.4922503583373148,0.0,,,
anoshift_correlated_gaussian,power,global_c_near_far,global_c,near,z_plus_renorm,p_z_plus_renorm,,0.0537538871612616,,0.01,0.2,composite,2274.0,0.4888841674231742,0.0,,,
anoshift_correlated_gaussian,power,global_c_near_far,global_c,near,breadth,p_breadth,,0.0118681318681318,,0.01,0.2,composite,2298.0,0.4913903487816531,0.0,,,
anoshift_correlated_gaussian,power,global_c_near_far,global_c,near,z_mahalanobis_sq,p_z_mahalanobis_sq,,0.04,,0.01,0.2,composite,2298.0,0.5048829431438128,0.0,,,
anoshift_correlated_gaussian,power,global_c_near_far,global_c,near,t_iut,p_t_iut,,0.0413186813186813,,0.01,0.2,composite,2298.0,0.4139130434782608,0.0869565217391304,,,
anoshift_correlated_gaussian,power,global_c_near_far,global_c,near,z_plus_softmax,p_z_plus_softmax,,0.0435362061306086,,0.01,0.2,composite,2274.0,0.4880729337685666,0.0,,,
anoshift_correlated_gaussian,power,global_c_near_far,global_c,near,z_plus_orth,p_z_plus_orth,,0.0368725011106175,,0.01,0.2,composite,2274.0,0.489869236860912,0.0,,,
anoshift_correlated_gaussian,power,global_c_near_far,global_c,near,z_plus,p_z_plus,,0.0413186813186813,,0.01,0.3,composite,2298.0,0.5230004777830866,0.0,,,
anoshift_correlated_gaussian,power,global_c_near_far,global_c,near,z_plus_renorm,p_z_plus_renorm,,0.0537538871612616,,0.01,0.3,composite,2274.0,0.508392405307786,0.0434782608695652,,,
anoshift_correlated_gaussian,power,global_c_near_far,global_c,near,breadth,p_breadth,,0.0118681318681318,,0.01,0.3,composite,2298.0,0.555078834209269,0.0,,,
anoshift_correlated_gaussian,power,global_c_near_far,global_c,near,z_mahalanobis_sq,p_z_mahalanobis_sq,,0.0395604395604395,,0.01,0.3,composite,2298.0,0.5026660296225514,0.0869565217391304,,,
anoshift_correlated_gaussian,power,global_c_near_far,global_c,near,t_iut,p_t_iut,,0.0413186813186813,,0.01,0.3,composite,2298.0,0.4958432871476349,0.0434782608695652,,,
anoshift_correlated_gaussian,power,global_c_near_far,global_c,near,z_plus_softmax,p_z_plus_softmax,,0.0439804531319413,,0.01,0.3,composite,2274.0,0.4840553956695575,0.0,,,
anoshift_correlated_gaussian,power,global_c_near_far,global_c,near,z_plus_orth,p_z_plus_orth,,0.0373167481119502,,0.01,0.3,composite,2274.0,0.4874741660711181,0.0,,,
anoshift_correlated_gaussian,power,global_c_near_far,global_c,near,z_plus,p_z_plus,,0.0398534127347686,,0.05,0.05,composite,2298.0,0.5014638809775139,0.0608695652173913,,,
anoshift_correlated_gaussian,power,global_c_near_far,global_c,near,z_plus_renorm,p_z_plus_renorm,,0.0513888888888888,,0.05,0.05,composite,2273.0,0.4953457882661423,0.0884955752212389,,,
anoshift_correlated_gaussian,power,global_c_near_far,global_c,near,breadth,p_breadth,,0.0114521300961978,,0.05,0.05,composite,2298.0,0.4961381425640822,0.017391304347826,,,
anoshift_correlated_gaussian,power,global_c_near_far,global_c,near,z_mahalanobis_sq,p_z_mahalanobis_sq,,0.0384791571232249,,0.05,0.05,composite,2298.0,0.4958194745961879,0.0608695652173913,,,
anoshift_correlated_gaussian,power,global_c_near_far,global_c,near,t_iut,p_t_iut,,0.0398534127347686,,0.05,0.05,composite,2298.0,0.5434444023979765,0.0695652173913043,,,
anoshift_correlated_gaussian,power,global_c_near_far,global_c,near,z_plus_softmax,p_z_plus_softmax,,0.0425925925925925,,0.05,0.05,composite,2273.0,0.4952146837102589,0.0973451327433628,,,
anoshift_correlated_gaussian,power,global_c_near_far,global_c,near,z_plus_orth,p_z_plus_orth,,0.037037037037037,,0.05,0.05,composite,2273.0,0.4948172730252376,0.0884955752212389,,,
anoshift_correlated_gaussian,power,global_c_near_far,global_c,near,z_plus,p_z_plus,,0.0412276683463124,,0.05,0.1,composite,2298.0,0.5068533529845246,0.0347826086956521,,,
anoshift_correlated_gaussian,power,global_c_near_far,global_c,near,z_plus_renorm,p_z_plus_renorm,,0.0532654006484483,,0.05,0.1,composite,2273.0,0.5245443390783582,0.0526315789473684,,,
anoshift_correlated_gaussian,power,global_c_near_far,global_c,near,breadth,p_breadth,,0.0123683005038937,,0.05,0.1,composite,2298.0,0.4825808122049832,0.0260869565217391,,,
anoshift_correlated_gaussian,power,global_c_near_far,global_c,near,z_mahalanobis_sq,p_z_mahalanobis_sq,,0.0389372423270728,,0.05,0.1,composite,2298.0,0.5167519767372384,0.0521739130434782,,,
anoshift_correlated_gaussian,power,global_c_near_far,global_c,near,t_iut,p_t_iut,,0.0393953275309207,,0.05,0.1,composite,2298.0,0.4981377840626182,0.0608695652173913,,,
anoshift_correlated_gaussian,power,global_c_near_far,global_c,near,z_plus_softmax,p_z_plus_softmax,,0.0435386753126447,,0.05,0.1,composite,2273.0,0.5174260338200759,0.0526315789473684,,,
anoshift_correlated_gaussian,power,global_c_near_far,global_c,near,z_plus_orth,p_z_plus_orth,,0.0370541917554423,,0.05,0.1,composite,2273.0,0.5177591965091051,0.0614035087719298,,,
anoshift_correlated_gaussian,power,global_c_near_far,global_c,near,z_plus,p_z_plus,,0.0407695831424645,,0.05,0.15,composite,2298.0,0.4880758429763588,0.0347826086956521,,,
anoshift_correlated_gaussian,power,global_c_near_far,global_c,near,z_plus_renorm,p_z_plus_renorm,,0.0541917554423344,,0.05,0.15,composite,2272.0,0.4845737333327867,0.0265486725663716,,,
anoshift_correlated_gaussian,power,global_c_near_far,global_c,near,breadth,p_breadth,,0.0109940448923499,,0.05,0.15,composite,2298.0,0.5012069549283993,0.0260869565217391,,,
anoshift_correlated_gaussian,power,global_c_near_far,global_c,near,z_mahalanobis_sq,p_z_mahalanobis_sq,,0.0398534127347686,,0.05,0.15,composite,2298.0,0.4879563424883985,0.0260869565217391,,,
anoshift_correlated_gaussian,power,global_c_near_far,global_c,near,t_iut,p_t_iut,,0.0412276683463124,,0.05,0.15,composite,2298.0,0.4698321018144157,0.0434782608695652,,,
anoshift_correlated_gaussian,power,global_c_near_far,global_c,near,z_plus_softmax,p_z_plus_softmax,,0.0444650301065308,,0.05,0.15,composite,2272.0,0.4781138432656875,0.0353982300884955,,,
anoshift_correlated_gaussian,power,global_c_near_far,global_c,near,z_plus_orth,p_z_plus_orth,,0.0375173691523853,,0.05,0.15,composite,2272.0,0.4764127935335516,0.0353982300884955,,,
anoshift_correlated_gaussian,power,global_c_near_far,global_c,near,z_plus,p_z_plus,,0.0407695831424645,,0.05,0.2,composite,2298.0,0.5083789758808182,0.0521739130434782,,,
anoshift_correlated_gaussian,power,global_c_near_far,global_c,near,z_plus_renorm,p_z_plus_renorm,,0.0523390458545623,,0.05,0.2,composite,2274.0,0.5023541494653321,0.0956521739130434,,,
anoshift_correlated_gaussian,power,global_c_near_far,global_c,near,breadth,p_breadth,,0.0119102153000458,,0.05,0.2,composite,2298.0,0.4919655838594674,0.0,,,
anoshift_correlated_gaussian,power,global_c_near_far,global_c,near,z_mahalanobis_sq,p_z_mahalanobis_sq,,0.0398534127347686,,0.05,0.2,composite,2298.0,0.514469517417196,0.0434782608695652,,,
anoshift_correlated_gaussian,power,global_c_near_far,global_c,near,t_iut,p_t_iut,,0.0398534127347686,,0.05,0.2,composite,2298.0,0.5001254755123583,0.0695652173913043,,,
anoshift_correlated_gaussian,power,global_c_near_far,global_c,near,z_plus_softmax,p_z_plus_softmax,,0.0444650301065308,,0.05,0.2,composite,2274.0,0.4999899309261534,0.0695652173913043,,,
anoshift_correlated_gaussian,power,global_c_near_far,global_c,near,z_plus_orth,p_z_plus_orth,,0.0379805465493283,,0.05,0.2,composite,2274.0,0.4992931510159695,0.0695652173913043,,,
anoshift_correlated_gaussian,power,global_c_near_far,global_c,near,z_plus,p_z_plus,,0.0393953275309207,,0.05,0.3,composite,2298.0,0.50367464000478,0.0608695652173913,,,
anoshift_correlated_gaussian,power,global_c_near_far,global_c,near,z_plus_renorm,p_z_plus_renorm,,0.0527533549282739,,0.05,0.3,composite,2275.0,0.5145928217118456,0.0614035087719298,,,
anoshift_correlated_gaussian,power,global_c_near_far,global_c,near,breadth,p_breadth,,0.0109940448923499,,0.05,0.3,composite,2298.0,0.4962596347268417,0.0521739130434782,,,
anoshift_correlated_gaussian,power,global_c_near_far,global_c,near,z_mahalanobis_sq,p_z_mahalanobis_sq,,0.037562986715529,,0.05,0.3,composite,2298.0,0.5489254914457568,0.0782608695652174,,,
anoshift_correlated_gaussian,power,global_c_near_far,global_c,near,t_iut,p_t_iut,,0.0403114979386165,,0.05,0.3,composite,2298.0,0.4709115895556574,0.0521739130434782,,,
anoshift_correlated_gaussian,power,global_c_near_far,global_c,near,z_plus_softmax,p_z_plus_softmax,,0.0434983803794539,,0.05,0.3,composite,2275.0,0.512275018875277,0.0526315789473684,,,
anoshift_correlated_gaussian,power,global_c_near_far,global_c,near,z_plus_orth,p_z_plus_orth,,0.0374826469227209,,0.05,0.3,composite,2275.0,0.5129447867702575,0.0526315789473684,,,
anoshift_correlated_gaussian,power,global_c_near_far,global_c,near,z_plus,p_z_plus,,0.0386847195357833,,0.1,0.05,composite,2298.0,0.5406200067277773,0.0565217391304347,,,
anoshift_correlated_gaussian,power,global_c_near_far,global_c,near,z_plus_renorm,p_z_plus_renorm,,0.0537371763556424,,0.1,0.05,composite,2274.0,0.5340252954253458,0.052863436123348,,,
anoshift_correlated_gaussian,power,global_c_near_far,global_c,near,breadth,p_breadth,,0.0120889748549323,,0.1,0.05,composite,2298.0,0.5227514506769826,0.008695652173913,,,
anoshift_correlated_gaussian,power,global_c_near_far,global_c,near,z_mahalanobis_sq,p_z_mahalanobis_sq,,0.0377176015473887,,0.1,0.05,composite,2298.0,0.5164304936506602,0.0565217391304347,,,
anoshift_correlated_gaussian,power,global_c_near_far,global_c,near,t_iut,p_t_iut,,0.0425531914893617,,0.1,0.05,composite,2298.0,0.5029791438903373,0.0347826086956521,,,
anoshift_correlated_gaussian,power,global_c_near_far,global_c,near,z_plus_softmax,p_z_plus_softmax,,0.0405471421592574,,0.1,0.05,composite,2274.0,0.5395130727464066,0.0837004405286343,,,
anoshift_correlated_gaussian,power,global_c_near_far,global_c,near,z_plus_orth,p_z_plus_orth,,0.0351734245236932,,0.1,0.05,composite,2274.0,0.5398487955942832,0.079295154185022,,,
anoshift_correlated_gaussian,power,global_c_near_far,global_c,near,z_plus,p_z_plus,,0.0435203094777562,,0.1,0.1,composite,2298.0,0.4730510470103439,0.0217391304347826,,,
anoshift_correlated_gaussian,power,global_c_near_far,global_c,near,z_plus_renorm,p_z_plus_renorm,,0.0555555555555555,,0.1,0.1,composite,2278.0,0.4715796373923994,0.0265486725663716,,,
anoshift_correlated_gaussian,power,global_c_near_far,global_c,near,breadth,p_breadth,,0.0120889748549323,,0.1,0.1,composite,2298.0,0.4894594651417038,0.008695652173913,,,
anoshift_correlated_gaussian,power,global_c_near_far,global_c,near,z_mahalanobis_sq,p_z_mahalanobis_sq,,0.0411025145067698,,0.1,0.1,composite,2298.0,0.5152510301909007,0.0304347826086956,,,
anoshift_correlated_gaussian,power,global_c_near_far,global_c,near,t_iut,p_t_iut,,0.0415860735009671,,0.1,0.1,composite,2298.0,0.4686611723151964,0.0304347826086956,,,
anoshift_correlated_gaussian,power,global_c_near_far,global_c,near,z_plus_softmax,p_z_plus_softmax,,0.0443469785575048,,0.1,0.1,composite,2278.0,0.4722675050458003,0.0530973451327433,,,
anoshift_correlated_gaussian,power,global_c_near_far,global_c,near,z_plus_orth,p_z_plus_orth,,0.0380116959064327,,0.1,0.1,composite,2278.0,0.4738804360951543,0.0619469026548672,,,
anoshift_correlated_gaussian,power,global_c_near_far,global_c,near,z_plus,p_z_plus,,0.0415860735009671,,0.1,0.15,composite,2298.0,0.5111775712723909,0.0347826086956521,,,
anoshift_correlated_gaussian,power,global_c_near_far,global_c,near,z_plus_renorm,p_z_plus_renorm,,0.0503175378602833,,0.1,0.15,composite,2272.0,0.5334158388970309,0.0622222222222222,,,
anoshift_correlated_gaussian,power,global_c_near_far,global_c,near,breadth,p_breadth,,0.0120889748549323,,0.1,0.15,composite,2298.0,0.4768785215709359,0.0130434782608695,,,
anoshift_correlated_gaussian,power,global_c_near_far,global_c,near,z_mahalanobis_sq,p_z_mahalanobis_sq,,0.0406189555125725,,0.1,0.15,composite,2298.0,0.5104764107308049,0.0434782608695652,,,
anoshift_correlated_gaussian,power,global_c_near_far,global_c,near,t_iut,p_t_iut,,0.0425531914893617,,0.1,0.15,composite,2298.0,0.4851610461693718,0.0304347826086956,,,
anoshift_correlated_gaussian,power,global_c_near_far,global_c,near,z_plus_softmax,p_z_plus_softmax,,0.0410356619443087,,0.1,0.15,composite,2272.0,0.5254649079954405,0.0444444444444444,,,
anoshift_correlated_gaussian,power,global_c_near_far,global_c,near,z_plus_orth,p_z_plus_orth,,0.0351734245236932,,0.1,0.15,composite,2272.0,0.5264332627693644,0.0488888888888888,,,
anoshift_correlated_gaussian,power,global_c_near_far,global_c,near,z_plus,p_z_plus,,0.0415860735009671,,0.1,0.2,composite,2298.0,0.5351295097132285,0.0304347826086956,,,
anoshift_correlated_gaussian,power,global_c_near_far,global_c,near,z_plus_renorm,p_z_plus_renorm,,0.0531966813079551,,0.1,0.2,composite,2275.0,0.5442952962161556,0.0486725663716814,,,
anoshift_correlated_gaussian,power,global_c_near_far,global_c,near,breadth,p_breadth,,0.0101547388781431,,0.1,0.2,composite,2298.0,0.5091255991926668,0.0347826086956521,,,
anoshift_correlated_gaussian,power,global_c_near_far,global_c,near,z_mahalanobis_sq,p_z_mahalanobis_sq,,0.0391682785299806,,0.1,0.2,composite,2298.0,0.5409217054915483,0.0478260869565217,,,
anoshift_correlated_gaussian,power,global_c_near_far,global_c,near,t_iut,p_t_iut,,0.0406189555125725,,0.1,0.2,composite,2298.0,0.4931271549911699,0.0608695652173913,,,
anoshift_correlated_gaussian,power,global_c_near_far,global_c,near,z_plus_softmax,p_z_plus_softmax,,0.0424597364568082,,0.1,0.2,composite,2275.0,0.540982650721051,0.0619469026548672,,,
anoshift_correlated_gaussian,power,global_c_near_far,global_c,near,z_plus_orth,p_z_plus_orth,,0.0351390922401171,,0.1,0.2,composite,2275.0,0.5408077326733955,0.0663716814159292,,,
anoshift_correlated_gaussian,power,global_c_near_far,global_c,near,z_plus,p_z_plus,,0.0396518375241779,,0.1,0.3,composite,2298.0,0.5428054831385081,0.0652173913043478,,,
anoshift_correlated_gaussian,power,global_c_near_far,global_c,near,z_plus_renorm,p_z_plus_renorm,,0.0537371763556424,,0.1,0.3,composite,2275.0,0.5257672760308196,0.0701754385964912,,,
anoshift_correlated_gaussian,power,global_c_near_far,global_c,near,breadth,p_breadth,,0.011605415860735,,0.1,0.3,composite,2298.0,0.5512330754352031,0.0217391304347826,,,
anoshift_correlated_gaussian,power,global_c_near_far,global_c,near,z_mahalanobis_sq,p_z_mahalanobis_sq,,0.038201160541586,,0.1,0.3,composite,2298.0,0.5336914473130938,0.0652173913043478,,,
anoshift_correlated_gaussian,power,global_c_near_far,global_c,near,t_iut,p_t_iut,,0.0396518375241779,,0.1,0.3,composite,2298.0,0.4974034984442015,0.0739130434782608,,,
anoshift_correlated_gaussian,power,global_c_near_far,global_c,near,z_plus_softmax,p_z_plus_softmax,,0.0449438202247191,,0.1,0.3,composite,2275.0,0.5165775332322011,0.0701754385964912,,,
anoshift_correlated_gaussian,power,global_c_near_far,global_c,near,z_plus_orth,p_z_plus_orth,,0.0376160234489496,,0.1,0.3,composite,2275.0,0.5141585032439427,0.0701754385964912,,,
anoshift_threshold_clustering_m1_v2,power,global_c_near_far,global_c,near,z_plus,p_z_plus,,0.0500920651670632,,0.01,0.05,composite,92869.0,,,,,
anoshift_threshold_clustering_m1_v2,power,global_c_near_far,global_c,near,z_plus_renorm,p_z_plus_renorm,,0.0758298163567925,,0.01,0.05,composite,87670.0,,,,,
anoshift_threshold_clustering_m1_v2,power,global_c_near_far,global_c,near,breadth,p_breadth,,0.0076126281333448,,0.01,0.05,composite,92872.0,,,,,
anoshift_threshold_clustering_m1_v2,power,global_c_near_far,global_c,near,z_mahalanobis_sq,p_z_mahalanobis_sq,,0.0898100172711571,,0.01,0.05,composite,55005.0,,,,,
anoshift_threshold_clustering_m1_v2,power,global_c_near_far,global_c,near,t_iut,p_t_iut,,0.072370758810798,,0.01,0.05,composite,92869.0,,,,,
anoshift_threshold_clustering_m1_v2,power,global_c_near_far,global_c,near,z_plus_softmax,p_z_plus_softmax,,0.0693737880688947,,0.01,0.05,composite,87670.0,,,,,
anoshift_threshold_clustering_m1_v2,power,global_c_near_far,global_c,near,z_plus_orth,p_z_plus_orth,,0.0642637162085091,,0.01,0.05,composite,87670.0,,,,,
anoshift_threshold_clustering_m1_v2,power,global_c_near_far,global_c,near,z_plus,p_z_plus,,0.0500920651670632,,0.01,0.1,composite,92869.0,,,,,
anoshift_threshold_clustering_m1_v2,power,global_c_near_far,global_c,near,z_plus_renorm,p_z_plus_renorm,,0.0758298163567925,,0.01,0.1,composite,87670.0,,,,,
anoshift_threshold_clustering_m1_v2,power,global_c_near_far,global_c,near,breadth,p_breadth,,0.0076126281333448,,0.01,0.1,composite,92872.0,,,,,
anoshift_threshold_clustering_m1_v2,power,global_c_near_far,global_c,near,z_mahalanobis_sq,p_z_mahalanobis_sq,,0.0898100172711571,,0.01,0.1,composite,55005.0,,,,,
anoshift_threshold_clustering_m1_v2,power,global_c_near_far,global_c,near,t_iut,p_t_iut,,0.072370758810798,,0.01,0.1,composite,92869.0,,,,,
anoshift_threshold_clustering_m1_v2,power,global_c_near_far,global_c,near,z_plus_softmax,p_z_plus_softmax,,0.0693737880688947,,0.01,0.1,composite,87670.0,,,,,
anoshift_threshold_clustering_m1_v2,power,global_c_near_far,global_c,near,z_plus_orth,p_z_plus_orth,,0.0642637162085091,,0.01,0.1,composite,87670.0,,,,,
anoshift_threshold_clustering_m1_v2,power,global_c_near_far,global_c,near,z_plus,p_z_plus,,0.0500920651670632,,0.01,0.15,composite,92869.0,,,,,
anoshift_threshold_clustering_m1_v2,power,global_c_near_far,global_c,near,z_plus_renorm,p_z_plus_renorm,,0.0758298163567925,,0.01,0.15,composite,87670.0,,,,,
anoshift_threshold_clustering_m1_v2,power,global_c_near_far,global_c,near,breadth,p_breadth,,0.0076126281333448,,0.01,0.15,composite,92872.0,,,,,
anoshift_threshold_clustering_m1_v2,power,global_c_near_far,global_c,near,z_mahalanobis_sq,p_z_mahalanobis_sq,,0.0898100172711571,,0.01,0.15,composite,55005.0,,,,,
anoshift_threshold_clustering_m1_v2,power,global_c_near_far,global_c,near,t_iut,p_t_iut,,0.072370758810798,,0.01,0.15,composite,92869.0,,,,,
anoshift_threshold_clustering_m1_v2,power,global_c_near_far,global_c,near,z_plus_softmax,p_z_plus_softmax,,0.0693737880688947,,0.01,0.15,composite,87670.0,,,,,
anoshift_threshold_clustering_m1_v2,power,global_c_near_far,global_c,near,z_plus_orth,p_z_plus_orth,,0.0642637162085091,,0.01,0.15,composite,87670.0,,,,,
anoshift_threshold_clustering_m1_v2,power,global_c_near_far,global_c,near,z_plus,p_z_plus,,0.0500920651670632,,0.01,0.2,composite,92869.0,,,,,
anoshift_threshold_clustering_m1_v2,power,global_c_near_far,global_c,near,z_plus_renorm,p_z_plus_renorm,,0.0758298163567925,,0.01,0.2,composite,87670.0,,,,,
anoshift_threshold_clustering_m1_v2,power,global_c_near_far,global_c,near,breadth,p_breadth,,0.0076126281333448,,0.01,0.2,composite,92872.0,,,,,
anoshift_threshold_clustering_m1_v2,power,global_c_near_far,global_c,near,z_mahalanobis_sq,p_z_mahalanobis_sq,,0.0898100172711571,,0.01,0.2,composite,55005.0,,,,,
anoshift_threshold_clustering_m1_v2,power,global_c_near_far,global_c,near,t_iut,p_t_iut,,0.072370758810798,,0.01,0.2,composite,92869.0,,,,,
anoshift_threshold_clustering_m1_v2,power,global_c_near_far,global_c,near,z_plus_softmax,p_z_plus_softmax,,0.0693737880688947,,0.01,0.2,composite,87670.0,,,,,
anoshift_threshold_clustering_m1_v2,power,global_c_near_far,global_c,near,z_plus_orth,p_z_plus_orth,,0.0642637162085091,,0.01,0.2,composite,87670.0,,,,,
anoshift_threshold_clustering_m1_v2,power,global_c_near_far,global_c,near,z_plus,p_z_plus,,0.0500920651670632,,0.01,0.3,composite,92869.0,,,,,
anoshift_threshold_clustering_m1_v2,power,global_c_near_far,global_c,near,z_plus_renorm,p_z_plus_renorm,,0.0758298163567925,,0.01,0.3,composite,87670.0,,,,,
anoshift_threshold_clustering_m1_v2,power,global_c_near_far,global_c,near,breadth,p_breadth,,0.0076126281333448,,0.01,0.3,composite,92872.0,,,,,
anoshift_threshold_clustering_m1_v2,power,global_c_near_far,global_c,near,z_mahalanobis_sq,p_z_mahalanobis_sq,,0.0898100172711571,,0.01,0.3,composite,55005.0,,,,,
anoshift_threshold_clustering_m1_v2,power,global_c_near_far,global_c,near,t_iut,p_t_iut,,0.072370758810798,,0.01,0.3,composite,92869.0,,,,,
anoshift_threshold_clustering_m1_v2,power,global_c_near_far,global_c,near,z_plus_softmax,p_z_plus_softmax,,0.0693737880688947,,0.01,0.3,composite,87670.0,,,,,
anoshift_threshold_clustering_m1_v2,power,global_c_near_far,global_c,near,z_plus_orth,p_z_plus_orth,,0.0642637162085091,,0.01,0.3,composite,87670.0,,,,,
anoshift_threshold_clustering_m1_v2,power,global_c_near_far,global_c,near,z_plus,p_z_plus,,0.0500920651670632,,0.05,0.05,composite,92869.0,,,,,
anoshift_threshold_clustering_m1_v2,power,global_c_near_far,global_c,near,z_plus_renorm,p_z_plus_renorm,,0.0758298163567925,,0.05,0.05,composite,87670.0,,,,,
anoshift_threshold_clustering_m1_v2,power,global_c_near_far,global_c,near,breadth,p_breadth,,0.0076126281333448,,0.05,0.05,composite,92872.0,,,,,
anoshift_threshold_clustering_m1_v2,power,global_c_near_far,global_c,near,z_mahalanobis_sq,p_z_mahalanobis_sq,,0.0898100172711571,,0.05,0.05,composite,55005.0,,,,,
anoshift_threshold_clustering_m1_v2,power,global_c_near_far,global_c,near,t_iut,p_t_iut,,0.072370758810798,,0.05,0.05,composite,92869.0,,,,,
anoshift_threshold_clustering_m1_v2,power,global_c_near_far,global_c,near,z_plus_softmax,p_z_plus_softmax,,0.0693737880688947,,0.05,0.05,composite,87670.0,,,,,
anoshift_threshold_clustering_m1_v2,power,global_c_near_far,global_c,near,z_plus_orth,p_z_plus_orth,,0.0642637162085091,,0.05,0.05,composite,87670.0,,,,,
anoshift_threshold_clustering_m1_v2,power,global_c_near_far,global_c,near,z_plus,p_z_plus,,0.0500920651670632,,0.05,0.1,composite,92869.0,,,,,
anoshift_threshold_clustering_m1_v2,power,global_c_near_far,global_c,near,z_plus_renorm,p_z_plus_renorm,,0.0758298163567925,,0.05,0.1,composite,87670.0,,,,,
anoshift_threshold_clustering_m1_v2,power,global_c_near_far,global_c,near,breadth,p_breadth,,0.0076126281333448,,0.05,0.1,composite,92872.0,,,,,
anoshift_threshold_clustering_m1_v2,power,global_c_near_far,global_c,near,z_mahalanobis_sq,p_z_mahalanobis_sq,,0.0898100172711571,,0.05,0.1,composite,55005.0,,,,,
anoshift_threshold_clustering_m1_v2,power,global_c_near_far,global_c,near,t_iut,p_t_iut,,0.072370758810798,,0.05,0.1,composite,92869.0,,,,,
anoshift_threshold_clustering_m1_v2,power,global_c_near_far,global_c,near,z_plus_softmax,p_z_plus_softmax,,0.0693737880688947,,0.05,0.1,composite,87670.0,,,,,
anoshift_threshold_clustering_m1_v2,power,global_c_near_far,global_c,near,z_plus_orth,p_z_plus_orth,,0.0642637162085091,,0.05,0.1,composite,87670.0,,,,,
anoshift_threshold_clustering_m1_v2,power,global_c_near_far,global_c,near,z_plus,p_z_plus,,0.0500920651670632,,0.05,0.15,composite,92869.0,,,,,
anoshift_threshold_clustering_m1_v2,power,global_c_near_far,global_c,near,z_plus_renorm,p_z_plus_renorm,,0.0758298163567925,,0.05,0.15,composite,87670.0,,,,,
anoshift_threshold_clustering_m1_v2,power,global_c_near_far,global_c,near,breadth,p_breadth,,0.0076126281333448,,0.05,0.15,composite,92872.0,,,,,
anoshift_threshold_clustering_m1_v2,power,global_c_near_far,global_c,near,z_mahalanobis_sq,p_z_mahalanobis_sq,,0.0898100172711571,,0.05,0.15,composite,55005.0,,,,,
anoshift_threshold_clustering_m1_v2,power,global_c_near_far,global_c,near,t_iut,p_t_iut,,0.072370758810798,,0.05,0.15,composite,92869.0,,,,,
anoshift_threshold_clustering_m1_v2,power,global_c_near_far,global_c,near,z_plus_softmax,p_z_plus_softmax,,0.0693737880688947,,0.05,0.15,composite,87670.0,,,,,
anoshift_threshold_clustering_m1_v2,power,global_c_near_far,global_c,near,z_plus_orth,p_z_plus_orth,,0.0642637162085091,,0.05,0.15,composite,87670.0,,,,,
anoshift_threshold_clustering_m1_v2,power,global_c_near_far,global_c,near,z_plus,p_z_plus,,0.0500920651670632,,0.05,0.2,composite,92869.0,,,,,
anoshift_threshold_clustering_m1_v2,power,global_c_near_far,global_c,near,z_plus_renorm,p_z_plus_renorm,,0.0758298163567925,,0.05,0.2,composite,87670.0,,,,,
anoshift_threshold_clustering_m1_v2,power,global_c_near_far,global_c,near,breadth,p_breadth,,0.0076126281333448,,0.05,0.2,composite,92872.0,,,,,
anoshift_threshold_clustering_m1_v2,power,global_c_near_far,global_c,near,z_mahalanobis_sq,p_z_mahalanobis_sq,,0.0898100172711571,,0.05,0.2,composite,55005.0,,,,,
anoshift_threshold_clustering_m1_v2,power,global_c_near_far,global_c,near,t_iut,p_t_iut,,0.072370758810798,,0.05,0.2,composite,92869.0,,,,,
anoshift_threshold_clustering_m1_v2,power,global_c_near_far,global_c,near,z_plus_softmax,p_z_plus_softmax,,0.0693737880688947,,0.05,0.2,composite,87670.0,,,,,
anoshift_threshold_clustering_m1_v2,power,global_c_near_far,global_c,near,z_plus_orth,p_z_plus_orth,,0.0642637162085091,,0.05,0.2,composite,87670.0,,,,,
anoshift_threshold_clustering_m1_v2,power,global_c_near_far,global_c,near,z_plus,p_z_plus,,0.0500920651670632,,0.05,0.3,composite,92869.0,,,,,
anoshift_threshold_clustering_m1_v2,power,global_c_near_far,global_c,near,z_plus_renorm,p_z_plus_renorm,,0.0758298163567925,,0.05,0.3,composite,87670.0,,,,,
anoshift_threshold_clustering_m1_v2,power,global_c_near_far,global_c,near,breadth,p_breadth,,0.0076126281333448,,0.05,0.3,composite,92872.0,,,,,
anoshift_threshold_clustering_m1_v2,power,global_c_near_far,global_c,near,z_mahalanobis_sq,p_z_mahalanobis_sq,,0.0898100172711571,,0.05,0.3,composite,55005.0,,,,,
anoshift_threshold_clustering_m1_v2,power,global_c_near_far,global_c,near,t_iut,p_t_iut,,0.072370758810798,,0.05,0.3,composite,92869.0,,,,,
anoshift_threshold_clustering_m1_v2,power,global_c_near_far,global_c,near,z_plus_softmax,p_z_plus_softmax,,0.0693737880688947,,0.05,0.3,composite,87670.0,,,,,
anoshift_threshold_clustering_m1_v2,power,global_c_near_far,global_c,near,z_plus_orth,p_z_plus_orth,,0.0642637162085091,,0.05,0.3,composite,87670.0,,,,,
anoshift_threshold_clustering_m1_v2,power,global_c_near_far,global_c,near,z_plus,p_z_plus,,0.0500920651670632,,0.1,0.05,composite,92869.0,,,,,
anoshift_threshold_clustering_m1_v2,power,global_c_near_far,global_c,near,z_plus_renorm,p_z_plus_renorm,,0.0758298163567925,,0.1,0.05,composite,87670.0,,,,,
anoshift_threshold_clustering_m1_v2,power,global_c_near_far,global_c,near,breadth,p_breadth,,0.0076126281333448,,0.1,0.05,composite,92872.0,,,,,
anoshift_threshold_clustering_m1_v2,power,global_c_near_far,global_c,near,z_mahalanobis_sq,p_z_mahalanobis_sq,,0.0898100172711571,,0.1,0.05,composite,55005.0,,,,,
anoshift_threshold_clustering_m1_v2,power,global_c_near_far,global_c,near,t_iut,p_t_iut,,0.072370758810798,,0.1,0.05,composite,92869.0,,,,,
anoshift_threshold_clustering_m1_v2,power,global_c_near_far,global_c,near,z_plus_softmax,p_z_plus_softmax,,0.0693737880688947,,0.1,0.05,composite,87670.0,,,,,
anoshift_threshold_clustering_m1_v2,power,global_c_near_far,global_c,near,z_plus_orth,p_z_plus_orth,,0.0642637162085091,,0.1,0.05,composite,87670.0,,,,,
anoshift_threshold_clustering_m1_v2,power,global_c_near_far,global_c,near,z_plus,p_z_plus,,0.0500920651670632,,0.1,0.1,composite,92869.0,,,,,
anoshift_threshold_clustering_m1_v2,power,global_c_near_far,global_c,near,z_plus_renorm,p_z_plus_renorm,,0.0758298163567925,,0.1,0.1,composite,87670.0,,,,,
anoshift_threshold_clustering_m1_v2,power,global_c_near_far,global_c,near,breadth,p_breadth,,0.0076126281333448,,0.1,0.1,composite,92872.0,,,,,
anoshift_threshold_clustering_m1_v2,power,global_c_near_far,global_c,near,z_mahalanobis_sq,p_z_mahalanobis_sq,,0.0898100172711571,,0.1,0.1,composite,55005.0,,,,,
anoshift_threshold_clustering_m1_v2,power,global_c_near_far,global_c,near,t_iut,p_t_iut,,0.072370758810798,,0.1,0.1,composite,92869.0,,,,,
anoshift_threshold_clustering_m1_v2,power,global_c_near_far,global_c,near,z_plus_softmax,p_z_plus_softmax,,0.0693737880688947,,0.1,0.1,composite,87670.0,,,,,
anoshift_threshold_clustering_m1_v2,power,global_c_near_far,global_c,near,z_plus_orth,p_z_plus_orth,,0.0642637162085091,,0.1,0.1,composite,87670.0,,,,,
anoshift_threshold_clustering_m1_v2,power,global_c_near_far,global_c,near,z_plus,p_z_plus,,0.0500920651670632,,0.1,0.15,composite,92869.0,,,,,
anoshift_threshold_clustering_m1_v2,power,global_c_near_far,global_c,near,z_plus_renorm,p_z_plus_renorm,,0.0758298163567925,,0.1,0.15,composite,87670.0,,,,,
anoshift_threshold_clustering_m1_v2,power,global_c_near_far,global_c,near,breadth,p_breadth,,0.0076126281333448,,0.1,0.15,composite,92872.0,,,,,
anoshift_threshold_clustering_m1_v2,power,global_c_near_far,global_c,near,z_mahalanobis_sq,p_z_mahalanobis_sq,,0.0898100172711571,,0.1,0.15,composite,55005.0,,,,,
anoshift_threshold_clustering_m1_v2,power,global_c_near_far,global_c,near,t_iut,p_t_iut,,0.072370758810798,,0.1,0.15,composite,92869.0,,,,,
anoshift_threshold_clustering_m1_v2,power,global_c_near_far,global_c,near,z_plus_softmax,p_z_plus_softmax,,0.0693737880688947,,0.1,0.15,composite,87670.0,,,,,
anoshift_threshold_clustering_m1_v2,power,global_c_near_far,global_c,near,z_plus_orth,p_z_plus_orth,,0.0642637162085091,,0.1,0.15,composite,87670.0,,,,,
anoshift_threshold_clustering_m1_v2,power,global_c_near_far,global_c,near,z_plus,p_z_plus,,0.0500920651670632,,0.1,0.2,composite,92869.0,,,,,
anoshift_threshold_clustering_m1_v2,power,global_c_near_far,global_c,near,z_plus_renorm,p_z_plus_renorm,,0.0758298163567925,,0.1,0.2,composite,87670.0,,,,,
anoshift_threshold_clustering_m1_v2,power,global_c_near_far,global_c,near,breadth,p_breadth,,0.0076126281333448,,0.1,0.2,composite,92872.0,,,,,
anoshift_threshold_clustering_m1_v2,power,global_c_near_far,global_c,near,z_mahalanobis_sq,p_z_mahalanobis_sq,,0.0898100172711571,,0.1,0.2,composite,55005.0,,,,,
anoshift_threshold_clustering_m1_v2,power,global_c_near_far,global_c,near,t_iut,p_t_iut,,0.072370758810798,,0.1,0.2,composite,92869.0,,,,,
anoshift_threshold_clustering_m1_v2,power,global_c_near_far,global_c,near,z_plus_softmax,p_z_plus_softmax,,0.0693737880688947,,0.1,0.2,composite,87670.0,,,,,
anoshift_threshold_clustering_m1_v2,power,global_c_near_far,global_c,near,z_plus_orth,p_z_plus_orth,,0.0642637162085091,,0.1,0.2,composite,87670.0,,,,,
anoshift_threshold_clustering_m1_v2,power,global_c_near_far,global_c,near,z_plus,p_z_plus,,0.0500920651670632,,0.1,0.3,composite,92869.0,,,,,
anoshift_threshold_clustering_m1_v2,power,global_c_near_far,global_c,near,z_plus_renorm,p_z_plus_renorm,,0.0758298163567925,,0.1,0.3,composite,87670.0,,,,,
anoshift_threshold_clustering_m1_v2,power,global_c_near_far,global_c,near,breadth,p_breadth,,0.0076126281333448,,0.1,0.3,composite,92872.0,,,,,
anoshift_threshold_clustering_m1_v2,power,global_c_near_far,global_c,near,z_mahalanobis_sq,p_z_mahalanobis_sq,,0.0898100172711571,,0.1,0.3,composite,55005.0,,,,,
anoshift_threshold_clustering_m1_v2,power,global_c_near_far,global_c,near,t_iut,p_t_iut,,0.072370758810798,,0.1,0.3,composite,92869.0,,,,,
anoshift_threshold_clustering_m1_v2,power,global_c_near_far,global_c,near,z_plus_softmax,p_z_plus_softmax,,0.0693737880688947,,0.1,0.3,composite,87670.0,,,,,
anoshift_threshold_clustering_m1_v2,power,global_c_near_far,global_c,near,z_plus_orth,p_z_plus_orth,,0.0642637162085091,,0.1,0.3,composite,87670.0,,,,,
anoshift_correlated_gaussian,power,global_c_near_far,global_c,far,z_plus,p_z_plus,,0.0420993544765646,,0.01,0.05,composite,3599.0,0.4209467677051174,0.0,,,
anoshift_correlated_gaussian,power,global_c_near_far,global_c,far,z_plus_renorm,p_z_plus_renorm,,0.0425411230856494,,0.01,0.05,composite,3562.0,0.4280346001134429,0.0,,,
anoshift_correlated_gaussian,power,global_c_near_far,global_c,far,breadth,p_breadth,,0.0098231827111984,,0.01,0.05,composite,3599.0,0.4314014407334643,0.0277777777777777,,,
anoshift_correlated_gaussian,power,global_c_near_far,global_c,far,z_mahalanobis_sq,p_z_mahalanobis_sq,,0.0387314061184395,,0.01,0.05,composite,3599.0,0.4690257897527052,0.0277777777777777,,,
anoshift_correlated_gaussian,power,global_c_near_far,global_c,far,t_iut,p_t_iut,,0.0395733932079708,,0.01,0.05,composite,3599.0,0.4850157482770449,0.0277777777777777,,,
anoshift_correlated_gaussian,power,global_c_near_far,global_c,far,z_plus_softmax,p_z_plus_softmax,,0.0377197958026091,,0.01,0.05,composite,3562.0,0.4375354509359047,0.0555555555555555,,,
anoshift_correlated_gaussian,power,global_c_near_far,global_c,far,z_plus_orth,p_z_plus_orth,,0.0343165059557572,,0.01,0.05,composite,3562.0,0.4375748408646877,0.0555555555555555,,,
anoshift_correlated_gaussian,power,global_c_near_far,global_c,far,z_plus,p_z_plus,,0.0418186921133875,,0.01,0.1,composite,3599.0,0.5240667976424361,0.0277777777777777,,,
anoshift_correlated_gaussian,power,global_c_near_far,global_c,far,z_plus_renorm,p_z_plus_renorm,,0.0422695035460992,,0.01,0.1,composite,3561.0,0.5421985815602837,0.0555555555555555,,,
anoshift_correlated_gaussian,power,global_c_near_far,global_c,far,breadth,p_breadth,,0.0098231827111984,,0.01,0.1,composite,3599.0,0.5164109520691053,0.0,,,
anoshift_correlated_gaussian,power,global_c_near_far,global_c,far,z_mahalanobis_sq,p_z_mahalanobis_sq,,0.0381700813920853,,0.01,0.1,composite,3599.0,0.4596158044095175,0.0555555555555555,,,
anoshift_correlated_gaussian,power,global_c_near_far,global_c,far,t_iut,p_t_iut,,0.0392927308447937,,0.01,0.1,composite,3599.0,0.5495836841612873,0.0555555555555555,,,
anoshift_correlated_gaussian,power,global_c_near_far,global_c,far,z_plus_softmax,p_z_plus_softmax,,0.0377304964539007,,0.01,0.1,composite,3561.0,0.5188179669030732,0.0277777777777777,,,
anoshift_correlated_gaussian,power,global_c_near_far,global_c,far,z_plus_orth,p_z_plus_orth,,0.0343262411347517,,0.01,0.1,composite,3561.0,0.5204885736800631,0.0277777777777777,,,
anoshift_correlated_gaussian,power,global_c_near_far,global_c,far,z_plus,p_z_plus,,0.0409767050238563,,0.01,0.15,composite,3599.0,0.4819050737518321,0.1111111111111111,,,
anoshift_correlated_gaussian,power,global_c_near_far,global_c,far,z_plus_renorm,p_z_plus_renorm,,0.0419858156028368,,0.01,0.15,composite,3561.0,0.5106304176516943,0.0833333333333333,,,
anoshift_correlated_gaussian,power,global_c_near_far,global_c,far,breadth,p_breadth,,0.0098231827111984,,0.01,0.15,composite,3599.0,0.4153062338229332,0.0,,,
anoshift_correlated_gaussian,power,global_c_near_far,global_c,far,z_mahalanobis_sq,p_z_mahalanobis_sq,,0.0378894190289082,,0.01,0.15,composite,3599.0,0.4935213771166619,0.0833333333333333,,,
anoshift_correlated_gaussian,power,global_c_near_far,global_c,far,t_iut,p_t_iut,,0.0395733932079708,,0.01,0.15,composite,3599.0,0.4458633486138398,0.0277777777777777,,,
anoshift_correlated_gaussian,power,global_c_near_far,global_c,far,z_plus_softmax,p_z_plus_softmax,,0.0377304964539007,,0.01,0.15,composite,3561.0,0.4967454688731284,0.0277777777777777,,,
anoshift_correlated_gaussian,power,global_c_near_far,global_c,far,z_plus_orth,p_z_plus_orth,,0.0343262411347517,,0.01,0.15,composite,3561.0,0.4972261623325453,0.0277777777777777,,,
anoshift_correlated_gaussian,power,global_c_near_far,global_c,far,z_plus,p_z_plus,,0.0418186921133875,,0.01,0.2,composite,3599.0,0.4881381170673901,0.0277777777777777,,,
anoshift_correlated_gaussian,power,global_c_near_far,global_c,far,z_plus_renorm,p_z_plus_renorm,,0.0419739081111741,,0.01,0.2,composite,3561.0,0.5207114496394134,0.0285714285714285,,,
anoshift_correlated_gaussian,power,global_c_near_far,global_c,far,breadth,p_breadth,,0.0101038450743755,,0.01,0.2,composite,3599.0,0.4905081548008856,0.0,,,
anoshift_correlated_gaussian,power,global_c_near_far,global_c,far,z_mahalanobis_sq,p_z_mahalanobis_sq,,0.0384507437552624,,0.01,0.2,composite,3599.0,0.5483674805875199,0.0555555555555555,,,
anoshift_correlated_gaussian,power,global_c_near_far,global_c,far,t_iut,p_t_iut,,0.0392927308447937,,0.01,0.2,composite,3599.0,0.409954158480681,0.0555555555555555,,,
anoshift_correlated_gaussian,power,global_c_near_far,global_c,far,z_plus_softmax,p_z_plus_softmax,,0.0374361883153715,,0.01,0.2,composite,3561.0,0.4974799448991167,0.0285714285714285,,,
anoshift_correlated_gaussian,power,global_c_near_far,global_c,far,z_plus_orth,p_z_plus_orth,,0.0340328984685195,,0.01,0.2,composite,3561.0,0.496604813224212,0.0285714285714285,,,
anoshift_correlated_gaussian,power,global_c_near_far,global_c,far,z_plus,p_z_plus,,0.0418186921133875,,0.01,0.3,composite,3599.0,0.5847054604421992,0.0277777777777777,,,
anoshift_correlated_gaussian,power,global_c_near_far,global_c,far,z_plus_renorm,p_z_plus_renorm,,0.0416903006239364,,0.01,0.3,composite,3562.0,0.5785198840360497,0.0833333333333333,,,
anoshift_correlated_gaussian,power,global_c_near_far,global_c,far,breadth,p_breadth,,0.0101038450743755,,0.01,0.3,composite,3599.0,0.5210029001777529,0.0277777777777777,,,
anoshift_correlated_gaussian,power,global_c_near_far,global_c,far,z_mahalanobis_sq,p_z_mahalanobis_sq,,0.0384507437552624,,0.01,0.3,composite,3599.0,0.5511351233355163,0.0277777777777777,,,
anoshift_correlated_gaussian,power,global_c_near_far,global_c,far,t_iut,p_t_iut,,0.0390120684816166,,0.01,0.3,composite,3599.0,0.5322293947048368,0.0555555555555555,,,
anoshift_correlated_gaussian,power,global_c_near_far,global_c,far,z_plus_softmax,p_z_plus_softmax,,0.0371525808281338,,0.01,0.3,composite,3562.0,0.5658284489821642,0.1111111111111111,,,
anoshift_correlated_gaussian,power,global_c_near_far,global_c,far,z_plus_orth,p_z_plus_orth,,0.0337492909812819,,0.01,0.3,composite,3562.0,0.5693577866011218,0.1111111111111111,,,
anoshift_correlated_gaussian,power,global_c_near_far,global_c,far,z_plus,p_z_plus,,0.0421175782392512,,0.05,0.05,composite,3599.0,0.4947320529069577,0.0333333333333333,,,
anoshift_correlated_gaussian,power,global_c_near_far,global_c,far,z_plus_renorm,p_z_plus_renorm,,0.0425909494232475,,0.05,0.05,composite,3561.0,0.5124552236353479,0.0277777777777777,,,
anoshift_correlated_gaussian,power,global_c_near_far,global_c,far,breadth,p_breadth,,0.0099444281953787,,0.05,0.05,composite,3599.0,0.4679576549348412,0.0111111111111111,,,
anoshift_correlated_gaussian,power,global_c_near_far,global_c,far,z_mahalanobis_sq,p_z_mahalanobis_sq,,0.039192746417081,,0.05,0.05,composite,3599.0,0.4723148418965909,0.0277777777777777,,,
anoshift_correlated_gaussian,power,global_c_near_far,global_c,far,t_iut,p_t_iut,,0.040070195963732,,0.05,0.05,composite,3599.0,0.5277534041792598,0.0277777777777777,,,
anoshift_correlated_gaussian,power,global_c_near_far,global_c,far,z_plus_softmax,p_z_plus_softmax,,0.038745933155871,,0.05,0.05,composite,3561.0,0.5010187649939203,0.0388888888888888,,,
anoshift_correlated_gaussian,power,global_c_near_far,global_c,far,z_plus_orth,p_z_plus_orth,,0.0351966873706004,,0.05,0.05,composite,3561.0,0.5002941273127608,0.0388888888888888,,,
anoshift_correlated_gaussian,power,global_c_near_far,global_c,far,z_plus,p_z_plus,,0.0421175782392512,,0.05,0.1,composite,3599.0,0.4803378180754606,0.0277777777777777,,,
anoshift_correlated_gaussian,power,global_c_near_far,global_c,far,z_plus_renorm,p_z_plus_renorm,,0.041986989946777,,0.05,0.1,composite,3561.0,0.4688839039410087,0.0558659217877094,,,
anoshift_correlated_gaussian,power,global_c_near_far,global_c,far,breadth,p_breadth,,0.0096519450131617,,0.05,0.1,composite,3599.0,0.5000658087159988,0.0111111111111111,,,
anoshift_correlated_gaussian,power,global_c_near_far,global_c,far,z_mahalanobis_sq,p_z_mahalanobis_sq,,0.0389002632348639,,0.05,0.1,composite,3599.0,0.4648890188814144,0.0333333333333333,,,
anoshift_correlated_gaussian,power,global_c_near_far,global_c,far,t_iut,p_t_iut,,0.0386077800526469,,0.05,0.1,composite,3599.0,0.5050030873224789,0.0444444444444444,,,
anoshift_correlated_gaussian,power,global_c_near_far,global_c,far,z_plus_softmax,p_z_plus_softmax,,0.0384387936132466,,0.05,0.1,composite,3561.0,0.46362107641837,0.0391061452513966,,,
anoshift_correlated_gaussian,power,global_c_near_far,global_c,far,z_plus_orth,p_z_plus_orth,,0.0345949142519219,,0.05,0.1,composite,3561.0,0.4624317368652313,0.0335195530726257,,,
anoshift_correlated_gaussian,power,global_c_near_far,global_c,far,z_plus,p_z_plus,,0.0415326118748171,,0.05,0.15,composite,3599.0,0.4947531766923402,0.0444444444444444,,,
anoshift_correlated_gaussian,power,global_c_near_far,global_c,far,z_plus_renorm,p_z_plus_renorm,,0.0437223042836041,,0.05,0.15,composite,3564.0,0.484401277406897,0.0223463687150838,,,
anoshift_correlated_gaussian,power,global_c_near_far,global_c,far,breadth,p_breadth,,0.0105293945598128,,0.05,0.15,composite,3599.0,0.5111167982840987,0.0,,,
anoshift_correlated_gaussian,power,global_c_near_far,global_c,far,z_mahalanobis_sq,p_z_mahalanobis_sq,,0.0380228136882129,,0.05,0.15,composite,3599.0,0.4890578791719476,0.0388888888888888,,,
anoshift_correlated_gaussian,power,global_c_near_far,global_c,far,t_iut,p_t_iut,,0.039777712781515,,0.05,0.15,composite,3599.0,0.498383217964967,0.0222222222222222,,,
anoshift_correlated_gaussian,power,global_c_near_far,global_c,far,z_plus_softmax,p_z_plus_softmax,,0.0375184638109305,,0.05,0.15,composite,3564.0,0.4850894927506333,0.0614525139664804,,,
anoshift_correlated_gaussian,power,global_c_near_far,global_c,far,z_plus_orth,p_z_plus_orth,,0.0345642540620384,,0.05,0.15,composite,3564.0,0.4863768020266868,0.0614525139664804,,,
anoshift_correlated_gaussian,power,global_c_near_far,global_c,far,z_plus,p_z_plus,,0.0412401286926001,,0.05,0.2,composite,3599.0,0.5088134932241396,0.0555555555555555,,,
anoshift_correlated_gaussian,power,global_c_near_far,global_c,far,z_plus_renorm,p_z_plus_renorm,,0.0425657700266036,,0.05,0.2,composite,3561.0,0.5044023820357572,0.0449438202247191,,,
anoshift_correlated_gaussian,power,global_c_near_far,global_c,far,breadth,p_breadth,,0.0099444281953787,,0.05,0.2,composite,3599.0,0.4984465893211141,0.0166666666666666,,,
anoshift_correlated_gaussian,power,global_c_near_far,global_c,far,z_mahalanobis_sq,p_z_mahalanobis_sq,,0.039192746417081,,0.05,0.2,composite,3599.0,0.5140408176529849,0.0444444444444444,,,
anoshift_correlated_gaussian,power,global_c_near_far,global_c,far,t_iut,p_t_iut,,0.0386077800526469,,0.05,0.2,composite,3599.0,0.5064882519255143,0.0388888888888888,,,
anoshift_correlated_gaussian,power,global_c_near_far,global_c,far,z_plus_softmax,p_z_plus_softmax,,0.0375406443984629,,0.05,0.2,composite,3561.0,0.5088695294051221,0.095505617977528,,,
anoshift_correlated_gaussian,power,global_c_near_far,global_c,far,z_plus_orth,p_z_plus_orth,,0.0339934968962459,,0.05,0.2,composite,3561.0,0.5089326340891502,0.0898876404494382,,,
anoshift_correlated_gaussian,power,global_c_near_far,global_c,far,z_plus,p_z_plus,,0.0406551623281661,,0.05,0.3,composite,3599.0,0.5281409443956973,0.0666666666666666,,,
anoshift_correlated_gaussian,power,global_c_near_far,global_c,far,z_plus_renorm,p_z_plus_renorm,,0.0425531914893617,,0.05,0.3,composite,3561.0,0.5215320351003726,0.0564971751412429,,,
anoshift_correlated_gaussian,power,global_c_near_far,global_c,far,breadth,p_breadth,,0.0099444281953787,,0.05,0.3,composite,3599.0,0.518036462903383,0.0166666666666666,,,
anoshift_correlated_gaussian,power,global_c_near_far,global_c,far,z_mahalanobis_sq,p_z_mahalanobis_sq,,0.0389002632348639,,0.05,0.3,composite,3599.0,0.5595138279548926,0.05,,,
anoshift_correlated_gaussian,power,global_c_near_far,global_c,far,t_iut,p_t_iut,,0.039777712781515,,0.05,0.3,composite,3599.0,0.4608722498456338,0.0222222222222222,,,
anoshift_correlated_gaussian,power,global_c_near_far,global_c,far,z_plus_softmax,p_z_plus_softmax,,0.0366430260047281,,0.05,0.3,composite,3561.0,0.517623646004461,0.0903954802259887,,,
anoshift_correlated_gaussian,power,global_c_near_far,global_c,far,z_plus_orth,p_z_plus_orth,,0.0336879432624113,,0.05,0.3,composite,3561.0,0.5163163975370971,0.0903954802259887,,,
anoshift_correlated_gaussian,power,global_c_near_far,global_c,far,z_plus,p_z_plus,,0.0410620561901821,,0.1,0.05,composite,3599.0,0.5026139755068436,0.05,,,
anoshift_correlated_gaussian,power,global_c_near_far,global_c,far,z_plus_renorm,p_z_plus_renorm,,0.0430577223088923,,0.1,0.05,composite,3562.0,0.4797371054506046,0.0336134453781512,,,
anoshift_correlated_gaussian,power,global_c_near_far,global_c,far,breadth,p_breadth,,0.009262117937635,,0.1,0.05,composite,3599.0,0.5368134883880484,0.0194444444444444,,,
anoshift_correlated_gaussian,power,global_c_near_far,global_c,far,z_mahalanobis_sq,p_z_mahalanobis_sq,,0.0355047854276011,,0.1,0.05,composite,3599.0,0.4984194367260128,0.0611111111111111,,,
anoshift_correlated_gaussian,power,global_c_near_far,global_c,far,t_iut,p_t_iut,,0.0385921580734794,,0.1,0.05,composite,3599.0,0.4875064320263456,0.0444444444444444,,,
anoshift_correlated_gaussian,power,global_c_near_far,global_c,far,z_plus_softmax,p_z_plus_softmax,,0.0361934477379095,,0.1,0.05,composite,3562.0,0.4919152060200055,0.0504201680672268,,,
anoshift_correlated_gaussian,power,global_c_near_far,global_c,far,z_plus_orth,p_z_plus_orth,,0.0336973478939157,,0.1,0.05,composite,3562.0,0.4926056538059841,0.0588235294117647,,,
anoshift_correlated_gaussian,power,global_c_near_far,global_c,far,z_plus,p_z_plus,,0.0422970052485335,,0.1,0.1,composite,3599.0,0.481640852800933,0.0361111111111111,,,
anoshift_correlated_gaussian,power,global_c_near_far,global_c,far,z_plus_renorm,p_z_plus_renorm,,0.0417705735660847,,0.1,0.1,composite,3559.0,0.5100532145419925,0.037037037037037,,,
anoshift_correlated_gaussian,power,global_c_near_far,global_c,far,breadth,p_breadth,,0.0104970669959864,,0.1,0.1,composite,3599.0,0.4636303214297966,0.0055555555555555,,,
anoshift_correlated_gaussian,power,global_c_near_far,global_c,far,z_mahalanobis_sq,p_z_mahalanobis_sq,,0.0373572090151281,,0.1,0.1,composite,3599.0,0.5010222633871908,0.0444444444444444,,,
anoshift_correlated_gaussian,power,global_c_near_far,global_c,far,t_iut,p_t_iut,,0.0398271071318308,,0.1,0.1,composite,3599.0,0.4730678192857878,0.0333333333333333,,,
anoshift_correlated_gaussian,power,global_c_near_far,global_c,far,z_plus_softmax,p_z_plus_softmax,,0.0367830423940149,,0.1,0.1,composite,3559.0,0.5055203870665217,0.0427350427350427,,,
anoshift_correlated_gaussian,power,global_c_near_far,global_c,far,z_plus_orth,p_z_plus_orth,,0.03428927680798,,0.1,0.1,composite,3559.0,0.5044600038365625,0.0427350427350427,,,
anoshift_correlated_gaussian,power,global_c_near_far,global_c,far,z_plus,p_z_plus,,0.0429144797777091,,0.1,0.15,composite,3599.0,0.5121325168947892,0.025,,,
anoshift_correlated_gaussian,power,global_c_near_far,global_c,far,z_plus_renorm,p_z_plus_renorm,,0.0427724008741804,,0.1,0.15,composite,3561.0,0.4997113390553898,0.0391061452513966,,,
anoshift_correlated_gaussian,power,global_c_near_far,global_c,far,breadth,p_breadth,,0.0098795924668107,,0.1,0.15,composite,3599.0,0.5227166306473191,0.0111111111111111,,,
anoshift_correlated_gaussian,power,global_c_near_far,global_c,far,z_mahalanobis_sq,p_z_mahalanobis_sq,,0.0389008953380673,,0.1,0.15,composite,3599.0,0.5050907344516483,0.0416666666666666,,,
anoshift_correlated_gaussian,power,global_c_near_far,global_c,far,t_iut,p_t_iut,,0.0395183698672429,,0.1,0.15,composite,3599.0,0.4817347603855785,0.0416666666666666,,,
anoshift_correlated_gaussian,power,global_c_near_far,global_c,far,z_plus_softmax,p_z_plus_softmax,,0.0384014985950671,,0.1,0.15,composite,3561.0,0.4985000095929619,0.0810055865921787,,,
anoshift_correlated_gaussian,power,global_c_near_far,global_c,far,z_plus_orth,p_z_plus_orth,,0.0355916328442085,,0.1,0.15,composite,3561.0,0.4986657062076928,0.0810055865921787,,,
anoshift_correlated_gaussian,power,global_c_near_far,global_c,far,z_plus,p_z_plus,,0.0429144797777091,,0.1,0.2,composite,3599.0,0.5207625810435319,0.0277777777777777,,,
anoshift_correlated_gaussian,power,global_c_near_far,global_c,far,z_plus_renorm,p_z_plus_renorm,,0.0433697347893915,,0.1,0.2,composite,3559.0,0.5198427598120874,0.0282485875706214,,,
anoshift_correlated_gaussian,power,global_c_near_far,global_c,far,breadth,p_breadth,,0.0098795924668107,,0.1,0.2,composite,3599.0,0.5133477410723475,0.0138888888888888,,,
anoshift_correlated_gaussian,power,global_c_near_far,global_c,far,z_mahalanobis_sq,p_z_mahalanobis_sq,,0.0395183698672429,,0.1,0.2,composite,3599.0,0.516038900895338,0.0388888888888888,,,
anoshift_correlated_gaussian,power,global_c_near_far,global_c,far,t_iut,p_t_iut,,0.0407533189255943,,0.1,0.2,composite,3599.0,0.4582141264450619,0.0444444444444444,,,
anoshift_correlated_gaussian,power,global_c_near_far,global_c,far,z_plus_softmax,p_z_plus_softmax,,0.0374414976599064,,0.1,0.2,composite,3559.0,0.5188943828939598,0.059322033898305,,,
anoshift_correlated_gaussian,power,global_c_near_far,global_c,far,z_plus_orth,p_z_plus_orth,,0.0333853354134165,,0.1,0.2,composite,3559.0,0.5178613924217985,0.0621468926553672,,,
anoshift_correlated_gaussian,power,global_c_near_far,global_c,far,z_plus,p_z_plus,,0.0429144797777091,,0.1,0.3,composite,3599.0,0.495537888923193,0.0388888888888888,,,
anoshift_correlated_gaussian,power,global_c_near_far,global_c,far,z_plus_renorm,p_z_plus_renorm,,0.0433697347893915,,0.1,0.3,composite,3562.0,0.5053902996455992,0.0252100840336134,,,
anoshift_correlated_gaussian,power,global_c_near_far,global_c,far,breadth,p_breadth,,0.0095708552022229,,0.1,0.3,composite,3599.0,0.487950670645947,0.0138888888888888,,,
anoshift_correlated_gaussian,power,global_c_near_far,global_c,far,z_mahalanobis_sq,p_z_mahalanobis_sq,,0.0404445816610064,,0.1,0.3,composite,3599.0,0.537344344962437,0.0305555555555555,,,
anoshift_correlated_gaussian,power,global_c_near_far,global_c,far,t_iut,p_t_iut,,0.0389008953380673,,0.1,0.3,composite,3599.0,0.4392953929539295,0.0388888888888888,,,
anoshift_correlated_gaussian,power,global_c_near_far,global_c,far,z_plus_softmax,p_z_plus_softmax,,0.0386895475819032,,0.1,0.3,composite,3562.0,0.5074135738538785,0.072829131652661,,,
anoshift_correlated_gaussian,power,global_c_near_far,global_c,far,z_plus_orth,p_z_plus_orth,,0.0352574102964118,,0.1,0.3,composite,3562.0,0.5074380454209766,0.072829131652661,,,
anoshift_threshold_clustering_m1_v2,power,global_c_near_far,global_c,far,z_plus,p_z_plus,,0.0500920651670632,,0.01,0.05,composite,92869.0,,,,,
anoshift_threshold_clustering_m1_v2,power,global_c_near_far,global_c,far,z_plus_renorm,p_z_plus_renorm,,0.0758298163567925,,0.01,0.05,composite,87670.0,,,,,
anoshift_threshold_clustering_m1_v2,power,global_c_near_far,global_c,far,breadth,p_breadth,,0.0076126281333448,,0.01,0.05,composite,92872.0,,,,,
anoshift_threshold_clustering_m1_v2,power,global_c_near_far,global_c,far,z_mahalanobis_sq,p_z_mahalanobis_sq,,0.0898100172711571,,0.01,0.05,composite,55005.0,,,,,
anoshift_threshold_clustering_m1_v2,power,global_c_near_far,global_c,far,t_iut,p_t_iut,,0.072370758810798,,0.01,0.05,composite,92869.0,,,,,
anoshift_threshold_clustering_m1_v2,power,global_c_near_far,global_c,far,z_plus_softmax,p_z_plus_softmax,,0.0693737880688947,,0.01,0.05,composite,87670.0,,,,,
anoshift_threshold_clustering_m1_v2,power,global_c_near_far,global_c,far,z_plus_orth,p_z_plus_orth,,0.0642637162085091,,0.01,0.05,composite,87670.0,,,,,
anoshift_threshold_clustering_m1_v2,power,global_c_near_far,global_c,far,z_plus,p_z_plus,,0.0500920651670632,,0.01,0.1,composite,92869.0,,,,,
anoshift_threshold_clustering_m1_v2,power,global_c_near_far,global_c,far,z_plus_renorm,p_z_plus_renorm,,0.0758298163567925,,0.01,0.1,composite,87670.0,,,,,
anoshift_threshold_clustering_m1_v2,power,global_c_near_far,global_c,far,breadth,p_breadth,,0.0076126281333448,,0.01,0.1,composite,92872.0,,,,,
anoshift_threshold_clustering_m1_v2,power,global_c_near_far,global_c,far,z_mahalanobis_sq,p_z_mahalanobis_sq,,0.0898100172711571,,0.01,0.1,composite,55005.0,,,,,
anoshift_threshold_clustering_m1_v2,power,global_c_near_far,global_c,far,t_iut,p_t_iut,,0.072370758810798,,0.01,0.1,composite,92869.0,,,,,
anoshift_threshold_clustering_m1_v2,power,global_c_near_far,global_c,far,z_plus_softmax,p_z_plus_softmax,,0.0693737880688947,,0.01,0.1,composite,87670.0,,,,,
anoshift_threshold_clustering_m1_v2,power,global_c_near_far,global_c,far,z_plus_orth,p_z_plus_orth,,0.0642637162085091,,0.01,0.1,composite,87670.0,,,,,
anoshift_threshold_clustering_m1_v2,power,global_c_near_far,global_c,far,z_plus,p_z_plus,,0.0500920651670632,,0.01,0.15,composite,92869.0,,,,,
anoshift_threshold_clustering_m1_v2,power,global_c_near_far,global_c,far,z_plus_renorm,p_z_plus_renorm,,0.0758298163567925,,0.01,0.15,composite,87670.0,,,,,
anoshift_threshold_clustering_m1_v2,power,global_c_near_far,global_c,far,breadth,p_breadth,,0.0076126281333448,,0.01,0.15,composite,92872.0,,,,,
anoshift_threshold_clustering_m1_v2,power,global_c_near_far,global_c,far,z_mahalanobis_sq,p_z_mahalanobis_sq,,0.0898100172711571,,0.01,0.15,composite,55005.0,,,,,
anoshift_threshold_clustering_m1_v2,power,global_c_near_far,global_c,far,t_iut,p_t_iut,,0.072370758810798,,0.01,0.15,composite,92869.0,,,,,
anoshift_threshold_clustering_m1_v2,power,global_c_near_far,global_c,far,z_plus_softmax,p_z_plus_softmax,,0.0693737880688947,,0.01,0.15,composite,87670.0,,,,,
anoshift_threshold_clustering_m1_v2,power,global_c_near_far,global_c,far,z_plus_orth,p_z_plus_orth,,0.0642637162085091,,0.01,0.15,composite,87670.0,,,,,
anoshift_threshold_clustering_m1_v2,power,global_c_near_far,global_c,far,z_plus,p_z_plus,,0.0500920651670632,,0.01,0.2,composite,92869.0,,,,,
anoshift_threshold_clustering_m1_v2,power,global_c_near_far,global_c,far,z_plus_renorm,p_z_plus_renorm,,0.0758298163567925,,0.01,0.2,composite,87670.0,,,,,
anoshift_threshold_clustering_m1_v2,power,global_c_near_far,global_c,far,breadth,p_breadth,,0.0076126281333448,,0.01,0.2,composite,92872.0,,,,,
anoshift_threshold_clustering_m1_v2,power,global_c_near_far,global_c,far,z_mahalanobis_sq,p_z_mahalanobis_sq,,0.0898100172711571,,0.01,0.2,composite,55005.0,,,,,
anoshift_threshold_clustering_m1_v2,power,global_c_near_far,global_c,far,t_iut,p_t_iut,,0.072370758810798,,0.01,0.2,composite,92869.0,,,,,
anoshift_threshold_clustering_m1_v2,power,global_c_near_far,global_c,far,z_plus_softmax,p_z_plus_softmax,,0.0693737880688947,,0.01,0.2,composite,87670.0,,,,,
anoshift_threshold_clustering_m1_v2,power,global_c_near_far,global_c,far,z_plus_orth,p_z_plus_orth,,0.0642637162085091,,0.01,0.2,composite,87670.0,,,,,
anoshift_threshold_clustering_m1_v2,power,global_c_near_far,global_c,far,z_plus,p_z_plus,,0.0500920651670632,,0.01,0.3,composite,92869.0,,,,,
anoshift_threshold_clustering_m1_v2,power,global_c_near_far,global_c,far,z_plus_renorm,p_z_plus_renorm,,0.0758298163567925,,0.01,0.3,composite,87670.0,,,,,
anoshift_threshold_clustering_m1_v2,power,global_c_near_far,global_c,far,breadth,p_breadth,,0.0076126281333448,,0.01,0.3,composite,92872.0,,,,,
anoshift_threshold_clustering_m1_v2,power,global_c_near_far,global_c,far,z_mahalanobis_sq,p_z_mahalanobis_sq,,0.0898100172711571,,0.01,0.3,composite,55005.0,,,,,
anoshift_threshold_clustering_m1_v2,power,global_c_near_far,global_c,far,t_iut,p_t_iut,,0.072370758810798,,0.01,0.3,composite,92869.0,,,,,
anoshift_threshold_clustering_m1_v2,power,global_c_near_far,global_c,far,z_plus_softmax,p_z_plus_softmax,,0.0693737880688947,,0.01,0.3,composite,87670.0,,,,,
anoshift_threshold_clustering_m1_v2,power,global_c_near_far,global_c,far,z_plus_orth,p_z_plus_orth,,0.0642637162085091,,0.01,0.3,composite,87670.0,,,,,
anoshift_threshold_clustering_m1_v2,power,global_c_near_far,global_c,far,z_plus,p_z_plus,,0.0500920651670632,,0.05,0.05,composite,92869.0,,,,,
anoshift_threshold_clustering_m1_v2,power,global_c_near_far,global_c,far,z_plus_renorm,p_z_plus_renorm,,0.0758298163567925,,0.05,0.05,composite,87670.0,,,,,
anoshift_threshold_clustering_m1_v2,power,global_c_near_far,global_c,far,breadth,p_breadth,,0.0076126281333448,,0.05,0.05,composite,92872.0,,,,,
anoshift_threshold_clustering_m1_v2,power,global_c_near_far,global_c,far,z_mahalanobis_sq,p_z_mahalanobis_sq,,0.0898100172711571,,0.05,0.05,composite,55005.0,,,,,
anoshift_threshold_clustering_m1_v2,power,global_c_near_far,global_c,far,t_iut,p_t_iut,,0.072370758810798,,0.05,0.05,composite,92869.0,,,,,
anoshift_threshold_clustering_m1_v2,power,global_c_near_far,global_c,far,z_plus_softmax,p_z_plus_softmax,,0.0693737880688947,,0.05,0.05,composite,87670.0,,,,,
anoshift_threshold_clustering_m1_v2,power,global_c_near_far,global_c,far,z_plus_orth,p_z_plus_orth,,0.0642637162085091,,0.05,0.05,composite,87670.0,,,,,
anoshift_threshold_clustering_m1_v2,power,global_c_near_far,global_c,far,z_plus,p_z_plus,,0.0500920651670632,,0.05,0.1,composite,92869.0,,,,,
anoshift_threshold_clustering_m1_v2,power,global_c_near_far,global_c,far,z_plus_renorm,p_z_plus_renorm,,0.0758298163567925,,0.05,0.1,composite,87670.0,,,,,
anoshift_threshold_clustering_m1_v2,power,global_c_near_far,global_c,far,breadth,p_breadth,,0.0076126281333448,,0.05,0.1,composite,92872.0,,,,,
anoshift_threshold_clustering_m1_v2,power,global_c_near_far,global_c,far,z_mahalanobis_sq,p_z_mahalanobis_sq,,0.0898100172711571,,0.05,0.1,composite,55005.0,,,,,
anoshift_threshold_clustering_m1_v2,power,global_c_near_far,global_c,far,t_iut,p_t_iut,,0.072370758810798,,0.05,0.1,composite,92869.0,,,,,
anoshift_threshold_clustering_m1_v2,power,global_c_near_far,global_c,far,z_plus_softmax,p_z_plus_softmax,,0.0693737880688947,,0.05,0.1,composite,87670.0,,,,,
anoshift_threshold_clustering_m1_v2,power,global_c_near_far,global_c,far,z_plus_orth,p_z_plus_orth,,0.0642637162085091,,0.05,0.1,composite,87670.0,,,,,
anoshift_threshold_clustering_m1_v2,power,global_c_near_far,global_c,far,z_plus,p_z_plus,,0.0500920651670632,,0.05,0.15,composite,92869.0,,,,,
anoshift_threshold_clustering_m1_v2,power,global_c_near_far,global_c,far,z_plus_renorm,p_z_plus_renorm,,0.0758298163567925,,0.05,0.15,composite,87670.0,,,,,
anoshift_threshold_clustering_m1_v2,power,global_c_near_far,global_c,far,breadth,p_breadth,,0.0076126281333448,,0.05,0.15,composite,92872.0,,,,,
anoshift_threshold_clustering_m1_v2,power,global_c_near_far,global_c,far,z_mahalanobis_sq,p_z_mahalanobis_sq,,0.0898100172711571,,0.05,0.15,composite,55005.0,,,,,
anoshift_threshold_clustering_m1_v2,power,global_c_near_far,global_c,far,t_iut,p_t_iut,,0.072370758810798,,0.05,0.15,composite,92869.0,,,,,
anoshift_threshold_clustering_m1_v2,power,global_c_near_far,global_c,far,z_plus_softmax,p_z_plus_softmax,,0.0693737880688947,,0.05,0.15,composite,87670.0,,,,,
anoshift_threshold_clustering_m1_v2,power,global_c_near_far,global_c,far,z_plus_orth,p_z_plus_orth,,0.0642637162085091,,0.05,0.15,composite,87670.0,,,,,
anoshift_threshold_clustering_m1_v2,power,global_c_near_far,global_c,far,z_plus,p_z_plus,,0.0500920651670632,,0.05,0.2,composite,92869.0,,,,,
anoshift_threshold_clustering_m1_v2,power,global_c_near_far,global_c,far,z_plus_renorm,p_z_plus_renorm,,0.0758298163567925,,0.05,0.2,composite,87670.0,,,,,
anoshift_threshold_clustering_m1_v2,power,global_c_near_far,global_c,far,breadth,p_breadth,,0.0076126281333448,,0.05,0.2,composite,92872.0,,,,,
anoshift_threshold_clustering_m1_v2,power,global_c_near_far,global_c,far,z_mahalanobis_sq,p_z_mahalanobis_sq,,0.0898100172711571,,0.05,0.2,composite,55005.0,,,,,
anoshift_threshold_clustering_m1_v2,power,global_c_near_far,global_c,far,t_iut,p_t_iut,,0.072370758810798,,0.05,0.2,composite,92869.0,,,,,
anoshift_threshold_clustering_m1_v2,power,global_c_near_far,global_c,far,z_plus_softmax,p_z_plus_softmax,,0.0693737880688947,,0.05,0.2,composite,87670.0,,,,,
anoshift_threshold_clustering_m1_v2,power,global_c_near_far,global_c,far,z_plus_orth,p_z_plus_orth,,0.0642637162085091,,0.05,0.2,composite,87670.0,,,,,
anoshift_threshold_clustering_m1_v2,power,global_c_near_far,global_c,far,z_plus,p_z_plus,,0.0500920651670632,,0.05,0.3,composite,92869.0,,,,,
anoshift_threshold_clustering_m1_v2,power,global_c_near_far,global_c,far,z_plus_renorm,p_z_plus_renorm,,0.0758298163567925,,0.05,0.3,composite,87670.0,,,,,
anoshift_threshold_clustering_m1_v2,power,global_c_near_far,global_c,far,breadth,p_breadth,,0.0076126281333448,,0.05,0.3,composite,92872.0,,,,,
anoshift_threshold_clustering_m1_v2,power,global_c_near_far,global_c,far,z_mahalanobis_sq,p_z_mahalanobis_sq,,0.0898100172711571,,0.05,0.3,composite,55005.0,,,,,
anoshift_threshold_clustering_m1_v2,power,global_c_near_far,global_c,far,t_iut,p_t_iut,,0.072370758810798,,0.05,0.3,composite,92869.0,,,,,
anoshift_threshold_clustering_m1_v2,power,global_c_near_far,global_c,far,z_plus_softmax,p_z_plus_softmax,,0.0693737880688947,,0.05,0.3,composite,87670.0,,,,,
anoshift_threshold_clustering_m1_v2,power,global_c_near_far,global_c,far,z_plus_orth,p_z_plus_orth,,0.0642637162085091,,0.05,0.3,composite,87670.0,,,,,
anoshift_threshold_clustering_m1_v2,power,global_c_near_far,global_c,far,z_plus,p_z_plus,,0.0500920651670632,,0.1,0.05,composite,92869.0,,,,,
anoshift_threshold_clustering_m1_v2,power,global_c_near_far,global_c,far,z_plus_renorm,p_z_plus_renorm,,0.0758298163567925,,0.1,0.05,composite,87670.0,,,,,
anoshift_threshold_clustering_m1_v2,power,global_c_near_far,global_c,far,breadth,p_breadth,,0.0076126281333448,,0.1,0.05,composite,92872.0,,,,,
anoshift_threshold_clustering_m1_v2,power,global_c_near_far,global_c,far,z_mahalanobis_sq,p_z_mahalanobis_sq,,0.0898100172711571,,0.1,0.05,composite,55005.0,,,,,
anoshift_threshold_clustering_m1_v2,power,global_c_near_far,global_c,far,t_iut,p_t_iut,,0.072370758810798,,0.1,0.05,composite,92869.0,,,,,
anoshift_threshold_clustering_m1_v2,power,global_c_near_far,global_c,far,z_plus_softmax,p_z_plus_softmax,,0.0693737880688947,,0.1,0.05,composite,87670.0,,,,,
anoshift_threshold_clustering_m1_v2,power,global_c_near_far,global_c,far,z_plus_orth,p_z_plus_orth,,0.0642637162085091,,0.1,0.05,composite,87670.0,,,,,
anoshift_threshold_clustering_m1_v2,power,global_c_near_far,global_c,far,z_plus,p_z_plus,,0.0500920651670632,,0.1,0.1,composite,92869.0,,,,,
anoshift_threshold_clustering_m1_v2,power,global_c_near_far,global_c,far,z_plus_renorm,p_z_plus_renorm,,0.0758298163567925,,0.1,0.1,composite,87670.0,,,,,
anoshift_threshold_clustering_m1_v2,power,global_c_near_far,global_c,far,breadth,p_breadth,,0.0076126281333448,,0.1,0.1,composite,92872.0,,,,,
anoshift_threshold_clustering_m1_v2,power,global_c_near_far,global_c,far,z_mahalanobis_sq,p_z_mahalanobis_sq,,0.0898100172711571,,0.1,0.1,composite,55005.0,,,,,
anoshift_threshold_clustering_m1_v2,power,global_c_near_far,global_c,far,t_iut,p_t_iut,,0.072370758810798,,0.1,0.1,composite,92869.0,,,,,
anoshift_threshold_clustering_m1_v2,power,global_c_near_far,global_c,far,z_plus_softmax,p_z_plus_softmax,,0.0693737880688947,,0.1,0.1,composite,87670.0,,,,,
anoshift_threshold_clustering_m1_v2,power,global_c_near_far,global_c,far,z_plus_orth,p_z_plus_orth,,0.0642637162085091,,0.1,0.1,composite,87670.0,,,,,
anoshift_threshold_clustering_m1_v2,power,global_c_near_far,global_c,far,z_plus,p_z_plus,,0.0500920651670632,,0.1,0.15,composite,92869.0,,,,,
anoshift_threshold_clustering_m1_v2,power,global_c_near_far,global_c,far,z_plus_renorm,p_z_plus_renorm,,0.0758298163567925,,0.1,0.15,composite,87670.0,,,,,
anoshift_threshold_clustering_m1_v2,power,global_c_near_far,global_c,far,breadth,p_breadth,,0.0076126281333448,,0.1,0.15,composite,92872.0,,,,,
anoshift_threshold_clustering_m1_v2,power,global_c_near_far,global_c,far,z_mahalanobis_sq,p_z_mahalanobis_sq,,0.0898100172711571,,0.1,0.15,composite,55005.0,,,,,
anoshift_threshold_clustering_m1_v2,power,global_c_near_far,global_c,far,t_iut,p_t_iut,,0.072370758810798,,0.1,0.15,composite,92869.0,,,,,
anoshift_threshold_clustering_m1_v2,power,global_c_near_far,global_c,far,z_plus_softmax,p_z_plus_softmax,,0.0693737880688947,,0.1,0.15,composite,87670.0,,,,,
anoshift_threshold_clustering_m1_v2,power,global_c_near_far,global_c,far,z_plus_orth,p_z_plus_orth,,0.0642637162085091,,0.1,0.15,composite,87670.0,,,,,
anoshift_threshold_clustering_m1_v2,power,global_c_near_far,global_c,far,z_plus,p_z_plus,,0.0500920651670632,,0.1,0.2,composite,92869.0,,,,,
anoshift_threshold_clustering_m1_v2,power,global_c_near_far,global_c,far,z_plus_renorm,p_z_plus_renorm,,0.0758298163567925,,0.1,0.2,composite,87670.0,,,,,
anoshift_threshold_clustering_m1_v2,power,global_c_near_far,global_c,far,breadth,p_breadth,,0.0076126281333448,,0.1,0.2,composite,92872.0,,,,,
anoshift_threshold_clustering_m1_v2,power,global_c_near_far,global_c,far,z_mahalanobis_sq,p_z_mahalanobis_sq,,0.0898100172711571,,0.1,0.2,composite,55005.0,,,,,
anoshift_threshold_clustering_m1_v2,power,global_c_near_far,global_c,far,t_iut,p_t_iut,,0.072370758810798,,0.1,0.2,composite,92869.0,,,,,
anoshift_threshold_clustering_m1_v2,power,global_c_near_far,global_c,far,z_plus_softmax,p_z_plus_softmax,,0.0693737880688947,,0.1,0.2,composite,87670.0,,,,,
anoshift_threshold_clustering_m1_v2,power,global_c_near_far,global_c,far,z_plus_orth,p_z_plus_orth,,0.0642637162085091,,0.1,0.2,composite,87670.0,,,,,
anoshift_threshold_clustering_m1_v2,power,global_c_near_far,global_c,far,z_plus,p_z_plus,,0.0500920651670632,,0.1,0.3,composite,92869.0,,,,,
anoshift_threshold_clustering_m1_v2,power,global_c_near_far,global_c,far,z_plus_renorm,p_z_plus_renorm,,0.0758298163567925,,0.1,0.3,composite,87670.0,,,,,
anoshift_threshold_clustering_m1_v2,power,global_c_near_far,global_c,far,breadth,p_breadth,,0.0076126281333448,,0.1,0.3,composite,92872.0,,,,,
anoshift_threshold_clustering_m1_v2,power,global_c_near_far,global_c,far,z_mahalanobis_sq,p_z_mahalanobis_sq,,0.0898100172711571,,0.1,0.3,composite,55005.0,,,,,
anoshift_threshold_clustering_m1_v2,power,global_c_near_far,global_c,far,t_iut,p_t_iut,,0.072370758810798,,0.1,0.3,composite,92869.0,,,,,
anoshift_threshold_clustering_m1_v2,power,global_c_near_far,global_c,far,z_plus_softmax,p_z_plus_softmax,,0.0693737880688947,,0.1,0.3,composite,87670.0,,,,,
anoshift_threshold_clustering_m1_v2,power,global_c_near_far,global_c,far,z_plus_orth,p_z_plus_orth,,0.0642637162085091,,0.1,0.3,composite,87670.0,,,,,
anoshift,calibration_diagnostic,iid_transfer,2006-2012,,,,,,,,,,,,,3049.0,30.0,candidate_scored
anoshift,calibration_diagnostic,iid_transfer,2006-2012,,,,,,,,,,,,,3049.0,30.0,selected
anoshift,fpr,iid_transfer,2006-2012,iid,z_plus,p_z_plus,4140.0,0.0555555555555555,,,,,,,,,,
anoshift,fpr,iid_transfer,2006-2012,iid,z_plus_renorm,p_z_plus_renorm,4081.0,0.0707729468599033,,,,,,,,,,
anoshift,fpr,iid_transfer,2006-2012,iid,breadth,p_breadth,4140.0,0.0089371980676328,,,,,,,,,,
anoshift,fpr,iid_transfer,2006-2012,iid,z_mahalanobis_sq,p_z_mahalanobis_sq,3049.0,0.0425120772946859,,,,,,,,,,
anoshift,fpr,iid_transfer,2006-2012,iid,t_iut,p_t_iut,4140.0,0.0483091787439613,,,,,,,,,,
anoshift,fpr,iid_transfer,2006-2012,iid,z_plus_softmax,p_z_plus_softmax,4081.0,0.0681159420289855,,,,,,,,,,
anoshift,fpr,iid_transfer,2006-2012,iid,z_plus_orth,p_z_plus_orth,4081.0,0.0606280193236715,,,,,,,,,,
anoshift,fpr,iid_transfer,2006-2012,near,z_plus,p_z_plus,2932.0,0.0453615279672578,,,,,,,,,,
anoshift,fpr,iid_transfer,2006-2012,near,z_plus_renorm,p_z_plus_renorm,2898.0,0.0688949522510232,,,,,,,,,,
anoshift,fpr,iid_transfer,2006-2012,near,breadth,p_breadth,2932.0,0.0092087312414733,,,,,,,,,,
anoshift,fpr,iid_transfer,2006-2012,near,z_mahalanobis_sq,p_z_mahalanobis_sq,2298.0,0.0310368349249658,,,,,,,,,,
anoshift,fpr,iid_transfer,2006-2012,near,t_iut,p_t_iut,2932.0,0.0487721691678035,,,,,,,,,,
anoshift,fpr,iid_transfer,2006-2012,near,z_plus_softmax,p_z_plus_softmax,2898.0,0.0487721691678035,,,,,,,,,,
anoshift,fpr,iid_transfer,2006-2012,near,z_plus_orth,p_z_plus_orth,2898.0,0.0433151432469304,,,,,,,,,,
anoshift,fpr,iid_transfer,2006-2012,far,z_plus,p_z_plus,4232.0,0.0434782608695652,,,,,,,,,,
anoshift,fpr,iid_transfer,2006-2012,far,z_plus_renorm,p_z_plus_renorm,4181.0,0.0498582230623818,,,,,,,,,,
anoshift,fpr,iid_transfer,2006-2012,far,breadth,p_breadth,4232.0,0.0085066162570888,,,,,,,,,,
anoshift,fpr,iid_transfer,2006-2012,far,z_mahalanobis_sq,p_z_mahalanobis_sq,3599.0,0.0326086956521739,,,,,,,,,,
anoshift,fpr,iid_transfer,2006-2012,far,t_iut,p_t_iut,4232.0,0.0425330812854442,,,,,,,,,,
anoshift,fpr,iid_transfer,2006-2012,far,z_plus_softmax,p_z_plus_softmax,4181.0,0.0441871455576559,,,,,,,,,,
anoshift,fpr,iid_transfer,2006-2012,far,z_plus_orth,p_z_plus_orth,4181.0,0.0401701323251417,,,,,,,,,,
anoshift_yearly,annual_fpr,iid_transfer,2006-2012,,z_mahalanobis_sq,p_z_mahalanobis_sq,0.0,,2003.0,,,,,,,,,
anoshift_yearly,annual_fpr,iid_transfer,2006-2012,,z_mahalanobis_sq,p_z_mahalanobis_sq,0.0,,2004.0,,,,,,,,,
anoshift_yearly,annual_fpr,iid_transfer,2006-2012,,z_mahalanobis_sq,p_z_mahalanobis_sq,35.0,0.0093632958801498,2005.0,,,,,,,,,
anoshift_yearly,annual_fpr,iid_transfer,2006-2012,,z_mahalanobis_sq,p_z_mahalanobis_sq,353.0,0.0709342560553633,2006.0,,,,,,,,,
anoshift_yearly,annual_fpr,iid_transfer,2006-2012,,z_mahalanobis_sq,p_z_mahalanobis_sq,447.0,0.0622895622895622,2007.0,,,,,,,,,
anoshift_yearly,annual_fpr,iid_transfer,2006-2012,,z_mahalanobis_sq,p_z_mahalanobis_sq,460.0,0.038269550748752,2008.0,,,,,,,,,
anoshift_yearly,annual_fpr,iid_transfer,2006-2012,,z_mahalanobis_sq,p_z_mahalanobis_sq,460.0,0.0411663807890223,2009.0,,,,,,,,,
anoshift_yearly,annual_fpr,iid_transfer,2006-2012,,z_mahalanobis_sq,p_z_mahalanobis_sq,438.0,0.0347682119205298,2010.0,,,,,,,,,
anoshift_yearly,annual_fpr,iid_transfer,2006-2012,,z_mahalanobis_sq,p_z_mahalanobis_sq,451.0,0.0319865319865319,2011.0,,,,,,,,,
anoshift_yearly,annual_fpr,iid_transfer,2006-2012,,z_mahalanobis_sq,p_z_mahalanobis_sq,440.0,0.0187713310580204,2012.0,,,,,,,,,
anoshift_yearly,annual_fpr,iid_transfer,2006-2012,,z_mahalanobis_sq,p_z_mahalanobis_sq,455.0,0.0296167247386759,2013.0,,,,,,,,,
anoshift_yearly,annual_fpr,iid_transfer,2006-2012,,z_mahalanobis_sq,p_z_mahalanobis_sq,449.0,0.0310880829015544,2014.0,,,,,,,,,
anoshift_yearly,annual_fpr,iid_transfer,2006-2012,,z_mahalanobis_sq,p_z_mahalanobis_sq,456.0,0.0218855218855218,2015.0,,,,,,,,,
anoshift_yearly,annual_fpr,iid_transfer,2006-2012,,z_mahalanobis_sq,p_z_mahalanobis_sq,468.0,0.0271646859083191,2016.0,,,,,,,,,
anoshift_yearly,annual_fpr,iid_transfer,2006-2012,,z_mahalanobis_sq,p_z_mahalanobis_sq,470.0,0.0453020134228187,2017.0,,,,,,,,,
anoshift_yearly,annual_fpr,iid_transfer,2006-2012,,z_mahalanobis_sq,p_z_mahalanobis_sq,487.0,0.0295566502463054,2018.0,,,,,,,,,
anoshift_yearly,annual_fpr,iid_transfer,2006-2012,,z_mahalanobis_sq,p_z_mahalanobis_sq,511.0,0.0361635220125786,2019.0,,,,,,,,,
anoshift_yearly,annual_fpr,iid_transfer,2006-2012,,z_mahalanobis_sq,p_z_mahalanobis_sq,538.0,0.0367534456355283,2020.0,,,,,,,,,
anoshift_yearly,annual_fpr,iid_transfer,2006-2012,,z_mahalanobis_sq,p_z_mahalanobis_sq,578.0,0.0307017543859649,2021.0,,,,,,,,,
anoshift_yearly,annual_fpr,iid_transfer,2006-2012,,z_mahalanobis_sq,p_z_mahalanobis_sq,628.0,0.0335664335664335,2022.0,,,,,,,,,
anoshift_yearly,annual_fpr,iid_transfer,2006-2012,,z_mahalanobis_sq,p_z_mahalanobis_sq,598.0,0.0430416068866571,2023.0,,,,,,,,,
anoshift_yearly,annual_fpr,iid_transfer,2006-2012,,z_mahalanobis_sq,p_z_mahalanobis_sq,615.0,0.0238095238095238,2024.0,,,,,,,,,
anoshift_yearly,annual_fpr,iid_transfer,2006-2012,,z_mahalanobis_sq,p_z_mahalanobis_sq,642.0,0.0286085825747724,2025.0,,,,,,,,,
anoshift_correlated_gaussian,power,iid_transfer,2006-2012,near,z_plus,p_z_plus,,0.0413186813186813,,0.01,0.05,composite,2298.0,0.4436311514572383,0.0,,,
anoshift_correlated_gaussian,power,iid_transfer,2006-2012,near,z_plus_renorm,p_z_plus_renorm,,0.0537538871612616,,0.01,0.05,composite,2274.0,0.4505437196994573,0.0,,,
anoshift_correlated_gaussian,power,iid_transfer,2006-2012,near,breadth,p_breadth,,0.0114285714285714,,0.01,0.05,composite,2298.0,0.4843764930721452,0.0434782608695652,,,
anoshift_correlated_gaussian,power,iid_transfer,2006-2012,near,z_mahalanobis_sq,p_z_mahalanobis_sq,,0.04,,0.01,0.05,composite,2298.0,0.4708456760630674,0.0,,,
anoshift_correlated_gaussian,power,iid_transfer,2006-2012,near,t_iut,p_t_iut,,0.0404395604395604,,0.01,0.05,composite,2298.0,0.4443191591017678,0.1304347826086956,,,
anoshift_correlated_gaussian,power,iid_transfer,2006-2012,near,z_plus_softmax,p_z_plus_softmax,,0.0439804531319413,,0.01,0.05,composite,2274.0,0.4435709732872346,0.0,,,
anoshift_correlated_gaussian,power,iid_transfer,2006-2012,near,z_plus_orth,p_z_plus_orth,,0.0373167481119502,,0.01,0.05,composite,2274.0,0.4413690533675854,0.0,,,
anoshift_correlated_gaussian,power,iid_transfer,2006-2012,near,z_plus,p_z_plus,,0.0413186813186813,,0.01,0.1,composite,2298.0,0.4240611562350693,0.0,,,
anoshift_correlated_gaussian,power,iid_transfer,2006-2012,near,z_plus_renorm,p_z_plus_renorm,,0.0528653931585961,,0.01,0.1,composite,2274.0,0.4578448225909257,0.0869565217391304,,,
anoshift_correlated_gaussian,power,iid_transfer,2006-2012,near,breadth,p_breadth,,0.0118681318681318,,0.01,0.1,composite,2298.0,0.434495938843765,0.0,,,
anoshift_correlated_gaussian,power,iid_transfer,2006-2012,near,z_mahalanobis_sq,p_z_mahalanobis_sq,,0.04,,0.01,0.1,composite,2298.0,0.5020544672718585,0.0,,,
anoshift_correlated_gaussian,power,iid_transfer,2006-2012,near,t_iut,p_t_iut,,0.0413186813186813,,0.01,0.1,composite,2298.0,0.4186335403726708,0.0,,,
anoshift_correlated_gaussian,power,iid_transfer,2006-2012,near,z_plus_softmax,p_z_plus_softmax,,0.0430919591292758,,0.01,0.1,composite,2274.0,0.4563768759778263,0.1304347826086956,,,
anoshift_correlated_gaussian,power,iid_transfer,2006-2012,near,z_plus_orth,p_z_plus_orth,,0.0368725011106175,,0.01,0.1,composite,2274.0,0.4514708438761516,0.0869565217391304,,,
anoshift_correlated_gaussian,power,iid_transfer,2006-2012,near,z_plus,p_z_plus,,0.0408791208791208,,0.01,0.15,composite,2298.0,0.5750979455327281,0.0434782608695652,,,
anoshift_correlated_gaussian,power,iid_transfer,2006-2012,near,z_plus_renorm,p_z_plus_renorm,,0.0528653931585961,,0.01,0.15,composite,2274.0,0.5264133814922836,0.0869565217391304,,,
anoshift_correlated_gaussian,power,iid_transfer,2006-2012,near,breadth,p_breadth,,0.0118681318681318,,0.01,0.15,composite,2298.0,0.6126803631151457,0.0,,,
anoshift_correlated_gaussian,power,iid_transfer,2006-2012,near,z_mahalanobis_sq,p_z_mahalanobis_sq,,0.0395604395604395,,0.01,0.15,composite,2298.0,0.5051505016722408,0.0434782608695652,,,
anoshift_correlated_gaussian,power,iid_transfer,2006-2012,near,t_iut,p_t_iut,,0.0413186813186813,,0.01,0.15,composite,2298.0,0.565370281892021,0.0869565217391304,,,
anoshift_correlated_gaussian,power,iid_transfer,2006-2012,near,z_plus_softmax,p_z_plus_softmax,,0.0435362061306086,,0.01,0.15,composite,2274.0,0.5173739207695129,0.1304347826086956,,,
anoshift_correlated_gaussian,power,iid_transfer,2006-2012,near,z_plus_orth,p_z_plus_orth,,0.0364282541092847,,0.01,0.15,composite,2274.0,0.5233036524829545,0.1304347826086956,,,
anoshift_correlated_gaussian,power,iid_transfer,2006-2012,near,z_plus,p_z_plus,,0.0413186813186813,,0.01,0.2,composite,2298.0,0.4922503583373148,0.0,,,
anoshift_correlated_gaussian,power,iid_transfer,2006-2012,near,z_plus_renorm,p_z_plus_renorm,,0.0537538871612616,,0.01,0.2,composite,2274.0,0.4888841674231742,0.0,,,
anoshift_correlated_gaussian,power,iid_transfer,2006-2012,near,breadth,p_breadth,,0.0118681318681318,,0.01,0.2,composite,2298.0,0.4913903487816531,0.0,,,
anoshift_correlated_gaussian,power,iid_transfer,2006-2012,near,z_mahalanobis_sq,p_z_mahalanobis_sq,,0.04,,0.01,0.2,composite,2298.0,0.5048829431438128,0.0,,,
anoshift_correlated_gaussian,power,iid_transfer,2006-2012,near,t_iut,p_t_iut,,0.0413186813186813,,0.01,0.2,composite,2298.0,0.4139130434782608,0.0869565217391304,,,
anoshift_correlated_gaussian,power,iid_transfer,2006-2012,near,z_plus_softmax,p_z_plus_softmax,,0.0435362061306086,,0.01,0.2,composite,2274.0,0.4880729337685666,0.0,,,
anoshift_correlated_gaussian,power,iid_transfer,2006-2012,near,z_plus_orth,p_z_plus_orth,,0.0368725011106175,,0.01,0.2,composite,2274.0,0.489869236860912,0.0,,,
anoshift_correlated_gaussian,power,iid_transfer,2006-2012,near,z_plus,p_z_plus,,0.0413186813186813,,0.01,0.3,composite,2298.0,0.5230004777830866,0.0,,,
anoshift_correlated_gaussian,power,iid_transfer,2006-2012,near,z_plus_renorm,p_z_plus_renorm,,0.0537538871612616,,0.01,0.3,composite,2274.0,0.508392405307786,0.0434782608695652,,,
anoshift_correlated_gaussian,power,iid_transfer,2006-2012,near,breadth,p_breadth,,0.0118681318681318,,0.01,0.3,composite,2298.0,0.555078834209269,0.0,,,
anoshift_correlated_gaussian,power,iid_transfer,2006-2012,near,z_mahalanobis_sq,p_z_mahalanobis_sq,,0.0395604395604395,,0.01,0.3,composite,2298.0,0.5026660296225514,0.0869565217391304,,,
anoshift_correlated_gaussian,power,iid_transfer,2006-2012,near,t_iut,p_t_iut,,0.0413186813186813,,0.01,0.3,composite,2298.0,0.4958432871476349,0.0434782608695652,,,
anoshift_correlated_gaussian,power,iid_transfer,2006-2012,near,z_plus_softmax,p_z_plus_softmax,,0.0439804531319413,,0.01,0.3,composite,2274.0,0.4840553956695575,0.0,,,
anoshift_correlated_gaussian,power,iid_transfer,2006-2012,near,z_plus_orth,p_z_plus_orth,,0.0373167481119502,,0.01,0.3,composite,2274.0,0.4874741660711181,0.0,,,
anoshift_correlated_gaussian,power,iid_transfer,2006-2012,near,z_plus,p_z_plus,,0.0398534127347686,,0.05,0.05,composite,2298.0,0.5014638809775139,0.0608695652173913,,,
anoshift_correlated_gaussian,power,iid_transfer,2006-2012,near,z_plus_renorm,p_z_plus_renorm,,0.0513888888888888,,0.05,0.05,composite,2273.0,0.4953457882661423,0.0884955752212389,,,
anoshift_correlated_gaussian,power,iid_transfer,2006-2012,near,breadth,p_breadth,,0.0114521300961978,,0.05,0.05,composite,2298.0,0.4961381425640822,0.017391304347826,,,
anoshift_correlated_gaussian,power,iid_transfer,2006-2012,near,z_mahalanobis_sq,p_z_mahalanobis_sq,,0.0384791571232249,,0.05,0.05,composite,2298.0,0.4958194745961879,0.0608695652173913,,,
anoshift_correlated_gaussian,power,iid_transfer,2006-2012,near,t_iut,p_t_iut,,0.0398534127347686,,0.05,0.05,composite,2298.0,0.5434444023979765,0.0695652173913043,,,
anoshift_correlated_gaussian,power,iid_transfer,2006-2012,near,z_plus_softmax,p_z_plus_softmax,,0.0425925925925925,,0.05,0.05,composite,2273.0,0.4952146837102589,0.0973451327433628,,,
anoshift_correlated_gaussian,power,iid_transfer,2006-2012,near,z_plus_orth,p_z_plus_orth,,0.037037037037037,,0.05,0.05,composite,2273.0,0.4948172730252376,0.0884955752212389,,,
anoshift_correlated_gaussian,power,iid_transfer,2006-2012,near,z_plus,p_z_plus,,0.0412276683463124,,0.05,0.1,composite,2298.0,0.5068533529845246,0.0347826086956521,,,
anoshift_correlated_gaussian,power,iid_transfer,2006-2012,near,z_plus_renorm,p_z_plus_renorm,,0.0532654006484483,,0.05,0.1,composite,2273.0,0.5245443390783582,0.0526315789473684,,,
anoshift_correlated_gaussian,power,iid_transfer,2006-2012,near,breadth,p_breadth,,0.0123683005038937,,0.05,0.1,composite,2298.0,0.4825808122049832,0.0260869565217391,,,
anoshift_correlated_gaussian,power,iid_transfer,2006-2012,near,z_mahalanobis_sq,p_z_mahalanobis_sq,,0.0389372423270728,,0.05,0.1,composite,2298.0,0.5167519767372384,0.0521739130434782,,,
anoshift_correlated_gaussian,power,iid_transfer,2006-2012,near,t_iut,p_t_iut,,0.0393953275309207,,0.05,0.1,composite,2298.0,0.4981377840626182,0.0608695652173913,,,
anoshift_correlated_gaussian,power,iid_transfer,2006-2012,near,z_plus_softmax,p_z_plus_softmax,,0.0435386753126447,,0.05,0.1,composite,2273.0,0.5174260338200759,0.0526315789473684,,,
anoshift_correlated_gaussian,power,iid_transfer,2006-2012,near,z_plus_orth,p_z_plus_orth,,0.0370541917554423,,0.05,0.1,composite,2273.0,0.5177591965091051,0.0614035087719298,,,
anoshift_correlated_gaussian,power,iid_transfer,2006-2012,near,z_plus,p_z_plus,,0.0407695831424645,,0.05,0.15,composite,2298.0,0.4880758429763588,0.0347826086956521,,,
anoshift_correlated_gaussian,power,iid_transfer,2006-2012,near,z_plus_renorm,p_z_plus_renorm,,0.0541917554423344,,0.05,0.15,composite,2272.0,0.4845737333327867,0.0265486725663716,,,
anoshift_correlated_gaussian,power,iid_transfer,2006-2012,near,breadth,p_breadth,,0.0109940448923499,,0.05,0.15,composite,2298.0,0.5012069549283993,0.0260869565217391,,,
anoshift_correlated_gaussian,power,iid_transfer,2006-2012,near,z_mahalanobis_sq,p_z_mahalanobis_sq,,0.0398534127347686,,0.05,0.15,composite,2298.0,0.4879563424883985,0.0260869565217391,,,
anoshift_correlated_gaussian,power,iid_transfer,2006-2012,near,t_iut,p_t_iut,,0.0412276683463124,,0.05,0.15,composite,2298.0,0.4698321018144157,0.0434782608695652,,,
anoshift_correlated_gaussian,power,iid_transfer,2006-2012,near,z_plus_softmax,p_z_plus_softmax,,0.0444650301065308,,0.05,0.15,composite,2272.0,0.4781138432656875,0.0353982300884955,,,
anoshift_correlated_gaussian,power,iid_transfer,2006-2012,near,z_plus_orth,p_z_plus_orth,,0.0375173691523853,,0.05,0.15,composite,2272.0,0.4764127935335516,0.0353982300884955,,,
anoshift_correlated_gaussian,power,iid_transfer,2006-2012,near,z_plus,p_z_plus,,0.0407695831424645,,0.05,0.2,composite,2298.0,0.5083789758808182,0.0521739130434782,,,
anoshift_correlated_gaussian,power,iid_transfer,2006-2012,near,z_plus_renorm,p_z_plus_renorm,,0.0523390458545623,,0.05,0.2,composite,2274.0,0.5023541494653321,0.0956521739130434,,,
anoshift_correlated_gaussian,power,iid_transfer,2006-2012,near,breadth,p_breadth,,0.0119102153000458,,0.05,0.2,composite,2298.0,0.4919655838594674,0.0,,,
anoshift_correlated_gaussian,power,iid_transfer,2006-2012,near,z_mahalanobis_sq,p_z_mahalanobis_sq,,0.0398534127347686,,0.05,0.2,composite,2298.0,0.514469517417196,0.0434782608695652,,,
anoshift_correlated_gaussian,power,iid_transfer,2006-2012,near,t_iut,p_t_iut,,0.0398534127347686,,0.05,0.2,composite,2298.0,0.5001254755123583,0.0695652173913043,,,
anoshift_correlated_gaussian,power,iid_transfer,2006-2012,near,z_plus_softmax,p_z_plus_softmax,,0.0444650301065308,,0.05,0.2,composite,2274.0,0.4999899309261534,0.0695652173913043,,,
anoshift_correlated_gaussian,power,iid_transfer,2006-2012,near,z_plus_orth,p_z_plus_orth,,0.0379805465493283,,0.05,0.2,composite,2274.0,0.4992931510159695,0.0695652173913043,,,
anoshift_correlated_gaussian,power,iid_transfer,2006-2012,near,z_plus,p_z_plus,,0.0393953275309207,,0.05,0.3,composite,2298.0,0.50367464000478,0.0608695652173913,,,
anoshift_correlated_gaussian,power,iid_transfer,2006-2012,near,z_plus_renorm,p_z_plus_renorm,,0.0527533549282739,,0.05,0.3,composite,2275.0,0.5145928217118456,0.0614035087719298,,,
anoshift_correlated_gaussian,power,iid_transfer,2006-2012,near,breadth,p_breadth,,0.0109940448923499,,0.05,0.3,composite,2298.0,0.4962596347268417,0.0521739130434782,,,
anoshift_correlated_gaussian,power,iid_transfer,2006-2012,near,z_mahalanobis_sq,p_z_mahalanobis_sq,,0.037562986715529,,0.05,0.3,composite,2298.0,0.5489254914457568,0.0782608695652174,,,
anoshift_correlated_gaussian,power,iid_transfer,2006-2012,near,t_iut,p_t_iut,,0.0403114979386165,,0.05,0.3,composite,2298.0,0.4709115895556574,0.0521739130434782,,,
anoshift_correlated_gaussian,power,iid_transfer,2006-2012,near,z_plus_softmax,p_z_plus_softmax,,0.0434983803794539,,0.05,0.3,composite,2275.0,0.512275018875277,0.0526315789473684,,,
anoshift_correlated_gaussian,power,iid_transfer,2006-2012,near,z_plus_orth,p_z_plus_orth,,0.0374826469227209,,0.05,0.3,composite,2275.0,0.5129447867702575,0.0526315789473684,,,
anoshift_correlated_gaussian,power,iid_transfer,2006-2012,near,z_plus,p_z_plus,,0.0386847195357833,,0.1,0.05,composite,2298.0,0.5406200067277773,0.0565217391304347,,,
anoshift_correlated_gaussian,power,iid_transfer,2006-2012,near,z_plus_renorm,p_z_plus_renorm,,0.0537371763556424,,0.1,0.05,composite,2274.0,0.5340252954253458,0.052863436123348,,,
anoshift_correlated_gaussian,power,iid_transfer,2006-2012,near,breadth,p_breadth,,0.0120889748549323,,0.1,0.05,composite,2298.0,0.5227514506769826,0.008695652173913,,,
anoshift_correlated_gaussian,power,iid_transfer,2006-2012,near,z_mahalanobis_sq,p_z_mahalanobis_sq,,0.0377176015473887,,0.1,0.05,composite,2298.0,0.5164304936506602,0.0565217391304347,,,
anoshift_correlated_gaussian,power,iid_transfer,2006-2012,near,t_iut,p_t_iut,,0.0425531914893617,,0.1,0.05,composite,2298.0,0.5029791438903373,0.0347826086956521,,,
anoshift_correlated_gaussian,power,iid_transfer,2006-2012,near,z_plus_softmax,p_z_plus_softmax,,0.0405471421592574,,0.1,0.05,composite,2274.0,0.5395130727464066,0.0837004405286343,,,
anoshift_correlated_gaussian,power,iid_transfer,2006-2012,near,z_plus_orth,p_z_plus_orth,,0.0351734245236932,,0.1,0.05,composite,2274.0,0.5398487955942832,0.079295154185022,,,
anoshift_correlated_gaussian,power,iid_transfer,2006-2012,near,z_plus,p_z_plus,,0.0435203094777562,,0.1,0.1,composite,2298.0,0.4730510470103439,0.0217391304347826,,,
anoshift_correlated_gaussian,power,iid_transfer,2006-2012,near,z_plus_renorm,p_z_plus_renorm,,0.0555555555555555,,0.1,0.1,composite,2278.0,0.4715796373923994,0.0265486725663716,,,
anoshift_correlated_gaussian,power,iid_transfer,2006-2012,near,breadth,p_breadth,,0.0120889748549323,,0.1,0.1,composite,2298.0,0.4894594651417038,0.008695652173913,,,
anoshift_correlated_gaussian,power,iid_transfer,2006-2012,near,z_mahalanobis_sq,p_z_mahalanobis_sq,,0.0411025145067698,,0.1,0.1,composite,2298.0,0.5152510301909007,0.0304347826086956,,,
anoshift_correlated_gaussian,power,iid_transfer,2006-2012,near,t_iut,p_t_iut,,0.0415860735009671,,0.1,0.1,composite,2298.0,0.4686611723151964,0.0304347826086956,,,
anoshift_correlated_gaussian,power,iid_transfer,2006-2012,near,z_plus_softmax,p_z_plus_softmax,,0.0443469785575048,,0.1,0.1,composite,2278.0,0.4722675050458003,0.0530973451327433,,,
anoshift_correlated_gaussian,power,iid_transfer,2006-2012,near,z_plus_orth,p_z_plus_orth,,0.0380116959064327,,0.1,0.1,composite,2278.0,0.4738804360951543,0.0619469026548672,,,
anoshift_correlated_gaussian,power,iid_transfer,2006-2012,near,z_plus,p_z_plus,,0.0415860735009671,,0.1,0.15,composite,2298.0,0.5111775712723909,0.0347826086956521,,,
anoshift_correlated_gaussian,power,iid_transfer,2006-2012,near,z_plus_renorm,p_z_plus_renorm,,0.0503175378602833,,0.1,0.15,composite,2272.0,0.5334158388970309,0.0622222222222222,,,
anoshift_correlated_gaussian,power,iid_transfer,2006-2012,near,breadth,p_breadth,,0.0120889748549323,,0.1,0.15,composite,2298.0,0.4768785215709359,0.0130434782608695,,,
anoshift_correlated_gaussian,power,iid_transfer,2006-2012,near,z_mahalanobis_sq,p_z_mahalanobis_sq,,0.0406189555125725,,0.1,0.15,composite,2298.0,0.5104764107308049,0.0434782608695652,,,
anoshift_correlated_gaussian,power,iid_transfer,2006-2012,near,t_iut,p_t_iut,,0.0425531914893617,,0.1,0.15,composite,2298.0,0.4851610461693718,0.0304347826086956,,,
anoshift_correlated_gaussian,power,iid_transfer,2006-2012,near,z_plus_softmax,p_z_plus_softmax,,0.0410356619443087,,0.1,0.15,composite,2272.0,0.5254649079954405,0.0444444444444444,,,
anoshift_correlated_gaussian,power,iid_transfer,2006-2012,near,z_plus_orth,p_z_plus_orth,,0.0351734245236932,,0.1,0.15,composite,2272.0,0.5264332627693644,0.0488888888888888,,,
anoshift_correlated_gaussian,power,iid_transfer,2006-2012,near,z_plus,p_z_plus,,0.0415860735009671,,0.1,0.2,composite,2298.0,0.5351295097132285,0.0304347826086956,,,
anoshift_correlated_gaussian,power,iid_transfer,2006-2012,near,z_plus_renorm,p_z_plus_renorm,,0.0531966813079551,,0.1,0.2,composite,2275.0,0.5442952962161556,0.0486725663716814,,,
anoshift_correlated_gaussian,power,iid_transfer,2006-2012,near,breadth,p_breadth,,0.0101547388781431,,0.1,0.2,composite,2298.0,0.5091255991926668,0.0347826086956521,,,
anoshift_correlated_gaussian,power,iid_transfer,2006-2012,near,z_mahalanobis_sq,p_z_mahalanobis_sq,,0.0391682785299806,,0.1,0.2,composite,2298.0,0.5409217054915483,0.0478260869565217,,,
anoshift_correlated_gaussian,power,iid_transfer,2006-2012,near,t_iut,p_t_iut,,0.0406189555125725,,0.1,0.2,composite,2298.0,0.4931271549911699,0.0608695652173913,,,
anoshift_correlated_gaussian,power,iid_transfer,2006-2012,near,z_plus_softmax,p_z_plus_softmax,,0.0424597364568082,,0.1,0.2,composite,2275.0,0.540982650721051,0.0619469026548672,,,
anoshift_correlated_gaussian,power,iid_transfer,2006-2012,near,z_plus_orth,p_z_plus_orth,,0.0351390922401171,,0.1,0.2,composite,2275.0,0.5408077326733955,0.0663716814159292,,,
anoshift_correlated_gaussian,power,iid_transfer,2006-2012,near,z_plus,p_z_plus,,0.0396518375241779,,0.1,0.3,composite,2298.0,0.5428054831385081,0.0652173913043478,,,
anoshift_correlated_gaussian,power,iid_transfer,2006-2012,near,z_plus_renorm,p_z_plus_renorm,,0.0537371763556424,,0.1,0.3,composite,2275.0,0.5257672760308196,0.0701754385964912,,,
anoshift_correlated_gaussian,power,iid_transfer,2006-2012,near,breadth,p_breadth,,0.011605415860735,,0.1,0.3,composite,2298.0,0.5512330754352031,0.0217391304347826,,,
anoshift_correlated_gaussian,power,iid_transfer,2006-2012,near,z_mahalanobis_sq,p_z_mahalanobis_sq,,0.038201160541586,,0.1,0.3,composite,2298.0,0.5336914473130938,0.0652173913043478,,,
anoshift_correlated_gaussian,power,iid_transfer,2006-2012,near,t_iut,p_t_iut,,0.0396518375241779,,0.1,0.3,composite,2298.0,0.4974034984442015,0.0739130434782608,,,
anoshift_correlated_gaussian,power,iid_transfer,2006-2012,near,z_plus_softmax,p_z_plus_softmax,,0.0449438202247191,,0.1,0.3,composite,2275.0,0.5165775332322011,0.0701754385964912,,,
anoshift_correlated_gaussian,power,iid_transfer,2006-2012,near,z_plus_orth,p_z_plus_orth,,0.0376160234489496,,0.1,0.3,composite,2275.0,0.5141585032439427,0.0701754385964912,,,
anoshift_threshold_clustering_m1_v2,power,iid_transfer,2006-2012,near,z_plus,p_z_plus,,0.0500920651670632,,0.01,0.05,composite,92869.0,,,,,
anoshift_threshold_clustering_m1_v2,power,iid_transfer,2006-2012,near,z_plus_renorm,p_z_plus_renorm,,0.0758298163567925,,0.01,0.05,composite,87670.0,,,,,
anoshift_threshold_clustering_m1_v2,power,iid_transfer,2006-2012,near,breadth,p_breadth,,0.0076126281333448,,0.01,0.05,composite,92872.0,,,,,
anoshift_threshold_clustering_m1_v2,power,iid_transfer,2006-2012,near,z_mahalanobis_sq,p_z_mahalanobis_sq,,0.0898100172711571,,0.01,0.05,composite,55005.0,,,,,
anoshift_threshold_clustering_m1_v2,power,iid_transfer,2006-2012,near,t_iut,p_t_iut,,0.072370758810798,,0.01,0.05,composite,92869.0,,,,,
anoshift_threshold_clustering_m1_v2,power,iid_transfer,2006-2012,near,z_plus_softmax,p_z_plus_softmax,,0.0693737880688947,,0.01,0.05,composite,87670.0,,,,,
anoshift_threshold_clustering_m1_v2,power,iid_transfer,2006-2012,near,z_plus_orth,p_z_plus_orth,,0.0642637162085091,,0.01,0.05,composite,87670.0,,,,,
anoshift_threshold_clustering_m1_v2,power,iid_transfer,2006-2012,near,z_plus,p_z_plus,,0.0500920651670632,,0.01,0.1,composite,92869.0,,,,,
anoshift_threshold_clustering_m1_v2,power,iid_transfer,2006-2012,near,z_plus_renorm,p_z_plus_renorm,,0.0758298163567925,,0.01,0.1,composite,87670.0,,,,,
anoshift_threshold_clustering_m1_v2,power,iid_transfer,2006-2012,near,breadth,p_breadth,,0.0076126281333448,,0.01,0.1,composite,92872.0,,,,,
anoshift_threshold_clustering_m1_v2,power,iid_transfer,2006-2012,near,z_mahalanobis_sq,p_z_mahalanobis_sq,,0.0898100172711571,,0.01,0.1,composite,55005.0,,,,,
anoshift_threshold_clustering_m1_v2,power,iid_transfer,2006-2012,near,t_iut,p_t_iut,,0.072370758810798,,0.01,0.1,composite,92869.0,,,,,
anoshift_threshold_clustering_m1_v2,power,iid_transfer,2006-2012,near,z_plus_softmax,p_z_plus_softmax,,0.0693737880688947,,0.01,0.1,composite,87670.0,,,,,
anoshift_threshold_clustering_m1_v2,power,iid_transfer,2006-2012,near,z_plus_orth,p_z_plus_orth,,0.0642637162085091,,0.01,0.1,composite,87670.0,,,,,
anoshift_threshold_clustering_m1_v2,power,iid_transfer,2006-2012,near,z_plus,p_z_plus,,0.0500920651670632,,0.01,0.15,composite,92869.0,,,,,
anoshift_threshold_clustering_m1_v2,power,iid_transfer,2006-2012,near,z_plus_renorm,p_z_plus_renorm,,0.0758298163567925,,0.01,0.15,composite,87670.0,,,,,
anoshift_threshold_clustering_m1_v2,power,iid_transfer,2006-2012,near,breadth,p_breadth,,0.0076126281333448,,0.01,0.15,composite,92872.0,,,,,
anoshift_threshold_clustering_m1_v2,power,iid_transfer,2006-2012,near,z_mahalanobis_sq,p_z_mahalanobis_sq,,0.0898100172711571,,0.01,0.15,composite,55005.0,,,,,
anoshift_threshold_clustering_m1_v2,power,iid_transfer,2006-2012,near,t_iut,p_t_iut,,0.072370758810798,,0.01,0.15,composite,92869.0,,,,,
anoshift_threshold_clustering_m1_v2,power,iid_transfer,2006-2012,near,z_plus_softmax,p_z_plus_softmax,,0.0693737880688947,,0.01,0.15,composite,87670.0,,,,,
anoshift_threshold_clustering_m1_v2,power,iid_transfer,2006-2012,near,z_plus_orth,p_z_plus_orth,,0.0642637162085091,,0.01,0.15,composite,87670.0,,,,,
anoshift_threshold_clustering_m1_v2,power,iid_transfer,2006-2012,near,z_plus,p_z_plus,,0.0500920651670632,,0.01,0.2,composite,92869.0,,,,,
anoshift_threshold_clustering_m1_v2,power,iid_transfer,2006-2012,near,z_plus_renorm,p_z_plus_renorm,,0.0758298163567925,,0.01,0.2,composite,87670.0,,,,,
anoshift_threshold_clustering_m1_v2,power,iid_transfer,2006-2012,near,breadth,p_breadth,,0.0076126281333448,,0.01,0.2,composite,92872.0,,,,,
anoshift_threshold_clustering_m1_v2,power,iid_transfer,2006-2012,near,z_mahalanobis_sq,p_z_mahalanobis_sq,,0.0898100172711571,,0.01,0.2,composite,55005.0,,,,,
anoshift_threshold_clustering_m1_v2,power,iid_transfer,2006-2012,near,t_iut,p_t_iut,,0.072370758810798,,0.01,0.2,composite,92869.0,,,,,
anoshift_threshold_clustering_m1_v2,power,iid_transfer,2006-2012,near,z_plus_softmax,p_z_plus_softmax,,0.0693737880688947,,0.01,0.2,composite,87670.0,,,,,
anoshift_threshold_clustering_m1_v2,power,iid_transfer,2006-2012,near,z_plus_orth,p_z_plus_orth,,0.0642637162085091,,0.01,0.2,composite,87670.0,,,,,
anoshift_threshold_clustering_m1_v2,power,iid_transfer,2006-2012,near,z_plus,p_z_plus,,0.0500920651670632,,0.01,0.3,composite,92869.0,,,,,
anoshift_threshold_clustering_m1_v2,power,iid_transfer,2006-2012,near,z_plus_renorm,p_z_plus_renorm,,0.0758298163567925,,0.01,0.3,composite,87670.0,,,,,
anoshift_threshold_clustering_m1_v2,power,iid_transfer,2006-2012,near,breadth,p_breadth,,0.0076126281333448,,0.01,0.3,composite,92872.0,,,,,
anoshift_threshold_clustering_m1_v2,power,iid_transfer,2006-2012,near,z_mahalanobis_sq,p_z_mahalanobis_sq,,0.0898100172711571,,0.01,0.3,composite,55005.0,,,,,
anoshift_threshold_clustering_m1_v2,power,iid_transfer,2006-2012,near,t_iut,p_t_iut,,0.072370758810798,,0.01,0.3,composite,92869.0,,,,,
anoshift_threshold_clustering_m1_v2,power,iid_transfer,2006-2012,near,z_plus_softmax,p_z_plus_softmax,,0.0693737880688947,,0.01,0.3,composite,87670.0,,,,,
anoshift_threshold_clustering_m1_v2,power,iid_transfer,2006-2012,near,z_plus_orth,p_z_plus_orth,,0.0642637162085091,,0.01,0.3,composite,87670.0,,,,,
anoshift_threshold_clustering_m1_v2,power,iid_transfer,2006-2012,near,z_plus,p_z_plus,,0.0500920651670632,,0.05,0.05,composite,92869.0,,,,,
anoshift_threshold_clustering_m1_v2,power,iid_transfer,2006-2012,near,z_plus_renorm,p_z_plus_renorm,,0.0758298163567925,,0.05,0.05,composite,87670.0,,,,,
anoshift_threshold_clustering_m1_v2,power,iid_transfer,2006-2012,near,breadth,p_breadth,,0.0076126281333448,,0.05,0.05,composite,92872.0,,,,,
anoshift_threshold_clustering_m1_v2,power,iid_transfer,2006-2012,near,z_mahalanobis_sq,p_z_mahalanobis_sq,,0.0898100172711571,,0.05,0.05,composite,55005.0,,,,,
anoshift_threshold_clustering_m1_v2,power,iid_transfer,2006-2012,near,t_iut,p_t_iut,,0.072370758810798,,0.05,0.05,composite,92869.0,,,,,
anoshift_threshold_clustering_m1_v2,power,iid_transfer,2006-2012,near,z_plus_softmax,p_z_plus_softmax,,0.0693737880688947,,0.05,0.05,composite,87670.0,,,,,
anoshift_threshold_clustering_m1_v2,power,iid_transfer,2006-2012,near,z_plus_orth,p_z_plus_orth,,0.0642637162085091,,0.05,0.05,composite,87670.0,,,,,
anoshift_threshold_clustering_m1_v2,power,iid_transfer,2006-2012,near,z_plus,p_z_plus,,0.0500920651670632,,0.05,0.1,composite,92869.0,,,,,
anoshift_threshold_clustering_m1_v2,power,iid_transfer,2006-2012,near,z_plus_renorm,p_z_plus_renorm,,0.0758298163567925,,0.05,0.1,composite,87670.0,,,,,
anoshift_threshold_clustering_m1_v2,power,iid_transfer,2006-2012,near,breadth,p_breadth,,0.0076126281333448,,0.05,0.1,composite,92872.0,,,,,
anoshift_threshold_clustering_m1_v2,power,iid_transfer,2006-2012,near,z_mahalanobis_sq,p_z_mahalanobis_sq,,0.0898100172711571,,0.05,0.1,composite,55005.0,,,,,
anoshift_threshold_clustering_m1_v2,power,iid_transfer,2006-2012,near,t_iut,p_t_iut,,0.072370758810798,,0.05,0.1,composite,92869.0,,,,,
anoshift_threshold_clustering_m1_v2,power,iid_transfer,2006-2012,near,z_plus_softmax,p_z_plus_softmax,,0.0693737880688947,,0.05,0.1,composite,87670.0,,,,,
anoshift_threshold_clustering_m1_v2,power,iid_transfer,2006-2012,near,z_plus_orth,p_z_plus_orth,,0.0642637162085091,,0.05,0.1,composite,87670.0,,,,,
anoshift_threshold_clustering_m1_v2,power,iid_transfer,2006-2012,near,z_plus,p_z_plus,,0.0500920651670632,,0.05,0.15,composite,92869.0,,,,,
anoshift_threshold_clustering_m1_v2,power,iid_transfer,2006-2012,near,z_plus_renorm,p_z_plus_renorm,,0.0758298163567925,,0.05,0.15,composite,87670.0,,,,,
anoshift_threshold_clustering_m1_v2,power,iid_transfer,2006-2012,near,breadth,p_breadth,,0.0076126281333448,,0.05,0.15,composite,92872.0,,,,,
anoshift_threshold_clustering_m1_v2,power,iid_transfer,2006-2012,near,z_mahalanobis_sq,p_z_mahalanobis_sq,,0.0898100172711571,,0.05,0.15,composite,55005.0,,,,,
anoshift_threshold_clustering_m1_v2,power,iid_transfer,2006-2012,near,t_iut,p_t_iut,,0.072370758810798,,0.05,0.15,composite,92869.0,,,,,
anoshift_threshold_clustering_m1_v2,power,iid_transfer,2006-2012,near,z_plus_softmax,p_z_plus_softmax,,0.0693737880688947,,0.05,0.15,composite,87670.0,,,,,
anoshift_threshold_clustering_m1_v2,power,iid_transfer,2006-2012,near,z_plus_orth,p_z_plus_orth,,0.0642637162085091,,0.05,0.15,composite,87670.0,,,,,
anoshift_threshold_clustering_m1_v2,power,iid_transfer,2006-2012,near,z_plus,p_z_plus,,0.0500920651670632,,0.05,0.2,composite,92869.0,,,,,
anoshift_threshold_clustering_m1_v2,power,iid_transfer,2006-2012,near,z_plus_renorm,p_z_plus_renorm,,0.0758298163567925,,0.05,0.2,composite,87670.0,,,,,
anoshift_threshold_clustering_m1_v2,power,iid_transfer,2006-2012,near,breadth,p_breadth,,0.0076126281333448,,0.05,0.2,composite,92872.0,,,,,
anoshift_threshold_clustering_m1_v2,power,iid_transfer,2006-2012,near,z_mahalanobis_sq,p_z_mahalanobis_sq,,0.0898100172711571,,0.05,0.2,composite,55005.0,,,,,
anoshift_threshold_clustering_m1_v2,power,iid_transfer,2006-2012,near,t_iut,p_t_iut,,0.072370758810798,,0.05,0.2,composite,92869.0,,,,,
anoshift_threshold_clustering_m1_v2,power,iid_transfer,2006-2012,near,z_plus_softmax,p_z_plus_softmax,,0.0693737880688947,,0.05,0.2,composite,87670.0,,,,,
anoshift_threshold_clustering_m1_v2,power,iid_transfer,2006-2012,near,z_plus_orth,p_z_plus_orth,,0.0642637162085091,,0.05,0.2,composite,87670.0,,,,,
anoshift_threshold_clustering_m1_v2,power,iid_transfer,2006-2012,near,z_plus,p_z_plus,,0.0500920651670632,,0.05,0.3,composite,92869.0,,,,,
anoshift_threshold_clustering_m1_v2,power,iid_transfer,2006-2012,near,z_plus_renorm,p_z_plus_renorm,,0.0758298163567925,,0.05,0.3,composite,87670.0,,,,,
anoshift_threshold_clustering_m1_v2,power,iid_transfer,2006-2012,near,breadth,p_breadth,,0.0076126281333448,,0.05,0.3,composite,92872.0,,,,,
anoshift_threshold_clustering_m1_v2,power,iid_transfer,2006-2012,near,z_mahalanobis_sq,p_z_mahalanobis_sq,,0.0898100172711571,,0.05,0.3,composite,55005.0,,,,,
anoshift_threshold_clustering_m1_v2,power,iid_transfer,2006-2012,near,t_iut,p_t_iut,,0.072370758810798,,0.05,0.3,composite,92869.0,,,,,
anoshift_threshold_clustering_m1_v2,power,iid_transfer,2006-2012,near,z_plus_softmax,p_z_plus_softmax,,0.0693737880688947,,0.05,0.3,composite,87670.0,,,,,
anoshift_threshold_clustering_m1_v2,power,iid_transfer,2006-2012,near,z_plus_orth,p_z_plus_orth,,0.0642637162085091,,0.05,0.3,composite,87670.0,,,,,
anoshift_threshold_clustering_m1_v2,power,iid_transfer,2006-2012,near,z_plus,p_z_plus,,0.0500920651670632,,0.1,0.05,composite,92869.0,,,,,
anoshift_threshold_clustering_m1_v2,power,iid_transfer,2006-2012,near,z_plus_renorm,p_z_plus_renorm,,0.0758298163567925,,0.1,0.05,composite,87670.0,,,,,
anoshift_threshold_clustering_m1_v2,power,iid_transfer,2006-2012,near,breadth,p_breadth,,0.0076126281333448,,0.1,0.05,composite,92872.0,,,,,
anoshift_threshold_clustering_m1_v2,power,iid_transfer,2006-2012,near,z_mahalanobis_sq,p_z_mahalanobis_sq,,0.0898100172711571,,0.1,0.05,composite,55005.0,,,,,
anoshift_threshold_clustering_m1_v2,power,iid_transfer,2006-2012,near,t_iut,p_t_iut,,0.072370758810798,,0.1,0.05,composite,92869.0,,,,,
anoshift_threshold_clustering_m1_v2,power,iid_transfer,2006-2012,near,z_plus_softmax,p_z_plus_softmax,,0.0693737880688947,,0.1,0.05,composite,87670.0,,,,,
anoshift_threshold_clustering_m1_v2,power,iid_transfer,2006-2012,near,z_plus_orth,p_z_plus_orth,,0.0642637162085091,,0.1,0.05,composite,87670.0,,,,,
anoshift_threshold_clustering_m1_v2,power,iid_transfer,2006-2012,near,z_plus,p_z_plus,,0.0500920651670632,,0.1,0.1,composite,92869.0,,,,,
anoshift_threshold_clustering_m1_v2,power,iid_transfer,2006-2012,near,z_plus_renorm,p_z_plus_renorm,,0.0758298163567925,,0.1,0.1,composite,87670.0,,,,,
anoshift_threshold_clustering_m1_v2,power,iid_transfer,2006-2012,near,breadth,p_breadth,,0.0076126281333448,,0.1,0.1,composite,92872.0,,,,,
anoshift_threshold_clustering_m1_v2,power,iid_transfer,2006-2012,near,z_mahalanobis_sq,p_z_mahalanobis_sq,,0.0898100172711571,,0.1,0.1,composite,55005.0,,,,,
anoshift_threshold_clustering_m1_v2,power,iid_transfer,2006-2012,near,t_iut,p_t_iut,,0.072370758810798,,0.1,0.1,composite,92869.0,,,,,
anoshift_threshold_clustering_m1_v2,power,iid_transfer,2006-2012,near,z_plus_softmax,p_z_plus_softmax,,0.0693737880688947,,0.1,0.1,composite,87670.0,,,,,
anoshift_threshold_clustering_m1_v2,power,iid_transfer,2006-2012,near,z_plus_orth,p_z_plus_orth,,0.0642637162085091,,0.1,0.1,composite,87670.0,,,,,
anoshift_threshold_clustering_m1_v2,power,iid_transfer,2006-2012,near,z_plus,p_z_plus,,0.0500920651670632,,0.1,0.15,composite,92869.0,,,,,
anoshift_threshold_clustering_m1_v2,power,iid_transfer,2006-2012,near,z_plus_renorm,p_z_plus_renorm,,0.0758298163567925,,0.1,0.15,composite,87670.0,,,,,
anoshift_threshold_clustering_m1_v2,power,iid_transfer,2006-2012,near,breadth,p_breadth,,0.0076126281333448,,0.1,0.15,composite,92872.0,,,,,
anoshift_threshold_clustering_m1_v2,power,iid_transfer,2006-2012,near,z_mahalanobis_sq,p_z_mahalanobis_sq,,0.0898100172711571,,0.1,0.15,composite,55005.0,,,,,
anoshift_threshold_clustering_m1_v2,power,iid_transfer,2006-2012,near,t_iut,p_t_iut,,0.072370758810798,,0.1,0.15,composite,92869.0,,,,,
anoshift_threshold_clustering_m1_v2,power,iid_transfer,2006-2012,near,z_plus_softmax,p_z_plus_softmax,,0.0693737880688947,,0.1,0.15,composite,87670.0,,,,,
anoshift_threshold_clustering_m1_v2,power,iid_transfer,2006-2012,near,z_plus_orth,p_z_plus_orth,,0.0642637162085091,,0.1,0.15,composite,87670.0,,,,,
anoshift_threshold_clustering_m1_v2,power,iid_transfer,2006-2012,near,z_plus,p_z_plus,,0.0500920651670632,,0.1,0.2,composite,92869.0,,,,,
anoshift_threshold_clustering_m1_v2,power,iid_transfer,2006-2012,near,z_plus_renorm,p_z_plus_renorm,,0.0758298163567925,,0.1,0.2,composite,87670.0,,,,,
anoshift_threshold_clustering_m1_v2,power,iid_transfer,2006-2012,near,breadth,p_breadth,,0.0076126281333448,,0.1,0.2,composite,92872.0,,,,,
anoshift_threshold_clustering_m1_v2,power,iid_transfer,2006-2012,near,z_mahalanobis_sq,p_z_mahalanobis_sq,,0.0898100172711571,,0.1,0.2,composite,55005.0,,,,,
anoshift_threshold_clustering_m1_v2,power,iid_transfer,2006-2012,near,t_iut,p_t_iut,,0.072370758810798,,0.1,0.2,composite,92869.0,,,,,
anoshift_threshold_clustering_m1_v2,power,iid_transfer,2006-2012,near,z_plus_softmax,p_z_plus_softmax,,0.0693737880688947,,0.1,0.2,composite,87670.0,,,,,
anoshift_threshold_clustering_m1_v2,power,iid_transfer,2006-2012,near,z_plus_orth,p_z_plus_orth,,0.0642637162085091,,0.1,0.2,composite,87670.0,,,,,
anoshift_threshold_clustering_m1_v2,power,iid_transfer,2006-2012,near,z_plus,p_z_plus,,0.0500920651670632,,0.1,0.3,composite,92869.0,,,,,
anoshift_threshold_clustering_m1_v2,power,iid_transfer,2006-2012,near,z_plus_renorm,p_z_plus_renorm,,0.0758298163567925,,0.1,0.3,composite,87670.0,,,,,
anoshift_threshold_clustering_m1_v2,power,iid_transfer,2006-2012,near,breadth,p_breadth,,0.0076126281333448,,0.1,0.3,composite,92872.0,,,,,
anoshift_threshold_clustering_m1_v2,power,iid_transfer,2006-2012,near,z_mahalanobis_sq,p_z_mahalanobis_sq,,0.0898100172711571,,0.1,0.3,composite,55005.0,,,,,
anoshift_threshold_clustering_m1_v2,power,iid_transfer,2006-2012,near,t_iut,p_t_iut,,0.072370758810798,,0.1,0.3,composite,92869.0,,,,,
anoshift_threshold_clustering_m1_v2,power,iid_transfer,2006-2012,near,z_plus_softmax,p_z_plus_softmax,,0.0693737880688947,,0.1,0.3,composite,87670.0,,,,,
anoshift_threshold_clustering_m1_v2,power,iid_transfer,2006-2012,near,z_plus_orth,p_z_plus_orth,,0.0642637162085091,,0.1,0.3,composite,87670.0,,,,,
anoshift_correlated_gaussian,power,iid_transfer,2006-2012,far,z_plus,p_z_plus,,0.0420993544765646,,0.01,0.05,composite,3599.0,0.4209467677051174,0.0,,,
anoshift_correlated_gaussian,power,iid_transfer,2006-2012,far,z_plus_renorm,p_z_plus_renorm,,0.0425411230856494,,0.01,0.05,composite,3562.0,0.4280346001134429,0.0,,,
anoshift_correlated_gaussian,power,iid_transfer,2006-2012,far,breadth,p_breadth,,0.0098231827111984,,0.01,0.05,composite,3599.0,0.4314014407334643,0.0277777777777777,,,
anoshift_correlated_gaussian,power,iid_transfer,2006-2012,far,z_mahalanobis_sq,p_z_mahalanobis_sq,,0.0387314061184395,,0.01,0.05,composite,3599.0,0.4690257897527052,0.0277777777777777,,,
anoshift_correlated_gaussian,power,iid_transfer,2006-2012,far,t_iut,p_t_iut,,0.0395733932079708,,0.01,0.05,composite,3599.0,0.4850157482770449,0.0277777777777777,,,
anoshift_correlated_gaussian,power,iid_transfer,2006-2012,far,z_plus_softmax,p_z_plus_softmax,,0.0377197958026091,,0.01,0.05,composite,3562.0,0.4375354509359047,0.0555555555555555,,,
anoshift_correlated_gaussian,power,iid_transfer,2006-2012,far,z_plus_orth,p_z_plus_orth,,0.0343165059557572,,0.01,0.05,composite,3562.0,0.4375748408646877,0.0555555555555555,,,
anoshift_correlated_gaussian,power,iid_transfer,2006-2012,far,z_plus,p_z_plus,,0.0418186921133875,,0.01,0.1,composite,3599.0,0.5240667976424361,0.0277777777777777,,,
anoshift_correlated_gaussian,power,iid_transfer,2006-2012,far,z_plus_renorm,p_z_plus_renorm,,0.0422695035460992,,0.01,0.1,composite,3561.0,0.5421985815602837,0.0555555555555555,,,
anoshift_correlated_gaussian,power,iid_transfer,2006-2012,far,breadth,p_breadth,,0.0098231827111984,,0.01,0.1,composite,3599.0,0.5164109520691053,0.0,,,
anoshift_correlated_gaussian,power,iid_transfer,2006-2012,far,z_mahalanobis_sq,p_z_mahalanobis_sq,,0.0381700813920853,,0.01,0.1,composite,3599.0,0.4596158044095175,0.0555555555555555,,,
anoshift_correlated_gaussian,power,iid_transfer,2006-2012,far,t_iut,p_t_iut,,0.0392927308447937,,0.01,0.1,composite,3599.0,0.5495836841612873,0.0555555555555555,,,
anoshift_correlated_gaussian,power,iid_transfer,2006-2012,far,z_plus_softmax,p_z_plus_softmax,,0.0377304964539007,,0.01,0.1,composite,3561.0,0.5188179669030732,0.0277777777777777,,,
anoshift_correlated_gaussian,power,iid_transfer,2006-2012,far,z_plus_orth,p_z_plus_orth,,0.0343262411347517,,0.01,0.1,composite,3561.0,0.5204885736800631,0.0277777777777777,,,
anoshift_correlated_gaussian,power,iid_transfer,2006-2012,far,z_plus,p_z_plus,,0.0409767050238563,,0.01,0.15,composite,3599.0,0.4819050737518321,0.1111111111111111,,,
anoshift_correlated_gaussian,power,iid_transfer,2006-2012,far,z_plus_renorm,p_z_plus_renorm,,0.0419858156028368,,0.01,0.15,composite,3561.0,0.5106304176516943,0.0833333333333333,,,
anoshift_correlated_gaussian,power,iid_transfer,2006-2012,far,breadth,p_breadth,,0.0098231827111984,,0.01,0.15,composite,3599.0,0.4153062338229332,0.0,,,
anoshift_correlated_gaussian,power,iid_transfer,2006-2012,far,z_mahalanobis_sq,p_z_mahalanobis_sq,,0.0378894190289082,,0.01,0.15,composite,3599.0,0.4935213771166619,0.0833333333333333,,,
anoshift_correlated_gaussian,power,iid_transfer,2006-2012,far,t_iut,p_t_iut,,0.0395733932079708,,0.01,0.15,composite,3599.0,0.4458633486138398,0.0277777777777777,,,
anoshift_correlated_gaussian,power,iid_transfer,2006-2012,far,z_plus_softmax,p_z_plus_softmax,,0.0377304964539007,,0.01,0.15,composite,3561.0,0.4967454688731284,0.0277777777777777,,,
anoshift_correlated_gaussian,power,iid_transfer,2006-2012,far,z_plus_orth,p_z_plus_orth,,0.0343262411347517,,0.01,0.15,composite,3561.0,0.4972261623325453,0.0277777777777777,,,
anoshift_correlated_gaussian,power,iid_transfer,2006-2012,far,z_plus,p_z_plus,,0.0418186921133875,,0.01,0.2,composite,3599.0,0.4881381170673901,0.0277777777777777,,,
anoshift_correlated_gaussian,power,iid_transfer,2006-2012,far,z_plus_renorm,p_z_plus_renorm,,0.0419739081111741,,0.01,0.2,composite,3561.0,0.5207114496394134,0.0285714285714285,,,
anoshift_correlated_gaussian,power,iid_transfer,2006-2012,far,breadth,p_breadth,,0.0101038450743755,,0.01,0.2,composite,3599.0,0.4905081548008856,0.0,,,
anoshift_correlated_gaussian,power,iid_transfer,2006-2012,far,z_mahalanobis_sq,p_z_mahalanobis_sq,,0.0384507437552624,,0.01,0.2,composite,3599.0,0.5483674805875199,0.0555555555555555,,,
anoshift_correlated_gaussian,power,iid_transfer,2006-2012,far,t_iut,p_t_iut,,0.0392927308447937,,0.01,0.2,composite,3599.0,0.409954158480681,0.0555555555555555,,,
anoshift_correlated_gaussian,power,iid_transfer,2006-2012,far,z_plus_softmax,p_z_plus_softmax,,0.0374361883153715,,0.01,0.2,composite,3561.0,0.4974799448991167,0.0285714285714285,,,
anoshift_correlated_gaussian,power,iid_transfer,2006-2012,far,z_plus_orth,p_z_plus_orth,,0.0340328984685195,,0.01,0.2,composite,3561.0,0.496604813224212,0.0285714285714285,,,
anoshift_correlated_gaussian,power,iid_transfer,2006-2012,far,z_plus,p_z_plus,,0.0418186921133875,,0.01,0.3,composite,3599.0,0.5847054604421992,0.0277777777777777,,,
anoshift_correlated_gaussian,power,iid_transfer,2006-2012,far,z_plus_renorm,p_z_plus_renorm,,0.0416903006239364,,0.01,0.3,composite,3562.0,0.5785198840360497,0.0833333333333333,,,
anoshift_correlated_gaussian,power,iid_transfer,2006-2012,far,breadth,p_breadth,,0.0101038450743755,,0.01,0.3,composite,3599.0,0.5210029001777529,0.0277777777777777,,,
anoshift_correlated_gaussian,power,iid_transfer,2006-2012,far,z_mahalanobis_sq,p_z_mahalanobis_sq,,0.0384507437552624,,0.01,0.3,composite,3599.0,0.5511351233355163,0.0277777777777777,,,
anoshift_correlated_gaussian,power,iid_transfer,2006-2012,far,t_iut,p_t_iut,,0.0390120684816166,,0.01,0.3,composite,3599.0,0.5322293947048368,0.0555555555555555,,,
anoshift_correlated_gaussian,power,iid_transfer,2006-2012,far,z_plus_softmax,p_z_plus_softmax,,0.0371525808281338,,0.01,0.3,composite,3562.0,0.5658284489821642,0.1111111111111111,,,
anoshift_correlated_gaussian,power,iid_transfer,2006-2012,far,z_plus_orth,p_z_plus_orth,,0.0337492909812819,,0.01,0.3,composite,3562.0,0.5693577866011218,0.1111111111111111,,,
anoshift_correlated_gaussian,power,iid_transfer,2006-2012,far,z_plus,p_z_plus,,0.0421175782392512,,0.05,0.05,composite,3599.0,0.4947320529069577,0.0333333333333333,,,
anoshift_correlated_gaussian,power,iid_transfer,2006-2012,far,z_plus_renorm,p_z_plus_renorm,,0.0425909494232475,,0.05,0.05,composite,3561.0,0.5124552236353479,0.0277777777777777,,,
anoshift_correlated_gaussian,power,iid_transfer,2006-2012,far,breadth,p_breadth,,0.0099444281953787,,0.05,0.05,composite,3599.0,0.4679576549348412,0.0111111111111111,,,
anoshift_correlated_gaussian,power,iid_transfer,2006-2012,far,z_mahalanobis_sq,p_z_mahalanobis_sq,,0.039192746417081,,0.05,0.05,composite,3599.0,0.4723148418965909,0.0277777777777777,,,
anoshift_correlated_gaussian,power,iid_transfer,2006-2012,far,t_iut,p_t_iut,,0.040070195963732,,0.05,0.05,composite,3599.0,0.5277534041792598,0.0277777777777777,,,
anoshift_correlated_gaussian,power,iid_transfer,2006-2012,far,z_plus_softmax,p_z_plus_softmax,,0.038745933155871,,0.05,0.05,composite,3561.0,0.5010187649939203,0.0388888888888888,,,
anoshift_correlated_gaussian,power,iid_transfer,2006-2012,far,z_plus_orth,p_z_plus_orth,,0.0351966873706004,,0.05,0.05,composite,3561.0,0.5002941273127608,0.0388888888888888,,,
anoshift_correlated_gaussian,power,iid_transfer,2006-2012,far,z_plus,p_z_plus,,0.0421175782392512,,0.05,0.1,composite,3599.0,0.4803378180754606,0.0277777777777777,,,
anoshift_correlated_gaussian,power,iid_transfer,2006-2012,far,z_plus_renorm,p_z_plus_renorm,,0.041986989946777,,0.05,0.1,composite,3561.0,0.4688839039410087,0.0558659217877094,,,
anoshift_correlated_gaussian,power,iid_transfer,2006-2012,far,breadth,p_breadth,,0.0096519450131617,,0.05,0.1,composite,3599.0,0.5000658087159988,0.0111111111111111,,,
anoshift_correlated_gaussian,power,iid_transfer,2006-2012,far,z_mahalanobis_sq,p_z_mahalanobis_sq,,0.0389002632348639,,0.05,0.1,composite,3599.0,0.4648890188814144,0.0333333333333333,,,
anoshift_correlated_gaussian,power,iid_transfer,2006-2012,far,t_iut,p_t_iut,,0.0386077800526469,,0.05,0.1,composite,3599.0,0.5050030873224789,0.0444444444444444,,,
anoshift_correlated_gaussian,power,iid_transfer,2006-2012,far,z_plus_softmax,p_z_plus_softmax,,0.0384387936132466,,0.05,0.1,composite,3561.0,0.46362107641837,0.0391061452513966,,,
anoshift_correlated_gaussian,power,iid_transfer,2006-2012,far,z_plus_orth,p_z_plus_orth,,0.0345949142519219,,0.05,0.1,composite,3561.0,0.4624317368652313,0.0335195530726257,,,
anoshift_correlated_gaussian,power,iid_transfer,2006-2012,far,z_plus,p_z_plus,,0.0415326118748171,,0.05,0.15,composite,3599.0,0.4947531766923402,0.0444444444444444,,,
anoshift_correlated_gaussian,power,iid_transfer,2006-2012,far,z_plus_renorm,p_z_plus_renorm,,0.0437223042836041,,0.05,0.15,composite,3564.0,0.484401277406897,0.0223463687150838,,,
anoshift_correlated_gaussian,power,iid_transfer,2006-2012,far,breadth,p_breadth,,0.0105293945598128,,0.05,0.15,composite,3599.0,0.5111167982840987,0.0,,,
anoshift_correlated_gaussian,power,iid_transfer,2006-2012,far,z_mahalanobis_sq,p_z_mahalanobis_sq,,0.0380228136882129,,0.05,0.15,composite,3599.0,0.4890578791719476,0.0388888888888888,,,
anoshift_correlated_gaussian,power,iid_transfer,2006-2012,far,t_iut,p_t_iut,,0.039777712781515,,0.05,0.15,composite,3599.0,0.498383217964967,0.0222222222222222,,,
anoshift_correlated_gaussian,power,iid_transfer,2006-2012,far,z_plus_softmax,p_z_plus_softmax,,0.0375184638109305,,0.05,0.15,composite,3564.0,0.4850894927506333,0.0614525139664804,,,
anoshift_correlated_gaussian,power,iid_transfer,2006-2012,far,z_plus_orth,p_z_plus_orth,,0.0345642540620384,,0.05,0.15,composite,3564.0,0.4863768020266868,0.0614525139664804,,,
anoshift_correlated_gaussian,power,iid_transfer,2006-2012,far,z_plus,p_z_plus,,0.0412401286926001,,0.05,0.2,composite,3599.0,0.5088134932241396,0.0555555555555555,,,
anoshift_correlated_gaussian,power,iid_transfer,2006-2012,far,z_plus_renorm,p_z_plus_renorm,,0.0425657700266036,,0.05,0.2,composite,3561.0,0.5044023820357572,0.0449438202247191,,,
anoshift_correlated_gaussian,power,iid_transfer,2006-2012,far,breadth,p_breadth,,0.0099444281953787,,0.05,0.2,composite,3599.0,0.4984465893211141,0.0166666666666666,,,
anoshift_correlated_gaussian,power,iid_transfer,2006-2012,far,z_mahalanobis_sq,p_z_mahalanobis_sq,,0.039192746417081,,0.05,0.2,composite,3599.0,0.5140408176529849,0.0444444444444444,,,
anoshift_correlated_gaussian,power,iid_transfer,2006-2012,far,t_iut,p_t_iut,,0.0386077800526469,,0.05,0.2,composite,3599.0,0.5064882519255143,0.0388888888888888,,,
anoshift_correlated_gaussian,power,iid_transfer,2006-2012,far,z_plus_softmax,p_z_plus_softmax,,0.0375406443984629,,0.05,0.2,composite,3561.0,0.5088695294051221,0.095505617977528,,,
anoshift_correlated_gaussian,power,iid_transfer,2006-2012,far,z_plus_orth,p_z_plus_orth,,0.0339934968962459,,0.05,0.2,composite,3561.0,0.5089326340891502,0.0898876404494382,,,
anoshift_correlated_gaussian,power,iid_transfer,2006-2012,far,z_plus,p_z_plus,,0.0406551623281661,,0.05,0.3,composite,3599.0,0.5281409443956973,0.0666666666666666,,,
anoshift_correlated_gaussian,power,iid_transfer,2006-2012,far,z_plus_renorm,p_z_plus_renorm,,0.0425531914893617,,0.05,0.3,composite,3561.0,0.5215320351003726,0.0564971751412429,,,
anoshift_correlated_gaussian,power,iid_transfer,2006-2012,far,breadth,p_breadth,,0.0099444281953787,,0.05,0.3,composite,3599.0,0.518036462903383,0.0166666666666666,,,
anoshift_correlated_gaussian,power,iid_transfer,2006-2012,far,z_mahalanobis_sq,p_z_mahalanobis_sq,,0.0389002632348639,,0.05,0.3,composite,3599.0,0.5595138279548926,0.05,,,
anoshift_correlated_gaussian,power,iid_transfer,2006-2012,far,t_iut,p_t_iut,,0.039777712781515,,0.05,0.3,composite,3599.0,0.4608722498456338,0.0222222222222222,,,
anoshift_correlated_gaussian,power,iid_transfer,2006-2012,far,z_plus_softmax,p_z_plus_softmax,,0.0366430260047281,,0.05,0.3,composite,3561.0,0.517623646004461,0.0903954802259887,,,
anoshift_correlated_gaussian,power,iid_transfer,2006-2012,far,z_plus_orth,p_z_plus_orth,,0.0336879432624113,,0.05,0.3,composite,3561.0,0.5163163975370971,0.0903954802259887,,,
anoshift_correlated_gaussian,power,iid_transfer,2006-2012,far,z_plus,p_z_plus,,0.0410620561901821,,0.1,0.05,composite,3599.0,0.5026139755068436,0.05,,,
anoshift_correlated_gaussian,power,iid_transfer,2006-2012,far,z_plus_renorm,p_z_plus_renorm,,0.0430577223088923,,0.1,0.05,composite,3562.0,0.4797371054506046,0.0336134453781512,,,
anoshift_correlated_gaussian,power,iid_transfer,2006-2012,far,breadth,p_breadth,,0.009262117937635,,0.1,0.05,composite,3599.0,0.5368134883880484,0.0194444444444444,,,
anoshift_correlated_gaussian,power,iid_transfer,2006-2012,far,z_mahalanobis_sq,p_z_mahalanobis_sq,,0.0355047854276011,,0.1,0.05,composite,3599.0,0.4984194367260128,0.0611111111111111,,,
anoshift_correlated_gaussian,power,iid_transfer,2006-2012,far,t_iut,p_t_iut,,0.0385921580734794,,0.1,0.05,composite,3599.0,0.4875064320263456,0.0444444444444444,,,
anoshift_correlated_gaussian,power,iid_transfer,2006-2012,far,z_plus_softmax,p_z_plus_softmax,,0.0361934477379095,,0.1,0.05,composite,3562.0,0.4919152060200055,0.0504201680672268,,,
anoshift_correlated_gaussian,power,iid_transfer,2006-2012,far,z_plus_orth,p_z_plus_orth,,0.0336973478939157,,0.1,0.05,composite,3562.0,0.4926056538059841,0.0588235294117647,,,
anoshift_correlated_gaussian,power,iid_transfer,2006-2012,far,z_plus,p_z_plus,,0.0422970052485335,,0.1,0.1,composite,3599.0,0.481640852800933,0.0361111111111111,,,
anoshift_correlated_gaussian,power,iid_transfer,2006-2012,far,z_plus_renorm,p_z_plus_renorm,,0.0417705735660847,,0.1,0.1,composite,3559.0,0.5100532145419925,0.037037037037037,,,
anoshift_correlated_gaussian,power,iid_transfer,2006-2012,far,breadth,p_breadth,,0.0104970669959864,,0.1,0.1,composite,3599.0,0.4636303214297966,0.0055555555555555,,,
anoshift_correlated_gaussian,power,iid_transfer,2006-2012,far,z_mahalanobis_sq,p_z_mahalanobis_sq,,0.0373572090151281,,0.1,0.1,composite,3599.0,0.5010222633871908,0.0444444444444444,,,
anoshift_correlated_gaussian,power,iid_transfer,2006-2012,far,t_iut,p_t_iut,,0.0398271071318308,,0.1,0.1,composite,3599.0,0.4730678192857878,0.0333333333333333,,,
anoshift_correlated_gaussian,power,iid_transfer,2006-2012,far,z_plus_softmax,p_z_plus_softmax,,0.0367830423940149,,0.1,0.1,composite,3559.0,0.5055203870665217,0.0427350427350427,,,
anoshift_correlated_gaussian,power,iid_transfer,2006-2012,far,z_plus_orth,p_z_plus_orth,,0.03428927680798,,0.1,0.1,composite,3559.0,0.5044600038365625,0.0427350427350427,,,
anoshift_correlated_gaussian,power,iid_transfer,2006-2012,far,z_plus,p_z_plus,,0.0429144797777091,,0.1,0.15,composite,3599.0,0.5121325168947892,0.025,,,
anoshift_correlated_gaussian,power,iid_transfer,2006-2012,far,z_plus_renorm,p_z_plus_renorm,,0.0427724008741804,,0.1,0.15,composite,3561.0,0.4997113390553898,0.0391061452513966,,,
anoshift_correlated_gaussian,power,iid_transfer,2006-2012,far,breadth,p_breadth,,0.0098795924668107,,0.1,0.15,composite,3599.0,0.5227166306473191,0.0111111111111111,,,
anoshift_correlated_gaussian,power,iid_transfer,2006-2012,far,z_mahalanobis_sq,p_z_mahalanobis_sq,,0.0389008953380673,,0.1,0.15,composite,3599.0,0.5050907344516483,0.0416666666666666,,,
anoshift_correlated_gaussian,power,iid_transfer,2006-2012,far,t_iut,p_t_iut,,0.0395183698672429,,0.1,0.15,composite,3599.0,0.4817347603855785,0.0416666666666666,,,
anoshift_correlated_gaussian,power,iid_transfer,2006-2012,far,z_plus_softmax,p_z_plus_softmax,,0.0384014985950671,,0.1,0.15,composite,3561.0,0.4985000095929619,0.0810055865921787,,,
anoshift_correlated_gaussian,power,iid_transfer,2006-2012,far,z_plus_orth,p_z_plus_orth,,0.0355916328442085,,0.1,0.15,composite,3561.0,0.4986657062076928,0.0810055865921787,,,
anoshift_correlated_gaussian,power,iid_transfer,2006-2012,far,z_plus,p_z_plus,,0.0429144797777091,,0.1,0.2,composite,3599.0,0.5207625810435319,0.0277777777777777,,,
anoshift_correlated_gaussian,power,iid_transfer,2006-2012,far,z_plus_renorm,p_z_plus_renorm,,0.0433697347893915,,0.1,0.2,composite,3559.0,0.5198427598120874,0.0282485875706214,,,
anoshift_correlated_gaussian,power,iid_transfer,2006-2012,far,breadth,p_breadth,,0.0098795924668107,,0.1,0.2,composite,3599.0,0.5133477410723475,0.0138888888888888,,,
anoshift_correlated_gaussian,power,iid_transfer,2006-2012,far,z_mahalanobis_sq,p_z_mahalanobis_sq,,0.0395183698672429,,0.1,0.2,composite,3599.0,0.516038900895338,0.0388888888888888,,,
anoshift_correlated_gaussian,power,iid_transfer,2006-2012,far,t_iut,p_t_iut,,0.0407533189255943,,0.1,0.2,composite,3599.0,0.4582141264450619,0.0444444444444444,,,
anoshift_correlated_gaussian,power,iid_transfer,2006-2012,far,z_plus_softmax,p_z_plus_softmax,,0.0374414976599064,,0.1,0.2,composite,3559.0,0.5188943828939598,0.059322033898305,,,
anoshift_correlated_gaussian,power,iid_transfer,2006-2012,far,z_plus_orth,p_z_plus_orth,,0.0333853354134165,,0.1,0.2,composite,3559.0,0.5178613924217985,0.0621468926553672,,,
anoshift_correlated_gaussian,power,iid_transfer,2006-2012,far,z_plus,p_z_plus,,0.0429144797777091,,0.1,0.3,composite,3599.0,0.495537888923193,0.0388888888888888,,,
anoshift_correlated_gaussian,power,iid_transfer,2006-2012,far,z_plus_renorm,p_z_plus_renorm,,0.0433697347893915,,0.1,0.3,composite,3562.0,0.5053902996455992,0.0252100840336134,,,
anoshift_correlated_gaussian,power,iid_transfer,2006-2012,far,breadth,p_breadth,,0.0095708552022229,,0.1,0.3,composite,3599.0,0.487950670645947,0.0138888888888888,,,
anoshift_correlated_gaussian,power,iid_transfer,2006-2012,far,z_mahalanobis_sq,p_z_mahalanobis_sq,,0.0404445816610064,,0.1,0.3,composite,3599.0,0.537344344962437,0.0305555555555555,,,
anoshift_correlated_gaussian,power,iid_transfer,2006-2012,far,t_iut,p_t_iut,,0.0389008953380673,,0.1,0.3,composite,3599.0,0.4392953929539295,0.0388888888888888,,,
anoshift_correlated_gaussian,power,iid_transfer,2006-2012,far,z_plus_softmax,p_z_plus_softmax,,0.0386895475819032,,0.1,0.3,composite,3562.0,0.5074135738538785,0.072829131652661,,,
anoshift_correlated_gaussian,power,iid_transfer,2006-2012,far,z_plus_orth,p_z_plus_orth,,0.0352574102964118,,0.1,0.3,composite,3562.0,0.5074380454209766,0.072829131652661,,,
anoshift_threshold_clustering_m1_v2,power,iid_transfer,2006-2012,far,z_plus,p_z_plus,,0.0500920651670632,,0.01,0.05,composite,92869.0,,,,,
anoshift_threshold_clustering_m1_v2,power,iid_transfer,2006-2012,far,z_plus_renorm,p_z_plus_renorm,,0.0758298163567925,,0.01,0.05,composite,87670.0,,,,,
anoshift_threshold_clustering_m1_v2,power,iid_transfer,2006-2012,far,breadth,p_breadth,,0.0076126281333448,,0.01,0.05,composite,92872.0,,,,,
anoshift_threshold_clustering_m1_v2,power,iid_transfer,2006-2012,far,z_mahalanobis_sq,p_z_mahalanobis_sq,,0.0898100172711571,,0.01,0.05,composite,55005.0,,,,,
anoshift_threshold_clustering_m1_v2,power,iid_transfer,2006-2012,far,t_iut,p_t_iut,,0.072370758810798,,0.01,0.05,composite,92869.0,,,,,
anoshift_threshold_clustering_m1_v2,power,iid_transfer,2006-2012,far,z_plus_softmax,p_z_plus_softmax,,0.0693737880688947,,0.01,0.05,composite,87670.0,,,,,
anoshift_threshold_clustering_m1_v2,power,iid_transfer,2006-2012,far,z_plus_orth,p_z_plus_orth,,0.0642637162085091,,0.01,0.05,composite,87670.0,,,,,
anoshift_threshold_clustering_m1_v2,power,iid_transfer,2006-2012,far,z_plus,p_z_plus,,0.0500920651670632,,0.01,0.1,composite,92869.0,,,,,
anoshift_threshold_clustering_m1_v2,power,iid_transfer,2006-2012,far,z_plus_renorm,p_z_plus_renorm,,0.0758298163567925,,0.01,0.1,composite,87670.0,,,,,
anoshift_threshold_clustering_m1_v2,power,iid_transfer,2006-2012,far,breadth,p_breadth,,0.0076126281333448,,0.01,0.1,composite,92872.0,,,,,
anoshift_threshold_clustering_m1_v2,power,iid_transfer,2006-2012,far,z_mahalanobis_sq,p_z_mahalanobis_sq,,0.0898100172711571,,0.01,0.1,composite,55005.0,,,,,
anoshift_threshold_clustering_m1_v2,power,iid_transfer,2006-2012,far,t_iut,p_t_iut,,0.072370758810798,,0.01,0.1,composite,92869.0,,,,,
anoshift_threshold_clustering_m1_v2,power,iid_transfer,2006-2012,far,z_plus_softmax,p_z_plus_softmax,,0.0693737880688947,,0.01,0.1,composite,87670.0,,,,,
anoshift_threshold_clustering_m1_v2,power,iid_transfer,2006-2012,far,z_plus_orth,p_z_plus_orth,,0.0642637162085091,,0.01,0.1,composite,87670.0,,,,,
anoshift_threshold_clustering_m1_v2,power,iid_transfer,2006-2012,far,z_plus,p_z_plus,,0.0500920651670632,,0.01,0.15,composite,92869.0,,,,,
anoshift_threshold_clustering_m1_v2,power,iid_transfer,2006-2012,far,z_plus_renorm,p_z_plus_renorm,,0.0758298163567925,,0.01,0.15,composite,87670.0,,,,,
anoshift_threshold_clustering_m1_v2,power,iid_transfer,2006-2012,far,breadth,p_breadth,,0.0076126281333448,,0.01,0.15,composite,92872.0,,,,,
anoshift_threshold_clustering_m1_v2,power,iid_transfer,2006-2012,far,z_mahalanobis_sq,p_z_mahalanobis_sq,,0.0898100172711571,,0.01,0.15,composite,55005.0,,,,,
anoshift_threshold_clustering_m1_v2,power,iid_transfer,2006-2012,far,t_iut,p_t_iut,,0.072370758810798,,0.01,0.15,composite,92869.0,,,,,
anoshift_threshold_clustering_m1_v2,power,iid_transfer,2006-2012,far,z_plus_softmax,p_z_plus_softmax,,0.0693737880688947,,0.01,0.15,composite,87670.0,,,,,
anoshift_threshold_clustering_m1_v2,power,iid_transfer,2006-2012,far,z_plus_orth,p_z_plus_orth,,0.0642637162085091,,0.01,0.15,composite,87670.0,,,,,
anoshift_threshold_clustering_m1_v2,power,iid_transfer,2006-2012,far,z_plus,p_z_plus,,0.0500920651670632,,0.01,0.2,composite,92869.0,,,,,
anoshift_threshold_clustering_m1_v2,power,iid_transfer,2006-2012,far,z_plus_renorm,p_z_plus_renorm,,0.0758298163567925,,0.01,0.2,composite,87670.0,,,,,
anoshift_threshold_clustering_m1_v2,power,iid_transfer,2006-2012,far,breadth,p_breadth,,0.0076126281333448,,0.01,0.2,composite,92872.0,,,,,
anoshift_threshold_clustering_m1_v2,power,iid_transfer,2006-2012,far,z_mahalanobis_sq,p_z_mahalanobis_sq,,0.0898100172711571,,0.01,0.2,composite,55005.0,,,,,
anoshift_threshold_clustering_m1_v2,power,iid_transfer,2006-2012,far,t_iut,p_t_iut,,0.072370758810798,,0.01,0.2,composite,92869.0,,,,,
anoshift_threshold_clustering_m1_v2,power,iid_transfer,2006-2012,far,z_plus_softmax,p_z_plus_softmax,,0.0693737880688947,,0.01,0.2,composite,87670.0,,,,,
anoshift_threshold_clustering_m1_v2,power,iid_transfer,2006-2012,far,z_plus_orth,p_z_plus_orth,,0.0642637162085091,,0.01,0.2,composite,87670.0,,,,,
anoshift_threshold_clustering_m1_v2,power,iid_transfer,2006-2012,far,z_plus,p_z_plus,,0.0500920651670632,,0.01,0.3,composite,92869.0,,,,,
anoshift_threshold_clustering_m1_v2,power,iid_transfer,2006-2012,far,z_plus_renorm,p_z_plus_renorm,,0.0758298163567925,,0.01,0.3,composite,87670.0,,,,,
anoshift_threshold_clustering_m1_v2,power,iid_transfer,2006-2012,far,breadth,p_breadth,,0.0076126281333448,,0.01,0.3,composite,92872.0,,,,,
anoshift_threshold_clustering_m1_v2,power,iid_transfer,2006-2012,far,z_mahalanobis_sq,p_z_mahalanobis_sq,,0.0898100172711571,,0.01,0.3,composite,55005.0,,,,,
anoshift_threshold_clustering_m1_v2,power,iid_transfer,2006-2012,far,t_iut,p_t_iut,,0.072370758810798,,0.01,0.3,composite,92869.0,,,,,
anoshift_threshold_clustering_m1_v2,power,iid_transfer,2006-2012,far,z_plus_softmax,p_z_plus_softmax,,0.0693737880688947,,0.01,0.3,composite,87670.0,,,,,
anoshift_threshold_clustering_m1_v2,power,iid_transfer,2006-2012,far,z_plus_orth,p_z_plus_orth,,0.0642637162085091,,0.01,0.3,composite,87670.0,,,,,
anoshift_threshold_clustering_m1_v2,power,iid_transfer,2006-2012,far,z_plus,p_z_plus,,0.0500920651670632,,0.05,0.05,composite,92869.0,,,,,
anoshift_threshold_clustering_m1_v2,power,iid_transfer,2006-2012,far,z_plus_renorm,p_z_plus_renorm,,0.0758298163567925,,0.05,0.05,composite,87670.0,,,,,
anoshift_threshold_clustering_m1_v2,power,iid_transfer,2006-2012,far,breadth,p_breadth,,0.0076126281333448,,0.05,0.05,composite,92872.0,,,,,
anoshift_threshold_clustering_m1_v2,power,iid_transfer,2006-2012,far,z_mahalanobis_sq,p_z_mahalanobis_sq,,0.0898100172711571,,0.05,0.05,composite,55005.0,,,,,
anoshift_threshold_clustering_m1_v2,power,iid_transfer,2006-2012,far,t_iut,p_t_iut,,0.072370758810798,,0.05,0.05,composite,92869.0,,,,,
anoshift_threshold_clustering_m1_v2,power,iid_transfer,2006-2012,far,z_plus_softmax,p_z_plus_softmax,,0.0693737880688947,,0.05,0.05,composite,87670.0,,,,,
anoshift_threshold_clustering_m1_v2,power,iid_transfer,2006-2012,far,z_plus_orth,p_z_plus_orth,,0.0642637162085091,,0.05,0.05,composite,87670.0,,,,,
anoshift_threshold_clustering_m1_v2,power,iid_transfer,2006-2012,far,z_plus,p_z_plus,,0.0500920651670632,,0.05,0.1,composite,92869.0,,,,,
anoshift_threshold_clustering_m1_v2,power,iid_transfer,2006-2012,far,z_plus_renorm,p_z_plus_renorm,,0.0758298163567925,,0.05,0.1,composite,87670.0,,,,,
anoshift_threshold_clustering_m1_v2,power,iid_transfer,2006-2012,far,breadth,p_breadth,,0.0076126281333448,,0.05,0.1,composite,92872.0,,,,,
anoshift_threshold_clustering_m1_v2,power,iid_transfer,2006-2012,far,z_mahalanobis_sq,p_z_mahalanobis_sq,,0.0898100172711571,,0.05,0.1,composite,55005.0,,,,,
anoshift_threshold_clustering_m1_v2,power,iid_transfer,2006-2012,far,t_iut,p_t_iut,,0.072370758810798,,0.05,0.1,composite,92869.0,,,,,
anoshift_threshold_clustering_m1_v2,power,iid_transfer,2006-2012,far,z_plus_softmax,p_z_plus_softmax,,0.0693737880688947,,0.05,0.1,composite,87670.0,,,,,
anoshift_threshold_clustering_m1_v2,power,iid_transfer,2006-2012,far,z_plus_orth,p_z_plus_orth,,0.0642637162085091,,0.05,0.1,composite,87670.0,,,,,
anoshift_threshold_clustering_m1_v2,power,iid_transfer,2006-2012,far,z_plus,p_z_plus,,0.0500920651670632,,0.05,0.15,composite,92869.0,,,,,
anoshift_threshold_clustering_m1_v2,power,iid_transfer,2006-2012,far,z_plus_renorm,p_z_plus_renorm,,0.0758298163567925,,0.05,0.15,composite,87670.0,,,,,
anoshift_threshold_clustering_m1_v2,power,iid_transfer,2006-2012,far,breadth,p_breadth,,0.0076126281333448,,0.05,0.15,composite,92872.0,,,,,
anoshift_threshold_clustering_m1_v2,power,iid_transfer,2006-2012,far,z_mahalanobis_sq,p_z_mahalanobis_sq,,0.0898100172711571,,0.05,0.15,composite,55005.0,,,,,
anoshift_threshold_clustering_m1_v2,power,iid_transfer,2006-2012,far,t_iut,p_t_iut,,0.072370758810798,,0.05,0.15,composite,92869.0,,,,,
anoshift_threshold_clustering_m1_v2,power,iid_transfer,2006-2012,far,z_plus_softmax,p_z_plus_softmax,,0.0693737880688947,,0.05,0.15,composite,87670.0,,,,,
anoshift_threshold_clustering_m1_v2,power,iid_transfer,2006-2012,far,z_plus_orth,p_z_plus_orth,,0.0642637162085091,,0.05,0.15,composite,87670.0,,,,,
anoshift_threshold_clustering_m1_v2,power,iid_transfer,2006-2012,far,z_plus,p_z_plus,,0.0500920651670632,,0.05,0.2,composite,92869.0,,,,,
anoshift_threshold_clustering_m1_v2,power,iid_transfer,2006-2012,far,z_plus_renorm,p_z_plus_renorm,,0.0758298163567925,,0.05,0.2,composite,87670.0,,,,,
anoshift_threshold_clustering_m1_v2,power,iid_transfer,2006-2012,far,breadth,p_breadth,,0.0076126281333448,,0.05,0.2,composite,92872.0,,,,,
anoshift_threshold_clustering_m1_v2,power,iid_transfer,2006-2012,far,z_mahalanobis_sq,p_z_mahalanobis_sq,,0.0898100172711571,,0.05,0.2,composite,55005.0,,,,,
anoshift_threshold_clustering_m1_v2,power,iid_transfer,2006-2012,far,t_iut,p_t_iut,,0.072370758810798,,0.05,0.2,composite,92869.0,,,,,
anoshift_threshold_clustering_m1_v2,power,iid_transfer,2006-2012,far,z_plus_softmax,p_z_plus_softmax,,0.0693737880688947,,0.05,0.2,composite,87670.0,,,,,
anoshift_threshold_clustering_m1_v2,power,iid_transfer,2006-2012,far,z_plus_orth,p_z_plus_orth,,0.0642637162085091,,0.05,0.2,composite,87670.0,,,,,
anoshift_threshold_clustering_m1_v2,power,iid_transfer,2006-2012,far,z_plus,p_z_plus,,0.0500920651670632,,0.05,0.3,composite,92869.0,,,,,
anoshift_threshold_clustering_m1_v2,power,iid_transfer,2006-2012,far,z_plus_renorm,p_z_plus_renorm,,0.0758298163567925,,0.05,0.3,composite,87670.0,,,,,
anoshift_threshold_clustering_m1_v2,power,iid_transfer,2006-2012,far,breadth,p_breadth,,0.0076126281333448,,0.05,0.3,composite,92872.0,,,,,
anoshift_threshold_clustering_m1_v2,power,iid_transfer,2006-2012,far,z_mahalanobis_sq,p_z_mahalanobis_sq,,0.0898100172711571,,0.05,0.3,composite,55005.0,,,,,
anoshift_threshold_clustering_m1_v2,power,iid_transfer,2006-2012,far,t_iut,p_t_iut,,0.072370758810798,,0.05,0.3,composite,92869.0,,,,,
anoshift_threshold_clustering_m1_v2,power,iid_transfer,2006-2012,far,z_plus_softmax,p_z_plus_softmax,,0.0693737880688947,,0.05,0.3,composite,87670.0,,,,,
anoshift_threshold_clustering_m1_v2,power,iid_transfer,2006-2012,far,z_plus_orth,p_z_plus_orth,,0.0642637162085091,,0.05,0.3,composite,87670.0,,,,,
anoshift_threshold_clustering_m1_v2,power,iid_transfer,2006-2012,far,z_plus,p_z_plus,,0.0500920651670632,,0.1,0.05,composite,92869.0,,,,,
anoshift_threshold_clustering_m1_v2,power,iid_transfer,2006-2012,far,z_plus_renorm,p_z_plus_renorm,,0.0758298163567925,,0.1,0.05,composite,87670.0,,,,,
anoshift_threshold_clustering_m1_v2,power,iid_transfer,2006-2012,far,breadth,p_breadth,,0.0076126281333448,,0.1,0.05,composite,92872.0,,,,,
anoshift_threshold_clustering_m1_v2,power,iid_transfer,2006-2012,far,z_mahalanobis_sq,p_z_mahalanobis_sq,,0.0898100172711571,,0.1,0.05,composite,55005.0,,,,,
anoshift_threshold_clustering_m1_v2,power,iid_transfer,2006-2012,far,t_iut,p_t_iut,,0.072370758810798,,0.1,0.05,composite,92869.0,,,,,
anoshift_threshold_clustering_m1_v2,power,iid_transfer,2006-2012,far,z_plus_softmax,p_z_plus_softmax,,0.0693737880688947,,0.1,0.05,composite,87670.0,,,,,
anoshift_threshold_clustering_m1_v2,power,iid_transfer,2006-2012,far,z_plus_orth,p_z_plus_orth,,0.0642637162085091,,0.1,0.05,composite,87670.0,,,,,
anoshift_threshold_clustering_m1_v2,power,iid_transfer,2006-2012,far,z_plus,p_z_plus,,0.0500920651670632,,0.1,0.1,composite,92869.0,,,,,
anoshift_threshold_clustering_m1_v2,power,iid_transfer,2006-2012,far,z_plus_renorm,p_z_plus_renorm,,0.0758298163567925,,0.1,0.1,composite,87670.0,,,,,
anoshift_threshold_clustering_m1_v2,power,iid_transfer,2006-2012,far,breadth,p_breadth,,0.0076126281333448,,0.1,0.1,composite,92872.0,,,,,
anoshift_threshold_clustering_m1_v2,power,iid_transfer,2006-2012,far,z_mahalanobis_sq,p_z_mahalanobis_sq,,0.0898100172711571,,0.1,0.1,composite,55005.0,,,,,
anoshift_threshold_clustering_m1_v2,power,iid_transfer,2006-2012,far,t_iut,p_t_iut,,0.072370758810798,,0.1,0.1,composite,92869.0,,,,,
anoshift_threshold_clustering_m1_v2,power,iid_transfer,2006-2012,far,z_plus_softmax,p_z_plus_softmax,,0.0693737880688947,,0.1,0.1,composite,87670.0,,,,,
anoshift_threshold_clustering_m1_v2,power,iid_transfer,2006-2012,far,z_plus_orth,p_z_plus_orth,,0.0642637162085091,,0.1,0.1,composite,87670.0,,,,,
anoshift_threshold_clustering_m1_v2,power,iid_transfer,2006-2012,far,z_plus,p_z_plus,,0.0500920651670632,,0.1,0.15,composite,92869.0,,,,,
anoshift_threshold_clustering_m1_v2,power,iid_transfer,2006-2012,far,z_plus_renorm,p_z_plus_renorm,,0.0758298163567925,,0.1,0.15,composite,87670.0,,,,,
anoshift_threshold_clustering_m1_v2,power,iid_transfer,2006-2012,far,breadth,p_breadth,,0.0076126281333448,,0.1,0.15,composite,92872.0,,,,,
anoshift_threshold_clustering_m1_v2,power,iid_transfer,2006-2012,far,z_mahalanobis_sq,p_z_mahalanobis_sq,,0.0898100172711571,,0.1,0.15,composite,55005.0,,,,,
anoshift_threshold_clustering_m1_v2,power,iid_transfer,2006-2012,far,t_iut,p_t_iut,,0.072370758810798,,0.1,0.15,composite,92869.0,,,,,
anoshift_threshold_clustering_m1_v2,power,iid_transfer,2006-2012,far,z_plus_softmax,p_z_plus_softmax,,0.0693737880688947,,0.1,0.15,composite,87670.0,,,,,
anoshift_threshold_clustering_m1_v2,power,iid_transfer,2006-2012,far,z_plus_orth,p_z_plus_orth,,0.0642637162085091,,0.1,0.15,composite,87670.0,,,,,
anoshift_threshold_clustering_m1_v2,power,iid_transfer,2006-2012,far,z_plus,p_z_plus,,0.0500920651670632,,0.1,0.2,composite,92869.0,,,,,
anoshift_threshold_clustering_m1_v2,power,iid_transfer,2006-2012,far,z_plus_renorm,p_z_plus_renorm,,0.0758298163567925,,0.1,0.2,composite,87670.0,,,,,
anoshift_threshold_clustering_m1_v2,power,iid_transfer,2006-2012,far,breadth,p_breadth,,0.0076126281333448,,0.1,0.2,composite,92872.0,,,,,
anoshift_threshold_clustering_m1_v2,power,iid_transfer,2006-2012,far,z_mahalanobis_sq,p_z_mahalanobis_sq,,0.0898100172711571,,0.1,0.2,composite,55005.0,,,,,
anoshift_threshold_clustering_m1_v2,power,iid_transfer,2006-2012,far,t_iut,p_t_iut,,0.072370758810798,,0.1,0.2,composite,92869.0,,,,,
anoshift_threshold_clustering_m1_v2,power,iid_transfer,2006-2012,far,z_plus_softmax,p_z_plus_softmax,,0.0693737880688947,,0.1,0.2,composite,87670.0,,,,,
anoshift_threshold_clustering_m1_v2,power,iid_transfer,2006-2012,far,z_plus_orth,p_z_plus_orth,,0.0642637162085091,,0.1,0.2,composite,87670.0,,,,,
anoshift_threshold_clustering_m1_v2,power,iid_transfer,2006-2012,far,z_plus,p_z_plus,,0.0500920651670632,,0.1,0.3,composite,92869.0,,,,,
anoshift_threshold_clustering_m1_v2,power,iid_transfer,2006-2012,far,z_plus_renorm,p_z_plus_renorm,,0.0758298163567925,,0.1,0.3,composite,87670.0,,,,,
anoshift_threshold_clustering_m1_v2,power,iid_transfer,2006-2012,far,breadth,p_breadth,,0.0076126281333448,,0.1,0.3,composite,92872.0,,,,,
anoshift_threshold_clustering_m1_v2,power,iid_transfer,2006-2012,far,z_mahalanobis_sq,p_z_mahalanobis_sq,,0.0898100172711571,,0.1,0.3,composite,55005.0,,,,,
anoshift_threshold_clustering_m1_v2,power,iid_transfer,2006-2012,far,t_iut,p_t_iut,,0.072370758810798,,0.1,0.3,composite,92869.0,,,,,
anoshift_threshold_clustering_m1_v2,power,iid_transfer,2006-2012,far,z_plus_softmax,p_z_plus_softmax,,0.0693737880688947,,0.1,0.3,composite,87670.0,,,,,
anoshift_threshold_clustering_m1_v2,power,iid_transfer,2006-2012,far,z_plus_orth,p_z_plus_orth,,0.0642637162085091,,0.1,0.3,composite,87670.0,,,,,
anoshift,calibration_diagnostic,adaptive_transfer,2003-2003,,,,,,,,,,,,,,30.0,failed: phase2: only 1 complete z-vectors in C (< 30); Σ̂ not estimable.
anoshift,calibration_diagnostic,adaptive_transfer,2003-2004,,,,,,,,,,,,,,30.0,failed: phase2: only 3 complete z-vectors in C (< 30); Σ̂ not estimable.
anoshift,calibration_diagnostic,adaptive_transfer,2003-2005,,,,,,,,,,,,,35.0,30.0,candidate_scored
anoshift,calibration_diagnostic,adaptive_transfer,2003-2005,,,,,,,,,,,,,35.0,30.0,selected
anoshift,fpr,adaptive_transfer,2003-2005,iid,z_plus,p_z_plus,4140.0,0.0555555555555555,,,,,,,,,,
anoshift,fpr,adaptive_transfer,2003-2005,iid,z_plus_renorm,p_z_plus_renorm,4081.0,0.0707729468599033,,,,,,,,,,
anoshift,fpr,adaptive_transfer,2003-2005,iid,breadth,p_breadth,4140.0,0.0089371980676328,,,,,,,,,,
anoshift,fpr,adaptive_transfer,2003-2005,iid,z_mahalanobis_sq,p_z_mahalanobis_sq,3049.0,0.0425120772946859,,,,,,,,,,
anoshift,fpr,adaptive_transfer,2003-2005,iid,t_iut,p_t_iut,4140.0,0.0483091787439613,,,,,,,,,,
anoshift,fpr,adaptive_transfer,2003-2005,iid,z_plus_softmax,p_z_plus_softmax,4081.0,0.0681159420289855,,,,,,,,,,
anoshift,fpr,adaptive_transfer,2003-2005,iid,z_plus_orth,p_z_plus_orth,4081.0,0.0606280193236715,,,,,,,,,,
anoshift,fpr,adaptive_transfer,2003-2005,near,z_plus,p_z_plus,2932.0,0.0453615279672578,,,,,,,,,,
anoshift,fpr,adaptive_transfer,2003-2005,near,z_plus_renorm,p_z_plus_renorm,2898.0,0.0688949522510232,,,,,,,,,,
anoshift,fpr,adaptive_transfer,2003-2005,near,breadth,p_breadth,2932.0,0.0092087312414733,,,,,,,,,,
anoshift,fpr,adaptive_transfer,2003-2005,near,z_mahalanobis_sq,p_z_mahalanobis_sq,2298.0,0.0310368349249658,,,,,,,,,,
anoshift,fpr,adaptive_transfer,2003-2005,near,t_iut,p_t_iut,2932.0,0.0487721691678035,,,,,,,,,,
anoshift,fpr,adaptive_transfer,2003-2005,near,z_plus_softmax,p_z_plus_softmax,2898.0,0.0487721691678035,,,,,,,,,,
anoshift,fpr,adaptive_transfer,2003-2005,near,z_plus_orth,p_z_plus_orth,2898.0,0.0433151432469304,,,,,,,,,,
anoshift,fpr,adaptive_transfer,2003-2005,far,z_plus,p_z_plus,4232.0,0.0434782608695652,,,,,,,,,,
anoshift,fpr,adaptive_transfer,2003-2005,far,z_plus_renorm,p_z_plus_renorm,4181.0,0.0498582230623818,,,,,,,,,,
anoshift,fpr,adaptive_transfer,2003-2005,far,breadth,p_breadth,4232.0,0.0085066162570888,,,,,,,,,,
anoshift,fpr,adaptive_transfer,2003-2005,far,z_mahalanobis_sq,p_z_mahalanobis_sq,3599.0,0.0326086956521739,,,,,,,,,,
anoshift,fpr,adaptive_transfer,2003-2005,far,t_iut,p_t_iut,4232.0,0.0425330812854442,,,,,,,,,,
anoshift,fpr,adaptive_transfer,2003-2005,far,z_plus_softmax,p_z_plus_softmax,4181.0,0.0441871455576559,,,,,,,,,,
anoshift,fpr,adaptive_transfer,2003-2005,far,z_plus_orth,p_z_plus_orth,4181.0,0.0401701323251417,,,,,,,,,,
anoshift_yearly,annual_fpr,adaptive_transfer,2003-2005,,z_mahalanobis_sq,p_z_mahalanobis_sq,0.0,,2003.0,,,,,,,,,
anoshift_yearly,annual_fpr,adaptive_transfer,2003-2005,,z_mahalanobis_sq,p_z_mahalanobis_sq,0.0,,2004.0,,,,,,,,,
anoshift_yearly,annual_fpr,adaptive_transfer,2003-2005,,z_mahalanobis_sq,p_z_mahalanobis_sq,35.0,0.0093632958801498,2005.0,,,,,,,,,
anoshift_yearly,annual_fpr,adaptive_transfer,2003-2005,,z_mahalanobis_sq,p_z_mahalanobis_sq,353.0,0.0709342560553633,2006.0,,,,,,,,,
anoshift_yearly,annual_fpr,adaptive_transfer,2003-2005,,z_mahalanobis_sq,p_z_mahalanobis_sq,447.0,0.0622895622895622,2007.0,,,,,,,,,
anoshift_yearly,annual_fpr,adaptive_transfer,2003-2005,,z_mahalanobis_sq,p_z_mahalanobis_sq,460.0,0.038269550748752,2008.0,,,,,,,,,
anoshift_yearly,annual_fpr,adaptive_transfer,2003-2005,,z_mahalanobis_sq,p_z_mahalanobis_sq,460.0,0.0411663807890223,2009.0,,,,,,,,,
anoshift_yearly,annual_fpr,adaptive_transfer,2003-2005,,z_mahalanobis_sq,p_z_mahalanobis_sq,438.0,0.0347682119205298,2010.0,,,,,,,,,
anoshift_yearly,annual_fpr,adaptive_transfer,2003-2005,,z_mahalanobis_sq,p_z_mahalanobis_sq,451.0,0.0319865319865319,2011.0,,,,,,,,,
anoshift_yearly,annual_fpr,adaptive_transfer,2003-2005,,z_mahalanobis_sq,p_z_mahalanobis_sq,440.0,0.0187713310580204,2012.0,,,,,,,,,
anoshift_yearly,annual_fpr,adaptive_transfer,2003-2005,,z_mahalanobis_sq,p_z_mahalanobis_sq,455.0,0.0296167247386759,2013.0,,,,,,,,,
anoshift_yearly,annual_fpr,adaptive_transfer,2003-2005,,z_mahalanobis_sq,p_z_mahalanobis_sq,449.0,0.0310880829015544,2014.0,,,,,,,,,
anoshift_yearly,annual_fpr,adaptive_transfer,2003-2005,,z_mahalanobis_sq,p_z_mahalanobis_sq,456.0,0.0218855218855218,2015.0,,,,,,,,,
anoshift_yearly,annual_fpr,adaptive_transfer,2003-2005,,z_mahalanobis_sq,p_z_mahalanobis_sq,468.0,0.0271646859083191,2016.0,,,,,,,,,
anoshift_yearly,annual_fpr,adaptive_transfer,2003-2005,,z_mahalanobis_sq,p_z_mahalanobis_sq,470.0,0.0453020134228187,2017.0,,,,,,,,,
anoshift_yearly,annual_fpr,adaptive_transfer,2003-2005,,z_mahalanobis_sq,p_z_mahalanobis_sq,487.0,0.0295566502463054,2018.0,,,,,,,,,
anoshift_yearly,annual_fpr,adaptive_transfer,2003-2005,,z_mahalanobis_sq,p_z_mahalanobis_sq,511.0,0.0361635220125786,2019.0,,,,,,,,,
anoshift_yearly,annual_fpr,adaptive_transfer,2003-2005,,z_mahalanobis_sq,p_z_mahalanobis_sq,538.0,0.0367534456355283,2020.0,,,,,,,,,
anoshift_yearly,annual_fpr,adaptive_transfer,2003-2005,,z_mahalanobis_sq,p_z_mahalanobis_sq,578.0,0.0307017543859649,2021.0,,,,,,,,,
anoshift_yearly,annual_fpr,adaptive_transfer,2003-2005,,z_mahalanobis_sq,p_z_mahalanobis_sq,628.0,0.0335664335664335,2022.0,,,,,,,,,
anoshift_yearly,annual_fpr,adaptive_transfer,2003-2005,,z_mahalanobis_sq,p_z_mahalanobis_sq,598.0,0.0430416068866571,2023.0,,,,,,,,,
anoshift_yearly,annual_fpr,adaptive_transfer,2003-2005,,z_mahalanobis_sq,p_z_mahalanobis_sq,615.0,0.0238095238095238,2024.0,,,,,,,,,
anoshift_yearly,annual_fpr,adaptive_transfer,2003-2005,,z_mahalanobis_sq,p_z_mahalanobis_sq,642.0,0.0286085825747724,2025.0,,,,,,,,,
anoshift_correlated_gaussian,power,adaptive_transfer,2003-2005,near,z_plus,p_z_plus,,0.0413186813186813,,0.01,0.05,composite,2298.0,0.4436311514572383,0.0,,,
anoshift_correlated_gaussian,power,adaptive_transfer,2003-2005,near,z_plus_renorm,p_z_plus_renorm,,0.0537538871612616,,0.01,0.05,composite,2274.0,0.4505437196994573,0.0,,,
anoshift_correlated_gaussian,power,adaptive_transfer,2003-2005,near,breadth,p_breadth,,0.0114285714285714,,0.01,0.05,composite,2298.0,0.4843764930721452,0.0434782608695652,,,
anoshift_correlated_gaussian,power,adaptive_transfer,2003-2005,near,z_mahalanobis_sq,p_z_mahalanobis_sq,,0.04,,0.01,0.05,composite,2298.0,0.4708456760630674,0.0,,,
anoshift_correlated_gaussian,power,adaptive_transfer,2003-2005,near,t_iut,p_t_iut,,0.0404395604395604,,0.01,0.05,composite,2298.0,0.4443191591017678,0.1304347826086956,,,
anoshift_correlated_gaussian,power,adaptive_transfer,2003-2005,near,z_plus_softmax,p_z_plus_softmax,,0.0439804531319413,,0.01,0.05,composite,2274.0,0.4435709732872346,0.0,,,
anoshift_correlated_gaussian,power,adaptive_transfer,2003-2005,near,z_plus_orth,p_z_plus_orth,,0.0373167481119502,,0.01,0.05,composite,2274.0,0.4413690533675854,0.0,,,
anoshift_correlated_gaussian,power,adaptive_transfer,2003-2005,near,z_plus,p_z_plus,,0.0413186813186813,,0.01,0.1,composite,2298.0,0.4240611562350693,0.0,,,
anoshift_correlated_gaussian,power,adaptive_transfer,2003-2005,near,z_plus_renorm,p_z_plus_renorm,,0.0528653931585961,,0.01,0.1,composite,2274.0,0.4578448225909257,0.0869565217391304,,,
anoshift_correlated_gaussian,power,adaptive_transfer,2003-2005,near,breadth,p_breadth,,0.0118681318681318,,0.01,0.1,composite,2298.0,0.434495938843765,0.0,,,
anoshift_correlated_gaussian,power,adaptive_transfer,2003-2005,near,z_mahalanobis_sq,p_z_mahalanobis_sq,,0.04,,0.01,0.1,composite,2298.0,0.5020544672718585,0.0,,,
anoshift_correlated_gaussian,power,adaptive_transfer,2003-2005,near,t_iut,p_t_iut,,0.0413186813186813,,0.01,0.1,composite,2298.0,0.4186335403726708,0.0,,,
anoshift_correlated_gaussian,power,adaptive_transfer,2003-2005,near,z_plus_softmax,p_z_plus_softmax,,0.0430919591292758,,0.01,0.1,composite,2274.0,0.4563768759778263,0.1304347826086956,,,
anoshift_correlated_gaussian,power,adaptive_transfer,2003-2005,near,z_plus_orth,p_z_plus_orth,,0.0368725011106175,,0.01,0.1,composite,2274.0,0.4514708438761516,0.0869565217391304,,,
anoshift_correlated_gaussian,power,adaptive_transfer,2003-2005,near,z_plus,p_z_plus,,0.0408791208791208,,0.01,0.15,composite,2298.0,0.5750979455327281,0.0434782608695652,,,
anoshift_correlated_gaussian,power,adaptive_transfer,2003-2005,near,z_plus_renorm,p_z_plus_renorm,,0.0528653931585961,,0.01,0.15,composite,2274.0,0.5264133814922836,0.0869565217391304,,,
anoshift_correlated_gaussian,power,adaptive_transfer,2003-2005,near,breadth,p_breadth,,0.0118681318681318,,0.01,0.15,composite,2298.0,0.6126803631151457,0.0,,,
anoshift_correlated_gaussian,power,adaptive_transfer,2003-2005,near,z_mahalanobis_sq,p_z_mahalanobis_sq,,0.0395604395604395,,0.01,0.15,composite,2298.0,0.5051505016722408,0.0434782608695652,,,
anoshift_correlated_gaussian,power,adaptive_transfer,2003-2005,near,t_iut,p_t_iut,,0.0413186813186813,,0.01,0.15,composite,2298.0,0.565370281892021,0.0869565217391304,,,
anoshift_correlated_gaussian,power,adaptive_transfer,2003-2005,near,z_plus_softmax,p_z_plus_softmax,,0.0435362061306086,,0.01,0.15,composite,2274.0,0.5173739207695129,0.1304347826086956,,,
anoshift_correlated_gaussian,power,adaptive_transfer,2003-2005,near,z_plus_orth,p_z_plus_orth,,0.0364282541092847,,0.01,0.15,composite,2274.0,0.5233036524829545,0.1304347826086956,,,
anoshift_correlated_gaussian,power,adaptive_transfer,2003-2005,near,z_plus,p_z_plus,,0.0413186813186813,,0.01,0.2,composite,2298.0,0.4922503583373148,0.0,,,
anoshift_correlated_gaussian,power,adaptive_transfer,2003-2005,near,z_plus_renorm,p_z_plus_renorm,,0.0537538871612616,,0.01,0.2,composite,2274.0,0.4888841674231742,0.0,,,
anoshift_correlated_gaussian,power,adaptive_transfer,2003-2005,near,breadth,p_breadth,,0.0118681318681318,,0.01,0.2,composite,2298.0,0.4913903487816531,0.0,,,
anoshift_correlated_gaussian,power,adaptive_transfer,2003-2005,near,z_mahalanobis_sq,p_z_mahalanobis_sq,,0.04,,0.01,0.2,composite,2298.0,0.5048829431438128,0.0,,,
anoshift_correlated_gaussian,power,adaptive_transfer,2003-2005,near,t_iut,p_t_iut,,0.0413186813186813,,0.01,0.2,composite,2298.0,0.4139130434782608,0.0869565217391304,,,
anoshift_correlated_gaussian,power,adaptive_transfer,2003-2005,near,z_plus_softmax,p_z_plus_softmax,,0.0435362061306086,,0.01,0.2,composite,2274.0,0.4880729337685666,0.0,,,
anoshift_correlated_gaussian,power,adaptive_transfer,2003-2005,near,z_plus_orth,p_z_plus_orth,,0.0368725011106175,,0.01,0.2,composite,2274.0,0.489869236860912,0.0,,,
anoshift_correlated_gaussian,power,adaptive_transfer,2003-2005,near,z_plus,p_z_plus,,0.0413186813186813,,0.01,0.3,composite,2298.0,0.5230004777830866,0.0,,,
anoshift_correlated_gaussian,power,adaptive_transfer,2003-2005,near,z_plus_renorm,p_z_plus_renorm,,0.0537538871612616,,0.01,0.3,composite,2274.0,0.508392405307786,0.0434782608695652,,,
anoshift_correlated_gaussian,power,adaptive_transfer,2003-2005,near,breadth,p_breadth,,0.0118681318681318,,0.01,0.3,composite,2298.0,0.555078834209269,0.0,,,
anoshift_correlated_gaussian,power,adaptive_transfer,2003-2005,near,z_mahalanobis_sq,p_z_mahalanobis_sq,,0.0395604395604395,,0.01,0.3,composite,2298.0,0.5026660296225514,0.0869565217391304,,,
anoshift_correlated_gaussian,power,adaptive_transfer,2003-2005,near,t_iut,p_t_iut,,0.0413186813186813,,0.01,0.3,composite,2298.0,0.4958432871476349,0.0434782608695652,,,
anoshift_correlated_gaussian,power,adaptive_transfer,2003-2005,near,z_plus_softmax,p_z_plus_softmax,,0.0439804531319413,,0.01,0.3,composite,2274.0,0.4840553956695575,0.0,,,
anoshift_correlated_gaussian,power,adaptive_transfer,2003-2005,near,z_plus_orth,p_z_plus_orth,,0.0373167481119502,,0.01,0.3,composite,2274.0,0.4874741660711181,0.0,,,
anoshift_correlated_gaussian,power,adaptive_transfer,2003-2005,near,z_plus,p_z_plus,,0.0398534127347686,,0.05,0.05,composite,2298.0,0.5014638809775139,0.0608695652173913,,,
anoshift_correlated_gaussian,power,adaptive_transfer,2003-2005,near,z_plus_renorm,p_z_plus_renorm,,0.0513888888888888,,0.05,0.05,composite,2273.0,0.4953457882661423,0.0884955752212389,,,
anoshift_correlated_gaussian,power,adaptive_transfer,2003-2005,near,breadth,p_breadth,,0.0114521300961978,,0.05,0.05,composite,2298.0,0.4961381425640822,0.017391304347826,,,
anoshift_correlated_gaussian,power,adaptive_transfer,2003-2005,near,z_mahalanobis_sq,p_z_mahalanobis_sq,,0.0384791571232249,,0.05,0.05,composite,2298.0,0.4958194745961879,0.0608695652173913,,,
anoshift_correlated_gaussian,power,adaptive_transfer,2003-2005,near,t_iut,p_t_iut,,0.0398534127347686,,0.05,0.05,composite,2298.0,0.5434444023979765,0.0695652173913043,,,
anoshift_correlated_gaussian,power,adaptive_transfer,2003-2005,near,z_plus_softmax,p_z_plus_softmax,,0.0425925925925925,,0.05,0.05,composite,2273.0,0.4952146837102589,0.0973451327433628,,,
anoshift_correlated_gaussian,power,adaptive_transfer,2003-2005,near,z_plus_orth,p_z_plus_orth,,0.037037037037037,,0.05,0.05,composite,2273.0,0.4948172730252376,0.0884955752212389,,,
anoshift_correlated_gaussian,power,adaptive_transfer,2003-2005,near,z_plus,p_z_plus,,0.0412276683463124,,0.05,0.1,composite,2298.0,0.5068533529845246,0.0347826086956521,,,
anoshift_correlated_gaussian,power,adaptive_transfer,2003-2005,near,z_plus_renorm,p_z_plus_renorm,,0.0532654006484483,,0.05,0.1,composite,2273.0,0.5245443390783582,0.0526315789473684,,,
anoshift_correlated_gaussian,power,adaptive_transfer,2003-2005,near,breadth,p_breadth,,0.0123683005038937,,0.05,0.1,composite,2298.0,0.4825808122049832,0.0260869565217391,,,
anoshift_correlated_gaussian,power,adaptive_transfer,2003-2005,near,z_mahalanobis_sq,p_z_mahalanobis_sq,,0.0389372423270728,,0.05,0.1,composite,2298.0,0.5167519767372384,0.0521739130434782,,,
anoshift_correlated_gaussian,power,adaptive_transfer,2003-2005,near,t_iut,p_t_iut,,0.0393953275309207,,0.05,0.1,composite,2298.0,0.4981377840626182,0.0608695652173913,,,
anoshift_correlated_gaussian,power,adaptive_transfer,2003-2005,near,z_plus_softmax,p_z_plus_softmax,,0.0435386753126447,,0.05,0.1,composite,2273.0,0.5174260338200759,0.0526315789473684,,,
anoshift_correlated_gaussian,power,adaptive_transfer,2003-2005,near,z_plus_orth,p_z_plus_orth,,0.0370541917554423,,0.05,0.1,composite,2273.0,0.5177591965091051,0.0614035087719298,,,
anoshift_correlated_gaussian,power,adaptive_transfer,2003-2005,near,z_plus,p_z_plus,,0.0407695831424645,,0.05,0.15,composite,2298.0,0.4880758429763588,0.0347826086956521,,,
anoshift_correlated_gaussian,power,adaptive_transfer,2003-2005,near,z_plus_renorm,p_z_plus_renorm,,0.0541917554423344,,0.05,0.15,composite,2272.0,0.4845737333327867,0.0265486725663716,,,
anoshift_correlated_gaussian,power,adaptive_transfer,2003-2005,near,breadth,p_breadth,,0.0109940448923499,,0.05,0.15,composite,2298.0,0.5012069549283993,0.0260869565217391,,,
anoshift_correlated_gaussian,power,adaptive_transfer,2003-2005,near,z_mahalanobis_sq,p_z_mahalanobis_sq,,0.0398534127347686,,0.05,0.15,composite,2298.0,0.4879563424883985,0.0260869565217391,,,
anoshift_correlated_gaussian,power,adaptive_transfer,2003-2005,near,t_iut,p_t_iut,,0.0412276683463124,,0.05,0.15,composite,2298.0,0.4698321018144157,0.0434782608695652,,,
anoshift_correlated_gaussian,power,adaptive_transfer,2003-2005,near,z_plus_softmax,p_z_plus_softmax,,0.0444650301065308,,0.05,0.15,composite,2272.0,0.4781138432656875,0.0353982300884955,,,
anoshift_correlated_gaussian,power,adaptive_transfer,2003-2005,near,z_plus_orth,p_z_plus_orth,,0.0375173691523853,,0.05,0.15,composite,2272.0,0.4764127935335516,0.0353982300884955,,,
anoshift_correlated_gaussian,power,adaptive_transfer,2003-2005,near,z_plus,p_z_plus,,0.0407695831424645,,0.05,0.2,composite,2298.0,0.5083789758808182,0.0521739130434782,,,
anoshift_correlated_gaussian,power,adaptive_transfer,2003-2005,near,z_plus_renorm,p_z_plus_renorm,,0.0523390458545623,,0.05,0.2,composite,2274.0,0.5023541494653321,0.0956521739130434,,,
anoshift_correlated_gaussian,power,adaptive_transfer,2003-2005,near,breadth,p_breadth,,0.0119102153000458,,0.05,0.2,composite,2298.0,0.4919655838594674,0.0,,,
anoshift_correlated_gaussian,power,adaptive_transfer,2003-2005,near,z_mahalanobis_sq,p_z_mahalanobis_sq,,0.0398534127347686,,0.05,0.2,composite,2298.0,0.514469517417196,0.0434782608695652,,,
anoshift_correlated_gaussian,power,adaptive_transfer,2003-2005,near,t_iut,p_t_iut,,0.0398534127347686,,0.05,0.2,composite,2298.0,0.5001254755123583,0.0695652173913043,,,
anoshift_correlated_gaussian,power,adaptive_transfer,2003-2005,near,z_plus_softmax,p_z_plus_softmax,,0.0444650301065308,,0.05,0.2,composite,2274.0,0.4999899309261534,0.0695652173913043,,,
anoshift_correlated_gaussian,power,adaptive_transfer,2003-2005,near,z_plus_orth,p_z_plus_orth,,0.0379805465493283,,0.05,0.2,composite,2274.0,0.4992931510159695,0.0695652173913043,,,
anoshift_correlated_gaussian,power,adaptive_transfer,2003-2005,near,z_plus,p_z_plus,,0.0393953275309207,,0.05,0.3,composite,2298.0,0.50367464000478,0.0608695652173913,,,
anoshift_correlated_gaussian,power,adaptive_transfer,2003-2005,near,z_plus_renorm,p_z_plus_renorm,,0.0527533549282739,,0.05,0.3,composite,2275.0,0.5145928217118456,0.0614035087719298,,,
anoshift_correlated_gaussian,power,adaptive_transfer,2003-2005,near,breadth,p_breadth,,0.0109940448923499,,0.05,0.3,composite,2298.0,0.4962596347268417,0.0521739130434782,,,
anoshift_correlated_gaussian,power,adaptive_transfer,2003-2005,near,z_mahalanobis_sq,p_z_mahalanobis_sq,,0.037562986715529,,0.05,0.3,composite,2298.0,0.5489254914457568,0.0782608695652174,,,
anoshift_correlated_gaussian,power,adaptive_transfer,2003-2005,near,t_iut,p_t_iut,,0.0403114979386165,,0.05,0.3,composite,2298.0,0.4709115895556574,0.0521739130434782,,,
anoshift_correlated_gaussian,power,adaptive_transfer,2003-2005,near,z_plus_softmax,p_z_plus_softmax,,0.0434983803794539,,0.05,0.3,composite,2275.0,0.512275018875277,0.0526315789473684,,,
anoshift_correlated_gaussian,power,adaptive_transfer,2003-2005,near,z_plus_orth,p_z_plus_orth,,0.0374826469227209,,0.05,0.3,composite,2275.0,0.5129447867702575,0.0526315789473684,,,
anoshift_correlated_gaussian,power,adaptive_transfer,2003-2005,near,z_plus,p_z_plus,,0.0386847195357833,,0.1,0.05,composite,2298.0,0.5406200067277773,0.0565217391304347,,,
anoshift_correlated_gaussian,power,adaptive_transfer,2003-2005,near,z_plus_renorm,p_z_plus_renorm,,0.0537371763556424,,0.1,0.05,composite,2274.0,0.5340252954253458,0.052863436123348,,,
anoshift_correlated_gaussian,power,adaptive_transfer,2003-2005,near,breadth,p_breadth,,0.0120889748549323,,0.1,0.05,composite,2298.0,0.5227514506769826,0.008695652173913,,,
anoshift_correlated_gaussian,power,adaptive_transfer,2003-2005,near,z_mahalanobis_sq,p_z_mahalanobis_sq,,0.0377176015473887,,0.1,0.05,composite,2298.0,0.5164304936506602,0.0565217391304347,,,
anoshift_correlated_gaussian,power,adaptive_transfer,2003-2005,near,t_iut,p_t_iut,,0.0425531914893617,,0.1,0.05,composite,2298.0,0.5029791438903373,0.0347826086956521,,,
anoshift_correlated_gaussian,power,adaptive_transfer,2003-2005,near,z_plus_softmax,p_z_plus_softmax,,0.0405471421592574,,0.1,0.05,composite,2274.0,0.5395130727464066,0.0837004405286343,,,
anoshift_correlated_gaussian,power,adaptive_transfer,2003-2005,near,z_plus_orth,p_z_plus_orth,,0.0351734245236932,,0.1,0.05,composite,2274.0,0.5398487955942832,0.079295154185022,,,
anoshift_correlated_gaussian,power,adaptive_transfer,2003-2005,near,z_plus,p_z_plus,,0.0435203094777562,,0.1,0.1,composite,2298.0,0.4730510470103439,0.0217391304347826,,,
anoshift_correlated_gaussian,power,adaptive_transfer,2003-2005,near,z_plus_renorm,p_z_plus_renorm,,0.0555555555555555,,0.1,0.1,composite,2278.0,0.4715796373923994,0.0265486725663716,,,
anoshift_correlated_gaussian,power,adaptive_transfer,2003-2005,near,breadth,p_breadth,,0.0120889748549323,,0.1,0.1,composite,2298.0,0.4894594651417038,0.008695652173913,,,
anoshift_correlated_gaussian,power,adaptive_transfer,2003-2005,near,z_mahalanobis_sq,p_z_mahalanobis_sq,,0.0411025145067698,,0.1,0.1,composite,2298.0,0.5152510301909007,0.0304347826086956,,,
anoshift_correlated_gaussian,power,adaptive_transfer,2003-2005,near,t_iut,p_t_iut,,0.0415860735009671,,0.1,0.1,composite,2298.0,0.4686611723151964,0.0304347826086956,,,
anoshift_correlated_gaussian,power,adaptive_transfer,2003-2005,near,z_plus_softmax,p_z_plus_softmax,,0.0443469785575048,,0.1,0.1,composite,2278.0,0.4722675050458003,0.0530973451327433,,,
anoshift_correlated_gaussian,power,adaptive_transfer,2003-2005,near,z_plus_orth,p_z_plus_orth,,0.0380116959064327,,0.1,0.1,composite,2278.0,0.4738804360951543,0.0619469026548672,,,
anoshift_correlated_gaussian,power,adaptive_transfer,2003-2005,near,z_plus,p_z_plus,,0.0415860735009671,,0.1,0.15,composite,2298.0,0.5111775712723909,0.0347826086956521,,,
anoshift_correlated_gaussian,power,adaptive_transfer,2003-2005,near,z_plus_renorm,p_z_plus_renorm,,0.0503175378602833,,0.1,0.15,composite,2272.0,0.5334158388970309,0.0622222222222222,,,
anoshift_correlated_gaussian,power,adaptive_transfer,2003-2005,near,breadth,p_breadth,,0.0120889748549323,,0.1,0.15,composite,2298.0,0.4768785215709359,0.0130434782608695,,,
anoshift_correlated_gaussian,power,adaptive_transfer,2003-2005,near,z_mahalanobis_sq,p_z_mahalanobis_sq,,0.0406189555125725,,0.1,0.15,composite,2298.0,0.5104764107308049,0.0434782608695652,,,
anoshift_correlated_gaussian,power,adaptive_transfer,2003-2005,near,t_iut,p_t_iut,,0.0425531914893617,,0.1,0.15,composite,2298.0,0.4851610461693718,0.0304347826086956,,,
anoshift_correlated_gaussian,power,adaptive_transfer,2003-2005,near,z_plus_softmax,p_z_plus_softmax,,0.0410356619443087,,0.1,0.15,composite,2272.0,0.5254649079954405,0.0444444444444444,,,
anoshift_correlated_gaussian,power,adaptive_transfer,2003-2005,near,z_plus_orth,p_z_plus_orth,,0.0351734245236932,,0.1,0.15,composite,2272.0,0.5264332627693644,0.0488888888888888,,,
anoshift_correlated_gaussian,power,adaptive_transfer,2003-2005,near,z_plus,p_z_plus,,0.0415860735009671,,0.1,0.2,composite,2298.0,0.5351295097132285,0.0304347826086956,,,
anoshift_correlated_gaussian,power,adaptive_transfer,2003-2005,near,z_plus_renorm,p_z_plus_renorm,,0.0531966813079551,,0.1,0.2,composite,2275.0,0.5442952962161556,0.0486725663716814,,,
anoshift_correlated_gaussian,power,adaptive_transfer,2003-2005,near,breadth,p_breadth,,0.0101547388781431,,0.1,0.2,composite,2298.0,0.5091255991926668,0.0347826086956521,,,
anoshift_correlated_gaussian,power,adaptive_transfer,2003-2005,near,z_mahalanobis_sq,p_z_mahalanobis_sq,,0.0391682785299806,,0.1,0.2,composite,2298.0,0.5409217054915483,0.0478260869565217,,,
anoshift_correlated_gaussian,power,adaptive_transfer,2003-2005,near,t_iut,p_t_iut,,0.0406189555125725,,0.1,0.2,composite,2298.0,0.4931271549911699,0.0608695652173913,,,
anoshift_correlated_gaussian,power,adaptive_transfer,2003-2005,near,z_plus_softmax,p_z_plus_softmax,,0.0424597364568082,,0.1,0.2,composite,2275.0,0.540982650721051,0.0619469026548672,,,
anoshift_correlated_gaussian,power,adaptive_transfer,2003-2005,near,z_plus_orth,p_z_plus_orth,,0.0351390922401171,,0.1,0.2,composite,2275.0,0.5408077326733955,0.0663716814159292,,,
anoshift_correlated_gaussian,power,adaptive_transfer,2003-2005,near,z_plus,p_z_plus,,0.0396518375241779,,0.1,0.3,composite,2298.0,0.5428054831385081,0.0652173913043478,,,
anoshift_correlated_gaussian,power,adaptive_transfer,2003-2005,near,z_plus_renorm,p_z_plus_renorm,,0.0537371763556424,,0.1,0.3,composite,2275.0,0.5257672760308196,0.0701754385964912,,,
anoshift_correlated_gaussian,power,adaptive_transfer,2003-2005,near,breadth,p_breadth,,0.011605415860735,,0.1,0.3,composite,2298.0,0.5512330754352031,0.0217391304347826,,,
anoshift_correlated_gaussian,power,adaptive_transfer,2003-2005,near,z_mahalanobis_sq,p_z_mahalanobis_sq,,0.038201160541586,,0.1,0.3,composite,2298.0,0.5336914473130938,0.0652173913043478,,,
anoshift_correlated_gaussian,power,adaptive_transfer,2003-2005,near,t_iut,p_t_iut,,0.0396518375241779,,0.1,0.3,composite,2298.0,0.4974034984442015,0.0739130434782608,,,
anoshift_correlated_gaussian,power,adaptive_transfer,2003-2005,near,z_plus_softmax,p_z_plus_softmax,,0.0449438202247191,,0.1,0.3,composite,2275.0,0.5165775332322011,0.0701754385964912,,,
anoshift_correlated_gaussian,power,adaptive_transfer,2003-2005,near,z_plus_orth,p_z_plus_orth,,0.0376160234489496,,0.1,0.3,composite,2275.0,0.5141585032439427,0.0701754385964912,,,
anoshift_threshold_clustering_m1_v2,power,adaptive_transfer,2003-2005,near,z_plus,p_z_plus,,0.0500920651670632,,0.01,0.05,composite,92869.0,,,,,
anoshift_threshold_clustering_m1_v2,power,adaptive_transfer,2003-2005,near,z_plus_renorm,p_z_plus_renorm,,0.0758298163567925,,0.01,0.05,composite,87670.0,,,,,
anoshift_threshold_clustering_m1_v2,power,adaptive_transfer,2003-2005,near,breadth,p_breadth,,0.0076126281333448,,0.01,0.05,composite,92872.0,,,,,
anoshift_threshold_clustering_m1_v2,power,adaptive_transfer,2003-2005,near,z_mahalanobis_sq,p_z_mahalanobis_sq,,0.0898100172711571,,0.01,0.05,composite,55005.0,,,,,
anoshift_threshold_clustering_m1_v2,power,adaptive_transfer,2003-2005,near,t_iut,p_t_iut,,0.072370758810798,,0.01,0.05,composite,92869.0,,,,,
anoshift_threshold_clustering_m1_v2,power,adaptive_transfer,2003-2005,near,z_plus_softmax,p_z_plus_softmax,,0.0693737880688947,,0.01,0.05,composite,87670.0,,,,,
anoshift_threshold_clustering_m1_v2,power,adaptive_transfer,2003-2005,near,z_plus_orth,p_z_plus_orth,,0.0642637162085091,,0.01,0.05,composite,87670.0,,,,,
anoshift_threshold_clustering_m1_v2,power,adaptive_transfer,2003-2005,near,z_plus,p_z_plus,,0.0500920651670632,,0.01,0.1,composite,92869.0,,,,,
anoshift_threshold_clustering_m1_v2,power,adaptive_transfer,2003-2005,near,z_plus_renorm,p_z_plus_renorm,,0.0758298163567925,,0.01,0.1,composite,87670.0,,,,,
anoshift_threshold_clustering_m1_v2,power,adaptive_transfer,2003-2005,near,breadth,p_breadth,,0.0076126281333448,,0.01,0.1,composite,92872.0,,,,,
anoshift_threshold_clustering_m1_v2,power,adaptive_transfer,2003-2005,near,z_mahalanobis_sq,p_z_mahalanobis_sq,,0.0898100172711571,,0.01,0.1,composite,55005.0,,,,,
anoshift_threshold_clustering_m1_v2,power,adaptive_transfer,2003-2005,near,t_iut,p_t_iut,,0.072370758810798,,0.01,0.1,composite,92869.0,,,,,
anoshift_threshold_clustering_m1_v2,power,adaptive_transfer,2003-2005,near,z_plus_softmax,p_z_plus_softmax,,0.0693737880688947,,0.01,0.1,composite,87670.0,,,,,
anoshift_threshold_clustering_m1_v2,power,adaptive_transfer,2003-2005,near,z_plus_orth,p_z_plus_orth,,0.0642637162085091,,0.01,0.1,composite,87670.0,,,,,
anoshift_threshold_clustering_m1_v2,power,adaptive_transfer,2003-2005,near,z_plus,p_z_plus,,0.0500920651670632,,0.01,0.15,composite,92869.0,,,,,
anoshift_threshold_clustering_m1_v2,power,adaptive_transfer,2003-2005,near,z_plus_renorm,p_z_plus_renorm,,0.0758298163567925,,0.01,0.15,composite,87670.0,,,,,
anoshift_threshold_clustering_m1_v2,power,adaptive_transfer,2003-2005,near,breadth,p_breadth,,0.0076126281333448,,0.01,0.15,composite,92872.0,,,,,
anoshift_threshold_clustering_m1_v2,power,adaptive_transfer,2003-2005,near,z_mahalanobis_sq,p_z_mahalanobis_sq,,0.0898100172711571,,0.01,0.15,composite,55005.0,,,,,
anoshift_threshold_clustering_m1_v2,power,adaptive_transfer,2003-2005,near,t_iut,p_t_iut,,0.072370758810798,,0.01,0.15,composite,92869.0,,,,,
anoshift_threshold_clustering_m1_v2,power,adaptive_transfer,2003-2005,near,z_plus_softmax,p_z_plus_softmax,,0.0693737880688947,,0.01,0.15,composite,87670.0,,,,,
anoshift_threshold_clustering_m1_v2,power,adaptive_transfer,2003-2005,near,z_plus_orth,p_z_plus_orth,,0.0642637162085091,,0.01,0.15,composite,87670.0,,,,,
anoshift_threshold_clustering_m1_v2,power,adaptive_transfer,2003-2005,near,z_plus,p_z_plus,,0.0500920651670632,,0.01,0.2,composite,92869.0,,,,,
anoshift_threshold_clustering_m1_v2,power,adaptive_transfer,2003-2005,near,z_plus_renorm,p_z_plus_renorm,,0.0758298163567925,,0.01,0.2,composite,87670.0,,,,,
anoshift_threshold_clustering_m1_v2,power,adaptive_transfer,2003-2005,near,breadth,p_breadth,,0.0076126281333448,,0.01,0.2,composite,92872.0,,,,,
anoshift_threshold_clustering_m1_v2,power,adaptive_transfer,2003-2005,near,z_mahalanobis_sq,p_z_mahalanobis_sq,,0.0898100172711571,,0.01,0.2,composite,55005.0,,,,,
anoshift_threshold_clustering_m1_v2,power,adaptive_transfer,2003-2005,near,t_iut,p_t_iut,,0.072370758810798,,0.01,0.2,composite,92869.0,,,,,
anoshift_threshold_clustering_m1_v2,power,adaptive_transfer,2003-2005,near,z_plus_softmax,p_z_plus_softmax,,0.0693737880688947,,0.01,0.2,composite,87670.0,,,,,
anoshift_threshold_clustering_m1_v2,power,adaptive_transfer,2003-2005,near,z_plus_orth,p_z_plus_orth,,0.0642637162085091,,0.01,0.2,composite,87670.0,,,,,
anoshift_threshold_clustering_m1_v2,power,adaptive_transfer,2003-2005,near,z_plus,p_z_plus,,0.0500920651670632,,0.01,0.3,composite,92869.0,,,,,
anoshift_threshold_clustering_m1_v2,power,adaptive_transfer,2003-2005,near,z_plus_renorm,p_z_plus_renorm,,0.0758298163567925,,0.01,0.3,composite,87670.0,,,,,
anoshift_threshold_clustering_m1_v2,power,adaptive_transfer,2003-2005,near,breadth,p_breadth,,0.0076126281333448,,0.01,0.3,composite,92872.0,,,,,
anoshift_threshold_clustering_m1_v2,power,adaptive_transfer,2003-2005,near,z_mahalanobis_sq,p_z_mahalanobis_sq,,0.0898100172711571,,0.01,0.3,composite,55005.0,,,,,
anoshift_threshold_clustering_m1_v2,power,adaptive_transfer,2003-2005,near,t_iut,p_t_iut,,0.072370758810798,,0.01,0.3,composite,92869.0,,,,,
anoshift_threshold_clustering_m1_v2,power,adaptive_transfer,2003-2005,near,z_plus_softmax,p_z_plus_softmax,,0.0693737880688947,,0.01,0.3,composite,87670.0,,,,,
anoshift_threshold_clustering_m1_v2,power,adaptive_transfer,2003-2005,near,z_plus_orth,p_z_plus_orth,,0.0642637162085091,,0.01,0.3,composite,87670.0,,,,,
anoshift_threshold_clustering_m1_v2,power,adaptive_transfer,2003-2005,near,z_plus,p_z_plus,,0.0500920651670632,,0.05,0.05,composite,92869.0,,,,,
anoshift_threshold_clustering_m1_v2,power,adaptive_transfer,2003-2005,near,z_plus_renorm,p_z_plus_renorm,,0.0758298163567925,,0.05,0.05,composite,87670.0,,,,,
anoshift_threshold_clustering_m1_v2,power,adaptive_transfer,2003-2005,near,breadth,p_breadth,,0.0076126281333448,,0.05,0.05,composite,92872.0,,,,,
anoshift_threshold_clustering_m1_v2,power,adaptive_transfer,2003-2005,near,z_mahalanobis_sq,p_z_mahalanobis_sq,,0.0898100172711571,,0.05,0.05,composite,55005.0,,,,,
anoshift_threshold_clustering_m1_v2,power,adaptive_transfer,2003-2005,near,t_iut,p_t_iut,,0.072370758810798,,0.05,0.05,composite,92869.0,,,,,
anoshift_threshold_clustering_m1_v2,power,adaptive_transfer,2003-2005,near,z_plus_softmax,p_z_plus_softmax,,0.0693737880688947,,0.05,0.05,composite,87670.0,,,,,
anoshift_threshold_clustering_m1_v2,power,adaptive_transfer,2003-2005,near,z_plus_orth,p_z_plus_orth,,0.0642637162085091,,0.05,0.05,composite,87670.0,,,,,
anoshift_threshold_clustering_m1_v2,power,adaptive_transfer,2003-2005,near,z_plus,p_z_plus,,0.0500920651670632,,0.05,0.1,composite,92869.0,,,,,
anoshift_threshold_clustering_m1_v2,power,adaptive_transfer,2003-2005,near,z_plus_renorm,p_z_plus_renorm,,0.0758298163567925,,0.05,0.1,composite,87670.0,,,,,
anoshift_threshold_clustering_m1_v2,power,adaptive_transfer,2003-2005,near,breadth,p_breadth,,0.0076126281333448,,0.05,0.1,composite,92872.0,,,,,
anoshift_threshold_clustering_m1_v2,power,adaptive_transfer,2003-2005,near,z_mahalanobis_sq,p_z_mahalanobis_sq,,0.0898100172711571,,0.05,0.1,composite,55005.0,,,,,
anoshift_threshold_clustering_m1_v2,power,adaptive_transfer,2003-2005,near,t_iut,p_t_iut,,0.072370758810798,,0.05,0.1,composite,92869.0,,,,,
anoshift_threshold_clustering_m1_v2,power,adaptive_transfer,2003-2005,near,z_plus_softmax,p_z_plus_softmax,,0.0693737880688947,,0.05,0.1,composite,87670.0,,,,,
anoshift_threshold_clustering_m1_v2,power,adaptive_transfer,2003-2005,near,z_plus_orth,p_z_plus_orth,,0.0642637162085091,,0.05,0.1,composite,87670.0,,,,,
anoshift_threshold_clustering_m1_v2,power,adaptive_transfer,2003-2005,near,z_plus,p_z_plus,,0.0500920651670632,,0.05,0.15,composite,92869.0,,,,,
anoshift_threshold_clustering_m1_v2,power,adaptive_transfer,2003-2005,near,z_plus_renorm,p_z_plus_renorm,,0.0758298163567925,,0.05,0.15,composite,87670.0,,,,,
anoshift_threshold_clustering_m1_v2,power,adaptive_transfer,2003-2005,near,breadth,p_breadth,,0.0076126281333448,,0.05,0.15,composite,92872.0,,,,,
anoshift_threshold_clustering_m1_v2,power,adaptive_transfer,2003-2005,near,z_mahalanobis_sq,p_z_mahalanobis_sq,,0.0898100172711571,,0.05,0.15,composite,55005.0,,,,,
anoshift_threshold_clustering_m1_v2,power,adaptive_transfer,2003-2005,near,t_iut,p_t_iut,,0.072370758810798,,0.05,0.15,composite,92869.0,,,,,
anoshift_threshold_clustering_m1_v2,power,adaptive_transfer,2003-2005,near,z_plus_softmax,p_z_plus_softmax,,0.0693737880688947,,0.05,0.15,composite,87670.0,,,,,
anoshift_threshold_clustering_m1_v2,power,adaptive_transfer,2003-2005,near,z_plus_orth,p_z_plus_orth,,0.0642637162085091,,0.05,0.15,composite,87670.0,,,,,
anoshift_threshold_clustering_m1_v2,power,adaptive_transfer,2003-2005,near,z_plus,p_z_plus,,0.0500920651670632,,0.05,0.2,composite,92869.0,,,,,
anoshift_threshold_clustering_m1_v2,power,adaptive_transfer,2003-2005,near,z_plus_renorm,p_z_plus_renorm,,0.0758298163567925,,0.05,0.2,composite,87670.0,,,,,
anoshift_threshold_clustering_m1_v2,power,adaptive_transfer,2003-2005,near,breadth,p_breadth,,0.0076126281333448,,0.05,0.2,composite,92872.0,,,,,
anoshift_threshold_clustering_m1_v2,power,adaptive_transfer,2003-2005,near,z_mahalanobis_sq,p_z_mahalanobis_sq,,0.0898100172711571,,0.05,0.2,composite,55005.0,,,,,
anoshift_threshold_clustering_m1_v2,power,adaptive_transfer,2003-2005,near,t_iut,p_t_iut,,0.072370758810798,,0.05,0.2,composite,92869.0,,,,,
anoshift_threshold_clustering_m1_v2,power,adaptive_transfer,2003-2005,near,z_plus_softmax,p_z_plus_softmax,,0.0693737880688947,,0.05,0.2,composite,87670.0,,,,,
anoshift_threshold_clustering_m1_v2,power,adaptive_transfer,2003-2005,near,z_plus_orth,p_z_plus_orth,,0.0642637162085091,,0.05,0.2,composite,87670.0,,,,,
anoshift_threshold_clustering_m1_v2,power,adaptive_transfer,2003-2005,near,z_plus,p_z_plus,,0.0500920651670632,,0.05,0.3,composite,92869.0,,,,,
anoshift_threshold_clustering_m1_v2,power,adaptive_transfer,2003-2005,near,z_plus_renorm,p_z_plus_renorm,,0.0758298163567925,,0.05,0.3,composite,87670.0,,,,,
anoshift_threshold_clustering_m1_v2,power,adaptive_transfer,2003-2005,near,breadth,p_breadth,,0.0076126281333448,,0.05,0.3,composite,92872.0,,,,,
anoshift_threshold_clustering_m1_v2,power,adaptive_transfer,2003-2005,near,z_mahalanobis_sq,p_z_mahalanobis_sq,,0.0898100172711571,,0.05,0.3,composite,55005.0,,,,,
anoshift_threshold_clustering_m1_v2,power,adaptive_transfer,2003-2005,near,t_iut,p_t_iut,,0.072370758810798,,0.05,0.3,composite,92869.0,,,,,
anoshift_threshold_clustering_m1_v2,power,adaptive_transfer,2003-2005,near,z_plus_softmax,p_z_plus_softmax,,0.0693737880688947,,0.05,0.3,composite,87670.0,,,,,
anoshift_threshold_clustering_m1_v2,power,adaptive_transfer,2003-2005,near,z_plus_orth,p_z_plus_orth,,0.0642637162085091,,0.05,0.3,composite,87670.0,,,,,
anoshift_threshold_clustering_m1_v2,power,adaptive_transfer,2003-2005,near,z_plus,p_z_plus,,0.0500920651670632,,0.1,0.05,composite,92869.0,,,,,
anoshift_threshold_clustering_m1_v2,power,adaptive_transfer,2003-2005,near,z_plus_renorm,p_z_plus_renorm,,0.0758298163567925,,0.1,0.05,composite,87670.0,,,,,
anoshift_threshold_clustering_m1_v2,power,adaptive_transfer,2003-2005,near,breadth,p_breadth,,0.0076126281333448,,0.1,0.05,composite,92872.0,,,,,
anoshift_threshold_clustering_m1_v2,power,adaptive_transfer,2003-2005,near,z_mahalanobis_sq,p_z_mahalanobis_sq,,0.0898100172711571,,0.1,0.05,composite,55005.0,,,,,
anoshift_threshold_clustering_m1_v2,power,adaptive_transfer,2003-2005,near,t_iut,p_t_iut,,0.072370758810798,,0.1,0.05,composite,92869.0,,,,,
anoshift_threshold_clustering_m1_v2,power,adaptive_transfer,2003-2005,near,z_plus_softmax,p_z_plus_softmax,,0.0693737880688947,,0.1,0.05,composite,87670.0,,,,,
anoshift_threshold_clustering_m1_v2,power,adaptive_transfer,2003-2005,near,z_plus_orth,p_z_plus_orth,,0.0642637162085091,,0.1,0.05,composite,87670.0,,,,,
anoshift_threshold_clustering_m1_v2,power,adaptive_transfer,2003-2005,near,z_plus,p_z_plus,,0.0500920651670632,,0.1,0.1,composite,92869.0,,,,,
anoshift_threshold_clustering_m1_v2,power,adaptive_transfer,2003-2005,near,z_plus_renorm,p_z_plus_renorm,,0.0758298163567925,,0.1,0.1,composite,87670.0,,,,,
anoshift_threshold_clustering_m1_v2,power,adaptive_transfer,2003-2005,near,breadth,p_breadth,,0.0076126281333448,,0.1,0.1,composite,92872.0,,,,,
anoshift_threshold_clustering_m1_v2,power,adaptive_transfer,2003-2005,near,z_mahalanobis_sq,p_z_mahalanobis_sq,,0.0898100172711571,,0.1,0.1,composite,55005.0,,,,,
anoshift_threshold_clustering_m1_v2,power,adaptive_transfer,2003-2005,near,t_iut,p_t_iut,,0.072370758810798,,0.1,0.1,composite,92869.0,,,,,
anoshift_threshold_clustering_m1_v2,power,adaptive_transfer,2003-2005,near,z_plus_softmax,p_z_plus_softmax,,0.0693737880688947,,0.1,0.1,composite,87670.0,,,,,
anoshift_threshold_clustering_m1_v2,power,adaptive_transfer,2003-2005,near,z_plus_orth,p_z_plus_orth,,0.0642637162085091,,0.1,0.1,composite,87670.0,,,,,
anoshift_threshold_clustering_m1_v2,power,adaptive_transfer,2003-2005,near,z_plus,p_z_plus,,0.0500920651670632,,0.1,0.15,composite,92869.0,,,,,
anoshift_threshold_clustering_m1_v2,power,adaptive_transfer,2003-2005,near,z_plus_renorm,p_z_plus_renorm,,0.0758298163567925,,0.1,0.15,composite,87670.0,,,,,
anoshift_threshold_clustering_m1_v2,power,adaptive_transfer,2003-2005,near,breadth,p_breadth,,0.0076126281333448,,0.1,0.15,composite,92872.0,,,,,
anoshift_threshold_clustering_m1_v2,power,adaptive_transfer,2003-2005,near,z_mahalanobis_sq,p_z_mahalanobis_sq,,0.0898100172711571,,0.1,0.15,composite,55005.0,,,,,
anoshift_threshold_clustering_m1_v2,power,adaptive_transfer,2003-2005,near,t_iut,p_t_iut,,0.072370758810798,,0.1,0.15,composite,92869.0,,,,,
anoshift_threshold_clustering_m1_v2,power,adaptive_transfer,2003-2005,near,z_plus_softmax,p_z_plus_softmax,,0.0693737880688947,,0.1,0.15,composite,87670.0,,,,,
anoshift_threshold_clustering_m1_v2,power,adaptive_transfer,2003-2005,near,z_plus_orth,p_z_plus_orth,,0.0642637162085091,,0.1,0.15,composite,87670.0,,,,,
anoshift_threshold_clustering_m1_v2,power,adaptive_transfer,2003-2005,near,z_plus,p_z_plus,,0.0500920651670632,,0.1,0.2,composite,92869.0,,,,,
anoshift_threshold_clustering_m1_v2,power,adaptive_transfer,2003-2005,near,z_plus_renorm,p_z_plus_renorm,,0.0758298163567925,,0.1,0.2,composite,87670.0,,,,,
anoshift_threshold_clustering_m1_v2,power,adaptive_transfer,2003-2005,near,breadth,p_breadth,,0.0076126281333448,,0.1,0.2,composite,92872.0,,,,,
anoshift_threshold_clustering_m1_v2,power,adaptive_transfer,2003-2005,near,z_mahalanobis_sq,p_z_mahalanobis_sq,,0.0898100172711571,,0.1,0.2,composite,55005.0,,,,,
anoshift_threshold_clustering_m1_v2,power,adaptive_transfer,2003-2005,near,t_iut,p_t_iut,,0.072370758810798,,0.1,0.2,composite,92869.0,,,,,
anoshift_threshold_clustering_m1_v2,power,adaptive_transfer,2003-2005,near,z_plus_softmax,p_z_plus_softmax,,0.0693737880688947,,0.1,0.2,composite,87670.0,,,,,
anoshift_threshold_clustering_m1_v2,power,adaptive_transfer,2003-2005,near,z_plus_orth,p_z_plus_orth,,0.0642637162085091,,0.1,0.2,composite,87670.0,,,,,
anoshift_threshold_clustering_m1_v2,power,adaptive_transfer,2003-2005,near,z_plus,p_z_plus,,0.0500920651670632,,0.1,0.3,composite,92869.0,,,,,
anoshift_threshold_clustering_m1_v2,power,adaptive_transfer,2003-2005,near,z_plus_renorm,p_z_plus_renorm,,0.0758298163567925,,0.1,0.3,composite,87670.0,,,,,
anoshift_threshold_clustering_m1_v2,power,adaptive_transfer,2003-2005,near,breadth,p_breadth,,0.0076126281333448,,0.1,0.3,composite,92872.0,,,,,
anoshift_threshold_clustering_m1_v2,power,adaptive_transfer,2003-2005,near,z_mahalanobis_sq,p_z_mahalanobis_sq,,0.0898100172711571,,0.1,0.3,composite,55005.0,,,,,
anoshift_threshold_clustering_m1_v2,power,adaptive_transfer,2003-2005,near,t_iut,p_t_iut,,0.072370758810798,,0.1,0.3,composite,92869.0,,,,,
anoshift_threshold_clustering_m1_v2,power,adaptive_transfer,2003-2005,near,z_plus_softmax,p_z_plus_softmax,,0.0693737880688947,,0.1,0.3,composite,87670.0,,,,,
anoshift_threshold_clustering_m1_v2,power,adaptive_transfer,2003-2005,near,z_plus_orth,p_z_plus_orth,,0.0642637162085091,,0.1,0.3,composite,87670.0,,,,,
anoshift_correlated_gaussian,power,adaptive_transfer,2003-2005,far,z_plus,p_z_plus,,0.0420993544765646,,0.01,0.05,composite,3599.0,0.4209467677051174,0.0,,,
anoshift_correlated_gaussian,power,adaptive_transfer,2003-2005,far,z_plus_renorm,p_z_plus_renorm,,0.0425411230856494,,0.01,0.05,composite,3562.0,0.4280346001134429,0.0,,,
anoshift_correlated_gaussian,power,adaptive_transfer,2003-2005,far,breadth,p_breadth,,0.0098231827111984,,0.01,0.05,composite,3599.0,0.4314014407334643,0.0277777777777777,,,
anoshift_correlated_gaussian,power,adaptive_transfer,2003-2005,far,z_mahalanobis_sq,p_z_mahalanobis_sq,,0.0387314061184395,,0.01,0.05,composite,3599.0,0.4690257897527052,0.0277777777777777,,,
anoshift_correlated_gaussian,power,adaptive_transfer,2003-2005,far,t_iut,p_t_iut,,0.0395733932079708,,0.01,0.05,composite,3599.0,0.4850157482770449,0.0277777777777777,,,
anoshift_correlated_gaussian,power,adaptive_transfer,2003-2005,far,z_plus_softmax,p_z_plus_softmax,,0.0377197958026091,,0.01,0.05,composite,3562.0,0.4375354509359047,0.0555555555555555,,,
anoshift_correlated_gaussian,power,adaptive_transfer,2003-2005,far,z_plus_orth,p_z_plus_orth,,0.0343165059557572,,0.01,0.05,composite,3562.0,0.4375748408646877,0.0555555555555555,,,
anoshift_correlated_gaussian,power,adaptive_transfer,2003-2005,far,z_plus,p_z_plus,,0.0418186921133875,,0.01,0.1,composite,3599.0,0.5240667976424361,0.0277777777777777,,,
anoshift_correlated_gaussian,power,adaptive_transfer,2003-2005,far,z_plus_renorm,p_z_plus_renorm,,0.0422695035460992,,0.01,0.1,composite,3561.0,0.5421985815602837,0.0555555555555555,,,
anoshift_correlated_gaussian,power,adaptive_transfer,2003-2005,far,breadth,p_breadth,,0.0098231827111984,,0.01,0.1,composite,3599.0,0.5164109520691053,0.0,,,
anoshift_correlated_gaussian,power,adaptive_transfer,2003-2005,far,z_mahalanobis_sq,p_z_mahalanobis_sq,,0.0381700813920853,,0.01,0.1,composite,3599.0,0.4596158044095175,0.0555555555555555,,,
anoshift_correlated_gaussian,power,adaptive_transfer,2003-2005,far,t_iut,p_t_iut,,0.0392927308447937,,0.01,0.1,composite,3599.0,0.5495836841612873,0.0555555555555555,,,
anoshift_correlated_gaussian,power,adaptive_transfer,2003-2005,far,z_plus_softmax,p_z_plus_softmax,,0.0377304964539007,,0.01,0.1,composite,3561.0,0.5188179669030732,0.0277777777777777,,,
anoshift_correlated_gaussian,power,adaptive_transfer,2003-2005,far,z_plus_orth,p_z_plus_orth,,0.0343262411347517,,0.01,0.1,composite,3561.0,0.5204885736800631,0.0277777777777777,,,
anoshift_correlated_gaussian,power,adaptive_transfer,2003-2005,far,z_plus,p_z_plus,,0.0409767050238563,,0.01,0.15,composite,3599.0,0.4819050737518321,0.1111111111111111,,,
anoshift_correlated_gaussian,power,adaptive_transfer,2003-2005,far,z_plus_renorm,p_z_plus_renorm,,0.0419858156028368,,0.01,0.15,composite,3561.0,0.5106304176516943,0.0833333333333333,,,
anoshift_correlated_gaussian,power,adaptive_transfer,2003-2005,far,breadth,p_breadth,,0.0098231827111984,,0.01,0.15,composite,3599.0,0.4153062338229332,0.0,,,
anoshift_correlated_gaussian,power,adaptive_transfer,2003-2005,far,z_mahalanobis_sq,p_z_mahalanobis_sq,,0.0378894190289082,,0.01,0.15,composite,3599.0,0.4935213771166619,0.0833333333333333,,,
anoshift_correlated_gaussian,power,adaptive_transfer,2003-2005,far,t_iut,p_t_iut,,0.0395733932079708,,0.01,0.15,composite,3599.0,0.4458633486138398,0.0277777777777777,,,
anoshift_correlated_gaussian,power,adaptive_transfer,2003-2005,far,z_plus_softmax,p_z_plus_softmax,,0.0377304964539007,,0.01,0.15,composite,3561.0,0.4967454688731284,0.0277777777777777,,,
anoshift_correlated_gaussian,power,adaptive_transfer,2003-2005,far,z_plus_orth,p_z_plus_orth,,0.0343262411347517,,0.01,0.15,composite,3561.0,0.4972261623325453,0.0277777777777777,,,
anoshift_correlated_gaussian,power,adaptive_transfer,2003-2005,far,z_plus,p_z_plus,,0.0418186921133875,,0.01,0.2,composite,3599.0,0.4881381170673901,0.0277777777777777,,,
anoshift_correlated_gaussian,power,adaptive_transfer,2003-2005,far,z_plus_renorm,p_z_plus_renorm,,0.0419739081111741,,0.01,0.2,composite,3561.0,0.5207114496394134,0.0285714285714285,,,
anoshift_correlated_gaussian,power,adaptive_transfer,2003-2005,far,breadth,p_breadth,,0.0101038450743755,,0.01,0.2,composite,3599.0,0.4905081548008856,0.0,,,
anoshift_correlated_gaussian,power,adaptive_transfer,2003-2005,far,z_mahalanobis_sq,p_z_mahalanobis_sq,,0.0384507437552624,,0.01,0.2,composite,3599.0,0.5483674805875199,0.0555555555555555,,,
anoshift_correlated_gaussian,power,adaptive_transfer,2003-2005,far,t_iut,p_t_iut,,0.0392927308447937,,0.01,0.2,composite,3599.0,0.409954158480681,0.0555555555555555,,,
anoshift_correlated_gaussian,power,adaptive_transfer,2003-2005,far,z_plus_softmax,p_z_plus_softmax,,0.0374361883153715,,0.01,0.2,composite,3561.0,0.4974799448991167,0.0285714285714285,,,
anoshift_correlated_gaussian,power,adaptive_transfer,2003-2005,far,z_plus_orth,p_z_plus_orth,,0.0340328984685195,,0.01,0.2,composite,3561.0,0.496604813224212,0.0285714285714285,,,
anoshift_correlated_gaussian,power,adaptive_transfer,2003-2005,far,z_plus,p_z_plus,,0.0418186921133875,,0.01,0.3,composite,3599.0,0.5847054604421992,0.0277777777777777,,,
anoshift_correlated_gaussian,power,adaptive_transfer,2003-2005,far,z_plus_renorm,p_z_plus_renorm,,0.0416903006239364,,0.01,0.3,composite,3562.0,0.5785198840360497,0.0833333333333333,,,
anoshift_correlated_gaussian,power,adaptive_transfer,2003-2005,far,breadth,p_breadth,,0.0101038450743755,,0.01,0.3,composite,3599.0,0.5210029001777529,0.0277777777777777,,,
anoshift_correlated_gaussian,power,adaptive_transfer,2003-2005,far,z_mahalanobis_sq,p_z_mahalanobis_sq,,0.0384507437552624,,0.01,0.3,composite,3599.0,0.5511351233355163,0.0277777777777777,,,
anoshift_correlated_gaussian,power,adaptive_transfer,2003-2005,far,t_iut,p_t_iut,,0.0390120684816166,,0.01,0.3,composite,3599.0,0.5322293947048368,0.0555555555555555,,,
anoshift_correlated_gaussian,power,adaptive_transfer,2003-2005,far,z_plus_softmax,p_z_plus_softmax,,0.0371525808281338,,0.01,0.3,composite,3562.0,0.5658284489821642,0.1111111111111111,,,
anoshift_correlated_gaussian,power,adaptive_transfer,2003-2005,far,z_plus_orth,p_z_plus_orth,,0.0337492909812819,,0.01,0.3,composite,3562.0,0.5693577866011218,0.1111111111111111,,,
anoshift_correlated_gaussian,power,adaptive_transfer,2003-2005,far,z_plus,p_z_plus,,0.0421175782392512,,0.05,0.05,composite,3599.0,0.4947320529069577,0.0333333333333333,,,
anoshift_correlated_gaussian,power,adaptive_transfer,2003-2005,far,z_plus_renorm,p_z_plus_renorm,,0.0425909494232475,,0.05,0.05,composite,3561.0,0.5124552236353479,0.0277777777777777,,,
anoshift_correlated_gaussian,power,adaptive_transfer,2003-2005,far,breadth,p_breadth,,0.0099444281953787,,0.05,0.05,composite,3599.0,0.4679576549348412,0.0111111111111111,,,
anoshift_correlated_gaussian,power,adaptive_transfer,2003-2005,far,z_mahalanobis_sq,p_z_mahalanobis_sq,,0.039192746417081,,0.05,0.05,composite,3599.0,0.4723148418965909,0.0277777777777777,,,
anoshift_correlated_gaussian,power,adaptive_transfer,2003-2005,far,t_iut,p_t_iut,,0.040070195963732,,0.05,0.05,composite,3599.0,0.5277534041792598,0.0277777777777777,,,
anoshift_correlated_gaussian,power,adaptive_transfer,2003-2005,far,z_plus_softmax,p_z_plus_softmax,,0.038745933155871,,0.05,0.05,composite,3561.0,0.5010187649939203,0.0388888888888888,,,
anoshift_correlated_gaussian,power,adaptive_transfer,2003-2005,far,z_plus_orth,p_z_plus_orth,,0.0351966873706004,,0.05,0.05,composite,3561.0,0.5002941273127608,0.0388888888888888,,,
anoshift_correlated_gaussian,power,adaptive_transfer,2003-2005,far,z_plus,p_z_plus,,0.0421175782392512,,0.05,0.1,composite,3599.0,0.4803378180754606,0.0277777777777777,,,
anoshift_correlated_gaussian,power,adaptive_transfer,2003-2005,far,z_plus_renorm,p_z_plus_renorm,,0.041986989946777,,0.05,0.1,composite,3561.0,0.4688839039410087,0.0558659217877094,,,
anoshift_correlated_gaussian,power,adaptive_transfer,2003-2005,far,breadth,p_breadth,,0.0096519450131617,,0.05,0.1,composite,3599.0,0.5000658087159988,0.0111111111111111,,,
anoshift_correlated_gaussian,power,adaptive_transfer,2003-2005,far,z_mahalanobis_sq,p_z_mahalanobis_sq,,0.0389002632348639,,0.05,0.1,composite,3599.0,0.4648890188814144,0.0333333333333333,,,
anoshift_correlated_gaussian,power,adaptive_transfer,2003-2005,far,t_iut,p_t_iut,,0.0386077800526469,,0.05,0.1,composite,3599.0,0.5050030873224789,0.0444444444444444,,,
anoshift_correlated_gaussian,power,adaptive_transfer,2003-2005,far,z_plus_softmax,p_z_plus_softmax,,0.0384387936132466,,0.05,0.1,composite,3561.0,0.46362107641837,0.0391061452513966,,,
anoshift_correlated_gaussian,power,adaptive_transfer,2003-2005,far,z_plus_orth,p_z_plus_orth,,0.0345949142519219,,0.05,0.1,composite,3561.0,0.4624317368652313,0.0335195530726257,,,
anoshift_correlated_gaussian,power,adaptive_transfer,2003-2005,far,z_plus,p_z_plus,,0.0415326118748171,,0.05,0.15,composite,3599.0,0.4947531766923402,0.0444444444444444,,,
anoshift_correlated_gaussian,power,adaptive_transfer,2003-2005,far,z_plus_renorm,p_z_plus_renorm,,0.0437223042836041,,0.05,0.15,composite,3564.0,0.484401277406897,0.0223463687150838,,,
anoshift_correlated_gaussian,power,adaptive_transfer,2003-2005,far,breadth,p_breadth,,0.0105293945598128,,0.05,0.15,composite,3599.0,0.5111167982840987,0.0,,,
anoshift_correlated_gaussian,power,adaptive_transfer,2003-2005,far,z_mahalanobis_sq,p_z_mahalanobis_sq,,0.0380228136882129,,0.05,0.15,composite,3599.0,0.4890578791719476,0.0388888888888888,,,
anoshift_correlated_gaussian,power,adaptive_transfer,2003-2005,far,t_iut,p_t_iut,,0.039777712781515,,0.05,0.15,composite,3599.0,0.498383217964967,0.0222222222222222,,,
anoshift_correlated_gaussian,power,adaptive_transfer,2003-2005,far,z_plus_softmax,p_z_plus_softmax,,0.0375184638109305,,0.05,0.15,composite,3564.0,0.4850894927506333,0.0614525139664804,,,
anoshift_correlated_gaussian,power,adaptive_transfer,2003-2005,far,z_plus_orth,p_z_plus_orth,,0.0345642540620384,,0.05,0.15,composite,3564.0,0.4863768020266868,0.0614525139664804,,,
anoshift_correlated_gaussian,power,adaptive_transfer,2003-2005,far,z_plus,p_z_plus,,0.0412401286926001,,0.05,0.2,composite,3599.0,0.5088134932241396,0.0555555555555555,,,
anoshift_correlated_gaussian,power,adaptive_transfer,2003-2005,far,z_plus_renorm,p_z_plus_renorm,,0.0425657700266036,,0.05,0.2,composite,3561.0,0.5044023820357572,0.0449438202247191,,,
anoshift_correlated_gaussian,power,adaptive_transfer,2003-2005,far,breadth,p_breadth,,0.0099444281953787,,0.05,0.2,composite,3599.0,0.4984465893211141,0.0166666666666666,,,
anoshift_correlated_gaussian,power,adaptive_transfer,2003-2005,far,z_mahalanobis_sq,p_z_mahalanobis_sq,,0.039192746417081,,0.05,0.2,composite,3599.0,0.5140408176529849,0.0444444444444444,,,
anoshift_correlated_gaussian,power,adaptive_transfer,2003-2005,far,t_iut,p_t_iut,,0.0386077800526469,,0.05,0.2,composite,3599.0,0.5064882519255143,0.0388888888888888,,,
anoshift_correlated_gaussian,power,adaptive_transfer,2003-2005,far,z_plus_softmax,p_z_plus_softmax,,0.0375406443984629,,0.05,0.2,composite,3561.0,0.5088695294051221,0.095505617977528,,,
anoshift_correlated_gaussian,power,adaptive_transfer,2003-2005,far,z_plus_orth,p_z_plus_orth,,0.0339934968962459,,0.05,0.2,composite,3561.0,0.5089326340891502,0.0898876404494382,,,
anoshift_correlated_gaussian,power,adaptive_transfer,2003-2005,far,z_plus,p_z_plus,,0.0406551623281661,,0.05,0.3,composite,3599.0,0.5281409443956973,0.0666666666666666,,,
anoshift_correlated_gaussian,power,adaptive_transfer,2003-2005,far,z_plus_renorm,p_z_plus_renorm,,0.0425531914893617,,0.05,0.3,composite,3561.0,0.5215320351003726,0.0564971751412429,,,
anoshift_correlated_gaussian,power,adaptive_transfer,2003-2005,far,breadth,p_breadth,,0.0099444281953787,,0.05,0.3,composite,3599.0,0.518036462903383,0.0166666666666666,,,
anoshift_correlated_gaussian,power,adaptive_transfer,2003-2005,far,z_mahalanobis_sq,p_z_mahalanobis_sq,,0.0389002632348639,,0.05,0.3,composite,3599.0,0.5595138279548926,0.05,,,
anoshift_correlated_gaussian,power,adaptive_transfer,2003-2005,far,t_iut,p_t_iut,,0.039777712781515,,0.05,0.3,composite,3599.0,0.4608722498456338,0.0222222222222222,,,
anoshift_correlated_gaussian,power,adaptive_transfer,2003-2005,far,z_plus_softmax,p_z_plus_softmax,,0.0366430260047281,,0.05,0.3,composite,3561.0,0.517623646004461,0.0903954802259887,,,
anoshift_correlated_gaussian,power,adaptive_transfer,2003-2005,far,z_plus_orth,p_z_plus_orth,,0.0336879432624113,,0.05,0.3,composite,3561.0,0.5163163975370971,0.0903954802259887,,,
anoshift_correlated_gaussian,power,adaptive_transfer,2003-2005,far,z_plus,p_z_plus,,0.0410620561901821,,0.1,0.05,composite,3599.0,0.5026139755068436,0.05,,,
anoshift_correlated_gaussian,power,adaptive_transfer,2003-2005,far,z_plus_renorm,p_z_plus_renorm,,0.0430577223088923,,0.1,0.05,composite,3562.0,0.4797371054506046,0.0336134453781512,,,
anoshift_correlated_gaussian,power,adaptive_transfer,2003-2005,far,breadth,p_breadth,,0.009262117937635,,0.1,0.05,composite,3599.0,0.5368134883880484,0.0194444444444444,,,
anoshift_correlated_gaussian,power,adaptive_transfer,2003-2005,far,z_mahalanobis_sq,p_z_mahalanobis_sq,,0.0355047854276011,,0.1,0.05,composite,3599.0,0.4984194367260128,0.0611111111111111,,,
anoshift_correlated_gaussian,power,adaptive_transfer,2003-2005,far,t_iut,p_t_iut,,0.0385921580734794,,0.1,0.05,composite,3599.0,0.4875064320263456,0.0444444444444444,,,
anoshift_correlated_gaussian,power,adaptive_transfer,2003-2005,far,z_plus_softmax,p_z_plus_softmax,,0.0361934477379095,,0.1,0.05,composite,3562.0,0.4919152060200055,0.0504201680672268,,,
anoshift_correlated_gaussian,power,adaptive_transfer,2003-2005,far,z_plus_orth,p_z_plus_orth,,0.0336973478939157,,0.1,0.05,composite,3562.0,0.4926056538059841,0.0588235294117647,,,
anoshift_correlated_gaussian,power,adaptive_transfer,2003-2005,far,z_plus,p_z_plus,,0.0422970052485335,,0.1,0.1,composite,3599.0,0.481640852800933,0.0361111111111111,,,
anoshift_correlated_gaussian,power,adaptive_transfer,2003-2005,far,z_plus_renorm,p_z_plus_renorm,,0.0417705735660847,,0.1,0.1,composite,3559.0,0.5100532145419925,0.037037037037037,,,
anoshift_correlated_gaussian,power,adaptive_transfer,2003-2005,far,breadth,p_breadth,,0.0104970669959864,,0.1,0.1,composite,3599.0,0.4636303214297966,0.0055555555555555,,,
anoshift_correlated_gaussian,power,adaptive_transfer,2003-2005,far,z_mahalanobis_sq,p_z_mahalanobis_sq,,0.0373572090151281,,0.1,0.1,composite,3599.0,0.5010222633871908,0.0444444444444444,,,
anoshift_correlated_gaussian,power,adaptive_transfer,2003-2005,far,t_iut,p_t_iut,,0.0398271071318308,,0.1,0.1,composite,3599.0,0.4730678192857878,0.0333333333333333,,,
anoshift_correlated_gaussian,power,adaptive_transfer,2003-2005,far,z_plus_softmax,p_z_plus_softmax,,0.0367830423940149,,0.1,0.1,composite,3559.0,0.5055203870665217,0.0427350427350427,,,
anoshift_correlated_gaussian,power,adaptive_transfer,2003-2005,far,z_plus_orth,p_z_plus_orth,,0.03428927680798,,0.1,0.1,composite,3559.0,0.5044600038365625,0.0427350427350427,,,
anoshift_correlated_gaussian,power,adaptive_transfer,2003-2005,far,z_plus,p_z_plus,,0.0429144797777091,,0.1,0.15,composite,3599.0,0.5121325168947892,0.025,,,
anoshift_correlated_gaussian,power,adaptive_transfer,2003-2005,far,z_plus_renorm,p_z_plus_renorm,,0.0427724008741804,,0.1,0.15,composite,3561.0,0.4997113390553898,0.0391061452513966,,,
anoshift_correlated_gaussian,power,adaptive_transfer,2003-2005,far,breadth,p_breadth,,0.0098795924668107,,0.1,0.15,composite,3599.0,0.5227166306473191,0.0111111111111111,,,
anoshift_correlated_gaussian,power,adaptive_transfer,2003-2005,far,z_mahalanobis_sq,p_z_mahalanobis_sq,,0.0389008953380673,,0.1,0.15,composite,3599.0,0.5050907344516483,0.0416666666666666,,,
anoshift_correlated_gaussian,power,adaptive_transfer,2003-2005,far,t_iut,p_t_iut,,0.0395183698672429,,0.1,0.15,composite,3599.0,0.4817347603855785,0.0416666666666666,,,
anoshift_correlated_gaussian,power,adaptive_transfer,2003-2005,far,z_plus_softmax,p_z_plus_softmax,,0.0384014985950671,,0.1,0.15,composite,3561.0,0.4985000095929619,0.0810055865921787,,,
anoshift_correlated_gaussian,power,adaptive_transfer,2003-2005,far,z_plus_orth,p_z_plus_orth,,0.0355916328442085,,0.1,0.15,composite,3561.0,0.4986657062076928,0.0810055865921787,,,
anoshift_correlated_gaussian,power,adaptive_transfer,2003-2005,far,z_plus,p_z_plus,,0.0429144797777091,,0.1,0.2,composite,3599.0,0.5207625810435319,0.0277777777777777,,,
anoshift_correlated_gaussian,power,adaptive_transfer,2003-2005,far,z_plus_renorm,p_z_plus_renorm,,0.0433697347893915,,0.1,0.2,composite,3559.0,0.5198427598120874,0.0282485875706214,,,
anoshift_correlated_gaussian,power,adaptive_transfer,2003-2005,far,breadth,p_breadth,,0.0098795924668107,,0.1,0.2,composite,3599.0,0.5133477410723475,0.0138888888888888,,,
anoshift_correlated_gaussian,power,adaptive_transfer,2003-2005,far,z_mahalanobis_sq,p_z_mahalanobis_sq,,0.0395183698672429,,0.1,0.2,composite,3599.0,0.516038900895338,0.0388888888888888,,,
anoshift_correlated_gaussian,power,adaptive_transfer,2003-2005,far,t_iut,p_t_iut,,0.0407533189255943,,0.1,0.2,composite,3599.0,0.4582141264450619,0.0444444444444444,,,
anoshift_correlated_gaussian,power,adaptive_transfer,2003-2005,far,z_plus_softmax,p_z_plus_softmax,,0.0374414976599064,,0.1,0.2,composite,3559.0,0.5188943828939598,0.059322033898305,,,
anoshift_correlated_gaussian,power,adaptive_transfer,2003-2005,far,z_plus_orth,p_z_plus_orth,,0.0333853354134165,,0.1,0.2,composite,3559.0,0.5178613924217985,0.0621468926553672,,,
anoshift_correlated_gaussian,power,adaptive_transfer,2003-2005,far,z_plus,p_z_plus,,0.0429144797777091,,0.1,0.3,composite,3599.0,0.495537888923193,0.0388888888888888,,,
anoshift_correlated_gaussian,power,adaptive_transfer,2003-2005,far,z_plus_renorm,p_z_plus_renorm,,0.0433697347893915,,0.1,0.3,composite,3562.0,0.5053902996455992,0.0252100840336134,,,
anoshift_correlated_gaussian,power,adaptive_transfer,2003-2005,far,breadth,p_breadth,,0.0095708552022229,,0.1,0.3,composite,3599.0,0.487950670645947,0.0138888888888888,,,
anoshift_correlated_gaussian,power,adaptive_transfer,2003-2005,far,z_mahalanobis_sq,p_z_mahalanobis_sq,,0.0404445816610064,,0.1,0.3,composite,3599.0,0.537344344962437,0.0305555555555555,,,
anoshift_correlated_gaussian,power,adaptive_transfer,2003-2005,far,t_iut,p_t_iut,,0.0389008953380673,,0.1,0.3,composite,3599.0,0.4392953929539295,0.0388888888888888,,,
anoshift_correlated_gaussian,power,adaptive_transfer,2003-2005,far,z_plus_softmax,p_z_plus_softmax,,0.0386895475819032,,0.1,0.3,composite,3562.0,0.5074135738538785,0.072829131652661,,,
anoshift_correlated_gaussian,power,adaptive_transfer,2003-2005,far,z_plus_orth,p_z_plus_orth,,0.0352574102964118,,0.1,0.3,composite,3562.0,0.5074380454209766,0.072829131652661,,,
anoshift_threshold_clustering_m1_v2,power,adaptive_transfer,2003-2005,far,z_plus,p_z_plus,,0.0500920651670632,,0.01,0.05,composite,92869.0,,,,,
anoshift_threshold_clustering_m1_v2,power,adaptive_transfer,2003-2005,far,z_plus_renorm,p_z_plus_renorm,,0.0758298163567925,,0.01,0.05,composite,87670.0,,,,,
anoshift_threshold_clustering_m1_v2,power,adaptive_transfer,2003-2005,far,breadth,p_breadth,,0.0076126281333448,,0.01,0.05,composite,92872.0,,,,,
anoshift_threshold_clustering_m1_v2,power,adaptive_transfer,2003-2005,far,z_mahalanobis_sq,p_z_mahalanobis_sq,,0.0898100172711571,,0.01,0.05,composite,55005.0,,,,,
anoshift_threshold_clustering_m1_v2,power,adaptive_transfer,2003-2005,far,t_iut,p_t_iut,,0.072370758810798,,0.01,0.05,composite,92869.0,,,,,
anoshift_threshold_clustering_m1_v2,power,adaptive_transfer,2003-2005,far,z_plus_softmax,p_z_plus_softmax,,0.0693737880688947,,0.01,0.05,composite,87670.0,,,,,
anoshift_threshold_clustering_m1_v2,power,adaptive_transfer,2003-2005,far,z_plus_orth,p_z_plus_orth,,0.0642637162085091,,0.01,0.05,composite,87670.0,,,,,
anoshift_threshold_clustering_m1_v2,power,adaptive_transfer,2003-2005,far,z_plus,p_z_plus,,0.0500920651670632,,0.01,0.1,composite,92869.0,,,,,
anoshift_threshold_clustering_m1_v2,power,adaptive_transfer,2003-2005,far,z_plus_renorm,p_z_plus_renorm,,0.0758298163567925,,0.01,0.1,composite,87670.0,,,,,
anoshift_threshold_clustering_m1_v2,power,adaptive_transfer,2003-2005,far,breadth,p_breadth,,0.0076126281333448,,0.01,0.1,composite,92872.0,,,,,
anoshift_threshold_clustering_m1_v2,power,adaptive_transfer,2003-2005,far,z_mahalanobis_sq,p_z_mahalanobis_sq,,0.0898100172711571,,0.01,0.1,composite,55005.0,,,,,
anoshift_threshold_clustering_m1_v2,power,adaptive_transfer,2003-2005,far,t_iut,p_t_iut,,0.072370758810798,,0.01,0.1,composite,92869.0,,,,,
anoshift_threshold_clustering_m1_v2,power,adaptive_transfer,2003-2005,far,z_plus_softmax,p_z_plus_softmax,,0.0693737880688947,,0.01,0.1,composite,87670.0,,,,,
anoshift_threshold_clustering_m1_v2,power,adaptive_transfer,2003-2005,far,z_plus_orth,p_z_plus_orth,,0.0642637162085091,,0.01,0.1,composite,87670.0,,,,,
anoshift_threshold_clustering_m1_v2,power,adaptive_transfer,2003-2005,far,z_plus,p_z_plus,,0.0500920651670632,,0.01,0.15,composite,92869.0,,,,,
anoshift_threshold_clustering_m1_v2,power,adaptive_transfer,2003-2005,far,z_plus_renorm,p_z_plus_renorm,,0.0758298163567925,,0.01,0.15,composite,87670.0,,,,,
anoshift_threshold_clustering_m1_v2,power,adaptive_transfer,2003-2005,far,breadth,p_breadth,,0.0076126281333448,,0.01,0.15,composite,92872.0,,,,,
anoshift_threshold_clustering_m1_v2,power,adaptive_transfer,2003-2005,far,z_mahalanobis_sq,p_z_mahalanobis_sq,,0.0898100172711571,,0.01,0.15,composite,55005.0,,,,,
anoshift_threshold_clustering_m1_v2,power,adaptive_transfer,2003-2005,far,t_iut,p_t_iut,,0.072370758810798,,0.01,0.15,composite,92869.0,,,,,
anoshift_threshold_clustering_m1_v2,power,adaptive_transfer,2003-2005,far,z_plus_softmax,p_z_plus_softmax,,0.0693737880688947,,0.01,0.15,composite,87670.0,,,,,
anoshift_threshold_clustering_m1_v2,power,adaptive_transfer,2003-2005,far,z_plus_orth,p_z_plus_orth,,0.0642637162085091,,0.01,0.15,composite,87670.0,,,,,
anoshift_threshold_clustering_m1_v2,power,adaptive_transfer,2003-2005,far,z_plus,p_z_plus,,0.0500920651670632,,0.01,0.2,composite,92869.0,,,,,
anoshift_threshold_clustering_m1_v2,power,adaptive_transfer,2003-2005,far,z_plus_renorm,p_z_plus_renorm,,0.0758298163567925,,0.01,0.2,composite,87670.0,,,,,
anoshift_threshold_clustering_m1_v2,power,adaptive_transfer,2003-2005,far,breadth,p_breadth,,0.0076126281333448,,0.01,0.2,composite,92872.0,,,,,
anoshift_threshold_clustering_m1_v2,power,adaptive_transfer,2003-2005,far,z_mahalanobis_sq,p_z_mahalanobis_sq,,0.0898100172711571,,0.01,0.2,composite,55005.0,,,,,
anoshift_threshold_clustering_m1_v2,power,adaptive_transfer,2003-2005,far,t_iut,p_t_iut,,0.072370758810798,,0.01,0.2,composite,92869.0,,,,,
anoshift_threshold_clustering_m1_v2,power,adaptive_transfer,2003-2005,far,z_plus_softmax,p_z_plus_softmax,,0.0693737880688947,,0.01,0.2,composite,87670.0,,,,,
anoshift_threshold_clustering_m1_v2,power,adaptive_transfer,2003-2005,far,z_plus_orth,p_z_plus_orth,,0.0642637162085091,,0.01,0.2,composite,87670.0,,,,,
anoshift_threshold_clustering_m1_v2,power,adaptive_transfer,2003-2005,far,z_plus,p_z_plus,,0.0500920651670632,,0.01,0.3,composite,92869.0,,,,,
anoshift_threshold_clustering_m1_v2,power,adaptive_transfer,2003-2005,far,z_plus_renorm,p_z_plus_renorm,,0.0758298163567925,,0.01,0.3,composite,87670.0,,,,,
anoshift_threshold_clustering_m1_v2,power,adaptive_transfer,2003-2005,far,breadth,p_breadth,,0.0076126281333448,,0.01,0.3,composite,92872.0,,,,,
anoshift_threshold_clustering_m1_v2,power,adaptive_transfer,2003-2005,far,z_mahalanobis_sq,p_z_mahalanobis_sq,,0.0898100172711571,,0.01,0.3,composite,55005.0,,,,,
anoshift_threshold_clustering_m1_v2,power,adaptive_transfer,2003-2005,far,t_iut,p_t_iut,,0.072370758810798,,0.01,0.3,composite,92869.0,,,,,
anoshift_threshold_clustering_m1_v2,power,adaptive_transfer,2003-2005,far,z_plus_softmax,p_z_plus_softmax,,0.0693737880688947,,0.01,0.3,composite,87670.0,,,,,
anoshift_threshold_clustering_m1_v2,power,adaptive_transfer,2003-2005,far,z_plus_orth,p_z_plus_orth,,0.0642637162085091,,0.01,0.3,composite,87670.0,,,,,
anoshift_threshold_clustering_m1_v2,power,adaptive_transfer,2003-2005,far,z_plus,p_z_plus,,0.0500920651670632,,0.05,0.05,composite,92869.0,,,,,
anoshift_threshold_clustering_m1_v2,power,adaptive_transfer,2003-2005,far,z_plus_renorm,p_z_plus_renorm,,0.0758298163567925,,0.05,0.05,composite,87670.0,,,,,
anoshift_threshold_clustering_m1_v2,power,adaptive_transfer,2003-2005,far,breadth,p_breadth,,0.0076126281333448,,0.05,0.05,composite,92872.0,,,,,
anoshift_threshold_clustering_m1_v2,power,adaptive_transfer,2003-2005,far,z_mahalanobis_sq,p_z_mahalanobis_sq,,0.0898100172711571,,0.05,0.05,composite,55005.0,,,,,
anoshift_threshold_clustering_m1_v2,power,adaptive_transfer,2003-2005,far,t_iut,p_t_iut,,0.072370758810798,,0.05,0.05,composite,92869.0,,,,,
anoshift_threshold_clustering_m1_v2,power,adaptive_transfer,2003-2005,far,z_plus_softmax,p_z_plus_softmax,,0.0693737880688947,,0.05,0.05,composite,87670.0,,,,,
anoshift_threshold_clustering_m1_v2,power,adaptive_transfer,2003-2005,far,z_plus_orth,p_z_plus_orth,,0.0642637162085091,,0.05,0.05,composite,87670.0,,,,,
anoshift_threshold_clustering_m1_v2,power,adaptive_transfer,2003-2005,far,z_plus,p_z_plus,,0.0500920651670632,,0.05,0.1,composite,92869.0,,,,,
anoshift_threshold_clustering_m1_v2,power,adaptive_transfer,2003-2005,far,z_plus_renorm,p_z_plus_renorm,,0.0758298163567925,,0.05,0.1,composite,87670.0,,,,,
anoshift_threshold_clustering_m1_v2,power,adaptive_transfer,2003-2005,far,breadth,p_breadth,,0.0076126281333448,,0.05,0.1,composite,92872.0,,,,,
anoshift_threshold_clustering_m1_v2,power,adaptive_transfer,2003-2005,far,z_mahalanobis_sq,p_z_mahalanobis_sq,,0.0898100172711571,,0.05,0.1,composite,55005.0,,,,,
anoshift_threshold_clustering_m1_v2,power,adaptive_transfer,2003-2005,far,t_iut,p_t_iut,,0.072370758810798,,0.05,0.1,composite,92869.0,,,,,
anoshift_threshold_clustering_m1_v2,power,adaptive_transfer,2003-2005,far,z_plus_softmax,p_z_plus_softmax,,0.0693737880688947,,0.05,0.1,composite,87670.0,,,,,
anoshift_threshold_clustering_m1_v2,power,adaptive_transfer,2003-2005,far,z_plus_orth,p_z_plus_orth,,0.0642637162085091,,0.05,0.1,composite,87670.0,,,,,
anoshift_threshold_clustering_m1_v2,power,adaptive_transfer,2003-2005,far,z_plus,p_z_plus,,0.0500920651670632,,0.05,0.15,composite,92869.0,,,,,
anoshift_threshold_clustering_m1_v2,power,adaptive_transfer,2003-2005,far,z_plus_renorm,p_z_plus_renorm,,0.0758298163567925,,0.05,0.15,composite,87670.0,,,,,
anoshift_threshold_clustering_m1_v2,power,adaptive_transfer,2003-2005,far,breadth,p_breadth,,0.0076126281333448,,0.05,0.15,composite,92872.0,,,,,
anoshift_threshold_clustering_m1_v2,power,adaptive_transfer,2003-2005,far,z_mahalanobis_sq,p_z_mahalanobis_sq,,0.0898100172711571,,0.05,0.15,composite,55005.0,,,,,
anoshift_threshold_clustering_m1_v2,power,adaptive_transfer,2003-2005,far,t_iut,p_t_iut,,0.072370758810798,,0.05,0.15,composite,92869.0,,,,,
anoshift_threshold_clustering_m1_v2,power,adaptive_transfer,2003-2005,far,z_plus_softmax,p_z_plus_softmax,,0.0693737880688947,,0.05,0.15,composite,87670.0,,,,,
anoshift_threshold_clustering_m1_v2,power,adaptive_transfer,2003-2005,far,z_plus_orth,p_z_plus_orth,,0.0642637162085091,,0.05,0.15,composite,87670.0,,,,,
anoshift_threshold_clustering_m1_v2,power,adaptive_transfer,2003-2005,far,z_plus,p_z_plus,,0.0500920651670632,,0.05,0.2,composite,92869.0,,,,,
anoshift_threshold_clustering_m1_v2,power,adaptive_transfer,2003-2005,far,z_plus_renorm,p_z_plus_renorm,,0.0758298163567925,,0.05,0.2,composite,87670.0,,,,,
anoshift_threshold_clustering_m1_v2,power,adaptive_transfer,2003-2005,far,breadth,p_breadth,,0.0076126281333448,,0.05,0.2,composite,92872.0,,,,,
anoshift_threshold_clustering_m1_v2,power,adaptive_transfer,2003-2005,far,z_mahalanobis_sq,p_z_mahalanobis_sq,,0.0898100172711571,,0.05,0.2,composite,55005.0,,,,,
anoshift_threshold_clustering_m1_v2,power,adaptive_transfer,2003-2005,far,t_iut,p_t_iut,,0.072370758810798,,0.05,0.2,composite,92869.0,,,,,
anoshift_threshold_clustering_m1_v2,power,adaptive_transfer,2003-2005,far,z_plus_softmax,p_z_plus_softmax,,0.0693737880688947,,0.05,0.2,composite,87670.0,,,,,
anoshift_threshold_clustering_m1_v2,power,adaptive_transfer,2003-2005,far,z_plus_orth,p_z_plus_orth,,0.0642637162085091,,0.05,0.2,composite,87670.0,,,,,
anoshift_threshold_clustering_m1_v2,power,adaptive_transfer,2003-2005,far,z_plus,p_z_plus,,0.0500920651670632,,0.05,0.3,composite,92869.0,,,,,
anoshift_threshold_clustering_m1_v2,power,adaptive_transfer,2003-2005,far,z_plus_renorm,p_z_plus_renorm,,0.0758298163567925,,0.05,0.3,composite,87670.0,,,,,
anoshift_threshold_clustering_m1_v2,power,adaptive_transfer,2003-2005,far,breadth,p_breadth,,0.0076126281333448,,0.05,0.3,composite,92872.0,,,,,
anoshift_threshold_clustering_m1_v2,power,adaptive_transfer,2003-2005,far,z_mahalanobis_sq,p_z_mahalanobis_sq,,0.0898100172711571,,0.05,0.3,composite,55005.0,,,,,
anoshift_threshold_clustering_m1_v2,power,adaptive_transfer,2003-2005,far,t_iut,p_t_iut,,0.072370758810798,,0.05,0.3,composite,92869.0,,,,,
anoshift_threshold_clustering_m1_v2,power,adaptive_transfer,2003-2005,far,z_plus_softmax,p_z_plus_softmax,,0.0693737880688947,,0.05,0.3,composite,87670.0,,,,,
anoshift_threshold_clustering_m1_v2,power,adaptive_transfer,2003-2005,far,z_plus_orth,p_z_plus_orth,,0.0642637162085091,,0.05,0.3,composite,87670.0,,,,,
anoshift_threshold_clustering_m1_v2,power,adaptive_transfer,2003-2005,far,z_plus,p_z_plus,,0.0500920651670632,,0.1,0.05,composite,92869.0,,,,,
anoshift_threshold_clustering_m1_v2,power,adaptive_transfer,2003-2005,far,z_plus_renorm,p_z_plus_renorm,,0.0758298163567925,,0.1,0.05,composite,87670.0,,,,,
anoshift_threshold_clustering_m1_v2,power,adaptive_transfer,2003-2005,far,breadth,p_breadth,,0.0076126281333448,,0.1,0.05,composite,92872.0,,,,,
anoshift_threshold_clustering_m1_v2,power,adaptive_transfer,2003-2005,far,z_mahalanobis_sq,p_z_mahalanobis_sq,,0.0898100172711571,,0.1,0.05,composite,55005.0,,,,,
anoshift_threshold_clustering_m1_v2,power,adaptive_transfer,2003-2005,far,t_iut,p_t_iut,,0.072370758810798,,0.1,0.05,composite,92869.0,,,,,
anoshift_threshold_clustering_m1_v2,power,adaptive_transfer,2003-2005,far,z_plus_softmax,p_z_plus_softmax,,0.0693737880688947,,0.1,0.05,composite,87670.0,,,,,
anoshift_threshold_clustering_m1_v2,power,adaptive_transfer,2003-2005,far,z_plus_orth,p_z_plus_orth,,0.0642637162085091,,0.1,0.05,composite,87670.0,,,,,
anoshift_threshold_clustering_m1_v2,power,adaptive_transfer,2003-2005,far,z_plus,p_z_plus,,0.0500920651670632,,0.1,0.1,composite,92869.0,,,,,
anoshift_threshold_clustering_m1_v2,power,adaptive_transfer,2003-2005,far,z_plus_renorm,p_z_plus_renorm,,0.0758298163567925,,0.1,0.1,composite,87670.0,,,,,
anoshift_threshold_clustering_m1_v2,power,adaptive_transfer,2003-2005,far,breadth,p_breadth,,0.0076126281333448,,0.1,0.1,composite,92872.0,,,,,
anoshift_threshold_clustering_m1_v2,power,adaptive_transfer,2003-2005,far,z_mahalanobis_sq,p_z_mahalanobis_sq,,0.0898100172711571,,0.1,0.1,composite,55005.0,,,,,
anoshift_threshold_clustering_m1_v2,power,adaptive_transfer,2003-2005,far,t_iut,p_t_iut,,0.072370758810798,,0.1,0.1,composite,92869.0,,,,,
anoshift_threshold_clustering_m1_v2,power,adaptive_transfer,2003-2005,far,z_plus_softmax,p_z_plus_softmax,,0.0693737880688947,,0.1,0.1,composite,87670.0,,,,,
anoshift_threshold_clustering_m1_v2,power,adaptive_transfer,2003-2005,far,z_plus_orth,p_z_plus_orth,,0.0642637162085091,,0.1,0.1,composite,87670.0,,,,,
anoshift_threshold_clustering_m1_v2,power,adaptive_transfer,2003-2005,far,z_plus,p_z_plus,,0.0500920651670632,,0.1,0.15,composite,92869.0,,,,,
anoshift_threshold_clustering_m1_v2,power,adaptive_transfer,2003-2005,far,z_plus_renorm,p_z_plus_renorm,,0.0758298163567925,,0.1,0.15,composite,87670.0,,,,,
anoshift_threshold_clustering_m1_v2,power,adaptive_transfer,2003-2005,far,breadth,p_breadth,,0.0076126281333448,,0.1,0.15,composite,92872.0,,,,,
anoshift_threshold_clustering_m1_v2,power,adaptive_transfer,2003-2005,far,z_mahalanobis_sq,p_z_mahalanobis_sq,,0.0898100172711571,,0.1,0.15,composite,55005.0,,,,,
anoshift_threshold_clustering_m1_v2,power,adaptive_transfer,2003-2005,far,t_iut,p_t_iut,,0.072370758810798,,0.1,0.15,composite,92869.0,,,,,
anoshift_threshold_clustering_m1_v2,power,adaptive_transfer,2003-2005,far,z_plus_softmax,p_z_plus_softmax,,0.0693737880688947,,0.1,0.15,composite,87670.0,,,,,
anoshift_threshold_clustering_m1_v2,power,adaptive_transfer,2003-2005,far,z_plus_orth,p_z_plus_orth,,0.0642637162085091,,0.1,0.15,composite,87670.0,,,,,
anoshift_threshold_clustering_m1_v2,power,adaptive_transfer,2003-2005,far,z_plus,p_z_plus,,0.0500920651670632,,0.1,0.2,composite,92869.0,,,,,
anoshift_threshold_clustering_m1_v2,power,adaptive_transfer,2003-2005,far,z_plus_renorm,p_z_plus_renorm,,0.0758298163567925,,0.1,0.2,composite,87670.0,,,,,
anoshift_threshold_clustering_m1_v2,power,adaptive_transfer,2003-2005,far,breadth,p_breadth,,0.0076126281333448,,0.1,0.2,composite,92872.0,,,,,
anoshift_threshold_clustering_m1_v2,power,adaptive_transfer,2003-2005,far,z_mahalanobis_sq,p_z_mahalanobis_sq,,0.0898100172711571,,0.1,0.2,composite,55005.0,,,,,
anoshift_threshold_clustering_m1_v2,power,adaptive_transfer,2003-2005,far,t_iut,p_t_iut,,0.072370758810798,,0.1,0.2,composite,92869.0,,,,,
anoshift_threshold_clustering_m1_v2,power,adaptive_transfer,2003-2005,far,z_plus_softmax,p_z_plus_softmax,,0.0693737880688947,,0.1,0.2,composite,87670.0,,,,,
anoshift_threshold_clustering_m1_v2,power,adaptive_transfer,2003-2005,far,z_plus_orth,p_z_plus_orth,,0.0642637162085091,,0.1,0.2,composite,87670.0,,,,,
anoshift_threshold_clustering_m1_v2,power,adaptive_transfer,2003-2005,far,z_plus,p_z_plus,,0.0500920651670632,,0.1,0.3,composite,92869.0,,,,,
anoshift_threshold_clustering_m1_v2,power,adaptive_transfer,2003-2005,far,z_plus_renorm,p_z_plus_renorm,,0.0758298163567925,,0.1,0.3,composite,87670.0,,,,,
anoshift_threshold_clustering_m1_v2,power,adaptive_transfer,2003-2005,far,breadth,p_breadth,,0.0076126281333448,,0.1,0.3,composite,92872.0,,,,,
anoshift_threshold_clustering_m1_v2,power,adaptive_transfer,2003-2005,far,z_mahalanobis_sq,p_z_mahalanobis_sq,,0.0898100172711571,,0.1,0.3,composite,55005.0,,,,,
anoshift_threshold_clustering_m1_v2,power,adaptive_transfer,2003-2005,far,t_iut,p_t_iut,,0.072370758810798,,0.1,0.3,composite,92869.0,,,,,
anoshift_threshold_clustering_m1_v2,power,adaptive_transfer,2003-2005,far,z_plus_softmax,p_z_plus_softmax,,0.0693737880688947,,0.1,0.3,composite,87670.0,,,,,
anoshift_threshold_clustering_m1_v2,power,adaptive_transfer,2003-2005,far,z_plus_orth,p_z_plus_orth,,0.0642637162085091,,0.1,0.3,composite,87670.0,,,,,
anoshift,calibration_diagnostic,adaptive_transfer,2005-2005,,,,,,,,,,,,,35.0,30.0,candidate_scored
anoshift,calibration_diagnostic,adaptive_transfer,2005-2005,,,,,,,,,,,,,35.0,30.0,selected
anoshift,fpr,adaptive_transfer,2005-2005,iid,z_plus,p_z_plus,4140.0,0.0555555555555555,,,,,,,,,,
anoshift,fpr,adaptive_transfer,2005-2005,iid,z_plus_renorm,p_z_plus_renorm,4081.0,0.0707729468599033,,,,,,,,,,
anoshift,fpr,adaptive_transfer,2005-2005,iid,breadth,p_breadth,4140.0,0.0089371980676328,,,,,,,,,,
anoshift,fpr,adaptive_transfer,2005-2005,iid,z_mahalanobis_sq,p_z_mahalanobis_sq,3049.0,0.0425120772946859,,,,,,,,,,
anoshift,fpr,adaptive_transfer,2005-2005,iid,t_iut,p_t_iut,4140.0,0.0483091787439613,,,,,,,,,,
anoshift,fpr,adaptive_transfer,2005-2005,iid,z_plus_softmax,p_z_plus_softmax,4081.0,0.0681159420289855,,,,,,,,,,
anoshift,fpr,adaptive_transfer,2005-2005,iid,z_plus_orth,p_z_plus_orth,4081.0,0.0606280193236715,,,,,,,,,,
anoshift,fpr,adaptive_transfer,2005-2005,near,z_plus,p_z_plus,2932.0,0.0453615279672578,,,,,,,,,,
anoshift,fpr,adaptive_transfer,2005-2005,near,z_plus_renorm,p_z_plus_renorm,2898.0,0.0688949522510232,,,,,,,,,,
anoshift,fpr,adaptive_transfer,2005-2005,near,breadth,p_breadth,2932.0,0.0092087312414733,,,,,,,,,,
anoshift,fpr,adaptive_transfer,2005-2005,near,z_mahalanobis_sq,p_z_mahalanobis_sq,2298.0,0.0310368349249658,,,,,,,,,,
anoshift,fpr,adaptive_transfer,2005-2005,near,t_iut,p_t_iut,2932.0,0.0487721691678035,,,,,,,,,,
anoshift,fpr,adaptive_transfer,2005-2005,near,z_plus_softmax,p_z_plus_softmax,2898.0,0.0487721691678035,,,,,,,,,,
anoshift,fpr,adaptive_transfer,2005-2005,near,z_plus_orth,p_z_plus_orth,2898.0,0.0433151432469304,,,,,,,,,,
anoshift,fpr,adaptive_transfer,2005-2005,far,z_plus,p_z_plus,4232.0,0.0434782608695652,,,,,,,,,,
anoshift,fpr,adaptive_transfer,2005-2005,far,z_plus_renorm,p_z_plus_renorm,4181.0,0.0498582230623818,,,,,,,,,,
anoshift,fpr,adaptive_transfer,2005-2005,far,breadth,p_breadth,4232.0,0.0085066162570888,,,,,,,,,,
anoshift,fpr,adaptive_transfer,2005-2005,far,z_mahalanobis_sq,p_z_mahalanobis_sq,3599.0,0.0326086956521739,,,,,,,,,,
anoshift,fpr,adaptive_transfer,2005-2005,far,t_iut,p_t_iut,4232.0,0.0425330812854442,,,,,,,,,,
anoshift,fpr,adaptive_transfer,2005-2005,far,z_plus_softmax,p_z_plus_softmax,4181.0,0.0441871455576559,,,,,,,,,,
anoshift,fpr,adaptive_transfer,2005-2005,far,z_plus_orth,p_z_plus_orth,4181.0,0.0401701323251417,,,,,,,,,,
anoshift_yearly,annual_fpr,adaptive_transfer,2005-2005,,z_mahalanobis_sq,p_z_mahalanobis_sq,0.0,,2003.0,,,,,,,,,
anoshift_yearly,annual_fpr,adaptive_transfer,2005-2005,,z_mahalanobis_sq,p_z_mahalanobis_sq,0.0,,2004.0,,,,,,,,,
anoshift_yearly,annual_fpr,adaptive_transfer,2005-2005,,z_mahalanobis_sq,p_z_mahalanobis_sq,35.0,0.0093632958801498,2005.0,,,,,,,,,
anoshift_yearly,annual_fpr,adaptive_transfer,2005-2005,,z_mahalanobis_sq,p_z_mahalanobis_sq,353.0,0.0709342560553633,2006.0,,,,,,,,,
anoshift_yearly,annual_fpr,adaptive_transfer,2005-2005,,z_mahalanobis_sq,p_z_mahalanobis_sq,447.0,0.0622895622895622,2007.0,,,,,,,,,
anoshift_yearly,annual_fpr,adaptive_transfer,2005-2005,,z_mahalanobis_sq,p_z_mahalanobis_sq,460.0,0.038269550748752,2008.0,,,,,,,,,
anoshift_yearly,annual_fpr,adaptive_transfer,2005-2005,,z_mahalanobis_sq,p_z_mahalanobis_sq,460.0,0.0411663807890223,2009.0,,,,,,,,,
anoshift_yearly,annual_fpr,adaptive_transfer,2005-2005,,z_mahalanobis_sq,p_z_mahalanobis_sq,438.0,0.0347682119205298,2010.0,,,,,,,,,
anoshift_yearly,annual_fpr,adaptive_transfer,2005-2005,,z_mahalanobis_sq,p_z_mahalanobis_sq,451.0,0.0319865319865319,2011.0,,,,,,,,,
anoshift_yearly,annual_fpr,adaptive_transfer,2005-2005,,z_mahalanobis_sq,p_z_mahalanobis_sq,440.0,0.0187713310580204,2012.0,,,,,,,,,
anoshift_yearly,annual_fpr,adaptive_transfer,2005-2005,,z_mahalanobis_sq,p_z_mahalanobis_sq,455.0,0.0296167247386759,2013.0,,,,,,,,,
anoshift_yearly,annual_fpr,adaptive_transfer,2005-2005,,z_mahalanobis_sq,p_z_mahalanobis_sq,449.0,0.0310880829015544,2014.0,,,,,,,,,
anoshift_yearly,annual_fpr,adaptive_transfer,2005-2005,,z_mahalanobis_sq,p_z_mahalanobis_sq,456.0,0.0218855218855218,2015.0,,,,,,,,,
anoshift_yearly,annual_fpr,adaptive_transfer,2005-2005,,z_mahalanobis_sq,p_z_mahalanobis_sq,468.0,0.0271646859083191,2016.0,,,,,,,,,
anoshift_yearly,annual_fpr,adaptive_transfer,2005-2005,,z_mahalanobis_sq,p_z_mahalanobis_sq,470.0,0.0453020134228187,2017.0,,,,,,,,,
anoshift_yearly,annual_fpr,adaptive_transfer,2005-2005,,z_mahalanobis_sq,p_z_mahalanobis_sq,487.0,0.0295566502463054,2018.0,,,,,,,,,
anoshift_yearly,annual_fpr,adaptive_transfer,2005-2005,,z_mahalanobis_sq,p_z_mahalanobis_sq,511.0,0.0361635220125786,2019.0,,,,,,,,,
anoshift_yearly,annual_fpr,adaptive_transfer,2005-2005,,z_mahalanobis_sq,p_z_mahalanobis_sq,538.0,0.0367534456355283,2020.0,,,,,,,,,
anoshift_yearly,annual_fpr,adaptive_transfer,2005-2005,,z_mahalanobis_sq,p_z_mahalanobis_sq,578.0,0.0307017543859649,2021.0,,,,,,,,,
anoshift_yearly,annual_fpr,adaptive_transfer,2005-2005,,z_mahalanobis_sq,p_z_mahalanobis_sq,628.0,0.0335664335664335,2022.0,,,,,,,,,
anoshift_yearly,annual_fpr,adaptive_transfer,2005-2005,,z_mahalanobis_sq,p_z_mahalanobis_sq,598.0,0.0430416068866571,2023.0,,,,,,,,,
anoshift_yearly,annual_fpr,adaptive_transfer,2005-2005,,z_mahalanobis_sq,p_z_mahalanobis_sq,615.0,0.0238095238095238,2024.0,,,,,,,,,
anoshift_yearly,annual_fpr,adaptive_transfer,2005-2005,,z_mahalanobis_sq,p_z_mahalanobis_sq,642.0,0.0286085825747724,2025.0,,,,,,,,,
anoshift_correlated_gaussian,power,adaptive_transfer,2005-2005,near,z_plus,p_z_plus,,0.0413186813186813,,0.01,0.05,composite,2298.0,0.4436311514572383,0.0,,,
anoshift_correlated_gaussian,power,adaptive_transfer,2005-2005,near,z_plus_renorm,p_z_plus_renorm,,0.0537538871612616,,0.01,0.05,composite,2274.0,0.4505437196994573,0.0,,,
anoshift_correlated_gaussian,power,adaptive_transfer,2005-2005,near,breadth,p_breadth,,0.0114285714285714,,0.01,0.05,composite,2298.0,0.4843764930721452,0.0434782608695652,,,
anoshift_correlated_gaussian,power,adaptive_transfer,2005-2005,near,z_mahalanobis_sq,p_z_mahalanobis_sq,,0.04,,0.01,0.05,composite,2298.0,0.4708456760630674,0.0,,,
anoshift_correlated_gaussian,power,adaptive_transfer,2005-2005,near,t_iut,p_t_iut,,0.0404395604395604,,0.01,0.05,composite,2298.0,0.4443191591017678,0.1304347826086956,,,
anoshift_correlated_gaussian,power,adaptive_transfer,2005-2005,near,z_plus_softmax,p_z_plus_softmax,,0.0439804531319413,,0.01,0.05,composite,2274.0,0.4435709732872346,0.0,,,
anoshift_correlated_gaussian,power,adaptive_transfer,2005-2005,near,z_plus_orth,p_z_plus_orth,,0.0373167481119502,,0.01,0.05,composite,2274.0,0.4413690533675854,0.0,,,
anoshift_correlated_gaussian,power,adaptive_transfer,2005-2005,near,z_plus,p_z_plus,,0.0413186813186813,,0.01,0.1,composite,2298.0,0.4240611562350693,0.0,,,
anoshift_correlated_gaussian,power,adaptive_transfer,2005-2005,near,z_plus_renorm,p_z_plus_renorm,,0.0528653931585961,,0.01,0.1,composite,2274.0,0.4578448225909257,0.0869565217391304,,,
anoshift_correlated_gaussian,power,adaptive_transfer,2005-2005,near,breadth,p_breadth,,0.0118681318681318,,0.01,0.1,composite,2298.0,0.434495938843765,0.0,,,
anoshift_correlated_gaussian,power,adaptive_transfer,2005-2005,near,z_mahalanobis_sq,p_z_mahalanobis_sq,,0.04,,0.01,0.1,composite,2298.0,0.5020544672718585,0.0,,,
anoshift_correlated_gaussian,power,adaptive_transfer,2005-2005,near,t_iut,p_t_iut,,0.0413186813186813,,0.01,0.1,composite,2298.0,0.4186335403726708,0.0,,,
anoshift_correlated_gaussian,power,adaptive_transfer,2005-2005,near,z_plus_softmax,p_z_plus_softmax,,0.0430919591292758,,0.01,0.1,composite,2274.0,0.4563768759778263,0.1304347826086956,,,
anoshift_correlated_gaussian,power,adaptive_transfer,2005-2005,near,z_plus_orth,p_z_plus_orth,,0.0368725011106175,,0.01,0.1,composite,2274.0,0.4514708438761516,0.0869565217391304,,,
anoshift_correlated_gaussian,power,adaptive_transfer,2005-2005,near,z_plus,p_z_plus,,0.0408791208791208,,0.01,0.15,composite,2298.0,0.5750979455327281,0.0434782608695652,,,
anoshift_correlated_gaussian,power,adaptive_transfer,2005-2005,near,z_plus_renorm,p_z_plus_renorm,,0.0528653931585961,,0.01,0.15,composite,2274.0,0.5264133814922836,0.0869565217391304,,,
anoshift_correlated_gaussian,power,adaptive_transfer,2005-2005,near,breadth,p_breadth,,0.0118681318681318,,0.01,0.15,composite,2298.0,0.6126803631151457,0.0,,,
anoshift_correlated_gaussian,power,adaptive_transfer,2005-2005,near,z_mahalanobis_sq,p_z_mahalanobis_sq,,0.0395604395604395,,0.01,0.15,composite,2298.0,0.5051505016722408,0.0434782608695652,,,
anoshift_correlated_gaussian,power,adaptive_transfer,2005-2005,near,t_iut,p_t_iut,,0.0413186813186813,,0.01,0.15,composite,2298.0,0.565370281892021,0.0869565217391304,,,
anoshift_correlated_gaussian,power,adaptive_transfer,2005-2005,near,z_plus_softmax,p_z_plus_softmax,,0.0435362061306086,,0.01,0.15,composite,2274.0,0.5173739207695129,0.1304347826086956,,,
anoshift_correlated_gaussian,power,adaptive_transfer,2005-2005,near,z_plus_orth,p_z_plus_orth,,0.0364282541092847,,0.01,0.15,composite,2274.0,0.5233036524829545,0.1304347826086956,,,
anoshift_correlated_gaussian,power,adaptive_transfer,2005-2005,near,z_plus,p_z_plus,,0.0413186813186813,,0.01,0.2,composite,2298.0,0.4922503583373148,0.0,,,
anoshift_correlated_gaussian,power,adaptive_transfer,2005-2005,near,z_plus_renorm,p_z_plus_renorm,,0.0537538871612616,,0.01,0.2,composite,2274.0,0.4888841674231742,0.0,,,
anoshift_correlated_gaussian,power,adaptive_transfer,2005-2005,near,breadth,p_breadth,,0.0118681318681318,,0.01,0.2,composite,2298.0,0.4913903487816531,0.0,,,
anoshift_correlated_gaussian,power,adaptive_transfer,2005-2005,near,z_mahalanobis_sq,p_z_mahalanobis_sq,,0.04,,0.01,0.2,composite,2298.0,0.5048829431438128,0.0,,,
anoshift_correlated_gaussian,power,adaptive_transfer,2005-2005,near,t_iut,p_t_iut,,0.0413186813186813,,0.01,0.2,composite,2298.0,0.4139130434782608,0.0869565217391304,,,
anoshift_correlated_gaussian,power,adaptive_transfer,2005-2005,near,z_plus_softmax,p_z_plus_softmax,,0.0435362061306086,,0.01,0.2,composite,2274.0,0.4880729337685666,0.0,,,
anoshift_correlated_gaussian,power,adaptive_transfer,2005-2005,near,z_plus_orth,p_z_plus_orth,,0.0368725011106175,,0.01,0.2,composite,2274.0,0.489869236860912,0.0,,,
anoshift_correlated_gaussian,power,adaptive_transfer,2005-2005,near,z_plus,p_z_plus,,0.0413186813186813,,0.01,0.3,composite,2298.0,0.5230004777830866,0.0,,,
anoshift_correlated_gaussian,power,adaptive_transfer,2005-2005,near,z_plus_renorm,p_z_plus_renorm,,0.0537538871612616,,0.01,0.3,composite,2274.0,0.508392405307786,0.0434782608695652,,,
anoshift_correlated_gaussian,power,adaptive_transfer,2005-2005,near,breadth,p_breadth,,0.0118681318681318,,0.01,0.3,composite,2298.0,0.555078834209269,0.0,,,
anoshift_correlated_gaussian,power,adaptive_transfer,2005-2005,near,z_mahalanobis_sq,p_z_mahalanobis_sq,,0.0395604395604395,,0.01,0.3,composite,2298.0,0.5026660296225514,0.0869565217391304,,,
anoshift_correlated_gaussian,power,adaptive_transfer,2005-2005,near,t_iut,p_t_iut,,0.0413186813186813,,0.01,0.3,composite,2298.0,0.4958432871476349,0.0434782608695652,,,
anoshift_correlated_gaussian,power,adaptive_transfer,2005-2005,near,z_plus_softmax,p_z_plus_softmax,,0.0439804531319413,,0.01,0.3,composite,2274.0,0.4840553956695575,0.0,,,
anoshift_correlated_gaussian,power,adaptive_transfer,2005-2005,near,z_plus_orth,p_z_plus_orth,,0.0373167481119502,,0.01,0.3,composite,2274.0,0.4874741660711181,0.0,,,
anoshift_correlated_gaussian,power,adaptive_transfer,2005-2005,near,z_plus,p_z_plus,,0.0398534127347686,,0.05,0.05,composite,2298.0,0.5014638809775139,0.0608695652173913,,,
anoshift_correlated_gaussian,power,adaptive_transfer,2005-2005,near,z_plus_renorm,p_z_plus_renorm,,0.0513888888888888,,0.05,0.05,composite,2273.0,0.4953457882661423,0.0884955752212389,,,
anoshift_correlated_gaussian,power,adaptive_transfer,2005-2005,near,breadth,p_breadth,,0.0114521300961978,,0.05,0.05,composite,2298.0,0.4961381425640822,0.017391304347826,,,
anoshift_correlated_gaussian,power,adaptive_transfer,2005-2005,near,z_mahalanobis_sq,p_z_mahalanobis_sq,,0.0384791571232249,,0.05,0.05,composite,2298.0,0.4958194745961879,0.0608695652173913,,,
anoshift_correlated_gaussian,power,adaptive_transfer,2005-2005,near,t_iut,p_t_iut,,0.0398534127347686,,0.05,0.05,composite,2298.0,0.5434444023979765,0.0695652173913043,,,
anoshift_correlated_gaussian,power,adaptive_transfer,2005-2005,near,z_plus_softmax,p_z_plus_softmax,,0.0425925925925925,,0.05,0.05,composite,2273.0,0.4952146837102589,0.0973451327433628,,,
anoshift_correlated_gaussian,power,adaptive_transfer,2005-2005,near,z_plus_orth,p_z_plus_orth,,0.037037037037037,,0.05,0.05,composite,2273.0,0.4948172730252376,0.0884955752212389,,,
anoshift_correlated_gaussian,power,adaptive_transfer,2005-2005,near,z_plus,p_z_plus,,0.0412276683463124,,0.05,0.1,composite,2298.0,0.5068533529845246,0.0347826086956521,,,
anoshift_correlated_gaussian,power,adaptive_transfer,2005-2005,near,z_plus_renorm,p_z_plus_renorm,,0.0532654006484483,,0.05,0.1,composite,2273.0,0.5245443390783582,0.0526315789473684,,,
anoshift_correlated_gaussian,power,adaptive_transfer,2005-2005,near,breadth,p_breadth,,0.0123683005038937,,0.05,0.1,composite,2298.0,0.4825808122049832,0.0260869565217391,,,
anoshift_correlated_gaussian,power,adaptive_transfer,2005-2005,near,z_mahalanobis_sq,p_z_mahalanobis_sq,,0.0389372423270728,,0.05,0.1,composite,2298.0,0.5167519767372384,0.0521739130434782,,,
anoshift_correlated_gaussian,power,adaptive_transfer,2005-2005,near,t_iut,p_t_iut,,0.0393953275309207,,0.05,0.1,composite,2298.0,0.4981377840626182,0.0608695652173913,,,
anoshift_correlated_gaussian,power,adaptive_transfer,2005-2005,near,z_plus_softmax,p_z_plus_softmax,,0.0435386753126447,,0.05,0.1,composite,2273.0,0.5174260338200759,0.0526315789473684,,,
anoshift_correlated_gaussian,power,adaptive_transfer,2005-2005,near,z_plus_orth,p_z_plus_orth,,0.0370541917554423,,0.05,0.1,composite,2273.0,0.5177591965091051,0.0614035087719298,,,
anoshift_correlated_gaussian,power,adaptive_transfer,2005-2005,near,z_plus,p_z_plus,,0.0407695831424645,,0.05,0.15,composite,2298.0,0.4880758429763588,0.0347826086956521,,,
anoshift_correlated_gaussian,power,adaptive_transfer,2005-2005,near,z_plus_renorm,p_z_plus_renorm,,0.0541917554423344,,0.05,0.15,composite,2272.0,0.4845737333327867,0.0265486725663716,,,
anoshift_correlated_gaussian,power,adaptive_transfer,2005-2005,near,breadth,p_breadth,,0.0109940448923499,,0.05,0.15,composite,2298.0,0.5012069549283993,0.0260869565217391,,,
anoshift_correlated_gaussian,power,adaptive_transfer,2005-2005,near,z_mahalanobis_sq,p_z_mahalanobis_sq,,0.0398534127347686,,0.05,0.15,composite,2298.0,0.4879563424883985,0.0260869565217391,,,
anoshift_correlated_gaussian,power,adaptive_transfer,2005-2005,near,t_iut,p_t_iut,,0.0412276683463124,,0.05,0.15,composite,2298.0,0.4698321018144157,0.0434782608695652,,,
anoshift_correlated_gaussian,power,adaptive_transfer,2005-2005,near,z_plus_softmax,p_z_plus_softmax,,0.0444650301065308,,0.05,0.15,composite,2272.0,0.4781138432656875,0.0353982300884955,,,
anoshift_correlated_gaussian,power,adaptive_transfer,2005-2005,near,z_plus_orth,p_z_plus_orth,,0.0375173691523853,,0.05,0.15,composite,2272.0,0.4764127935335516,0.0353982300884955,,,
anoshift_correlated_gaussian,power,adaptive_transfer,2005-2005,near,z_plus,p_z_plus,,0.0407695831424645,,0.05,0.2,composite,2298.0,0.5083789758808182,0.0521739130434782,,,
anoshift_correlated_gaussian,power,adaptive_transfer,2005-2005,near,z_plus_renorm,p_z_plus_renorm,,0.0523390458545623,,0.05,0.2,composite,2274.0,0.5023541494653321,0.0956521739130434,,,
anoshift_correlated_gaussian,power,adaptive_transfer,2005-2005,near,breadth,p_breadth,,0.0119102153000458,,0.05,0.2,composite,2298.0,0.4919655838594674,0.0,,,
anoshift_correlated_gaussian,power,adaptive_transfer,2005-2005,near,z_mahalanobis_sq,p_z_mahalanobis_sq,,0.0398534127347686,,0.05,0.2,composite,2298.0,0.514469517417196,0.0434782608695652,,,
anoshift_correlated_gaussian,power,adaptive_transfer,2005-2005,near,t_iut,p_t_iut,,0.0398534127347686,,0.05,0.2,composite,2298.0,0.5001254755123583,0.0695652173913043,,,
anoshift_correlated_gaussian,power,adaptive_transfer,2005-2005,near,z_plus_softmax,p_z_plus_softmax,,0.0444650301065308,,0.05,0.2,composite,2274.0,0.4999899309261534,0.0695652173913043,,,
anoshift_correlated_gaussian,power,adaptive_transfer,2005-2005,near,z_plus_orth,p_z_plus_orth,,0.0379805465493283,,0.05,0.2,composite,2274.0,0.4992931510159695,0.0695652173913043,,,
anoshift_correlated_gaussian,power,adaptive_transfer,2005-2005,near,z_plus,p_z_plus,,0.0393953275309207,,0.05,0.3,composite,2298.0,0.50367464000478,0.0608695652173913,,,
anoshift_correlated_gaussian,power,adaptive_transfer,2005-2005,near,z_plus_renorm,p_z_plus_renorm,,0.0527533549282739,,0.05,0.3,composite,2275.0,0.5145928217118456,0.0614035087719298,,,
anoshift_correlated_gaussian,power,adaptive_transfer,2005-2005,near,breadth,p_breadth,,0.0109940448923499,,0.05,0.3,composite,2298.0,0.4962596347268417,0.0521739130434782,,,
anoshift_correlated_gaussian,power,adaptive_transfer,2005-2005,near,z_mahalanobis_sq,p_z_mahalanobis_sq,,0.037562986715529,,0.05,0.3,composite,2298.0,0.5489254914457568,0.0782608695652174,,,
anoshift_correlated_gaussian,power,adaptive_transfer,2005-2005,near,t_iut,p_t_iut,,0.0403114979386165,,0.05,0.3,composite,2298.0,0.4709115895556574,0.0521739130434782,,,
anoshift_correlated_gaussian,power,adaptive_transfer,2005-2005,near,z_plus_softmax,p_z_plus_softmax,,0.0434983803794539,,0.05,0.3,composite,2275.0,0.512275018875277,0.0526315789473684,,,
anoshift_correlated_gaussian,power,adaptive_transfer,2005-2005,near,z_plus_orth,p_z_plus_orth,,0.0374826469227209,,0.05,0.3,composite,2275.0,0.5129447867702575,0.0526315789473684,,,
anoshift_correlated_gaussian,power,adaptive_transfer,2005-2005,near,z_plus,p_z_plus,,0.0386847195357833,,0.1,0.05,composite,2298.0,0.5406200067277773,0.0565217391304347,,,
anoshift_correlated_gaussian,power,adaptive_transfer,2005-2005,near,z_plus_renorm,p_z_plus_renorm,,0.0537371763556424,,0.1,0.05,composite,2274.0,0.5340252954253458,0.052863436123348,,,
anoshift_correlated_gaussian,power,adaptive_transfer,2005-2005,near,breadth,p_breadth,,0.0120889748549323,,0.1,0.05,composite,2298.0,0.5227514506769826,0.008695652173913,,,
anoshift_correlated_gaussian,power,adaptive_transfer,2005-2005,near,z_mahalanobis_sq,p_z_mahalanobis_sq,,0.0377176015473887,,0.1,0.05,composite,2298.0,0.5164304936506602,0.0565217391304347,,,
anoshift_correlated_gaussian,power,adaptive_transfer,2005-2005,near,t_iut,p_t_iut,,0.0425531914893617,,0.1,0.05,composite,2298.0,0.5029791438903373,0.0347826086956521,,,
anoshift_correlated_gaussian,power,adaptive_transfer,2005-2005,near,z_plus_softmax,p_z_plus_softmax,,0.0405471421592574,,0.1,0.05,composite,2274.0,0.5395130727464066,0.0837004405286343,,,
anoshift_correlated_gaussian,power,adaptive_transfer,2005-2005,near,z_plus_orth,p_z_plus_orth,,0.0351734245236932,,0.1,0.05,composite,2274.0,0.5398487955942832,0.079295154185022,,,
anoshift_correlated_gaussian,power,adaptive_transfer,2005-2005,near,z_plus,p_z_plus,,0.0435203094777562,,0.1,0.1,composite,2298.0,0.4730510470103439,0.0217391304347826,,,
anoshift_correlated_gaussian,power,adaptive_transfer,2005-2005,near,z_plus_renorm,p_z_plus_renorm,,0.0555555555555555,,0.1,0.1,composite,2278.0,0.4715796373923994,0.0265486725663716,,,
anoshift_correlated_gaussian,power,adaptive_transfer,2005-2005,near,breadth,p_breadth,,0.0120889748549323,,0.1,0.1,composite,2298.0,0.4894594651417038,0.008695652173913,,,
anoshift_correlated_gaussian,power,adaptive_transfer,2005-2005,near,z_mahalanobis_sq,p_z_mahalanobis_sq,,0.0411025145067698,,0.1,0.1,composite,2298.0,0.5152510301909007,0.0304347826086956,,,
anoshift_correlated_gaussian,power,adaptive_transfer,2005-2005,near,t_iut,p_t_iut,,0.0415860735009671,,0.1,0.1,composite,2298.0,0.4686611723151964,0.0304347826086956,,,
anoshift_correlated_gaussian,power,adaptive_transfer,2005-2005,near,z_plus_softmax,p_z_plus_softmax,,0.0443469785575048,,0.1,0.1,composite,2278.0,0.4722675050458003,0.0530973451327433,,,
anoshift_correlated_gaussian,power,adaptive_transfer,2005-2005,near,z_plus_orth,p_z_plus_orth,,0.0380116959064327,,0.1,0.1,composite,2278.0,0.4738804360951543,0.0619469026548672,,,
anoshift_correlated_gaussian,power,adaptive_transfer,2005-2005,near,z_plus,p_z_plus,,0.0415860735009671,,0.1,0.15,composite,2298.0,0.5111775712723909,0.0347826086956521,,,
anoshift_correlated_gaussian,power,adaptive_transfer,2005-2005,near,z_plus_renorm,p_z_plus_renorm,,0.0503175378602833,,0.1,0.15,composite,2272.0,0.5334158388970309,0.0622222222222222,,,
anoshift_correlated_gaussian,power,adaptive_transfer,2005-2005,near,breadth,p_breadth,,0.0120889748549323,,0.1,0.15,composite,2298.0,0.4768785215709359,0.0130434782608695,,,
anoshift_correlated_gaussian,power,adaptive_transfer,2005-2005,near,z_mahalanobis_sq,p_z_mahalanobis_sq,,0.0406189555125725,,0.1,0.15,composite,2298.0,0.5104764107308049,0.0434782608695652,,,
anoshift_correlated_gaussian,power,adaptive_transfer,2005-2005,near,t_iut,p_t_iut,,0.0425531914893617,,0.1,0.15,composite,2298.0,0.4851610461693718,0.0304347826086956,,,
anoshift_correlated_gaussian,power,adaptive_transfer,2005-2005,near,z_plus_softmax,p_z_plus_softmax,,0.0410356619443087,,0.1,0.15,composite,2272.0,0.5254649079954405,0.0444444444444444,,,
anoshift_correlated_gaussian,power,adaptive_transfer,2005-2005,near,z_plus_orth,p_z_plus_orth,,0.0351734245236932,,0.1,0.15,composite,2272.0,0.5264332627693644,0.0488888888888888,,,
anoshift_correlated_gaussian,power,adaptive_transfer,2005-2005,near,z_plus,p_z_plus,,0.0415860735009671,,0.1,0.2,composite,2298.0,0.5351295097132285,0.0304347826086956,,,
anoshift_correlated_gaussian,power,adaptive_transfer,2005-2005,near,z_plus_renorm,p_z_plus_renorm,,0.0531966813079551,,0.1,0.2,composite,2275.0,0.5442952962161556,0.0486725663716814,,,
anoshift_correlated_gaussian,power,adaptive_transfer,2005-2005,near,breadth,p_breadth,,0.0101547388781431,,0.1,0.2,composite,2298.0,0.5091255991926668,0.0347826086956521,,,
anoshift_correlated_gaussian,power,adaptive_transfer,2005-2005,near,z_mahalanobis_sq,p_z_mahalanobis_sq,,0.0391682785299806,,0.1,0.2,composite,2298.0,0.5409217054915483,0.0478260869565217,,,
anoshift_correlated_gaussian,power,adaptive_transfer,2005-2005,near,t_iut,p_t_iut,,0.0406189555125725,,0.1,0.2,composite,2298.0,0.4931271549911699,0.0608695652173913,,,
anoshift_correlated_gaussian,power,adaptive_transfer,2005-2005,near,z_plus_softmax,p_z_plus_softmax,,0.0424597364568082,,0.1,0.2,composite,2275.0,0.540982650721051,0.0619469026548672,,,
anoshift_correlated_gaussian,power,adaptive_transfer,2005-2005,near,z_plus_orth,p_z_plus_orth,,0.0351390922401171,,0.1,0.2,composite,2275.0,0.5408077326733955,0.0663716814159292,,,
anoshift_correlated_gaussian,power,adaptive_transfer,2005-2005,near,z_plus,p_z_plus,,0.0396518375241779,,0.1,0.3,composite,2298.0,0.5428054831385081,0.0652173913043478,,,
anoshift_correlated_gaussian,power,adaptive_transfer,2005-2005,near,z_plus_renorm,p_z_plus_renorm,,0.0537371763556424,,0.1,0.3,composite,2275.0,0.5257672760308196,0.0701754385964912,,,
anoshift_correlated_gaussian,power,adaptive_transfer,2005-2005,near,breadth,p_breadth,,0.011605415860735,,0.1,0.3,composite,2298.0,0.5512330754352031,0.0217391304347826,,,
anoshift_correlated_gaussian,power,adaptive_transfer,2005-2005,near,z_mahalanobis_sq,p_z_mahalanobis_sq,,0.038201160541586,,0.1,0.3,composite,2298.0,0.5336914473130938,0.0652173913043478,,,
anoshift_correlated_gaussian,power,adaptive_transfer,2005-2005,near,t_iut,p_t_iut,,0.0396518375241779,,0.1,0.3,composite,2298.0,0.4974034984442015,0.0739130434782608,,,
anoshift_correlated_gaussian,power,adaptive_transfer,2005-2005,near,z_plus_softmax,p_z_plus_softmax,,0.0449438202247191,,0.1,0.3,composite,2275.0,0.5165775332322011,0.0701754385964912,,,
anoshift_correlated_gaussian,power,adaptive_transfer,2005-2005,near,z_plus_orth,p_z_plus_orth,,0.0376160234489496,,0.1,0.3,composite,2275.0,0.5141585032439427,0.0701754385964912,,,
anoshift_threshold_clustering_m1_v2,power,adaptive_transfer,2005-2005,near,z_plus,p_z_plus,,0.0500920651670632,,0.01,0.05,composite,92869.0,,,,,
anoshift_threshold_clustering_m1_v2,power,adaptive_transfer,2005-2005,near,z_plus_renorm,p_z_plus_renorm,,0.0758298163567925,,0.01,0.05,composite,87670.0,,,,,
anoshift_threshold_clustering_m1_v2,power,adaptive_transfer,2005-2005,near,breadth,p_breadth,,0.0076126281333448,,0.01,0.05,composite,92872.0,,,,,
anoshift_threshold_clustering_m1_v2,power,adaptive_transfer,2005-2005,near,z_mahalanobis_sq,p_z_mahalanobis_sq,,0.0898100172711571,,0.01,0.05,composite,55005.0,,,,,
anoshift_threshold_clustering_m1_v2,power,adaptive_transfer,2005-2005,near,t_iut,p_t_iut,,0.072370758810798,,0.01,0.05,composite,92869.0,,,,,
anoshift_threshold_clustering_m1_v2,power,adaptive_transfer,2005-2005,near,z_plus_softmax,p_z_plus_softmax,,0.0693737880688947,,0.01,0.05,composite,87670.0,,,,,
anoshift_threshold_clustering_m1_v2,power,adaptive_transfer,2005-2005,near,z_plus_orth,p_z_plus_orth,,0.0642637162085091,,0.01,0.05,composite,87670.0,,,,,
anoshift_threshold_clustering_m1_v2,power,adaptive_transfer,2005-2005,near,z_plus,p_z_plus,,0.0500920651670632,,0.01,0.1,composite,92869.0,,,,,
anoshift_threshold_clustering_m1_v2,power,adaptive_transfer,2005-2005,near,z_plus_renorm,p_z_plus_renorm,,0.0758298163567925,,0.01,0.1,composite,87670.0,,,,,
anoshift_threshold_clustering_m1_v2,power,adaptive_transfer,2005-2005,near,breadth,p_breadth,,0.0076126281333448,,0.01,0.1,composite,92872.0,,,,,
anoshift_threshold_clustering_m1_v2,power,adaptive_transfer,2005-2005,near,z_mahalanobis_sq,p_z_mahalanobis_sq,,0.0898100172711571,,0.01,0.1,composite,55005.0,,,,,
anoshift_threshold_clustering_m1_v2,power,adaptive_transfer,2005-2005,near,t_iut,p_t_iut,,0.072370758810798,,0.01,0.1,composite,92869.0,,,,,
anoshift_threshold_clustering_m1_v2,power,adaptive_transfer,2005-2005,near,z_plus_softmax,p_z_plus_softmax,,0.0693737880688947,,0.01,0.1,composite,87670.0,,,,,
anoshift_threshold_clustering_m1_v2,power,adaptive_transfer,2005-2005,near,z_plus_orth,p_z_plus_orth,,0.0642637162085091,,0.01,0.1,composite,87670.0,,,,,
anoshift_threshold_clustering_m1_v2,power,adaptive_transfer,2005-2005,near,z_plus,p_z_plus,,0.0500920651670632,,0.01,0.15,composite,92869.0,,,,,
anoshift_threshold_clustering_m1_v2,power,adaptive_transfer,2005-2005,near,z_plus_renorm,p_z_plus_renorm,,0.0758298163567925,,0.01,0.15,composite,87670.0,,,,,
anoshift_threshold_clustering_m1_v2,power,adaptive_transfer,2005-2005,near,breadth,p_breadth,,0.0076126281333448,,0.01,0.15,composite,92872.0,,,,,
anoshift_threshold_clustering_m1_v2,power,adaptive_transfer,2005-2005,near,z_mahalanobis_sq,p_z_mahalanobis_sq,,0.0898100172711571,,0.01,0.15,composite,55005.0,,,,,
anoshift_threshold_clustering_m1_v2,power,adaptive_transfer,2005-2005,near,t_iut,p_t_iut,,0.072370758810798,,0.01,0.15,composite,92869.0,,,,,
anoshift_threshold_clustering_m1_v2,power,adaptive_transfer,2005-2005,near,z_plus_softmax,p_z_plus_softmax,,0.0693737880688947,,0.01,0.15,composite,87670.0,,,,,
anoshift_threshold_clustering_m1_v2,power,adaptive_transfer,2005-2005,near,z_plus_orth,p_z_plus_orth,,0.0642637162085091,,0.01,0.15,composite,87670.0,,,,,
anoshift_threshold_clustering_m1_v2,power,adaptive_transfer,2005-2005,near,z_plus,p_z_plus,,0.0500920651670632,,0.01,0.2,composite,92869.0,,,,,
anoshift_threshold_clustering_m1_v2,power,adaptive_transfer,2005-2005,near,z_plus_renorm,p_z_plus_renorm,,0.0758298163567925,,0.01,0.2,composite,87670.0,,,,,
anoshift_threshold_clustering_m1_v2,power,adaptive_transfer,2005-2005,near,breadth,p_breadth,,0.0076126281333448,,0.01,0.2,composite,92872.0,,,,,
anoshift_threshold_clustering_m1_v2,power,adaptive_transfer,2005-2005,near,z_mahalanobis_sq,p_z_mahalanobis_sq,,0.0898100172711571,,0.01,0.2,composite,55005.0,,,,,
anoshift_threshold_clustering_m1_v2,power,adaptive_transfer,2005-2005,near,t_iut,p_t_iut,,0.072370758810798,,0.01,0.2,composite,92869.0,,,,,
anoshift_threshold_clustering_m1_v2,power,adaptive_transfer,2005-2005,near,z_plus_softmax,p_z_plus_softmax,,0.0693737880688947,,0.01,0.2,composite,87670.0,,,,,
anoshift_threshold_clustering_m1_v2,power,adaptive_transfer,2005-2005,near,z_plus_orth,p_z_plus_orth,,0.0642637162085091,,0.01,0.2,composite,87670.0,,,,,
anoshift_threshold_clustering_m1_v2,power,adaptive_transfer,2005-2005,near,z_plus,p_z_plus,,0.0500920651670632,,0.01,0.3,composite,92869.0,,,,,
anoshift_threshold_clustering_m1_v2,power,adaptive_transfer,2005-2005,near,z_plus_renorm,p_z_plus_renorm,,0.0758298163567925,,0.01,0.3,composite,87670.0,,,,,
anoshift_threshold_clustering_m1_v2,power,adaptive_transfer,2005-2005,near,breadth,p_breadth,,0.0076126281333448,,0.01,0.3,composite,92872.0,,,,,
anoshift_threshold_clustering_m1_v2,power,adaptive_transfer,2005-2005,near,z_mahalanobis_sq,p_z_mahalanobis_sq,,0.0898100172711571,,0.01,0.3,composite,55005.0,,,,,
anoshift_threshold_clustering_m1_v2,power,adaptive_transfer,2005-2005,near,t_iut,p_t_iut,,0.072370758810798,,0.01,0.3,composite,92869.0,,,,,
anoshift_threshold_clustering_m1_v2,power,adaptive_transfer,2005-2005,near,z_plus_softmax,p_z_plus_softmax,,0.0693737880688947,,0.01,0.3,composite,87670.0,,,,,
anoshift_threshold_clustering_m1_v2,power,adaptive_transfer,2005-2005,near,z_plus_orth,p_z_plus_orth,,0.0642637162085091,,0.01,0.3,composite,87670.0,,,,,
anoshift_threshold_clustering_m1_v2,power,adaptive_transfer,2005-2005,near,z_plus,p_z_plus,,0.0500920651670632,,0.05,0.05,composite,92869.0,,,,,
anoshift_threshold_clustering_m1_v2,power,adaptive_transfer,2005-2005,near,z_plus_renorm,p_z_plus_renorm,,0.0758298163567925,,0.05,0.05,composite,87670.0,,,,,
anoshift_threshold_clustering_m1_v2,power,adaptive_transfer,2005-2005,near,breadth,p_breadth,,0.0076126281333448,,0.05,0.05,composite,92872.0,,,,,
anoshift_threshold_clustering_m1_v2,power,adaptive_transfer,2005-2005,near,z_mahalanobis_sq,p_z_mahalanobis_sq,,0.0898100172711571,,0.05,0.05,composite,55005.0,,,,,
anoshift_threshold_clustering_m1_v2,power,adaptive_transfer,2005-2005,near,t_iut,p_t_iut,,0.072370758810798,,0.05,0.05,composite,92869.0,,,,,
anoshift_threshold_clustering_m1_v2,power,adaptive_transfer,2005-2005,near,z_plus_softmax,p_z_plus_softmax,,0.0693737880688947,,0.05,0.05,composite,87670.0,,,,,
anoshift_threshold_clustering_m1_v2,power,adaptive_transfer,2005-2005,near,z_plus_orth,p_z_plus_orth,,0.0642637162085091,,0.05,0.05,composite,87670.0,,,,,
anoshift_threshold_clustering_m1_v2,power,adaptive_transfer,2005-2005,near,z_plus,p_z_plus,,0.0500920651670632,,0.05,0.1,composite,92869.0,,,,,
anoshift_threshold_clustering_m1_v2,power,adaptive_transfer,2005-2005,near,z_plus_renorm,p_z_plus_renorm,,0.0758298163567925,,0.05,0.1,composite,87670.0,,,,,
anoshift_threshold_clustering_m1_v2,power,adaptive_transfer,2005-2005,near,breadth,p_breadth,,0.0076126281333448,,0.05,0.1,composite,92872.0,,,,,
anoshift_threshold_clustering_m1_v2,power,adaptive_transfer,2005-2005,near,z_mahalanobis_sq,p_z_mahalanobis_sq,,0.0898100172711571,,0.05,0.1,composite,55005.0,,,,,
anoshift_threshold_clustering_m1_v2,power,adaptive_transfer,2005-2005,near,t_iut,p_t_iut,,0.072370758810798,,0.05,0.1,composite,92869.0,,,,,
anoshift_threshold_clustering_m1_v2,power,adaptive_transfer,2005-2005,near,z_plus_softmax,p_z_plus_softmax,,0.0693737880688947,,0.05,0.1,composite,87670.0,,,,,
anoshift_threshold_clustering_m1_v2,power,adaptive_transfer,2005-2005,near,z_plus_orth,p_z_plus_orth,,0.0642637162085091,,0.05,0.1,composite,87670.0,,,,,
anoshift_threshold_clustering_m1_v2,power,adaptive_transfer,2005-2005,near,z_plus,p_z_plus,,0.0500920651670632,,0.05,0.15,composite,92869.0,,,,,
anoshift_threshold_clustering_m1_v2,power,adaptive_transfer,2005-2005,near,z_plus_renorm,p_z_plus_renorm,,0.0758298163567925,,0.05,0.15,composite,87670.0,,,,,
anoshift_threshold_clustering_m1_v2,power,adaptive_transfer,2005-2005,near,breadth,p_breadth,,0.0076126281333448,,0.05,0.15,composite,92872.0,,,,,
anoshift_threshold_clustering_m1_v2,power,adaptive_transfer,2005-2005,near,z_mahalanobis_sq,p_z_mahalanobis_sq,,0.0898100172711571,,0.05,0.15,composite,55005.0,,,,,
anoshift_threshold_clustering_m1_v2,power,adaptive_transfer,2005-2005,near,t_iut,p_t_iut,,0.072370758810798,,0.05,0.15,composite,92869.0,,,,,
anoshift_threshold_clustering_m1_v2,power,adaptive_transfer,2005-2005,near,z_plus_softmax,p_z_plus_softmax,,0.0693737880688947,,0.05,0.15,composite,87670.0,,,,,
anoshift_threshold_clustering_m1_v2,power,adaptive_transfer,2005-2005,near,z_plus_orth,p_z_plus_orth,,0.0642637162085091,,0.05,0.15,composite,87670.0,,,,,
anoshift_threshold_clustering_m1_v2,power,adaptive_transfer,2005-2005,near,z_plus,p_z_plus,,0.0500920651670632,,0.05,0.2,composite,92869.0,,,,,
anoshift_threshold_clustering_m1_v2,power,adaptive_transfer,2005-2005,near,z_plus_renorm,p_z_plus_renorm,,0.0758298163567925,,0.05,0.2,composite,87670.0,,,,,
anoshift_threshold_clustering_m1_v2,power,adaptive_transfer,2005-2005,near,breadth,p_breadth,,0.0076126281333448,,0.05,0.2,composite,92872.0,,,,,
anoshift_threshold_clustering_m1_v2,power,adaptive_transfer,2005-2005,near,z_mahalanobis_sq,p_z_mahalanobis_sq,,0.0898100172711571,,0.05,0.2,composite,55005.0,,,,,
anoshift_threshold_clustering_m1_v2,power,adaptive_transfer,2005-2005,near,t_iut,p_t_iut,,0.072370758810798,,0.05,0.2,composite,92869.0,,,,,
anoshift_threshold_clustering_m1_v2,power,adaptive_transfer,2005-2005,near,z_plus_softmax,p_z_plus_softmax,,0.0693737880688947,,0.05,0.2,composite,87670.0,,,,,
anoshift_threshold_clustering_m1_v2,power,adaptive_transfer,2005-2005,near,z_plus_orth,p_z_plus_orth,,0.0642637162085091,,0.05,0.2,composite,87670.0,,,,,
anoshift_threshold_clustering_m1_v2,power,adaptive_transfer,2005-2005,near,z_plus,p_z_plus,,0.0500920651670632,,0.05,0.3,composite,92869.0,,,,,
anoshift_threshold_clustering_m1_v2,power,adaptive_transfer,2005-2005,near,z_plus_renorm,p_z_plus_renorm,,0.0758298163567925,,0.05,0.3,composite,87670.0,,,,,
anoshift_threshold_clustering_m1_v2,power,adaptive_transfer,2005-2005,near,breadth,p_breadth,,0.0076126281333448,,0.05,0.3,composite,92872.0,,,,,
anoshift_threshold_clustering_m1_v2,power,adaptive_transfer,2005-2005,near,z_mahalanobis_sq,p_z_mahalanobis_sq,,0.0898100172711571,,0.05,0.3,composite,55005.0,,,,,
anoshift_threshold_clustering_m1_v2,power,adaptive_transfer,2005-2005,near,t_iut,p_t_iut,,0.072370758810798,,0.05,0.3,composite,92869.0,,,,,
anoshift_threshold_clustering_m1_v2,power,adaptive_transfer,2005-2005,near,z_plus_softmax,p_z_plus_softmax,,0.0693737880688947,,0.05,0.3,composite,87670.0,,,,,
anoshift_threshold_clustering_m1_v2,power,adaptive_transfer,2005-2005,near,z_plus_orth,p_z_plus_orth,,0.0642637162085091,,0.05,0.3,composite,87670.0,,,,,
anoshift_threshold_clustering_m1_v2,power,adaptive_transfer,2005-2005,near,z_plus,p_z_plus,,0.0500920651670632,,0.1,0.05,composite,92869.0,,,,,
anoshift_threshold_clustering_m1_v2,power,adaptive_transfer,2005-2005,near,z_plus_renorm,p_z_plus_renorm,,0.0758298163567925,,0.1,0.05,composite,87670.0,,,,,
anoshift_threshold_clustering_m1_v2,power,adaptive_transfer,2005-2005,near,breadth,p_breadth,,0.0076126281333448,,0.1,0.05,composite,92872.0,,,,,
anoshift_threshold_clustering_m1_v2,power,adaptive_transfer,2005-2005,near,z_mahalanobis_sq,p_z_mahalanobis_sq,,0.0898100172711571,,0.1,0.05,composite,55005.0,,,,,
anoshift_threshold_clustering_m1_v2,power,adaptive_transfer,2005-2005,near,t_iut,p_t_iut,,0.072370758810798,,0.1,0.05,composite,92869.0,,,,,
anoshift_threshold_clustering_m1_v2,power,adaptive_transfer,2005-2005,near,z_plus_softmax,p_z_plus_softmax,,0.0693737880688947,,0.1,0.05,composite,87670.0,,,,,
anoshift_threshold_clustering_m1_v2,power,adaptive_transfer,2005-2005,near,z_plus_orth,p_z_plus_orth,,0.0642637162085091,,0.1,0.05,composite,87670.0,,,,,
anoshift_threshold_clustering_m1_v2,power,adaptive_transfer,2005-2005,near,z_plus,p_z_plus,,0.0500920651670632,,0.1,0.1,composite,92869.0,,,,,
anoshift_threshold_clustering_m1_v2,power,adaptive_transfer,2005-2005,near,z_plus_renorm,p_z_plus_renorm,,0.0758298163567925,,0.1,0.1,composite,87670.0,,,,,
anoshift_threshold_clustering_m1_v2,power,adaptive_transfer,2005-2005,near,breadth,p_breadth,,0.0076126281333448,,0.1,0.1,composite,92872.0,,,,,
anoshift_threshold_clustering_m1_v2,power,adaptive_transfer,2005-2005,near,z_mahalanobis_sq,p_z_mahalanobis_sq,,0.0898100172711571,,0.1,0.1,composite,55005.0,,,,,
anoshift_threshold_clustering_m1_v2,power,adaptive_transfer,2005-2005,near,t_iut,p_t_iut,,0.072370758810798,,0.1,0.1,composite,92869.0,,,,,
anoshift_threshold_clustering_m1_v2,power,adaptive_transfer,2005-2005,near,z_plus_softmax,p_z_plus_softmax,,0.0693737880688947,,0.1,0.1,composite,87670.0,,,,,
anoshift_threshold_clustering_m1_v2,power,adaptive_transfer,2005-2005,near,z_plus_orth,p_z_plus_orth,,0.0642637162085091,,0.1,0.1,composite,87670.0,,,,,
anoshift_threshold_clustering_m1_v2,power,adaptive_transfer,2005-2005,near,z_plus,p_z_plus,,0.0500920651670632,,0.1,0.15,composite,92869.0,,,,,
anoshift_threshold_clustering_m1_v2,power,adaptive_transfer,2005-2005,near,z_plus_renorm,p_z_plus_renorm,,0.0758298163567925,,0.1,0.15,composite,87670.0,,,,,
anoshift_threshold_clustering_m1_v2,power,adaptive_transfer,2005-2005,near,breadth,p_breadth,,0.0076126281333448,,0.1,0.15,composite,92872.0,,,,,
anoshift_threshold_clustering_m1_v2,power,adaptive_transfer,2005-2005,near,z_mahalanobis_sq,p_z_mahalanobis_sq,,0.0898100172711571,,0.1,0.15,composite,55005.0,,,,,
anoshift_threshold_clustering_m1_v2,power,adaptive_transfer,2005-2005,near,t_iut,p_t_iut,,0.072370758810798,,0.1,0.15,composite,92869.0,,,,,
anoshift_threshold_clustering_m1_v2,power,adaptive_transfer,2005-2005,near,z_plus_softmax,p_z_plus_softmax,,0.0693737880688947,,0.1,0.15,composite,87670.0,,,,,
anoshift_threshold_clustering_m1_v2,power,adaptive_transfer,2005-2005,near,z_plus_orth,p_z_plus_orth,,0.0642637162085091,,0.1,0.15,composite,87670.0,,,,,
anoshift_threshold_clustering_m1_v2,power,adaptive_transfer,2005-2005,near,z_plus,p_z_plus,,0.0500920651670632,,0.1,0.2,composite,92869.0,,,,,
anoshift_threshold_clustering_m1_v2,power,adaptive_transfer,2005-2005,near,z_plus_renorm,p_z_plus_renorm,,0.0758298163567925,,0.1,0.2,composite,87670.0,,,,,
anoshift_threshold_clustering_m1_v2,power,adaptive_transfer,2005-2005,near,breadth,p_breadth,,0.0076126281333448,,0.1,0.2,composite,92872.0,,,,,
anoshift_threshold_clustering_m1_v2,power,adaptive_transfer,2005-2005,near,z_mahalanobis_sq,p_z_mahalanobis_sq,,0.0898100172711571,,0.1,0.2,composite,55005.0,,,,,
anoshift_threshold_clustering_m1_v2,power,adaptive_transfer,2005-2005,near,t_iut,p_t_iut,,0.072370758810798,,0.1,0.2,composite,92869.0,,,,,
anoshift_threshold_clustering_m1_v2,power,adaptive_transfer,2005-2005,near,z_plus_softmax,p_z_plus_softmax,,0.0693737880688947,,0.1,0.2,composite,87670.0,,,,,
anoshift_threshold_clustering_m1_v2,power,adaptive_transfer,2005-2005,near,z_plus_orth,p_z_plus_orth,,0.0642637162085091,,0.1,0.2,composite,87670.0,,,,,
anoshift_threshold_clustering_m1_v2,power,adaptive_transfer,2005-2005,near,z_plus,p_z_plus,,0.0500920651670632,,0.1,0.3,composite,92869.0,,,,,
anoshift_threshold_clustering_m1_v2,power,adaptive_transfer,2005-2005,near,z_plus_renorm,p_z_plus_renorm,,0.0758298163567925,,0.1,0.3,composite,87670.0,,,,,
anoshift_threshold_clustering_m1_v2,power,adaptive_transfer,2005-2005,near,breadth,p_breadth,,0.0076126281333448,,0.1,0.3,composite,92872.0,,,,,
anoshift_threshold_clustering_m1_v2,power,adaptive_transfer,2005-2005,near,z_mahalanobis_sq,p_z_mahalanobis_sq,,0.0898100172711571,,0.1,0.3,composite,55005.0,,,,,
anoshift_threshold_clustering_m1_v2,power,adaptive_transfer,2005-2005,near,t_iut,p_t_iut,,0.072370758810798,,0.1,0.3,composite,92869.0,,,,,
anoshift_threshold_clustering_m1_v2,power,adaptive_transfer,2005-2005,near,z_plus_softmax,p_z_plus_softmax,,0.0693737880688947,,0.1,0.3,composite,87670.0,,,,,
anoshift_threshold_clustering_m1_v2,power,adaptive_transfer,2005-2005,near,z_plus_orth,p_z_plus_orth,,0.0642637162085091,,0.1,0.3,composite,87670.0,,,,,
anoshift_correlated_gaussian,power,adaptive_transfer,2005-2005,far,z_plus,p_z_plus,,0.0420993544765646,,0.01,0.05,composite,3599.0,0.4209467677051174,0.0,,,
anoshift_correlated_gaussian,power,adaptive_transfer,2005-2005,far,z_plus_renorm,p_z_plus_renorm,,0.0425411230856494,,0.01,0.05,composite,3562.0,0.4280346001134429,0.0,,,
anoshift_correlated_gaussian,power,adaptive_transfer,2005-2005,far,breadth,p_breadth,,0.0098231827111984,,0.01,0.05,composite,3599.0,0.4314014407334643,0.0277777777777777,,,
anoshift_correlated_gaussian,power,adaptive_transfer,2005-2005,far,z_mahalanobis_sq,p_z_mahalanobis_sq,,0.0387314061184395,,0.01,0.05,composite,3599.0,0.4690257897527052,0.0277777777777777,,,
anoshift_correlated_gaussian,power,adaptive_transfer,2005-2005,far,t_iut,p_t_iut,,0.0395733932079708,,0.01,0.05,composite,3599.0,0.4850157482770449,0.0277777777777777,,,
anoshift_correlated_gaussian,power,adaptive_transfer,2005-2005,far,z_plus_softmax,p_z_plus_softmax,,0.0377197958026091,,0.01,0.05,composite,3562.0,0.4375354509359047,0.0555555555555555,,,
anoshift_correlated_gaussian,power,adaptive_transfer,2005-2005,far,z_plus_orth,p_z_plus_orth,,0.0343165059557572,,0.01,0.05,composite,3562.0,0.4375748408646877,0.0555555555555555,,,
anoshift_correlated_gaussian,power,adaptive_transfer,2005-2005,far,z_plus,p_z_plus,,0.0418186921133875,,0.01,0.1,composite,3599.0,0.5240667976424361,0.0277777777777777,,,
anoshift_correlated_gaussian,power,adaptive_transfer,2005-2005,far,z_plus_renorm,p_z_plus_renorm,,0.0422695035460992,,0.01,0.1,composite,3561.0,0.5421985815602837,0.0555555555555555,,,
anoshift_correlated_gaussian,power,adaptive_transfer,2005-2005,far,breadth,p_breadth,,0.0098231827111984,,0.01,0.1,composite,3599.0,0.5164109520691053,0.0,,,
anoshift_correlated_gaussian,power,adaptive_transfer,2005-2005,far,z_mahalanobis_sq,p_z_mahalanobis_sq,,0.0381700813920853,,0.01,0.1,composite,3599.0,0.4596158044095175,0.0555555555555555,,,
anoshift_correlated_gaussian,power,adaptive_transfer,2005-2005,far,t_iut,p_t_iut,,0.0392927308447937,,0.01,0.1,composite,3599.0,0.5495836841612873,0.0555555555555555,,,
anoshift_correlated_gaussian,power,adaptive_transfer,2005-2005,far,z_plus_softmax,p_z_plus_softmax,,0.0377304964539007,,0.01,0.1,composite,3561.0,0.5188179669030732,0.0277777777777777,,,
anoshift_correlated_gaussian,power,adaptive_transfer,2005-2005,far,z_plus_orth,p_z_plus_orth,,0.0343262411347517,,0.01,0.1,composite,3561.0,0.5204885736800631,0.0277777777777777,,,
anoshift_correlated_gaussian,power,adaptive_transfer,2005-2005,far,z_plus,p_z_plus,,0.0409767050238563,,0.01,0.15,composite,3599.0,0.4819050737518321,0.1111111111111111,,,
anoshift_correlated_gaussian,power,adaptive_transfer,2005-2005,far,z_plus_renorm,p_z_plus_renorm,,0.0419858156028368,,0.01,0.15,composite,3561.0,0.5106304176516943,0.0833333333333333,,,
anoshift_correlated_gaussian,power,adaptive_transfer,2005-2005,far,breadth,p_breadth,,0.0098231827111984,,0.01,0.15,composite,3599.0,0.4153062338229332,0.0,,,
anoshift_correlated_gaussian,power,adaptive_transfer,2005-2005,far,z_mahalanobis_sq,p_z_mahalanobis_sq,,0.0378894190289082,,0.01,0.15,composite,3599.0,0.4935213771166619,0.0833333333333333,,,
anoshift_correlated_gaussian,power,adaptive_transfer,2005-2005,far,t_iut,p_t_iut,,0.0395733932079708,,0.01,0.15,composite,3599.0,0.4458633486138398,0.0277777777777777,,,
anoshift_correlated_gaussian,power,adaptive_transfer,2005-2005,far,z_plus_softmax,p_z_plus_softmax,,0.0377304964539007,,0.01,0.15,composite,3561.0,0.4967454688731284,0.0277777777777777,,,
anoshift_correlated_gaussian,power,adaptive_transfer,2005-2005,far,z_plus_orth,p_z_plus_orth,,0.0343262411347517,,0.01,0.15,composite,3561.0,0.4972261623325453,0.0277777777777777,,,
anoshift_correlated_gaussian,power,adaptive_transfer,2005-2005,far,z_plus,p_z_plus,,0.0418186921133875,,0.01,0.2,composite,3599.0,0.4881381170673901,0.0277777777777777,,,
anoshift_correlated_gaussian,power,adaptive_transfer,2005-2005,far,z_plus_renorm,p_z_plus_renorm,,0.0419739081111741,,0.01,0.2,composite,3561.0,0.5207114496394134,0.0285714285714285,,,
anoshift_correlated_gaussian,power,adaptive_transfer,2005-2005,far,breadth,p_breadth,,0.0101038450743755,,0.01,0.2,composite,3599.0,0.4905081548008856,0.0,,,
anoshift_correlated_gaussian,power,adaptive_transfer,2005-2005,far,z_mahalanobis_sq,p_z_mahalanobis_sq,,0.0384507437552624,,0.01,0.2,composite,3599.0,0.5483674805875199,0.0555555555555555,,,
anoshift_correlated_gaussian,power,adaptive_transfer,2005-2005,far,t_iut,p_t_iut,,0.0392927308447937,,0.01,0.2,composite,3599.0,0.409954158480681,0.0555555555555555,,,
anoshift_correlated_gaussian,power,adaptive_transfer,2005-2005,far,z_plus_softmax,p_z_plus_softmax,,0.0374361883153715,,0.01,0.2,composite,3561.0,0.4974799448991167,0.0285714285714285,,,
anoshift_correlated_gaussian,power,adaptive_transfer,2005-2005,far,z_plus_orth,p_z_plus_orth,,0.0340328984685195,,0.01,0.2,composite,3561.0,0.496604813224212,0.0285714285714285,,,
anoshift_correlated_gaussian,power,adaptive_transfer,2005-2005,far,z_plus,p_z_plus,,0.0418186921133875,,0.01,0.3,composite,3599.0,0.5847054604421992,0.0277777777777777,,,
anoshift_correlated_gaussian,power,adaptive_transfer,2005-2005,far,z_plus_renorm,p_z_plus_renorm,,0.0416903006239364,,0.01,0.3,composite,3562.0,0.5785198840360497,0.0833333333333333,,,
anoshift_correlated_gaussian,power,adaptive_transfer,2005-2005,far,breadth,p_breadth,,0.0101038450743755,,0.01,0.3,composite,3599.0,0.5210029001777529,0.0277777777777777,,,
anoshift_correlated_gaussian,power,adaptive_transfer,2005-2005,far,z_mahalanobis_sq,p_z_mahalanobis_sq,,0.0384507437552624,,0.01,0.3,composite,3599.0,0.5511351233355163,0.0277777777777777,,,
anoshift_correlated_gaussian,power,adaptive_transfer,2005-2005,far,t_iut,p_t_iut,,0.0390120684816166,,0.01,0.3,composite,3599.0,0.5322293947048368,0.0555555555555555,,,
anoshift_correlated_gaussian,power,adaptive_transfer,2005-2005,far,z_plus_softmax,p_z_plus_softmax,,0.0371525808281338,,0.01,0.3,composite,3562.0,0.5658284489821642,0.1111111111111111,,,
anoshift_correlated_gaussian,power,adaptive_transfer,2005-2005,far,z_plus_orth,p_z_plus_orth,,0.0337492909812819,,0.01,0.3,composite,3562.0,0.5693577866011218,0.1111111111111111,,,
anoshift_correlated_gaussian,power,adaptive_transfer,2005-2005,far,z_plus,p_z_plus,,0.0421175782392512,,0.05,0.05,composite,3599.0,0.4947320529069577,0.0333333333333333,,,
anoshift_correlated_gaussian,power,adaptive_transfer,2005-2005,far,z_plus_renorm,p_z_plus_renorm,,0.0425909494232475,,0.05,0.05,composite,3561.0,0.5124552236353479,0.0277777777777777,,,
anoshift_correlated_gaussian,power,adaptive_transfer,2005-2005,far,breadth,p_breadth,,0.0099444281953787,,0.05,0.05,composite,3599.0,0.4679576549348412,0.0111111111111111,,,
anoshift_correlated_gaussian,power,adaptive_transfer,2005-2005,far,z_mahalanobis_sq,p_z_mahalanobis_sq,,0.039192746417081,,0.05,0.05,composite,3599.0,0.4723148418965909,0.0277777777777777,,,
anoshift_correlated_gaussian,power,adaptive_transfer,2005-2005,far,t_iut,p_t_iut,,0.040070195963732,,0.05,0.05,composite,3599.0,0.5277534041792598,0.0277777777777777,,,
anoshift_correlated_gaussian,power,adaptive_transfer,2005-2005,far,z_plus_softmax,p_z_plus_softmax,,0.038745933155871,,0.05,0.05,composite,3561.0,0.5010187649939203,0.0388888888888888,,,
anoshift_correlated_gaussian,power,adaptive_transfer,2005-2005,far,z_plus_orth,p_z_plus_orth,,0.0351966873706004,,0.05,0.05,composite,3561.0,0.5002941273127608,0.0388888888888888,,,
anoshift_correlated_gaussian,power,adaptive_transfer,2005-2005,far,z_plus,p_z_plus,,0.0421175782392512,,0.05,0.1,composite,3599.0,0.4803378180754606,0.0277777777777777,,,
anoshift_correlated_gaussian,power,adaptive_transfer,2005-2005,far,z_plus_renorm,p_z_plus_renorm,,0.041986989946777,,0.05,0.1,composite,3561.0,0.4688839039410087,0.0558659217877094,,,
anoshift_correlated_gaussian,power,adaptive_transfer,2005-2005,far,breadth,p_breadth,,0.0096519450131617,,0.05,0.1,composite,3599.0,0.5000658087159988,0.0111111111111111,,,
anoshift_correlated_gaussian,power,adaptive_transfer,2005-2005,far,z_mahalanobis_sq,p_z_mahalanobis_sq,,0.0389002632348639,,0.05,0.1,composite,3599.0,0.4648890188814144,0.0333333333333333,,,
anoshift_correlated_gaussian,power,adaptive_transfer,2005-2005,far,t_iut,p_t_iut,,0.0386077800526469,,0.05,0.1,composite,3599.0,0.5050030873224789,0.0444444444444444,,,
anoshift_correlated_gaussian,power,adaptive_transfer,2005-2005,far,z_plus_softmax,p_z_plus_softmax,,0.0384387936132466,,0.05,0.1,composite,3561.0,0.46362107641837,0.0391061452513966,,,
anoshift_correlated_gaussian,power,adaptive_transfer,2005-2005,far,z_plus_orth,p_z_plus_orth,,0.0345949142519219,,0.05,0.1,composite,3561.0,0.4624317368652313,0.0335195530726257,,,
anoshift_correlated_gaussian,power,adaptive_transfer,2005-2005,far,z_plus,p_z_plus,,0.0415326118748171,,0.05,0.15,composite,3599.0,0.4947531766923402,0.0444444444444444,,,
anoshift_correlated_gaussian,power,adaptive_transfer,2005-2005,far,z_plus_renorm,p_z_plus_renorm,,0.0437223042836041,,0.05,0.15,composite,3564.0,0.484401277406897,0.0223463687150838,,,
anoshift_correlated_gaussian,power,adaptive_transfer,2005-2005,far,breadth,p_breadth,,0.0105293945598128,,0.05,0.15,composite,3599.0,0.5111167982840987,0.0,,,
anoshift_correlated_gaussian,power,adaptive_transfer,2005-2005,far,z_mahalanobis_sq,p_z_mahalanobis_sq,,0.0380228136882129,,0.05,0.15,composite,3599.0,0.4890578791719476,0.0388888888888888,,,
anoshift_correlated_gaussian,power,adaptive_transfer,2005-2005,far,t_iut,p_t_iut,,0.039777712781515,,0.05,0.15,composite,3599.0,0.498383217964967,0.0222222222222222,,,
anoshift_correlated_gaussian,power,adaptive_transfer,2005-2005,far,z_plus_softmax,p_z_plus_softmax,,0.0375184638109305,,0.05,0.15,composite,3564.0,0.4850894927506333,0.0614525139664804,,,
anoshift_correlated_gaussian,power,adaptive_transfer,2005-2005,far,z_plus_orth,p_z_plus_orth,,0.0345642540620384,,0.05,0.15,composite,3564.0,0.4863768020266868,0.0614525139664804,,,
anoshift_correlated_gaussian,power,adaptive_transfer,2005-2005,far,z_plus,p_z_plus,,0.0412401286926001,,0.05,0.2,composite,3599.0,0.5088134932241396,0.0555555555555555,,,
anoshift_correlated_gaussian,power,adaptive_transfer,2005-2005,far,z_plus_renorm,p_z_plus_renorm,,0.0425657700266036,,0.05,0.2,composite,3561.0,0.5044023820357572,0.0449438202247191,,,
anoshift_correlated_gaussian,power,adaptive_transfer,2005-2005,far,breadth,p_breadth,,0.0099444281953787,,0.05,0.2,composite,3599.0,0.4984465893211141,0.0166666666666666,,,
anoshift_correlated_gaussian,power,adaptive_transfer,2005-2005,far,z_mahalanobis_sq,p_z_mahalanobis_sq,,0.039192746417081,,0.05,0.2,composite,3599.0,0.5140408176529849,0.0444444444444444,,,
anoshift_correlated_gaussian,power,adaptive_transfer,2005-2005,far,t_iut,p_t_iut,,0.0386077800526469,,0.05,0.2,composite,3599.0,0.5064882519255143,0.0388888888888888,,,
anoshift_correlated_gaussian,power,adaptive_transfer,2005-2005,far,z_plus_softmax,p_z_plus_softmax,,0.0375406443984629,,0.05,0.2,composite,3561.0,0.5088695294051221,0.095505617977528,,,
anoshift_correlated_gaussian,power,adaptive_transfer,2005-2005,far,z_plus_orth,p_z_plus_orth,,0.0339934968962459,,0.05,0.2,composite,3561.0,0.5089326340891502,0.0898876404494382,,,
anoshift_correlated_gaussian,power,adaptive_transfer,2005-2005,far,z_plus,p_z_plus,,0.0406551623281661,,0.05,0.3,composite,3599.0,0.5281409443956973,0.0666666666666666,,,
anoshift_correlated_gaussian,power,adaptive_transfer,2005-2005,far,z_plus_renorm,p_z_plus_renorm,,0.0425531914893617,,0.05,0.3,composite,3561.0,0.5215320351003726,0.0564971751412429,,,
anoshift_correlated_gaussian,power,adaptive_transfer,2005-2005,far,breadth,p_breadth,,0.0099444281953787,,0.05,0.3,composite,3599.0,0.518036462903383,0.0166666666666666,,,
anoshift_correlated_gaussian,power,adaptive_transfer,2005-2005,far,z_mahalanobis_sq,p_z_mahalanobis_sq,,0.0389002632348639,,0.05,0.3,composite,3599.0,0.5595138279548926,0.05,,,
anoshift_correlated_gaussian,power,adaptive_transfer,2005-2005,far,t_iut,p_t_iut,,0.039777712781515,,0.05,0.3,composite,3599.0,0.4608722498456338,0.0222222222222222,,,
anoshift_correlated_gaussian,power,adaptive_transfer,2005-2005,far,z_plus_softmax,p_z_plus_softmax,,0.0366430260047281,,0.05,0.3,composite,3561.0,0.517623646004461,0.0903954802259887,,,
anoshift_correlated_gaussian,power,adaptive_transfer,2005-2005,far,z_plus_orth,p_z_plus_orth,,0.0336879432624113,,0.05,0.3,composite,3561.0,0.5163163975370971,0.0903954802259887,,,
anoshift_correlated_gaussian,power,adaptive_transfer,2005-2005,far,z_plus,p_z_plus,,0.0410620561901821,,0.1,0.05,composite,3599.0,0.5026139755068436,0.05,,,
anoshift_correlated_gaussian,power,adaptive_transfer,2005-2005,far,z_plus_renorm,p_z_plus_renorm,,0.0430577223088923,,0.1,0.05,composite,3562.0,0.4797371054506046,0.0336134453781512,,,
anoshift_correlated_gaussian,power,adaptive_transfer,2005-2005,far,breadth,p_breadth,,0.009262117937635,,0.1,0.05,composite,3599.0,0.5368134883880484,0.0194444444444444,,,
anoshift_correlated_gaussian,power,adaptive_transfer,2005-2005,far,z_mahalanobis_sq,p_z_mahalanobis_sq,,0.0355047854276011,,0.1,0.05,composite,3599.0,0.4984194367260128,0.0611111111111111,,,
anoshift_correlated_gaussian,power,adaptive_transfer,2005-2005,far,t_iut,p_t_iut,,0.0385921580734794,,0.1,0.05,composite,3599.0,0.4875064320263456,0.0444444444444444,,,
anoshift_correlated_gaussian,power,adaptive_transfer,2005-2005,far,z_plus_softmax,p_z_plus_softmax,,0.0361934477379095,,0.1,0.05,composite,3562.0,0.4919152060200055,0.0504201680672268,,,
anoshift_correlated_gaussian,power,adaptive_transfer,2005-2005,far,z_plus_orth,p_z_plus_orth,,0.0336973478939157,,0.1,0.05,composite,3562.0,0.4926056538059841,0.0588235294117647,,,
anoshift_correlated_gaussian,power,adaptive_transfer,2005-2005,far,z_plus,p_z_plus,,0.0422970052485335,,0.1,0.1,composite,3599.0,0.481640852800933,0.0361111111111111,,,
anoshift_correlated_gaussian,power,adaptive_transfer,2005-2005,far,z_plus_renorm,p_z_plus_renorm,,0.0417705735660847,,0.1,0.1,composite,3559.0,0.5100532145419925,0.037037037037037,,,
anoshift_correlated_gaussian,power,adaptive_transfer,2005-2005,far,breadth,p_breadth,,0.0104970669959864,,0.1,0.1,composite,3599.0,0.4636303214297966,0.0055555555555555,,,
anoshift_correlated_gaussian,power,adaptive_transfer,2005-2005,far,z_mahalanobis_sq,p_z_mahalanobis_sq,,0.0373572090151281,,0.1,0.1,composite,3599.0,0.5010222633871908,0.0444444444444444,,,
anoshift_correlated_gaussian,power,adaptive_transfer,2005-2005,far,t_iut,p_t_iut,,0.0398271071318308,,0.1,0.1,composite,3599.0,0.4730678192857878,0.0333333333333333,,,
anoshift_correlated_gaussian,power,adaptive_transfer,2005-2005,far,z_plus_softmax,p_z_plus_softmax,,0.0367830423940149,,0.1,0.1,composite,3559.0,0.5055203870665217,0.0427350427350427,,,
anoshift_correlated_gaussian,power,adaptive_transfer,2005-2005,far,z_plus_orth,p_z_plus_orth,,0.03428927680798,,0.1,0.1,composite,3559.0,0.5044600038365625,0.0427350427350427,,,
anoshift_correlated_gaussian,power,adaptive_transfer,2005-2005,far,z_plus,p_z_plus,,0.0429144797777091,,0.1,0.15,composite,3599.0,0.5121325168947892,0.025,,,
anoshift_correlated_gaussian,power,adaptive_transfer,2005-2005,far,z_plus_renorm,p_z_plus_renorm,,0.0427724008741804,,0.1,0.15,composite,3561.0,0.4997113390553898,0.0391061452513966,,,
anoshift_correlated_gaussian,power,adaptive_transfer,2005-2005,far,breadth,p_breadth,,0.0098795924668107,,0.1,0.15,composite,3599.0,0.5227166306473191,0.0111111111111111,,,
anoshift_correlated_gaussian,power,adaptive_transfer,2005-2005,far,z_mahalanobis_sq,p_z_mahalanobis_sq,,0.0389008953380673,,0.1,0.15,composite,3599.0,0.5050907344516483,0.0416666666666666,,,
anoshift_correlated_gaussian,power,adaptive_transfer,2005-2005,far,t_iut,p_t_iut,,0.0395183698672429,,0.1,0.15,composite,3599.0,0.4817347603855785,0.0416666666666666,,,
anoshift_correlated_gaussian,power,adaptive_transfer,2005-2005,far,z_plus_softmax,p_z_plus_softmax,,0.0384014985950671,,0.1,0.15,composite,3561.0,0.4985000095929619,0.0810055865921787,,,
anoshift_correlated_gaussian,power,adaptive_transfer,2005-2005,far,z_plus_orth,p_z_plus_orth,,0.0355916328442085,,0.1,0.15,composite,3561.0,0.4986657062076928,0.0810055865921787,,,
anoshift_correlated_gaussian,power,adaptive_transfer,2005-2005,far,z_plus,p_z_plus,,0.0429144797777091,,0.1,0.2,composite,3599.0,0.5207625810435319,0.0277777777777777,,,
anoshift_correlated_gaussian,power,adaptive_transfer,2005-2005,far,z_plus_renorm,p_z_plus_renorm,,0.0433697347893915,,0.1,0.2,composite,3559.0,0.5198427598120874,0.0282485875706214,,,
anoshift_correlated_gaussian,power,adaptive_transfer,2005-2005,far,breadth,p_breadth,,0.0098795924668107,,0.1,0.2,composite,3599.0,0.5133477410723475,0.0138888888888888,,,
anoshift_correlated_gaussian,power,adaptive_transfer,2005-2005,far,z_mahalanobis_sq,p_z_mahalanobis_sq,,0.0395183698672429,,0.1,0.2,composite,3599.0,0.516038900895338,0.0388888888888888,,,
anoshift_correlated_gaussian,power,adaptive_transfer,2005-2005,far,t_iut,p_t_iut,,0.0407533189255943,,0.1,0.2,composite,3599.0,0.4582141264450619,0.0444444444444444,,,
anoshift_correlated_gaussian,power,adaptive_transfer,2005-2005,far,z_plus_softmax,p_z_plus_softmax,,0.0374414976599064,,0.1,0.2,composite,3559.0,0.5188943828939598,0.059322033898305,,,
anoshift_correlated_gaussian,power,adaptive_transfer,2005-2005,far,z_plus_orth,p_z_plus_orth,,0.0333853354134165,,0.1,0.2,composite,3559.0,0.5178613924217985,0.0621468926553672,,,
anoshift_correlated_gaussian,power,adaptive_transfer,2005-2005,far,z_plus,p_z_plus,,0.0429144797777091,,0.1,0.3,composite,3599.0,0.495537888923193,0.0388888888888888,,,
anoshift_correlated_gaussian,power,adaptive_transfer,2005-2005,far,z_plus_renorm,p_z_plus_renorm,,0.0433697347893915,,0.1,0.3,composite,3562.0,0.5053902996455992,0.0252100840336134,,,
anoshift_correlated_gaussian,power,adaptive_transfer,2005-2005,far,breadth,p_breadth,,0.0095708552022229,,0.1,0.3,composite,3599.0,0.487950670645947,0.0138888888888888,,,
anoshift_correlated_gaussian,power,adaptive_transfer,2005-2005,far,z_mahalanobis_sq,p_z_mahalanobis_sq,,0.0404445816610064,,0.1,0.3,composite,3599.0,0.537344344962437,0.0305555555555555,,,
anoshift_correlated_gaussian,power,adaptive_transfer,2005-2005,far,t_iut,p_t_iut,,0.0389008953380673,,0.1,0.3,composite,3599.0,0.4392953929539295,0.0388888888888888,,,
anoshift_correlated_gaussian,power,adaptive_transfer,2005-2005,far,z_plus_softmax,p_z_plus_softmax,,0.0386895475819032,,0.1,0.3,composite,3562.0,0.5074135738538785,0.072829131652661,,,
anoshift_correlated_gaussian,power,adaptive_transfer,2005-2005,far,z_plus_orth,p_z_plus_orth,,0.0352574102964118,,0.1,0.3,composite,3562.0,0.5074380454209766,0.072829131652661,,,
anoshift_threshold_clustering_m1_v2,power,adaptive_transfer,2005-2005,far,z_plus,p_z_plus,,0.0500920651670632,,0.01,0.05,composite,92869.0,,,,,
anoshift_threshold_clustering_m1_v2,power,adaptive_transfer,2005-2005,far,z_plus_renorm,p_z_plus_renorm,,0.0758298163567925,,0.01,0.05,composite,87670.0,,,,,
anoshift_threshold_clustering_m1_v2,power,adaptive_transfer,2005-2005,far,breadth,p_breadth,,0.0076126281333448,,0.01,0.05,composite,92872.0,,,,,
anoshift_threshold_clustering_m1_v2,power,adaptive_transfer,2005-2005,far,z_mahalanobis_sq,p_z_mahalanobis_sq,,0.0898100172711571,,0.01,0.05,composite,55005.0,,,,,
anoshift_threshold_clustering_m1_v2,power,adaptive_transfer,2005-2005,far,t_iut,p_t_iut,,0.072370758810798,,0.01,0.05,composite,92869.0,,,,,
anoshift_threshold_clustering_m1_v2,power,adaptive_transfer,2005-2005,far,z_plus_softmax,p_z_plus_softmax,,0.0693737880688947,,0.01,0.05,composite,87670.0,,,,,
anoshift_threshold_clustering_m1_v2,power,adaptive_transfer,2005-2005,far,z_plus_orth,p_z_plus_orth,,0.0642637162085091,,0.01,0.05,composite,87670.0,,,,,
anoshift_threshold_clustering_m1_v2,power,adaptive_transfer,2005-2005,far,z_plus,p_z_plus,,0.0500920651670632,,0.01,0.1,composite,92869.0,,,,,
anoshift_threshold_clustering_m1_v2,power,adaptive_transfer,2005-2005,far,z_plus_renorm,p_z_plus_renorm,,0.0758298163567925,,0.01,0.1,composite,87670.0,,,,,
anoshift_threshold_clustering_m1_v2,power,adaptive_transfer,2005-2005,far,breadth,p_breadth,,0.0076126281333448,,0.01,0.1,composite,92872.0,,,,,
anoshift_threshold_clustering_m1_v2,power,adaptive_transfer,2005-2005,far,z_mahalanobis_sq,p_z_mahalanobis_sq,,0.0898100172711571,,0.01,0.1,composite,55005.0,,,,,
anoshift_threshold_clustering_m1_v2,power,adaptive_transfer,2005-2005,far,t_iut,p_t_iut,,0.072370758810798,,0.01,0.1,composite,92869.0,,,,,
anoshift_threshold_clustering_m1_v2,power,adaptive_transfer,2005-2005,far,z_plus_softmax,p_z_plus_softmax,,0.0693737880688947,,0.01,0.1,composite,87670.0,,,,,
anoshift_threshold_clustering_m1_v2,power,adaptive_transfer,2005-2005,far,z_plus_orth,p_z_plus_orth,,0.0642637162085091,,0.01,0.1,composite,87670.0,,,,,
anoshift_threshold_clustering_m1_v2,power,adaptive_transfer,2005-2005,far,z_plus,p_z_plus,,0.0500920651670632,,0.01,0.15,composite,92869.0,,,,,
anoshift_threshold_clustering_m1_v2,power,adaptive_transfer,2005-2005,far,z_plus_renorm,p_z_plus_renorm,,0.0758298163567925,,0.01,0.15,composite,87670.0,,,,,
anoshift_threshold_clustering_m1_v2,power,adaptive_transfer,2005-2005,far,breadth,p_breadth,,0.0076126281333448,,0.01,0.15,composite,92872.0,,,,,
anoshift_threshold_clustering_m1_v2,power,adaptive_transfer,2005-2005,far,z_mahalanobis_sq,p_z_mahalanobis_sq,,0.0898100172711571,,0.01,0.15,composite,55005.0,,,,,
anoshift_threshold_clustering_m1_v2,power,adaptive_transfer,2005-2005,far,t_iut,p_t_iut,,0.072370758810798,,0.01,0.15,composite,92869.0,,,,,
anoshift_threshold_clustering_m1_v2,power,adaptive_transfer,2005-2005,far,z_plus_softmax,p_z_plus_softmax,,0.0693737880688947,,0.01,0.15,composite,87670.0,,,,,
anoshift_threshold_clustering_m1_v2,power,adaptive_transfer,2005-2005,far,z_plus_orth,p_z_plus_orth,,0.0642637162085091,,0.01,0.15,composite,87670.0,,,,,
anoshift_threshold_clustering_m1_v2,power,adaptive_transfer,2005-2005,far,z_plus,p_z_plus,,0.0500920651670632,,0.01,0.2,composite,92869.0,,,,,
anoshift_threshold_clustering_m1_v2,power,adaptive_transfer,2005-2005,far,z_plus_renorm,p_z_plus_renorm,,0.0758298163567925,,0.01,0.2,composite,87670.0,,,,,
anoshift_threshold_clustering_m1_v2,power,adaptive_transfer,2005-2005,far,breadth,p_breadth,,0.0076126281333448,,0.01,0.2,composite,92872.0,,,,,
anoshift_threshold_clustering_m1_v2,power,adaptive_transfer,2005-2005,far,z_mahalanobis_sq,p_z_mahalanobis_sq,,0.0898100172711571,,0.01,0.2,composite,55005.0,,,,,
anoshift_threshold_clustering_m1_v2,power,adaptive_transfer,2005-2005,far,t_iut,p_t_iut,,0.072370758810798,,0.01,0.2,composite,92869.0,,,,,
anoshift_threshold_clustering_m1_v2,power,adaptive_transfer,2005-2005,far,z_plus_softmax,p_z_plus_softmax,,0.0693737880688947,,0.01,0.2,composite,87670.0,,,,,
anoshift_threshold_clustering_m1_v2,power,adaptive_transfer,2005-2005,far,z_plus_orth,p_z_plus_orth,,0.0642637162085091,,0.01,0.2,composite,87670.0,,,,,
anoshift_threshold_clustering_m1_v2,power,adaptive_transfer,2005-2005,far,z_plus,p_z_plus,,0.0500920651670632,,0.01,0.3,composite,92869.0,,,,,
anoshift_threshold_clustering_m1_v2,power,adaptive_transfer,2005-2005,far,z_plus_renorm,p_z_plus_renorm,,0.0758298163567925,,0.01,0.3,composite,87670.0,,,,,
anoshift_threshold_clustering_m1_v2,power,adaptive_transfer,2005-2005,far,breadth,p_breadth,,0.0076126281333448,,0.01,0.3,composite,92872.0,,,,,
anoshift_threshold_clustering_m1_v2,power,adaptive_transfer,2005-2005,far,z_mahalanobis_sq,p_z_mahalanobis_sq,,0.0898100172711571,,0.01,0.3,composite,55005.0,,,,,
anoshift_threshold_clustering_m1_v2,power,adaptive_transfer,2005-2005,far,t_iut,p_t_iut,,0.072370758810798,,0.01,0.3,composite,92869.0,,,,,
anoshift_threshold_clustering_m1_v2,power,adaptive_transfer,2005-2005,far,z_plus_softmax,p_z_plus_softmax,,0.0693737880688947,,0.01,0.3,composite,87670.0,,,,,
anoshift_threshold_clustering_m1_v2,power,adaptive_transfer,2005-2005,far,z_plus_orth,p_z_plus_orth,,0.0642637162085091,,0.01,0.3,composite,87670.0,,,,,
anoshift_threshold_clustering_m1_v2,power,adaptive_transfer,2005-2005,far,z_plus,p_z_plus,,0.0500920651670632,,0.05,0.05,composite,92869.0,,,,,
anoshift_threshold_clustering_m1_v2,power,adaptive_transfer,2005-2005,far,z_plus_renorm,p_z_plus_renorm,,0.0758298163567925,,0.05,0.05,composite,87670.0,,,,,
anoshift_threshold_clustering_m1_v2,power,adaptive_transfer,2005-2005,far,breadth,p_breadth,,0.0076126281333448,,0.05,0.05,composite,92872.0,,,,,
anoshift_threshold_clustering_m1_v2,power,adaptive_transfer,2005-2005,far,z_mahalanobis_sq,p_z_mahalanobis_sq,,0.0898100172711571,,0.05,0.05,composite,55005.0,,,,,
anoshift_threshold_clustering_m1_v2,power,adaptive_transfer,2005-2005,far,t_iut,p_t_iut,,0.072370758810798,,0.05,0.05,composite,92869.0,,,,,
anoshift_threshold_clustering_m1_v2,power,adaptive_transfer,2005-2005,far,z_plus_softmax,p_z_plus_softmax,,0.0693737880688947,,0.05,0.05,composite,87670.0,,,,,
anoshift_threshold_clustering_m1_v2,power,adaptive_transfer,2005-2005,far,z_plus_orth,p_z_plus_orth,,0.0642637162085091,,0.05,0.05,composite,87670.0,,,,,
anoshift_threshold_clustering_m1_v2,power,adaptive_transfer,2005-2005,far,z_plus,p_z_plus,,0.0500920651670632,,0.05,0.1,composite,92869.0,,,,,
anoshift_threshold_clustering_m1_v2,power,adaptive_transfer,2005-2005,far,z_plus_renorm,p_z_plus_renorm,,0.0758298163567925,,0.05,0.1,composite,87670.0,,,,,
anoshift_threshold_clustering_m1_v2,power,adaptive_transfer,2005-2005,far,breadth,p_breadth,,0.0076126281333448,,0.05,0.1,composite,92872.0,,,,,
anoshift_threshold_clustering_m1_v2,power,adaptive_transfer,2005-2005,far,z_mahalanobis_sq,p_z_mahalanobis_sq,,0.0898100172711571,,0.05,0.1,composite,55005.0,,,,,
anoshift_threshold_clustering_m1_v2,power,adaptive_transfer,2005-2005,far,t_iut,p_t_iut,,0.072370758810798,,0.05,0.1,composite,92869.0,,,,,
anoshift_threshold_clustering_m1_v2,power,adaptive_transfer,2005-2005,far,z_plus_softmax,p_z_plus_softmax,,0.0693737880688947,,0.05,0.1,composite,87670.0,,,,,
anoshift_threshold_clustering_m1_v2,power,adaptive_transfer,2005-2005,far,z_plus_orth,p_z_plus_orth,,0.0642637162085091,,0.05,0.1,composite,87670.0,,,,,
anoshift_threshold_clustering_m1_v2,power,adaptive_transfer,2005-2005,far,z_plus,p_z_plus,,0.0500920651670632,,0.05,0.15,composite,92869.0,,,,,
anoshift_threshold_clustering_m1_v2,power,adaptive_transfer,2005-2005,far,z_plus_renorm,p_z_plus_renorm,,0.0758298163567925,,0.05,0.15,composite,87670.0,,,,,
anoshift_threshold_clustering_m1_v2,power,adaptive_transfer,2005-2005,far,breadth,p_breadth,,0.0076126281333448,,0.05,0.15,composite,92872.0,,,,,
anoshift_threshold_clustering_m1_v2,power,adaptive_transfer,2005-2005,far,z_mahalanobis_sq,p_z_mahalanobis_sq,,0.0898100172711571,,0.05,0.15,composite,55005.0,,,,,
anoshift_threshold_clustering_m1_v2,power,adaptive_transfer,2005-2005,far,t_iut,p_t_iut,,0.072370758810798,,0.05,0.15,composite,92869.0,,,,,
anoshift_threshold_clustering_m1_v2,power,adaptive_transfer,2005-2005,far,z_plus_softmax,p_z_plus_softmax,,0.0693737880688947,,0.05,0.15,composite,87670.0,,,,,
anoshift_threshold_clustering_m1_v2,power,adaptive_transfer,2005-2005,far,z_plus_orth,p_z_plus_orth,,0.0642637162085091,,0.05,0.15,composite,87670.0,,,,,
anoshift_threshold_clustering_m1_v2,power,adaptive_transfer,2005-2005,far,z_plus,p_z_plus,,0.0500920651670632,,0.05,0.2,composite,92869.0,,,,,
anoshift_threshold_clustering_m1_v2,power,adaptive_transfer,2005-2005,far,z_plus_renorm,p_z_plus_renorm,,0.0758298163567925,,0.05,0.2,composite,87670.0,,,,,
anoshift_threshold_clustering_m1_v2,power,adaptive_transfer,2005-2005,far,breadth,p_breadth,,0.0076126281333448,,0.05,0.2,composite,92872.0,,,,,
anoshift_threshold_clustering_m1_v2,power,adaptive_transfer,2005-2005,far,z_mahalanobis_sq,p_z_mahalanobis_sq,,0.0898100172711571,,0.05,0.2,composite,55005.0,,,,,
anoshift_threshold_clustering_m1_v2,power,adaptive_transfer,2005-2005,far,t_iut,p_t_iut,,0.072370758810798,,0.05,0.2,composite,92869.0,,,,,
anoshift_threshold_clustering_m1_v2,power,adaptive_transfer,2005-2005,far,z_plus_softmax,p_z_plus_softmax,,0.0693737880688947,,0.05,0.2,composite,87670.0,,,,,
anoshift_threshold_clustering_m1_v2,power,adaptive_transfer,2005-2005,far,z_plus_orth,p_z_plus_orth,,0.0642637162085091,,0.05,0.2,composite,87670.0,,,,,
anoshift_threshold_clustering_m1_v2,power,adaptive_transfer,2005-2005,far,z_plus,p_z_plus,,0.0500920651670632,,0.05,0.3,composite,92869.0,,,,,
anoshift_threshold_clustering_m1_v2,power,adaptive_transfer,2005-2005,far,z_plus_renorm,p_z_plus_renorm,,0.0758298163567925,,0.05,0.3,composite,87670.0,,,,,
anoshift_threshold_clustering_m1_v2,power,adaptive_transfer,2005-2005,far,breadth,p_breadth,,0.0076126281333448,,0.05,0.3,composite,92872.0,,,,,
anoshift_threshold_clustering_m1_v2,power,adaptive_transfer,2005-2005,far,z_mahalanobis_sq,p_z_mahalanobis_sq,,0.0898100172711571,,0.05,0.3,composite,55005.0,,,,,
anoshift_threshold_clustering_m1_v2,power,adaptive_transfer,2005-2005,far,t_iut,p_t_iut,,0.072370758810798,,0.05,0.3,composite,92869.0,,,,,
anoshift_threshold_clustering_m1_v2,power,adaptive_transfer,2005-2005,far,z_plus_softmax,p_z_plus_softmax,,0.0693737880688947,,0.05,0.3,composite,87670.0,,,,,
anoshift_threshold_clustering_m1_v2,power,adaptive_transfer,2005-2005,far,z_plus_orth,p_z_plus_orth,,0.0642637162085091,,0.05,0.3,composite,87670.0,,,,,
anoshift_threshold_clustering_m1_v2,power,adaptive_transfer,2005-2005,far,z_plus,p_z_plus,,0.0500920651670632,,0.1,0.05,composite,92869.0,,,,,
anoshift_threshold_clustering_m1_v2,power,adaptive_transfer,2005-2005,far,z_plus_renorm,p_z_plus_renorm,,0.0758298163567925,,0.1,0.05,composite,87670.0,,,,,
anoshift_threshold_clustering_m1_v2,power,adaptive_transfer,2005-2005,far,breadth,p_breadth,,0.0076126281333448,,0.1,0.05,composite,92872.0,,,,,
anoshift_threshold_clustering_m1_v2,power,adaptive_transfer,2005-2005,far,z_mahalanobis_sq,p_z_mahalanobis_sq,,0.0898100172711571,,0.1,0.05,composite,55005.0,,,,,
anoshift_threshold_clustering_m1_v2,power,adaptive_transfer,2005-2005,far,t_iut,p_t_iut,,0.072370758810798,,0.1,0.05,composite,92869.0,,,,,
anoshift_threshold_clustering_m1_v2,power,adaptive_transfer,2005-2005,far,z_plus_softmax,p_z_plus_softmax,,0.0693737880688947,,0.1,0.05,composite,87670.0,,,,,
anoshift_threshold_clustering_m1_v2,power,adaptive_transfer,2005-2005,far,z_plus_orth,p_z_plus_orth,,0.0642637162085091,,0.1,0.05,composite,87670.0,,,,,
anoshift_threshold_clustering_m1_v2,power,adaptive_transfer,2005-2005,far,z_plus,p_z_plus,,0.0500920651670632,,0.1,0.1,composite,92869.0,,,,,
anoshift_threshold_clustering_m1_v2,power,adaptive_transfer,2005-2005,far,z_plus_renorm,p_z_plus_renorm,,0.0758298163567925,,0.1,0.1,composite,87670.0,,,,,
anoshift_threshold_clustering_m1_v2,power,adaptive_transfer,2005-2005,far,breadth,p_breadth,,0.0076126281333448,,0.1,0.1,composite,92872.0,,,,,
anoshift_threshold_clustering_m1_v2,power,adaptive_transfer,2005-2005,far,z_mahalanobis_sq,p_z_mahalanobis_sq,,0.0898100172711571,,0.1,0.1,composite,55005.0,,,,,
anoshift_threshold_clustering_m1_v2,power,adaptive_transfer,2005-2005,far,t_iut,p_t_iut,,0.072370758810798,,0.1,0.1,composite,92869.0,,,,,
anoshift_threshold_clustering_m1_v2,power,adaptive_transfer,2005-2005,far,z_plus_softmax,p_z_plus_softmax,,0.0693737880688947,,0.1,0.1,composite,87670.0,,,,,
anoshift_threshold_clustering_m1_v2,power,adaptive_transfer,2005-2005,far,z_plus_orth,p_z_plus_orth,,0.0642637162085091,,0.1,0.1,composite,87670.0,,,,,
anoshift_threshold_clustering_m1_v2,power,adaptive_transfer,2005-2005,far,z_plus,p_z_plus,,0.0500920651670632,,0.1,0.15,composite,92869.0,,,,,
anoshift_threshold_clustering_m1_v2,power,adaptive_transfer,2005-2005,far,z_plus_renorm,p_z_plus_renorm,,0.0758298163567925,,0.1,0.15,composite,87670.0,,,,,
anoshift_threshold_clustering_m1_v2,power,adaptive_transfer,2005-2005,far,breadth,p_breadth,,0.0076126281333448,,0.1,0.15,composite,92872.0,,,,,
anoshift_threshold_clustering_m1_v2,power,adaptive_transfer,2005-2005,far,z_mahalanobis_sq,p_z_mahalanobis_sq,,0.0898100172711571,,0.1,0.15,composite,55005.0,,,,,
anoshift_threshold_clustering_m1_v2,power,adaptive_transfer,2005-2005,far,t_iut,p_t_iut,,0.072370758810798,,0.1,0.15,composite,92869.0,,,,,
anoshift_threshold_clustering_m1_v2,power,adaptive_transfer,2005-2005,far,z_plus_softmax,p_z_plus_softmax,,0.0693737880688947,,0.1,0.15,composite,87670.0,,,,,
anoshift_threshold_clustering_m1_v2,power,adaptive_transfer,2005-2005,far,z_plus_orth,p_z_plus_orth,,0.0642637162085091,,0.1,0.15,composite,87670.0,,,,,
anoshift_threshold_clustering_m1_v2,power,adaptive_transfer,2005-2005,far,z_plus,p_z_plus,,0.0500920651670632,,0.1,0.2,composite,92869.0,,,,,
anoshift_threshold_clustering_m1_v2,power,adaptive_transfer,2005-2005,far,z_plus_renorm,p_z_plus_renorm,,0.0758298163567925,,0.1,0.2,composite,87670.0,,,,,
anoshift_threshold_clustering_m1_v2,power,adaptive_transfer,2005-2005,far,breadth,p_breadth,,0.0076126281333448,,0.1,0.2,composite,92872.0,,,,,
anoshift_threshold_clustering_m1_v2,power,adaptive_transfer,2005-2005,far,z_mahalanobis_sq,p_z_mahalanobis_sq,,0.0898100172711571,,0.1,0.2,composite,55005.0,,,,,
anoshift_threshold_clustering_m1_v2,power,adaptive_transfer,2005-2005,far,t_iut,p_t_iut,,0.072370758810798,,0.1,0.2,composite,92869.0,,,,,
anoshift_threshold_clustering_m1_v2,power,adaptive_transfer,2005-2005,far,z_plus_softmax,p_z_plus_softmax,,0.0693737880688947,,0.1,0.2,composite,87670.0,,,,,
anoshift_threshold_clustering_m1_v2,power,adaptive_transfer,2005-2005,far,z_plus_orth,p_z_plus_orth,,0.0642637162085091,,0.1,0.2,composite,87670.0,,,,,
anoshift_threshold_clustering_m1_v2,power,adaptive_transfer,2005-2005,far,z_plus,p_z_plus,,0.0500920651670632,,0.1,0.3,composite,92869.0,,,,,
anoshift_threshold_clustering_m1_v2,power,adaptive_transfer,2005-2005,far,z_plus_renorm,p_z_plus_renorm,,0.0758298163567925,,0.1,0.3,composite,87670.0,,,,,
anoshift_threshold_clustering_m1_v2,power,adaptive_transfer,2005-2005,far,breadth,p_breadth,,0.0076126281333448,,0.1,0.3,composite,92872.0,,,,,
anoshift_threshold_clustering_m1_v2,power,adaptive_transfer,2005-2005,far,z_mahalanobis_sq,p_z_mahalanobis_sq,,0.0898100172711571,,0.1,0.3,composite,55005.0,,,,,
anoshift_threshold_clustering_m1_v2,power,adaptive_transfer,2005-2005,far,t_iut,p_t_iut,,0.072370758810798,,0.1,0.3,composite,92869.0,,,,,
anoshift_threshold_clustering_m1_v2,power,adaptive_transfer,2005-2005,far,z_plus_softmax,p_z_plus_softmax,,0.0693737880688947,,0.1,0.3,composite,87670.0,,,,,
anoshift_threshold_clustering_m1_v2,power,adaptive_transfer,2005-2005,far,z_plus_orth,p_z_plus_orth,,0.0642637162085091,,0.1,0.3,composite,87670.0,,,,,
anoshift,calibration_diagnostic,adaptive_transfer,2007-2007,,,,,,,,,,,,,447.0,30.0,candidate_scored
anoshift,calibration_diagnostic,adaptive_transfer,2007-2007,,,,,,,,,,,,,447.0,30.0,selected
anoshift,fpr,adaptive_transfer,2007-2007,iid,z_plus,p_z_plus,4140.0,0.0555555555555555,,,,,,,,,,
anoshift,fpr,adaptive_transfer,2007-2007,iid,z_plus_renorm,p_z_plus_renorm,4081.0,0.0707729468599033,,,,,,,,,,
anoshift,fpr,adaptive_transfer,2007-2007,iid,breadth,p_breadth,4140.0,0.0089371980676328,,,,,,,,,,
anoshift,fpr,adaptive_transfer,2007-2007,iid,z_mahalanobis_sq,p_z_mahalanobis_sq,3049.0,0.0425120772946859,,,,,,,,,,
anoshift,fpr,adaptive_transfer,2007-2007,iid,t_iut,p_t_iut,4140.0,0.0483091787439613,,,,,,,,,,
anoshift,fpr,adaptive_transfer,2007-2007,iid,z_plus_softmax,p_z_plus_softmax,4081.0,0.0681159420289855,,,,,,,,,,
anoshift,fpr,adaptive_transfer,2007-2007,iid,z_plus_orth,p_z_plus_orth,4081.0,0.0606280193236715,,,,,,,,,,
anoshift,fpr,adaptive_transfer,2007-2007,near,z_plus,p_z_plus,2932.0,0.0453615279672578,,,,,,,,,,
anoshift,fpr,adaptive_transfer,2007-2007,near,z_plus_renorm,p_z_plus_renorm,2898.0,0.0688949522510232,,,,,,,,,,
anoshift,fpr,adaptive_transfer,2007-2007,near,breadth,p_breadth,2932.0,0.0092087312414733,,,,,,,,,,
anoshift,fpr,adaptive_transfer,2007-2007,near,z_mahalanobis_sq,p_z_mahalanobis_sq,2298.0,0.0310368349249658,,,,,,,,,,
anoshift,fpr,adaptive_transfer,2007-2007,near,t_iut,p_t_iut,2932.0,0.0487721691678035,,,,,,,,,,
anoshift,fpr,adaptive_transfer,2007-2007,near,z_plus_softmax,p_z_plus_softmax,2898.0,0.0487721691678035,,,,,,,,,,
anoshift,fpr,adaptive_transfer,2007-2007,near,z_plus_orth,p_z_plus_orth,2898.0,0.0433151432469304,,,,,,,,,,
anoshift,fpr,adaptive_transfer,2007-2007,far,z_plus,p_z_plus,4232.0,0.0434782608695652,,,,,,,,,,
anoshift,fpr,adaptive_transfer,2007-2007,far,z_plus_renorm,p_z_plus_renorm,4181.0,0.0498582230623818,,,,,,,,,,
anoshift,fpr,adaptive_transfer,2007-2007,far,breadth,p_breadth,4232.0,0.0085066162570888,,,,,,,,,,
anoshift,fpr,adaptive_transfer,2007-2007,far,z_mahalanobis_sq,p_z_mahalanobis_sq,3599.0,0.0326086956521739,,,,,,,,,,
anoshift,fpr,adaptive_transfer,2007-2007,far,t_iut,p_t_iut,4232.0,0.0425330812854442,,,,,,,,,,
anoshift,fpr,adaptive_transfer,2007-2007,far,z_plus_softmax,p_z_plus_softmax,4181.0,0.0441871455576559,,,,,,,,,,
anoshift,fpr,adaptive_transfer,2007-2007,far,z_plus_orth,p_z_plus_orth,4181.0,0.0401701323251417,,,,,,,,,,
anoshift_yearly,annual_fpr,adaptive_transfer,2007-2007,,z_mahalanobis_sq,p_z_mahalanobis_sq,0.0,,2003.0,,,,,,,,,
anoshift_yearly,annual_fpr,adaptive_transfer,2007-2007,,z_mahalanobis_sq,p_z_mahalanobis_sq,0.0,,2004.0,,,,,,,,,
anoshift_yearly,annual_fpr,adaptive_transfer,2007-2007,,z_mahalanobis_sq,p_z_mahalanobis_sq,35.0,0.0093632958801498,2005.0,,,,,,,,,
anoshift_yearly,annual_fpr,adaptive_transfer,2007-2007,,z_mahalanobis_sq,p_z_mahalanobis_sq,353.0,0.0709342560553633,2006.0,,,,,,,,,
anoshift_yearly,annual_fpr,adaptive_transfer,2007-2007,,z_mahalanobis_sq,p_z_mahalanobis_sq,447.0,0.0622895622895622,2007.0,,,,,,,,,
anoshift_yearly,annual_fpr,adaptive_transfer,2007-2007,,z_mahalanobis_sq,p_z_mahalanobis_sq,460.0,0.038269550748752,2008.0,,,,,,,,,
anoshift_yearly,annual_fpr,adaptive_transfer,2007-2007,,z_mahalanobis_sq,p_z_mahalanobis_sq,460.0,0.0411663807890223,2009.0,,,,,,,,,
anoshift_yearly,annual_fpr,adaptive_transfer,2007-2007,,z_mahalanobis_sq,p_z_mahalanobis_sq,438.0,0.0347682119205298,2010.0,,,,,,,,,
anoshift_yearly,annual_fpr,adaptive_transfer,2007-2007,,z_mahalanobis_sq,p_z_mahalanobis_sq,451.0,0.0319865319865319,2011.0,,,,,,,,,
anoshift_yearly,annual_fpr,adaptive_transfer,2007-2007,,z_mahalanobis_sq,p_z_mahalanobis_sq,440.0,0.0187713310580204,2012.0,,,,,,,,,
anoshift_yearly,annual_fpr,adaptive_transfer,2007-2007,,z_mahalanobis_sq,p_z_mahalanobis_sq,455.0,0.0296167247386759,2013.0,,,,,,,,,
anoshift_yearly,annual_fpr,adaptive_transfer,2007-2007,,z_mahalanobis_sq,p_z_mahalanobis_sq,449.0,0.0310880829015544,2014.0,,,,,,,,,
anoshift_yearly,annual_fpr,adaptive_transfer,2007-2007,,z_mahalanobis_sq,p_z_mahalanobis_sq,456.0,0.0218855218855218,2015.0,,,,,,,,,
anoshift_yearly,annual_fpr,adaptive_transfer,2007-2007,,z_mahalanobis_sq,p_z_mahalanobis_sq,468.0,0.0271646859083191,2016.0,,,,,,,,,
anoshift_yearly,annual_fpr,adaptive_transfer,2007-2007,,z_mahalanobis_sq,p_z_mahalanobis_sq,470.0,0.0453020134228187,2017.0,,,,,,,,,
anoshift_yearly,annual_fpr,adaptive_transfer,2007-2007,,z_mahalanobis_sq,p_z_mahalanobis_sq,487.0,0.0295566502463054,2018.0,,,,,,,,,
anoshift_yearly,annual_fpr,adaptive_transfer,2007-2007,,z_mahalanobis_sq,p_z_mahalanobis_sq,511.0,0.0361635220125786,2019.0,,,,,,,,,
anoshift_yearly,annual_fpr,adaptive_transfer,2007-2007,,z_mahalanobis_sq,p_z_mahalanobis_sq,538.0,0.0367534456355283,2020.0,,,,,,,,,
anoshift_yearly,annual_fpr,adaptive_transfer,2007-2007,,z_mahalanobis_sq,p_z_mahalanobis_sq,578.0,0.0307017543859649,2021.0,,,,,,,,,
anoshift_yearly,annual_fpr,adaptive_transfer,2007-2007,,z_mahalanobis_sq,p_z_mahalanobis_sq,628.0,0.0335664335664335,2022.0,,,,,,,,,
anoshift_yearly,annual_fpr,adaptive_transfer,2007-2007,,z_mahalanobis_sq,p_z_mahalanobis_sq,598.0,0.0430416068866571,2023.0,,,,,,,,,
anoshift_yearly,annual_fpr,adaptive_transfer,2007-2007,,z_mahalanobis_sq,p_z_mahalanobis_sq,615.0,0.0238095238095238,2024.0,,,,,,,,,
anoshift_yearly,annual_fpr,adaptive_transfer,2007-2007,,z_mahalanobis_sq,p_z_mahalanobis_sq,642.0,0.0286085825747724,2025.0,,,,,,,,,
anoshift_correlated_gaussian,power,adaptive_transfer,2007-2007,near,z_plus,p_z_plus,,0.0413186813186813,,0.01,0.05,composite,2298.0,0.4436311514572383,0.0,,,
anoshift_correlated_gaussian,power,adaptive_transfer,2007-2007,near,z_plus_renorm,p_z_plus_renorm,,0.0537538871612616,,0.01,0.05,composite,2274.0,0.4505437196994573,0.0,,,
anoshift_correlated_gaussian,power,adaptive_transfer,2007-2007,near,breadth,p_breadth,,0.0114285714285714,,0.01,0.05,composite,2298.0,0.4843764930721452,0.0434782608695652,,,
anoshift_correlated_gaussian,power,adaptive_transfer,2007-2007,near,z_mahalanobis_sq,p_z_mahalanobis_sq,,0.04,,0.01,0.05,composite,2298.0,0.4708456760630674,0.0,,,
anoshift_correlated_gaussian,power,adaptive_transfer,2007-2007,near,t_iut,p_t_iut,,0.0404395604395604,,0.01,0.05,composite,2298.0,0.4443191591017678,0.1304347826086956,,,
anoshift_correlated_gaussian,power,adaptive_transfer,2007-2007,near,z_plus_softmax,p_z_plus_softmax,,0.0439804531319413,,0.01,0.05,composite,2274.0,0.4435709732872346,0.0,,,
anoshift_correlated_gaussian,power,adaptive_transfer,2007-2007,near,z_plus_orth,p_z_plus_orth,,0.0373167481119502,,0.01,0.05,composite,2274.0,0.4413690533675854,0.0,,,
anoshift_correlated_gaussian,power,adaptive_transfer,2007-2007,near,z_plus,p_z_plus,,0.0413186813186813,,0.01,0.1,composite,2298.0,0.4240611562350693,0.0,,,
anoshift_correlated_gaussian,power,adaptive_transfer,2007-2007,near,z_plus_renorm,p_z_plus_renorm,,0.0528653931585961,,0.01,0.1,composite,2274.0,0.4578448225909257,0.0869565217391304,,,
anoshift_correlated_gaussian,power,adaptive_transfer,2007-2007,near,breadth,p_breadth,,0.0118681318681318,,0.01,0.1,composite,2298.0,0.434495938843765,0.0,,,
anoshift_correlated_gaussian,power,adaptive_transfer,2007-2007,near,z_mahalanobis_sq,p_z_mahalanobis_sq,,0.04,,0.01,0.1,composite,2298.0,0.5020544672718585,0.0,,,
anoshift_correlated_gaussian,power,adaptive_transfer,2007-2007,near,t_iut,p_t_iut,,0.0413186813186813,,0.01,0.1,composite,2298.0,0.4186335403726708,0.0,,,
anoshift_correlated_gaussian,power,adaptive_transfer,2007-2007,near,z_plus_softmax,p_z_plus_softmax,,0.0430919591292758,,0.01,0.1,composite,2274.0,0.4563768759778263,0.1304347826086956,,,
anoshift_correlated_gaussian,power,adaptive_transfer,2007-2007,near,z_plus_orth,p_z_plus_orth,,0.0368725011106175,,0.01,0.1,composite,2274.0,0.4514708438761516,0.0869565217391304,,,
anoshift_correlated_gaussian,power,adaptive_transfer,2007-2007,near,z_plus,p_z_plus,,0.0408791208791208,,0.01,0.15,composite,2298.0,0.5750979455327281,0.0434782608695652,,,
anoshift_correlated_gaussian,power,adaptive_transfer,2007-2007,near,z_plus_renorm,p_z_plus_renorm,,0.0528653931585961,,0.01,0.15,composite,2274.0,0.5264133814922836,0.0869565217391304,,,
anoshift_correlated_gaussian,power,adaptive_transfer,2007-2007,near,breadth,p_breadth,,0.0118681318681318,,0.01,0.15,composite,2298.0,0.6126803631151457,0.0,,,
anoshift_correlated_gaussian,power,adaptive_transfer,2007-2007,near,z_mahalanobis_sq,p_z_mahalanobis_sq,,0.0395604395604395,,0.01,0.15,composite,2298.0,0.5051505016722408,0.0434782608695652,,,
anoshift_correlated_gaussian,power,adaptive_transfer,2007-2007,near,t_iut,p_t_iut,,0.0413186813186813,,0.01,0.15,composite,2298.0,0.565370281892021,0.0869565217391304,,,
anoshift_correlated_gaussian,power,adaptive_transfer,2007-2007,near,z_plus_softmax,p_z_plus_softmax,,0.0435362061306086,,0.01,0.15,composite,2274.0,0.5173739207695129,0.1304347826086956,,,
anoshift_correlated_gaussian,power,adaptive_transfer,2007-2007,near,z_plus_orth,p_z_plus_orth,,0.0364282541092847,,0.01,0.15,composite,2274.0,0.5233036524829545,0.1304347826086956,,,
anoshift_correlated_gaussian,power,adaptive_transfer,2007-2007,near,z_plus,p_z_plus,,0.0413186813186813,,0.01,0.2,composite,2298.0,0.4922503583373148,0.0,,,
anoshift_correlated_gaussian,power,adaptive_transfer,2007-2007,near,z_plus_renorm,p_z_plus_renorm,,0.0537538871612616,,0.01,0.2,composite,2274.0,0.4888841674231742,0.0,,,
anoshift_correlated_gaussian,power,adaptive_transfer,2007-2007,near,breadth,p_breadth,,0.0118681318681318,,0.01,0.2,composite,2298.0,0.4913903487816531,0.0,,,
anoshift_correlated_gaussian,power,adaptive_transfer,2007-2007,near,z_mahalanobis_sq,p_z_mahalanobis_sq,,0.04,,0.01,0.2,composite,2298.0,0.5048829431438128,0.0,,,
anoshift_correlated_gaussian,power,adaptive_transfer,2007-2007,near,t_iut,p_t_iut,,0.0413186813186813,,0.01,0.2,composite,2298.0,0.4139130434782608,0.0869565217391304,,,
anoshift_correlated_gaussian,power,adaptive_transfer,2007-2007,near,z_plus_softmax,p_z_plus_softmax,,0.0435362061306086,,0.01,0.2,composite,2274.0,0.4880729337685666,0.0,,,
anoshift_correlated_gaussian,power,adaptive_transfer,2007-2007,near,z_plus_orth,p_z_plus_orth,,0.0368725011106175,,0.01,0.2,composite,2274.0,0.489869236860912,0.0,,,
anoshift_correlated_gaussian,power,adaptive_transfer,2007-2007,near,z_plus,p_z_plus,,0.0413186813186813,,0.01,0.3,composite,2298.0,0.5230004777830866,0.0,,,
anoshift_correlated_gaussian,power,adaptive_transfer,2007-2007,near,z_plus_renorm,p_z_plus_renorm,,0.0537538871612616,,0.01,0.3,composite,2274.0,0.508392405307786,0.0434782608695652,,,
anoshift_correlated_gaussian,power,adaptive_transfer,2007-2007,near,breadth,p_breadth,,0.0118681318681318,,0.01,0.3,composite,2298.0,0.555078834209269,0.0,,,
anoshift_correlated_gaussian,power,adaptive_transfer,2007-2007,near,z_mahalanobis_sq,p_z_mahalanobis_sq,,0.0395604395604395,,0.01,0.3,composite,2298.0,0.5026660296225514,0.0869565217391304,,,
anoshift_correlated_gaussian,power,adaptive_transfer,2007-2007,near,t_iut,p_t_iut,,0.0413186813186813,,0.01,0.3,composite,2298.0,0.4958432871476349,0.0434782608695652,,,
anoshift_correlated_gaussian,power,adaptive_transfer,2007-2007,near,z_plus_softmax,p_z_plus_softmax,,0.0439804531319413,,0.01,0.3,composite,2274.0,0.4840553956695575,0.0,,,
anoshift_correlated_gaussian,power,adaptive_transfer,2007-2007,near,z_plus_orth,p_z_plus_orth,,0.0373167481119502,,0.01,0.3,composite,2274.0,0.4874741660711181,0.0,,,
anoshift_correlated_gaussian,power,adaptive_transfer,2007-2007,near,z_plus,p_z_plus,,0.0398534127347686,,0.05,0.05,composite,2298.0,0.5014638809775139,0.0608695652173913,,,
anoshift_correlated_gaussian,power,adaptive_transfer,2007-2007,near,z_plus_renorm,p_z_plus_renorm,,0.0513888888888888,,0.05,0.05,composite,2273.0,0.4953457882661423,0.0884955752212389,,,
anoshift_correlated_gaussian,power,adaptive_transfer,2007-2007,near,breadth,p_breadth,,0.0114521300961978,,0.05,0.05,composite,2298.0,0.4961381425640822,0.017391304347826,,,
anoshift_correlated_gaussian,power,adaptive_transfer,2007-2007,near,z_mahalanobis_sq,p_z_mahalanobis_sq,,0.0384791571232249,,0.05,0.05,composite,2298.0,0.4958194745961879,0.0608695652173913,,,
anoshift_correlated_gaussian,power,adaptive_transfer,2007-2007,near,t_iut,p_t_iut,,0.0398534127347686,,0.05,0.05,composite,2298.0,0.5434444023979765,0.0695652173913043,,,
anoshift_correlated_gaussian,power,adaptive_transfer,2007-2007,near,z_plus_softmax,p_z_plus_softmax,,0.0425925925925925,,0.05,0.05,composite,2273.0,0.4952146837102589,0.0973451327433628,,,
anoshift_correlated_gaussian,power,adaptive_transfer,2007-2007,near,z_plus_orth,p_z_plus_orth,,0.037037037037037,,0.05,0.05,composite,2273.0,0.4948172730252376,0.0884955752212389,,,
anoshift_correlated_gaussian,power,adaptive_transfer,2007-2007,near,z_plus,p_z_plus,,0.0412276683463124,,0.05,0.1,composite,2298.0,0.5068533529845246,0.0347826086956521,,,
anoshift_correlated_gaussian,power,adaptive_transfer,2007-2007,near,z_plus_renorm,p_z_plus_renorm,,0.0532654006484483,,0.05,0.1,composite,2273.0,0.5245443390783582,0.0526315789473684,,,
anoshift_correlated_gaussian,power,adaptive_transfer,2007-2007,near,breadth,p_breadth,,0.0123683005038937,,0.05,0.1,composite,2298.0,0.4825808122049832,0.0260869565217391,,,
anoshift_correlated_gaussian,power,adaptive_transfer,2007-2007,near,z_mahalanobis_sq,p_z_mahalanobis_sq,,0.0389372423270728,,0.05,0.1,composite,2298.0,0.5167519767372384,0.0521739130434782,,,
anoshift_correlated_gaussian,power,adaptive_transfer,2007-2007,near,t_iut,p_t_iut,,0.0393953275309207,,0.05,0.1,composite,2298.0,0.4981377840626182,0.0608695652173913,,,
anoshift_correlated_gaussian,power,adaptive_transfer,2007-2007,near,z_plus_softmax,p_z_plus_softmax,,0.0435386753126447,,0.05,0.1,composite,2273.0,0.5174260338200759,0.0526315789473684,,,
anoshift_correlated_gaussian,power,adaptive_transfer,2007-2007,near,z_plus_orth,p_z_plus_orth,,0.0370541917554423,,0.05,0.1,composite,2273.0,0.5177591965091051,0.0614035087719298,,,
anoshift_correlated_gaussian,power,adaptive_transfer,2007-2007,near,z_plus,p_z_plus,,0.0407695831424645,,0.05,0.15,composite,2298.0,0.4880758429763588,0.0347826086956521,,,
anoshift_correlated_gaussian,power,adaptive_transfer,2007-2007,near,z_plus_renorm,p_z_plus_renorm,,0.0541917554423344,,0.05,0.15,composite,2272.0,0.4845737333327867,0.0265486725663716,,,
anoshift_correlated_gaussian,power,adaptive_transfer,2007-2007,near,breadth,p_breadth,,0.0109940448923499,,0.05,0.15,composite,2298.0,0.5012069549283993,0.0260869565217391,,,
anoshift_correlated_gaussian,power,adaptive_transfer,2007-2007,near,z_mahalanobis_sq,p_z_mahalanobis_sq,,0.0398534127347686,,0.05,0.15,composite,2298.0,0.4879563424883985,0.0260869565217391,,,
anoshift_correlated_gaussian,power,adaptive_transfer,2007-2007,near,t_iut,p_t_iut,,0.0412276683463124,,0.05,0.15,composite,2298.0,0.4698321018144157,0.0434782608695652,,,
anoshift_correlated_gaussian,power,adaptive_transfer,2007-2007,near,z_plus_softmax,p_z_plus_softmax,,0.0444650301065308,,0.05,0.15,composite,2272.0,0.4781138432656875,0.0353982300884955,,,
anoshift_correlated_gaussian,power,adaptive_transfer,2007-2007,near,z_plus_orth,p_z_plus_orth,,0.0375173691523853,,0.05,0.15,composite,2272.0,0.4764127935335516,0.0353982300884955,,,
anoshift_correlated_gaussian,power,adaptive_transfer,2007-2007,near,z_plus,p_z_plus,,0.0407695831424645,,0.05,0.2,composite,2298.0,0.5083789758808182,0.0521739130434782,,,
anoshift_correlated_gaussian,power,adaptive_transfer,2007-2007,near,z_plus_renorm,p_z_plus_renorm,,0.0523390458545623,,0.05,0.2,composite,2274.0,0.5023541494653321,0.0956521739130434,,,
anoshift_correlated_gaussian,power,adaptive_transfer,2007-2007,near,breadth,p_breadth,,0.0119102153000458,,0.05,0.2,composite,2298.0,0.4919655838594674,0.0,,,
anoshift_correlated_gaussian,power,adaptive_transfer,2007-2007,near,z_mahalanobis_sq,p_z_mahalanobis_sq,,0.0398534127347686,,0.05,0.2,composite,2298.0,0.514469517417196,0.0434782608695652,,,
anoshift_correlated_gaussian,power,adaptive_transfer,2007-2007,near,t_iut,p_t_iut,,0.0398534127347686,,0.05,0.2,composite,2298.0,0.5001254755123583,0.0695652173913043,,,
anoshift_correlated_gaussian,power,adaptive_transfer,2007-2007,near,z_plus_softmax,p_z_plus_softmax,,0.0444650301065308,,0.05,0.2,composite,2274.0,0.4999899309261534,0.0695652173913043,,,
anoshift_correlated_gaussian,power,adaptive_transfer,2007-2007,near,z_plus_orth,p_z_plus_orth,,0.0379805465493283,,0.05,0.2,composite,2274.0,0.4992931510159695,0.0695652173913043,,,
anoshift_correlated_gaussian,power,adaptive_transfer,2007-2007,near,z_plus,p_z_plus,,0.0393953275309207,,0.05,0.3,composite,2298.0,0.50367464000478,0.0608695652173913,,,
anoshift_correlated_gaussian,power,adaptive_transfer,2007-2007,near,z_plus_renorm,p_z_plus_renorm,,0.0527533549282739,,0.05,0.3,composite,2275.0,0.5145928217118456,0.0614035087719298,,,
anoshift_correlated_gaussian,power,adaptive_transfer,2007-2007,near,breadth,p_breadth,,0.0109940448923499,,0.05,0.3,composite,2298.0,0.4962596347268417,0.0521739130434782,,,
anoshift_correlated_gaussian,power,adaptive_transfer,2007-2007,near,z_mahalanobis_sq,p_z_mahalanobis_sq,,0.037562986715529,,0.05,0.3,composite,2298.0,0.5489254914457568,0.0782608695652174,,,
anoshift_correlated_gaussian,power,adaptive_transfer,2007-2007,near,t_iut,p_t_iut,,0.0403114979386165,,0.05,0.3,composite,2298.0,0.4709115895556574,0.0521739130434782,,,
anoshift_correlated_gaussian,power,adaptive_transfer,2007-2007,near,z_plus_softmax,p_z_plus_softmax,,0.0434983803794539,,0.05,0.3,composite,2275.0,0.512275018875277,0.0526315789473684,,,
anoshift_correlated_gaussian,power,adaptive_transfer,2007-2007,near,z_plus_orth,p_z_plus_orth,,0.0374826469227209,,0.05,0.3,composite,2275.0,0.5129447867702575,0.0526315789473684,,,
anoshift_correlated_gaussian,power,adaptive_transfer,2007-2007,near,z_plus,p_z_plus,,0.0386847195357833,,0.1,0.05,composite,2298.0,0.5406200067277773,0.0565217391304347,,,
anoshift_correlated_gaussian,power,adaptive_transfer,2007-2007,near,z_plus_renorm,p_z_plus_renorm,,0.0537371763556424,,0.1,0.05,composite,2274.0,0.5340252954253458,0.052863436123348,,,
anoshift_correlated_gaussian,power,adaptive_transfer,2007-2007,near,breadth,p_breadth,,0.0120889748549323,,0.1,0.05,composite,2298.0,0.5227514506769826,0.008695652173913,,,
anoshift_correlated_gaussian,power,adaptive_transfer,2007-2007,near,z_mahalanobis_sq,p_z_mahalanobis_sq,,0.0377176015473887,,0.1,0.05,composite,2298.0,0.5164304936506602,0.0565217391304347,,,
anoshift_correlated_gaussian,power,adaptive_transfer,2007-2007,near,t_iut,p_t_iut,,0.0425531914893617,,0.1,0.05,composite,2298.0,0.5029791438903373,0.0347826086956521,,,
anoshift_correlated_gaussian,power,adaptive_transfer,2007-2007,near,z_plus_softmax,p_z_plus_softmax,,0.0405471421592574,,0.1,0.05,composite,2274.0,0.5395130727464066,0.0837004405286343,,,
anoshift_correlated_gaussian,power,adaptive_transfer,2007-2007,near,z_plus_orth,p_z_plus_orth,,0.0351734245236932,,0.1,0.05,composite,2274.0,0.5398487955942832,0.079295154185022,,,
anoshift_correlated_gaussian,power,adaptive_transfer,2007-2007,near,z_plus,p_z_plus,,0.0435203094777562,,0.1,0.1,composite,2298.0,0.4730510470103439,0.0217391304347826,,,
anoshift_correlated_gaussian,power,adaptive_transfer,2007-2007,near,z_plus_renorm,p_z_plus_renorm,,0.0555555555555555,,0.1,0.1,composite,2278.0,0.4715796373923994,0.0265486725663716,,,
anoshift_correlated_gaussian,power,adaptive_transfer,2007-2007,near,breadth,p_breadth,,0.0120889748549323,,0.1,0.1,composite,2298.0,0.4894594651417038,0.008695652173913,,,
anoshift_correlated_gaussian,power,adaptive_transfer,2007-2007,near,z_mahalanobis_sq,p_z_mahalanobis_sq,,0.0411025145067698,,0.1,0.1,composite,2298.0,0.5152510301909007,0.0304347826086956,,,
anoshift_correlated_gaussian,power,adaptive_transfer,2007-2007,near,t_iut,p_t_iut,,0.0415860735009671,,0.1,0.1,composite,2298.0,0.4686611723151964,0.0304347826086956,,,
anoshift_correlated_gaussian,power,adaptive_transfer,2007-2007,near,z_plus_softmax,p_z_plus_softmax,,0.0443469785575048,,0.1,0.1,composite,2278.0,0.4722675050458003,0.0530973451327433,,,
anoshift_correlated_gaussian,power,adaptive_transfer,2007-2007,near,z_plus_orth,p_z_plus_orth,,0.0380116959064327,,0.1,0.1,composite,2278.0,0.4738804360951543,0.0619469026548672,,,
anoshift_correlated_gaussian,power,adaptive_transfer,2007-2007,near,z_plus,p_z_plus,,0.0415860735009671,,0.1,0.15,composite,2298.0,0.5111775712723909,0.0347826086956521,,,
anoshift_correlated_gaussian,power,adaptive_transfer,2007-2007,near,z_plus_renorm,p_z_plus_renorm,,0.0503175378602833,,0.1,0.15,composite,2272.0,0.5334158388970309,0.0622222222222222,,,
anoshift_correlated_gaussian,power,adaptive_transfer,2007-2007,near,breadth,p_breadth,,0.0120889748549323,,0.1,0.15,composite,2298.0,0.4768785215709359,0.0130434782608695,,,
anoshift_correlated_gaussian,power,adaptive_transfer,2007-2007,near,z_mahalanobis_sq,p_z_mahalanobis_sq,,0.0406189555125725,,0.1,0.15,composite,2298.0,0.5104764107308049,0.0434782608695652,,,
anoshift_correlated_gaussian,power,adaptive_transfer,2007-2007,near,t_iut,p_t_iut,,0.0425531914893617,,0.1,0.15,composite,2298.0,0.4851610461693718,0.0304347826086956,,,
anoshift_correlated_gaussian,power,adaptive_transfer,2007-2007,near,z_plus_softmax,p_z_plus_softmax,,0.0410356619443087,,0.1,0.15,composite,2272.0,0.5254649079954405,0.0444444444444444,,,
anoshift_correlated_gaussian,power,adaptive_transfer,2007-2007,near,z_plus_orth,p_z_plus_orth,,0.0351734245236932,,0.1,0.15,composite,2272.0,0.5264332627693644,0.0488888888888888,,,
anoshift_correlated_gaussian,power,adaptive_transfer,2007-2007,near,z_plus,p_z_plus,,0.0415860735009671,,0.1,0.2,composite,2298.0,0.5351295097132285,0.0304347826086956,,,
anoshift_correlated_gaussian,power,adaptive_transfer,2007-2007,near,z_plus_renorm,p_z_plus_renorm,,0.0531966813079551,,0.1,0.2,composite,2275.0,0.5442952962161556,0.0486725663716814,,,
anoshift_correlated_gaussian,power,adaptive_transfer,2007-2007,near,breadth,p_breadth,,0.0101547388781431,,0.1,0.2,composite,2298.0,0.5091255991926668,0.0347826086956521,,,
anoshift_correlated_gaussian,power,adaptive_transfer,2007-2007,near,z_mahalanobis_sq,p_z_mahalanobis_sq,,0.0391682785299806,,0.1,0.2,composite,2298.0,0.5409217054915483,0.0478260869565217,,,
anoshift_correlated_gaussian,power,adaptive_transfer,2007-2007,near,t_iut,p_t_iut,,0.0406189555125725,,0.1,0.2,composite,2298.0,0.4931271549911699,0.0608695652173913,,,
anoshift_correlated_gaussian,power,adaptive_transfer,2007-2007,near,z_plus_softmax,p_z_plus_softmax,,0.0424597364568082,,0.1,0.2,composite,2275.0,0.540982650721051,0.0619469026548672,,,
anoshift_correlated_gaussian,power,adaptive_transfer,2007-2007,near,z_plus_orth,p_z_plus_orth,,0.0351390922401171,,0.1,0.2,composite,2275.0,0.5408077326733955,0.0663716814159292,,,
anoshift_correlated_gaussian,power,adaptive_transfer,2007-2007,near,z_plus,p_z_plus,,0.0396518375241779,,0.1,0.3,composite,2298.0,0.5428054831385081,0.0652173913043478,,,
anoshift_correlated_gaussian,power,adaptive_transfer,2007-2007,near,z_plus_renorm,p_z_plus_renorm,,0.0537371763556424,,0.1,0.3,composite,2275.0,0.5257672760308196,0.0701754385964912,,,
anoshift_correlated_gaussian,power,adaptive_transfer,2007-2007,near,breadth,p_breadth,,0.011605415860735,,0.1,0.3,composite,2298.0,0.5512330754352031,0.0217391304347826,,,
anoshift_correlated_gaussian,power,adaptive_transfer,2007-2007,near,z_mahalanobis_sq,p_z_mahalanobis_sq,,0.038201160541586,,0.1,0.3,composite,2298.0,0.5336914473130938,0.0652173913043478,,,
anoshift_correlated_gaussian,power,adaptive_transfer,2007-2007,near,t_iut,p_t_iut,,0.0396518375241779,,0.1,0.3,composite,2298.0,0.4974034984442015,0.0739130434782608,,,
anoshift_correlated_gaussian,power,adaptive_transfer,2007-2007,near,z_plus_softmax,p_z_plus_softmax,,0.0449438202247191,,0.1,0.3,composite,2275.0,0.5165775332322011,0.0701754385964912,,,
anoshift_correlated_gaussian,power,adaptive_transfer,2007-2007,near,z_plus_orth,p_z_plus_orth,,0.0376160234489496,,0.1,0.3,composite,2275.0,0.5141585032439427,0.0701754385964912,,,
anoshift_threshold_clustering_m1_v2,power,adaptive_transfer,2007-2007,near,z_plus,p_z_plus,,0.0500920651670632,,0.01,0.05,composite,92869.0,,,,,
anoshift_threshold_clustering_m1_v2,power,adaptive_transfer,2007-2007,near,z_plus_renorm,p_z_plus_renorm,,0.0758298163567925,,0.01,0.05,composite,87670.0,,,,,
anoshift_threshold_clustering_m1_v2,power,adaptive_transfer,2007-2007,near,breadth,p_breadth,,0.0076126281333448,,0.01,0.05,composite,92872.0,,,,,
anoshift_threshold_clustering_m1_v2,power,adaptive_transfer,2007-2007,near,z_mahalanobis_sq,p_z_mahalanobis_sq,,0.0898100172711571,,0.01,0.05,composite,55005.0,,,,,
anoshift_threshold_clustering_m1_v2,power,adaptive_transfer,2007-2007,near,t_iut,p_t_iut,,0.072370758810798,,0.01,0.05,composite,92869.0,,,,,
anoshift_threshold_clustering_m1_v2,power,adaptive_transfer,2007-2007,near,z_plus_softmax,p_z_plus_softmax,,0.0693737880688947,,0.01,0.05,composite,87670.0,,,,,
anoshift_threshold_clustering_m1_v2,power,adaptive_transfer,2007-2007,near,z_plus_orth,p_z_plus_orth,,0.0642637162085091,,0.01,0.05,composite,87670.0,,,,,
anoshift_threshold_clustering_m1_v2,power,adaptive_transfer,2007-2007,near,z_plus,p_z_plus,,0.0500920651670632,,0.01,0.1,composite,92869.0,,,,,
anoshift_threshold_clustering_m1_v2,power,adaptive_transfer,2007-2007,near,z_plus_renorm,p_z_plus_renorm,,0.0758298163567925,,0.01,0.1,composite,87670.0,,,,,
anoshift_threshold_clustering_m1_v2,power,adaptive_transfer,2007-2007,near,breadth,p_breadth,,0.0076126281333448,,0.01,0.1,composite,92872.0,,,,,
anoshift_threshold_clustering_m1_v2,power,adaptive_transfer,2007-2007,near,z_mahalanobis_sq,p_z_mahalanobis_sq,,0.0898100172711571,,0.01,0.1,composite,55005.0,,,,,
anoshift_threshold_clustering_m1_v2,power,adaptive_transfer,2007-2007,near,t_iut,p_t_iut,,0.072370758810798,,0.01,0.1,composite,92869.0,,,,,
anoshift_threshold_clustering_m1_v2,power,adaptive_transfer,2007-2007,near,z_plus_softmax,p_z_plus_softmax,,0.0693737880688947,,0.01,0.1,composite,87670.0,,,,,
anoshift_threshold_clustering_m1_v2,power,adaptive_transfer,2007-2007,near,z_plus_orth,p_z_plus_orth,,0.0642637162085091,,0.01,0.1,composite,87670.0,,,,,
anoshift_threshold_clustering_m1_v2,power,adaptive_transfer,2007-2007,near,z_plus,p_z_plus,,0.0500920651670632,,0.01,0.15,composite,92869.0,,,,,
anoshift_threshold_clustering_m1_v2,power,adaptive_transfer,2007-2007,near,z_plus_renorm,p_z_plus_renorm,,0.0758298163567925,,0.01,0.15,composite,87670.0,,,,,
anoshift_threshold_clustering_m1_v2,power,adaptive_transfer,2007-2007,near,breadth,p_breadth,,0.0076126281333448,,0.01,0.15,composite,92872.0,,,,,
anoshift_threshold_clustering_m1_v2,power,adaptive_transfer,2007-2007,near,z_mahalanobis_sq,p_z_mahalanobis_sq,,0.0898100172711571,,0.01,0.15,composite,55005.0,,,,,
anoshift_threshold_clustering_m1_v2,power,adaptive_transfer,2007-2007,near,t_iut,p_t_iut,,0.072370758810798,,0.01,0.15,composite,92869.0,,,,,
anoshift_threshold_clustering_m1_v2,power,adaptive_transfer,2007-2007,near,z_plus_softmax,p_z_plus_softmax,,0.0693737880688947,,0.01,0.15,composite,87670.0,,,,,
anoshift_threshold_clustering_m1_v2,power,adaptive_transfer,2007-2007,near,z_plus_orth,p_z_plus_orth,,0.0642637162085091,,0.01,0.15,composite,87670.0,,,,,
anoshift_threshold_clustering_m1_v2,power,adaptive_transfer,2007-2007,near,z_plus,p_z_plus,,0.0500920651670632,,0.01,0.2,composite,92869.0,,,,,
anoshift_threshold_clustering_m1_v2,power,adaptive_transfer,2007-2007,near,z_plus_renorm,p_z_plus_renorm,,0.0758298163567925,,0.01,0.2,composite,87670.0,,,,,
anoshift_threshold_clustering_m1_v2,power,adaptive_transfer,2007-2007,near,breadth,p_breadth,,0.0076126281333448,,0.01,0.2,composite,92872.0,,,,,
anoshift_threshold_clustering_m1_v2,power,adaptive_transfer,2007-2007,near,z_mahalanobis_sq,p_z_mahalanobis_sq,,0.0898100172711571,,0.01,0.2,composite,55005.0,,,,,
anoshift_threshold_clustering_m1_v2,power,adaptive_transfer,2007-2007,near,t_iut,p_t_iut,,0.072370758810798,,0.01,0.2,composite,92869.0,,,,,
anoshift_threshold_clustering_m1_v2,power,adaptive_transfer,2007-2007,near,z_plus_softmax,p_z_plus_softmax,,0.0693737880688947,,0.01,0.2,composite,87670.0,,,,,
anoshift_threshold_clustering_m1_v2,power,adaptive_transfer,2007-2007,near,z_plus_orth,p_z_plus_orth,,0.0642637162085091,,0.01,0.2,composite,87670.0,,,,,
anoshift_threshold_clustering_m1_v2,power,adaptive_transfer,2007-2007,near,z_plus,p_z_plus,,0.0500920651670632,,0.01,0.3,composite,92869.0,,,,,
anoshift_threshold_clustering_m1_v2,power,adaptive_transfer,2007-2007,near,z_plus_renorm,p_z_plus_renorm,,0.0758298163567925,,0.01,0.3,composite,87670.0,,,,,
anoshift_threshold_clustering_m1_v2,power,adaptive_transfer,2007-2007,near,breadth,p_breadth,,0.0076126281333448,,0.01,0.3,composite,92872.0,,,,,
anoshift_threshold_clustering_m1_v2,power,adaptive_transfer,2007-2007,near,z_mahalanobis_sq,p_z_mahalanobis_sq,,0.0898100172711571,,0.01,0.3,composite,55005.0,,,,,
anoshift_threshold_clustering_m1_v2,power,adaptive_transfer,2007-2007,near,t_iut,p_t_iut,,0.072370758810798,,0.01,0.3,composite,92869.0,,,,,
anoshift_threshold_clustering_m1_v2,power,adaptive_transfer,2007-2007,near,z_plus_softmax,p_z_plus_softmax,,0.0693737880688947,,0.01,0.3,composite,87670.0,,,,,
anoshift_threshold_clustering_m1_v2,power,adaptive_transfer,2007-2007,near,z_plus_orth,p_z_plus_orth,,0.0642637162085091,,0.01,0.3,composite,87670.0,,,,,
anoshift_threshold_clustering_m1_v2,power,adaptive_transfer,2007-2007,near,z_plus,p_z_plus,,0.0500920651670632,,0.05,0.05,composite,92869.0,,,,,
anoshift_threshold_clustering_m1_v2,power,adaptive_transfer,2007-2007,near,z_plus_renorm,p_z_plus_renorm,,0.0758298163567925,,0.05,0.05,composite,87670.0,,,,,
anoshift_threshold_clustering_m1_v2,power,adaptive_transfer,2007-2007,near,breadth,p_breadth,,0.0076126281333448,,0.05,0.05,composite,92872.0,,,,,
anoshift_threshold_clustering_m1_v2,power,adaptive_transfer,2007-2007,near,z_mahalanobis_sq,p_z_mahalanobis_sq,,0.0898100172711571,,0.05,0.05,composite,55005.0,,,,,
anoshift_threshold_clustering_m1_v2,power,adaptive_transfer,2007-2007,near,t_iut,p_t_iut,,0.072370758810798,,0.05,0.05,composite,92869.0,,,,,
anoshift_threshold_clustering_m1_v2,power,adaptive_transfer,2007-2007,near,z_plus_softmax,p_z_plus_softmax,,0.0693737880688947,,0.05,0.05,composite,87670.0,,,,,
anoshift_threshold_clustering_m1_v2,power,adaptive_transfer,2007-2007,near,z_plus_orth,p_z_plus_orth,,0.0642637162085091,,0.05,0.05,composite,87670.0,,,,,
anoshift_threshold_clustering_m1_v2,power,adaptive_transfer,2007-2007,near,z_plus,p_z_plus,,0.0500920651670632,,0.05,0.1,composite,92869.0,,,,,
anoshift_threshold_clustering_m1_v2,power,adaptive_transfer,2007-2007,near,z_plus_renorm,p_z_plus_renorm,,0.0758298163567925,,0.05,0.1,composite,87670.0,,,,,
anoshift_threshold_clustering_m1_v2,power,adaptive_transfer,2007-2007,near,breadth,p_breadth,,0.0076126281333448,,0.05,0.1,composite,92872.0,,,,,
anoshift_threshold_clustering_m1_v2,power,adaptive_transfer,2007-2007,near,z_mahalanobis_sq,p_z_mahalanobis_sq,,0.0898100172711571,,0.05,0.1,composite,55005.0,,,,,
anoshift_threshold_clustering_m1_v2,power,adaptive_transfer,2007-2007,near,t_iut,p_t_iut,,0.072370758810798,,0.05,0.1,composite,92869.0,,,,,
anoshift_threshold_clustering_m1_v2,power,adaptive_transfer,2007-2007,near,z_plus_softmax,p_z_plus_softmax,,0.0693737880688947,,0.05,0.1,composite,87670.0,,,,,
anoshift_threshold_clustering_m1_v2,power,adaptive_transfer,2007-2007,near,z_plus_orth,p_z_plus_orth,,0.0642637162085091,,0.05,0.1,composite,87670.0,,,,,
anoshift_threshold_clustering_m1_v2,power,adaptive_transfer,2007-2007,near,z_plus,p_z_plus,,0.0500920651670632,,0.05,0.15,composite,92869.0,,,,,
anoshift_threshold_clustering_m1_v2,power,adaptive_transfer,2007-2007,near,z_plus_renorm,p_z_plus_renorm,,0.0758298163567925,,0.05,0.15,composite,87670.0,,,,,
anoshift_threshold_clustering_m1_v2,power,adaptive_transfer,2007-2007,near,breadth,p_breadth,,0.0076126281333448,,0.05,0.15,composite,92872.0,,,,,
anoshift_threshold_clustering_m1_v2,power,adaptive_transfer,2007-2007,near,z_mahalanobis_sq,p_z_mahalanobis_sq,,0.0898100172711571,,0.05,0.15,composite,55005.0,,,,,
anoshift_threshold_clustering_m1_v2,power,adaptive_transfer,2007-2007,near,t_iut,p_t_iut,,0.072370758810798,,0.05,0.15,composite,92869.0,,,,,
anoshift_threshold_clustering_m1_v2,power,adaptive_transfer,2007-2007,near,z_plus_softmax,p_z_plus_softmax,,0.0693737880688947,,0.05,0.15,composite,87670.0,,,,,
anoshift_threshold_clustering_m1_v2,power,adaptive_transfer,2007-2007,near,z_plus_orth,p_z_plus_orth,,0.0642637162085091,,0.05,0.15,composite,87670.0,,,,,
anoshift_threshold_clustering_m1_v2,power,adaptive_transfer,2007-2007,near,z_plus,p_z_plus,,0.0500920651670632,,0.05,0.2,composite,92869.0,,,,,
anoshift_threshold_clustering_m1_v2,power,adaptive_transfer,2007-2007,near,z_plus_renorm,p_z_plus_renorm,,0.0758298163567925,,0.05,0.2,composite,87670.0,,,,,
anoshift_threshold_clustering_m1_v2,power,adaptive_transfer,2007-2007,near,breadth,p_breadth,,0.0076126281333448,,0.05,0.2,composite,92872.0,,,,,
anoshift_threshold_clustering_m1_v2,power,adaptive_transfer,2007-2007,near,z_mahalanobis_sq,p_z_mahalanobis_sq,,0.0898100172711571,,0.05,0.2,composite,55005.0,,,,,
anoshift_threshold_clustering_m1_v2,power,adaptive_transfer,2007-2007,near,t_iut,p_t_iut,,0.072370758810798,,0.05,0.2,composite,92869.0,,,,,
anoshift_threshold_clustering_m1_v2,power,adaptive_transfer,2007-2007,near,z_plus_softmax,p_z_plus_softmax,,0.0693737880688947,,0.05,0.2,composite,87670.0,,,,,
anoshift_threshold_clustering_m1_v2,power,adaptive_transfer,2007-2007,near,z_plus_orth,p_z_plus_orth,,0.0642637162085091,,0.05,0.2,composite,87670.0,,,,,
anoshift_threshold_clustering_m1_v2,power,adaptive_transfer,2007-2007,near,z_plus,p_z_plus,,0.0500920651670632,,0.05,0.3,composite,92869.0,,,,,
anoshift_threshold_clustering_m1_v2,power,adaptive_transfer,2007-2007,near,z_plus_renorm,p_z_plus_renorm,,0.0758298163567925,,0.05,0.3,composite,87670.0,,,,,
anoshift_threshold_clustering_m1_v2,power,adaptive_transfer,2007-2007,near,breadth,p_breadth,,0.0076126281333448,,0.05,0.3,composite,92872.0,,,,,
anoshift_threshold_clustering_m1_v2,power,adaptive_transfer,2007-2007,near,z_mahalanobis_sq,p_z_mahalanobis_sq,,0.0898100172711571,,0.05,0.3,composite,55005.0,,,,,
anoshift_threshold_clustering_m1_v2,power,adaptive_transfer,2007-2007,near,t_iut,p_t_iut,,0.072370758810798,,0.05,0.3,composite,92869.0,,,,,
anoshift_threshold_clustering_m1_v2,power,adaptive_transfer,2007-2007,near,z_plus_softmax,p_z_plus_softmax,,0.0693737880688947,,0.05,0.3,composite,87670.0,,,,,
anoshift_threshold_clustering_m1_v2,power,adaptive_transfer,2007-2007,near,z_plus_orth,p_z_plus_orth,,0.0642637162085091,,0.05,0.3,composite,87670.0,,,,,
anoshift_threshold_clustering_m1_v2,power,adaptive_transfer,2007-2007,near,z_plus,p_z_plus,,0.0500920651670632,,0.1,0.05,composite,92869.0,,,,,
anoshift_threshold_clustering_m1_v2,power,adaptive_transfer,2007-2007,near,z_plus_renorm,p_z_plus_renorm,,0.0758298163567925,,0.1,0.05,composite,87670.0,,,,,
anoshift_threshold_clustering_m1_v2,power,adaptive_transfer,2007-2007,near,breadth,p_breadth,,0.0076126281333448,,0.1,0.05,composite,92872.0,,,,,
anoshift_threshold_clustering_m1_v2,power,adaptive_transfer,2007-2007,near,z_mahalanobis_sq,p_z_mahalanobis_sq,,0.0898100172711571,,0.1,0.05,composite,55005.0,,,,,
anoshift_threshold_clustering_m1_v2,power,adaptive_transfer,2007-2007,near,t_iut,p_t_iut,,0.072370758810798,,0.1,0.05,composite,92869.0,,,,,
anoshift_threshold_clustering_m1_v2,power,adaptive_transfer,2007-2007,near,z_plus_softmax,p_z_plus_softmax,,0.0693737880688947,,0.1,0.05,composite,87670.0,,,,,
anoshift_threshold_clustering_m1_v2,power,adaptive_transfer,2007-2007,near,z_plus_orth,p_z_plus_orth,,0.0642637162085091,,0.1,0.05,composite,87670.0,,,,,
anoshift_threshold_clustering_m1_v2,power,adaptive_transfer,2007-2007,near,z_plus,p_z_plus,,0.0500920651670632,,0.1,0.1,composite,92869.0,,,,,
anoshift_threshold_clustering_m1_v2,power,adaptive_transfer,2007-2007,near,z_plus_renorm,p_z_plus_renorm,,0.0758298163567925,,0.1,0.1,composite,87670.0,,,,,
anoshift_threshold_clustering_m1_v2,power,adaptive_transfer,2007-2007,near,breadth,p_breadth,,0.0076126281333448,,0.1,0.1,composite,92872.0,,,,,
anoshift_threshold_clustering_m1_v2,power,adaptive_transfer,2007-2007,near,z_mahalanobis_sq,p_z_mahalanobis_sq,,0.0898100172711571,,0.1,0.1,composite,55005.0,,,,,
anoshift_threshold_clustering_m1_v2,power,adaptive_transfer,2007-2007,near,t_iut,p_t_iut,,0.072370758810798,,0.1,0.1,composite,92869.0,,,,,
anoshift_threshold_clustering_m1_v2,power,adaptive_transfer,2007-2007,near,z_plus_softmax,p_z_plus_softmax,,0.0693737880688947,,0.1,0.1,composite,87670.0,,,,,
anoshift_threshold_clustering_m1_v2,power,adaptive_transfer,2007-2007,near,z_plus_orth,p_z_plus_orth,,0.0642637162085091,,0.1,0.1,composite,87670.0,,,,,
anoshift_threshold_clustering_m1_v2,power,adaptive_transfer,2007-2007,near,z_plus,p_z_plus,,0.0500920651670632,,0.1,0.15,composite,92869.0,,,,,
anoshift_threshold_clustering_m1_v2,power,adaptive_transfer,2007-2007,near,z_plus_renorm,p_z_plus_renorm,,0.0758298163567925,,0.1,0.15,composite,87670.0,,,,,
anoshift_threshold_clustering_m1_v2,power,adaptive_transfer,2007-2007,near,breadth,p_breadth,,0.0076126281333448,,0.1,0.15,composite,92872.0,,,,,
anoshift_threshold_clustering_m1_v2,power,adaptive_transfer,2007-2007,near,z_mahalanobis_sq,p_z_mahalanobis_sq,,0.0898100172711571,,0.1,0.15,composite,55005.0,,,,,
anoshift_threshold_clustering_m1_v2,power,adaptive_transfer,2007-2007,near,t_iut,p_t_iut,,0.072370758810798,,0.1,0.15,composite,92869.0,,,,,
anoshift_threshold_clustering_m1_v2,power,adaptive_transfer,2007-2007,near,z_plus_softmax,p_z_plus_softmax,,0.0693737880688947,,0.1,0.15,composite,87670.0,,,,,
anoshift_threshold_clustering_m1_v2,power,adaptive_transfer,2007-2007,near,z_plus_orth,p_z_plus_orth,,0.0642637162085091,,0.1,0.15,composite,87670.0,,,,,
anoshift_threshold_clustering_m1_v2,power,adaptive_transfer,2007-2007,near,z_plus,p_z_plus,,0.0500920651670632,,0.1,0.2,composite,92869.0,,,,,
anoshift_threshold_clustering_m1_v2,power,adaptive_transfer,2007-2007,near,z_plus_renorm,p_z_plus_renorm,,0.0758298163567925,,0.1,0.2,composite,87670.0,,,,,
anoshift_threshold_clustering_m1_v2,power,adaptive_transfer,2007-2007,near,breadth,p_breadth,,0.0076126281333448,,0.1,0.2,composite,92872.0,,,,,
anoshift_threshold_clustering_m1_v2,power,adaptive_transfer,2007-2007,near,z_mahalanobis_sq,p_z_mahalanobis_sq,,0.0898100172711571,,0.1,0.2,composite,55005.0,,,,,
anoshift_threshold_clustering_m1_v2,power,adaptive_transfer,2007-2007,near,t_iut,p_t_iut,,0.072370758810798,,0.1,0.2,composite,92869.0,,,,,
anoshift_threshold_clustering_m1_v2,power,adaptive_transfer,2007-2007,near,z_plus_softmax,p_z_plus_softmax,,0.0693737880688947,,0.1,0.2,composite,87670.0,,,,,
anoshift_threshold_clustering_m1_v2,power,adaptive_transfer,2007-2007,near,z_plus_orth,p_z_plus_orth,,0.0642637162085091,,0.1,0.2,composite,87670.0,,,,,
anoshift_threshold_clustering_m1_v2,power,adaptive_transfer,2007-2007,near,z_plus,p_z_plus,,0.0500920651670632,,0.1,0.3,composite,92869.0,,,,,
anoshift_threshold_clustering_m1_v2,power,adaptive_transfer,2007-2007,near,z_plus_renorm,p_z_plus_renorm,,0.0758298163567925,,0.1,0.3,composite,87670.0,,,,,
anoshift_threshold_clustering_m1_v2,power,adaptive_transfer,2007-2007,near,breadth,p_breadth,,0.0076126281333448,,0.1,0.3,composite,92872.0,,,,,
anoshift_threshold_clustering_m1_v2,power,adaptive_transfer,2007-2007,near,z_mahalanobis_sq,p_z_mahalanobis_sq,,0.0898100172711571,,0.1,0.3,composite,55005.0,,,,,
anoshift_threshold_clustering_m1_v2,power,adaptive_transfer,2007-2007,near,t_iut,p_t_iut,,0.072370758810798,,0.1,0.3,composite,92869.0,,,,,
anoshift_threshold_clustering_m1_v2,power,adaptive_transfer,2007-2007,near,z_plus_softmax,p_z_plus_softmax,,0.0693737880688947,,0.1,0.3,composite,87670.0,,,,,
anoshift_threshold_clustering_m1_v2,power,adaptive_transfer,2007-2007,near,z_plus_orth,p_z_plus_orth,,0.0642637162085091,,0.1,0.3,composite,87670.0,,,,,
anoshift_correlated_gaussian,power,adaptive_transfer,2007-2007,far,z_plus,p_z_plus,,0.0420993544765646,,0.01,0.05,composite,3599.0,0.4209467677051174,0.0,,,
anoshift_correlated_gaussian,power,adaptive_transfer,2007-2007,far,z_plus_renorm,p_z_plus_renorm,,0.0425411230856494,,0.01,0.05,composite,3562.0,0.4280346001134429,0.0,,,
anoshift_correlated_gaussian,power,adaptive_transfer,2007-2007,far,breadth,p_breadth,,0.0098231827111984,,0.01,0.05,composite,3599.0,0.4314014407334643,0.0277777777777777,,,
anoshift_correlated_gaussian,power,adaptive_transfer,2007-2007,far,z_mahalanobis_sq,p_z_mahalanobis_sq,,0.0387314061184395,,0.01,0.05,composite,3599.0,0.4690257897527052,0.0277777777777777,,,
anoshift_correlated_gaussian,power,adaptive_transfer,2007-2007,far,t_iut,p_t_iut,,0.0395733932079708,,0.01,0.05,composite,3599.0,0.4850157482770449,0.0277777777777777,,,
anoshift_correlated_gaussian,power,adaptive_transfer,2007-2007,far,z_plus_softmax,p_z_plus_softmax,,0.0377197958026091,,0.01,0.05,composite,3562.0,0.4375354509359047,0.0555555555555555,,,
anoshift_correlated_gaussian,power,adaptive_transfer,2007-2007,far,z_plus_orth,p_z_plus_orth,,0.0343165059557572,,0.01,0.05,composite,3562.0,0.4375748408646877,0.0555555555555555,,,
anoshift_correlated_gaussian,power,adaptive_transfer,2007-2007,far,z_plus,p_z_plus,,0.0418186921133875,,0.01,0.1,composite,3599.0,0.5240667976424361,0.0277777777777777,,,
anoshift_correlated_gaussian,power,adaptive_transfer,2007-2007,far,z_plus_renorm,p_z_plus_renorm,,0.0422695035460992,,0.01,0.1,composite,3561.0,0.5421985815602837,0.0555555555555555,,,
anoshift_correlated_gaussian,power,adaptive_transfer,2007-2007,far,breadth,p_breadth,,0.0098231827111984,,0.01,0.1,composite,3599.0,0.5164109520691053,0.0,,,
anoshift_correlated_gaussian,power,adaptive_transfer,2007-2007,far,z_mahalanobis_sq,p_z_mahalanobis_sq,,0.0381700813920853,,0.01,0.1,composite,3599.0,0.4596158044095175,0.0555555555555555,,,
anoshift_correlated_gaussian,power,adaptive_transfer,2007-2007,far,t_iut,p_t_iut,,0.0392927308447937,,0.01,0.1,composite,3599.0,0.5495836841612873,0.0555555555555555,,,
anoshift_correlated_gaussian,power,adaptive_transfer,2007-2007,far,z_plus_softmax,p_z_plus_softmax,,0.0377304964539007,,0.01,0.1,composite,3561.0,0.5188179669030732,0.0277777777777777,,,
anoshift_correlated_gaussian,power,adaptive_transfer,2007-2007,far,z_plus_orth,p_z_plus_orth,,0.0343262411347517,,0.01,0.1,composite,3561.0,0.5204885736800631,0.0277777777777777,,,
anoshift_correlated_gaussian,power,adaptive_transfer,2007-2007,far,z_plus,p_z_plus,,0.0409767050238563,,0.01,0.15,composite,3599.0,0.4819050737518321,0.1111111111111111,,,
anoshift_correlated_gaussian,power,adaptive_transfer,2007-2007,far,z_plus_renorm,p_z_plus_renorm,,0.0419858156028368,,0.01,0.15,composite,3561.0,0.5106304176516943,0.0833333333333333,,,
anoshift_correlated_gaussian,power,adaptive_transfer,2007-2007,far,breadth,p_breadth,,0.0098231827111984,,0.01,0.15,composite,3599.0,0.4153062338229332,0.0,,,
anoshift_correlated_gaussian,power,adaptive_transfer,2007-2007,far,z_mahalanobis_sq,p_z_mahalanobis_sq,,0.0378894190289082,,0.01,0.15,composite,3599.0,0.4935213771166619,0.0833333333333333,,,
anoshift_correlated_gaussian,power,adaptive_transfer,2007-2007,far,t_iut,p_t_iut,,0.0395733932079708,,0.01,0.15,composite,3599.0,0.4458633486138398,0.0277777777777777,,,
anoshift_correlated_gaussian,power,adaptive_transfer,2007-2007,far,z_plus_softmax,p_z_plus_softmax,,0.0377304964539007,,0.01,0.15,composite,3561.0,0.4967454688731284,0.0277777777777777,,,
anoshift_correlated_gaussian,power,adaptive_transfer,2007-2007,far,z_plus_orth,p_z_plus_orth,,0.0343262411347517,,0.01,0.15,composite,3561.0,0.4972261623325453,0.0277777777777777,,,
anoshift_correlated_gaussian,power,adaptive_transfer,2007-2007,far,z_plus,p_z_plus,,0.0418186921133875,,0.01,0.2,composite,3599.0,0.4881381170673901,0.0277777777777777,,,
anoshift_correlated_gaussian,power,adaptive_transfer,2007-2007,far,z_plus_renorm,p_z_plus_renorm,,0.0419739081111741,,0.01,0.2,composite,3561.0,0.5207114496394134,0.0285714285714285,,,
anoshift_correlated_gaussian,power,adaptive_transfer,2007-2007,far,breadth,p_breadth,,0.0101038450743755,,0.01,0.2,composite,3599.0,0.4905081548008856,0.0,,,
anoshift_correlated_gaussian,power,adaptive_transfer,2007-2007,far,z_mahalanobis_sq,p_z_mahalanobis_sq,,0.0384507437552624,,0.01,0.2,composite,3599.0,0.5483674805875199,0.0555555555555555,,,
anoshift_correlated_gaussian,power,adaptive_transfer,2007-2007,far,t_iut,p_t_iut,,0.0392927308447937,,0.01,0.2,composite,3599.0,0.409954158480681,0.0555555555555555,,,
anoshift_correlated_gaussian,power,adaptive_transfer,2007-2007,far,z_plus_softmax,p_z_plus_softmax,,0.0374361883153715,,0.01,0.2,composite,3561.0,0.4974799448991167,0.0285714285714285,,,
anoshift_correlated_gaussian,power,adaptive_transfer,2007-2007,far,z_plus_orth,p_z_plus_orth,,0.0340328984685195,,0.01,0.2,composite,3561.0,0.496604813224212,0.0285714285714285,,,
anoshift_correlated_gaussian,power,adaptive_transfer,2007-2007,far,z_plus,p_z_plus,,0.0418186921133875,,0.01,0.3,composite,3599.0,0.5847054604421992,0.0277777777777777,,,
anoshift_correlated_gaussian,power,adaptive_transfer,2007-2007,far,z_plus_renorm,p_z_plus_renorm,,0.0416903006239364,,0.01,0.3,composite,3562.0,0.5785198840360497,0.0833333333333333,,,
anoshift_correlated_gaussian,power,adaptive_transfer,2007-2007,far,breadth,p_breadth,,0.0101038450743755,,0.01,0.3,composite,3599.0,0.5210029001777529,0.0277777777777777,,,
anoshift_correlated_gaussian,power,adaptive_transfer,2007-2007,far,z_mahalanobis_sq,p_z_mahalanobis_sq,,0.0384507437552624,,0.01,0.3,composite,3599.0,0.5511351233355163,0.0277777777777777,,,
anoshift_correlated_gaussian,power,adaptive_transfer,2007-2007,far,t_iut,p_t_iut,,0.0390120684816166,,0.01,0.3,composite,3599.0,0.5322293947048368,0.0555555555555555,,,
anoshift_correlated_gaussian,power,adaptive_transfer,2007-2007,far,z_plus_softmax,p_z_plus_softmax,,0.0371525808281338,,0.01,0.3,composite,3562.0,0.5658284489821642,0.1111111111111111,,,
anoshift_correlated_gaussian,power,adaptive_transfer,2007-2007,far,z_plus_orth,p_z_plus_orth,,0.0337492909812819,,0.01,0.3,composite,3562.0,0.5693577866011218,0.1111111111111111,,,
anoshift_correlated_gaussian,power,adaptive_transfer,2007-2007,far,z_plus,p_z_plus,,0.0421175782392512,,0.05,0.05,composite,3599.0,0.4947320529069577,0.0333333333333333,,,
anoshift_correlated_gaussian,power,adaptive_transfer,2007-2007,far,z_plus_renorm,p_z_plus_renorm,,0.0425909494232475,,0.05,0.05,composite,3561.0,0.5124552236353479,0.0277777777777777,,,
anoshift_correlated_gaussian,power,adaptive_transfer,2007-2007,far,breadth,p_breadth,,0.0099444281953787,,0.05,0.05,composite,3599.0,0.4679576549348412,0.0111111111111111,,,
anoshift_correlated_gaussian,power,adaptive_transfer,2007-2007,far,z_mahalanobis_sq,p_z_mahalanobis_sq,,0.039192746417081,,0.05,0.05,composite,3599.0,0.4723148418965909,0.0277777777777777,,,
anoshift_correlated_gaussian,power,adaptive_transfer,2007-2007,far,t_iut,p_t_iut,,0.040070195963732,,0.05,0.05,composite,3599.0,0.5277534041792598,0.0277777777777777,,,
anoshift_correlated_gaussian,power,adaptive_transfer,2007-2007,far,z_plus_softmax,p_z_plus_softmax,,0.038745933155871,,0.05,0.05,composite,3561.0,0.5010187649939203,0.0388888888888888,,,
anoshift_correlated_gaussian,power,adaptive_transfer,2007-2007,far,z_plus_orth,p_z_plus_orth,,0.0351966873706004,,0.05,0.05,composite,3561.0,0.5002941273127608,0.0388888888888888,,,
anoshift_correlated_gaussian,power,adaptive_transfer,2007-2007,far,z_plus,p_z_plus,,0.0421175782392512,,0.05,0.1,composite,3599.0,0.4803378180754606,0.0277777777777777,,,
anoshift_correlated_gaussian,power,adaptive_transfer,2007-2007,far,z_plus_renorm,p_z_plus_renorm,,0.041986989946777,,0.05,0.1,composite,3561.0,0.4688839039410087,0.0558659217877094,,,
anoshift_correlated_gaussian,power,adaptive_transfer,2007-2007,far,breadth,p_breadth,,0.0096519450131617,,0.05,0.1,composite,3599.0,0.5000658087159988,0.0111111111111111,,,
anoshift_correlated_gaussian,power,adaptive_transfer,2007-2007,far,z_mahalanobis_sq,p_z_mahalanobis_sq,,0.0389002632348639,,0.05,0.1,composite,3599.0,0.4648890188814144,0.0333333333333333,,,
anoshift_correlated_gaussian,power,adaptive_transfer,2007-2007,far,t_iut,p_t_iut,,0.0386077800526469,,0.05,0.1,composite,3599.0,0.5050030873224789,0.0444444444444444,,,
anoshift_correlated_gaussian,power,adaptive_transfer,2007-2007,far,z_plus_softmax,p_z_plus_softmax,,0.0384387936132466,,0.05,0.1,composite,3561.0,0.46362107641837,0.0391061452513966,,,
anoshift_correlated_gaussian,power,adaptive_transfer,2007-2007,far,z_plus_orth,p_z_plus_orth,,0.0345949142519219,,0.05,0.1,composite,3561.0,0.4624317368652313,0.0335195530726257,,,
anoshift_correlated_gaussian,power,adaptive_transfer,2007-2007,far,z_plus,p_z_plus,,0.0415326118748171,,0.05,0.15,composite,3599.0,0.4947531766923402,0.0444444444444444,,,
anoshift_correlated_gaussian,power,adaptive_transfer,2007-2007,far,z_plus_renorm,p_z_plus_renorm,,0.0437223042836041,,0.05,0.15,composite,3564.0,0.484401277406897,0.0223463687150838,,,
anoshift_correlated_gaussian,power,adaptive_transfer,2007-2007,far,breadth,p_breadth,,0.0105293945598128,,0.05,0.15,composite,3599.0,0.5111167982840987,0.0,,,
anoshift_correlated_gaussian,power,adaptive_transfer,2007-2007,far,z_mahalanobis_sq,p_z_mahalanobis_sq,,0.0380228136882129,,0.05,0.15,composite,3599.0,0.4890578791719476,0.0388888888888888,,,
anoshift_correlated_gaussian,power,adaptive_transfer,2007-2007,far,t_iut,p_t_iut,,0.039777712781515,,0.05,0.15,composite,3599.0,0.498383217964967,0.0222222222222222,,,
anoshift_correlated_gaussian,power,adaptive_transfer,2007-2007,far,z_plus_softmax,p_z_plus_softmax,,0.0375184638109305,,0.05,0.15,composite,3564.0,0.4850894927506333,0.0614525139664804,,,
anoshift_correlated_gaussian,power,adaptive_transfer,2007-2007,far,z_plus_orth,p_z_plus_orth,,0.0345642540620384,,0.05,0.15,composite,3564.0,0.4863768020266868,0.0614525139664804,,,
anoshift_correlated_gaussian,power,adaptive_transfer,2007-2007,far,z_plus,p_z_plus,,0.0412401286926001,,0.05,0.2,composite,3599.0,0.5088134932241396,0.0555555555555555,,,
anoshift_correlated_gaussian,power,adaptive_transfer,2007-2007,far,z_plus_renorm,p_z_plus_renorm,,0.0425657700266036,,0.05,0.2,composite,3561.0,0.5044023820357572,0.0449438202247191,,,
anoshift_correlated_gaussian,power,adaptive_transfer,2007-2007,far,breadth,p_breadth,,0.0099444281953787,,0.05,0.2,composite,3599.0,0.4984465893211141,0.0166666666666666,,,
anoshift_correlated_gaussian,power,adaptive_transfer,2007-2007,far,z_mahalanobis_sq,p_z_mahalanobis_sq,,0.039192746417081,,0.05,0.2,composite,3599.0,0.5140408176529849,0.0444444444444444,,,
anoshift_correlated_gaussian,power,adaptive_transfer,2007-2007,far,t_iut,p_t_iut,,0.0386077800526469,,0.05,0.2,composite,3599.0,0.5064882519255143,0.0388888888888888,,,
anoshift_correlated_gaussian,power,adaptive_transfer,2007-2007,far,z_plus_softmax,p_z_plus_softmax,,0.0375406443984629,,0.05,0.2,composite,3561.0,0.5088695294051221,0.095505617977528,,,
anoshift_correlated_gaussian,power,adaptive_transfer,2007-2007,far,z_plus_orth,p_z_plus_orth,,0.0339934968962459,,0.05,0.2,composite,3561.0,0.5089326340891502,0.0898876404494382,,,
anoshift_correlated_gaussian,power,adaptive_transfer,2007-2007,far,z_plus,p_z_plus,,0.0406551623281661,,0.05,0.3,composite,3599.0,0.5281409443956973,0.0666666666666666,,,
anoshift_correlated_gaussian,power,adaptive_transfer,2007-2007,far,z_plus_renorm,p_z_plus_renorm,,0.0425531914893617,,0.05,0.3,composite,3561.0,0.5215320351003726,0.0564971751412429,,,
anoshift_correlated_gaussian,power,adaptive_transfer,2007-2007,far,breadth,p_breadth,,0.0099444281953787,,0.05,0.3,composite,3599.0,0.518036462903383,0.0166666666666666,,,
anoshift_correlated_gaussian,power,adaptive_transfer,2007-2007,far,z_mahalanobis_sq,p_z_mahalanobis_sq,,0.0389002632348639,,0.05,0.3,composite,3599.0,0.5595138279548926,0.05,,,
anoshift_correlated_gaussian,power,adaptive_transfer,2007-2007,far,t_iut,p_t_iut,,0.039777712781515,,0.05,0.3,composite,3599.0,0.4608722498456338,0.0222222222222222,,,
anoshift_correlated_gaussian,power,adaptive_transfer,2007-2007,far,z_plus_softmax,p_z_plus_softmax,,0.0366430260047281,,0.05,0.3,composite,3561.0,0.517623646004461,0.0903954802259887,,,
anoshift_correlated_gaussian,power,adaptive_transfer,2007-2007,far,z_plus_orth,p_z_plus_orth,,0.0336879432624113,,0.05,0.3,composite,3561.0,0.5163163975370971,0.0903954802259887,,,
anoshift_correlated_gaussian,power,adaptive_transfer,2007-2007,far,z_plus,p_z_plus,,0.0410620561901821,,0.1,0.05,composite,3599.0,0.5026139755068436,0.05,,,
anoshift_correlated_gaussian,power,adaptive_transfer,2007-2007,far,z_plus_renorm,p_z_plus_renorm,,0.0430577223088923,,0.1,0.05,composite,3562.0,0.4797371054506046,0.0336134453781512,,,
anoshift_correlated_gaussian,power,adaptive_transfer,2007-2007,far,breadth,p_breadth,,0.009262117937635,,0.1,0.05,composite,3599.0,0.5368134883880484,0.0194444444444444,,,
anoshift_correlated_gaussian,power,adaptive_transfer,2007-2007,far,z_mahalanobis_sq,p_z_mahalanobis_sq,,0.0355047854276011,,0.1,0.05,composite,3599.0,0.4984194367260128,0.0611111111111111,,,
anoshift_correlated_gaussian,power,adaptive_transfer,2007-2007,far,t_iut,p_t_iut,,0.0385921580734794,,0.1,0.05,composite,3599.0,0.4875064320263456,0.0444444444444444,,,
anoshift_correlated_gaussian,power,adaptive_transfer,2007-2007,far,z_plus_softmax,p_z_plus_softmax,,0.0361934477379095,,0.1,0.05,composite,3562.0,0.4919152060200055,0.0504201680672268,,,
anoshift_correlated_gaussian,power,adaptive_transfer,2007-2007,far,z_plus_orth,p_z_plus_orth,,0.0336973478939157,,0.1,0.05,composite,3562.0,0.4926056538059841,0.0588235294117647,,,
anoshift_correlated_gaussian,power,adaptive_transfer,2007-2007,far,z_plus,p_z_plus,,0.0422970052485335,,0.1,0.1,composite,3599.0,0.481640852800933,0.0361111111111111,,,
anoshift_correlated_gaussian,power,adaptive_transfer,2007-2007,far,z_plus_renorm,p_z_plus_renorm,,0.0417705735660847,,0.1,0.1,composite,3559.0,0.5100532145419925,0.037037037037037,,,
anoshift_correlated_gaussian,power,adaptive_transfer,2007-2007,far,breadth,p_breadth,,0.0104970669959864,,0.1,0.1,composite,3599.0,0.4636303214297966,0.0055555555555555,,,
anoshift_correlated_gaussian,power,adaptive_transfer,2007-2007,far,z_mahalanobis_sq,p_z_mahalanobis_sq,,0.0373572090151281,,0.1,0.1,composite,3599.0,0.5010222633871908,0.0444444444444444,,,
anoshift_correlated_gaussian,power,adaptive_transfer,2007-2007,far,t_iut,p_t_iut,,0.0398271071318308,,0.1,0.1,composite,3599.0,0.4730678192857878,0.0333333333333333,,,
anoshift_correlated_gaussian,power,adaptive_transfer,2007-2007,far,z_plus_softmax,p_z_plus_softmax,,0.0367830423940149,,0.1,0.1,composite,3559.0,0.5055203870665217,0.0427350427350427,,,
anoshift_correlated_gaussian,power,adaptive_transfer,2007-2007,far,z_plus_orth,p_z_plus_orth,,0.03428927680798,,0.1,0.1,composite,3559.0,0.5044600038365625,0.0427350427350427,,,
anoshift_correlated_gaussian,power,adaptive_transfer,2007-2007,far,z_plus,p_z_plus,,0.0429144797777091,,0.1,0.15,composite,3599.0,0.5121325168947892,0.025,,,
anoshift_correlated_gaussian,power,adaptive_transfer,2007-2007,far,z_plus_renorm,p_z_plus_renorm,,0.0427724008741804,,0.1,0.15,composite,3561.0,0.4997113390553898,0.0391061452513966,,,
anoshift_correlated_gaussian,power,adaptive_transfer,2007-2007,far,breadth,p_breadth,,0.0098795924668107,,0.1,0.15,composite,3599.0,0.5227166306473191,0.0111111111111111,,,
anoshift_correlated_gaussian,power,adaptive_transfer,2007-2007,far,z_mahalanobis_sq,p_z_mahalanobis_sq,,0.0389008953380673,,0.1,0.15,composite,3599.0,0.5050907344516483,0.0416666666666666,,,
anoshift_correlated_gaussian,power,adaptive_transfer,2007-2007,far,t_iut,p_t_iut,,0.0395183698672429,,0.1,0.15,composite,3599.0,0.4817347603855785,0.0416666666666666,,,
anoshift_correlated_gaussian,power,adaptive_transfer,2007-2007,far,z_plus_softmax,p_z_plus_softmax,,0.0384014985950671,,0.1,0.15,composite,3561.0,0.4985000095929619,0.0810055865921787,,,
anoshift_correlated_gaussian,power,adaptive_transfer,2007-2007,far,z_plus_orth,p_z_plus_orth,,0.0355916328442085,,0.1,0.15,composite,3561.0,0.4986657062076928,0.0810055865921787,,,
anoshift_correlated_gaussian,power,adaptive_transfer,2007-2007,far,z_plus,p_z_plus,,0.0429144797777091,,0.1,0.2,composite,3599.0,0.5207625810435319,0.0277777777777777,,,
anoshift_correlated_gaussian,power,adaptive_transfer,2007-2007,far,z_plus_renorm,p_z_plus_renorm,,0.0433697347893915,,0.1,0.2,composite,3559.0,0.5198427598120874,0.0282485875706214,,,
anoshift_correlated_gaussian,power,adaptive_transfer,2007-2007,far,breadth,p_breadth,,0.0098795924668107,,0.1,0.2,composite,3599.0,0.5133477410723475,0.0138888888888888,,,
anoshift_correlated_gaussian,power,adaptive_transfer,2007-2007,far,z_mahalanobis_sq,p_z_mahalanobis_sq,,0.0395183698672429,,0.1,0.2,composite,3599.0,0.516038900895338,0.0388888888888888,,,
anoshift_correlated_gaussian,power,adaptive_transfer,2007-2007,far,t_iut,p_t_iut,,0.0407533189255943,,0.1,0.2,composite,3599.0,0.4582141264450619,0.0444444444444444,,,
anoshift_correlated_gaussian,power,adaptive_transfer,2007-2007,far,z_plus_softmax,p_z_plus_softmax,,0.0374414976599064,,0.1,0.2,composite,3559.0,0.5188943828939598,0.059322033898305,,,
anoshift_correlated_gaussian,power,adaptive_transfer,2007-2007,far,z_plus_orth,p_z_plus_orth,,0.0333853354134165,,0.1,0.2,composite,3559.0,0.5178613924217985,0.0621468926553672,,,
anoshift_correlated_gaussian,power,adaptive_transfer,2007-2007,far,z_plus,p_z_plus,,0.0429144797777091,,0.1,0.3,composite,3599.0,0.495537888923193,0.0388888888888888,,,
anoshift_correlated_gaussian,power,adaptive_transfer,2007-2007,far,z_plus_renorm,p_z_plus_renorm,,0.0433697347893915,,0.1,0.3,composite,3562.0,0.5053902996455992,0.0252100840336134,,,
anoshift_correlated_gaussian,power,adaptive_transfer,2007-2007,far,breadth,p_breadth,,0.0095708552022229,,0.1,0.3,composite,3599.0,0.487950670645947,0.0138888888888888,,,
anoshift_correlated_gaussian,power,adaptive_transfer,2007-2007,far,z_mahalanobis_sq,p_z_mahalanobis_sq,,0.0404445816610064,,0.1,0.3,composite,3599.0,0.537344344962437,0.0305555555555555,,,
anoshift_correlated_gaussian,power,adaptive_transfer,2007-2007,far,t_iut,p_t_iut,,0.0389008953380673,,0.1,0.3,composite,3599.0,0.4392953929539295,0.0388888888888888,,,
anoshift_correlated_gaussian,power,adaptive_transfer,2007-2007,far,z_plus_softmax,p_z_plus_softmax,,0.0386895475819032,,0.1,0.3,composite,3562.0,0.5074135738538785,0.072829131652661,,,
anoshift_correlated_gaussian,power,adaptive_transfer,2007-2007,far,z_plus_orth,p_z_plus_orth,,0.0352574102964118,,0.1,0.3,composite,3562.0,0.5074380454209766,0.072829131652661,,,
anoshift_threshold_clustering_m1_v2,power,adaptive_transfer,2007-2007,far,z_plus,p_z_plus,,0.0500920651670632,,0.01,0.05,composite,92869.0,,,,,
anoshift_threshold_clustering_m1_v2,power,adaptive_transfer,2007-2007,far,z_plus_renorm,p_z_plus_renorm,,0.0758298163567925,,0.01,0.05,composite,87670.0,,,,,
anoshift_threshold_clustering_m1_v2,power,adaptive_transfer,2007-2007,far,breadth,p_breadth,,0.0076126281333448,,0.01,0.05,composite,92872.0,,,,,
anoshift_threshold_clustering_m1_v2,power,adaptive_transfer,2007-2007,far,z_mahalanobis_sq,p_z_mahalanobis_sq,,0.0898100172711571,,0.01,0.05,composite,55005.0,,,,,
anoshift_threshold_clustering_m1_v2,power,adaptive_transfer,2007-2007,far,t_iut,p_t_iut,,0.072370758810798,,0.01,0.05,composite,92869.0,,,,,
anoshift_threshold_clustering_m1_v2,power,adaptive_transfer,2007-2007,far,z_plus_softmax,p_z_plus_softmax,,0.0693737880688947,,0.01,0.05,composite,87670.0,,,,,
anoshift_threshold_clustering_m1_v2,power,adaptive_transfer,2007-2007,far,z_plus_orth,p_z_plus_orth,,0.0642637162085091,,0.01,0.05,composite,87670.0,,,,,
anoshift_threshold_clustering_m1_v2,power,adaptive_transfer,2007-2007,far,z_plus,p_z_plus,,0.0500920651670632,,0.01,0.1,composite,92869.0,,,,,
anoshift_threshold_clustering_m1_v2,power,adaptive_transfer,2007-2007,far,z_plus_renorm,p_z_plus_renorm,,0.0758298163567925,,0.01,0.1,composite,87670.0,,,,,
anoshift_threshold_clustering_m1_v2,power,adaptive_transfer,2007-2007,far,breadth,p_breadth,,0.0076126281333448,,0.01,0.1,composite,92872.0,,,,,
anoshift_threshold_clustering_m1_v2,power,adaptive_transfer,2007-2007,far,z_mahalanobis_sq,p_z_mahalanobis_sq,,0.0898100172711571,,0.01,0.1,composite,55005.0,,,,,
anoshift_threshold_clustering_m1_v2,power,adaptive_transfer,2007-2007,far,t_iut,p_t_iut,,0.072370758810798,,0.01,0.1,composite,92869.0,,,,,
anoshift_threshold_clustering_m1_v2,power,adaptive_transfer,2007-2007,far,z_plus_softmax,p_z_plus_softmax,,0.0693737880688947,,0.01,0.1,composite,87670.0,,,,,
anoshift_threshold_clustering_m1_v2,power,adaptive_transfer,2007-2007,far,z_plus_orth,p_z_plus_orth,,0.0642637162085091,,0.01,0.1,composite,87670.0,,,,,
anoshift_threshold_clustering_m1_v2,power,adaptive_transfer,2007-2007,far,z_plus,p_z_plus,,0.0500920651670632,,0.01,0.15,composite,92869.0,,,,,
anoshift_threshold_clustering_m1_v2,power,adaptive_transfer,2007-2007,far,z_plus_renorm,p_z_plus_renorm,,0.0758298163567925,,0.01,0.15,composite,87670.0,,,,,
anoshift_threshold_clustering_m1_v2,power,adaptive_transfer,2007-2007,far,breadth,p_breadth,,0.0076126281333448,,0.01,0.15,composite,92872.0,,,,,
anoshift_threshold_clustering_m1_v2,power,adaptive_transfer,2007-2007,far,z_mahalanobis_sq,p_z_mahalanobis_sq,,0.0898100172711571,,0.01,0.15,composite,55005.0,,,,,
anoshift_threshold_clustering_m1_v2,power,adaptive_transfer,2007-2007,far,t_iut,p_t_iut,,0.072370758810798,,0.01,0.15,composite,92869.0,,,,,
anoshift_threshold_clustering_m1_v2,power,adaptive_transfer,2007-2007,far,z_plus_softmax,p_z_plus_softmax,,0.0693737880688947,,0.01,0.15,composite,87670.0,,,,,
anoshift_threshold_clustering_m1_v2,power,adaptive_transfer,2007-2007,far,z_plus_orth,p_z_plus_orth,,0.0642637162085091,,0.01,0.15,composite,87670.0,,,,,
anoshift_threshold_clustering_m1_v2,power,adaptive_transfer,2007-2007,far,z_plus,p_z_plus,,0.0500920651670632,,0.01,0.2,composite,92869.0,,,,,
anoshift_threshold_clustering_m1_v2,power,adaptive_transfer,2007-2007,far,z_plus_renorm,p_z_plus_renorm,,0.0758298163567925,,0.01,0.2,composite,87670.0,,,,,
anoshift_threshold_clustering_m1_v2,power,adaptive_transfer,2007-2007,far,breadth,p_breadth,,0.0076126281333448,,0.01,0.2,composite,92872.0,,,,,
anoshift_threshold_clustering_m1_v2,power,adaptive_transfer,2007-2007,far,z_mahalanobis_sq,p_z_mahalanobis_sq,,0.0898100172711571,,0.01,0.2,composite,55005.0,,,,,
anoshift_threshold_clustering_m1_v2,power,adaptive_transfer,2007-2007,far,t_iut,p_t_iut,,0.072370758810798,,0.01,0.2,composite,92869.0,,,,,
anoshift_threshold_clustering_m1_v2,power,adaptive_transfer,2007-2007,far,z_plus_softmax,p_z_plus_softmax,,0.0693737880688947,,0.01,0.2,composite,87670.0,,,,,
anoshift_threshold_clustering_m1_v2,power,adaptive_transfer,2007-2007,far,z_plus_orth,p_z_plus_orth,,0.0642637162085091,,0.01,0.2,composite,87670.0,,,,,
anoshift_threshold_clustering_m1_v2,power,adaptive_transfer,2007-2007,far,z_plus,p_z_plus,,0.0500920651670632,,0.01,0.3,composite,92869.0,,,,,
anoshift_threshold_clustering_m1_v2,power,adaptive_transfer,2007-2007,far,z_plus_renorm,p_z_plus_renorm,,0.0758298163567925,,0.01,0.3,composite,87670.0,,,,,
anoshift_threshold_clustering_m1_v2,power,adaptive_transfer,2007-2007,far,breadth,p_breadth,,0.0076126281333448,,0.01,0.3,composite,92872.0,,,,,
anoshift_threshold_clustering_m1_v2,power,adaptive_transfer,2007-2007,far,z_mahalanobis_sq,p_z_mahalanobis_sq,,0.0898100172711571,,0.01,0.3,composite,55005.0,,,,,
anoshift_threshold_clustering_m1_v2,power,adaptive_transfer,2007-2007,far,t_iut,p_t_iut,,0.072370758810798,,0.01,0.3,composite,92869.0,,,,,
anoshift_threshold_clustering_m1_v2,power,adaptive_transfer,2007-2007,far,z_plus_softmax,p_z_plus_softmax,,0.0693737880688947,,0.01,0.3,composite,87670.0,,,,,
anoshift_threshold_clustering_m1_v2,power,adaptive_transfer,2007-2007,far,z_plus_orth,p_z_plus_orth,,0.0642637162085091,,0.01,0.3,composite,87670.0,,,,,
anoshift_threshold_clustering_m1_v2,power,adaptive_transfer,2007-2007,far,z_plus,p_z_plus,,0.0500920651670632,,0.05,0.05,composite,92869.0,,,,,
anoshift_threshold_clustering_m1_v2,power,adaptive_transfer,2007-2007,far,z_plus_renorm,p_z_plus_renorm,,0.0758298163567925,,0.05,0.05,composite,87670.0,,,,,
anoshift_threshold_clustering_m1_v2,power,adaptive_transfer,2007-2007,far,breadth,p_breadth,,0.0076126281333448,,0.05,0.05,composite,92872.0,,,,,
anoshift_threshold_clustering_m1_v2,power,adaptive_transfer,2007-2007,far,z_mahalanobis_sq,p_z_mahalanobis_sq,,0.0898100172711571,,0.05,0.05,composite,55005.0,,,,,
anoshift_threshold_clustering_m1_v2,power,adaptive_transfer,2007-2007,far,t_iut,p_t_iut,,0.072370758810798,,0.05,0.05,composite,92869.0,,,,,
anoshift_threshold_clustering_m1_v2,power,adaptive_transfer,2007-2007,far,z_plus_softmax,p_z_plus_softmax,,0.0693737880688947,,0.05,0.05,composite,87670.0,,,,,
anoshift_threshold_clustering_m1_v2,power,adaptive_transfer,2007-2007,far,z_plus_orth,p_z_plus_orth,,0.0642637162085091,,0.05,0.05,composite,87670.0,,,,,
anoshift_threshold_clustering_m1_v2,power,adaptive_transfer,2007-2007,far,z_plus,p_z_plus,,0.0500920651670632,,0.05,0.1,composite,92869.0,,,,,
anoshift_threshold_clustering_m1_v2,power,adaptive_transfer,2007-2007,far,z_plus_renorm,p_z_plus_renorm,,0.0758298163567925,,0.05,0.1,composite,87670.0,,,,,
anoshift_threshold_clustering_m1_v2,power,adaptive_transfer,2007-2007,far,breadth,p_breadth,,0.0076126281333448,,0.05,0.1,composite,92872.0,,,,,
anoshift_threshold_clustering_m1_v2,power,adaptive_transfer,2007-2007,far,z_mahalanobis_sq,p_z_mahalanobis_sq,,0.0898100172711571,,0.05,0.1,composite,55005.0,,,,,
anoshift_threshold_clustering_m1_v2,power,adaptive_transfer,2007-2007,far,t_iut,p_t_iut,,0.072370758810798,,0.05,0.1,composite,92869.0,,,,,
anoshift_threshold_clustering_m1_v2,power,adaptive_transfer,2007-2007,far,z_plus_softmax,p_z_plus_softmax,,0.0693737880688947,,0.05,0.1,composite,87670.0,,,,,
anoshift_threshold_clustering_m1_v2,power,adaptive_transfer,2007-2007,far,z_plus_orth,p_z_plus_orth,,0.0642637162085091,,0.05,0.1,composite,87670.0,,,,,
anoshift_threshold_clustering_m1_v2,power,adaptive_transfer,2007-2007,far,z_plus,p_z_plus,,0.0500920651670632,,0.05,0.15,composite,92869.0,,,,,
anoshift_threshold_clustering_m1_v2,power,adaptive_transfer,2007-2007,far,z_plus_renorm,p_z_plus_renorm,,0.0758298163567925,,0.05,0.15,composite,87670.0,,,,,
anoshift_threshold_clustering_m1_v2,power,adaptive_transfer,2007-2007,far,breadth,p_breadth,,0.0076126281333448,,0.05,0.15,composite,92872.0,,,,,
anoshift_threshold_clustering_m1_v2,power,adaptive_transfer,2007-2007,far,z_mahalanobis_sq,p_z_mahalanobis_sq,,0.0898100172711571,,0.05,0.15,composite,55005.0,,,,,
anoshift_threshold_clustering_m1_v2,power,adaptive_transfer,2007-2007,far,t_iut,p_t_iut,,0.072370758810798,,0.05,0.15,composite,92869.0,,,,,
anoshift_threshold_clustering_m1_v2,power,adaptive_transfer,2007-2007,far,z_plus_softmax,p_z_plus_softmax,,0.0693737880688947,,0.05,0.15,composite,87670.0,,,,,
anoshift_threshold_clustering_m1_v2,power,adaptive_transfer,2007-2007,far,z_plus_orth,p_z_plus_orth,,0.0642637162085091,,0.05,0.15,composite,87670.0,,,,,
anoshift_threshold_clustering_m1_v2,power,adaptive_transfer,2007-2007,far,z_plus,p_z_plus,,0.0500920651670632,,0.05,0.2,composite,92869.0,,,,,
anoshift_threshold_clustering_m1_v2,power,adaptive_transfer,2007-2007,far,z_plus_renorm,p_z_plus_renorm,,0.0758298163567925,,0.05,0.2,composite,87670.0,,,,,
anoshift_threshold_clustering_m1_v2,power,adaptive_transfer,2007-2007,far,breadth,p_breadth,,0.0076126281333448,,0.05,0.2,composite,92872.0,,,,,
anoshift_threshold_clustering_m1_v2,power,adaptive_transfer,2007-2007,far,z_mahalanobis_sq,p_z_mahalanobis_sq,,0.0898100172711571,,0.05,0.2,composite,55005.0,,,,,
anoshift_threshold_clustering_m1_v2,power,adaptive_transfer,2007-2007,far,t_iut,p_t_iut,,0.072370758810798,,0.05,0.2,composite,92869.0,,,,,
anoshift_threshold_clustering_m1_v2,power,adaptive_transfer,2007-2007,far,z_plus_softmax,p_z_plus_softmax,,0.0693737880688947,,0.05,0.2,composite,87670.0,,,,,
anoshift_threshold_clustering_m1_v2,power,adaptive_transfer,2007-2007,far,z_plus_orth,p_z_plus_orth,,0.0642637162085091,,0.05,0.2,composite,87670.0,,,,,
anoshift_threshold_clustering_m1_v2,power,adaptive_transfer,2007-2007,far,z_plus,p_z_plus,,0.0500920651670632,,0.05,0.3,composite,92869.0,,,,,
anoshift_threshold_clustering_m1_v2,power,adaptive_transfer,2007-2007,far,z_plus_renorm,p_z_plus_renorm,,0.0758298163567925,,0.05,0.3,composite,87670.0,,,,,
anoshift_threshold_clustering_m1_v2,power,adaptive_transfer,2007-2007,far,breadth,p_breadth,,0.0076126281333448,,0.05,0.3,composite,92872.0,,,,,
anoshift_threshold_clustering_m1_v2,power,adaptive_transfer,2007-2007,far,z_mahalanobis_sq,p_z_mahalanobis_sq,,0.0898100172711571,,0.05,0.3,composite,55005.0,,,,,
anoshift_threshold_clustering_m1_v2,power,adaptive_transfer,2007-2007,far,t_iut,p_t_iut,,0.072370758810798,,0.05,0.3,composite,92869.0,,,,,
anoshift_threshold_clustering_m1_v2,power,adaptive_transfer,2007-2007,far,z_plus_softmax,p_z_plus_softmax,,0.0693737880688947,,0.05,0.3,composite,87670.0,,,,,
anoshift_threshold_clustering_m1_v2,power,adaptive_transfer,2007-2007,far,z_plus_orth,p_z_plus_orth,,0.0642637162085091,,0.05,0.3,composite,87670.0,,,,,
anoshift_threshold_clustering_m1_v2,power,adaptive_transfer,2007-2007,far,z_plus,p_z_plus,,0.0500920651670632,,0.1,0.05,composite,92869.0,,,,,
anoshift_threshold_clustering_m1_v2,power,adaptive_transfer,2007-2007,far,z_plus_renorm,p_z_plus_renorm,,0.0758298163567925,,0.1,0.05,composite,87670.0,,,,,
anoshift_threshold_clustering_m1_v2,power,adaptive_transfer,2007-2007,far,breadth,p_breadth,,0.0076126281333448,,0.1,0.05,composite,92872.0,,,,,
anoshift_threshold_clustering_m1_v2,power,adaptive_transfer,2007-2007,far,z_mahalanobis_sq,p_z_mahalanobis_sq,,0.0898100172711571,,0.1,0.05,composite,55005.0,,,,,
anoshift_threshold_clustering_m1_v2,power,adaptive_transfer,2007-2007,far,t_iut,p_t_iut,,0.072370758810798,,0.1,0.05,composite,92869.0,,,,,
anoshift_threshold_clustering_m1_v2,power,adaptive_transfer,2007-2007,far,z_plus_softmax,p_z_plus_softmax,,0.0693737880688947,,0.1,0.05,composite,87670.0,,,,,
anoshift_threshold_clustering_m1_v2,power,adaptive_transfer,2007-2007,far,z_plus_orth,p_z_plus_orth,,0.0642637162085091,,0.1,0.05,composite,87670.0,,,,,
anoshift_threshold_clustering_m1_v2,power,adaptive_transfer,2007-2007,far,z_plus,p_z_plus,,0.0500920651670632,,0.1,0.1,composite,92869.0,,,,,
anoshift_threshold_clustering_m1_v2,power,adaptive_transfer,2007-2007,far,z_plus_renorm,p_z_plus_renorm,,0.0758298163567925,,0.1,0.1,composite,87670.0,,,,,
anoshift_threshold_clustering_m1_v2,power,adaptive_transfer,2007-2007,far,breadth,p_breadth,,0.0076126281333448,,0.1,0.1,composite,92872.0,,,,,
anoshift_threshold_clustering_m1_v2,power,adaptive_transfer,2007-2007,far,z_mahalanobis_sq,p_z_mahalanobis_sq,,0.0898100172711571,,0.1,0.1,composite,55005.0,,,,,
anoshift_threshold_clustering_m1_v2,power,adaptive_transfer,2007-2007,far,t_iut,p_t_iut,,0.072370758810798,,0.1,0.1,composite,92869.0,,,,,
anoshift_threshold_clustering_m1_v2,power,adaptive_transfer,2007-2007,far,z_plus_softmax,p_z_plus_softmax,,0.0693737880688947,,0.1,0.1,composite,87670.0,,,,,
anoshift_threshold_clustering_m1_v2,power,adaptive_transfer,2007-2007,far,z_plus_orth,p_z_plus_orth,,0.0642637162085091,,0.1,0.1,composite,87670.0,,,,,
anoshift_threshold_clustering_m1_v2,power,adaptive_transfer,2007-2007,far,z_plus,p_z_plus,,0.0500920651670632,,0.1,0.15,composite,92869.0,,,,,
anoshift_threshold_clustering_m1_v2,power,adaptive_transfer,2007-2007,far,z_plus_renorm,p_z_plus_renorm,,0.0758298163567925,,0.1,0.15,composite,87670.0,,,,,
anoshift_threshold_clustering_m1_v2,power,adaptive_transfer,2007-2007,far,breadth,p_breadth,,0.0076126281333448,,0.1,0.15,composite,92872.0,,,,,
anoshift_threshold_clustering_m1_v2,power,adaptive_transfer,2007-2007,far,z_mahalanobis_sq,p_z_mahalanobis_sq,,0.0898100172711571,,0.1,0.15,composite,55005.0,,,,,
anoshift_threshold_clustering_m1_v2,power,adaptive_transfer,2007-2007,far,t_iut,p_t_iut,,0.072370758810798,,0.1,0.15,composite,92869.0,,,,,
anoshift_threshold_clustering_m1_v2,power,adaptive_transfer,2007-2007,far,z_plus_softmax,p_z_plus_softmax,,0.0693737880688947,,0.1,0.15,composite,87670.0,,,,,
anoshift_threshold_clustering_m1_v2,power,adaptive_transfer,2007-2007,far,z_plus_orth,p_z_plus_orth,,0.0642637162085091,,0.1,0.15,composite,87670.0,,,,,
anoshift_threshold_clustering_m1_v2,power,adaptive_transfer,2007-2007,far,z_plus,p_z_plus,,0.0500920651670632,,0.1,0.2,composite,92869.0,,,,,
anoshift_threshold_clustering_m1_v2,power,adaptive_transfer,2007-2007,far,z_plus_renorm,p_z_plus_renorm,,0.0758298163567925,,0.1,0.2,composite,87670.0,,,,,
anoshift_threshold_clustering_m1_v2,power,adaptive_transfer,2007-2007,far,breadth,p_breadth,,0.0076126281333448,,0.1,0.2,composite,92872.0,,,,,
anoshift_threshold_clustering_m1_v2,power,adaptive_transfer,2007-2007,far,z_mahalanobis_sq,p_z_mahalanobis_sq,,0.0898100172711571,,0.1,0.2,composite,55005.0,,,,,
anoshift_threshold_clustering_m1_v2,power,adaptive_transfer,2007-2007,far,t_iut,p_t_iut,,0.072370758810798,,0.1,0.2,composite,92869.0,,,,,
anoshift_threshold_clustering_m1_v2,power,adaptive_transfer,2007-2007,far,z_plus_softmax,p_z_plus_softmax,,0.0693737880688947,,0.1,0.2,composite,87670.0,,,,,
anoshift_threshold_clustering_m1_v2,power,adaptive_transfer,2007-2007,far,z_plus_orth,p_z_plus_orth,,0.0642637162085091,,0.1,0.2,composite,87670.0,,,,,
anoshift_threshold_clustering_m1_v2,power,adaptive_transfer,2007-2007,far,z_plus,p_z_plus,,0.0500920651670632,,0.1,0.3,composite,92869.0,,,,,
anoshift_threshold_clustering_m1_v2,power,adaptive_transfer,2007-2007,far,z_plus_renorm,p_z_plus_renorm,,0.0758298163567925,,0.1,0.3,composite,87670.0,,,,,
anoshift_threshold_clustering_m1_v2,power,adaptive_transfer,2007-2007,far,breadth,p_breadth,,0.0076126281333448,,0.1,0.3,composite,92872.0,,,,,
anoshift_threshold_clustering_m1_v2,power,adaptive_transfer,2007-2007,far,z_mahalanobis_sq,p_z_mahalanobis_sq,,0.0898100172711571,,0.1,0.3,composite,55005.0,,,,,
anoshift_threshold_clustering_m1_v2,power,adaptive_transfer,2007-2007,far,t_iut,p_t_iut,,0.072370758810798,,0.1,0.3,composite,92869.0,,,,,
anoshift_threshold_clustering_m1_v2,power,adaptive_transfer,2007-2007,far,z_plus_softmax,p_z_plus_softmax,,0.0693737880688947,,0.1,0.3,composite,87670.0,,,,,
anoshift_threshold_clustering_m1_v2,power,adaptive_transfer,2007-2007,far,z_plus_orth,p_z_plus_orth,,0.0642637162085091,,0.1,0.3,composite,87670.0,,,,,
anoshift,calibration_diagnostic,adaptive_transfer,2009-2009,,,,,,,,,,,,,460.0,30.0,candidate_scored
anoshift,calibration_diagnostic,adaptive_transfer,2009-2009,,,,,,,,,,,,,460.0,30.0,selected
anoshift,fpr,adaptive_transfer,2009-2009,iid,z_plus,p_z_plus,4140.0,0.0555555555555555,,,,,,,,,,
anoshift,fpr,adaptive_transfer,2009-2009,iid,z_plus_renorm,p_z_plus_renorm,4081.0,0.0707729468599033,,,,,,,,,,
anoshift,fpr,adaptive_transfer,2009-2009,iid,breadth,p_breadth,4140.0,0.0089371980676328,,,,,,,,,,
anoshift,fpr,adaptive_transfer,2009-2009,iid,z_mahalanobis_sq,p_z_mahalanobis_sq,3049.0,0.0425120772946859,,,,,,,,,,
anoshift,fpr,adaptive_transfer,2009-2009,iid,t_iut,p_t_iut,4140.0,0.0483091787439613,,,,,,,,,,
anoshift,fpr,adaptive_transfer,2009-2009,iid,z_plus_softmax,p_z_plus_softmax,4081.0,0.0681159420289855,,,,,,,,,,
anoshift,fpr,adaptive_transfer,2009-2009,iid,z_plus_orth,p_z_plus_orth,4081.0,0.0606280193236715,,,,,,,,,,
anoshift,fpr,adaptive_transfer,2009-2009,near,z_plus,p_z_plus,2932.0,0.0453615279672578,,,,,,,,,,
anoshift,fpr,adaptive_transfer,2009-2009,near,z_plus_renorm,p_z_plus_renorm,2898.0,0.0688949522510232,,,,,,,,,,
anoshift,fpr,adaptive_transfer,2009-2009,near,breadth,p_breadth,2932.0,0.0092087312414733,,,,,,,,,,
anoshift,fpr,adaptive_transfer,2009-2009,near,z_mahalanobis_sq,p_z_mahalanobis_sq,2298.0,0.0310368349249658,,,,,,,,,,
anoshift,fpr,adaptive_transfer,2009-2009,near,t_iut,p_t_iut,2932.0,0.0487721691678035,,,,,,,,,,
anoshift,fpr,adaptive_transfer,2009-2009,near,z_plus_softmax,p_z_plus_softmax,2898.0,0.0487721691678035,,,,,,,,,,
anoshift,fpr,adaptive_transfer,2009-2009,near,z_plus_orth,p_z_plus_orth,2898.0,0.0433151432469304,,,,,,,,,,
anoshift,fpr,adaptive_transfer,2009-2009,far,z_plus,p_z_plus,4232.0,0.0434782608695652,,,,,,,,,,
anoshift,fpr,adaptive_transfer,2009-2009,far,z_plus_renorm,p_z_plus_renorm,4181.0,0.0498582230623818,,,,,,,,,,
anoshift,fpr,adaptive_transfer,2009-2009,far,breadth,p_breadth,4232.0,0.0085066162570888,,,,,,,,,,
anoshift,fpr,adaptive_transfer,2009-2009,far,z_mahalanobis_sq,p_z_mahalanobis_sq,3599.0,0.0326086956521739,,,,,,,,,,
anoshift,fpr,adaptive_transfer,2009-2009,far,t_iut,p_t_iut,4232.0,0.0425330812854442,,,,,,,,,,
anoshift,fpr,adaptive_transfer,2009-2009,far,z_plus_softmax,p_z_plus_softmax,4181.0,0.0441871455576559,,,,,,,,,,
anoshift,fpr,adaptive_transfer,2009-2009,far,z_plus_orth,p_z_plus_orth,4181.0,0.0401701323251417,,,,,,,,,,
anoshift_yearly,annual_fpr,adaptive_transfer,2009-2009,,z_mahalanobis_sq,p_z_mahalanobis_sq,0.0,,2003.0,,,,,,,,,
anoshift_yearly,annual_fpr,adaptive_transfer,2009-2009,,z_mahalanobis_sq,p_z_mahalanobis_sq,0.0,,2004.0,,,,,,,,,
anoshift_yearly,annual_fpr,adaptive_transfer,2009-2009,,z_mahalanobis_sq,p_z_mahalanobis_sq,35.0,0.0093632958801498,2005.0,,,,,,,,,
anoshift_yearly,annual_fpr,adaptive_transfer,2009-2009,,z_mahalanobis_sq,p_z_mahalanobis_sq,353.0,0.0709342560553633,2006.0,,,,,,,,,
anoshift_yearly,annual_fpr,adaptive_transfer,2009-2009,,z_mahalanobis_sq,p_z_mahalanobis_sq,447.0,0.0622895622895622,2007.0,,,,,,,,,
anoshift_yearly,annual_fpr,adaptive_transfer,2009-2009,,z_mahalanobis_sq,p_z_mahalanobis_sq,460.0,0.038269550748752,2008.0,,,,,,,,,
anoshift_yearly,annual_fpr,adaptive_transfer,2009-2009,,z_mahalanobis_sq,p_z_mahalanobis_sq,460.0,0.0411663807890223,2009.0,,,,,,,,,
anoshift_yearly,annual_fpr,adaptive_transfer,2009-2009,,z_mahalanobis_sq,p_z_mahalanobis_sq,438.0,0.0347682119205298,2010.0,,,,,,,,,
anoshift_yearly,annual_fpr,adaptive_transfer,2009-2009,,z_mahalanobis_sq,p_z_mahalanobis_sq,451.0,0.0319865319865319,2011.0,,,,,,,,,
anoshift_yearly,annual_fpr,adaptive_transfer,2009-2009,,z_mahalanobis_sq,p_z_mahalanobis_sq,440.0,0.0187713310580204,2012.0,,,,,,,,,
anoshift_yearly,annual_fpr,adaptive_transfer,2009-2009,,z_mahalanobis_sq,p_z_mahalanobis_sq,455.0,0.0296167247386759,2013.0,,,,,,,,,
anoshift_yearly,annual_fpr,adaptive_transfer,2009-2009,,z_mahalanobis_sq,p_z_mahalanobis_sq,449.0,0.0310880829015544,2014.0,,,,,,,,,
anoshift_yearly,annual_fpr,adaptive_transfer,2009-2009,,z_mahalanobis_sq,p_z_mahalanobis_sq,456.0,0.0218855218855218,2015.0,,,,,,,,,
anoshift_yearly,annual_fpr,adaptive_transfer,2009-2009,,z_mahalanobis_sq,p_z_mahalanobis_sq,468.0,0.0271646859083191,2016.0,,,,,,,,,
anoshift_yearly,annual_fpr,adaptive_transfer,2009-2009,,z_mahalanobis_sq,p_z_mahalanobis_sq,470.0,0.0453020134228187,2017.0,,,,,,,,,
anoshift_yearly,annual_fpr,adaptive_transfer,2009-2009,,z_mahalanobis_sq,p_z_mahalanobis_sq,487.0,0.0295566502463054,2018.0,,,,,,,,,
anoshift_yearly,annual_fpr,adaptive_transfer,2009-2009,,z_mahalanobis_sq,p_z_mahalanobis_sq,511.0,0.0361635220125786,2019.0,,,,,,,,,
anoshift_yearly,annual_fpr,adaptive_transfer,2009-2009,,z_mahalanobis_sq,p_z_mahalanobis_sq,538.0,0.0367534456355283,2020.0,,,,,,,,,
anoshift_yearly,annual_fpr,adaptive_transfer,2009-2009,,z_mahalanobis_sq,p_z_mahalanobis_sq,578.0,0.0307017543859649,2021.0,,,,,,,,,
anoshift_yearly,annual_fpr,adaptive_transfer,2009-2009,,z_mahalanobis_sq,p_z_mahalanobis_sq,628.0,0.0335664335664335,2022.0,,,,,,,,,
anoshift_yearly,annual_fpr,adaptive_transfer,2009-2009,,z_mahalanobis_sq,p_z_mahalanobis_sq,598.0,0.0430416068866571,2023.0,,,,,,,,,
anoshift_yearly,annual_fpr,adaptive_transfer,2009-2009,,z_mahalanobis_sq,p_z_mahalanobis_sq,615.0,0.0238095238095238,2024.0,,,,,,,,,
anoshift_yearly,annual_fpr,adaptive_transfer,2009-2009,,z_mahalanobis_sq,p_z_mahalanobis_sq,642.0,0.0286085825747724,2025.0,,,,,,,,,
anoshift_correlated_gaussian,power,adaptive_transfer,2009-2009,near,z_plus,p_z_plus,,0.0413186813186813,,0.01,0.05,composite,2298.0,0.4436311514572383,0.0,,,
anoshift_correlated_gaussian,power,adaptive_transfer,2009-2009,near,z_plus_renorm,p_z_plus_renorm,,0.0537538871612616,,0.01,0.05,composite,2274.0,0.4505437196994573,0.0,,,
anoshift_correlated_gaussian,power,adaptive_transfer,2009-2009,near,breadth,p_breadth,,0.0114285714285714,,0.01,0.05,composite,2298.0,0.4843764930721452,0.0434782608695652,,,
anoshift_correlated_gaussian,power,adaptive_transfer,2009-2009,near,z_mahalanobis_sq,p_z_mahalanobis_sq,,0.04,,0.01,0.05,composite,2298.0,0.4708456760630674,0.0,,,
anoshift_correlated_gaussian,power,adaptive_transfer,2009-2009,near,t_iut,p_t_iut,,0.0404395604395604,,0.01,0.05,composite,2298.0,0.4443191591017678,0.1304347826086956,,,
anoshift_correlated_gaussian,power,adaptive_transfer,2009-2009,near,z_plus_softmax,p_z_plus_softmax,,0.0439804531319413,,0.01,0.05,composite,2274.0,0.4435709732872346,0.0,,,
anoshift_correlated_gaussian,power,adaptive_transfer,2009-2009,near,z_plus_orth,p_z_plus_orth,,0.0373167481119502,,0.01,0.05,composite,2274.0,0.4413690533675854,0.0,,,
anoshift_correlated_gaussian,power,adaptive_transfer,2009-2009,near,z_plus,p_z_plus,,0.0413186813186813,,0.01,0.1,composite,2298.0,0.4240611562350693,0.0,,,
anoshift_correlated_gaussian,power,adaptive_transfer,2009-2009,near,z_plus_renorm,p_z_plus_renorm,,0.0528653931585961,,0.01,0.1,composite,2274.0,0.4578448225909257,0.0869565217391304,,,
anoshift_correlated_gaussian,power,adaptive_transfer,2009-2009,near,breadth,p_breadth,,0.0118681318681318,,0.01,0.1,composite,2298.0,0.434495938843765,0.0,,,
anoshift_correlated_gaussian,power,adaptive_transfer,2009-2009,near,z_mahalanobis_sq,p_z_mahalanobis_sq,,0.04,,0.01,0.1,composite,2298.0,0.5020544672718585,0.0,,,
anoshift_correlated_gaussian,power,adaptive_transfer,2009-2009,near,t_iut,p_t_iut,,0.0413186813186813,,0.01,0.1,composite,2298.0,0.4186335403726708,0.0,,,
anoshift_correlated_gaussian,power,adaptive_transfer,2009-2009,near,z_plus_softmax,p_z_plus_softmax,,0.0430919591292758,,0.01,0.1,composite,2274.0,0.4563768759778263,0.1304347826086956,,,
anoshift_correlated_gaussian,power,adaptive_transfer,2009-2009,near,z_plus_orth,p_z_plus_orth,,0.0368725011106175,,0.01,0.1,composite,2274.0,0.4514708438761516,0.0869565217391304,,,
anoshift_correlated_gaussian,power,adaptive_transfer,2009-2009,near,z_plus,p_z_plus,,0.0408791208791208,,0.01,0.15,composite,2298.0,0.5750979455327281,0.0434782608695652,,,
anoshift_correlated_gaussian,power,adaptive_transfer,2009-2009,near,z_plus_renorm,p_z_plus_renorm,,0.0528653931585961,,0.01,0.15,composite,2274.0,0.5264133814922836,0.0869565217391304,,,
anoshift_correlated_gaussian,power,adaptive_transfer,2009-2009,near,breadth,p_breadth,,0.0118681318681318,,0.01,0.15,composite,2298.0,0.6126803631151457,0.0,,,
anoshift_correlated_gaussian,power,adaptive_transfer,2009-2009,near,z_mahalanobis_sq,p_z_mahalanobis_sq,,0.0395604395604395,,0.01,0.15,composite,2298.0,0.5051505016722408,0.0434782608695652,,,
anoshift_correlated_gaussian,power,adaptive_transfer,2009-2009,near,t_iut,p_t_iut,,0.0413186813186813,,0.01,0.15,composite,2298.0,0.565370281892021,0.0869565217391304,,,
anoshift_correlated_gaussian,power,adaptive_transfer,2009-2009,near,z_plus_softmax,p_z_plus_softmax,,0.0435362061306086,,0.01,0.15,composite,2274.0,0.5173739207695129,0.1304347826086956,,,
anoshift_correlated_gaussian,power,adaptive_transfer,2009-2009,near,z_plus_orth,p_z_plus_orth,,0.0364282541092847,,0.01,0.15,composite,2274.0,0.5233036524829545,0.1304347826086956,,,
anoshift_correlated_gaussian,power,adaptive_transfer,2009-2009,near,z_plus,p_z_plus,,0.0413186813186813,,0.01,0.2,composite,2298.0,0.4922503583373148,0.0,,,
anoshift_correlated_gaussian,power,adaptive_transfer,2009-2009,near,z_plus_renorm,p_z_plus_renorm,,0.0537538871612616,,0.01,0.2,composite,2274.0,0.4888841674231742,0.0,,,
anoshift_correlated_gaussian,power,adaptive_transfer,2009-2009,near,breadth,p_breadth,,0.0118681318681318,,0.01,0.2,composite,2298.0,0.4913903487816531,0.0,,,
anoshift_correlated_gaussian,power,adaptive_transfer,2009-2009,near,z_mahalanobis_sq,p_z_mahalanobis_sq,,0.04,,0.01,0.2,composite,2298.0,0.5048829431438128,0.0,,,
anoshift_correlated_gaussian,power,adaptive_transfer,2009-2009,near,t_iut,p_t_iut,,0.0413186813186813,,0.01,0.2,composite,2298.0,0.4139130434782608,0.0869565217391304,,,
anoshift_correlated_gaussian,power,adaptive_transfer,2009-2009,near,z_plus_softmax,p_z_plus_softmax,,0.0435362061306086,,0.01,0.2,composite,2274.0,0.4880729337685666,0.0,,,
anoshift_correlated_gaussian,power,adaptive_transfer,2009-2009,near,z_plus_orth,p_z_plus_orth,,0.0368725011106175,,0.01,0.2,composite,2274.0,0.489869236860912,0.0,,,
anoshift_correlated_gaussian,power,adaptive_transfer,2009-2009,near,z_plus,p_z_plus,,0.0413186813186813,,0.01,0.3,composite,2298.0,0.5230004777830866,0.0,,,
anoshift_correlated_gaussian,power,adaptive_transfer,2009-2009,near,z_plus_renorm,p_z_plus_renorm,,0.0537538871612616,,0.01,0.3,composite,2274.0,0.508392405307786,0.0434782608695652,,,
anoshift_correlated_gaussian,power,adaptive_transfer,2009-2009,near,breadth,p_breadth,,0.0118681318681318,,0.01,0.3,composite,2298.0,0.555078834209269,0.0,,,
anoshift_correlated_gaussian,power,adaptive_transfer,2009-2009,near,z_mahalanobis_sq,p_z_mahalanobis_sq,,0.0395604395604395,,0.01,0.3,composite,2298.0,0.5026660296225514,0.0869565217391304,,,
anoshift_correlated_gaussian,power,adaptive_transfer,2009-2009,near,t_iut,p_t_iut,,0.0413186813186813,,0.01,0.3,composite,2298.0,0.4958432871476349,0.0434782608695652,,,
anoshift_correlated_gaussian,power,adaptive_transfer,2009-2009,near,z_plus_softmax,p_z_plus_softmax,,0.0439804531319413,,0.01,0.3,composite,2274.0,0.4840553956695575,0.0,,,
anoshift_correlated_gaussian,power,adaptive_transfer,2009-2009,near,z_plus_orth,p_z_plus_orth,,0.0373167481119502,,0.01,0.3,composite,2274.0,0.4874741660711181,0.0,,,
anoshift_correlated_gaussian,power,adaptive_transfer,2009-2009,near,z_plus,p_z_plus,,0.0398534127347686,,0.05,0.05,composite,2298.0,0.5014638809775139,0.0608695652173913,,,
anoshift_correlated_gaussian,power,adaptive_transfer,2009-2009,near,z_plus_renorm,p_z_plus_renorm,,0.0513888888888888,,0.05,0.05,composite,2273.0,0.4953457882661423,0.0884955752212389,,,
anoshift_correlated_gaussian,power,adaptive_transfer,2009-2009,near,breadth,p_breadth,,0.0114521300961978,,0.05,0.05,composite,2298.0,0.4961381425640822,0.017391304347826,,,
anoshift_correlated_gaussian,power,adaptive_transfer,2009-2009,near,z_mahalanobis_sq,p_z_mahalanobis_sq,,0.0384791571232249,,0.05,0.05,composite,2298.0,0.4958194745961879,0.0608695652173913,,,
anoshift_correlated_gaussian,power,adaptive_transfer,2009-2009,near,t_iut,p_t_iut,,0.0398534127347686,,0.05,0.05,composite,2298.0,0.5434444023979765,0.0695652173913043,,,
anoshift_correlated_gaussian,power,adaptive_transfer,2009-2009,near,z_plus_softmax,p_z_plus_softmax,,0.0425925925925925,,0.05,0.05,composite,2273.0,0.4952146837102589,0.0973451327433628,,,
anoshift_correlated_gaussian,power,adaptive_transfer,2009-2009,near,z_plus_orth,p_z_plus_orth,,0.037037037037037,,0.05,0.05,composite,2273.0,0.4948172730252376,0.0884955752212389,,,
anoshift_correlated_gaussian,power,adaptive_transfer,2009-2009,near,z_plus,p_z_plus,,0.0412276683463124,,0.05,0.1,composite,2298.0,0.5068533529845246,0.0347826086956521,,,
anoshift_correlated_gaussian,power,adaptive_transfer,2009-2009,near,z_plus_renorm,p_z_plus_renorm,,0.0532654006484483,,0.05,0.1,composite,2273.0,0.5245443390783582,0.0526315789473684,,,
anoshift_correlated_gaussian,power,adaptive_transfer,2009-2009,near,breadth,p_breadth,,0.0123683005038937,,0.05,0.1,composite,2298.0,0.4825808122049832,0.0260869565217391,,,
anoshift_correlated_gaussian,power,adaptive_transfer,2009-2009,near,z_mahalanobis_sq,p_z_mahalanobis_sq,,0.0389372423270728,,0.05,0.1,composite,2298.0,0.5167519767372384,0.0521739130434782,,,
anoshift_correlated_gaussian,power,adaptive_transfer,2009-2009,near,t_iut,p_t_iut,,0.0393953275309207,,0.05,0.1,composite,2298.0,0.4981377840626182,0.0608695652173913,,,
anoshift_correlated_gaussian,power,adaptive_transfer,2009-2009,near,z_plus_softmax,p_z_plus_softmax,,0.0435386753126447,,0.05,0.1,composite,2273.0,0.5174260338200759,0.0526315789473684,,,
anoshift_correlated_gaussian,power,adaptive_transfer,2009-2009,near,z_plus_orth,p_z_plus_orth,,0.0370541917554423,,0.05,0.1,composite,2273.0,0.5177591965091051,0.0614035087719298,,,
anoshift_correlated_gaussian,power,adaptive_transfer,2009-2009,near,z_plus,p_z_plus,,0.0407695831424645,,0.05,0.15,composite,2298.0,0.4880758429763588,0.0347826086956521,,,
anoshift_correlated_gaussian,power,adaptive_transfer,2009-2009,near,z_plus_renorm,p_z_plus_renorm,,0.0541917554423344,,0.05,0.15,composite,2272.0,0.4845737333327867,0.0265486725663716,,,
anoshift_correlated_gaussian,power,adaptive_transfer,2009-2009,near,breadth,p_breadth,,0.0109940448923499,,0.05,0.15,composite,2298.0,0.5012069549283993,0.0260869565217391,,,
anoshift_correlated_gaussian,power,adaptive_transfer,2009-2009,near,z_mahalanobis_sq,p_z_mahalanobis_sq,,0.0398534127347686,,0.05,0.15,composite,2298.0,0.4879563424883985,0.0260869565217391,,,
anoshift_correlated_gaussian,power,adaptive_transfer,2009-2009,near,t_iut,p_t_iut,,0.0412276683463124,,0.05,0.15,composite,2298.0,0.4698321018144157,0.0434782608695652,,,
anoshift_correlated_gaussian,power,adaptive_transfer,2009-2009,near,z_plus_softmax,p_z_plus_softmax,,0.0444650301065308,,0.05,0.15,composite,2272.0,0.4781138432656875,0.0353982300884955,,,
anoshift_correlated_gaussian,power,adaptive_transfer,2009-2009,near,z_plus_orth,p_z_plus_orth,,0.0375173691523853,,0.05,0.15,composite,2272.0,0.4764127935335516,0.0353982300884955,,,
anoshift_correlated_gaussian,power,adaptive_transfer,2009-2009,near,z_plus,p_z_plus,,0.0407695831424645,,0.05,0.2,composite,2298.0,0.5083789758808182,0.0521739130434782,,,
anoshift_correlated_gaussian,power,adaptive_transfer,2009-2009,near,z_plus_renorm,p_z_plus_renorm,,0.0523390458545623,,0.05,0.2,composite,2274.0,0.5023541494653321,0.0956521739130434,,,
anoshift_correlated_gaussian,power,adaptive_transfer,2009-2009,near,breadth,p_breadth,,0.0119102153000458,,0.05,0.2,composite,2298.0,0.4919655838594674,0.0,,,
anoshift_correlated_gaussian,power,adaptive_transfer,2009-2009,near,z_mahalanobis_sq,p_z_mahalanobis_sq,,0.0398534127347686,,0.05,0.2,composite,2298.0,0.514469517417196,0.0434782608695652,,,
anoshift_correlated_gaussian,power,adaptive_transfer,2009-2009,near,t_iut,p_t_iut,,0.0398534127347686,,0.05,0.2,composite,2298.0,0.5001254755123583,0.0695652173913043,,,
anoshift_correlated_gaussian,power,adaptive_transfer,2009-2009,near,z_plus_softmax,p_z_plus_softmax,,0.0444650301065308,,0.05,0.2,composite,2274.0,0.4999899309261534,0.0695652173913043,,,
anoshift_correlated_gaussian,power,adaptive_transfer,2009-2009,near,z_plus_orth,p_z_plus_orth,,0.0379805465493283,,0.05,0.2,composite,2274.0,0.4992931510159695,0.0695652173913043,,,
anoshift_correlated_gaussian,power,adaptive_transfer,2009-2009,near,z_plus,p_z_plus,,0.0393953275309207,,0.05,0.3,composite,2298.0,0.50367464000478,0.0608695652173913,,,
anoshift_correlated_gaussian,power,adaptive_transfer,2009-2009,near,z_plus_renorm,p_z_plus_renorm,,0.0527533549282739,,0.05,0.3,composite,2275.0,0.5145928217118456,0.0614035087719298,,,
anoshift_correlated_gaussian,power,adaptive_transfer,2009-2009,near,breadth,p_breadth,,0.0109940448923499,,0.05,0.3,composite,2298.0,0.4962596347268417,0.0521739130434782,,,
anoshift_correlated_gaussian,power,adaptive_transfer,2009-2009,near,z_mahalanobis_sq,p_z_mahalanobis_sq,,0.037562986715529,,0.05,0.3,composite,2298.0,0.5489254914457568,0.0782608695652174,,,
anoshift_correlated_gaussian,power,adaptive_transfer,2009-2009,near,t_iut,p_t_iut,,0.0403114979386165,,0.05,0.3,composite,2298.0,0.4709115895556574,0.0521739130434782,,,
anoshift_correlated_gaussian,power,adaptive_transfer,2009-2009,near,z_plus_softmax,p_z_plus_softmax,,0.0434983803794539,,0.05,0.3,composite,2275.0,0.512275018875277,0.0526315789473684,,,
anoshift_correlated_gaussian,power,adaptive_transfer,2009-2009,near,z_plus_orth,p_z_plus_orth,,0.0374826469227209,,0.05,0.3,composite,2275.0,0.5129447867702575,0.0526315789473684,,,
anoshift_correlated_gaussian,power,adaptive_transfer,2009-2009,near,z_plus,p_z_plus,,0.0386847195357833,,0.1,0.05,composite,2298.0,0.5406200067277773,0.0565217391304347,,,
anoshift_correlated_gaussian,power,adaptive_transfer,2009-2009,near,z_plus_renorm,p_z_plus_renorm,,0.0537371763556424,,0.1,0.05,composite,2274.0,0.5340252954253458,0.052863436123348,,,
anoshift_correlated_gaussian,power,adaptive_transfer,2009-2009,near,breadth,p_breadth,,0.0120889748549323,,0.1,0.05,composite,2298.0,0.5227514506769826,0.008695652173913,,,
anoshift_correlated_gaussian,power,adaptive_transfer,2009-2009,near,z_mahalanobis_sq,p_z_mahalanobis_sq,,0.0377176015473887,,0.1,0.05,composite,2298.0,0.5164304936506602,0.0565217391304347,,,
anoshift_correlated_gaussian,power,adaptive_transfer,2009-2009,near,t_iut,p_t_iut,,0.0425531914893617,,0.1,0.05,composite,2298.0,0.5029791438903373,0.0347826086956521,,,
anoshift_correlated_gaussian,power,adaptive_transfer,2009-2009,near,z_plus_softmax,p_z_plus_softmax,,0.0405471421592574,,0.1,0.05,composite,2274.0,0.5395130727464066,0.0837004405286343,,,
anoshift_correlated_gaussian,power,adaptive_transfer,2009-2009,near,z_plus_orth,p_z_plus_orth,,0.0351734245236932,,0.1,0.05,composite,2274.0,0.5398487955942832,0.079295154185022,,,
anoshift_correlated_gaussian,power,adaptive_transfer,2009-2009,near,z_plus,p_z_plus,,0.0435203094777562,,0.1,0.1,composite,2298.0,0.4730510470103439,0.0217391304347826,,,
anoshift_correlated_gaussian,power,adaptive_transfer,2009-2009,near,z_plus_renorm,p_z_plus_renorm,,0.0555555555555555,,0.1,0.1,composite,2278.0,0.4715796373923994,0.0265486725663716,,,
anoshift_correlated_gaussian,power,adaptive_transfer,2009-2009,near,breadth,p_breadth,,0.0120889748549323,,0.1,0.1,composite,2298.0,0.4894594651417038,0.008695652173913,,,
anoshift_correlated_gaussian,power,adaptive_transfer,2009-2009,near,z_mahalanobis_sq,p_z_mahalanobis_sq,,0.0411025145067698,,0.1,0.1,composite,2298.0,0.5152510301909007,0.0304347826086956,,,
anoshift_correlated_gaussian,power,adaptive_transfer,2009-2009,near,t_iut,p_t_iut,,0.0415860735009671,,0.1,0.1,composite,2298.0,0.4686611723151964,0.0304347826086956,,,
anoshift_correlated_gaussian,power,adaptive_transfer,2009-2009,near,z_plus_softmax,p_z_plus_softmax,,0.0443469785575048,,0.1,0.1,composite,2278.0,0.4722675050458003,0.0530973451327433,,,
anoshift_correlated_gaussian,power,adaptive_transfer,2009-2009,near,z_plus_orth,p_z_plus_orth,,0.0380116959064327,,0.1,0.1,composite,2278.0,0.4738804360951543,0.0619469026548672,,,
anoshift_correlated_gaussian,power,adaptive_transfer,2009-2009,near,z_plus,p_z_plus,,0.0415860735009671,,0.1,0.15,composite,2298.0,0.5111775712723909,0.0347826086956521,,,
anoshift_correlated_gaussian,power,adaptive_transfer,2009-2009,near,z_plus_renorm,p_z_plus_renorm,,0.0503175378602833,,0.1,0.15,composite,2272.0,0.5334158388970309,0.0622222222222222,,,
anoshift_correlated_gaussian,power,adaptive_transfer,2009-2009,near,breadth,p_breadth,,0.0120889748549323,,0.1,0.15,composite,2298.0,0.4768785215709359,0.0130434782608695,,,
anoshift_correlated_gaussian,power,adaptive_transfer,2009-2009,near,z_mahalanobis_sq,p_z_mahalanobis_sq,,0.0406189555125725,,0.1,0.15,composite,2298.0,0.5104764107308049,0.0434782608695652,,,
anoshift_correlated_gaussian,power,adaptive_transfer,2009-2009,near,t_iut,p_t_iut,,0.0425531914893617,,0.1,0.15,composite,2298.0,0.4851610461693718,0.0304347826086956,,,
anoshift_correlated_gaussian,power,adaptive_transfer,2009-2009,near,z_plus_softmax,p_z_plus_softmax,,0.0410356619443087,,0.1,0.15,composite,2272.0,0.5254649079954405,0.0444444444444444,,,
anoshift_correlated_gaussian,power,adaptive_transfer,2009-2009,near,z_plus_orth,p_z_plus_orth,,0.0351734245236932,,0.1,0.15,composite,2272.0,0.5264332627693644,0.0488888888888888,,,
anoshift_correlated_gaussian,power,adaptive_transfer,2009-2009,near,z_plus,p_z_plus,,0.0415860735009671,,0.1,0.2,composite,2298.0,0.5351295097132285,0.0304347826086956,,,
anoshift_correlated_gaussian,power,adaptive_transfer,2009-2009,near,z_plus_renorm,p_z_plus_renorm,,0.0531966813079551,,0.1,0.2,composite,2275.0,0.5442952962161556,0.0486725663716814,,,
anoshift_correlated_gaussian,power,adaptive_transfer,2009-2009,near,breadth,p_breadth,,0.0101547388781431,,0.1,0.2,composite,2298.0,0.5091255991926668,0.0347826086956521,,,
anoshift_correlated_gaussian,power,adaptive_transfer,2009-2009,near,z_mahalanobis_sq,p_z_mahalanobis_sq,,0.0391682785299806,,0.1,0.2,composite,2298.0,0.5409217054915483,0.0478260869565217,,,
anoshift_correlated_gaussian,power,adaptive_transfer,2009-2009,near,t_iut,p_t_iut,,0.0406189555125725,,0.1,0.2,composite,2298.0,0.4931271549911699,0.0608695652173913,,,
anoshift_correlated_gaussian,power,adaptive_transfer,2009-2009,near,z_plus_softmax,p_z_plus_softmax,,0.0424597364568082,,0.1,0.2,composite,2275.0,0.540982650721051,0.0619469026548672,,,
anoshift_correlated_gaussian,power,adaptive_transfer,2009-2009,near,z_plus_orth,p_z_plus_orth,,0.0351390922401171,,0.1,0.2,composite,2275.0,0.5408077326733955,0.0663716814159292,,,
anoshift_correlated_gaussian,power,adaptive_transfer,2009-2009,near,z_plus,p_z_plus,,0.0396518375241779,,0.1,0.3,composite,2298.0,0.5428054831385081,0.0652173913043478,,,
anoshift_correlated_gaussian,power,adaptive_transfer,2009-2009,near,z_plus_renorm,p_z_plus_renorm,,0.0537371763556424,,0.1,0.3,composite,2275.0,0.5257672760308196,0.0701754385964912,,,
anoshift_correlated_gaussian,power,adaptive_transfer,2009-2009,near,breadth,p_breadth,,0.011605415860735,,0.1,0.3,composite,2298.0,0.5512330754352031,0.0217391304347826,,,
anoshift_correlated_gaussian,power,adaptive_transfer,2009-2009,near,z_mahalanobis_sq,p_z_mahalanobis_sq,,0.038201160541586,,0.1,0.3,composite,2298.0,0.5336914473130938,0.0652173913043478,,,
anoshift_correlated_gaussian,power,adaptive_transfer,2009-2009,near,t_iut,p_t_iut,,0.0396518375241779,,0.1,0.3,composite,2298.0,0.4974034984442015,0.0739130434782608,,,
anoshift_correlated_gaussian,power,adaptive_transfer,2009-2009,near,z_plus_softmax,p_z_plus_softmax,,0.0449438202247191,,0.1,0.3,composite,2275.0,0.5165775332322011,0.0701754385964912,,,
anoshift_correlated_gaussian,power,adaptive_transfer,2009-2009,near,z_plus_orth,p_z_plus_orth,,0.0376160234489496,,0.1,0.3,composite,2275.0,0.5141585032439427,0.0701754385964912,,,
anoshift_threshold_clustering_m1_v2,power,adaptive_transfer,2009-2009,near,z_plus,p_z_plus,,0.0500920651670632,,0.01,0.05,composite,92869.0,,,,,
anoshift_threshold_clustering_m1_v2,power,adaptive_transfer,2009-2009,near,z_plus_renorm,p_z_plus_renorm,,0.0758298163567925,,0.01,0.05,composite,87670.0,,,,,
anoshift_threshold_clustering_m1_v2,power,adaptive_transfer,2009-2009,near,breadth,p_breadth,,0.0076126281333448,,0.01,0.05,composite,92872.0,,,,,
anoshift_threshold_clustering_m1_v2,power,adaptive_transfer,2009-2009,near,z_mahalanobis_sq,p_z_mahalanobis_sq,,0.0898100172711571,,0.01,0.05,composite,55005.0,,,,,
anoshift_threshold_clustering_m1_v2,power,adaptive_transfer,2009-2009,near,t_iut,p_t_iut,,0.072370758810798,,0.01,0.05,composite,92869.0,,,,,
anoshift_threshold_clustering_m1_v2,power,adaptive_transfer,2009-2009,near,z_plus_softmax,p_z_plus_softmax,,0.0693737880688947,,0.01,0.05,composite,87670.0,,,,,
anoshift_threshold_clustering_m1_v2,power,adaptive_transfer,2009-2009,near,z_plus_orth,p_z_plus_orth,,0.0642637162085091,,0.01,0.05,composite,87670.0,,,,,
anoshift_threshold_clustering_m1_v2,power,adaptive_transfer,2009-2009,near,z_plus,p_z_plus,,0.0500920651670632,,0.01,0.1,composite,92869.0,,,,,
anoshift_threshold_clustering_m1_v2,power,adaptive_transfer,2009-2009,near,z_plus_renorm,p_z_plus_renorm,,0.0758298163567925,,0.01,0.1,composite,87670.0,,,,,
anoshift_threshold_clustering_m1_v2,power,adaptive_transfer,2009-2009,near,breadth,p_breadth,,0.0076126281333448,,0.01,0.1,composite,92872.0,,,,,
anoshift_threshold_clustering_m1_v2,power,adaptive_transfer,2009-2009,near,z_mahalanobis_sq,p_z_mahalanobis_sq,,0.0898100172711571,,0.01,0.1,composite,55005.0,,,,,
anoshift_threshold_clustering_m1_v2,power,adaptive_transfer,2009-2009,near,t_iut,p_t_iut,,0.072370758810798,,0.01,0.1,composite,92869.0,,,,,
anoshift_threshold_clustering_m1_v2,power,adaptive_transfer,2009-2009,near,z_plus_softmax,p_z_plus_softmax,,0.0693737880688947,,0.01,0.1,composite,87670.0,,,,,
anoshift_threshold_clustering_m1_v2,power,adaptive_transfer,2009-2009,near,z_plus_orth,p_z_plus_orth,,0.0642637162085091,,0.01,0.1,composite,87670.0,,,,,
anoshift_threshold_clustering_m1_v2,power,adaptive_transfer,2009-2009,near,z_plus,p_z_plus,,0.0500920651670632,,0.01,0.15,composite,92869.0,,,,,
anoshift_threshold_clustering_m1_v2,power,adaptive_transfer,2009-2009,near,z_plus_renorm,p_z_plus_renorm,,0.0758298163567925,,0.01,0.15,composite,87670.0,,,,,
anoshift_threshold_clustering_m1_v2,power,adaptive_transfer,2009-2009,near,breadth,p_breadth,,0.0076126281333448,,0.01,0.15,composite,92872.0,,,,,
anoshift_threshold_clustering_m1_v2,power,adaptive_transfer,2009-2009,near,z_mahalanobis_sq,p_z_mahalanobis_sq,,0.0898100172711571,,0.01,0.15,composite,55005.0,,,,,
anoshift_threshold_clustering_m1_v2,power,adaptive_transfer,2009-2009,near,t_iut,p_t_iut,,0.072370758810798,,0.01,0.15,composite,92869.0,,,,,
anoshift_threshold_clustering_m1_v2,power,adaptive_transfer,2009-2009,near,z_plus_softmax,p_z_plus_softmax,,0.0693737880688947,,0.01,0.15,composite,87670.0,,,,,
anoshift_threshold_clustering_m1_v2,power,adaptive_transfer,2009-2009,near,z_plus_orth,p_z_plus_orth,,0.0642637162085091,,0.01,0.15,composite,87670.0,,,,,
anoshift_threshold_clustering_m1_v2,power,adaptive_transfer,2009-2009,near,z_plus,p_z_plus,,0.0500920651670632,,0.01,0.2,composite,92869.0,,,,,
anoshift_threshold_clustering_m1_v2,power,adaptive_transfer,2009-2009,near,z_plus_renorm,p_z_plus_renorm,,0.0758298163567925,,0.01,0.2,composite,87670.0,,,,,
anoshift_threshold_clustering_m1_v2,power,adaptive_transfer,2009-2009,near,breadth,p_breadth,,0.0076126281333448,,0.01,0.2,composite,92872.0,,,,,
anoshift_threshold_clustering_m1_v2,power,adaptive_transfer,2009-2009,near,z_mahalanobis_sq,p_z_mahalanobis_sq,,0.0898100172711571,,0.01,0.2,composite,55005.0,,,,,
anoshift_threshold_clustering_m1_v2,power,adaptive_transfer,2009-2009,near,t_iut,p_t_iut,,0.072370758810798,,0.01,0.2,composite,92869.0,,,,,
anoshift_threshold_clustering_m1_v2,power,adaptive_transfer,2009-2009,near,z_plus_softmax,p_z_plus_softmax,,0.0693737880688947,,0.01,0.2,composite,87670.0,,,,,
anoshift_threshold_clustering_m1_v2,power,adaptive_transfer,2009-2009,near,z_plus_orth,p_z_plus_orth,,0.0642637162085091,,0.01,0.2,composite,87670.0,,,,,
anoshift_threshold_clustering_m1_v2,power,adaptive_transfer,2009-2009,near,z_plus,p_z_plus,,0.0500920651670632,,0.01,0.3,composite,92869.0,,,,,
anoshift_threshold_clustering_m1_v2,power,adaptive_transfer,2009-2009,near,z_plus_renorm,p_z_plus_renorm,,0.0758298163567925,,0.01,0.3,composite,87670.0,,,,,
anoshift_threshold_clustering_m1_v2,power,adaptive_transfer,2009-2009,near,breadth,p_breadth,,0.0076126281333448,,0.01,0.3,composite,92872.0,,,,,
anoshift_threshold_clustering_m1_v2,power,adaptive_transfer,2009-2009,near,z_mahalanobis_sq,p_z_mahalanobis_sq,,0.0898100172711571,,0.01,0.3,composite,55005.0,,,,,
anoshift_threshold_clustering_m1_v2,power,adaptive_transfer,2009-2009,near,t_iut,p_t_iut,,0.072370758810798,,0.01,0.3,composite,92869.0,,,,,
anoshift_threshold_clustering_m1_v2,power,adaptive_transfer,2009-2009,near,z_plus_softmax,p_z_plus_softmax,,0.0693737880688947,,0.01,0.3,composite,87670.0,,,,,
anoshift_threshold_clustering_m1_v2,power,adaptive_transfer,2009-2009,near,z_plus_orth,p_z_plus_orth,,0.0642637162085091,,0.01,0.3,composite,87670.0,,,,,
anoshift_threshold_clustering_m1_v2,power,adaptive_transfer,2009-2009,near,z_plus,p_z_plus,,0.0500920651670632,,0.05,0.05,composite,92869.0,,,,,
anoshift_threshold_clustering_m1_v2,power,adaptive_transfer,2009-2009,near,z_plus_renorm,p_z_plus_renorm,,0.0758298163567925,,0.05,0.05,composite,87670.0,,,,,
anoshift_threshold_clustering_m1_v2,power,adaptive_transfer,2009-2009,near,breadth,p_breadth,,0.0076126281333448,,0.05,0.05,composite,92872.0,,,,,
anoshift_threshold_clustering_m1_v2,power,adaptive_transfer,2009-2009,near,z_mahalanobis_sq,p_z_mahalanobis_sq,,0.0898100172711571,,0.05,0.05,composite,55005.0,,,,,
anoshift_threshold_clustering_m1_v2,power,adaptive_transfer,2009-2009,near,t_iut,p_t_iut,,0.072370758810798,,0.05,0.05,composite,92869.0,,,,,
anoshift_threshold_clustering_m1_v2,power,adaptive_transfer,2009-2009,near,z_plus_softmax,p_z_plus_softmax,,0.0693737880688947,,0.05,0.05,composite,87670.0,,,,,
anoshift_threshold_clustering_m1_v2,power,adaptive_transfer,2009-2009,near,z_plus_orth,p_z_plus_orth,,0.0642637162085091,,0.05,0.05,composite,87670.0,,,,,
anoshift_threshold_clustering_m1_v2,power,adaptive_transfer,2009-2009,near,z_plus,p_z_plus,,0.0500920651670632,,0.05,0.1,composite,92869.0,,,,,
anoshift_threshold_clustering_m1_v2,power,adaptive_transfer,2009-2009,near,z_plus_renorm,p_z_plus_renorm,,0.0758298163567925,,0.05,0.1,composite,87670.0,,,,,
anoshift_threshold_clustering_m1_v2,power,adaptive_transfer,2009-2009,near,breadth,p_breadth,,0.0076126281333448,,0.05,0.1,composite,92872.0,,,,,
anoshift_threshold_clustering_m1_v2,power,adaptive_transfer,2009-2009,near,z_mahalanobis_sq,p_z_mahalanobis_sq,,0.0898100172711571,,0.05,0.1,composite,55005.0,,,,,
anoshift_threshold_clustering_m1_v2,power,adaptive_transfer,2009-2009,near,t_iut,p_t_iut,,0.072370758810798,,0.05,0.1,composite,92869.0,,,,,
anoshift_threshold_clustering_m1_v2,power,adaptive_transfer,2009-2009,near,z_plus_softmax,p_z_plus_softmax,,0.0693737880688947,,0.05,0.1,composite,87670.0,,,,,
anoshift_threshold_clustering_m1_v2,power,adaptive_transfer,2009-2009,near,z_plus_orth,p_z_plus_orth,,0.0642637162085091,,0.05,0.1,composite,87670.0,,,,,
anoshift_threshold_clustering_m1_v2,power,adaptive_transfer,2009-2009,near,z_plus,p_z_plus,,0.0500920651670632,,0.05,0.15,composite,92869.0,,,,,
anoshift_threshold_clustering_m1_v2,power,adaptive_transfer,2009-2009,near,z_plus_renorm,p_z_plus_renorm,,0.0758298163567925,,0.05,0.15,composite,87670.0,,,,,
anoshift_threshold_clustering_m1_v2,power,adaptive_transfer,2009-2009,near,breadth,p_breadth,,0.0076126281333448,,0.05,0.15,composite,92872.0,,,,,
anoshift_threshold_clustering_m1_v2,power,adaptive_transfer,2009-2009,near,z_mahalanobis_sq,p_z_mahalanobis_sq,,0.0898100172711571,,0.05,0.15,composite,55005.0,,,,,
anoshift_threshold_clustering_m1_v2,power,adaptive_transfer,2009-2009,near,t_iut,p_t_iut,,0.072370758810798,,0.05,0.15,composite,92869.0,,,,,
anoshift_threshold_clustering_m1_v2,power,adaptive_transfer,2009-2009,near,z_plus_softmax,p_z_plus_softmax,,0.0693737880688947,,0.05,0.15,composite,87670.0,,,,,
anoshift_threshold_clustering_m1_v2,power,adaptive_transfer,2009-2009,near,z_plus_orth,p_z_plus_orth,,0.0642637162085091,,0.05,0.15,composite,87670.0,,,,,
anoshift_threshold_clustering_m1_v2,power,adaptive_transfer,2009-2009,near,z_plus,p_z_plus,,0.0500920651670632,,0.05,0.2,composite,92869.0,,,,,
anoshift_threshold_clustering_m1_v2,power,adaptive_transfer,2009-2009,near,z_plus_renorm,p_z_plus_renorm,,0.0758298163567925,,0.05,0.2,composite,87670.0,,,,,
anoshift_threshold_clustering_m1_v2,power,adaptive_transfer,2009-2009,near,breadth,p_breadth,,0.0076126281333448,,0.05,0.2,composite,92872.0,,,,,
anoshift_threshold_clustering_m1_v2,power,adaptive_transfer,2009-2009,near,z_mahalanobis_sq,p_z_mahalanobis_sq,,0.0898100172711571,,0.05,0.2,composite,55005.0,,,,,
anoshift_threshold_clustering_m1_v2,power,adaptive_transfer,2009-2009,near,t_iut,p_t_iut,,0.072370758810798,,0.05,0.2,composite,92869.0,,,,,
anoshift_threshold_clustering_m1_v2,power,adaptive_transfer,2009-2009,near,z_plus_softmax,p_z_plus_softmax,,0.0693737880688947,,0.05,0.2,composite,87670.0,,,,,
anoshift_threshold_clustering_m1_v2,power,adaptive_transfer,2009-2009,near,z_plus_orth,p_z_plus_orth,,0.0642637162085091,,0.05,0.2,composite,87670.0,,,,,
anoshift_threshold_clustering_m1_v2,power,adaptive_transfer,2009-2009,near,z_plus,p_z_plus,,0.0500920651670632,,0.05,0.3,composite,92869.0,,,,,
anoshift_threshold_clustering_m1_v2,power,adaptive_transfer,2009-2009,near,z_plus_renorm,p_z_plus_renorm,,0.0758298163567925,,0.05,0.3,composite,87670.0,,,,,
anoshift_threshold_clustering_m1_v2,power,adaptive_transfer,2009-2009,near,breadth,p_breadth,,0.0076126281333448,,0.05,0.3,composite,92872.0,,,,,
anoshift_threshold_clustering_m1_v2,power,adaptive_transfer,2009-2009,near,z_mahalanobis_sq,p_z_mahalanobis_sq,,0.0898100172711571,,0.05,0.3,composite,55005.0,,,,,
anoshift_threshold_clustering_m1_v2,power,adaptive_transfer,2009-2009,near,t_iut,p_t_iut,,0.072370758810798,,0.05,0.3,composite,92869.0,,,,,
anoshift_threshold_clustering_m1_v2,power,adaptive_transfer,2009-2009,near,z_plus_softmax,p_z_plus_softmax,,0.0693737880688947,,0.05,0.3,composite,87670.0,,,,,
anoshift_threshold_clustering_m1_v2,power,adaptive_transfer,2009-2009,near,z_plus_orth,p_z_plus_orth,,0.0642637162085091,,0.05,0.3,composite,87670.0,,,,,
anoshift_threshold_clustering_m1_v2,power,adaptive_transfer,2009-2009,near,z_plus,p_z_plus,,0.0500920651670632,,0.1,0.05,composite,92869.0,,,,,
anoshift_threshold_clustering_m1_v2,power,adaptive_transfer,2009-2009,near,z_plus_renorm,p_z_plus_renorm,,0.0758298163567925,,0.1,0.05,composite,87670.0,,,,,
anoshift_threshold_clustering_m1_v2,power,adaptive_transfer,2009-2009,near,breadth,p_breadth,,0.0076126281333448,,0.1,0.05,composite,92872.0,,,,,
anoshift_threshold_clustering_m1_v2,power,adaptive_transfer,2009-2009,near,z_mahalanobis_sq,p_z_mahalanobis_sq,,0.0898100172711571,,0.1,0.05,composite,55005.0,,,,,
anoshift_threshold_clustering_m1_v2,power,adaptive_transfer,2009-2009,near,t_iut,p_t_iut,,0.072370758810798,,0.1,0.05,composite,92869.0,,,,,
anoshift_threshold_clustering_m1_v2,power,adaptive_transfer,2009-2009,near,z_plus_softmax,p_z_plus_softmax,,0.0693737880688947,,0.1,0.05,composite,87670.0,,,,,
anoshift_threshold_clustering_m1_v2,power,adaptive_transfer,2009-2009,near,z_plus_orth,p_z_plus_orth,,0.0642637162085091,,0.1,0.05,composite,87670.0,,,,,
anoshift_threshold_clustering_m1_v2,power,adaptive_transfer,2009-2009,near,z_plus,p_z_plus,,0.0500920651670632,,0.1,0.1,composite,92869.0,,,,,
anoshift_threshold_clustering_m1_v2,power,adaptive_transfer,2009-2009,near,z_plus_renorm,p_z_plus_renorm,,0.0758298163567925,,0.1,0.1,composite,87670.0,,,,,
anoshift_threshold_clustering_m1_v2,power,adaptive_transfer,2009-2009,near,breadth,p_breadth,,0.0076126281333448,,0.1,0.1,composite,92872.0,,,,,
anoshift_threshold_clustering_m1_v2,power,adaptive_transfer,2009-2009,near,z_mahalanobis_sq,p_z_mahalanobis_sq,,0.0898100172711571,,0.1,0.1,composite,55005.0,,,,,
anoshift_threshold_clustering_m1_v2,power,adaptive_transfer,2009-2009,near,t_iut,p_t_iut,,0.072370758810798,,0.1,0.1,composite,92869.0,,,,,
anoshift_threshold_clustering_m1_v2,power,adaptive_transfer,2009-2009,near,z_plus_softmax,p_z_plus_softmax,,0.0693737880688947,,0.1,0.1,composite,87670.0,,,,,
anoshift_threshold_clustering_m1_v2,power,adaptive_transfer,2009-2009,near,z_plus_orth,p_z_plus_orth,,0.0642637162085091,,0.1,0.1,composite,87670.0,,,,,
anoshift_threshold_clustering_m1_v2,power,adaptive_transfer,2009-2009,near,z_plus,p_z_plus,,0.0500920651670632,,0.1,0.15,composite,92869.0,,,,,
anoshift_threshold_clustering_m1_v2,power,adaptive_transfer,2009-2009,near,z_plus_renorm,p_z_plus_renorm,,0.0758298163567925,,0.1,0.15,composite,87670.0,,,,,
anoshift_threshold_clustering_m1_v2,power,adaptive_transfer,2009-2009,near,breadth,p_breadth,,0.0076126281333448,,0.1,0.15,composite,92872.0,,,,,
anoshift_threshold_clustering_m1_v2,power,adaptive_transfer,2009-2009,near,z_mahalanobis_sq,p_z_mahalanobis_sq,,0.0898100172711571,,0.1,0.15,composite,55005.0,,,,,
anoshift_threshold_clustering_m1_v2,power,adaptive_transfer,2009-2009,near,t_iut,p_t_iut,,0.072370758810798,,0.1,0.15,composite,92869.0,,,,,
anoshift_threshold_clustering_m1_v2,power,adaptive_transfer,2009-2009,near,z_plus_softmax,p_z_plus_softmax,,0.0693737880688947,,0.1,0.15,composite,87670.0,,,,,
anoshift_threshold_clustering_m1_v2,power,adaptive_transfer,2009-2009,near,z_plus_orth,p_z_plus_orth,,0.0642637162085091,,0.1,0.15,composite,87670.0,,,,,
anoshift_threshold_clustering_m1_v2,power,adaptive_transfer,2009-2009,near,z_plus,p_z_plus,,0.0500920651670632,,0.1,0.2,composite,92869.0,,,,,
anoshift_threshold_clustering_m1_v2,power,adaptive_transfer,2009-2009,near,z_plus_renorm,p_z_plus_renorm,,0.0758298163567925,,0.1,0.2,composite,87670.0,,,,,
anoshift_threshold_clustering_m1_v2,power,adaptive_transfer,2009-2009,near,breadth,p_breadth,,0.0076126281333448,,0.1,0.2,composite,92872.0,,,,,
anoshift_threshold_clustering_m1_v2,power,adaptive_transfer,2009-2009,near,z_mahalanobis_sq,p_z_mahalanobis_sq,,0.0898100172711571,,0.1,0.2,composite,55005.0,,,,,
anoshift_threshold_clustering_m1_v2,power,adaptive_transfer,2009-2009,near,t_iut,p_t_iut,,0.072370758810798,,0.1,0.2,composite,92869.0,,,,,
anoshift_threshold_clustering_m1_v2,power,adaptive_transfer,2009-2009,near,z_plus_softmax,p_z_plus_softmax,,0.0693737880688947,,0.1,0.2,composite,87670.0,,,,,
anoshift_threshold_clustering_m1_v2,power,adaptive_transfer,2009-2009,near,z_plus_orth,p_z_plus_orth,,0.0642637162085091,,0.1,0.2,composite,87670.0,,,,,
anoshift_threshold_clustering_m1_v2,power,adaptive_transfer,2009-2009,near,z_plus,p_z_plus,,0.0500920651670632,,0.1,0.3,composite,92869.0,,,,,
anoshift_threshold_clustering_m1_v2,power,adaptive_transfer,2009-2009,near,z_plus_renorm,p_z_plus_renorm,,0.0758298163567925,,0.1,0.3,composite,87670.0,,,,,
anoshift_threshold_clustering_m1_v2,power,adaptive_transfer,2009-2009,near,breadth,p_breadth,,0.0076126281333448,,0.1,0.3,composite,92872.0,,,,,
anoshift_threshold_clustering_m1_v2,power,adaptive_transfer,2009-2009,near,z_mahalanobis_sq,p_z_mahalanobis_sq,,0.0898100172711571,,0.1,0.3,composite,55005.0,,,,,
anoshift_threshold_clustering_m1_v2,power,adaptive_transfer,2009-2009,near,t_iut,p_t_iut,,0.072370758810798,,0.1,0.3,composite,92869.0,,,,,
anoshift_threshold_clustering_m1_v2,power,adaptive_transfer,2009-2009,near,z_plus_softmax,p_z_plus_softmax,,0.0693737880688947,,0.1,0.3,composite,87670.0,,,,,
anoshift_threshold_clustering_m1_v2,power,adaptive_transfer,2009-2009,near,z_plus_orth,p_z_plus_orth,,0.0642637162085091,,0.1,0.3,composite,87670.0,,,,,
anoshift_correlated_gaussian,power,adaptive_transfer,2009-2009,far,z_plus,p_z_plus,,0.0420993544765646,,0.01,0.05,composite,3599.0,0.4209467677051174,0.0,,,
anoshift_correlated_gaussian,power,adaptive_transfer,2009-2009,far,z_plus_renorm,p_z_plus_renorm,,0.0425411230856494,,0.01,0.05,composite,3562.0,0.4280346001134429,0.0,,,
anoshift_correlated_gaussian,power,adaptive_transfer,2009-2009,far,breadth,p_breadth,,0.0098231827111984,,0.01,0.05,composite,3599.0,0.4314014407334643,0.0277777777777777,,,
anoshift_correlated_gaussian,power,adaptive_transfer,2009-2009,far,z_mahalanobis_sq,p_z_mahalanobis_sq,,0.0387314061184395,,0.01,0.05,composite,3599.0,0.4690257897527052,0.0277777777777777,,,
anoshift_correlated_gaussian,power,adaptive_transfer,2009-2009,far,t_iut,p_t_iut,,0.0395733932079708,,0.01,0.05,composite,3599.0,0.4850157482770449,0.0277777777777777,,,
anoshift_correlated_gaussian,power,adaptive_transfer,2009-2009,far,z_plus_softmax,p_z_plus_softmax,,0.0377197958026091,,0.01,0.05,composite,3562.0,0.4375354509359047,0.0555555555555555,,,
anoshift_correlated_gaussian,power,adaptive_transfer,2009-2009,far,z_plus_orth,p_z_plus_orth,,0.0343165059557572,,0.01,0.05,composite,3562.0,0.4375748408646877,0.0555555555555555,,,
anoshift_correlated_gaussian,power,adaptive_transfer,2009-2009,far,z_plus,p_z_plus,,0.0418186921133875,,0.01,0.1,composite,3599.0,0.5240667976424361,0.0277777777777777,,,
anoshift_correlated_gaussian,power,adaptive_transfer,2009-2009,far,z_plus_renorm,p_z_plus_renorm,,0.0422695035460992,,0.01,0.1,composite,3561.0,0.5421985815602837,0.0555555555555555,,,
anoshift_correlated_gaussian,power,adaptive_transfer,2009-2009,far,breadth,p_breadth,,0.0098231827111984,,0.01,0.1,composite,3599.0,0.5164109520691053,0.0,,,
anoshift_correlated_gaussian,power,adaptive_transfer,2009-2009,far,z_mahalanobis_sq,p_z_mahalanobis_sq,,0.0381700813920853,,0.01,0.1,composite,3599.0,0.4596158044095175,0.0555555555555555,,,
anoshift_correlated_gaussian,power,adaptive_transfer,2009-2009,far,t_iut,p_t_iut,,0.0392927308447937,,0.01,0.1,composite,3599.0,0.5495836841612873,0.0555555555555555,,,
anoshift_correlated_gaussian,power,adaptive_transfer,2009-2009,far,z_plus_softmax,p_z_plus_softmax,,0.0377304964539007,,0.01,0.1,composite,3561.0,0.5188179669030732,0.0277777777777777,,,
anoshift_correlated_gaussian,power,adaptive_transfer,2009-2009,far,z_plus_orth,p_z_plus_orth,,0.0343262411347517,,0.01,0.1,composite,3561.0,0.5204885736800631,0.0277777777777777,,,
anoshift_correlated_gaussian,power,adaptive_transfer,2009-2009,far,z_plus,p_z_plus,,0.0409767050238563,,0.01,0.15,composite,3599.0,0.4819050737518321,0.1111111111111111,,,
anoshift_correlated_gaussian,power,adaptive_transfer,2009-2009,far,z_plus_renorm,p_z_plus_renorm,,0.0419858156028368,,0.01,0.15,composite,3561.0,0.5106304176516943,0.0833333333333333,,,
anoshift_correlated_gaussian,power,adaptive_transfer,2009-2009,far,breadth,p_breadth,,0.0098231827111984,,0.01,0.15,composite,3599.0,0.4153062338229332,0.0,,,
anoshift_correlated_gaussian,power,adaptive_transfer,2009-2009,far,z_mahalanobis_sq,p_z_mahalanobis_sq,,0.0378894190289082,,0.01,0.15,composite,3599.0,0.4935213771166619,0.0833333333333333,,,
anoshift_correlated_gaussian,power,adaptive_transfer,2009-2009,far,t_iut,p_t_iut,,0.0395733932079708,,0.01,0.15,composite,3599.0,0.4458633486138398,0.0277777777777777,,,
anoshift_correlated_gaussian,power,adaptive_transfer,2009-2009,far,z_plus_softmax,p_z_plus_softmax,,0.0377304964539007,,0.01,0.15,composite,3561.0,0.4967454688731284,0.0277777777777777,,,
anoshift_correlated_gaussian,power,adaptive_transfer,2009-2009,far,z_plus_orth,p_z_plus_orth,,0.0343262411347517,,0.01,0.15,composite,3561.0,0.4972261623325453,0.0277777777777777,,,
anoshift_correlated_gaussian,power,adaptive_transfer,2009-2009,far,z_plus,p_z_plus,,0.0418186921133875,,0.01,0.2,composite,3599.0,0.4881381170673901,0.0277777777777777,,,
anoshift_correlated_gaussian,power,adaptive_transfer,2009-2009,far,z_plus_renorm,p_z_plus_renorm,,0.0419739081111741,,0.01,0.2,composite,3561.0,0.5207114496394134,0.0285714285714285,,,
anoshift_correlated_gaussian,power,adaptive_transfer,2009-2009,far,breadth,p_breadth,,0.0101038450743755,,0.01,0.2,composite,3599.0,0.4905081548008856,0.0,,,
anoshift_correlated_gaussian,power,adaptive_transfer,2009-2009,far,z_mahalanobis_sq,p_z_mahalanobis_sq,,0.0384507437552624,,0.01,0.2,composite,3599.0,0.5483674805875199,0.0555555555555555,,,
anoshift_correlated_gaussian,power,adaptive_transfer,2009-2009,far,t_iut,p_t_iut,,0.0392927308447937,,0.01,0.2,composite,3599.0,0.409954158480681,0.0555555555555555,,,
anoshift_correlated_gaussian,power,adaptive_transfer,2009-2009,far,z_plus_softmax,p_z_plus_softmax,,0.0374361883153715,,0.01,0.2,composite,3561.0,0.4974799448991167,0.0285714285714285,,,
anoshift_correlated_gaussian,power,adaptive_transfer,2009-2009,far,z_plus_orth,p_z_plus_orth,,0.0340328984685195,,0.01,0.2,composite,3561.0,0.496604813224212,0.0285714285714285,,,
anoshift_correlated_gaussian,power,adaptive_transfer,2009-2009,far,z_plus,p_z_plus,,0.0418186921133875,,0.01,0.3,composite,3599.0,0.5847054604421992,0.0277777777777777,,,
anoshift_correlated_gaussian,power,adaptive_transfer,2009-2009,far,z_plus_renorm,p_z_plus_renorm,,0.0416903006239364,,0.01,0.3,composite,3562.0,0.5785198840360497,0.0833333333333333,,,
anoshift_correlated_gaussian,power,adaptive_transfer,2009-2009,far,breadth,p_breadth,,0.0101038450743755,,0.01,0.3,composite,3599.0,0.5210029001777529,0.0277777777777777,,,
anoshift_correlated_gaussian,power,adaptive_transfer,2009-2009,far,z_mahalanobis_sq,p_z_mahalanobis_sq,,0.0384507437552624,,0.01,0.3,composite,3599.0,0.5511351233355163,0.0277777777777777,,,
anoshift_correlated_gaussian,power,adaptive_transfer,2009-2009,far,t_iut,p_t_iut,,0.0390120684816166,,0.01,0.3,composite,3599.0,0.5322293947048368,0.0555555555555555,,,
anoshift_correlated_gaussian,power,adaptive_transfer,2009-2009,far,z_plus_softmax,p_z_plus_softmax,,0.0371525808281338,,0.01,0.3,composite,3562.0,0.5658284489821642,0.1111111111111111,,,
anoshift_correlated_gaussian,power,adaptive_transfer,2009-2009,far,z_plus_orth,p_z_plus_orth,,0.0337492909812819,,0.01,0.3,composite,3562.0,0.5693577866011218,0.1111111111111111,,,
anoshift_correlated_gaussian,power,adaptive_transfer,2009-2009,far,z_plus,p_z_plus,,0.0421175782392512,,0.05,0.05,composite,3599.0,0.4947320529069577,0.0333333333333333,,,
anoshift_correlated_gaussian,power,adaptive_transfer,2009-2009,far,z_plus_renorm,p_z_plus_renorm,,0.0425909494232475,,0.05,0.05,composite,3561.0,0.5124552236353479,0.0277777777777777,,,
anoshift_correlated_gaussian,power,adaptive_transfer,2009-2009,far,breadth,p_breadth,,0.0099444281953787,,0.05,0.05,composite,3599.0,0.4679576549348412,0.0111111111111111,,,
anoshift_correlated_gaussian,power,adaptive_transfer,2009-2009,far,z_mahalanobis_sq,p_z_mahalanobis_sq,,0.039192746417081,,0.05,0.05,composite,3599.0,0.4723148418965909,0.0277777777777777,,,
anoshift_correlated_gaussian,power,adaptive_transfer,2009-2009,far,t_iut,p_t_iut,,0.040070195963732,,0.05,0.05,composite,3599.0,0.5277534041792598,0.0277777777777777,,,
anoshift_correlated_gaussian,power,adaptive_transfer,2009-2009,far,z_plus_softmax,p_z_plus_softmax,,0.038745933155871,,0.05,0.05,composite,3561.0,0.5010187649939203,0.0388888888888888,,,
anoshift_correlated_gaussian,power,adaptive_transfer,2009-2009,far,z_plus_orth,p_z_plus_orth,,0.0351966873706004,,0.05,0.05,composite,3561.0,0.5002941273127608,0.0388888888888888,,,
anoshift_correlated_gaussian,power,adaptive_transfer,2009-2009,far,z_plus,p_z_plus,,0.0421175782392512,,0.05,0.1,composite,3599.0,0.4803378180754606,0.0277777777777777,,,
anoshift_correlated_gaussian,power,adaptive_transfer,2009-2009,far,z_plus_renorm,p_z_plus_renorm,,0.041986989946777,,0.05,0.1,composite,3561.0,0.4688839039410087,0.0558659217877094,,,
anoshift_correlated_gaussian,power,adaptive_transfer,2009-2009,far,breadth,p_breadth,,0.0096519450131617,,0.05,0.1,composite,3599.0,0.5000658087159988,0.0111111111111111,,,
anoshift_correlated_gaussian,power,adaptive_transfer,2009-2009,far,z_mahalanobis_sq,p_z_mahalanobis_sq,,0.0389002632348639,,0.05,0.1,composite,3599.0,0.4648890188814144,0.0333333333333333,,,
anoshift_correlated_gaussian,power,adaptive_transfer,2009-2009,far,t_iut,p_t_iut,,0.0386077800526469,,0.05,0.1,composite,3599.0,0.5050030873224789,0.0444444444444444,,,
anoshift_correlated_gaussian,power,adaptive_transfer,2009-2009,far,z_plus_softmax,p_z_plus_softmax,,0.0384387936132466,,0.05,0.1,composite,3561.0,0.46362107641837,0.0391061452513966,,,
anoshift_correlated_gaussian,power,adaptive_transfer,2009-2009,far,z_plus_orth,p_z_plus_orth,,0.0345949142519219,,0.05,0.1,composite,3561.0,0.4624317368652313,0.0335195530726257,,,
anoshift_correlated_gaussian,power,adaptive_transfer,2009-2009,far,z_plus,p_z_plus,,0.0415326118748171,,0.05,0.15,composite,3599.0,0.4947531766923402,0.0444444444444444,,,
anoshift_correlated_gaussian,power,adaptive_transfer,2009-2009,far,z_plus_renorm,p_z_plus_renorm,,0.0437223042836041,,0.05,0.15,composite,3564.0,0.484401277406897,0.0223463687150838,,,
anoshift_correlated_gaussian,power,adaptive_transfer,2009-2009,far,breadth,p_breadth,,0.0105293945598128,,0.05,0.15,composite,3599.0,0.5111167982840987,0.0,,,
anoshift_correlated_gaussian,power,adaptive_transfer,2009-2009,far,z_mahalanobis_sq,p_z_mahalanobis_sq,,0.0380228136882129,,0.05,0.15,composite,3599.0,0.4890578791719476,0.0388888888888888,,,
anoshift_correlated_gaussian,power,adaptive_transfer,2009-2009,far,t_iut,p_t_iut,,0.039777712781515,,0.05,0.15,composite,3599.0,0.498383217964967,0.0222222222222222,,,
anoshift_correlated_gaussian,power,adaptive_transfer,2009-2009,far,z_plus_softmax,p_z_plus_softmax,,0.0375184638109305,,0.05,0.15,composite,3564.0,0.4850894927506333,0.0614525139664804,,,
anoshift_correlated_gaussian,power,adaptive_transfer,2009-2009,far,z_plus_orth,p_z_plus_orth,,0.0345642540620384,,0.05,0.15,composite,3564.0,0.4863768020266868,0.0614525139664804,,,
anoshift_correlated_gaussian,power,adaptive_transfer,2009-2009,far,z_plus,p_z_plus,,0.0412401286926001,,0.05,0.2,composite,3599.0,0.5088134932241396,0.0555555555555555,,,
anoshift_correlated_gaussian,power,adaptive_transfer,2009-2009,far,z_plus_renorm,p_z_plus_renorm,,0.0425657700266036,,0.05,0.2,composite,3561.0,0.5044023820357572,0.0449438202247191,,,
anoshift_correlated_gaussian,power,adaptive_transfer,2009-2009,far,breadth,p_breadth,,0.0099444281953787,,0.05,0.2,composite,3599.0,0.4984465893211141,0.0166666666666666,,,
anoshift_correlated_gaussian,power,adaptive_transfer,2009-2009,far,z_mahalanobis_sq,p_z_mahalanobis_sq,,0.039192746417081,,0.05,0.2,composite,3599.0,0.5140408176529849,0.0444444444444444,,,
anoshift_correlated_gaussian,power,adaptive_transfer,2009-2009,far,t_iut,p_t_iut,,0.0386077800526469,,0.05,0.2,composite,3599.0,0.5064882519255143,0.0388888888888888,,,
anoshift_correlated_gaussian,power,adaptive_transfer,2009-2009,far,z_plus_softmax,p_z_plus_softmax,,0.0375406443984629,,0.05,0.2,composite,3561.0,0.5088695294051221,0.095505617977528,,,
anoshift_correlated_gaussian,power,adaptive_transfer,2009-2009,far,z_plus_orth,p_z_plus_orth,,0.0339934968962459,,0.05,0.2,composite,3561.0,0.5089326340891502,0.0898876404494382,,,
anoshift_correlated_gaussian,power,adaptive_transfer,2009-2009,far,z_plus,p_z_plus,,0.0406551623281661,,0.05,0.3,composite,3599.0,0.5281409443956973,0.0666666666666666,,,
anoshift_correlated_gaussian,power,adaptive_transfer,2009-2009,far,z_plus_renorm,p_z_plus_renorm,,0.0425531914893617,,0.05,0.3,composite,3561.0,0.5215320351003726,0.0564971751412429,,,
anoshift_correlated_gaussian,power,adaptive_transfer,2009-2009,far,breadth,p_breadth,,0.0099444281953787,,0.05,0.3,composite,3599.0,0.518036462903383,0.0166666666666666,,,
anoshift_correlated_gaussian,power,adaptive_transfer,2009-2009,far,z_mahalanobis_sq,p_z_mahalanobis_sq,,0.0389002632348639,,0.05,0.3,composite,3599.0,0.5595138279548926,0.05,,,
anoshift_correlated_gaussian,power,adaptive_transfer,2009-2009,far,t_iut,p_t_iut,,0.039777712781515,,0.05,0.3,composite,3599.0,0.4608722498456338,0.0222222222222222,,,
anoshift_correlated_gaussian,power,adaptive_transfer,2009-2009,far,z_plus_softmax,p_z_plus_softmax,,0.0366430260047281,,0.05,0.3,composite,3561.0,0.517623646004461,0.0903954802259887,,,
anoshift_correlated_gaussian,power,adaptive_transfer,2009-2009,far,z_plus_orth,p_z_plus_orth,,0.0336879432624113,,0.05,0.3,composite,3561.0,0.5163163975370971,0.0903954802259887,,,
anoshift_correlated_gaussian,power,adaptive_transfer,2009-2009,far,z_plus,p_z_plus,,0.0410620561901821,,0.1,0.05,composite,3599.0,0.5026139755068436,0.05,,,
anoshift_correlated_gaussian,power,adaptive_transfer,2009-2009,far,z_plus_renorm,p_z_plus_renorm,,0.0430577223088923,,0.1,0.05,composite,3562.0,0.4797371054506046,0.0336134453781512,,,
anoshift_correlated_gaussian,power,adaptive_transfer,2009-2009,far,breadth,p_breadth,,0.009262117937635,,0.1,0.05,composite,3599.0,0.5368134883880484,0.0194444444444444,,,
anoshift_correlated_gaussian,power,adaptive_transfer,2009-2009,far,z_mahalanobis_sq,p_z_mahalanobis_sq,,0.0355047854276011,,0.1,0.05,composite,3599.0,0.4984194367260128,0.0611111111111111,,,
anoshift_correlated_gaussian,power,adaptive_transfer,2009-2009,far,t_iut,p_t_iut,,0.0385921580734794,,0.1,0.05,composite,3599.0,0.4875064320263456,0.0444444444444444,,,
anoshift_correlated_gaussian,power,adaptive_transfer,2009-2009,far,z_plus_softmax,p_z_plus_softmax,,0.0361934477379095,,0.1,0.05,composite,3562.0,0.4919152060200055,0.0504201680672268,,,
anoshift_correlated_gaussian,power,adaptive_transfer,2009-2009,far,z_plus_orth,p_z_plus_orth,,0.0336973478939157,,0.1,0.05,composite,3562.0,0.4926056538059841,0.0588235294117647,,,
anoshift_correlated_gaussian,power,adaptive_transfer,2009-2009,far,z_plus,p_z_plus,,0.0422970052485335,,0.1,0.1,composite,3599.0,0.481640852800933,0.0361111111111111,,,
anoshift_correlated_gaussian,power,adaptive_transfer,2009-2009,far,z_plus_renorm,p_z_plus_renorm,,0.0417705735660847,,0.1,0.1,composite,3559.0,0.5100532145419925,0.037037037037037,,,
anoshift_correlated_gaussian,power,adaptive_transfer,2009-2009,far,breadth,p_breadth,,0.0104970669959864,,0.1,0.1,composite,3599.0,0.4636303214297966,0.0055555555555555,,,
anoshift_correlated_gaussian,power,adaptive_transfer,2009-2009,far,z_mahalanobis_sq,p_z_mahalanobis_sq,,0.0373572090151281,,0.1,0.1,composite,3599.0,0.5010222633871908,0.0444444444444444,,,
anoshift_correlated_gaussian,power,adaptive_transfer,2009-2009,far,t_iut,p_t_iut,,0.0398271071318308,,0.1,0.1,composite,3599.0,0.4730678192857878,0.0333333333333333,,,
anoshift_correlated_gaussian,power,adaptive_transfer,2009-2009,far,z_plus_softmax,p_z_plus_softmax,,0.0367830423940149,,0.1,0.1,composite,3559.0,0.5055203870665217,0.0427350427350427,,,
anoshift_correlated_gaussian,power,adaptive_transfer,2009-2009,far,z_plus_orth,p_z_plus_orth,,0.03428927680798,,0.1,0.1,composite,3559.0,0.5044600038365625,0.0427350427350427,,,
anoshift_correlated_gaussian,power,adaptive_transfer,2009-2009,far,z_plus,p_z_plus,,0.0429144797777091,,0.1,0.15,composite,3599.0,0.5121325168947892,0.025,,,
anoshift_correlated_gaussian,power,adaptive_transfer,2009-2009,far,z_plus_renorm,p_z_plus_renorm,,0.0427724008741804,,0.1,0.15,composite,3561.0,0.4997113390553898,0.0391061452513966,,,
anoshift_correlated_gaussian,power,adaptive_transfer,2009-2009,far,breadth,p_breadth,,0.0098795924668107,,0.1,0.15,composite,3599.0,0.5227166306473191,0.0111111111111111,,,
anoshift_correlated_gaussian,power,adaptive_transfer,2009-2009,far,z_mahalanobis_sq,p_z_mahalanobis_sq,,0.0389008953380673,,0.1,0.15,composite,3599.0,0.5050907344516483,0.0416666666666666,,,
anoshift_correlated_gaussian,power,adaptive_transfer,2009-2009,far,t_iut,p_t_iut,,0.0395183698672429,,0.1,0.15,composite,3599.0,0.4817347603855785,0.0416666666666666,,,
anoshift_correlated_gaussian,power,adaptive_transfer,2009-2009,far,z_plus_softmax,p_z_plus_softmax,,0.0384014985950671,,0.1,0.15,composite,3561.0,0.4985000095929619,0.0810055865921787,,,
anoshift_correlated_gaussian,power,adaptive_transfer,2009-2009,far,z_plus_orth,p_z_plus_orth,,0.0355916328442085,,0.1,0.15,composite,3561.0,0.4986657062076928,0.0810055865921787,,,
anoshift_correlated_gaussian,power,adaptive_transfer,2009-2009,far,z_plus,p_z_plus,,0.0429144797777091,,0.1,0.2,composite,3599.0,0.5207625810435319,0.0277777777777777,,,
anoshift_correlated_gaussian,power,adaptive_transfer,2009-2009,far,z_plus_renorm,p_z_plus_renorm,,0.0433697347893915,,0.1,0.2,composite,3559.0,0.5198427598120874,0.0282485875706214,,,
anoshift_correlated_gaussian,power,adaptive_transfer,2009-2009,far,breadth,p_breadth,,0.0098795924668107,,0.1,0.2,composite,3599.0,0.5133477410723475,0.0138888888888888,,,
anoshift_correlated_gaussian,power,adaptive_transfer,2009-2009,far,z_mahalanobis_sq,p_z_mahalanobis_sq,,0.0395183698672429,,0.1,0.2,composite,3599.0,0.516038900895338,0.0388888888888888,,,
anoshift_correlated_gaussian,power,adaptive_transfer,2009-2009,far,t_iut,p_t_iut,,0.0407533189255943,,0.1,0.2,composite,3599.0,0.4582141264450619,0.0444444444444444,,,
anoshift_correlated_gaussian,power,adaptive_transfer,2009-2009,far,z_plus_softmax,p_z_plus_softmax,,0.0374414976599064,,0.1,0.2,composite,3559.0,0.5188943828939598,0.059322033898305,,,
anoshift_correlated_gaussian,power,adaptive_transfer,2009-2009,far,z_plus_orth,p_z_plus_orth,,0.0333853354134165,,0.1,0.2,composite,3559.0,0.5178613924217985,0.0621468926553672,,,
anoshift_correlated_gaussian,power,adaptive_transfer,2009-2009,far,z_plus,p_z_plus,,0.0429144797777091,,0.1,0.3,composite,3599.0,0.495537888923193,0.0388888888888888,,,
anoshift_correlated_gaussian,power,adaptive_transfer,2009-2009,far,z_plus_renorm,p_z_plus_renorm,,0.0433697347893915,,0.1,0.3,composite,3562.0,0.5053902996455992,0.0252100840336134,,,
anoshift_correlated_gaussian,power,adaptive_transfer,2009-2009,far,breadth,p_breadth,,0.0095708552022229,,0.1,0.3,composite,3599.0,0.487950670645947,0.0138888888888888,,,
anoshift_correlated_gaussian,power,adaptive_transfer,2009-2009,far,z_mahalanobis_sq,p_z_mahalanobis_sq,,0.0404445816610064,,0.1,0.3,composite,3599.0,0.537344344962437,0.0305555555555555,,,
anoshift_correlated_gaussian,power,adaptive_transfer,2009-2009,far,t_iut,p_t_iut,,0.0389008953380673,,0.1,0.3,composite,3599.0,0.4392953929539295,0.0388888888888888,,,
anoshift_correlated_gaussian,power,adaptive_transfer,2009-2009,far,z_plus_softmax,p_z_plus_softmax,,0.0386895475819032,,0.1,0.3,composite,3562.0,0.5074135738538785,0.072829131652661,,,
anoshift_correlated_gaussian,power,adaptive_transfer,2009-2009,far,z_plus_orth,p_z_plus_orth,,0.0352574102964118,,0.1,0.3,composite,3562.0,0.5074380454209766,0.072829131652661,,,
anoshift_threshold_clustering_m1_v2,power,adaptive_transfer,2009-2009,far,z_plus,p_z_plus,,0.0500920651670632,,0.01,0.05,composite,92869.0,,,,,
anoshift_threshold_clustering_m1_v2,power,adaptive_transfer,2009-2009,far,z_plus_renorm,p_z_plus_renorm,,0.0758298163567925,,0.01,0.05,composite,87670.0,,,,,
anoshift_threshold_clustering_m1_v2,power,adaptive_transfer,2009-2009,far,breadth,p_breadth,,0.0076126281333448,,0.01,0.05,composite,92872.0,,,,,
anoshift_threshold_clustering_m1_v2,power,adaptive_transfer,2009-2009,far,z_mahalanobis_sq,p_z_mahalanobis_sq,,0.0898100172711571,,0.01,0.05,composite,55005.0,,,,,
anoshift_threshold_clustering_m1_v2,power,adaptive_transfer,2009-2009,far,t_iut,p_t_iut,,0.072370758810798,,0.01,0.05,composite,92869.0,,,,,
anoshift_threshold_clustering_m1_v2,power,adaptive_transfer,2009-2009,far,z_plus_softmax,p_z_plus_softmax,,0.0693737880688947,,0.01,0.05,composite,87670.0,,,,,
anoshift_threshold_clustering_m1_v2,power,adaptive_transfer,2009-2009,far,z_plus_orth,p_z_plus_orth,,0.0642637162085091,,0.01,0.05,composite,87670.0,,,,,
anoshift_threshold_clustering_m1_v2,power,adaptive_transfer,2009-2009,far,z_plus,p_z_plus,,0.0500920651670632,,0.01,0.1,composite,92869.0,,,,,
anoshift_threshold_clustering_m1_v2,power,adaptive_transfer,2009-2009,far,z_plus_renorm,p_z_plus_renorm,,0.0758298163567925,,0.01,0.1,composite,87670.0,,,,,
anoshift_threshold_clustering_m1_v2,power,adaptive_transfer,2009-2009,far,breadth,p_breadth,,0.0076126281333448,,0.01,0.1,composite,92872.0,,,,,
anoshift_threshold_clustering_m1_v2,power,adaptive_transfer,2009-2009,far,z_mahalanobis_sq,p_z_mahalanobis_sq,,0.0898100172711571,,0.01,0.1,composite,55005.0,,,,,
anoshift_threshold_clustering_m1_v2,power,adaptive_transfer,2009-2009,far,t_iut,p_t_iut,,0.072370758810798,,0.01,0.1,composite,92869.0,,,,,
anoshift_threshold_clustering_m1_v2,power,adaptive_transfer,2009-2009,far,z_plus_softmax,p_z_plus_softmax,,0.0693737880688947,,0.01,0.1,composite,87670.0,,,,,
anoshift_threshold_clustering_m1_v2,power,adaptive_transfer,2009-2009,far,z_plus_orth,p_z_plus_orth,,0.0642637162085091,,0.01,0.1,composite,87670.0,,,,,
anoshift_threshold_clustering_m1_v2,power,adaptive_transfer,2009-2009,far,z_plus,p_z_plus,,0.0500920651670632,,0.01,0.15,composite,92869.0,,,,,
anoshift_threshold_clustering_m1_v2,power,adaptive_transfer,2009-2009,far,z_plus_renorm,p_z_plus_renorm,,0.0758298163567925,,0.01,0.15,composite,87670.0,,,,,
anoshift_threshold_clustering_m1_v2,power,adaptive_transfer,2009-2009,far,breadth,p_breadth,,0.0076126281333448,,0.01,0.15,composite,92872.0,,,,,
anoshift_threshold_clustering_m1_v2,power,adaptive_transfer,2009-2009,far,z_mahalanobis_sq,p_z_mahalanobis_sq,,0.0898100172711571,,0.01,0.15,composite,55005.0,,,,,
anoshift_threshold_clustering_m1_v2,power,adaptive_transfer,2009-2009,far,t_iut,p_t_iut,,0.072370758810798,,0.01,0.15,composite,92869.0,,,,,
anoshift_threshold_clustering_m1_v2,power,adaptive_transfer,2009-2009,far,z_plus_softmax,p_z_plus_softmax,,0.0693737880688947,,0.01,0.15,composite,87670.0,,,,,
anoshift_threshold_clustering_m1_v2,power,adaptive_transfer,2009-2009,far,z_plus_orth,p_z_plus_orth,,0.0642637162085091,,0.01,0.15,composite,87670.0,,,,,
anoshift_threshold_clustering_m1_v2,power,adaptive_transfer,2009-2009,far,z_plus,p_z_plus,,0.0500920651670632,,0.01,0.2,composite,92869.0,,,,,
anoshift_threshold_clustering_m1_v2,power,adaptive_transfer,2009-2009,far,z_plus_renorm,p_z_plus_renorm,,0.0758298163567925,,0.01,0.2,composite,87670.0,,,,,
anoshift_threshold_clustering_m1_v2,power,adaptive_transfer,2009-2009,far,breadth,p_breadth,,0.0076126281333448,,0.01,0.2,composite,92872.0,,,,,
anoshift_threshold_clustering_m1_v2,power,adaptive_transfer,2009-2009,far,z_mahalanobis_sq,p_z_mahalanobis_sq,,0.0898100172711571,,0.01,0.2,composite,55005.0,,,,,
anoshift_threshold_clustering_m1_v2,power,adaptive_transfer,2009-2009,far,t_iut,p_t_iut,,0.072370758810798,,0.01,0.2,composite,92869.0,,,,,
anoshift_threshold_clustering_m1_v2,power,adaptive_transfer,2009-2009,far,z_plus_softmax,p_z_plus_softmax,,0.0693737880688947,,0.01,0.2,composite,87670.0,,,,,
anoshift_threshold_clustering_m1_v2,power,adaptive_transfer,2009-2009,far,z_plus_orth,p_z_plus_orth,,0.0642637162085091,,0.01,0.2,composite,87670.0,,,,,
anoshift_threshold_clustering_m1_v2,power,adaptive_transfer,2009-2009,far,z_plus,p_z_plus,,0.0500920651670632,,0.01,0.3,composite,92869.0,,,,,
anoshift_threshold_clustering_m1_v2,power,adaptive_transfer,2009-2009,far,z_plus_renorm,p_z_plus_renorm,,0.0758298163567925,,0.01,0.3,composite,87670.0,,,,,
anoshift_threshold_clustering_m1_v2,power,adaptive_transfer,2009-2009,far,breadth,p_breadth,,0.0076126281333448,,0.01,0.3,composite,92872.0,,,,,
anoshift_threshold_clustering_m1_v2,power,adaptive_transfer,2009-2009,far,z_mahalanobis_sq,p_z_mahalanobis_sq,,0.0898100172711571,,0.01,0.3,composite,55005.0,,,,,
anoshift_threshold_clustering_m1_v2,power,adaptive_transfer,2009-2009,far,t_iut,p_t_iut,,0.072370758810798,,0.01,0.3,composite,92869.0,,,,,
anoshift_threshold_clustering_m1_v2,power,adaptive_transfer,2009-2009,far,z_plus_softmax,p_z_plus_softmax,,0.0693737880688947,,0.01,0.3,composite,87670.0,,,,,
anoshift_threshold_clustering_m1_v2,power,adaptive_transfer,2009-2009,far,z_plus_orth,p_z_plus_orth,,0.0642637162085091,,0.01,0.3,composite,87670.0,,,,,
anoshift_threshold_clustering_m1_v2,power,adaptive_transfer,2009-2009,far,z_plus,p_z_plus,,0.0500920651670632,,0.05,0.05,composite,92869.0,,,,,
anoshift_threshold_clustering_m1_v2,power,adaptive_transfer,2009-2009,far,z_plus_renorm,p_z_plus_renorm,,0.0758298163567925,,0.05,0.05,composite,87670.0,,,,,
anoshift_threshold_clustering_m1_v2,power,adaptive_transfer,2009-2009,far,breadth,p_breadth,,0.0076126281333448,,0.05,0.05,composite,92872.0,,,,,
anoshift_threshold_clustering_m1_v2,power,adaptive_transfer,2009-2009,far,z_mahalanobis_sq,p_z_mahalanobis_sq,,0.0898100172711571,,0.05,0.05,composite,55005.0,,,,,
anoshift_threshold_clustering_m1_v2,power,adaptive_transfer,2009-2009,far,t_iut,p_t_iut,,0.072370758810798,,0.05,0.05,composite,92869.0,,,,,
anoshift_threshold_clustering_m1_v2,power,adaptive_transfer,2009-2009,far,z_plus_softmax,p_z_plus_softmax,,0.0693737880688947,,0.05,0.05,composite,87670.0,,,,,
anoshift_threshold_clustering_m1_v2,power,adaptive_transfer,2009-2009,far,z_plus_orth,p_z_plus_orth,,0.0642637162085091,,0.05,0.05,composite,87670.0,,,,,
anoshift_threshold_clustering_m1_v2,power,adaptive_transfer,2009-2009,far,z_plus,p_z_plus,,0.0500920651670632,,0.05,0.1,composite,92869.0,,,,,
anoshift_threshold_clustering_m1_v2,power,adaptive_transfer,2009-2009,far,z_plus_renorm,p_z_plus_renorm,,0.0758298163567925,,0.05,0.1,composite,87670.0,,,,,
anoshift_threshold_clustering_m1_v2,power,adaptive_transfer,2009-2009,far,breadth,p_breadth,,0.0076126281333448,,0.05,0.1,composite,92872.0,,,,,
anoshift_threshold_clustering_m1_v2,power,adaptive_transfer,2009-2009,far,z_mahalanobis_sq,p_z_mahalanobis_sq,,0.0898100172711571,,0.05,0.1,composite,55005.0,,,,,
anoshift_threshold_clustering_m1_v2,power,adaptive_transfer,2009-2009,far,t_iut,p_t_iut,,0.072370758810798,,0.05,0.1,composite,92869.0,,,,,
anoshift_threshold_clustering_m1_v2,power,adaptive_transfer,2009-2009,far,z_plus_softmax,p_z_plus_softmax,,0.0693737880688947,,0.05,0.1,composite,87670.0,,,,,
anoshift_threshold_clustering_m1_v2,power,adaptive_transfer,2009-2009,far,z_plus_orth,p_z_plus_orth,,0.0642637162085091,,0.05,0.1,composite,87670.0,,,,,
anoshift_threshold_clustering_m1_v2,power,adaptive_transfer,2009-2009,far,z_plus,p_z_plus,,0.0500920651670632,,0.05,0.15,composite,92869.0,,,,,
anoshift_threshold_clustering_m1_v2,power,adaptive_transfer,2009-2009,far,z_plus_renorm,p_z_plus_renorm,,0.0758298163567925,,0.05,0.15,composite,87670.0,,,,,
anoshift_threshold_clustering_m1_v2,power,adaptive_transfer,2009-2009,far,breadth,p_breadth,,0.0076126281333448,,0.05,0.15,composite,92872.0,,,,,
anoshift_threshold_clustering_m1_v2,power,adaptive_transfer,2009-2009,far,z_mahalanobis_sq,p_z_mahalanobis_sq,,0.0898100172711571,,0.05,0.15,composite,55005.0,,,,,
anoshift_threshold_clustering_m1_v2,power,adaptive_transfer,2009-2009,far,t_iut,p_t_iut,,0.072370758810798,,0.05,0.15,composite,92869.0,,,,,
anoshift_threshold_clustering_m1_v2,power,adaptive_transfer,2009-2009,far,z_plus_softmax,p_z_plus_softmax,,0.0693737880688947,,0.05,0.15,composite,87670.0,,,,,
anoshift_threshold_clustering_m1_v2,power,adaptive_transfer,2009-2009,far,z_plus_orth,p_z_plus_orth,,0.0642637162085091,,0.05,0.15,composite,87670.0,,,,,
anoshift_threshold_clustering_m1_v2,power,adaptive_transfer,2009-2009,far,z_plus,p_z_plus,,0.0500920651670632,,0.05,0.2,composite,92869.0,,,,,
anoshift_threshold_clustering_m1_v2,power,adaptive_transfer,2009-2009,far,z_plus_renorm,p_z_plus_renorm,,0.0758298163567925,,0.05,0.2,composite,87670.0,,,,,
anoshift_threshold_clustering_m1_v2,power,adaptive_transfer,2009-2009,far,breadth,p_breadth,,0.0076126281333448,,0.05,0.2,composite,92872.0,,,,,
anoshift_threshold_clustering_m1_v2,power,adaptive_transfer,2009-2009,far,z_mahalanobis_sq,p_z_mahalanobis_sq,,0.0898100172711571,,0.05,0.2,composite,55005.0,,,,,
anoshift_threshold_clustering_m1_v2,power,adaptive_transfer,2009-2009,far,t_iut,p_t_iut,,0.072370758810798,,0.05,0.2,composite,92869.0,,,,,
anoshift_threshold_clustering_m1_v2,power,adaptive_transfer,2009-2009,far,z_plus_softmax,p_z_plus_softmax,,0.0693737880688947,,0.05,0.2,composite,87670.0,,,,,
anoshift_threshold_clustering_m1_v2,power,adaptive_transfer,2009-2009,far,z_plus_orth,p_z_plus_orth,,0.0642637162085091,,0.05,0.2,composite,87670.0,,,,,
anoshift_threshold_clustering_m1_v2,power,adaptive_transfer,2009-2009,far,z_plus,p_z_plus,,0.0500920651670632,,0.05,0.3,composite,92869.0,,,,,
anoshift_threshold_clustering_m1_v2,power,adaptive_transfer,2009-2009,far,z_plus_renorm,p_z_plus_renorm,,0.0758298163567925,,0.05,0.3,composite,87670.0,,,,,
anoshift_threshold_clustering_m1_v2,power,adaptive_transfer,2009-2009,far,breadth,p_breadth,,0.0076126281333448,,0.05,0.3,composite,92872.0,,,,,
anoshift_threshold_clustering_m1_v2,power,adaptive_transfer,2009-2009,far,z_mahalanobis_sq,p_z_mahalanobis_sq,,0.0898100172711571,,0.05,0.3,composite,55005.0,,,,,
anoshift_threshold_clustering_m1_v2,power,adaptive_transfer,2009-2009,far,t_iut,p_t_iut,,0.072370758810798,,0.05,0.3,composite,92869.0,,,,,
anoshift_threshold_clustering_m1_v2,power,adaptive_transfer,2009-2009,far,z_plus_softmax,p_z_plus_softmax,,0.0693737880688947,,0.05,0.3,composite,87670.0,,,,,
anoshift_threshold_clustering_m1_v2,power,adaptive_transfer,2009-2009,far,z_plus_orth,p_z_plus_orth,,0.0642637162085091,,0.05,0.3,composite,87670.0,,,,,
anoshift_threshold_clustering_m1_v2,power,adaptive_transfer,2009-2009,far,z_plus,p_z_plus,,0.0500920651670632,,0.1,0.05,composite,92869.0,,,,,
anoshift_threshold_clustering_m1_v2,power,adaptive_transfer,2009-2009,far,z_plus_renorm,p_z_plus_renorm,,0.0758298163567925,,0.1,0.05,composite,87670.0,,,,,
anoshift_threshold_clustering_m1_v2,power,adaptive_transfer,2009-2009,far,breadth,p_breadth,,0.0076126281333448,,0.1,0.05,composite,92872.0,,,,,
anoshift_threshold_clustering_m1_v2,power,adaptive_transfer,2009-2009,far,z_mahalanobis_sq,p_z_mahalanobis_sq,,0.0898100172711571,,0.1,0.05,composite,55005.0,,,,,
anoshift_threshold_clustering_m1_v2,power,adaptive_transfer,2009-2009,far,t_iut,p_t_iut,,0.072370758810798,,0.1,0.05,composite,92869.0,,,,,
anoshift_threshold_clustering_m1_v2,power,adaptive_transfer,2009-2009,far,z_plus_softmax,p_z_plus_softmax,,0.0693737880688947,,0.1,0.05,composite,87670.0,,,,,
anoshift_threshold_clustering_m1_v2,power,adaptive_transfer,2009-2009,far,z_plus_orth,p_z_plus_orth,,0.0642637162085091,,0.1,0.05,composite,87670.0,,,,,
anoshift_threshold_clustering_m1_v2,power,adaptive_transfer,2009-2009,far,z_plus,p_z_plus,,0.0500920651670632,,0.1,0.1,composite,92869.0,,,,,
anoshift_threshold_clustering_m1_v2,power,adaptive_transfer,2009-2009,far,z_plus_renorm,p_z_plus_renorm,,0.0758298163567925,,0.1,0.1,composite,87670.0,,,,,
anoshift_threshold_clustering_m1_v2,power,adaptive_transfer,2009-2009,far,breadth,p_breadth,,0.0076126281333448,,0.1,0.1,composite,92872.0,,,,,
anoshift_threshold_clustering_m1_v2,power,adaptive_transfer,2009-2009,far,z_mahalanobis_sq,p_z_mahalanobis_sq,,0.0898100172711571,,0.1,0.1,composite,55005.0,,,,,
anoshift_threshold_clustering_m1_v2,power,adaptive_transfer,2009-2009,far,t_iut,p_t_iut,,0.072370758810798,,0.1,0.1,composite,92869.0,,,,,
anoshift_threshold_clustering_m1_v2,power,adaptive_transfer,2009-2009,far,z_plus_softmax,p_z_plus_softmax,,0.0693737880688947,,0.1,0.1,composite,87670.0,,,,,
anoshift_threshold_clustering_m1_v2,power,adaptive_transfer,2009-2009,far,z_plus_orth,p_z_plus_orth,,0.0642637162085091,,0.1,0.1,composite,87670.0,,,,,
anoshift_threshold_clustering_m1_v2,power,adaptive_transfer,2009-2009,far,z_plus,p_z_plus,,0.0500920651670632,,0.1,0.15,composite,92869.0,,,,,
anoshift_threshold_clustering_m1_v2,power,adaptive_transfer,2009-2009,far,z_plus_renorm,p_z_plus_renorm,,0.0758298163567925,,0.1,0.15,composite,87670.0,,,,,
anoshift_threshold_clustering_m1_v2,power,adaptive_transfer,2009-2009,far,breadth,p_breadth,,0.0076126281333448,,0.1,0.15,composite,92872.0,,,,,
anoshift_threshold_clustering_m1_v2,power,adaptive_transfer,2009-2009,far,z_mahalanobis_sq,p_z_mahalanobis_sq,,0.0898100172711571,,0.1,0.15,composite,55005.0,,,,,
anoshift_threshold_clustering_m1_v2,power,adaptive_transfer,2009-2009,far,t_iut,p_t_iut,,0.072370758810798,,0.1,0.15,composite,92869.0,,,,,
anoshift_threshold_clustering_m1_v2,power,adaptive_transfer,2009-2009,far,z_plus_softmax,p_z_plus_softmax,,0.0693737880688947,,0.1,0.15,composite,87670.0,,,,,
anoshift_threshold_clustering_m1_v2,power,adaptive_transfer,2009-2009,far,z_plus_orth,p_z_plus_orth,,0.0642637162085091,,0.1,0.15,composite,87670.0,,,,,
anoshift_threshold_clustering_m1_v2,power,adaptive_transfer,2009-2009,far,z_plus,p_z_plus,,0.0500920651670632,,0.1,0.2,composite,92869.0,,,,,
anoshift_threshold_clustering_m1_v2,power,adaptive_transfer,2009-2009,far,z_plus_renorm,p_z_plus_renorm,,0.0758298163567925,,0.1,0.2,composite,87670.0,,,,,
anoshift_threshold_clustering_m1_v2,power,adaptive_transfer,2009-2009,far,breadth,p_breadth,,0.0076126281333448,,0.1,0.2,composite,92872.0,,,,,
anoshift_threshold_clustering_m1_v2,power,adaptive_transfer,2009-2009,far,z_mahalanobis_sq,p_z_mahalanobis_sq,,0.0898100172711571,,0.1,0.2,composite,55005.0,,,,,
anoshift_threshold_clustering_m1_v2,power,adaptive_transfer,2009-2009,far,t_iut,p_t_iut,,0.072370758810798,,0.1,0.2,composite,92869.0,,,,,
anoshift_threshold_clustering_m1_v2,power,adaptive_transfer,2009-2009,far,z_plus_softmax,p_z_plus_softmax,,0.0693737880688947,,0.1,0.2,composite,87670.0,,,,,
anoshift_threshold_clustering_m1_v2,power,adaptive_transfer,2009-2009,far,z_plus_orth,p_z_plus_orth,,0.0642637162085091,,0.1,0.2,composite,87670.0,,,,,
anoshift_threshold_clustering_m1_v2,power,adaptive_transfer,2009-2009,far,z_plus,p_z_plus,,0.0500920651670632,,0.1,0.3,composite,92869.0,,,,,
anoshift_threshold_clustering_m1_v2,power,adaptive_transfer,2009-2009,far,z_plus_renorm,p_z_plus_renorm,,0.0758298163567925,,0.1,0.3,composite,87670.0,,,,,
anoshift_threshold_clustering_m1_v2,power,adaptive_transfer,2009-2009,far,breadth,p_breadth,,0.0076126281333448,,0.1,0.3,composite,92872.0,,,,,
anoshift_threshold_clustering_m1_v2,power,adaptive_transfer,2009-2009,far,z_mahalanobis_sq,p_z_mahalanobis_sq,,0.0898100172711571,,0.1,0.3,composite,55005.0,,,,,
anoshift_threshold_clustering_m1_v2,power,adaptive_transfer,2009-2009,far,t_iut,p_t_iut,,0.072370758810798,,0.1,0.3,composite,92869.0,,,,,
anoshift_threshold_clustering_m1_v2,power,adaptive_transfer,2009-2009,far,z_plus_softmax,p_z_plus_softmax,,0.0693737880688947,,0.1,0.3,composite,87670.0,,,,,
anoshift_threshold_clustering_m1_v2,power,adaptive_transfer,2009-2009,far,z_plus_orth,p_z_plus_orth,,0.0642637162085091,,0.1,0.3,composite,87670.0,,,,,
