method,rho,delta,entity_type,entity_name,n_finite,auc,detection_rate,fpr,pvalue_col
threshold_clustering_m1_v2,0.01,0.05,detector,z1,86132,0.5501620156239613,0.1417666303162486,0.0971307868333039,
threshold_clustering_m1_v2,0.01,0.05,detector,z2,90478,0.4782443822547671,0.2017259978425027,0.2176636776808745,
threshold_clustering_m1_v2,0.01,0.05,detector,z3,79537,0.425754627558048,0.0459016393442622,0.0454961715550354,
threshold_clustering_m1_v2,0.01,0.05,detector,z4,92439,0.7455456231938746,0.2648008611410118,0.0672931920008742,
threshold_clustering_m1_v2,0.01,0.05,detector,z6,67619,0.6069126040772255,0.3620488940628638,0.2282953864589574,
threshold_clustering_m1_v2,0.01,0.05,detector,z8,59877,0.5755545213174997,0.0332850940665701,0.0279795897678505,
threshold_clustering_m1_v2,0.01,0.05,detector,z57,81551,0.8187945959134362,0.4951560818083961,0.1566445883257671,
threshold_clustering_m1_v2,0.01,0.05,composite,z_plus,92869,0.7307054514188009,0.1324004305705059,0.0483249945616706,p_z_plus
threshold_clustering_m1_v2,0.01,0.05,composite,z_plus_renorm,87661,0.6505913419147916,0.0979547900968783,0.0746437301111469,p_z_plus_renorm
threshold_clustering_m1_v2,0.01,0.05,composite,breadth,92872,0.7164646470311021,0.0333692142088266,0.0073741339743101,p_breadth
threshold_clustering_m1_v2,0.01,0.05,composite,z_mahalanobis_sq,55005,0.6657778725705857,0.1575757575757575,0.0861716809274082,p_z_mahalanobis_sq
threshold_clustering_m1_v2,0.01,0.05,composite,t_iut,92869,0.5331338849949644,0.1054897739504844,0.0720143571894714,p_t_iut
threshold_clustering_m1_v2,0.01,0.05,composite,z_plus_softmax,87661,0.636233539174683,0.0430570505920344,0.0685098925425448,p_z_plus_softmax
threshold_clustering_m1_v2,0.01,0.05,composite,z_plus_orth,87661,0.6397635476285237,0.0473627556512378,0.0631139602453535,p_z_plus_orth
threshold_clustering_m1_v2,0.01,0.1,detector,z1,86131,0.5502410327822039,0.1384950926935659,0.0971553970004928,
threshold_clustering_m1_v2,0.01,0.1,detector,z2,90478,0.4808366266722209,0.2006472491909385,0.2176971781442976,
threshold_clustering_m1_v2,0.01,0.1,detector,z3,79537,0.4128586973459368,0.0448087431693989,0.0457887105390348,
threshold_clustering_m1_v2,0.01,0.1,detector,z4,92439,0.7437122814108323,0.263724434876211,0.0679051469784723,
threshold_clustering_m1_v2,0.01,0.1,detector,z6,67619,0.6172531651264481,0.3771827706635622,0.2282804074295985,
threshold_clustering_m1_v2,0.01,0.1,detector,z8,59877,0.5795231476837988,0.0347322720694645,0.0279795897678505,
threshold_clustering_m1_v2,0.01,0.1,detector,z57,81551,0.7855358989133971,0.4155005382131324,0.1566445883257671,
threshold_clustering_m1_v2,0.01,0.1,composite,z_plus,92869,0.7223764890426737,0.1248654467168998,0.0484772677833369,p_z_plus
threshold_clustering_m1_v2,0.01,0.1,composite,z_plus_renorm,87673,0.6456072702503001,0.0990312163616792,0.0745988195148944,p_z_plus_renorm
threshold_clustering_m1_v2,0.01,0.1,composite,breadth,92872,0.7067610874229222,0.0312163616792249,0.0074285154932947,p_breadth
threshold_clustering_m1_v2,0.01,0.1,composite,z_mahalanobis_sq,55005,0.6528024936084555,0.1515151515151515,0.0862084828411077,p_z_mahalanobis_sq
threshold_clustering_m1_v2,0.01,0.1,composite,t_iut,92869,0.5357976536389507,0.1011840688912809,0.0720796171416141,p_t_iut
threshold_clustering_m1_v2,0.01,0.1,composite,z_plus_softmax,87673,0.6327341085660718,0.0409041980624327,0.0684888868394355,p_z_plus_softmax
threshold_clustering_m1_v2,0.01,0.1,composite,z_plus_orth,87673,0.6356450968103613,0.046286329386437,0.0630937010052568,p_z_plus_orth
threshold_clustering_m1_v2,0.01,0.15,detector,z1,86131,0.550612488376496,0.1406761177753544,0.0972023376440491,
threshold_clustering_m1_v2,0.01,0.15,detector,z2,90478,0.4894571776923245,0.203883495145631,0.2175631762906053,
threshold_clustering_m1_v2,0.01,0.15,detector,z3,79537,0.4003402807345599,0.0459016393442622,0.0463229121619902,
threshold_clustering_m1_v2,0.01,0.15,detector,z4,92439,0.7419512934465508,0.2583423035522066,0.0674571085127308,
threshold_clustering_m1_v2,0.01,0.15,detector,z6,67619,0.6294195286087254,0.3981373690337602,0.2282504493708807,
threshold_clustering_m1_v2,0.01,0.15,detector,z8,59877,0.582166424932403,0.0361794500723589,0.0279795897678505,
threshold_clustering_m1_v2,0.01,0.15,detector,z57,81551,0.7556588215537009,0.3681377825618945,0.1566445883257671,
threshold_clustering_m1_v2,0.01,0.15,composite,z_plus,92869,0.7209939006414302,0.1248654467168998,0.0485207744180987,p_z_plus
threshold_clustering_m1_v2,0.01,0.15,composite,z_plus_renorm,87671,0.6453138286126239,0.0948275862068965,0.0746573210518428,p_z_plus_renorm
threshold_clustering_m1_v2,0.01,0.15,composite,breadth,92872,0.7035093886911987,0.0333692142088266,0.0074176391894978,p_breadth
threshold_clustering_m1_v2,0.01,0.15,composite,z_mahalanobis_sq,55005,0.65059811473833,0.1515151515151515,0.086263685711657,p_z_mahalanobis_sq
threshold_clustering_m1_v2,0.01,0.15,composite,t_iut,92869,0.5396543540704812,0.0979547900968783,0.0719817272134,p_t_iut
threshold_clustering_m1_v2,0.01,0.15,composite,z_plus_softmax,87671,0.6361392025273231,0.0474137931034482,0.0685588462469594,p_z_plus_softmax
threshold_clustering_m1_v2,0.01,0.15,composite,z_plus_orth,87671,0.6391830733037387,0.0549568965517241,0.0632212397542164,p_z_plus_orth
threshold_clustering_m1_v2,0.01,0.2,detector,z1,86131,0.5518744724776437,0.1384950926935659,0.09719060248316,
threshold_clustering_m1_v2,0.01,0.2,detector,z2,90478,0.4896429179460176,0.2081984897518878,0.2176860113231566,
threshold_clustering_m1_v2,0.01,0.2,detector,z3,79534,0.3826408097115059,0.0393873085339168,0.0462477741032816,
threshold_clustering_m1_v2,0.01,0.2,detector,z4,92439,0.7405287486741701,0.2583423035522066,0.0677521582340727,
threshold_clustering_m1_v2,0.01,0.2,detector,z6,67619,0.6382851783986703,0.4062863795110594,0.2282204913121629,
threshold_clustering_m1_v2,0.01,0.2,detector,z8,59877,0.5839600908866712,0.0390738060781476,0.0279795897678505,
threshold_clustering_m1_v2,0.01,0.2,detector,z57,81551,0.7432441441100075,0.3433799784714747,0.1566445883257671,
threshold_clustering_m1_v2,0.01,0.2,composite,z_plus,92869,0.718113020308794,0.123789020452099,0.0484337611485751,p_z_plus
threshold_clustering_m1_v2,0.01,0.2,composite,z_plus_renorm,87676,0.644429793074828,0.1045258620689655,0.0746184350071471,p_z_plus_renorm
threshold_clustering_m1_v2,0.01,0.2,composite,breadth,92872,0.6983554841338435,0.0301399354144241,0.0074176391894978,p_breadth
threshold_clustering_m1_v2,0.01,0.2,composite,z_mahalanobis_sq,55003,0.6500932907084573,0.1545454545454545,0.086248458863147,p_z_mahalanobis_sq
threshold_clustering_m1_v2,0.01,0.2,composite,t_iut,92869,0.5405037813072737,0.10010764262648,0.0718294539917337,p_t_iut
threshold_clustering_m1_v2,0.01,0.2,composite,z_plus_softmax,87676,0.6359284542781867,0.0538793103448275,0.0686240604970719,p_z_plus_softmax
threshold_clustering_m1_v2,0.01,0.2,composite,z_plus_orth,87676,0.6389853914946663,0.0571120689655172,0.0634827315903536,p_z_plus_orth
threshold_clustering_m1_v2,0.01,0.3,detector,z1,86131,0.5496101559076911,0.1374045801526717,0.0970028399089351,
threshold_clustering_m1_v2,0.01,0.3,detector,z2,90478,0.484931603581897,0.2028047464940668,0.2176748445020156,
threshold_clustering_m1_v2,0.01,0.3,detector,z3,79533,0.3593592862321937,0.037199124726477,0.045790457777382,
threshold_clustering_m1_v2,0.01,0.3,detector,z4,92439,0.7388652460412133,0.255113024757804,0.0672604086985029,
threshold_clustering_m1_v2,0.01,0.3,detector,z6,67619,0.6482697390126466,0.4155995343422584,0.2282204913121629,
threshold_clustering_m1_v2,0.01,0.3,detector,z8,59877,0.5862675776524966,0.0463096960926193,0.0279795897678505,
threshold_clustering_m1_v2,0.01,0.3,detector,z57,81551,0.727585587984529,0.3218514531754575,0.1566445883257671,
threshold_clustering_m1_v2,0.01,0.3,composite,z_plus,92869,0.7160764040197507,0.123789020452099,0.0482706112682184,p_z_plus
threshold_clustering_m1_v2,0.01,0.3,composite,z_plus_renorm,87689,0.6455318243782971,0.1100323624595469,0.0743643530577902,p_z_plus_renorm
threshold_clustering_m1_v2,0.01,0.3,composite,breadth,92872,0.6920219103783903,0.0301399354144241,0.0073632576705132,p_breadth
threshold_clustering_m1_v2,0.01,0.3,composite,z_mahalanobis_sq,55003,0.6568052867337043,0.1545454545454545,0.0863220653994074,p_z_mahalanobis_sq
threshold_clustering_m1_v2,0.01,0.3,composite,t_iut,92869,0.5301846713809001,0.0979547900968783,0.0717750706982814,p_t_iut
threshold_clustering_m1_v2,0.01,0.3,composite,z_plus_softmax,87689,0.6382259947217135,0.0571736785329018,0.0687051935178995,p_z_plus_softmax
threshold_clustering_m1_v2,0.01,0.3,composite,z_plus_orth,87689,0.6410152902009433,0.0658036677454153,0.0637491067518037,p_z_plus_orth
threshold_clustering_m1_v2,0.05,0.05,detector,z1,86126,0.543032533156789,0.1417991722936179,0.0943521187220212,
threshold_clustering_m1_v2,0.05,0.05,detector,z2,90478,0.4784552610957024,0.1996980806555963,0.2188930697452266,
threshold_clustering_m1_v2,0.05,0.05,detector,z3,79537,0.4699934738108279,0.0484610347085789,0.0464672607929985,
threshold_clustering_m1_v2,0.05,0.05,detector,z4,92439,0.7467634315415681,0.2429463708808959,0.0595129618661442,
threshold_clustering_m1_v2,0.05,0.05,detector,z6,67621,0.5277886462901122,0.2649236464599722,0.2265754593279514,
threshold_clustering_m1_v2,0.05,0.05,detector,z8,59877,0.5626639389028174,0.033323589593686,0.0280572481224316,
threshold_clustering_m1_v2,0.05,0.05,detector,z57,81551,0.8479688817193629,0.4907407407407407,0.1265294446539326,
threshold_clustering_m1_v2,0.05,0.05,composite,z_plus,92869,0.7250246499473172,0.1199397071490094,0.0428223292717483,p_z_plus
threshold_clustering_m1_v2,0.05,0.05,composite,z_plus_renorm,87649,0.6426305896441088,0.0704437742352434,0.0711024371438553,p_z_plus_renorm
threshold_clustering_m1_v2,0.05,0.05,composite,breadth,92872,0.7188911060517897,0.0271317829457364,0.0065512082332139,p_breadth
threshold_clustering_m1_v2,0.05,0.05,composite,z_mahalanobis_sq,55005,0.6723642740100673,0.1756097560975609,0.0730014499758337,p_z_mahalanobis_sq
threshold_clustering_m1_v2,0.05,0.05,composite,t_iut,92869,0.5197014133417489,0.0968992248062015,0.0711249645792009,p_t_iut
threshold_clustering_m1_v2,0.05,0.05,composite,z_plus_softmax,87649,0.6345311938232583,0.0355450236966824,0.0656932547857409,p_z_plus_softmax
threshold_clustering_m1_v2,0.05,0.05,composite,z_plus_orth,87649,0.6378606589799449,0.0404997845756139,0.0582601467346127,p_z_plus_orth
threshold_clustering_m1_v2,0.05,0.1,detector,z1,86124,0.5419424670311677,0.1402744500108908,0.0943176382569021,
threshold_clustering_m1_v2,0.05,0.1,detector,z2,90478,0.4832674591181673,0.2012076773776148,0.2190095641942661,
threshold_clustering_m1_v2,0.05,0.1,detector,z3,79537,0.4585006700984289,0.0482427417594411,0.0478147179678744,
threshold_clustering_m1_v2,0.05,0.1,detector,z4,92439,0.7414809169303025,0.2453155287529614,0.06009385393412,
threshold_clustering_m1_v2,0.05,0.1,detector,z6,67621,0.5374224648785895,0.2725590004627487,0.2262752966081612,
threshold_clustering_m1_v2,0.05,0.1,detector,z8,59877,0.5662168010583384,0.0344928383513592,0.0280572481224316,
threshold_clustering_m1_v2,0.05,0.1,detector,z57,81551,0.8144462168906824,0.4149440137812231,0.1265294446539326,
threshold_clustering_m1_v2,0.05,0.1,composite,z_plus,92869,0.7110542926103365,0.1156330749354005,0.0423916123547747,p_z_plus
threshold_clustering_m1_v2,0.05,0.1,composite,z_plus_renorm,87627,0.6294516124980087,0.066149536737772,0.0706625213891499,p_z_plus_renorm
threshold_clustering_m1_v2,0.05,0.1,composite,breadth,92872,0.71037439891758,0.0277777777777777,0.0065512082332139,p_breadth
threshold_clustering_m1_v2,0.05,0.1,composite,z_mahalanobis_sq,55005,0.6499283381862335,0.1585365853658536,0.0730207829869502,p_z_mahalanobis_sq
threshold_clustering_m1_v2,0.05,0.1,composite,t_iut,92869,0.5248786113045373,0.0951765719207579,0.0708982714650042,p_t_iut
threshold_clustering_m1_v2,0.05,0.1,composite,z_plus_softmax,87627,0.6217342234079997,0.0357681534152122,0.0655170751693056,p_z_plus_softmax
threshold_clustering_m1_v2,0.05,0.1,composite,z_plus_orth,87627,0.6247308425992711,0.039862098685628,0.0582266888390812,p_z_plus_orth
threshold_clustering_m1_v2,0.05,0.15,detector,z1,86124,0.5444816663012599,0.1420169897625789,0.0946119975960654,
threshold_clustering_m1_v2,0.05,0.15,detector,z2,90478,0.4973735212267621,0.2063834375673927,0.2188115236308989,
threshold_clustering_m1_v2,0.05,0.15,detector,z3,79537,0.4468257934780953,0.0561012879283999,0.049842574310262,
threshold_clustering_m1_v2,0.05,0.15,detector,z4,92439,0.7353918988889787,0.229808313590351,0.0585448084195179,
threshold_clustering_m1_v2,0.05,0.15,detector,z6,67621,0.5470488797359855,0.2801943544655252,0.2258961436989525,
threshold_clustering_m1_v2,0.05,0.15,detector,z8,59877,0.5687182614801916,0.036246711487869,0.0280572481224316,
threshold_clustering_m1_v2,0.05,0.15,detector,z57,81551,0.7876315893777183,0.3742463393626184,0.1265294446539326,
threshold_clustering_m1_v2,0.05,0.15,composite,z_plus,92869,0.7067752501788431,0.1152024117140396,0.0426296401246812,p_z_plus
threshold_clustering_m1_v2,0.05,0.15,composite,z_plus_renorm,87616,0.6242767382229193,0.0666091830135805,0.0703930004700097,p_z_plus_renorm
threshold_clustering_m1_v2,0.05,0.15,composite,breadth,92872,0.7088883452637023,0.0275624461670973,0.0066418823956113,p_breadth
threshold_clustering_m1_v2,0.05,0.15,composite,z_mahalanobis_sq,55005,0.6430959459618762,0.1600609756097561,0.073252779120348,p_z_mahalanobis_sq
threshold_clustering_m1_v2,0.05,0.15,composite,t_iut,92869,0.5370788268680154,0.0940999138673557,0.0708756021535845,p_t_iut
threshold_clustering_m1_v2,0.05,0.15,composite,z_plus_softmax,87616,0.6193102352349745,0.0392325932312998,0.0654518722055509,p_z_plus_softmax
threshold_clustering_m1_v2,0.05,0.15,composite,z_plus_orth,87616,0.6222598224489486,0.0416037939211036,0.0582571073912047,p_z_plus_orth
threshold_clustering_m1_v2,0.05,0.2,detector,z1,86123,0.5438817895006332,0.1394335511982571,0.094759177265647,
threshold_clustering_m1_v2,0.05,0.2,detector,z2,90478,0.490427678506282,0.2061677808928186,0.2188464719656108,
threshold_clustering_m1_v2,0.05,0.2,detector,z3,79524,0.4148414856095098,0.0437062937062937,0.0478598494956503,
threshold_clustering_m1_v2,0.05,0.2,detector,z4,92439,0.7306250871915823,0.2237777299160026,0.0585448084195179,
threshold_clustering_m1_v2,0.05,0.2,detector,z6,67621,0.5539771088843537,0.2878297084683017,0.225769759395883,
threshold_clustering_m1_v2,0.05,0.2,detector,z8,59877,0.5705382590139498,0.0377082724349605,0.0280572481224316,
threshold_clustering_m1_v2,0.05,0.2,detector,z57,81551,0.7772506791344025,0.3550818260120585,0.1265294446539326,
threshold_clustering_m1_v2,0.05,0.2,composite,z_plus,92869,0.6998946504281371,0.1128337639965546,0.0420062340606404,p_z_plus
threshold_clustering_m1_v2,0.05,0.2,composite,z_plus_renorm,87618,0.6206027992814479,0.067529665587918,0.0704722654037574,p_z_plus_renorm
threshold_clustering_m1_v2,0.05,0.2,composite,breadth,92872,0.6999614432237797,0.0271317829457364,0.0065285396926145,p_breadth
threshold_clustering_m1_v2,0.05,0.2,composite,z_mahalanobis_sq,54999,0.646369908363292,0.1614281354897772,0.0735663740767951,p_z_mahalanobis_sq
threshold_clustering_m1_v2,0.05,0.2,composite,t_iut,92869,0.5234521763686096,0.0940999138673557,0.0704108812694814,p_t_iut
threshold_clustering_m1_v2,0.05,0.2,composite,z_plus_softmax,87618,0.616441964738206,0.0448759439050701,0.0662786353831507,p_z_plus_softmax
threshold_clustering_m1_v2,0.05,0.2,composite,z_plus_orth,87618,0.6199188287235915,0.0453074433656957,0.0593615559813455,p_z_plus_orth
threshold_clustering_m1_v2,0.05,0.3,detector,z1,86123,0.5451146476985527,0.1411764705882353,0.0947223823482516,
threshold_clustering_m1_v2,0.05,0.3,detector,z2,90478,0.4854113174927529,0.2053051541945223,0.2188930697452266,
threshold_clustering_m1_v2,0.05,0.3,detector,z3,79519,0.389133501865805,0.0413205072146917,0.0462472479818533,
threshold_clustering_m1_v2,0.05,0.3,detector,z4,92439,0.7253987684351229,0.2190394141718716,0.0578158458244111,
threshold_clustering_m1_v2,0.05,0.3,detector,z6,67621,0.5604940297928186,0.2943081906524757,0.2255801829412786,
threshold_clustering_m1_v2,0.05,0.3,detector,z8,59877,0.5729142560161863,0.0412160187079801,0.0280395352132634,
threshold_clustering_m1_v2,0.05,0.3,detector,z57,81551,0.7620691132069342,0.3339793281653747,0.1265294446539326,
threshold_clustering_m1_v2,0.05,0.3,composite,z_plus,92869,0.693330165292181,0.1124031007751938,0.0414281666194389,p_z_plus
threshold_clustering_m1_v2,0.05,0.3,composite,z_plus_renorm,87627,0.6169710082984786,0.069069717245845,0.0701978456273947,p_z_plus_renorm
threshold_clustering_m1_v2,0.05,0.3,composite,breadth,92872,0.6920024644374335,0.0267011197243755,0.0065512082332139,p_breadth
threshold_clustering_m1_v2,0.05,0.3,composite,z_mahalanobis_sq,54997,0.6479606923126121,0.1605126640219713,0.073491879350348,p_z_mahalanobis_sq
threshold_clustering_m1_v2,0.05,0.3,composite,t_iut,92869,0.5149503059307536,0.0893626184323858,0.0701501841881552,p_t_iut
threshold_clustering_m1_v2,0.05,0.3,composite,z_plus_softmax,87627,0.6135802787352863,0.0457586876753723,0.0668723040219775,p_z_plus_softmax
threshold_clustering_m1_v2,0.05,0.3,composite,z_plus_orth,87627,0.6170073674472558,0.0496438592704511,0.0602935151938694,p_z_plus_orth
threshold_clustering_m1_v2,0.1,0.05,detector,z1,86116,0.5480391196749432,0.1531079607415485,0.0926883788630988,
threshold_clustering_m1_v2,0.1,0.05,detector,z2,90478,0.4829589538614862,0.1965710588742721,0.2206418403034333,
threshold_clustering_m1_v2,0.1,0.05,detector,z3,79537,0.5147473509369289,0.0503660002185075,0.0442003864514662,
threshold_clustering_m1_v2,0.1,0.05,detector,z4,92439,0.757705015661564,0.2446143903489875,0.049521977030846,
threshold_clustering_m1_v2,0.1,0.05,detector,z6,67621,0.4860514592100244,0.2371408711770157,0.2274152808150672,
threshold_clustering_m1_v2,0.1,0.05,detector,z8,59877,0.5474564088001626,0.03278929569181,0.0279975883638556,
threshold_clustering_m1_v2,0.1,0.05,detector,z57,81551,0.8855556430615709,0.4944546139765263,0.0841636222738846,
threshold_clustering_m1_v2,0.1,0.05,composite,z_plus,92869,0.7374992745991822,0.1218908151179067,0.0355100380464693,p_z_plus
threshold_clustering_m1_v2,0.1,0.05,composite,z_plus_renorm,87628,0.6500524126173226,0.0679444384623667,0.0668360117945903,p_z_plus_renorm
threshold_clustering_m1_v2,0.1,0.05,composite,breadth,92872,0.730820441165065,0.0257348982448584,0.0056469462224083,p_breadth
threshold_clustering_m1_v2,0.1,0.05,composite,z_mahalanobis_sq,55005,0.6891648112488139,0.1792191822932677,0.0549083486257448,p_z_mahalanobis_sq
threshold_clustering_m1_v2,0.1,0.05,composite,t_iut,92869,0.5244426921656173,0.093463981910197,0.0696082888660237,p_t_iut
threshold_clustering_m1_v2,0.1,0.05,composite,z_plus_softmax,87628,0.6449049323861712,0.0370410250888338,0.0629555405215659,p_z_plus_softmax
threshold_clustering_m1_v2,0.1,0.05,composite,z_plus_orth,87628,0.6478819078036839,0.0408097340368256,0.0545308331524999,p_z_plus_orth
threshold_clustering_m1_v2,0.1,0.1,detector,z1,86115,0.5474282682761477,0.151690294438386,0.0925076353239326,
threshold_clustering_m1_v2,0.1,0.1,detector,z2,90478,0.4898662874440553,0.1993745956437351,0.2205433229890153,
threshold_clustering_m1_v2,0.1,0.1,detector,z3,79537,0.5063883551310676,0.0498197312356604,0.0451523073425778,
threshold_clustering_m1_v2,0.1,0.1,detector,z4,92439,0.7450169972962304,0.218548039638087,0.0483675064638326,
threshold_clustering_m1_v2,0.1,0.1,detector,z6,67621,0.4964078928273192,0.243628359592215,0.2264489989659089,
threshold_clustering_m1_v2,0.1,0.1,detector,z8,59877,0.5499546269617247,0.0330833700926334,0.0279787474564775,
threshold_clustering_m1_v2,0.1,0.1,detector,z57,81551,0.8513097519711382,0.4168192096478949,0.084122107826857,
threshold_clustering_m1_v2,0.1,0.1,composite,z_plus,92869,0.7224569377171908,0.1186604931624852,0.0352468234787394,p_z_plus
threshold_clustering_m1_v2,0.1,0.1,composite,z_plus_renorm,87643,0.6339567888826712,0.0663650075414781,0.0663723025484616,p_z_plus_renorm
threshold_clustering_m1_v2,0.1,0.1,composite,breadth,92872,0.724054674147561,0.0259502530418865,0.0056708739606388,p_breadth
threshold_clustering_m1_v2,0.1,0.1,composite,z_mahalanobis_sq,55005,0.6649152437831409,0.1767599139256071,0.0550526814985876,p_z_mahalanobis_sq
threshold_clustering_m1_v2,0.1,0.1,composite,t_iut,92869,0.5338352449539202,0.0928179175191127,0.0691895384173625,p_t_iut
threshold_clustering_m1_v2,0.1,0.1,composite,z_plus_softmax,87643,0.6303408844849778,0.0408317173023055,0.0627608121386914,p_z_plus_softmax
threshold_clustering_m1_v2,0.1,0.1,composite,z_plus_orth,87643,0.6333167950053076,0.044063779357897,0.0543254935490869,p_z_plus_orth
threshold_clustering_m1_v2,0.1,0.15,detector,z1,86115,0.5471462032993443,0.152453653217012,0.0925596205081551,
threshold_clustering_m1_v2,0.1,0.15,detector,z2,90478,0.5093775152841263,0.2083243476385594,0.219841387123787,
threshold_clustering_m1_v2,0.1,0.15,detector,z3,79537,0.4960015553702289,0.0683928766524636,0.0477381223005228,
threshold_clustering_m1_v2,0.1,0.15,detector,z4,92439,0.7304582847794063,0.2165015079707022,0.0481750947026637,
threshold_clustering_m1_v2,0.1,0.15,detector,z6,67621,0.5059116233260121,0.2515060240963855,0.2257200495007544,
threshold_clustering_m1_v2,0.1,0.15,detector,z8,59877,0.55198076002331,0.0335244816938685,0.0279599065490994,
threshold_clustering_m1_v2,0.1,0.15,detector,z57,81551,0.8218896296294442,0.3787014105739205,0.084122107826857,
threshold_clustering_m1_v2,0.1,0.15,composite,z_plus,92869,0.7174294968313314,0.1200602993431678,0.0354382522552702,p_z_plus
threshold_clustering_m1_v2,0.1,0.15,composite,z_plus_renorm,87577,0.6315142570089258,0.0684931506849315,0.0666487880877582,p_z_plus_renorm
threshold_clustering_m1_v2,0.1,0.15,composite,breadth,92872,0.7181868188886833,0.0262732852374286,0.005766584913561,p_breadth
threshold_clustering_m1_v2,0.1,0.15,composite,z_mahalanobis_sq,55005,0.6604795575852318,0.1758376882877344,0.0555062990989504,p_z_mahalanobis_sq
threshold_clustering_m1_v2,0.1,0.15,composite,t_iut,92869,0.5463343980034558,0.0946484332938516,0.0694647172836256,p_t_iut
threshold_clustering_m1_v2,0.1,0.15,composite,z_plus_softmax,87577,0.6290909667037178,0.0422823859346348,0.0625239445253237,p_z_plus_softmax
threshold_clustering_m1_v2,0.1,0.15,composite,z_plus_orth,87577,0.6321646176248241,0.047351957717614,0.0540827011978647,p_z_plus_orth
threshold_clustering_m1_v2,0.1,0.2,detector,z1,86113,0.5477068901746074,0.1510689354275741,0.0925596205081551,
threshold_clustering_m1_v2,0.1,0.2,detector,z2,90478,0.5041861081408434,0.2086478326504205,0.219792128466578,
threshold_clustering_m1_v2,0.1,0.2,detector,z3,79516,0.4499957200821147,0.0555798687089715,0.0461094691372058,
threshold_clustering_m1_v2,0.1,0.2,detector,z4,92439,0.719183095339753,0.2106850495476087,0.048463712344417,
threshold_clustering_m1_v2,0.1,0.2,detector,z6,67621,0.5107006242944621,0.2557924003707136,0.2257539541270406,
threshold_clustering_m1_v2,0.1,0.2,detector,z8,59877,0.5533918542277472,0.0345537420967504,0.0279410656417213,
threshold_clustering_m1_v2,0.1,0.2,detector,z57,81551,0.8112460553899548,0.36114999461613,0.084122107826857,
threshold_clustering_m1_v2,0.1,0.2,composite,z_plus,92869,0.7064784907742478,0.1171530095832884,0.0345648584623483,p_z_plus
threshold_clustering_m1_v2,0.1,0.2,composite,z_plus_renorm,87554,0.6274822354938591,0.0709969788519637,0.0667041361162915,p_z_plus_renorm
threshold_clustering_m1_v2,0.1,0.2,composite,breadth,92872,0.7017260989073684,0.0257348982448584,0.0057905126517915,p_breadth
threshold_clustering_m1_v2,0.1,0.2,composite,z_mahalanobis_sq,54991,0.6620138323102689,0.1777743573957211,0.0554089165669979,p_z_mahalanobis_sq
threshold_clustering_m1_v2,0.1,0.2,composite,t_iut,92869,0.5339055962402828,0.0882954667815225,0.0690459668349644,p_t_iut
threshold_clustering_m1_v2,0.1,0.2,composite,z_plus_softmax,87554,0.6253610238053358,0.0475830815709969,0.0626421071455943,p_z_plus_softmax
threshold_clustering_m1_v2,0.1,0.2,composite,z_plus_orth,87554,0.6285382917152782,0.051575312904618,0.0544797281761745,p_z_plus_orth
threshold_clustering_m1_v2,0.1,0.3,detector,z1,86113,0.5503721146606725,0.1559773123909249,0.0929884982779907,
threshold_clustering_m1_v2,0.1,0.3,detector,z2,90478,0.4933412323525974,0.2076773776148371,0.220383232353086,
threshold_clustering_m1_v2,0.1,0.3,detector,z3,79493,0.4116640836319277,0.0437068682221492,0.0442413734295946,
threshold_clustering_m1_v2,0.1,0.3,detector,z4,92439,0.707727821035508,0.2083153813011632,0.0493776682099693,
threshold_clustering_m1_v2,0.1,0.3,detector,z6,67620,0.5134664532431134,0.259413741165566,0.2257370018138975,
threshold_clustering_m1_v2,0.1,0.3,detector,z8,59877,0.555007899052496,0.0354359652992207,0.0279787474564775,
threshold_clustering_m1_v2,0.1,0.3,detector,z57,81551,0.7968373729225209,0.3356304511682997,0.084122107826857,
threshold_clustering_m1_v2,0.1,0.3,composite,z_plus,92869,0.695172303380899,0.1130612684397544,0.0346246799550142,p_z_plus
threshold_clustering_m1_v2,0.1,0.3,composite,z_plus_renorm,87513,0.6255929555227782,0.0753594983241431,0.067540631708065,p_z_plus_renorm
threshold_clustering_m1_v2,0.1,0.3,composite,breadth,92872,0.6817985692683707,0.0247658016582319,0.005766584913561,p_breadth
threshold_clustering_m1_v2,0.1,0.3,composite,z_mahalanobis_sq,54981,0.6651337969515887,0.1795780070845526,0.0556632568883022,p_z_mahalanobis_sq
threshold_clustering_m1_v2,0.1,0.3,composite,t_iut,92869,0.5174828656932163,0.0840960482394745,0.0696082888660237,p_t_iut
threshold_clustering_m1_v2,0.1,0.3,composite,z_plus_softmax,87513,0.6222643801567647,0.0533030597902475,0.0633624655013799,p_z_plus_softmax
threshold_clustering_m1_v2,0.1,0.3,composite,z_plus_orth,87513,0.6253316853546591,0.0557898151151475,0.0552872329551262,p_z_plus_orth
temporal_spike_m2b,0.01,0.05,detector,z1,86133,0.5223167431154528,0.1130247578040904,0.0980705131214497,
temporal_spike_m2b,0.01,0.05,detector,z2,90478,0.5299822681584831,0.2271259418729817,0.2170096818501602,
temporal_spike_m2b,0.01,0.05,detector,z3,79537,0.5392913139591339,0.0550755939524838,0.044268613807228,
temporal_spike_m2b,0.01,0.05,detector,z4,92439,0.5074381517296785,0.048087431693989,0.0694899698439753,
temporal_spike_m2b,0.01,0.05,detector,z6,67619,0.4970936036012409,0.2349602724177071,0.230288591207408,
temporal_spike_m2b,0.01,0.05,detector,z8,59877,0.4883501871788399,0.0424164524421593,0.0277331257720096,
temporal_spike_m2b,0.01,0.05,detector,z57,81551,0.4555068656439786,0.2034632034632034,0.1632951740732013,
temporal_spike_m2b,0.01,0.05,composite,z_plus,92869,0.5732874414047819,0.10010764262648,0.0495214270176201,p_z_plus
temporal_spike_m2b,0.01,0.05,composite,z_plus_renorm,87671,0.541073526481027,0.1092896174863388,0.0754068882843837,p_z_plus_renorm
temporal_spike_m2b,0.01,0.05,composite,breadth,92872,0.5670872077141162,0.0129171151776103,0.0076134126578423,p_breadth
temporal_spike_m2b,0.01,0.05,composite,z_mahalanobis_sq,55005,0.5424477813347603,0.1511169513797634,0.0890974116953027,p_z_mahalanobis_sq
temporal_spike_m2b,0.01,0.05,composite,t_iut,92869,0.4957030934434938,0.0484391819160387,0.0727104633456602,p_t_iut
temporal_spike_m2b,0.01,0.05,composite,z_plus_softmax,87671,0.5423371357191213,0.0907103825136612,0.0691133754437733,p_z_plus_softmax
temporal_spike_m2b,0.01,0.05,composite,z_plus_orth,87671,0.5435353961754934,0.0830601092896174,0.0639725206325787,p_z_plus_orth
temporal_spike_m2b,0.01,0.1,detector,z1,86133,0.521884417813887,0.1130247578040904,0.0980353035068776,
temporal_spike_m2b,0.01,0.1,detector,z2,90478,0.5297635907125121,0.232508073196986,0.2170878513439569,
temporal_spike_m2b,0.01,0.1,detector,z3,79537,0.53616934418001,0.0647948164146868,0.0445484728600323,
temporal_spike_m2b,0.01,0.1,detector,z4,92439,0.5074219297610851,0.048087431693989,0.0694899698439753,
temporal_spike_m2b,0.01,0.1,detector,z6,67619,0.5142407385731773,0.2599318955732123,0.2304833827804249,
temporal_spike_m2b,0.01,0.1,detector,z8,59877,0.4883501871788399,0.0424164524421593,0.0277331257720096,
temporal_spike_m2b,0.01,0.1,detector,z57,81551,0.455406455369247,0.2067099567099567,0.1632951740732013,
temporal_spike_m2b,0.01,0.1,composite,z_plus,92869,0.5798796390588423,0.1033369214208826,0.0495214270176201,p_z_plus
temporal_spike_m2b,0.01,0.1,composite,z_plus_renorm,87669,0.5467976406120894,0.1136612021857923,0.0753625193074671,p_z_plus_renorm
temporal_spike_m2b,0.01,0.1,composite,breadth,92872,0.5705479562634908,0.0139935414424111,0.0076134126578423,p_breadth
temporal_spike_m2b,0.01,0.1,composite,z_mahalanobis_sq,55005,0.5561069459737144,0.1590013140604468,0.0890605412580193,p_z_mahalanobis_sq
temporal_spike_m2b,0.01,0.1,composite,t_iut,92869,0.4935634942805635,0.0473627556512378,0.0727430933217315,p_t_iut
temporal_spike_m2b,0.01,0.1,composite,z_plus_softmax,87669,0.5474677534907761,0.0896174863387978,0.0690919150701984,p_z_plus_softmax
temporal_spike_m2b,0.01,0.1,composite,z_plus_orth,87669,0.5485594276939845,0.0830601092896174,0.0640316296654909,p_z_plus_orth
temporal_spike_m2b,0.01,0.15,detector,z1,86133,0.5211786336991815,0.1097954790096878,0.0980353035068776,
temporal_spike_m2b,0.01,0.15,detector,z2,90478,0.5286748313859497,0.2206673842841765,0.2170878513439569,
temporal_spike_m2b,0.01,0.15,detector,z3,79537,0.53515255409301,0.0669546436285097,0.044268613807228,
temporal_spike_m2b,0.01,0.15,detector,z4,92439,0.5074247299463153,0.048087431693989,0.0694899698439753,
temporal_spike_m2b,0.01,0.15,detector,z6,67619,0.5317108367145905,0.2814982973893303,0.2307830621235278,
temporal_spike_m2b,0.01,0.15,detector,z8,59877,0.4883501871788399,0.0424164524421593,0.0277331257720096,
temporal_spike_m2b,0.01,0.15,detector,z57,81551,0.4553376359750155,0.2088744588744588,0.1632827712800922,
temporal_spike_m2b,0.01,0.15,composite,z_plus,92869,0.5854527324297472,0.1054897739504844,0.0495214270176201,p_z_plus
temporal_spike_m2b,0.01,0.15,composite,z_plus_renorm,87669,0.5511706551443558,0.1049180327868852,0.0752818313852963,p_z_plus_renorm
temporal_spike_m2b,0.01,0.15,composite,breadth,92872,0.5750333369248161,0.0139935414424111,0.0075916600502485,p_breadth
temporal_spike_m2b,0.01,0.15,composite,z_mahalanobis_sq,55005,0.5662666167696438,0.1603153745072273,0.0891158469139444,p_z_mahalanobis_sq
temporal_spike_m2b,0.01,0.15,composite,t_iut,92869,0.4900286094759699,0.0452099031216361,0.0726995866869697,p_t_iut
temporal_spike_m2b,0.01,0.15,composite,z_plus_softmax,87669,0.5526058986461436,0.0885245901639344,0.0690112271480277,p_z_plus_softmax
temporal_spike_m2b,0.01,0.15,composite,z_plus_orth,87669,0.5537525867691209,0.081967213114754,0.0639624685893445,p_z_plus_orth
temporal_spike_m2b,0.01,0.2,detector,z1,86133,0.5203404060988763,0.1108719052744887,0.098058776583259,
temporal_spike_m2b,0.01,0.2,detector,z2,90478,0.5275342575733023,0.2174381054897739,0.2169538464974483,
temporal_spike_m2b,0.01,0.2,detector,z3,79537,0.534529162970037,0.0723542116630669,0.044268613807228,
temporal_spike_m2b,0.01,0.2,detector,z4,92439,0.5074324259777901,0.048087431693989,0.0694899698439753,
temporal_spike_m2b,0.01,0.2,detector,z6,67619,0.5478815901945191,0.3064699205448354,0.2307231262549072,
temporal_spike_m2b,0.01,0.2,detector,z8,59877,0.4883501871788399,0.0424164524421593,0.0277331257720096,
temporal_spike_m2b,0.01,0.2,detector,z57,81551,0.4552063663698104,0.2023809523809523,0.1632455629007652,
temporal_spike_m2b,0.01,0.2,composite,z_plus,92869,0.5911700732424127,0.1065662002152852,0.049543180335001,p_z_plus
temporal_spike_m2b,0.01,0.2,composite,z_plus_renorm,87674,0.5563387732502139,0.1038251366120218,0.0752313880980647,p_z_plus_renorm
temporal_spike_m2b,0.01,0.2,composite,breadth,92872,0.5787737141911308,0.0139935414424111,0.0075699074426546,p_breadth
temporal_spike_m2b,0.01,0.2,composite,z_mahalanobis_sq,55005,0.5757880317107078,0.164257555847569,0.089134282132586,p_z_mahalanobis_sq
temporal_spike_m2b,0.01,0.2,composite,t_iut,92869,0.4872450629452961,0.046286329386437,0.0726995866869697,p_t_iut
temporal_spike_m2b,0.01,0.2,composite,z_plus_softmax,87674,0.5595879408929842,0.0885245901639344,0.0690187761500247,p_z_plus_softmax
temporal_spike_m2b,0.01,0.2,composite,z_plus_orth,87674,0.5609804925987742,0.0852459016393442,0.0639357300107193,p_z_plus_orth
temporal_spike_m2b,0.01,0.3,detector,z1,86133,0.5197679119154743,0.1141011840688912,0.098058776583259,
temporal_spike_m2b,0.01,0.3,detector,z2,90478,0.5261232759722951,0.2099031216361679,0.2169650135679907,
temporal_spike_m2b,0.01,0.3,detector,z3,79537,0.5302679750713887,0.0745140388768898,0.0445103102619226,
temporal_spike_m2b,0.01,0.3,detector,z4,92439,0.5074390891051181,0.048087431693989,0.0694899698439753,
temporal_spike_m2b,0.01,0.3,detector,z6,67619,0.5761633519784228,0.3382519863791146,0.2310228055980101,
temporal_spike_m2b,0.01,0.3,detector,z8,59877,0.4883501871788399,0.0424164524421593,0.0277331257720096,
temporal_spike_m2b,0.01,0.3,detector,z57,81551,0.4551013788738124,0.2002164502164502,0.1632207573145472,
temporal_spike_m2b,0.01,0.3,composite,z_plus,92869,0.6036065197197686,0.1151776103336921,0.0495866869697628,p_z_plus
temporal_spike_m2b,0.01,0.3,composite,z_plus_renorm,87676,0.568689022671587,0.1157205240174672,0.0752650991240202,p_z_plus_renorm
temporal_spike_m2b,0.01,0.3,composite,breadth,92872,0.5820692166802882,0.0161463939720129,0.0076025363540454,p_breadth
temporal_spike_m2b,0.01,0.3,composite,z_mahalanobis_sq,55005,0.59319211358304,0.1773981603153745,0.0890974116953027,p_z_mahalanobis_sq
temporal_spike_m2b,0.01,0.3,composite,t_iut,92869,0.4811123016765977,0.0495156081808396,0.0728192299325647,p_t_iut
temporal_spike_m2b,0.01,0.3,composite,z_plus_softmax,87676,0.5731767892051757,0.0993449781659388,0.068994928538497,p_z_plus_softmax
temporal_spike_m2b,0.01,0.3,composite,z_plus_orth,87676,0.5745061729793175,0.0917030567685589,0.063969571230982,p_z_plus_orth
temporal_spike_m2b,0.05,0.05,detector,z1,86133,0.5182025683699383,0.1041979010494752,0.0981261571480795,
temporal_spike_m2b,0.05,0.05,detector,z2,90478,0.5312346265506742,0.2179775280898876,0.217089395690071,
temporal_spike_m2b,0.05,0.05,detector,z3,79537,0.5429605459042519,0.0541353383458646,0.0445612285345301,
temporal_spike_m2b,0.05,0.05,detector,z4,92439,0.5052518099800851,0.0539104024297646,0.069500230460262,
temporal_spike_m2b,0.05,0.05,detector,z6,67619,0.4946548055196015,0.2278481012658227,0.2305628814708763,
temporal_spike_m2b,0.05,0.05,detector,z8,59877,0.4931183191493576,0.041814946619217,0.0276581621364015,
temporal_spike_m2b,0.05,0.05,detector,z57,81551,0.4496137355407593,0.1993980436418359,0.1631597317444092,
temporal_spike_m2b,0.05,0.05,composite,z_plus,92869,0.56709084747699,0.0891385767790262,0.0494679572617825,p_z_plus
temporal_spike_m2b,0.05,0.05,composite,z_plus_renorm,87667,0.5312501273341261,0.1005331302361005,0.0754220997290223,p_z_plus_renorm
temporal_spike_m2b,0.05,0.05,composite,breadth,92872,0.565730052713176,0.0112359550561797,0.007647180921376,p_breadth
temporal_spike_m2b,0.05,0.05,composite,z_mahalanobis_sq,55005,0.5313264412982435,0.14,0.089045543085057,p_z_mahalanobis_sq
temporal_spike_m2b,0.05,0.05,composite,t_iut,92869,0.5016552577135334,0.0434456928838951,0.0728581729193523,p_t_iut
temporal_spike_m2b,0.05,0.05,composite,z_plus_softmax,87667,0.5330210661048931,0.0883472962680883,0.0690298075364198,p_z_plus_softmax
temporal_spike_m2b,0.05,0.05,composite,z_plus_orth,87667,0.5339508279218572,0.0792079207920792,0.0638881812075873,p_z_plus_orth
temporal_spike_m2b,0.05,0.1,detector,z1,86133,0.5178749261438103,0.1041979010494752,0.0980907793723982,
temporal_spike_m2b,0.05,0.1,detector,z2,90478,0.5311318081233027,0.2209737827715356,0.2171454853437734,
temporal_spike_m2b,0.05,0.1,detector,z3,79537,0.5393688631029413,0.0616541353383458,0.0447274540642142,
temporal_spike_m2b,0.05,0.1,detector,z4,92439,0.505236610952063,0.0539104024297646,0.069500230460262,
temporal_spike_m2b,0.05,0.1,detector,z6,67619,0.5123907868970984,0.2571202531645569,0.2308793610127345,
temporal_spike_m2b,0.05,0.1,detector,z8,59877,0.4931183191493576,0.041814946619217,0.0276581621364015,
temporal_spike_m2b,0.05,0.1,detector,z57,81551,0.4493023817146695,0.2016553799849511,0.1631597317444092,
temporal_spike_m2b,0.05,0.1,composite,z_plus,92869,0.5736523642102167,0.0943820224719101,0.0494788821640046,p_z_plus
temporal_spike_m2b,0.05,0.1,composite,z_plus_renorm,87667,0.5377722791273319,0.1035007610350076,0.0753766516507822,p_z_plus_renorm
temporal_spike_m2b,0.05,0.1,composite,breadth,92872,0.5678463783233476,0.0127340823970037,0.0076253318330292,p_breadth
temporal_spike_m2b,0.05,0.1,composite,z_mahalanobis_sq,55005,0.5440427519794926,0.1463636363636363,0.0890269919302476,p_z_mahalanobis_sq
temporal_spike_m2b,0.05,0.1,composite,t_iut,92869,0.4996581283031973,0.0449438202247191,0.0729018725282408,p_t_iut
temporal_spike_m2b,0.05,0.1,composite,z_plus_softmax,87667,0.5383379812581612,0.0844748858447488,0.0690190265537966,p_z_plus_softmax
temporal_spike_m2b,0.05,0.1,composite,z_plus_orth,87667,0.5391267069307619,0.0791476407914764,0.0639815640452561,p_z_plus_orth
temporal_spike_m2b,0.05,0.15,detector,z1,86133,0.5180822468045214,0.1019490254872563,0.0980789867805044,
temporal_spike_m2b,0.05,0.15,detector,z2,90478,0.5299901883020006,0.2127340823970037,0.2170781777593305,
temporal_spike_m2b,0.05,0.15,detector,z3,79537,0.5373535492034778,0.0669172932330827,0.0445484419553236,
temporal_spike_m2b,0.05,0.15,detector,z4,92439,0.5052304988429323,0.0539104024297646,0.069500230460262,
temporal_spike_m2b,0.05,0.15,detector,z6,67619,0.5295697218356576,0.2792721518987341,0.2312862632808379,
temporal_spike_m2b,0.05,0.15,detector,z8,59877,0.4931183191493576,0.041814946619217,0.0276581621364015,
temporal_spike_m2b,0.05,0.15,detector,z57,81551,0.4490159727748725,0.2031602708803611,0.1631472663359178,
temporal_spike_m2b,0.05,0.15,composite,z_plus,92869,0.5794315065505632,0.097378277153558,0.049511656870671,p_z_plus
temporal_spike_m2b,0.05,0.15,composite,z_plus_renorm,87667,0.5435934262326061,0.0974124809741248,0.0753071694092851,p_z_plus_renorm
temporal_spike_m2b,0.05,0.15,composite,breadth,92872,0.5712494433903827,0.0119850187265917,0.0076034827446824,p_breadth
temporal_spike_m2b,0.05,0.15,composite,z_mahalanobis_sq,55005,0.5544602541508209,0.1481818181818182,0.0890084407754382,p_z_mahalanobis_sq
temporal_spike_m2b,0.05,0.15,composite,t_iut,92869,0.4965616509417634,0.0434456928838951,0.0728690978215745,p_t_iut
temporal_spike_m2b,0.05,0.15,composite,z_plus_softmax,87667,0.5443874044947467,0.0844748858447488,0.0689032228179681,p_z_plus_softmax
temporal_spike_m2b,0.05,0.15,composite,z_plus_orth,87667,0.5451916499830851,0.0791476407914764,0.0638657603094275,p_z_plus_orth
temporal_spike_m2b,0.05,0.2,detector,z1,86133,0.5168825406398441,0.1026986506746626,0.0981143645561858,
temporal_spike_m2b,0.05,0.2,detector,z2,90478,0.5291496921938453,0.2097378277153558,0.2168426012137801,
temporal_spike_m2b,0.05,0.2,detector,z3,79537,0.5359036568751273,0.0736842105263157,0.0443054969504008,
temporal_spike_m2b,0.05,0.2,detector,z4,92439,0.5052379691985365,0.0539104024297646,0.069500230460262,
temporal_spike_m2b,0.05,0.2,detector,z6,67619,0.5450085319755935,0.305379746835443,0.2313013337352121,
temporal_spike_m2b,0.05,0.2,detector,z8,59877,0.4931183191493576,0.041814946619217,0.0276581621364015,
temporal_spike_m2b,0.05,0.2,detector,z57,81551,0.4487087787747166,0.1978931527464258,0.1631223355189349,
temporal_spike_m2b,0.05,0.2,composite,z_plus,92869,0.5849724491969542,0.099625468164794,0.0494679572617825,p_z_plus
temporal_spike_m2b,0.05,0.2,composite,z_plus_renorm,87670,0.5496516561332992,0.0981735159817351,0.0752466533882996,p_z_plus_renorm
temporal_spike_m2b,0.05,0.2,composite,breadth,92872,0.5732642239304063,0.0112359550561797,0.0075816336563356,p_breadth
temporal_spike_m2b,0.05,0.2,composite,z_mahalanobis_sq,55005,0.5636939396750175,0.1536363636363636,0.0890269919302476,p_z_mahalanobis_sq
temporal_spike_m2b,0.05,0.2,composite,t_iut,92869,0.4942009800660224,0.0449438202247191,0.0728800227237966,p_t_iut
temporal_spike_m2b,0.05,0.2,composite,z_plus_softmax,87670,0.5518415838073014,0.0852359208523592,0.0689008291259437,p_z_plus_softmax
temporal_spike_m2b,0.05,0.2,composite,z_plus_orth,87670,0.5528450843779806,0.0814307458143074,0.0638635416184167,p_z_plus_orth
temporal_spike_m2b,0.05,0.3,detector,z1,86133,0.5168976924408231,0.1041979010494752,0.0981143645561858,
temporal_spike_m2b,0.05,0.3,detector,z2,90478,0.5278995189356359,0.2029962546816479,0.2167865115600776,
temporal_spike_m2b,0.05,0.3,detector,z3,79537,0.5307695184487746,0.0781954887218045,0.0445356553761172,
temporal_spike_m2b,0.05,0.3,detector,z4,92439,0.5052374608977088,0.0539104024297646,0.069500230460262,
temporal_spike_m2b,0.05,0.3,detector,z6,67619,0.5724297840823572,0.3393987341772151,0.2317986587295607,
temporal_spike_m2b,0.05,0.3,detector,z8,59877,0.4931183191493576,0.041814946619217,0.0276581621364015,
temporal_spike_m2b,0.05,0.3,detector,z57,81551,0.448303348163699,0.1963882618510158,0.1630724738849692,
temporal_spike_m2b,0.05,0.3,composite,z_plus,92869,0.5966690791469477,0.1071161048689138,0.0495225817728931,p_z_plus
temporal_spike_m2b,0.05,0.3,composite,z_plus_renorm,87677,0.5612695201840894,0.1063022019741837,0.0751968503937007,p_z_plus_renorm
temporal_spike_m2b,0.05,0.3,composite,breadth,92872,0.5769789699251391,0.0134831460674157,0.0076362563772026,p_breadth
temporal_spike_m2b,0.05,0.3,composite,z_mahalanobis_sq,55005,0.5808793753320235,0.1654545454545454,0.0889527873110101,p_z_mahalanobis_sq
temporal_spike_m2b,0.05,0.3,composite,t_iut,92869,0.4889275215799553,0.047191011235955,0.0729455721371293,p_t_iut
temporal_spike_m2b,0.05,0.3,composite,z_plus_softmax,87677,0.5635342448819249,0.0941533788914198,0.068886058360352,p_z_plus_softmax
temporal_spike_m2b,0.05,0.3,composite,z_plus_orth,87677,0.564443516272579,0.0873196659073652,0.0638837424733673,p_z_plus_orth
temporal_spike_m2b,0.1,0.05,detector,z1,86133,0.5182025683699383,0.1041979010494752,0.0981261571480795,
temporal_spike_m2b,0.1,0.05,detector,z2,90478,0.5312346265506742,0.2179775280898876,0.217089395690071,
temporal_spike_m2b,0.1,0.05,detector,z3,79537,0.5429605459042519,0.0541353383458646,0.0445612285345301,
temporal_spike_m2b,0.1,0.05,detector,z4,92439,0.5052518099800851,0.0539104024297646,0.069500230460262,
temporal_spike_m2b,0.1,0.05,detector,z6,67619,0.4946548055196015,0.2278481012658227,0.2305628814708763,
temporal_spike_m2b,0.1,0.05,detector,z8,59877,0.4931183191493576,0.041814946619217,0.0276581621364015,
temporal_spike_m2b,0.1,0.05,detector,z57,81551,0.4496137355407593,0.1993980436418359,0.1631597317444092,
temporal_spike_m2b,0.1,0.05,composite,z_plus,92869,0.56709084747699,0.0891385767790262,0.0494679572617825,p_z_plus
temporal_spike_m2b,0.1,0.05,composite,z_plus_renorm,87667,0.5312501273341261,0.1005331302361005,0.0754220997290223,p_z_plus_renorm
temporal_spike_m2b,0.1,0.05,composite,breadth,92872,0.565730052713176,0.0112359550561797,0.007647180921376,p_breadth
temporal_spike_m2b,0.1,0.05,composite,z_mahalanobis_sq,55005,0.5313264412982435,0.14,0.089045543085057,p_z_mahalanobis_sq
temporal_spike_m2b,0.1,0.05,composite,t_iut,92869,0.5016552577135334,0.0434456928838951,0.0728581729193523,p_t_iut
temporal_spike_m2b,0.1,0.05,composite,z_plus_softmax,87667,0.5330210661048931,0.0883472962680883,0.0690298075364198,p_z_plus_softmax
temporal_spike_m2b,0.1,0.05,composite,z_plus_orth,87667,0.5339508279218572,0.0792079207920792,0.0638881812075873,p_z_plus_orth
temporal_spike_m2b,0.1,0.1,detector,z1,86133,0.5178749261438103,0.1041979010494752,0.0980907793723982,
temporal_spike_m2b,0.1,0.1,detector,z2,90478,0.5311318081233027,0.2209737827715356,0.2171454853437734,
temporal_spike_m2b,0.1,0.1,detector,z3,79537,0.5393688631029413,0.0616541353383458,0.0447274540642142,
temporal_spike_m2b,0.1,0.1,detector,z4,92439,0.505236610952063,0.0539104024297646,0.069500230460262,
temporal_spike_m2b,0.1,0.1,detector,z6,67619,0.5123907868970984,0.2571202531645569,0.2308793610127345,
temporal_spike_m2b,0.1,0.1,detector,z8,59877,0.4931183191493576,0.041814946619217,0.0276581621364015,
temporal_spike_m2b,0.1,0.1,detector,z57,81551,0.4493023817146695,0.2016553799849511,0.1631597317444092,
temporal_spike_m2b,0.1,0.1,composite,z_plus,92869,0.5736523642102167,0.0943820224719101,0.0494788821640046,p_z_plus
temporal_spike_m2b,0.1,0.1,composite,z_plus_renorm,87667,0.5377722791273319,0.1035007610350076,0.0753766516507822,p_z_plus_renorm
temporal_spike_m2b,0.1,0.1,composite,breadth,92872,0.5678463783233476,0.0127340823970037,0.0076253318330292,p_breadth
temporal_spike_m2b,0.1,0.1,composite,z_mahalanobis_sq,55005,0.5440427519794926,0.1463636363636363,0.0890269919302476,p_z_mahalanobis_sq
temporal_spike_m2b,0.1,0.1,composite,t_iut,92869,0.4996581283031973,0.0449438202247191,0.0729018725282408,p_t_iut
temporal_spike_m2b,0.1,0.1,composite,z_plus_softmax,87667,0.5383379812581612,0.0844748858447488,0.0690190265537966,p_z_plus_softmax
temporal_spike_m2b,0.1,0.1,composite,z_plus_orth,87667,0.5391267069307619,0.0791476407914764,0.0639815640452561,p_z_plus_orth
temporal_spike_m2b,0.1,0.15,detector,z1,86133,0.5180822468045214,0.1019490254872563,0.0980789867805044,
temporal_spike_m2b,0.1,0.15,detector,z2,90478,0.5299901883020006,0.2127340823970037,0.2170781777593305,
temporal_spike_m2b,0.1,0.15,detector,z3,79537,0.5373535492034778,0.0669172932330827,0.0445484419553236,
temporal_spike_m2b,0.1,0.15,detector,z4,92439,0.5052304988429323,0.0539104024297646,0.069500230460262,
temporal_spike_m2b,0.1,0.15,detector,z6,67619,0.5295697218356576,0.2792721518987341,0.2312862632808379,
temporal_spike_m2b,0.1,0.15,detector,z8,59877,0.4931183191493576,0.041814946619217,0.0276581621364015,
temporal_spike_m2b,0.1,0.15,detector,z57,81551,0.4490159727748725,0.2031602708803611,0.1631472663359178,
temporal_spike_m2b,0.1,0.15,composite,z_plus,92869,0.5794315065505632,0.097378277153558,0.049511656870671,p_z_plus
temporal_spike_m2b,0.1,0.15,composite,z_plus_renorm,87667,0.5435934262326061,0.0974124809741248,0.0753071694092851,p_z_plus_renorm
temporal_spike_m2b,0.1,0.15,composite,breadth,92872,0.5712494433903827,0.0119850187265917,0.0076034827446824,p_breadth
temporal_spike_m2b,0.1,0.15,composite,z_mahalanobis_sq,55005,0.5544602541508209,0.1481818181818182,0.0890084407754382,p_z_mahalanobis_sq
temporal_spike_m2b,0.1,0.15,composite,t_iut,92869,0.4965616509417634,0.0434456928838951,0.0728690978215745,p_t_iut
temporal_spike_m2b,0.1,0.15,composite,z_plus_softmax,87667,0.5443874044947467,0.0844748858447488,0.0689032228179681,p_z_plus_softmax
temporal_spike_m2b,0.1,0.15,composite,z_plus_orth,87667,0.5451916499830851,0.0791476407914764,0.0638657603094275,p_z_plus_orth
temporal_spike_m2b,0.1,0.2,detector,z1,86133,0.5168825406398441,0.1026986506746626,0.0981143645561858,
temporal_spike_m2b,0.1,0.2,detector,z2,90478,0.5291496921938453,0.2097378277153558,0.2168426012137801,
temporal_spike_m2b,0.1,0.2,detector,z3,79537,0.5359036568751273,0.0736842105263157,0.0443054969504008,
temporal_spike_m2b,0.1,0.2,detector,z4,92439,0.5052379691985365,0.0539104024297646,0.069500230460262,
temporal_spike_m2b,0.1,0.2,detector,z6,67619,0.5450085319755935,0.305379746835443,0.2313013337352121,
temporal_spike_m2b,0.1,0.2,detector,z8,59877,0.4931183191493576,0.041814946619217,0.0276581621364015,
temporal_spike_m2b,0.1,0.2,detector,z57,81551,0.4487087787747166,0.1978931527464258,0.1631223355189349,
temporal_spike_m2b,0.1,0.2,composite,z_plus,92869,0.5849724491969542,0.099625468164794,0.0494679572617825,p_z_plus
temporal_spike_m2b,0.1,0.2,composite,z_plus_renorm,87670,0.5496516561332992,0.0981735159817351,0.0752466533882996,p_z_plus_renorm
temporal_spike_m2b,0.1,0.2,composite,breadth,92872,0.5732642239304063,0.0112359550561797,0.0075816336563356,p_breadth
temporal_spike_m2b,0.1,0.2,composite,z_mahalanobis_sq,55005,0.5636939396750175,0.1536363636363636,0.0890269919302476,p_z_mahalanobis_sq
temporal_spike_m2b,0.1,0.2,composite,t_iut,92869,0.4942009800660224,0.0449438202247191,0.0728800227237966,p_t_iut
temporal_spike_m2b,0.1,0.2,composite,z_plus_softmax,87670,0.5518415838073014,0.0852359208523592,0.0689008291259437,p_z_plus_softmax
temporal_spike_m2b,0.1,0.2,composite,z_plus_orth,87670,0.5528450843779806,0.0814307458143074,0.0638635416184167,p_z_plus_orth
temporal_spike_m2b,0.1,0.3,detector,z1,86133,0.5168976924408231,0.1041979010494752,0.0981143645561858,
temporal_spike_m2b,0.1,0.3,detector,z2,90478,0.5278995189356359,0.2029962546816479,0.2167865115600776,
temporal_spike_m2b,0.1,0.3,detector,z3,79537,0.5307695184487746,0.0781954887218045,0.0445356553761172,
temporal_spike_m2b,0.1,0.3,detector,z4,92439,0.5052374608977088,0.0539104024297646,0.069500230460262,
temporal_spike_m2b,0.1,0.3,detector,z6,67619,0.5724297840823572,0.3393987341772151,0.2317986587295607,
temporal_spike_m2b,0.1,0.3,detector,z8,59877,0.4931183191493576,0.041814946619217,0.0276581621364015,
temporal_spike_m2b,0.1,0.3,detector,z57,81551,0.448303348163699,0.1963882618510158,0.1630724738849692,
temporal_spike_m2b,0.1,0.3,composite,z_plus,92869,0.5966690791469477,0.1071161048689138,0.0495225817728931,p_z_plus
temporal_spike_m2b,0.1,0.3,composite,z_plus_renorm,87677,0.5612695201840894,0.1063022019741837,0.0751968503937007,p_z_plus_renorm
temporal_spike_m2b,0.1,0.3,composite,breadth,92872,0.5769789699251391,0.0134831460674157,0.0076362563772026,p_breadth
temporal_spike_m2b,0.1,0.3,composite,z_mahalanobis_sq,55005,0.5808793753320235,0.1654545454545454,0.0889527873110101,p_z_mahalanobis_sq
temporal_spike_m2b,0.1,0.3,composite,t_iut,92869,0.4889275215799553,0.047191011235955,0.0729455721371293,p_t_iut
temporal_spike_m2b,0.1,0.3,composite,z_plus_softmax,87677,0.5635342448819249,0.0941533788914198,0.068886058360352,p_z_plus_softmax
temporal_spike_m2b,0.1,0.3,composite,z_plus_orth,87677,0.564443516272579,0.0873196659073652,0.0638837424733673,p_z_plus_orth
benford_m3_v2,0.01,0.05,detector,z1,86133,0.5174308546355514,0.0898268398268398,0.0978417772770482,
benford_m3_v2,0.01,0.05,detector,z2,90478,0.3891323415448892,0.1314655172413793,0.2180122836404243,
benford_m3_v2,0.01,0.05,detector,z3,79537,0.6008282385516969,0.1982758620689655,0.0441043646401811,
benford_m3_v2,0.01,0.05,detector,z4,92439,0.6830971080939703,0.1603875134553283,0.0683531854442137,
benford_m3_v2,0.01,0.05,detector,z6,67619,0.6987838870450123,0.5303197353914002,0.2279499940040772,
benford_m3_v2,0.01,0.05,detector,z8,59877,0.5046486315520292,0.062200956937799,0.0277805907172995,
benford_m3_v2,0.01,0.05,detector,z57,81551,0.9116515886613444,0.8611410118406889,0.154895686041031,
benford_m3_v2,0.01,0.05,composite,z_plus,92869,0.8526888411569955,0.3832077502691066,0.0477485316510767,p_z_plus
benford_m3_v2,0.01,0.05,composite,z_plus_renorm,87669,0.8046179046644227,0.3207750269106566,0.0745561448005533,p_z_plus_renorm
benford_m3_v2,0.01,0.05,composite,breadth,92872,0.726987734374249,0.0182992465016146,0.0075372785312639,p_breadth
benford_m3_v2,0.01,0.05,composite,z_mahalanobis_sq,55005,0.858158262329212,0.6048387096774194,0.085096993656339,p_z_mahalanobis_sq
benford_m3_v2,0.01,0.05,composite,t_iut,92869,0.4190654304194737,0.0731969860064585,0.0719708505547095,p_t_iut
benford_m3_v2,0.01,0.05,composite,z_plus_softmax,87669,0.7971795125082122,0.2421959095801937,0.0678233802167396,p_z_plus_softmax
benford_m3_v2,0.01,0.05,composite,z_plus_orth,87669,0.8056146351778685,0.2744886975242196,0.0624394742909845,p_z_plus_orth
benford_m3_v2,0.01,0.1,detector,z1,86133,0.5174308546355514,0.0898268398268398,0.0978417772770482,
benford_m3_v2,0.01,0.1,detector,z2,90478,0.3891323415448892,0.1314655172413793,0.2180122836404243,
benford_m3_v2,0.01,0.1,detector,z3,79537,0.6008282385516969,0.1982758620689655,0.0441043646401811,
benford_m3_v2,0.01,0.1,detector,z4,92439,0.6830971080939703,0.1603875134553283,0.0683531854442137,
benford_m3_v2,0.01,0.1,detector,z6,67619,0.6987838870450123,0.5303197353914002,0.2279499940040772,
benford_m3_v2,0.01,0.1,detector,z8,59877,0.5046486315520292,0.062200956937799,0.0277805907172995,
benford_m3_v2,0.01,0.1,detector,z57,81551,0.9116515886613444,0.8611410118406889,0.154895686041031,
benford_m3_v2,0.01,0.1,composite,z_plus,92869,0.8526888411569955,0.3832077502691066,0.0477485316510767,p_z_plus
benford_m3_v2,0.01,0.1,composite,z_plus_renorm,87669,0.8046179046644227,0.3207750269106566,0.0745561448005533,p_z_plus_renorm
benford_m3_v2,0.01,0.1,composite,breadth,92872,0.726987734374249,0.0182992465016146,0.0075372785312639,p_breadth
benford_m3_v2,0.01,0.1,composite,z_mahalanobis_sq,55005,0.858158262329212,0.6048387096774194,0.085096993656339,p_z_mahalanobis_sq
benford_m3_v2,0.01,0.1,composite,t_iut,92869,0.4190654304194737,0.0731969860064585,0.0719708505547095,p_t_iut
benford_m3_v2,0.01,0.1,composite,z_plus_softmax,87669,0.7971795125082122,0.2421959095801937,0.0678233802167396,p_z_plus_softmax
benford_m3_v2,0.01,0.1,composite,z_plus_orth,87669,0.8056146351778685,0.2744886975242196,0.0624394742909845,p_z_plus_orth
benford_m3_v2,0.01,0.15,detector,z1,86133,0.5174308546355514,0.0898268398268398,0.0978417772770482,
benford_m3_v2,0.01,0.15,detector,z2,90478,0.3891323415448892,0.1314655172413793,0.2180122836404243,
benford_m3_v2,0.01,0.15,detector,z3,79537,0.6008282385516969,0.1982758620689655,0.0441043646401811,
benford_m3_v2,0.01,0.15,detector,z4,92439,0.6830971080939703,0.1603875134553283,0.0683531854442137,
benford_m3_v2,0.01,0.15,detector,z6,67619,0.6987838870450123,0.5303197353914002,0.2279499940040772,
benford_m3_v2,0.01,0.15,detector,z8,59877,0.5046486315520292,0.062200956937799,0.0277805907172995,
benford_m3_v2,0.01,0.15,detector,z57,81551,0.9116515886613444,0.8611410118406889,0.154895686041031,
benford_m3_v2,0.01,0.15,composite,z_plus,92869,0.8526888411569955,0.3832077502691066,0.0477485316510767,p_z_plus
benford_m3_v2,0.01,0.15,composite,z_plus_renorm,87669,0.8046179046644227,0.3207750269106566,0.0745561448005533,p_z_plus_renorm
benford_m3_v2,0.01,0.15,composite,breadth,92872,0.726987734374249,0.0182992465016146,0.0075372785312639,p_breadth
benford_m3_v2,0.01,0.15,composite,z_mahalanobis_sq,55005,0.858158262329212,0.6048387096774194,0.085096993656339,p_z_mahalanobis_sq
benford_m3_v2,0.01,0.15,composite,t_iut,92869,0.4190654304194737,0.0731969860064585,0.0719708505547095,p_t_iut
benford_m3_v2,0.01,0.15,composite,z_plus_softmax,87669,0.7971795125082122,0.2421959095801937,0.0678233802167396,p_z_plus_softmax
benford_m3_v2,0.01,0.15,composite,z_plus_orth,87669,0.8056146351778685,0.2744886975242196,0.0624394742909845,p_z_plus_orth
benford_m3_v2,0.01,0.2,detector,z1,86133,0.5174308546355514,0.0898268398268398,0.0978417772770482,
benford_m3_v2,0.01,0.2,detector,z2,90478,0.3891323415448892,0.1314655172413793,0.2180122836404243,
benford_m3_v2,0.01,0.2,detector,z3,79537,0.6008282385516969,0.1982758620689655,0.0441043646401811,
benford_m3_v2,0.01,0.2,detector,z4,92439,0.6830971080939703,0.1603875134553283,0.0683531854442137,
benford_m3_v2,0.01,0.2,detector,z6,67619,0.6987838870450123,0.5303197353914002,0.2279499940040772,
benford_m3_v2,0.01,0.2,detector,z8,59877,0.5046486315520292,0.062200956937799,0.0277805907172995,
benford_m3_v2,0.01,0.2,detector,z57,81551,0.9116515886613444,0.8611410118406889,0.154895686041031,
benford_m3_v2,0.01,0.2,composite,z_plus,92869,0.8526888411569955,0.3832077502691066,0.0477485316510767,p_z_plus
benford_m3_v2,0.01,0.2,composite,z_plus_renorm,87669,0.8046179046644227,0.3207750269106566,0.0745561448005533,p_z_plus_renorm
benford_m3_v2,0.01,0.2,composite,breadth,92872,0.726987734374249,0.0182992465016146,0.0075372785312639,p_breadth
benford_m3_v2,0.01,0.2,composite,z_mahalanobis_sq,55005,0.858158262329212,0.6048387096774194,0.085096993656339,p_z_mahalanobis_sq
benford_m3_v2,0.01,0.2,composite,t_iut,92869,0.4190654304194737,0.0731969860064585,0.0719708505547095,p_t_iut
benford_m3_v2,0.01,0.2,composite,z_plus_softmax,87669,0.7971795125082122,0.2421959095801937,0.0678233802167396,p_z_plus_softmax
benford_m3_v2,0.01,0.2,composite,z_plus_orth,87669,0.8056146351778685,0.2744886975242196,0.0624394742909845,p_z_plus_orth
benford_m3_v2,0.01,0.3,detector,z1,86133,0.5174308546355514,0.0898268398268398,0.0978417772770482,
benford_m3_v2,0.01,0.3,detector,z2,90478,0.3891323415448892,0.1314655172413793,0.2180122836404243,
benford_m3_v2,0.01,0.3,detector,z3,79537,0.6008282385516969,0.1982758620689655,0.0441043646401811,
benford_m3_v2,0.01,0.3,detector,z4,92439,0.6830971080939703,0.1603875134553283,0.0683531854442137,
benford_m3_v2,0.01,0.3,detector,z6,67619,0.6987838870450123,0.5303197353914002,0.2279499940040772,
benford_m3_v2,0.01,0.3,detector,z8,59877,0.5046486315520292,0.062200956937799,0.0277805907172995,
benford_m3_v2,0.01,0.3,detector,z57,81551,0.9116515886613444,0.8611410118406889,0.154895686041031,
benford_m3_v2,0.01,0.3,composite,z_plus,92869,0.8526888411569955,0.3832077502691066,0.0477485316510767,p_z_plus
benford_m3_v2,0.01,0.3,composite,z_plus_renorm,87669,0.8046179046644227,0.3207750269106566,0.0745561448005533,p_z_plus_renorm
benford_m3_v2,0.01,0.3,composite,breadth,92872,0.726987734374249,0.0182992465016146,0.0075372785312639,p_breadth
benford_m3_v2,0.01,0.3,composite,z_mahalanobis_sq,55005,0.858158262329212,0.6048387096774194,0.085096993656339,p_z_mahalanobis_sq
benford_m3_v2,0.01,0.3,composite,t_iut,92869,0.4190654304194737,0.0731969860064585,0.0719708505547095,p_t_iut
benford_m3_v2,0.01,0.3,composite,z_plus_softmax,87669,0.7971795125082122,0.2421959095801937,0.0678233802167396,p_z_plus_softmax
benford_m3_v2,0.01,0.3,composite,z_plus_orth,87669,0.8056146351778685,0.2744886975242196,0.0624394742909845,p_z_plus_orth
benford_m3_v2,0.05,0.05,detector,z1,86133,0.4933824102511558,0.0819813973610209,0.0968470126364863,
benford_m3_v2,0.05,0.05,detector,z2,90478,0.3781818540206297,0.1245152951314088,0.2222610559671932,
benford_m3_v2,0.05,0.05,detector,z3,79537,0.6126291605573964,0.198054054054054,0.0408746262281076,
benford_m3_v2,0.05,0.05,detector,z4,92439,0.6872287973231039,0.1666666666666666,0.0636938322227917,
benford_m3_v2,0.05,0.05,detector,z6,67621,0.6086142996801122,0.4185070671378091,0.2222433550473111,
benford_m3_v2,0.05,0.05,detector,z8,59877,0.5214524801572425,0.0503461296412838,0.0274255277870861,
benford_m3_v2,0.05,0.05,detector,z57,81551,0.9340471478091033,0.8673557278208441,0.1170764689820172,
benford_m3_v2,0.05,0.05,composite,z_plus,92869,0.8490282351057523,0.3180447889750215,0.0386625106262397,p_z_plus
benford_m3_v2,0.05,0.05,composite,z_plus_renorm,87682,0.8034072049080233,0.2884532529082292,0.0665582851637764,p_z_plus_renorm
benford_m3_v2,0.05,0.05,composite,breadth,92872,0.713419243001952,0.0099052540913006,0.0074239470462891,p_breadth
benford_m3_v2,0.05,0.05,composite,z_mahalanobis_sq,55005,0.8694782001587921,0.6083095464636854,0.0615405384556044,p_z_mahalanobis_sq
benford_m3_v2,0.05,0.05,composite,t_iut,92869,0.4077981601442362,0.0633074935400516,0.0714196656276565,p_t_iut
benford_m3_v2,0.05,0.05,composite,z_plus_softmax,87682,0.8020878317182731,0.2012063765618268,0.0615486512524084,p_z_plus_softmax
benford_m3_v2,0.05,0.05,composite,z_plus_orth,87682,0.8114932918029154,0.2380439465747522,0.0545158959537572,p_z_plus_orth
benford_m3_v2,0.05,0.1,detector,z1,86133,0.4933824102511558,0.0819813973610209,0.0968470126364863,
benford_m3_v2,0.05,0.1,detector,z2,90478,0.3781818540206297,0.1245152951314088,0.2222610559671932,
benford_m3_v2,0.05,0.1,detector,z3,79537,0.6126291605573964,0.198054054054054,0.0408746262281076,
benford_m3_v2,0.05,0.1,detector,z4,92439,0.6872287973231039,0.1666666666666666,0.0636938322227917,
benford_m3_v2,0.05,0.1,detector,z6,67621,0.6086142996801122,0.4185070671378091,0.2222433550473111,
benford_m3_v2,0.05,0.1,detector,z8,59877,0.5214524801572425,0.0503461296412838,0.0274255277870861,
benford_m3_v2,0.05,0.1,detector,z57,81551,0.9340471478091033,0.8673557278208441,0.1170764689820172,
benford_m3_v2,0.05,0.1,composite,z_plus,92869,0.8490282351057523,0.3180447889750215,0.0386625106262397,p_z_plus
benford_m3_v2,0.05,0.1,composite,z_plus_renorm,87682,0.8034072049080233,0.2884532529082292,0.0665582851637764,p_z_plus_renorm
benford_m3_v2,0.05,0.1,composite,breadth,92872,0.713419243001952,0.0099052540913006,0.0074239470462891,p_breadth
benford_m3_v2,0.05,0.1,composite,z_mahalanobis_sq,55005,0.8694782001587921,0.6083095464636854,0.0615405384556044,p_z_mahalanobis_sq
benford_m3_v2,0.05,0.1,composite,t_iut,92869,0.4077981601442362,0.0633074935400516,0.0714196656276565,p_t_iut
benford_m3_v2,0.05,0.1,composite,z_plus_softmax,87682,0.8020878317182731,0.2012063765618268,0.0615486512524084,p_z_plus_softmax
benford_m3_v2,0.05,0.1,composite,z_plus_orth,87682,0.8114932918029154,0.2380439465747522,0.0545158959537572,p_z_plus_orth
benford_m3_v2,0.05,0.15,detector,z1,86133,0.4933824102511558,0.0819813973610209,0.0968470126364863,
benford_m3_v2,0.05,0.15,detector,z2,90478,0.3781818540206297,0.1245152951314088,0.2222610559671932,
benford_m3_v2,0.05,0.15,detector,z3,79537,0.6126291605573964,0.198054054054054,0.0408746262281076,
benford_m3_v2,0.05,0.15,detector,z4,92439,0.6872287973231039,0.1666666666666666,0.0636938322227917,
benford_m3_v2,0.05,0.15,detector,z6,67621,0.6086142996801122,0.4185070671378091,0.2222433550473111,
benford_m3_v2,0.05,0.15,detector,z8,59877,0.5214524801572425,0.0503461296412838,0.0274255277870861,
benford_m3_v2,0.05,0.15,detector,z57,81551,0.9340471478091033,0.8673557278208441,0.1170764689820172,
benford_m3_v2,0.05,0.15,composite,z_plus,92869,0.8490282351057523,0.3180447889750215,0.0386625106262397,p_z_plus
benford_m3_v2,0.05,0.15,composite,z_plus_renorm,87682,0.8034072049080233,0.2884532529082292,0.0665582851637764,p_z_plus_renorm
benford_m3_v2,0.05,0.15,composite,breadth,92872,0.713419243001952,0.0099052540913006,0.0074239470462891,p_breadth
benford_m3_v2,0.05,0.15,composite,z_mahalanobis_sq,55005,0.8694782001587921,0.6083095464636854,0.0615405384556044,p_z_mahalanobis_sq
benford_m3_v2,0.05,0.15,composite,t_iut,92869,0.4077981601442362,0.0633074935400516,0.0714196656276565,p_t_iut
benford_m3_v2,0.05,0.15,composite,z_plus_softmax,87682,0.8020878317182731,0.2012063765618268,0.0615486512524084,p_z_plus_softmax
benford_m3_v2,0.05,0.15,composite,z_plus_orth,87682,0.8114932918029154,0.2380439465747522,0.0545158959537572,p_z_plus_orth
benford_m3_v2,0.05,0.2,detector,z1,86133,0.4933824102511558,0.0819813973610209,0.0968470126364863,
benford_m3_v2,0.05,0.2,detector,z2,90478,0.3781818540206297,0.1245152951314088,0.2222610559671932,
benford_m3_v2,0.05,0.2,detector,z3,79537,0.6126291605573964,0.198054054054054,0.0408746262281076,
benford_m3_v2,0.05,0.2,detector,z4,92439,0.6872287973231039,0.1666666666666666,0.0636938322227917,
benford_m3_v2,0.05,0.2,detector,z6,67621,0.6086142996801122,0.4185070671378091,0.2222433550473111,
benford_m3_v2,0.05,0.2,detector,z8,59877,0.5214524801572425,0.0503461296412838,0.0274255277870861,
benford_m3_v2,0.05,0.2,detector,z57,81551,0.9340471478091033,0.8673557278208441,0.1170764689820172,
benford_m3_v2,0.05,0.2,composite,z_plus,92869,0.8490282351057523,0.3180447889750215,0.0386625106262397,p_z_plus
benford_m3_v2,0.05,0.2,composite,z_plus_renorm,87682,0.8034072049080233,0.2884532529082292,0.0665582851637764,p_z_plus_renorm
benford_m3_v2,0.05,0.2,composite,breadth,92872,0.713419243001952,0.0099052540913006,0.0074239470462891,p_breadth
benford_m3_v2,0.05,0.2,composite,z_mahalanobis_sq,55005,0.8694782001587921,0.6083095464636854,0.0615405384556044,p_z_mahalanobis_sq
benford_m3_v2,0.05,0.2,composite,t_iut,92869,0.4077981601442362,0.0633074935400516,0.0714196656276565,p_t_iut
benford_m3_v2,0.05,0.2,composite,z_plus_softmax,87682,0.8020878317182731,0.2012063765618268,0.0615486512524084,p_z_plus_softmax
benford_m3_v2,0.05,0.2,composite,z_plus_orth,87682,0.8114932918029154,0.2380439465747522,0.0545158959537572,p_z_plus_orth
benford_m3_v2,0.05,0.3,detector,z1,86133,0.4933824102511558,0.0819813973610209,0.0968470126364863,
benford_m3_v2,0.05,0.3,detector,z2,90478,0.3781818540206297,0.1245152951314088,0.2222610559671932,
benford_m3_v2,0.05,0.3,detector,z3,79537,0.6126291605573964,0.198054054054054,0.0408746262281076,
benford_m3_v2,0.05,0.3,detector,z4,92439,0.6872287973231039,0.1666666666666666,0.0636938322227917,
benford_m3_v2,0.05,0.3,detector,z6,67621,0.6086142996801122,0.4185070671378091,0.2222433550473111,
benford_m3_v2,0.05,0.3,detector,z8,59877,0.5214524801572425,0.0503461296412838,0.0274255277870861,
benford_m3_v2,0.05,0.3,detector,z57,81551,0.9340471478091033,0.8673557278208441,0.1170764689820172,
benford_m3_v2,0.05,0.3,composite,z_plus,92869,0.8490282351057523,0.3180447889750215,0.0386625106262397,p_z_plus
benford_m3_v2,0.05,0.3,composite,z_plus_renorm,87682,0.8034072049080233,0.2884532529082292,0.0665582851637764,p_z_plus_renorm
benford_m3_v2,0.05,0.3,composite,breadth,92872,0.713419243001952,0.0099052540913006,0.0074239470462891,p_breadth
benford_m3_v2,0.05,0.3,composite,z_mahalanobis_sq,55005,0.8694782001587921,0.6083095464636854,0.0615405384556044,p_z_mahalanobis_sq
benford_m3_v2,0.05,0.3,composite,t_iut,92869,0.4077981601442362,0.0633074935400516,0.0714196656276565,p_t_iut
benford_m3_v2,0.05,0.3,composite,z_plus_softmax,87682,0.8020878317182731,0.2012063765618268,0.0615486512524084,p_z_plus_softmax
benford_m3_v2,0.05,0.3,composite,z_plus_orth,87682,0.8114932918029154,0.2380439465747522,0.0545158959537572,p_z_plus_orth
benford_m3_v2,0.1,0.05,detector,z1,86133,0.4889859369017736,0.0794304340367129,0.0967075114564654,
benford_m3_v2,0.1,0.05,detector,z2,90478,0.3752355280890268,0.1243594123676118,0.2234472490073737,
benford_m3_v2,0.1,0.05,detector,z3,79537,0.6107516177486341,0.2047676213342479,0.0393455078283993,
benford_m3_v2,0.1,0.05,detector,z4,92439,0.6867769047880965,0.1705942622950819,0.0618481688091195,
benford_m3_v2,0.1,0.05,detector,z6,67621,0.5967425413936625,0.39775517362329,0.2201585942925434,
benford_m3_v2,0.1,0.05,detector,z8,59877,0.518123201985982,0.0508389681943401,0.027234986758285,
benford_m3_v2,0.1,0.05,detector,z57,81551,0.941669382844656,0.8688524590163934,0.1041284100667151,
benford_m3_v2,0.1,0.05,composite,z_plus,92869,0.850841917919871,0.3160860655737705,0.0359831289577419,p_z_plus
benford_m3_v2,0.1,0.05,composite,z_plus_renorm,87639,0.8087596024048238,0.2982576016399043,0.0643761080882802,p_z_plus_renorm
benford_m3_v2,0.1,0.05,composite,breadth,92872,0.7079236216874379,0.0087090163934426,0.0074583984554564,p_breadth
benford_m3_v2,0.1,0.05,composite,z_mahalanobis_sq,55005,0.8741843544083153,0.6145096056622852,0.0543007698485768,p_z_mahalanobis_sq
benford_m3_v2,0.1,0.05,composite,t_iut,92869,0.4019483572707777,0.0614754098360655,0.0719662579154838,p_t_iut
benford_m3_v2,0.1,0.05,composite,z_plus_softmax,87639,0.8061417742266271,0.2114793303723949,0.0596686433942654,p_z_plus_softmax
benford_m3_v2,0.1,0.05,composite,z_plus_orth,87639,0.8154641778581542,0.2410317731465664,0.0521978357889588,p_z_plus_orth
benford_m3_v2,0.1,0.1,detector,z1,86133,0.4889859369017736,0.0794304340367129,0.0967075114564654,
benford_m3_v2,0.1,0.1,detector,z2,90478,0.3752355280890268,0.1243594123676118,0.2234472490073737,
benford_m3_v2,0.1,0.1,detector,z3,79537,0.6107516177486341,0.2047676213342479,0.0393455078283993,
benford_m3_v2,0.1,0.1,detector,z4,92439,0.6867769047880965,0.1705942622950819,0.0618481688091195,
benford_m3_v2,0.1,0.1,detector,z6,67621,0.5967425413936625,0.39775517362329,0.2201585942925434,
benford_m3_v2,0.1,0.1,detector,z8,59877,0.518123201985982,0.0508389681943401,0.027234986758285,
benford_m3_v2,0.1,0.1,detector,z57,81551,0.941669382844656,0.8688524590163934,0.1041284100667151,
benford_m3_v2,0.1,0.1,composite,z_plus,92869,0.850841917919871,0.3160860655737705,0.0359831289577419,p_z_plus
benford_m3_v2,0.1,0.1,composite,z_plus_renorm,87639,0.8087596024048238,0.2982576016399043,0.0643761080882802,p_z_plus_renorm
benford_m3_v2,0.1,0.1,composite,breadth,92872,0.7079236216874379,0.0087090163934426,0.0074583984554564,p_breadth
benford_m3_v2,0.1,0.1,composite,z_mahalanobis_sq,55005,0.8741843544083153,0.6145096056622852,0.0543007698485768,p_z_mahalanobis_sq
benford_m3_v2,0.1,0.1,composite,t_iut,92869,0.4019483572707777,0.0614754098360655,0.0719662579154838,p_t_iut
benford_m3_v2,0.1,0.1,composite,z_plus_softmax,87639,0.8061417742266271,0.2114793303723949,0.0596686433942654,p_z_plus_softmax
benford_m3_v2,0.1,0.1,composite,z_plus_orth,87639,0.8154641778581542,0.2410317731465664,0.0521978357889588,p_z_plus_orth
benford_m3_v2,0.1,0.15,detector,z1,86133,0.4889859369017736,0.0794304340367129,0.0967075114564654,
benford_m3_v2,0.1,0.15,detector,z2,90478,0.3752355280890268,0.1243594123676118,0.2234472490073737,
benford_m3_v2,0.1,0.15,detector,z3,79537,0.6107516177486341,0.2047676213342479,0.0393455078283993,
benford_m3_v2,0.1,0.15,detector,z4,92439,0.6867769047880965,0.1705942622950819,0.0618481688091195,
benford_m3_v2,0.1,0.15,detector,z6,67621,0.5967425413936625,0.39775517362329,0.2201585942925434,
benford_m3_v2,0.1,0.15,detector,z8,59877,0.518123201985982,0.0508389681943401,0.027234986758285,
benford_m3_v2,0.1,0.15,detector,z57,81551,0.941669382844656,0.8688524590163934,0.1041284100667151,
benford_m3_v2,0.1,0.15,composite,z_plus,92869,0.850841917919871,0.3160860655737705,0.0359831289577419,p_z_plus
benford_m3_v2,0.1,0.15,composite,z_plus_renorm,87639,0.8087596024048238,0.2982576016399043,0.0643761080882802,p_z_plus_renorm
benford_m3_v2,0.1,0.15,composite,breadth,92872,0.7079236216874379,0.0087090163934426,0.0074583984554564,p_breadth
benford_m3_v2,0.1,0.15,composite,z_mahalanobis_sq,55005,0.8741843544083153,0.6145096056622852,0.0543007698485768,p_z_mahalanobis_sq
benford_m3_v2,0.1,0.15,composite,t_iut,92869,0.4019483572707777,0.0614754098360655,0.0719662579154838,p_t_iut
benford_m3_v2,0.1,0.15,composite,z_plus_softmax,87639,0.8061417742266271,0.2114793303723949,0.0596686433942654,p_z_plus_softmax
benford_m3_v2,0.1,0.15,composite,z_plus_orth,87639,0.8154641778581542,0.2410317731465664,0.0521978357889588,p_z_plus_orth
benford_m3_v2,0.1,0.2,detector,z1,86133,0.4889859369017736,0.0794304340367129,0.0967075114564654,
benford_m3_v2,0.1,0.2,detector,z2,90478,0.3752355280890268,0.1243594123676118,0.2234472490073737,
benford_m3_v2,0.1,0.2,detector,z3,79537,0.6107516177486341,0.2047676213342479,0.0393455078283993,
benford_m3_v2,0.1,0.2,detector,z4,92439,0.6867769047880965,0.1705942622950819,0.0618481688091195,
benford_m3_v2,0.1,0.2,detector,z6,67621,0.5967425413936625,0.39775517362329,0.2201585942925434,
benford_m3_v2,0.1,0.2,detector,z8,59877,0.518123201985982,0.0508389681943401,0.027234986758285,
benford_m3_v2,0.1,0.2,detector,z57,81551,0.941669382844656,0.8688524590163934,0.1041284100667151,
benford_m3_v2,0.1,0.2,composite,z_plus,92869,0.850841917919871,0.3160860655737705,0.0359831289577419,p_z_plus
benford_m3_v2,0.1,0.2,composite,z_plus_renorm,87639,0.8087596024048238,0.2982576016399043,0.0643761080882802,p_z_plus_renorm
benford_m3_v2,0.1,0.2,composite,breadth,92872,0.7079236216874379,0.0087090163934426,0.0074583984554564,p_breadth
benford_m3_v2,0.1,0.2,composite,z_mahalanobis_sq,55005,0.8741843544083153,0.6145096056622852,0.0543007698485768,p_z_mahalanobis_sq
benford_m3_v2,0.1,0.2,composite,t_iut,92869,0.4019483572707777,0.0614754098360655,0.0719662579154838,p_t_iut
benford_m3_v2,0.1,0.2,composite,z_plus_softmax,87639,0.8061417742266271,0.2114793303723949,0.0596686433942654,p_z_plus_softmax
benford_m3_v2,0.1,0.2,composite,z_plus_orth,87639,0.8154641778581542,0.2410317731465664,0.0521978357889588,p_z_plus_orth
benford_m3_v2,0.1,0.3,detector,z1,86133,0.4889859369017736,0.0794304340367129,0.0967075114564654,
benford_m3_v2,0.1,0.3,detector,z2,90478,0.3752355280890268,0.1243594123676118,0.2234472490073737,
benford_m3_v2,0.1,0.3,detector,z3,79537,0.6107516177486341,0.2047676213342479,0.0393455078283993,
benford_m3_v2,0.1,0.3,detector,z4,92439,0.6867769047880965,0.1705942622950819,0.0618481688091195,
benford_m3_v2,0.1,0.3,detector,z6,67621,0.5967425413936625,0.39775517362329,0.2201585942925434,
benford_m3_v2,0.1,0.3,detector,z8,59877,0.518123201985982,0.0508389681943401,0.027234986758285,
benford_m3_v2,0.1,0.3,detector,z57,81551,0.941669382844656,0.8688524590163934,0.1041284100667151,
benford_m3_v2,0.1,0.3,composite,z_plus,92869,0.850841917919871,0.3160860655737705,0.0359831289577419,p_z_plus
benford_m3_v2,0.1,0.3,composite,z_plus_renorm,87639,0.8087596024048238,0.2982576016399043,0.0643761080882802,p_z_plus_renorm
benford_m3_v2,0.1,0.3,composite,breadth,92872,0.7079236216874379,0.0087090163934426,0.0074583984554564,p_breadth
benford_m3_v2,0.1,0.3,composite,z_mahalanobis_sq,55005,0.8741843544083153,0.6145096056622852,0.0543007698485768,p_z_mahalanobis_sq
benford_m3_v2,0.1,0.3,composite,t_iut,92869,0.4019483572707777,0.0614754098360655,0.0719662579154838,p_t_iut
benford_m3_v2,0.1,0.3,composite,z_plus_softmax,87639,0.8061417742266271,0.2114793303723949,0.0596686433942654,p_z_plus_softmax
benford_m3_v2,0.1,0.3,composite,z_plus_orth,87639,0.8154641778581542,0.2410317731465664,0.0521978357889588,p_z_plus_orth
interstatement_m4_v2,0.01,0.05,detector,z1,86133,0.4793207156989473,0.071583514099783,0.097933365410569,
interstatement_m4_v2,0.01,0.05,detector,z2,90478,0.5110374471783439,0.2023681377825619,0.2170878513439569,
interstatement_m4_v2,0.01,0.05,detector,z3,79537,0.4820909850739182,0.0323974082073434,0.0450445866354581,
interstatement_m4_v2,0.01,0.05,detector,z4,92439,0.4823176077387885,0.0570505920344456,0.0694022511200961,
interstatement_m4_v2,0.01,0.05,detector,z6,67619,0.4979763857947049,0.2268170426065162,0.2298678559135601,
interstatement_m4_v2,0.01,0.05,detector,z8,59877,0.9037466490945438,0.5254437869822485,0.0241563897547093,
interstatement_m4_v2,0.01,0.05,detector,z57,81551,0.5608552679451174,0.2518837459634015,0.1633053012825283,
interstatement_m4_v2,0.01,0.05,composite,z_plus,92869,0.6523470401087619,0.1076426264800861,0.0497172068740482,p_z_plus
interstatement_m4_v2,0.01,0.05,composite,z_plus_renorm,87667,0.5975783688574312,0.0747562296858071,0.0759360877985797,p_z_plus_renorm
interstatement_m4_v2,0.01,0.05,composite,breadth,92872,0.6468702698249409,0.0258342303552206,0.0074393917970916,p_breadth
interstatement_m4_v2,0.01,0.05,composite,z_mahalanobis_sq,55005,0.6541656057562083,0.2043701799485861,0.088553672524757,p_z_mahalanobis_sq
interstatement_m4_v2,0.01,0.05,composite,t_iut,92869,0.512843958232694,0.061356297093649,0.0724494235370894,p_t_iut
interstatement_m4_v2,0.01,0.05,composite,z_plus_softmax,87667,0.5907798306949509,0.0390032502708559,0.0693073872544498,p_z_plus_softmax
interstatement_m4_v2,0.01,0.05,composite,z_plus_orth,87667,0.5896745060420625,0.0357529794149512,0.0641312367425989,p_z_plus_orth
interstatement_m4_v2,0.01,0.1,detector,z1,86133,0.4807762896396698,0.0780911062906724,0.097992043280797,
interstatement_m4_v2,0.01,0.1,detector,z2,90478,0.5101489137872223,0.2023681377825619,0.2170431830617874,
interstatement_m4_v2,0.01,0.1,detector,z3,79537,0.4820909850739182,0.0323974082073434,0.0450445866354581,
interstatement_m4_v2,0.01,0.1,detector,z4,92439,0.4823176077387885,0.0570505920344456,0.0694022511200961,
interstatement_m4_v2,0.01,0.1,detector,z6,67619,0.4979763857947049,0.2268170426065162,0.2298678559135601,
interstatement_m4_v2,0.01,0.1,detector,z8,59877,0.9356276627820356,0.6307692307692307,0.0230383520802276,
interstatement_m4_v2,0.01,0.1,detector,z57,81551,0.5789459303217804,0.2734122712594187,0.1633053012825283,
interstatement_m4_v2,0.01,0.1,composite,z_plus,92869,0.6753991113219578,0.123789020452099,0.0496084402871437,p_z_plus
interstatement_m4_v2,0.01,0.1,composite,z_plus_renorm,87664,0.6244956920418482,0.0964247020585048,0.0758234283672081,p_z_plus_renorm
interstatement_m4_v2,0.01,0.1,composite,breadth,92872,0.6561262619219772,0.0279870828848223,0.0074067628857009,p_breadth
interstatement_m4_v2,0.01,0.1,composite,z_mahalanobis_sq,55005,0.6931785326113881,0.2275064267352185,0.0882770575543548,p_z_mahalanobis_sq
interstatement_m4_v2,0.01,0.1,composite,t_iut,92869,0.5134835326919109,0.0624327233584499,0.0722536436806613,p_t_iut
interstatement_m4_v2,0.01,0.1,composite,z_plus_softmax,87664,0.6155075264661014,0.0335861321776814,0.0692751985796797,p_z_plus_softmax
interstatement_m4_v2,0.01,0.1,composite,z_plus_orth,87664,0.6148208581447993,0.0368364030335861,0.0640988690469328,p_z_plus_orth
interstatement_m4_v2,0.01,0.15,detector,z1,86133,0.4801367390393493,0.0780911062906724,0.0980859278731619,
interstatement_m4_v2,0.01,0.15,detector,z2,90478,0.5105356322048266,0.2023681377825619,0.2168756770036516,
interstatement_m4_v2,0.01,0.15,detector,z3,79537,0.4820909850739182,0.0323974082073434,0.0450445866354581,
interstatement_m4_v2,0.01,0.15,detector,z4,92439,0.4823176077387885,0.0570505920344456,0.0694022511200961,
interstatement_m4_v2,0.01,0.15,detector,z6,67619,0.4979763857947049,0.2268170426065162,0.2298678559135601,
interstatement_m4_v2,0.01,0.15,detector,z8,59877,0.9493131696297908,0.6970414201183432,0.022580973031576,
interstatement_m4_v2,0.01,0.15,detector,z57,81551,0.5885114667795885,0.2884822389666308,0.1630820371610726,
interstatement_m4_v2,0.01,0.15,composite,z_plus,92869,0.6860167966519093,0.131324004305705,0.0494344137480965,p_z_plus
interstatement_m4_v2,0.01,0.15,composite,z_plus_renorm,87665,0.6371083086030458,0.0974025974025974,0.0758003712200689,p_z_plus_renorm
interstatement_m4_v2,0.01,0.15,composite,breadth,92872,0.6587506355876617,0.0290635091496232,0.0074502681008885,p_breadth
interstatement_m4_v2,0.01,0.15,composite,z_mahalanobis_sq,55005,0.7121068660102208,0.2365038560411311,0.0880742065760599,p_z_mahalanobis_sq
interstatement_m4_v2,0.01,0.15,composite,t_iut,92869,0.514554093288247,0.0635091496232508,0.072199260387209,p_t_iut
interstatement_m4_v2,0.01,0.15,composite,z_plus_softmax,87665,0.6271311142176708,0.0292207792207792,0.0692060271382621,p_z_plus_softmax
interstatement_m4_v2,0.01,0.15,composite,z_plus_orth,87665,0.6262412680412819,0.0346320346320346,0.0641795690619199,p_z_plus_orth
interstatement_m4_v2,0.01,0.2,detector,z1,86133,0.4802697316048759,0.0759219088937093,0.0981446057433899,
interstatement_m4_v2,0.01,0.2,detector,z2,90478,0.5112464180479285,0.2023681377825619,0.2169426794269059,
interstatement_m4_v2,0.01,0.2,detector,z3,79537,0.4820909850739182,0.0323974082073434,0.0450445866354581,
interstatement_m4_v2,0.01,0.2,detector,z4,92439,0.4823176077387885,0.0570505920344456,0.0694022511200961,
interstatement_m4_v2,0.01,0.2,detector,z6,67619,0.4979763857947049,0.2268170426065162,0.2298678559135601,
interstatement_m4_v2,0.01,0.2,detector,z8,59877,0.9579264400573833,0.749112426035503,0.0223607534896327,
interstatement_m4_v2,0.01,0.2,detector,z57,81551,0.59471073116957,0.2981700753498385,0.1634665475924685,
interstatement_m4_v2,0.01,0.2,composite,z_plus,92869,0.6930992108158712,0.1334768568353067,0.0494561670654774,p_z_plus
interstatement_m4_v2,0.01,0.2,composite,z_plus_renorm,87666,0.647238536712494,0.0984848484848484,0.075695741394019,p_z_plus_renorm
interstatement_m4_v2,0.01,0.2,composite,breadth,92872,0.6588164495185492,0.0290635091496232,0.0074611444046855,p_breadth
interstatement_m4_v2,0.01,0.2,composite,z_mahalanobis_sq,55005,0.7257116293437144,0.2493573264781491,0.0878713555977649,p_z_mahalanobis_sq
interstatement_m4_v2,0.01,0.2,composite,t_iut,92869,0.5148352882829702,0.061356297093649,0.0722101370458995,p_t_iut
interstatement_m4_v2,0.01,0.2,composite,z_plus_softmax,87666,0.6352171678743581,0.027056277056277,0.0692628715040003,p_z_plus_softmax
interstatement_m4_v2,0.01,0.2,composite,z_plus_orth,87666,0.6343831712813867,0.0324675324675324,0.0641211869682506,p_z_plus_orth
interstatement_m4_v2,0.01,0.3,detector,z1,86133,0.4793047224790032,0.0694143167028199,0.0978864231143866,
interstatement_m4_v2,0.01,0.3,detector,z2,90478,0.5127757597782097,0.2045209903121636,0.2169426794269059,
interstatement_m4_v2,0.01,0.3,detector,z3,79537,0.4820909850739182,0.0323974082073434,0.0450445866354581,
interstatement_m4_v2,0.01,0.3,detector,z4,92439,0.4823176077387885,0.0570505920344456,0.0694022511200961,
interstatement_m4_v2,0.01,0.3,detector,z6,67619,0.4979763857947049,0.2268170426065162,0.2298678559135601,
interstatement_m4_v2,0.01,0.3,detector,z8,59877,0.9681288094873426,0.8035502958579882,0.0221235939829245,
interstatement_m4_v2,0.01,0.3,detector,z57,81551,0.602069027680078,0.3078579117330463,0.1631440549725881,
interstatement_m4_v2,0.01,0.3,composite,z_plus,92869,0.7022458017151167,0.1431646932185145,0.049325647161192,p_z_plus
interstatement_m4_v2,0.01,0.3,composite,z_plus_renorm,87657,0.6594340967200778,0.1006493506493506,0.0755537108136464,p_z_plus_renorm
interstatement_m4_v2,0.01,0.3,composite,breadth,92872,0.6605043605490261,0.0269106566200215,0.0074393917970916,p_breadth
interstatement_m4_v2,0.01,0.3,composite,z_mahalanobis_sq,55005,0.7417437068197985,0.2609254498714653,0.0876316226234163,p_z_mahalanobis_sq
interstatement_m4_v2,0.01,0.3,composite,t_iut,92869,0.5163666902151985,0.061356297093649,0.0722536436806613,p_t_iut
interstatement_m4_v2,0.01,0.3,composite,z_plus_softmax,87657,0.6462514355271438,0.027056277056277,0.0690164066733538,p_z_plus_softmax
interstatement_m4_v2,0.01,0.3,composite,z_plus_orth,87657,0.6456850109179673,0.0357142857142857,0.0639318367864596,p_z_plus_orth
interstatement_m4_v2,0.05,0.05,detector,z1,86133,0.4894320468464043,0.0788049361333622,0.0967195819123095,
interstatement_m4_v2,0.05,0.05,detector,z2,90478,0.5068134753405091,0.2054263565891473,0.2192254817438311,
interstatement_m4_v2,0.05,0.05,detector,z3,79537,0.508182295964717,0.041015625,0.0451360621388247,
interstatement_m4_v2,0.05,0.05,detector,z4,92439,0.4943496236633597,0.0667098445595855,0.0694136002824376,
interstatement_m4_v2,0.05,0.05,detector,z6,67619,0.5040859803250917,0.2355889724310776,0.229470838768486,
interstatement_m4_v2,0.05,0.05,detector,z8,59877,0.9087423953437024,0.3978494623655914,0.013251454427925,
interstatement_m4_v2,0.05,0.05,detector,z57,81551,0.5350249938886668,0.2192075796726959,0.1623519315536947,
interstatement_m4_v2,0.05,0.05,composite,z_plus,92869,0.6404493895663078,0.0940999138673557,0.0482742986681779,p_z_plus
interstatement_m4_v2,0.05,0.05,composite,z_plus_renorm,87694,0.5753616420656735,0.0631099544567339,0.0771276915855229,p_z_plus_renorm
interstatement_m4_v2,0.05,0.05,composite,breadth,92872,0.6553503630402897,0.0228251507321274,0.0069025706125039,p_breadth
interstatement_m4_v2,0.05,0.05,composite,z_mahalanobis_sq,55005,0.623615934688014,0.1489859594383775,0.0870032643327664,p_z_mahalanobis_sq
interstatement_m4_v2,0.05,0.05,composite,t_iut,92869,0.5184681093213388,0.0742894056847545,0.072473788608671,p_t_iut
interstatement_m4_v2,0.05,0.05,composite,z_plus_softmax,87694,0.5718257737329471,0.0318802862719583,0.0701948653755882,p_z_plus_softmax
interstatement_m4_v2,0.05,0.05,composite,z_plus_orth,87694,0.5712024295087844,0.0318802862719583,0.0654405835128726,p_z_plus_orth
interstatement_m4_v2,0.05,0.1,detector,z1,86133,0.4905253552275513,0.0805369127516778,0.0974433839585838,
interstatement_m4_v2,0.05,0.1,detector,z2,90478,0.5057927549876585,0.2067183462532299,0.219074026609502,
interstatement_m4_v2,0.05,0.1,detector,z3,79537,0.508182295964717,0.041015625,0.0451360621388247,
interstatement_m4_v2,0.05,0.1,detector,z4,92439,0.4943496236633597,0.0667098445595855,0.0694136002824376,
interstatement_m4_v2,0.05,0.1,detector,z6,67619,0.5040859803250917,0.2355889724310776,0.229470838768486,
interstatement_m4_v2,0.05,0.1,detector,z8,59877,0.9409907761162242,0.4795698924731182,0.0100373482726423,
interstatement_m4_v2,0.05,0.1,detector,z57,81551,0.541373023361538,0.2282515073212747,0.1621178826374712,
interstatement_m4_v2,0.05,0.1,composite,z_plus,92869,0.6548262263528792,0.0999138673557278,0.0479909322754321,p_z_plus
interstatement_m4_v2,0.05,0.1,composite,z_plus_renorm,87685,0.5917435147291753,0.0685020593973553,0.0772943952234206,p_z_plus_renorm
interstatement_m4_v2,0.05,0.1,composite,breadth,92872,0.661117488224562,0.0239018087855297,0.0067892279095071,p_breadth
interstatement_m4_v2,0.05,0.1,composite,z_mahalanobis_sq,55005,0.6477313644042078,0.1612064482579303,0.0865341386657284,p_z_mahalanobis_sq
interstatement_m4_v2,0.05,0.1,composite,t_iut,92869,0.5185112195762489,0.0747200689061154,0.0722357608387645,p_t_iut
interstatement_m4_v2,0.05,0.1,composite,z_plus_softmax,87685,0.5852112998094084,0.0288315629742033,0.070721783513097,p_z_plus_softmax
interstatement_m4_v2,0.05,0.1,composite,z_plus_orth,87685,0.5842226816185216,0.0327335790158248,0.0658344568567026,p_z_plus_orth
interstatement_m4_v2,0.05,0.15,detector,z1,86133,0.4920729491834025,0.0827018835245724,0.0979586328728807,
interstatement_m4_v2,0.05,0.15,detector,z2,90478,0.5061277000793771,0.2080103359173126,0.2190274250297085,
interstatement_m4_v2,0.05,0.15,detector,z3,79537,0.508182295964717,0.041015625,0.0451360621388247,
interstatement_m4_v2,0.05,0.15,detector,z4,92439,0.4943496236633597,0.0667098445595855,0.0694136002824376,
interstatement_m4_v2,0.05,0.15,detector,z6,67619,0.5040859803250917,0.2355889724310776,0.229470838768486,
interstatement_m4_v2,0.05,0.15,detector,z8,59877,0.9543851161761768,0.5158900836320192,0.0084033613445378,
interstatement_m4_v2,0.05,0.15,detector,z57,81551,0.5434523844122525,0.2308354866494401,0.1621308853550392,
interstatement_m4_v2,0.05,0.15,composite,z_plus,92869,0.6623572801121945,0.1007751937984496,0.0478889203740436,p_z_plus
interstatement_m4_v2,0.05,0.15,composite,z_plus_renorm,87670,0.5999946543013797,0.0710725893824485,0.0773342965504786,p_z_plus_renorm
interstatement_m4_v2,0.05,0.15,composite,breadth,92872,0.6636058169525304,0.0239018087855297,0.0068799020719046,p_breadth
interstatement_m4_v2,0.05,0.15,composite,z_mahalanobis_sq,55005,0.6598493412556534,0.1674466978679147,0.0862995758322093,p_z_mahalanobis_sq
interstatement_m4_v2,0.05,0.15,composite,t_iut,92869,0.5190963479905272,0.0747200689061154,0.0722130915273448,p_t_iut
interstatement_m4_v2,0.05,0.15,composite,z_plus_softmax,87670,0.5924967693287346,0.027735644637053,0.0708325808199386,p_z_plus_softmax
interstatement_m4_v2,0.05,0.15,composite,z_plus_orth,87670,0.5913876320909671,0.0316359696641386,0.065992414664981,p_z_plus_orth
interstatement_m4_v2,0.05,0.2,detector,z1,86133,0.4913016959412251,0.0835678718337302,0.0979586328728807,
interstatement_m4_v2,0.05,0.2,detector,z2,90478,0.5068037767128454,0.2090869939707149,0.2188177179206375,
interstatement_m4_v2,0.05,0.2,detector,z3,79537,0.508182295964717,0.041015625,0.0451360621388247,
interstatement_m4_v2,0.05,0.2,detector,z4,92439,0.4943496236633597,0.0667098445595855,0.0694136002824376,
interstatement_m4_v2,0.05,0.2,detector,z6,67619,0.5040859803250917,0.2355889724310776,0.229470838768486,
interstatement_m4_v2,0.05,0.2,detector,z8,59877,0.9623739064599278,0.5390681003584229,0.0071105365223012,
interstatement_m4_v2,0.05,0.2,detector,z57,81551,0.5444492300268878,0.2321274763135228,0.1622479098131509,
interstatement_m4_v2,0.05,0.2,composite,z_plus,92869,0.6664530228067234,0.1029285099052541,0.0478662510626239,p_z_plus
interstatement_m4_v2,0.05,0.2,composite,z_plus_renorm,87662,0.6054090382528695,0.0719705181010188,0.0773760069356644,p_z_plus_renorm
interstatement_m4_v2,0.05,0.2,composite,breadth,92872,0.6638869393162973,0.0247631352282515,0.0068572335313052,p_breadth
interstatement_m4_v2,0.05,0.2,composite,z_mahalanobis_sq,55005,0.6674524613072719,0.1684867394695788,0.0859477315819308,p_z_mahalanobis_sq
interstatement_m4_v2,0.05,0.2,composite,t_iut,92869,0.5192613033536083,0.0757967269595176,0.0721904222159251,p_t_iut
interstatement_m4_v2,0.05,0.2,composite,z_plus_softmax,87662,0.5976456321037616,0.0275308909603295,0.0707774928054522,p_z_plus_softmax
interstatement_m4_v2,0.05,0.2,composite,z_plus_orth,87662,0.5964092949266026,0.0305657923260351,0.0660694288913773,p_z_plus_orth
interstatement_m4_v2,0.05,0.3,detector,z1,86133,0.4899277519554256,0.0792379302879411,0.0965846357680889,
interstatement_m4_v2,0.05,0.3,detector,z2,90478,0.5083376839179413,0.2112403100775193,0.2189575226600181,
interstatement_m4_v2,0.05,0.3,detector,z3,79537,0.508182295964717,0.041015625,0.0451360621388247,
interstatement_m4_v2,0.05,0.3,detector,z4,92439,0.4943496236633597,0.0667098445595855,0.0694136002824376,
interstatement_m4_v2,0.05,0.3,detector,z6,67619,0.5040859803250917,0.2355889724310776,0.229470838768486,
interstatement_m4_v2,0.05,0.3,detector,z8,59877,0.9710347730060992,0.5763440860215053,0.0059793148028442,
interstatement_m4_v2,0.05,0.3,detector,z57,81551,0.5453815394359712,0.2327734711455641,0.1621698935077431,
interstatement_m4_v2,0.05,0.3,composite,z_plus,92869,0.670289720780373,0.1055124892334194,0.0475148767356191,p_z_plus
interstatement_m4_v2,0.05,0.3,composite,z_plus_renorm,87669,0.6101400005494474,0.0715059588299024,0.0767211693596937,p_z_plus_renorm
interstatement_m4_v2,0.05,0.3,composite,breadth,92872,0.6652428465524899,0.0243324720068906,0.0068232307204062,p_breadth
interstatement_m4_v2,0.05,0.3,composite,z_mahalanobis_sq,55005,0.6752477569929045,0.1705668226729069,0.08534177759534,p_z_mahalanobis_sq
interstatement_m4_v2,0.05,0.3,composite,t_iut,92869,0.5206846251643512,0.0747200689061154,0.0722130915273448,p_t_iut
interstatement_m4_v2,0.05,0.3,composite,z_plus_softmax,87669,0.6016498162077637,0.0247020585048754,0.0701952946275916,p_z_plus_softmax
interstatement_m4_v2,0.05,0.3,composite,z_plus_orth,87669,0.6003169484349894,0.028385698808234,0.0655115948659908,p_z_plus_orth
interstatement_m4_v2,0.1,0.05,detector,z1,86133,0.4904719561382986,0.0787648970747562,0.0953668907584879,
interstatement_m4_v2,0.1,0.05,detector,z2,90478,0.5080707420309857,0.2041563475826424,0.2199504871229569,
interstatement_m4_v2,0.1,0.05,detector,z3,79537,0.504619024573233,0.0417164584464964,0.0453136552351703,
interstatement_m4_v2,0.1,0.05,detector,z4,92439,0.4909149841770569,0.0655949940662423,0.0696885896356859,
interstatement_m4_v2,0.1,0.05,detector,z6,67619,0.501607894548859,0.2342885872297637,0.2292375509109498,
interstatement_m4_v2,0.1,0.05,detector,z8,59879,0.9046916345271876,0.2763614602034709,0.007122894185234,
interstatement_m4_v2,0.1,0.05,detector,z57,81551,0.5164989529794508,0.1942500269193496,0.1605086903575777,
interstatement_m4_v2,0.1,0.05,composite,z_plus,92869,0.6252698463344764,0.0846344352320448,0.0468880859515206,p_z_plus
interstatement_m4_v2,0.1,0.05,composite,z_plus_renorm,87695,0.5530392853611144,0.0588554674774676,0.0779374665545447,p_z_plus_renorm
interstatement_m4_v2,0.1,0.05,composite,breadth,92872,0.6549968441704244,0.0234736728760633,0.0061853203325955,p_breadth
interstatement_m4_v2,0.1,0.05,composite,z_mahalanobis_sq,55005,0.5963912335324612,0.1302361999217016,0.0858011913311647,p_z_mahalanobis_sq
interstatement_m4_v2,0.1,0.05,composite,t_iut,92869,0.5185441925025669,0.0713901152148164,0.0728386494699815,p_t_iut
interstatement_m4_v2,0.1,0.05,composite,z_plus_softmax,87695,0.5523542495799684,0.0384406558801172,0.0703692378258542,p_z_plus_softmax
interstatement_m4_v2,0.1,0.05,composite,z_plus_orth,87695,0.551662639853848,0.0359430991421435,0.0661901485615269,p_z_plus_orth
interstatement_m4_v2,0.1,0.1,detector,z1,86133,0.490872567035771,0.080715059588299,0.0968622810553554,
interstatement_m4_v2,0.1,0.1,detector,z2,90478,0.5068707645507884,0.2058791859588672,0.2210220344619477,
interstatement_m4_v2,0.1,0.1,detector,z3,79537,0.504619024573233,0.0417164584464964,0.0453136552351703,
interstatement_m4_v2,0.1,0.1,detector,z4,92439,0.4909149841770569,0.0655949940662423,0.0696885896356859,
interstatement_m4_v2,0.1,0.1,detector,z6,67619,0.501607894548859,0.2342885872297637,0.2292375509109498,
interstatement_m4_v2,0.1,0.1,detector,z8,59879,0.9368553026783728,0.3129862357869539,0.0045221644282276,
interstatement_m4_v2,0.1,0.1,detector,z57,81551,0.5184540188005239,0.1972649940777431,0.1610483781689361,
interstatement_m4_v2,0.1,0.1,composite,z_plus,92869,0.6353525563405672,0.0874340475934101,0.0469479074441865,p_z_plus
interstatement_m4_v2,0.1,0.1,composite,z_plus_renorm,87695,0.5637082785314087,0.0600173648795311,0.0784266255526815,p_z_plus_renorm
interstatement_m4_v2,0.1,0.1,composite,breadth,92872,0.6606264178552044,0.0241197372671476,0.0061374648561344,p_breadth
interstatement_m4_v2,0.1,0.1,composite,z_mahalanobis_sq,55005,0.6107832669177352,0.1355865848884249,0.0855477166152676,p_z_mahalanobis_sq
interstatement_m4_v2,0.1,0.1,composite,t_iut,92869,0.517865751588538,0.0725745665984709,0.0728147208729152,p_t_iut
interstatement_m4_v2,0.1,0.1,composite,z_plus_softmax,87695,0.5604523166010987,0.036574777512481,0.0714567857188364,p_z_plus_softmax
interstatement_m4_v2,0.1,0.1,composite,z_plus_orth,87695,0.5593549590629371,0.0346212285652268,0.0670098495177176,p_z_plus_orth
interstatement_m4_v2,0.1,0.15,detector,z1,86133,0.4936405021428903,0.0833152762730227,0.0976164779007321,
interstatement_m4_v2,0.1,0.15,detector,z2,90478,0.5071188193733914,0.2073866695380639,0.2210220344619477,
interstatement_m4_v2,0.1,0.15,detector,z3,79537,0.504619024573233,0.0417164584464964,0.0453136552351703,
interstatement_m4_v2,0.1,0.15,detector,z4,92439,0.4909149841770569,0.0655949940662423,0.0696885896356859,
interstatement_m4_v2,0.1,0.15,detector,z6,67619,0.501607894548859,0.2342885872297637,0.2292375509109498,
interstatement_m4_v2,0.1,0.15,detector,z8,59879,0.9506128371799658,0.3247157390783962,0.003338250135859,
interstatement_m4_v2,0.1,0.15,detector,z57,81551,0.519030516952479,0.1986648002584257,0.1615188752352485,
interstatement_m4_v2,0.1,0.15,composite,z_plus,92869,0.6406062425368226,0.0895875955636911,0.046912014548587,p_z_plus
interstatement_m4_v2,0.1,0.15,composite,z_plus_renorm,87671,0.5691241418230899,0.0622762287078225,0.0787595278762077,p_z_plus_renorm
interstatement_m4_v2,0.1,0.15,composite,breadth,92872,0.6630202023012072,0.0254118660493162,0.0061972842017108,p_breadth
interstatement_m4_v2,0.1,0.15,composite,z_mahalanobis_sq,55005,0.6175979069244569,0.1398929923006655,0.0856110852942419,p_z_mahalanobis_sq
interstatement_m4_v2,0.1,0.15,composite,t_iut,92869,0.5181670871399812,0.0717131474103585,0.0724916848125194,p_t_iut
interstatement_m4_v2,0.1,0.15,composite,z_plus_softmax,87671,0.5641837019994778,0.0368883584680481,0.0716598261401585,p_z_plus_softmax
interstatement_m4_v2,0.1,0.15,composite,z_plus_orth,87671,0.5630073396332481,0.034826950200716,0.0671348815866622,p_z_plus_orth
interstatement_m4_v2,0.1,0.2,detector,z1,86133,0.493543727588957,0.0840736728060671,0.0978895491723339,
interstatement_m4_v2,0.1,0.2,detector,z2,90478,0.5077391623260714,0.2078173791321201,0.2209358180093852,
interstatement_m4_v2,0.1,0.2,detector,z3,79537,0.504619024573233,0.0417164584464964,0.0453136552351703,
interstatement_m4_v2,0.1,0.2,detector,z4,92439,0.4909149841770569,0.0655949940662423,0.0696885896356859,
interstatement_m4_v2,0.1,0.2,detector,z6,67619,0.501607894548859,0.2342885872297637,0.2292375509109498,
interstatement_m4_v2,0.1,0.2,detector,z8,59879,0.9586344520627084,0.3289048473967684,0.0025619128949615,
interstatement_m4_v2,0.1,0.2,detector,z57,81551,0.5192811264717595,0.1989878324539679,0.1613804937451566,
interstatement_m4_v2,0.1,0.2,composite,z_plus,92869,0.643655338929279,0.0905566921503176,0.0469000502500538,p_z_plus
interstatement_m4_v2,0.1,0.2,composite,z_plus_renorm,87674,0.5728092447232532,0.0625067824199674,0.0788819638282415,p_z_plus_renorm
interstatement_m4_v2,0.1,0.2,composite,breadth,92872,0.6640314854716445,0.0256272208463443,0.0061135371179039,p_breadth
interstatement_m4_v2,0.1,0.2,composite,z_mahalanobis_sq,55005,0.6226781652900474,0.1393710035234242,0.0856744539732161,p_z_mahalanobis_sq
interstatement_m4_v2,0.1,0.2,composite,t_iut,92869,0.5182757288194744,0.0724668891999569,0.0725036491110526,p_t_iut
interstatement_m4_v2,0.1,0.2,composite,z_plus_softmax,87674,0.5673690756863885,0.0358111774281063,0.0718974241323493,p_z_plus_softmax
interstatement_m4_v2,0.1,0.2,composite,z_plus_orth,87674,0.5660774817626649,0.0349430276722734,0.0676021871295836,p_z_plus_orth
interstatement_m4_v2,0.1,0.3,detector,z1,86133,0.4904045089571195,0.0768147345612134,0.0951848432440867,
interstatement_m4_v2,0.1,0.3,detector,z2,90478,0.5092527014410001,0.209647894906859,0.2210097178258674,
interstatement_m4_v2,0.1,0.3,detector,z3,79537,0.504619024573233,0.0417164584464964,0.0453136552351703,
interstatement_m4_v2,0.1,0.3,detector,z4,92439,0.4909149841770569,0.0655949940662423,0.0696885896356859,
interstatement_m4_v2,0.1,0.3,detector,z6,67619,0.501607894548859,0.2342885872297637,0.2292375509109498,
interstatement_m4_v2,0.1,0.3,detector,z8,59879,0.9676239460037238,0.3360861759425493,0.0020184768263333,
interstatement_m4_v2,0.1,0.3,detector,z57,81551,0.5195866616860654,0.1989878324539679,0.1614220081921842,
interstatement_m4_v2,0.1,0.3,composite,z_plus,92869,0.6458172633256462,0.0901259825562614,0.0462420138307291,p_z_plus
interstatement_m4_v2,0.1,0.3,composite,z_plus_renorm,87680,0.5748107716713768,0.0613882863340564,0.0779378027020137,p_z_plus_renorm
interstatement_m4_v2,0.1,0.3,composite,breadth,92872,0.6651105531650826,0.0254118660493162,0.0060178261649817,p_breadth
interstatement_m4_v2,0.1,0.3,composite,z_mahalanobis_sq,55005,0.6271225868128436,0.1367610596372178,0.0843437117147564,p_z_mahalanobis_sq
interstatement_m4_v2,0.1,0.3,composite,t_iut,92869,0.5190669113785483,0.0721438570044147,0.0726113277978512,p_t_iut
interstatement_m4_v2,0.1,0.3,composite,z_plus_softmax,87680,0.5685943097689083,0.0338394793926247,0.0706856997196023,p_z_plus_softmax
interstatement_m4_v2,0.1,0.3,composite,z_plus_orth,87680,0.5672039291613008,0.0336225596529284,0.0665816976803466,p_z_plus_orth
m5_cod_break,0.01,0.05,detector,z1,86133,0.4000853214160421,0.0,0.0982418654341918,
m5_cod_break,0.01,0.05,detector,z2,90478,0.4468566334611704,0.2272727272727272,0.2171663571239055,
m5_cod_break,0.01,0.05,detector,z3,79537,0.4427672698919728,0.05,0.0448960599620207,
m5_cod_break,0.01,0.05,detector,z4,92439,0.3073015393665274,0.0,0.0692946102989709,
m5_cod_break,0.01,0.05,detector,z6,67619,0.603385497556959,0.3333333333333333,0.2297986894848166,
m5_cod_break,0.01,0.05,detector,z8,59877,0.7498085403838445,0.1538461538461538,0.0279132700788453,
m5_cod_break,0.01,0.05,detector,z57,81551,0.3583397726018325,0.0,0.1638149906170659,
m5_cod_break,0.01,0.05,composite,z_plus,92869,0.4011022043107086,0.0,0.0501039344297607,p_z_plus
m5_cod_break,0.01,0.05,composite,z_plus_renorm,87665,0.4566090478635404,0.0,0.0758400365109247,p_z_plus_renorm
m5_cod_break,0.01,0.05,composite,breadth,92872,0.3998066284819112,0.0,0.0076144318793753,p_breadth
m5_cod_break,0.01,0.05,composite,z_mahalanobis_sq,55005,0.5085546522430546,0.0,0.0898279812343164,p_z_mahalanobis_sq
m5_cod_break,0.01,0.05,composite,t_iut,92869,0.4014590964411637,0.0454545454545454,0.0723555957650758,p_t_iut
m5_cod_break,0.01,0.05,composite,z_plus_softmax,87665,0.4407364938102572,0.0,0.0693707570312054,p_z_plus_softmax
m5_cod_break,0.01,0.05,composite,z_plus_orth,87665,0.4349090079297165,0.0,0.0642706372297335,p_z_plus_orth
m5_cod_break,0.01,0.1,detector,z1,86133,0.4000853214160421,0.0,0.0982418654341918,
m5_cod_break,0.01,0.1,detector,z2,90478,0.4468566334611704,0.2272727272727272,0.2171663571239055,
m5_cod_break,0.01,0.1,detector,z3,79537,0.4427672698919728,0.05,0.0448960599620207,
m5_cod_break,0.01,0.1,detector,z4,92439,0.3073015393665274,0.0,0.0692946102989709,
m5_cod_break,0.01,0.1,detector,z6,67619,0.603385497556959,0.3333333333333333,0.2297986894848166,
m5_cod_break,0.01,0.1,detector,z8,59877,0.7498085403838445,0.1538461538461538,0.0279132700788453,
m5_cod_break,0.01,0.1,detector,z57,81551,0.3583397726018325,0.0,0.1638149906170659,
m5_cod_break,0.01,0.1,composite,z_plus,92869,0.4011022043107086,0.0,0.0501039344297607,p_z_plus
m5_cod_break,0.01,0.1,composite,z_plus_renorm,87665,0.4566090478635404,0.0,0.0758400365109247,p_z_plus_renorm
m5_cod_break,0.01,0.1,composite,breadth,92872,0.3998066284819112,0.0,0.0076144318793753,p_breadth
m5_cod_break,0.01,0.1,composite,z_mahalanobis_sq,55005,0.5085546522430546,0.0,0.0898279812343164,p_z_mahalanobis_sq
m5_cod_break,0.01,0.1,composite,t_iut,92869,0.4014590964411637,0.0454545454545454,0.0723555957650758,p_t_iut
m5_cod_break,0.01,0.1,composite,z_plus_softmax,87665,0.4407364938102572,0.0,0.0693707570312054,p_z_plus_softmax
m5_cod_break,0.01,0.1,composite,z_plus_orth,87665,0.4349090079297165,0.0,0.0642706372297335,p_z_plus_orth
m5_cod_break,0.01,0.15,detector,z1,86133,0.4000853214160421,0.0,0.0982418654341918,
m5_cod_break,0.01,0.15,detector,z2,90478,0.4468566334611704,0.2272727272727272,0.2171663571239055,
m5_cod_break,0.01,0.15,detector,z3,79537,0.4427672698919728,0.05,0.0448960599620207,
m5_cod_break,0.01,0.15,detector,z4,92439,0.3073015393665274,0.0,0.0692946102989709,
m5_cod_break,0.01,0.15,detector,z6,67619,0.603385497556959,0.3333333333333333,0.2297986894848166,
m5_cod_break,0.01,0.15,detector,z8,59877,0.7498085403838445,0.1538461538461538,0.0279132700788453,
m5_cod_break,0.01,0.15,detector,z57,81551,0.3583397726018325,0.0,0.1638149906170659,
m5_cod_break,0.01,0.15,composite,z_plus,92869,0.4011022043107086,0.0,0.0501039344297607,p_z_plus
m5_cod_break,0.01,0.15,composite,z_plus_renorm,87665,0.4566090478635404,0.0,0.0758400365109247,p_z_plus_renorm
m5_cod_break,0.01,0.15,composite,breadth,92872,0.3998066284819112,0.0,0.0076144318793753,p_breadth
m5_cod_break,0.01,0.15,composite,z_mahalanobis_sq,55005,0.5085546522430546,0.0,0.0898279812343164,p_z_mahalanobis_sq
m5_cod_break,0.01,0.15,composite,t_iut,92869,0.4014590964411637,0.0454545454545454,0.0723555957650758,p_t_iut
m5_cod_break,0.01,0.15,composite,z_plus_softmax,87665,0.4407364938102572,0.0,0.0693707570312054,p_z_plus_softmax
m5_cod_break,0.01,0.15,composite,z_plus_orth,87665,0.4349090079297165,0.0,0.0642706372297335,p_z_plus_orth
m5_cod_break,0.01,0.2,detector,z1,86133,0.4000853214160421,0.0,0.0982418654341918,
m5_cod_break,0.01,0.2,detector,z2,90478,0.4468566334611704,0.2272727272727272,0.2171663571239055,
m5_cod_break,0.01,0.2,detector,z3,79537,0.4427672698919728,0.05,0.0448960599620207,
m5_cod_break,0.01,0.2,detector,z4,92439,0.3073015393665274,0.0,0.0692946102989709,
m5_cod_break,0.01,0.2,detector,z6,67619,0.603385497556959,0.3333333333333333,0.2297986894848166,
m5_cod_break,0.01,0.2,detector,z8,59877,0.7498085403838445,0.1538461538461538,0.0279132700788453,
m5_cod_break,0.01,0.2,detector,z57,81551,0.3583397726018325,0.0,0.1638149906170659,
m5_cod_break,0.01,0.2,composite,z_plus,92869,0.4011022043107086,0.0,0.0501039344297607,p_z_plus
m5_cod_break,0.01,0.2,composite,z_plus_renorm,87665,0.4566090478635404,0.0,0.0758400365109247,p_z_plus_renorm
m5_cod_break,0.01,0.2,composite,breadth,92872,0.3998066284819112,0.0,0.0076144318793753,p_breadth
m5_cod_break,0.01,0.2,composite,z_mahalanobis_sq,55005,0.5085546522430546,0.0,0.0898279812343164,p_z_mahalanobis_sq
m5_cod_break,0.01,0.2,composite,t_iut,92869,0.4014590964411637,0.0454545454545454,0.0723555957650758,p_t_iut
m5_cod_break,0.01,0.2,composite,z_plus_softmax,87665,0.4407364938102572,0.0,0.0693707570312054,p_z_plus_softmax
m5_cod_break,0.01,0.2,composite,z_plus_orth,87665,0.4349090079297165,0.0,0.0642706372297335,p_z_plus_orth
m5_cod_break,0.01,0.3,detector,z1,86133,0.4000853214160421,0.0,0.0982418654341918,
m5_cod_break,0.01,0.3,detector,z2,90478,0.4468566334611704,0.2272727272727272,0.2171663571239055,
m5_cod_break,0.01,0.3,detector,z3,79537,0.4427672698919728,0.05,0.0448960599620207,
m5_cod_break,0.01,0.3,detector,z4,92439,0.3073015393665274,0.0,0.0692946102989709,
m5_cod_break,0.01,0.3,detector,z6,67619,0.603385497556959,0.3333333333333333,0.2297986894848166,
m5_cod_break,0.01,0.3,detector,z8,59877,0.7498085403838445,0.1538461538461538,0.0279132700788453,
m5_cod_break,0.01,0.3,detector,z57,81551,0.3583397726018325,0.0,0.1638149906170659,
m5_cod_break,0.01,0.3,composite,z_plus,92869,0.4011022043107086,0.0,0.0501039344297607,p_z_plus
m5_cod_break,0.01,0.3,composite,z_plus_renorm,87665,0.4566090478635404,0.0,0.0758400365109247,p_z_plus_renorm
m5_cod_break,0.01,0.3,composite,breadth,92872,0.3998066284819112,0.0,0.0076144318793753,p_breadth
m5_cod_break,0.01,0.3,composite,z_mahalanobis_sq,55005,0.5085546522430546,0.0,0.0898279812343164,p_z_mahalanobis_sq
m5_cod_break,0.01,0.3,composite,t_iut,92869,0.4014590964411637,0.0454545454545454,0.0723555957650758,p_t_iut
m5_cod_break,0.01,0.3,composite,z_plus_softmax,87665,0.4407364938102572,0.0,0.0693707570312054,p_z_plus_softmax
m5_cod_break,0.01,0.3,composite,z_plus_orth,87665,0.4349090079297165,0.0,0.0642706372297335,p_z_plus_orth
m5_cod_break,0.05,0.05,detector,z1,86133,0.474453887660053,0.1047619047619047,0.098142465243874,
m5_cod_break,0.05,0.05,detector,z2,90478,0.470029852717074,0.2136752136752136,0.2172065382189218,
m5_cod_break,0.05,0.05,detector,z3,79537,0.4117340882961359,0.03125,0.0449138354250324,
m5_cod_break,0.05,0.05,detector,z4,92439,0.504944963159156,0.072072072072072,0.0692747595528983,
m5_cod_break,0.05,0.05,detector,z6,67619,0.5190627101487786,0.2236842105263158,0.2298387693765453,
m5_cod_break,0.05,0.05,detector,z8,59877,0.7589137487040566,0.1466666666666666,0.0278753218955887,
m5_cod_break,0.05,0.05,detector,z57,81551,0.4879372674971368,0.1067961165048543,0.1638714271682546,
m5_cod_break,0.05,0.05,composite,z_plus,92869,0.495432125591044,0.0512820512820512,0.0500905640848714,p_z_plus
m5_cod_break,0.05,0.05,composite,z_plus_renorm,87669,0.4964090212325668,0.072072072072072,0.0759153932250622,p_z_plus_renorm
m5_cod_break,0.05,0.05,composite,breadth,92872,0.4970582828488063,0.0085470085470085,0.0076222306075144,p_breadth
m5_cod_break,0.05,0.05,composite,z_mahalanobis_sq,55005,0.4954660458127939,0.0909090909090909,0.0898451009301225,p_z_mahalanobis_sq
m5_cod_break,0.05,0.05,composite,t_iut,92869,0.481632114459439,0.0427350427350427,0.0723757978264619,p_t_iut
m5_cod_break,0.05,0.05,composite,z_plus_softmax,87669,0.4889165359425073,0.036036036036036,0.0694054226912446,p_z_plus_softmax
m5_cod_break,0.05,0.05,composite,z_plus_orth,87669,0.4899351657557647,0.045045045045045,0.0642773932707462,p_z_plus_orth
m5_cod_break,0.05,0.1,detector,z1,86133,0.474453887660053,0.1047619047619047,0.098142465243874,
m5_cod_break,0.05,0.1,detector,z2,90478,0.470029852717074,0.2136752136752136,0.2172065382189218,
m5_cod_break,0.05,0.1,detector,z3,79537,0.4117340882961359,0.03125,0.0449138354250324,
m5_cod_break,0.05,0.1,detector,z4,92439,0.504944963159156,0.072072072072072,0.0692747595528983,
m5_cod_break,0.05,0.1,detector,z6,67619,0.5190627101487786,0.2236842105263158,0.2298387693765453,
m5_cod_break,0.05,0.1,detector,z8,59877,0.7589137487040566,0.1466666666666666,0.0278753218955887,
m5_cod_break,0.05,0.1,detector,z57,81551,0.4879372674971368,0.1067961165048543,0.1638714271682546,
m5_cod_break,0.05,0.1,composite,z_plus,92869,0.495432125591044,0.0512820512820512,0.0500905640848714,p_z_plus
m5_cod_break,0.05,0.1,composite,z_plus_renorm,87669,0.4964090212325668,0.072072072072072,0.0759153932250622,p_z_plus_renorm
m5_cod_break,0.05,0.1,composite,breadth,92872,0.4970582828488063,0.0085470085470085,0.0076222306075144,p_breadth
m5_cod_break,0.05,0.1,composite,z_mahalanobis_sq,55005,0.4954660458127939,0.0909090909090909,0.0898451009301225,p_z_mahalanobis_sq
m5_cod_break,0.05,0.1,composite,t_iut,92869,0.481632114459439,0.0427350427350427,0.0723757978264619,p_t_iut
m5_cod_break,0.05,0.1,composite,z_plus_softmax,87669,0.4889165359425073,0.036036036036036,0.0694054226912446,p_z_plus_softmax
m5_cod_break,0.05,0.1,composite,z_plus_orth,87669,0.4899351657557647,0.045045045045045,0.0642773932707462,p_z_plus_orth
m5_cod_break,0.05,0.15,detector,z1,86133,0.474453887660053,0.1047619047619047,0.098142465243874,
m5_cod_break,0.05,0.15,detector,z2,90478,0.470029852717074,0.2136752136752136,0.2172065382189218,
m5_cod_break,0.05,0.15,detector,z3,79537,0.4117340882961359,0.03125,0.0449138354250324,
m5_cod_break,0.05,0.15,detector,z4,92439,0.504944963159156,0.072072072072072,0.0692747595528983,
m5_cod_break,0.05,0.15,detector,z6,67619,0.5190627101487786,0.2236842105263158,0.2298387693765453,
m5_cod_break,0.05,0.15,detector,z8,59877,0.7589137487040566,0.1466666666666666,0.0278753218955887,
m5_cod_break,0.05,0.15,detector,z57,81551,0.4879372674971368,0.1067961165048543,0.1638714271682546,
m5_cod_break,0.05,0.15,composite,z_plus,92869,0.495432125591044,0.0512820512820512,0.0500905640848714,p_z_plus
m5_cod_break,0.05,0.15,composite,z_plus_renorm,87669,0.4964090212325668,0.072072072072072,0.0759153932250622,p_z_plus_renorm
m5_cod_break,0.05,0.15,composite,breadth,92872,0.4970582828488063,0.0085470085470085,0.0076222306075144,p_breadth
m5_cod_break,0.05,0.15,composite,z_mahalanobis_sq,55005,0.4954660458127939,0.0909090909090909,0.0898451009301225,p_z_mahalanobis_sq
m5_cod_break,0.05,0.15,composite,t_iut,92869,0.481632114459439,0.0427350427350427,0.0723757978264619,p_t_iut
m5_cod_break,0.05,0.15,composite,z_plus_softmax,87669,0.4889165359425073,0.036036036036036,0.0694054226912446,p_z_plus_softmax
m5_cod_break,0.05,0.15,composite,z_plus_orth,87669,0.4899351657557647,0.045045045045045,0.0642773932707462,p_z_plus_orth
m5_cod_break,0.05,0.2,detector,z1,86133,0.474453887660053,0.1047619047619047,0.098142465243874,
m5_cod_break,0.05,0.2,detector,z2,90478,0.470029852717074,0.2136752136752136,0.2172065382189218,
m5_cod_break,0.05,0.2,detector,z3,79537,0.4117340882961359,0.03125,0.0449138354250324,
m5_cod_break,0.05,0.2,detector,z4,92439,0.504944963159156,0.072072072072072,0.0692747595528983,
m5_cod_break,0.05,0.2,detector,z6,67619,0.5190627101487786,0.2236842105263158,0.2298387693765453,
m5_cod_break,0.05,0.2,detector,z8,59877,0.7589137487040566,0.1466666666666666,0.0278753218955887,
m5_cod_break,0.05,0.2,detector,z57,81551,0.4879372674971368,0.1067961165048543,0.1638714271682546,
m5_cod_break,0.05,0.2,composite,z_plus,92869,0.495432125591044,0.0512820512820512,0.0500905640848714,p_z_plus
m5_cod_break,0.05,0.2,composite,z_plus_renorm,87669,0.4964090212325668,0.072072072072072,0.0759153932250622,p_z_plus_renorm
m5_cod_break,0.05,0.2,composite,breadth,92872,0.4970582828488063,0.0085470085470085,0.0076222306075144,p_breadth
m5_cod_break,0.05,0.2,composite,z_mahalanobis_sq,55005,0.4954660458127939,0.0909090909090909,0.0898451009301225,p_z_mahalanobis_sq
m5_cod_break,0.05,0.2,composite,t_iut,92869,0.481632114459439,0.0427350427350427,0.0723757978264619,p_t_iut
m5_cod_break,0.05,0.2,composite,z_plus_softmax,87669,0.4889165359425073,0.036036036036036,0.0694054226912446,p_z_plus_softmax
m5_cod_break,0.05,0.2,composite,z_plus_orth,87669,0.4899351657557647,0.045045045045045,0.0642773932707462,p_z_plus_orth
m5_cod_break,0.05,0.3,detector,z1,86133,0.474453887660053,0.1047619047619047,0.098142465243874,
m5_cod_break,0.05,0.3,detector,z2,90478,0.470029852717074,0.2136752136752136,0.2172065382189218,
m5_cod_break,0.05,0.3,detector,z3,79537,0.4117340882961359,0.03125,0.0449138354250324,
m5_cod_break,0.05,0.3,detector,z4,92439,0.504944963159156,0.072072072072072,0.0692747595528983,
m5_cod_break,0.05,0.3,detector,z6,67619,0.5190627101487786,0.2236842105263158,0.2298387693765453,
m5_cod_break,0.05,0.3,detector,z8,59877,0.7589137487040566,0.1466666666666666,0.0278753218955887,
m5_cod_break,0.05,0.3,detector,z57,81551,0.4879372674971368,0.1067961165048543,0.1638714271682546,
m5_cod_break,0.05,0.3,composite,z_plus,92869,0.495432125591044,0.0512820512820512,0.0500905640848714,p_z_plus
m5_cod_break,0.05,0.3,composite,z_plus_renorm,87669,0.4964090212325668,0.072072072072072,0.0759153932250622,p_z_plus_renorm
m5_cod_break,0.05,0.3,composite,breadth,92872,0.4970582828488063,0.0085470085470085,0.0076222306075144,p_breadth
m5_cod_break,0.05,0.3,composite,z_mahalanobis_sq,55005,0.4954660458127939,0.0909090909090909,0.0898451009301225,p_z_mahalanobis_sq
m5_cod_break,0.05,0.3,composite,t_iut,92869,0.481632114459439,0.0427350427350427,0.0723757978264619,p_t_iut
m5_cod_break,0.05,0.3,composite,z_plus_softmax,87669,0.4889165359425073,0.036036036036036,0.0694054226912446,p_z_plus_softmax
m5_cod_break,0.05,0.3,composite,z_plus_orth,87669,0.4899351657557647,0.045045045045045,0.0642773932707462,p_z_plus_orth
m5_cod_break,0.1,0.05,detector,z1,86133,0.5005754895545619,0.0848214285714285,0.0981387281891303,
m5_cod_break,0.1,0.05,detector,z2,90478,0.4787172440756059,0.1794871794871795,0.2172554408049288,
m5_cod_break,0.1,0.05,detector,z3,79537,0.4560232583335976,0.0303030303030303,0.0449463693769772,
m5_cod_break,0.1,0.05,detector,z4,92439,0.5037093844837555,0.043859649122807,0.0693409679973105,
m5_cod_break,0.1,0.05,detector,z6,67619,0.5326863889593331,0.2547770700636942,0.2298182680620201,
m5_cod_break,0.1,0.05,detector,z8,59877,0.6617384397951547,0.093167701863354,0.0277982450264585,
m5_cod_break,0.1,0.05,detector,z57,81551,0.4442746555514942,0.0935960591133004,0.1639253577223779,
m5_cod_break,0.1,0.05,composite,z_plus,92869,0.4907485217924036,0.0384615384615384,0.0500998542667458,p_z_plus
m5_cod_break,0.1,0.05,composite,z_plus_renorm,87671,0.482124301297038,0.059090909090909,0.0757567094715898,p_z_plus_renorm
m5_cod_break,0.1,0.05,composite,breadth,92872,0.5098676070793345,0.0042735042735042,0.0076318573371618,p_breadth
m5_cod_break,0.1,0.05,composite,z_mahalanobis_sq,55005,0.5265085976689637,0.0839160839160839,0.0898982902555503,p_z_mahalanobis_sq
m5_cod_break,0.1,0.05,composite,t_iut,92869,0.4748055851958264,0.0555555555555555,0.0723916446267609,p_t_iut
m5_cod_break,0.1,0.05,composite,z_plus_softmax,87671,0.4799310730892416,0.0636363636363636,0.0693874283884689,p_z_plus_softmax
m5_cod_break,0.1,0.05,composite,z_plus_orth,87671,0.4793555040173146,0.0545454545454545,0.0643217344570102,p_z_plus_orth
m5_cod_break,0.1,0.1,detector,z1,86133,0.5005754895545619,0.0848214285714285,0.0981387281891303,
m5_cod_break,0.1,0.1,detector,z2,90478,0.4787172440756059,0.1794871794871795,0.2172554408049288,
m5_cod_break,0.1,0.1,detector,z3,79537,0.4560232583335976,0.0303030303030303,0.0449463693769772,
m5_cod_break,0.1,0.1,detector,z4,92439,0.5037093844837555,0.043859649122807,0.0693409679973105,
m5_cod_break,0.1,0.1,detector,z6,67619,0.5326863889593331,0.2547770700636942,0.2298182680620201,
m5_cod_break,0.1,0.1,detector,z8,59877,0.6617384397951547,0.093167701863354,0.0277982450264585,
m5_cod_break,0.1,0.1,detector,z57,81551,0.4442746555514942,0.0935960591133004,0.1639253577223779,
m5_cod_break,0.1,0.1,composite,z_plus,92869,0.4907485217924036,0.0384615384615384,0.0500998542667458,p_z_plus
m5_cod_break,0.1,0.1,composite,z_plus_renorm,87671,0.482124301297038,0.059090909090909,0.0757567094715898,p_z_plus_renorm
m5_cod_break,0.1,0.1,composite,breadth,92872,0.5098676070793345,0.0042735042735042,0.0076318573371618,p_breadth
m5_cod_break,0.1,0.1,composite,z_mahalanobis_sq,55005,0.5265085976689637,0.0839160839160839,0.0898982902555503,p_z_mahalanobis_sq
m5_cod_break,0.1,0.1,composite,t_iut,92869,0.4748055851958264,0.0555555555555555,0.0723916446267609,p_t_iut
m5_cod_break,0.1,0.1,composite,z_plus_softmax,87671,0.4799310730892416,0.0636363636363636,0.0693874283884689,p_z_plus_softmax
m5_cod_break,0.1,0.1,composite,z_plus_orth,87671,0.4793555040173146,0.0545454545454545,0.0643217344570102,p_z_plus_orth
m5_cod_break,0.1,0.15,detector,z1,86133,0.5005754895545619,0.0848214285714285,0.0981387281891303,
m5_cod_break,0.1,0.15,detector,z2,90478,0.4787172440756059,0.1794871794871795,0.2172554408049288,
m5_cod_break,0.1,0.15,detector,z3,79537,0.4560232583335976,0.0303030303030303,0.0449463693769772,
m5_cod_break,0.1,0.15,detector,z4,92439,0.5037093844837555,0.043859649122807,0.0693409679973105,
m5_cod_break,0.1,0.15,detector,z6,67619,0.5326863889593331,0.2547770700636942,0.2298182680620201,
m5_cod_break,0.1,0.15,detector,z8,59877,0.6617384397951547,0.093167701863354,0.0277982450264585,
m5_cod_break,0.1,0.15,detector,z57,81551,0.4442746555514942,0.0935960591133004,0.1639253577223779,
m5_cod_break,0.1,0.15,composite,z_plus,92869,0.4907485217924036,0.0384615384615384,0.0500998542667458,p_z_plus
m5_cod_break,0.1,0.15,composite,z_plus_renorm,87671,0.482124301297038,0.059090909090909,0.0757567094715898,p_z_plus_renorm
m5_cod_break,0.1,0.15,composite,breadth,92872,0.5098676070793345,0.0042735042735042,0.0076318573371618,p_breadth
m5_cod_break,0.1,0.15,composite,z_mahalanobis_sq,55005,0.5265085976689637,0.0839160839160839,0.0898982902555503,p_z_mahalanobis_sq
m5_cod_break,0.1,0.15,composite,t_iut,92869,0.4748055851958264,0.0555555555555555,0.0723916446267609,p_t_iut
m5_cod_break,0.1,0.15,composite,z_plus_softmax,87671,0.4799310730892416,0.0636363636363636,0.0693874283884689,p_z_plus_softmax
m5_cod_break,0.1,0.15,composite,z_plus_orth,87671,0.4793555040173146,0.0545454545454545,0.0643217344570102,p_z_plus_orth
m5_cod_break,0.1,0.2,detector,z1,86133,0.5005754895545619,0.0848214285714285,0.0981387281891303,
m5_cod_break,0.1,0.2,detector,z2,90478,0.4787172440756059,0.1794871794871795,0.2172554408049288,
m5_cod_break,0.1,0.2,detector,z3,79537,0.4560232583335976,0.0303030303030303,0.0449463693769772,
m5_cod_break,0.1,0.2,detector,z4,92439,0.5037093844837555,0.043859649122807,0.0693409679973105,
m5_cod_break,0.1,0.2,detector,z6,67619,0.5326863889593331,0.2547770700636942,0.2298182680620201,
m5_cod_break,0.1,0.2,detector,z8,59877,0.6617384397951547,0.093167701863354,0.0277982450264585,
m5_cod_break,0.1,0.2,detector,z57,81551,0.4442746555514942,0.0935960591133004,0.1639253577223779,
m5_cod_break,0.1,0.2,composite,z_plus,92869,0.4907485217924036,0.0384615384615384,0.0500998542667458,p_z_plus
m5_cod_break,0.1,0.2,composite,z_plus_renorm,87671,0.482124301297038,0.059090909090909,0.0757567094715898,p_z_plus_renorm
m5_cod_break,0.1,0.2,composite,breadth,92872,0.5098676070793345,0.0042735042735042,0.0076318573371618,p_breadth
m5_cod_break,0.1,0.2,composite,z_mahalanobis_sq,55005,0.5265085976689637,0.0839160839160839,0.0898982902555503,p_z_mahalanobis_sq
m5_cod_break,0.1,0.2,composite,t_iut,92869,0.4748055851958264,0.0555555555555555,0.0723916446267609,p_t_iut
m5_cod_break,0.1,0.2,composite,z_plus_softmax,87671,0.4799310730892416,0.0636363636363636,0.0693874283884689,p_z_plus_softmax
m5_cod_break,0.1,0.2,composite,z_plus_orth,87671,0.4793555040173146,0.0545454545454545,0.0643217344570102,p_z_plus_orth
m5_cod_break,0.1,0.3,detector,z1,86133,0.5005754895545619,0.0848214285714285,0.0981387281891303,
m5_cod_break,0.1,0.3,detector,z2,90478,0.4787172440756059,0.1794871794871795,0.2172554408049288,
m5_cod_break,0.1,0.3,detector,z3,79537,0.4560232583335976,0.0303030303030303,0.0449463693769772,
m5_cod_break,0.1,0.3,detector,z4,92439,0.5037093844837555,0.043859649122807,0.0693409679973105,
m5_cod_break,0.1,0.3,detector,z6,67619,0.5326863889593331,0.2547770700636942,0.2298182680620201,
m5_cod_break,0.1,0.3,detector,z8,59877,0.6617384397951547,0.093167701863354,0.0277982450264585,
m5_cod_break,0.1,0.3,detector,z57,81551,0.4442746555514942,0.0935960591133004,0.1639253577223779,
m5_cod_break,0.1,0.3,composite,z_plus,92869,0.4907485217924036,0.0384615384615384,0.0500998542667458,p_z_plus
m5_cod_break,0.1,0.3,composite,z_plus_renorm,87671,0.482124301297038,0.059090909090909,0.0757567094715898,p_z_plus_renorm
m5_cod_break,0.1,0.3,composite,breadth,92872,0.5098676070793345,0.0042735042735042,0.0076318573371618,p_breadth
m5_cod_break,0.1,0.3,composite,z_mahalanobis_sq,55005,0.5265085976689637,0.0839160839160839,0.0898982902555503,p_z_mahalanobis_sq
m5_cod_break,0.1,0.3,composite,t_iut,92869,0.4748055851958264,0.0555555555555555,0.0723916446267609,p_t_iut
m5_cod_break,0.1,0.3,composite,z_plus_softmax,87671,0.4799310730892416,0.0636363636363636,0.0693874283884689,p_z_plus_softmax
m5_cod_break,0.1,0.3,composite,z_plus_orth,87671,0.4793555040173146,0.0545454545454545,0.0643217344570102,p_z_plus_orth
m6_seasonal,0.01,0.05,detector,z1,86133,0.4516710430611516,0.0717423133235724,0.0984552369806904,
m6_seasonal,0.01,0.05,detector,z2,90478,0.528498425828479,0.2323651452282157,0.2170575455406384,
m6_seasonal,0.01,0.05,detector,z3,79537,0.4888280965730113,0.0623052959501557,0.0447683630141327,
m6_seasonal,0.01,0.05,detector,z4,92439,0.3427528287445959,0.0,0.0698478486120957,
m6_seasonal,0.01,0.05,detector,z6,67619,0.5084782962863081,0.2445255474452554,0.2296670692251494,
m6_seasonal,0.01,0.05,detector,z8,59877,0.5080138806268882,0.0186721991701244,0.0279316440777843,
m6_seasonal,0.01,0.05,detector,z57,81551,0.4418216294636982,0.073959938366718,0.1643840696150898,
m6_seasonal,0.01,0.05,composite,z_plus,92869,0.4419075178630794,0.0159151193633952,0.0503718178364001,p_z_plus
m6_seasonal,0.01,0.05,composite,z_plus_renorm,87672,0.4641558910113363,0.0556348074179743,0.075956353267181,p_z_plus_renorm
m6_seasonal,0.01,0.05,composite,breadth,92872,0.4400914065185565,0.0,0.0076966499489784,p_breadth
m6_seasonal,0.01,0.05,composite,z_mahalanobis_sq,55005,0.4692852811716239,0.0395604395604395,0.0903391384051329,p_z_mahalanobis_sq
m6_seasonal,0.01,0.05,composite,t_iut,92869,0.4898041471917455,0.0755968169761273,0.0722683602019215,p_t_iut
m6_seasonal,0.01,0.05,composite,z_plus_softmax,87672,0.4622788572464453,0.0527817403708987,0.0694829310919731,p_z_plus_softmax
m6_seasonal,0.01,0.05,composite,z_plus_orth,87672,0.4613465363723074,0.0499286733238231,0.0644237734417219,p_z_plus_orth
m6_seasonal,0.01,0.1,detector,z1,86133,0.4516710430611516,0.0717423133235724,0.0984552369806904,
m6_seasonal,0.01,0.1,detector,z2,90478,0.528498425828479,0.2323651452282157,0.2170575455406384,
m6_seasonal,0.01,0.1,detector,z3,79537,0.4888280965730113,0.0623052959501557,0.0447683630141327,
m6_seasonal,0.01,0.1,detector,z4,92439,0.3427528287445959,0.0,0.0698478486120957,
m6_seasonal,0.01,0.1,detector,z6,67619,0.5084782962863081,0.2445255474452554,0.2296670692251494,
m6_seasonal,0.01,0.1,detector,z8,59877,0.5080138806268882,0.0186721991701244,0.0279316440777843,
m6_seasonal,0.01,0.1,detector,z57,81551,0.4418216294636982,0.073959938366718,0.1643840696150898,
m6_seasonal,0.01,0.1,composite,z_plus,92869,0.4419075178630794,0.0159151193633952,0.0503718178364001,p_z_plus
m6_seasonal,0.01,0.1,composite,z_plus_renorm,87672,0.4641558910113363,0.0556348074179743,0.075956353267181,p_z_plus_renorm
m6_seasonal,0.01,0.1,composite,breadth,92872,0.4400914065185565,0.0,0.0076966499489784,p_breadth
m6_seasonal,0.01,0.1,composite,z_mahalanobis_sq,55005,0.4692852811716239,0.0395604395604395,0.0903391384051329,p_z_mahalanobis_sq
m6_seasonal,0.01,0.1,composite,t_iut,92869,0.4898041471917455,0.0755968169761273,0.0722683602019215,p_t_iut
m6_seasonal,0.01,0.1,composite,z_plus_softmax,87672,0.4622788572464453,0.0527817403708987,0.0694829310919731,p_z_plus_softmax
m6_seasonal,0.01,0.1,composite,z_plus_orth,87672,0.4613465363723074,0.0499286733238231,0.0644237734417219,p_z_plus_orth
m6_seasonal,0.01,0.15,detector,z1,86133,0.4516710430611516,0.0717423133235724,0.0984552369806904,
m6_seasonal,0.01,0.15,detector,z2,90478,0.528498425828479,0.2323651452282157,0.2170575455406384,
m6_seasonal,0.01,0.15,detector,z3,79537,0.4888280965730113,0.0623052959501557,0.0447683630141327,
m6_seasonal,0.01,0.15,detector,z4,92439,0.3427528287445959,0.0,0.0698478486120957,
m6_seasonal,0.01,0.15,detector,z6,67619,0.5084782962863081,0.2445255474452554,0.2296670692251494,
m6_seasonal,0.01,0.15,detector,z8,59877,0.5080138806268882,0.0186721991701244,0.0279316440777843,
m6_seasonal,0.01,0.15,detector,z57,81551,0.4418216294636982,0.073959938366718,0.1643840696150898,
m6_seasonal,0.01,0.15,composite,z_plus,92869,0.4419075178630794,0.0159151193633952,0.0503718178364001,p_z_plus
m6_seasonal,0.01,0.15,composite,z_plus_renorm,87672,0.4641558910113363,0.0556348074179743,0.075956353267181,p_z_plus_renorm
m6_seasonal,0.01,0.15,composite,breadth,92872,0.4400914065185565,0.0,0.0076966499489784,p_breadth
m6_seasonal,0.01,0.15,composite,z_mahalanobis_sq,55005,0.4692852811716239,0.0395604395604395,0.0903391384051329,p_z_mahalanobis_sq
m6_seasonal,0.01,0.15,composite,t_iut,92869,0.4898041471917455,0.0755968169761273,0.0722683602019215,p_t_iut
m6_seasonal,0.01,0.15,composite,z_plus_softmax,87672,0.4622788572464453,0.0527817403708987,0.0694829310919731,p_z_plus_softmax
m6_seasonal,0.01,0.15,composite,z_plus_orth,87672,0.4613465363723074,0.0499286733238231,0.0644237734417219,p_z_plus_orth
m6_seasonal,0.01,0.2,detector,z1,86133,0.4516710430611516,0.0717423133235724,0.0984552369806904,
m6_seasonal,0.01,0.2,detector,z2,90478,0.528498425828479,0.2323651452282157,0.2170575455406384,
m6_seasonal,0.01,0.2,detector,z3,79537,0.4888280965730113,0.0623052959501557,0.0447683630141327,
m6_seasonal,0.01,0.2,detector,z4,92439,0.3427528287445959,0.0,0.0698478486120957,
m6_seasonal,0.01,0.2,detector,z6,67619,0.5084782962863081,0.2445255474452554,0.2296670692251494,
m6_seasonal,0.01,0.2,detector,z8,59877,0.5080138806268882,0.0186721991701244,0.0279316440777843,
m6_seasonal,0.01,0.2,detector,z57,81551,0.4418216294636982,0.073959938366718,0.1643840696150898,
m6_seasonal,0.01,0.2,composite,z_plus,92869,0.4419075178630794,0.0159151193633952,0.0503718178364001,p_z_plus
m6_seasonal,0.01,0.2,composite,z_plus_renorm,87672,0.4641558910113363,0.0556348074179743,0.075956353267181,p_z_plus_renorm
m6_seasonal,0.01,0.2,composite,breadth,92872,0.4400914065185565,0.0,0.0076966499489784,p_breadth
m6_seasonal,0.01,0.2,composite,z_mahalanobis_sq,55005,0.4692852811716239,0.0395604395604395,0.0903391384051329,p_z_mahalanobis_sq
m6_seasonal,0.01,0.2,composite,t_iut,92869,0.4898041471917455,0.0755968169761273,0.0722683602019215,p_t_iut
m6_seasonal,0.01,0.2,composite,z_plus_softmax,87672,0.4622788572464453,0.0527817403708987,0.0694829310919731,p_z_plus_softmax
m6_seasonal,0.01,0.2,composite,z_plus_orth,87672,0.4613465363723074,0.0499286733238231,0.0644237734417219,p_z_plus_orth
m6_seasonal,0.01,0.3,detector,z1,86133,0.4516710430611516,0.0717423133235724,0.0984552369806904,
m6_seasonal,0.01,0.3,detector,z2,90478,0.528498425828479,0.2323651452282157,0.2170575455406384,
m6_seasonal,0.01,0.3,detector,z3,79537,0.4888280965730113,0.0623052959501557,0.0447683630141327,
m6_seasonal,0.01,0.3,detector,z4,92439,0.3427528287445959,0.0,0.0698478486120957,
m6_seasonal,0.01,0.3,detector,z6,67619,0.5084782962863081,0.2445255474452554,0.2296670692251494,
m6_seasonal,0.01,0.3,detector,z8,59877,0.5080138806268882,0.0186721991701244,0.0279316440777843,
m6_seasonal,0.01,0.3,detector,z57,81551,0.4418216294636982,0.073959938366718,0.1643840696150898,
m6_seasonal,0.01,0.3,composite,z_plus,92869,0.4419075178630794,0.0159151193633952,0.0503718178364001,p_z_plus
m6_seasonal,0.01,0.3,composite,z_plus_renorm,87672,0.4641558910113363,0.0556348074179743,0.075956353267181,p_z_plus_renorm
m6_seasonal,0.01,0.3,composite,breadth,92872,0.4400914065185565,0.0,0.0076966499489784,p_breadth
m6_seasonal,0.01,0.3,composite,z_mahalanobis_sq,55005,0.4692852811716239,0.0395604395604395,0.0903391384051329,p_z_mahalanobis_sq
m6_seasonal,0.01,0.3,composite,t_iut,92869,0.4898041471917455,0.0755968169761273,0.0722683602019215,p_t_iut
m6_seasonal,0.01,0.3,composite,z_plus_softmax,87672,0.4622788572464453,0.0527817403708987,0.0694829310919731,p_z_plus_softmax
m6_seasonal,0.01,0.3,composite,z_plus_orth,87672,0.4613465363723074,0.0499286733238231,0.0644237734417219,p_z_plus_orth
m6_seasonal,0.05,0.05,detector,z1,86133,0.4850632860311545,0.096790626591951,0.0980086853917549,
m6_seasonal,0.05,0.05,detector,z2,90478,0.486658255230347,0.2147861802367721,0.217340946733226,
m6_seasonal,0.05,0.05,detector,z3,79537,0.5047785954881097,0.0454165505711897,0.0448464739031969,
m6_seasonal,0.05,0.05,detector,z4,92439,0.4942846582966639,0.0759067979822243,0.0689655172413793,
m6_seasonal,0.05,0.05,detector,z6,67619,0.5042696238376394,0.2396072013093289,0.2292144228982095,
m6_seasonal,0.05,0.05,detector,z8,59877,0.5089544061165912,0.03067020068156,0.0277273044936753,
m6_seasonal,0.05,0.05,detector,z57,81551,0.4768945760451324,0.1519529159978598,0.1646125968668474,
m6_seasonal,0.05,0.05,composite,z_plus,92869,0.4907671398666308,0.0451536643026004,0.050305170410316,p_z_plus
m6_seasonal,0.05,0.05,composite,z_plus_renorm,87682,0.5001251396144833,0.0776014109347442,0.0760096998076762,p_z_plus_renorm
m6_seasonal,0.05,0.05,composite,breadth,92872,0.4861847549084961,0.0054360671236114,0.0076037048318498,p_breadth
m6_seasonal,0.05,0.05,composite,z_mahalanobis_sq,55005,0.5159379541222799,0.1043225270157938,0.0896594992300233,p_z_mahalanobis_sq
m6_seasonal,0.05,0.05,composite,t_iut,92869,0.4804379450026759,0.0645390070921985,0.0723947697965906,p_t_iut
m6_seasonal,0.05,0.05,composite,z_plus_softmax,87682,0.4987264463015797,0.0723104056437389,0.069356014000215,p_z_plus_softmax
m6_seasonal,0.05,0.05,composite,z_plus_orth,87682,0.4980314193447728,0.0644998740236835,0.0642910897948944,p_z_plus_orth
m6_seasonal,0.05,0.1,detector,z1,86133,0.4850632860311545,0.096790626591951,0.0980086853917549,
m6_seasonal,0.05,0.1,detector,z2,90478,0.486658255230347,0.2147861802367721,0.217340946733226,
m6_seasonal,0.05,0.1,detector,z3,79537,0.5047785954881097,0.0454165505711897,0.0448464739031969,
m6_seasonal,0.05,0.1,detector,z4,92439,0.4942846582966639,0.0759067979822243,0.0689655172413793,
m6_seasonal,0.05,0.1,detector,z6,67619,0.5042696238376394,0.2396072013093289,0.2292144228982095,
m6_seasonal,0.05,0.1,detector,z8,59877,0.5089544061165912,0.03067020068156,0.0277273044936753,
m6_seasonal,0.05,0.1,detector,z57,81551,0.4768945760451324,0.1519529159978598,0.1646125968668474,
m6_seasonal,0.05,0.1,composite,z_plus,92869,0.4907671398666308,0.0451536643026004,0.050305170410316,p_z_plus
m6_seasonal,0.05,0.1,composite,z_plus_renorm,87682,0.5001251396144833,0.0776014109347442,0.0760096998076762,p_z_plus_renorm
m6_seasonal,0.05,0.1,composite,breadth,92872,0.4861847549084961,0.0054360671236114,0.0076037048318498,p_breadth
m6_seasonal,0.05,0.1,composite,z_mahalanobis_sq,55005,0.5159379541222799,0.1043225270157938,0.0896594992300233,p_z_mahalanobis_sq
m6_seasonal,0.05,0.1,composite,t_iut,92869,0.4804379450026759,0.0645390070921985,0.0723947697965906,p_t_iut
m6_seasonal,0.05,0.1,composite,z_plus_softmax,87682,0.4987264463015797,0.0723104056437389,0.069356014000215,p_z_plus_softmax
m6_seasonal,0.05,0.1,composite,z_plus_orth,87682,0.4980314193447728,0.0644998740236835,0.0642910897948944,p_z_plus_orth
m6_seasonal,0.05,0.15,detector,z1,86133,0.4850632860311545,0.096790626591951,0.0980086853917549,
m6_seasonal,0.05,0.15,detector,z2,90478,0.486658255230347,0.2147861802367721,0.217340946733226,
m6_seasonal,0.05,0.15,detector,z3,79537,0.5047785954881097,0.0454165505711897,0.0448464739031969,
m6_seasonal,0.05,0.15,detector,z4,92439,0.4942846582966639,0.0759067979822243,0.0689655172413793,
m6_seasonal,0.05,0.15,detector,z6,67619,0.5042696238376394,0.2396072013093289,0.2292144228982095,
m6_seasonal,0.05,0.15,detector,z8,59877,0.5089544061165912,0.03067020068156,0.0277273044936753,
m6_seasonal,0.05,0.15,detector,z57,81551,0.4768945760451324,0.1519529159978598,0.1646125968668474,
m6_seasonal,0.05,0.15,composite,z_plus,92869,0.4907671398666308,0.0451536643026004,0.050305170410316,p_z_plus
m6_seasonal,0.05,0.15,composite,z_plus_renorm,87682,0.5001251396144833,0.0776014109347442,0.0760096998076762,p_z_plus_renorm
m6_seasonal,0.05,0.15,composite,breadth,92872,0.4861847549084961,0.0054360671236114,0.0076037048318498,p_breadth
m6_seasonal,0.05,0.15,composite,z_mahalanobis_sq,55005,0.5159379541222799,0.1043225270157938,0.0896594992300233,p_z_mahalanobis_sq
m6_seasonal,0.05,0.15,composite,t_iut,92869,0.4804379450026759,0.0645390070921985,0.0723947697965906,p_t_iut
m6_seasonal,0.05,0.15,composite,z_plus_softmax,87682,0.4987264463015797,0.0723104056437389,0.069356014000215,p_z_plus_softmax
m6_seasonal,0.05,0.15,composite,z_plus_orth,87682,0.4980314193447728,0.0644998740236835,0.0642910897948944,p_z_plus_orth
m6_seasonal,0.05,0.2,detector,z1,86133,0.4850632860311545,0.096790626591951,0.0980086853917549,
m6_seasonal,0.05,0.2,detector,z2,90478,0.486658255230347,0.2147861802367721,0.217340946733226,
m6_seasonal,0.05,0.2,detector,z3,79537,0.5047785954881097,0.0454165505711897,0.0448464739031969,
m6_seasonal,0.05,0.2,detector,z4,92439,0.4942846582966639,0.0759067979822243,0.0689655172413793,
m6_seasonal,0.05,0.2,detector,z6,67619,0.5042696238376394,0.2396072013093289,0.2292144228982095,
m6_seasonal,0.05,0.2,detector,z8,59877,0.5089544061165912,0.03067020068156,0.0277273044936753,
m6_seasonal,0.05,0.2,detector,z57,81551,0.4768945760451324,0.1519529159978598,0.1646125968668474,
m6_seasonal,0.05,0.2,composite,z_plus,92869,0.4907671398666308,0.0451536643026004,0.050305170410316,p_z_plus
m6_seasonal,0.05,0.2,composite,z_plus_renorm,87682,0.5001251396144833,0.0776014109347442,0.0760096998076762,p_z_plus_renorm
m6_seasonal,0.05,0.2,composite,breadth,92872,0.4861847549084961,0.0054360671236114,0.0076037048318498,p_breadth
m6_seasonal,0.05,0.2,composite,z_mahalanobis_sq,55005,0.5159379541222799,0.1043225270157938,0.0896594992300233,p_z_mahalanobis_sq
m6_seasonal,0.05,0.2,composite,t_iut,92869,0.4804379450026759,0.0645390070921985,0.0723947697965906,p_t_iut
m6_seasonal,0.05,0.2,composite,z_plus_softmax,87682,0.4987264463015797,0.0723104056437389,0.069356014000215,p_z_plus_softmax
m6_seasonal,0.05,0.2,composite,z_plus_orth,87682,0.4980314193447728,0.0644998740236835,0.0642910897948944,p_z_plus_orth
m6_seasonal,0.05,0.3,detector,z1,86133,0.4850632860311545,0.096790626591951,0.0980086853917549,
m6_seasonal,0.05,0.3,detector,z2,90478,0.486658255230347,0.2147861802367721,0.217340946733226,
m6_seasonal,0.05,0.3,detector,z3,79537,0.5047785954881097,0.0454165505711897,0.0448464739031969,
m6_seasonal,0.05,0.3,detector,z4,92439,0.4942846582966639,0.0759067979822243,0.0689655172413793,
m6_seasonal,0.05,0.3,detector,z6,67619,0.5042696238376394,0.2396072013093289,0.2292144228982095,
m6_seasonal,0.05,0.3,detector,z8,59877,0.5089544061165912,0.03067020068156,0.0277273044936753,
m6_seasonal,0.05,0.3,detector,z57,81551,0.4768945760451324,0.1519529159978598,0.1646125968668474,
m6_seasonal,0.05,0.3,composite,z_plus,92869,0.4907671398666308,0.0451536643026004,0.050305170410316,p_z_plus
m6_seasonal,0.05,0.3,composite,z_plus_renorm,87682,0.5001251396144833,0.0776014109347442,0.0760096998076762,p_z_plus_renorm
m6_seasonal,0.05,0.3,composite,breadth,92872,0.4861847549084961,0.0054360671236114,0.0076037048318498,p_breadth
m6_seasonal,0.05,0.3,composite,z_mahalanobis_sq,55005,0.5159379541222799,0.1043225270157938,0.0896594992300233,p_z_mahalanobis_sq
m6_seasonal,0.05,0.3,composite,t_iut,92869,0.4804379450026759,0.0645390070921985,0.0723947697965906,p_t_iut
m6_seasonal,0.05,0.3,composite,z_plus_softmax,87682,0.4987264463015797,0.0723104056437389,0.069356014000215,p_z_plus_softmax
m6_seasonal,0.05,0.3,composite,z_plus_orth,87682,0.4980314193447728,0.0644998740236835,0.0642910897948944,p_z_plus_orth
m6_seasonal,0.1,0.05,detector,z1,86133,0.5016781044300745,0.0921300659754948,0.0983321527464743,
m6_seasonal,0.1,0.05,detector,z2,90478,0.4942463096123401,0.2039739559946115,0.2187201176903273,
m6_seasonal,0.1,0.05,detector,z3,79537,0.5110433407060111,0.0441478439425051,0.0449926824168931,
m6_seasonal,0.1,0.05,detector,z4,92439,0.5033372846254887,0.063022437307523,0.0699605264736583,
m6_seasonal,0.1,0.05,detector,z6,67619,0.4952178734522919,0.22547982469397,0.2300744237893839,
m6_seasonal,0.1,0.05,detector,z8,59877,0.5041755181485504,0.026354801515401,0.0273947143441251,
m6_seasonal,0.1,0.05,detector,z57,81551,0.4973924057913891,0.1434804288207429,0.1661113302234492,
m6_seasonal,0.1,0.05,composite,z_plus,92869,0.4926736335916466,0.0432314410480349,0.0505560931321602,p_z_plus
m6_seasonal,0.1,0.05,composite,z_plus_renorm,87632,0.4826607518222238,0.0649786102439588,0.0772064874719876,p_z_plus_renorm
m6_seasonal,0.1,0.05,composite,breadth,92872,0.5098780765696488,0.0086235127169522,0.0072391919819378,p_breadth
m6_seasonal,0.1,0.05,composite,z_mahalanobis_sq,55005,0.5009926202217792,0.0735374026444484,0.0910395279282192,p_z_mahalanobis_sq
m6_seasonal,0.1,0.05,composite,t_iut,92869,0.4916302563502246,0.0794759825327511,0.0708167580546894,p_t_iut
m6_seasonal,0.1,0.05,composite,z_plus_softmax,87632,0.488292902333494,0.0704127644814429,0.0691287998683261,p_z_plus_softmax
m6_seasonal,0.1,0.05,composite,z_plus_orth,87632,0.4887677824660483,0.0675222569083131,0.0639757922590937,p_z_plus_orth
m6_seasonal,0.1,0.1,detector,z1,86133,0.5016781044300745,0.0921300659754948,0.0983321527464743,
m6_seasonal,0.1,0.1,detector,z2,90478,0.4942463096123401,0.2039739559946115,0.2187201176903273,
m6_seasonal,0.1,0.1,detector,z3,79537,0.5110433407060111,0.0441478439425051,0.0449926824168931,
m6_seasonal,0.1,0.1,detector,z4,92439,0.5033372846254887,0.063022437307523,0.0699605264736583,
m6_seasonal,0.1,0.1,detector,z6,67619,0.4952178734522919,0.22547982469397,0.2300744237893839,
m6_seasonal,0.1,0.1,detector,z8,59877,0.5041755181485504,0.026354801515401,0.0273947143441251,
m6_seasonal,0.1,0.1,detector,z57,81551,0.4973924057913891,0.1434804288207429,0.1661113302234492,
m6_seasonal,0.1,0.1,composite,z_plus,92869,0.4926736335916466,0.0432314410480349,0.0505560931321602,p_z_plus
m6_seasonal,0.1,0.1,composite,z_plus_renorm,87632,0.4826607518222238,0.0649786102439588,0.0772064874719876,p_z_plus_renorm
m6_seasonal,0.1,0.1,composite,breadth,92872,0.5098780765696488,0.0086235127169522,0.0072391919819378,p_breadth
m6_seasonal,0.1,0.1,composite,z_mahalanobis_sq,55005,0.5009926202217792,0.0735374026444484,0.0910395279282192,p_z_mahalanobis_sq
m6_seasonal,0.1,0.1,composite,t_iut,92869,0.4916302563502246,0.0794759825327511,0.0708167580546894,p_t_iut
m6_seasonal,0.1,0.1,composite,z_plus_softmax,87632,0.488292902333494,0.0704127644814429,0.0691287998683261,p_z_plus_softmax
m6_seasonal,0.1,0.1,composite,z_plus_orth,87632,0.4887677824660483,0.0675222569083131,0.0639757922590937,p_z_plus_orth
m6_seasonal,0.1,0.15,detector,z1,86133,0.5016781044300745,0.0921300659754948,0.0983321527464743,
m6_seasonal,0.1,0.15,detector,z2,90478,0.4942463096123401,0.2039739559946115,0.2187201176903273,
m6_seasonal,0.1,0.15,detector,z3,79537,0.5110433407060111,0.0441478439425051,0.0449926824168931,
m6_seasonal,0.1,0.15,detector,z4,92439,0.5033372846254887,0.063022437307523,0.0699605264736583,
m6_seasonal,0.1,0.15,detector,z6,67619,0.4952178734522919,0.22547982469397,0.2300744237893839,
m6_seasonal,0.1,0.15,detector,z8,59877,0.5041755181485504,0.026354801515401,0.0273947143441251,
m6_seasonal,0.1,0.15,detector,z57,81551,0.4973924057913891,0.1434804288207429,0.1661113302234492,
m6_seasonal,0.1,0.15,composite,z_plus,92869,0.4926736335916466,0.0432314410480349,0.0505560931321602,p_z_plus
m6_seasonal,0.1,0.15,composite,z_plus_renorm,87632,0.4826607518222238,0.0649786102439588,0.0772064874719876,p_z_plus_renorm
m6_seasonal,0.1,0.15,composite,breadth,92872,0.5098780765696488,0.0086235127169522,0.0072391919819378,p_breadth
m6_seasonal,0.1,0.15,composite,z_mahalanobis_sq,55005,0.5009926202217792,0.0735374026444484,0.0910395279282192,p_z_mahalanobis_sq
m6_seasonal,0.1,0.15,composite,t_iut,92869,0.4916302563502246,0.0794759825327511,0.0708167580546894,p_t_iut
m6_seasonal,0.1,0.15,composite,z_plus_softmax,87632,0.488292902333494,0.0704127644814429,0.0691287998683261,p_z_plus_softmax
m6_seasonal,0.1,0.15,composite,z_plus_orth,87632,0.4887677824660483,0.0675222569083131,0.0639757922590937,p_z_plus_orth
m6_seasonal,0.1,0.2,detector,z1,86133,0.5016781044300745,0.0921300659754948,0.0983321527464743,
m6_seasonal,0.1,0.2,detector,z2,90478,0.4942463096123401,0.2039739559946115,0.2187201176903273,
m6_seasonal,0.1,0.2,detector,z3,79537,0.5110433407060111,0.0441478439425051,0.0449926824168931,
m6_seasonal,0.1,0.2,detector,z4,92439,0.5033372846254887,0.063022437307523,0.0699605264736583,
m6_seasonal,0.1,0.2,detector,z6,67619,0.4952178734522919,0.22547982469397,0.2300744237893839,
m6_seasonal,0.1,0.2,detector,z8,59877,0.5041755181485504,0.026354801515401,0.0273947143441251,
m6_seasonal,0.1,0.2,detector,z57,81551,0.4973924057913891,0.1434804288207429,0.1661113302234492,
m6_seasonal,0.1,0.2,composite,z_plus,92869,0.4926736335916466,0.0432314410480349,0.0505560931321602,p_z_plus
m6_seasonal,0.1,0.2,composite,z_plus_renorm,87632,0.4826607518222238,0.0649786102439588,0.0772064874719876,p_z_plus_renorm
m6_seasonal,0.1,0.2,composite,breadth,92872,0.5098780765696488,0.0086235127169522,0.0072391919819378,p_breadth
m6_seasonal,0.1,0.2,composite,z_mahalanobis_sq,55005,0.5009926202217792,0.0735374026444484,0.0910395279282192,p_z_mahalanobis_sq
m6_seasonal,0.1,0.2,composite,t_iut,92869,0.4916302563502246,0.0794759825327511,0.0708167580546894,p_t_iut
m6_seasonal,0.1,0.2,composite,z_plus_softmax,87632,0.488292902333494,0.0704127644814429,0.0691287998683261,p_z_plus_softmax
m6_seasonal,0.1,0.2,composite,z_plus_orth,87632,0.4887677824660483,0.0675222569083131,0.0639757922590937,p_z_plus_orth
m6_seasonal,0.1,0.3,detector,z1,86133,0.5016781044300745,0.0921300659754948,0.0983321527464743,
m6_seasonal,0.1,0.3,detector,z2,90478,0.4942463096123401,0.2039739559946115,0.2187201176903273,
m6_seasonal,0.1,0.3,detector,z3,79537,0.5110433407060111,0.0441478439425051,0.0449926824168931,
m6_seasonal,0.1,0.3,detector,z4,92439,0.5033372846254887,0.063022437307523,0.0699605264736583,
m6_seasonal,0.1,0.3,detector,z6,67619,0.4952178734522919,0.22547982469397,0.2300744237893839,
m6_seasonal,0.1,0.3,detector,z8,59877,0.5041755181485504,0.026354801515401,0.0273947143441251,
m6_seasonal,0.1,0.3,detector,z57,81551,0.4973924057913891,0.1434804288207429,0.1661113302234492,
m6_seasonal,0.1,0.3,composite,z_plus,92869,0.4926736335916466,0.0432314410480349,0.0505560931321602,p_z_plus
m6_seasonal,0.1,0.3,composite,z_plus_renorm,87632,0.4826607518222238,0.0649786102439588,0.0772064874719876,p_z_plus_renorm
m6_seasonal,0.1,0.3,composite,breadth,92872,0.5098780765696488,0.0086235127169522,0.0072391919819378,p_breadth
m6_seasonal,0.1,0.3,composite,z_mahalanobis_sq,55005,0.5009926202217792,0.0735374026444484,0.0910395279282192,p_z_mahalanobis_sq
m6_seasonal,0.1,0.3,composite,t_iut,92869,0.4916302563502246,0.0794759825327511,0.0708167580546894,p_t_iut
m6_seasonal,0.1,0.3,composite,z_plus_softmax,87632,0.488292902333494,0.0704127644814429,0.0691287998683261,p_z_plus_softmax
m6_seasonal,0.1,0.3,composite,z_plus_orth,87632,0.4887677824660483,0.0675222569083131,0.0639757922590937,p_z_plus_orth
abn_disx_full,0.01,0.05,detector,z1,86133,,,0.0982318043026482,
abn_disx_full,0.01,0.05,detector,z2,90478,,,0.2171688145184464,
abn_disx_full,0.01,0.05,detector,z3,79537,,,0.0448973433747815,
abn_disx_full,0.01,0.05,detector,z4,92439,,,0.0692781185430392,
abn_disx_full,0.01,0.05,detector,z6,67619,,,0.2298318519942619,
abn_disx_full,0.01,0.05,detector,z8,59877,,,0.0279239106835679,
abn_disx_full,0.01,0.05,detector,z57,81551,,,0.1637748157594634,
abn_disx_full,0.01,0.05,composite,z_plus,92869,,,0.0500920651670632,p_z_plus
abn_disx_full,0.01,0.05,composite,z_plus_renorm,87670,,,0.0758298163567925,p_z_plus_renorm
abn_disx_full,0.01,0.05,composite,breadth,92872,,,0.0076126281333448,p_breadth
abn_disx_full,0.01,0.05,composite,z_mahalanobis_sq,55005,,,0.0898100172711571,p_z_mahalanobis_sq
abn_disx_full,0.01,0.05,composite,t_iut,92869,,,0.072370758810798,p_t_iut
abn_disx_full,0.01,0.05,composite,z_plus_softmax,87670,,,0.0693737880688947,p_z_plus_softmax
abn_disx_full,0.01,0.05,composite,z_plus_orth,87670,,,0.0642637162085091,p_z_plus_orth
abn_disx_full,0.01,0.1,detector,z1,86133,,,0.0982318043026482,
abn_disx_full,0.01,0.1,detector,z2,90478,,,0.2171688145184464,
abn_disx_full,0.01,0.1,detector,z3,79537,,,0.0448973433747815,
abn_disx_full,0.01,0.1,detector,z4,92439,,,0.0692781185430392,
abn_disx_full,0.01,0.1,detector,z6,67619,,,0.2298318519942619,
abn_disx_full,0.01,0.1,detector,z8,59877,,,0.0279239106835679,
abn_disx_full,0.01,0.1,detector,z57,81551,,,0.1637748157594634,
abn_disx_full,0.01,0.1,composite,z_plus,92869,,,0.0500920651670632,p_z_plus
abn_disx_full,0.01,0.1,composite,z_plus_renorm,87670,,,0.0758298163567925,p_z_plus_renorm
abn_disx_full,0.01,0.1,composite,breadth,92872,,,0.0076126281333448,p_breadth
abn_disx_full,0.01,0.1,composite,z_mahalanobis_sq,55005,,,0.0898100172711571,p_z_mahalanobis_sq
abn_disx_full,0.01,0.1,composite,t_iut,92869,,,0.072370758810798,p_t_iut
abn_disx_full,0.01,0.1,composite,z_plus_softmax,87670,,,0.0693737880688947,p_z_plus_softmax
abn_disx_full,0.01,0.1,composite,z_plus_orth,87670,,,0.0642637162085091,p_z_plus_orth
abn_disx_full,0.01,0.15,detector,z1,86133,,,0.0982318043026482,
abn_disx_full,0.01,0.15,detector,z2,90478,,,0.2171688145184464,
abn_disx_full,0.01,0.15,detector,z3,79537,,,0.0448973433747815,
abn_disx_full,0.01,0.15,detector,z4,92439,,,0.0692781185430392,
abn_disx_full,0.01,0.15,detector,z6,67619,,,0.2298318519942619,
abn_disx_full,0.01,0.15,detector,z8,59877,,,0.0279239106835679,
abn_disx_full,0.01,0.15,detector,z57,81551,,,0.1637748157594634,
abn_disx_full,0.01,0.15,composite,z_plus,92869,,,0.0500920651670632,p_z_plus
abn_disx_full,0.01,0.15,composite,z_plus_renorm,87670,,,0.0758298163567925,p_z_plus_renorm
abn_disx_full,0.01,0.15,composite,breadth,92872,,,0.0076126281333448,p_breadth
abn_disx_full,0.01,0.15,composite,z_mahalanobis_sq,55005,,,0.0898100172711571,p_z_mahalanobis_sq
abn_disx_full,0.01,0.15,composite,t_iut,92869,,,0.072370758810798,p_t_iut
abn_disx_full,0.01,0.15,composite,z_plus_softmax,87670,,,0.0693737880688947,p_z_plus_softmax
abn_disx_full,0.01,0.15,composite,z_plus_orth,87670,,,0.0642637162085091,p_z_plus_orth
abn_disx_full,0.01,0.2,detector,z1,86133,,,0.0982318043026482,
abn_disx_full,0.01,0.2,detector,z2,90478,,,0.2171688145184464,
abn_disx_full,0.01,0.2,detector,z3,79537,,,0.0448973433747815,
abn_disx_full,0.01,0.2,detector,z4,92439,,,0.0692781185430392,
abn_disx_full,0.01,0.2,detector,z6,67619,,,0.2298318519942619,
abn_disx_full,0.01,0.2,detector,z8,59877,,,0.0279239106835679,
abn_disx_full,0.01,0.2,detector,z57,81551,,,0.1637748157594634,
abn_disx_full,0.01,0.2,composite,z_plus,92869,,,0.0500920651670632,p_z_plus
abn_disx_full,0.01,0.2,composite,z_plus_renorm,87670,,,0.0758298163567925,p_z_plus_renorm
abn_disx_full,0.01,0.2,composite,breadth,92872,,,0.0076126281333448,p_breadth
abn_disx_full,0.01,0.2,composite,z_mahalanobis_sq,55005,,,0.0898100172711571,p_z_mahalanobis_sq
abn_disx_full,0.01,0.2,composite,t_iut,92869,,,0.072370758810798,p_t_iut
abn_disx_full,0.01,0.2,composite,z_plus_softmax,87670,,,0.0693737880688947,p_z_plus_softmax
abn_disx_full,0.01,0.2,composite,z_plus_orth,87670,,,0.0642637162085091,p_z_plus_orth
abn_disx_full,0.01,0.3,detector,z1,86133,,,0.0982318043026482,
abn_disx_full,0.01,0.3,detector,z2,90478,,,0.2171688145184464,
abn_disx_full,0.01,0.3,detector,z3,79537,,,0.0448973433747815,
abn_disx_full,0.01,0.3,detector,z4,92439,,,0.0692781185430392,
abn_disx_full,0.01,0.3,detector,z6,67619,,,0.2298318519942619,
abn_disx_full,0.01,0.3,detector,z8,59877,,,0.0279239106835679,
abn_disx_full,0.01,0.3,detector,z57,81551,,,0.1637748157594634,
abn_disx_full,0.01,0.3,composite,z_plus,92869,,,0.0500920651670632,p_z_plus
abn_disx_full,0.01,0.3,composite,z_plus_renorm,87670,,,0.0758298163567925,p_z_plus_renorm
abn_disx_full,0.01,0.3,composite,breadth,92872,,,0.0076126281333448,p_breadth
abn_disx_full,0.01,0.3,composite,z_mahalanobis_sq,55005,,,0.0898100172711571,p_z_mahalanobis_sq
abn_disx_full,0.01,0.3,composite,t_iut,92869,,,0.072370758810798,p_t_iut
abn_disx_full,0.01,0.3,composite,z_plus_softmax,87670,,,0.0693737880688947,p_z_plus_softmax
abn_disx_full,0.01,0.3,composite,z_plus_orth,87670,,,0.0642637162085091,p_z_plus_orth
abn_disx_full,0.05,0.05,detector,z1,86133,,,0.0982318043026482,
abn_disx_full,0.05,0.05,detector,z2,90478,,,0.2171688145184464,
abn_disx_full,0.05,0.05,detector,z3,79537,,,0.0448973433747815,
abn_disx_full,0.05,0.05,detector,z4,92439,,,0.0692781185430392,
abn_disx_full,0.05,0.05,detector,z6,67619,,,0.2298318519942619,
abn_disx_full,0.05,0.05,detector,z8,59877,,,0.0279239106835679,
abn_disx_full,0.05,0.05,detector,z57,81551,,,0.1637748157594634,
abn_disx_full,0.05,0.05,composite,z_plus,92869,,,0.0500920651670632,p_z_plus
abn_disx_full,0.05,0.05,composite,z_plus_renorm,87670,,,0.0758298163567925,p_z_plus_renorm
abn_disx_full,0.05,0.05,composite,breadth,92872,,,0.0076126281333448,p_breadth
abn_disx_full,0.05,0.05,composite,z_mahalanobis_sq,55005,,,0.0898100172711571,p_z_mahalanobis_sq
abn_disx_full,0.05,0.05,composite,t_iut,92869,,,0.072370758810798,p_t_iut
abn_disx_full,0.05,0.05,composite,z_plus_softmax,87670,,,0.0693737880688947,p_z_plus_softmax
abn_disx_full,0.05,0.05,composite,z_plus_orth,87670,,,0.0642637162085091,p_z_plus_orth
abn_disx_full,0.05,0.1,detector,z1,86133,,,0.0982318043026482,
abn_disx_full,0.05,0.1,detector,z2,90478,,,0.2171688145184464,
abn_disx_full,0.05,0.1,detector,z3,79537,,,0.0448973433747815,
abn_disx_full,0.05,0.1,detector,z4,92439,,,0.0692781185430392,
abn_disx_full,0.05,0.1,detector,z6,67619,,,0.2298318519942619,
abn_disx_full,0.05,0.1,detector,z8,59877,,,0.0279239106835679,
abn_disx_full,0.05,0.1,detector,z57,81551,,,0.1637748157594634,
abn_disx_full,0.05,0.1,composite,z_plus,92869,,,0.0500920651670632,p_z_plus
abn_disx_full,0.05,0.1,composite,z_plus_renorm,87670,,,0.0758298163567925,p_z_plus_renorm
abn_disx_full,0.05,0.1,composite,breadth,92872,,,0.0076126281333448,p_breadth
abn_disx_full,0.05,0.1,composite,z_mahalanobis_sq,55005,,,0.0898100172711571,p_z_mahalanobis_sq
abn_disx_full,0.05,0.1,composite,t_iut,92869,,,0.072370758810798,p_t_iut
abn_disx_full,0.05,0.1,composite,z_plus_softmax,87670,,,0.0693737880688947,p_z_plus_softmax
abn_disx_full,0.05,0.1,composite,z_plus_orth,87670,,,0.0642637162085091,p_z_plus_orth
abn_disx_full,0.05,0.15,detector,z1,86133,,,0.0982318043026482,
abn_disx_full,0.05,0.15,detector,z2,90478,,,0.2171688145184464,
abn_disx_full,0.05,0.15,detector,z3,79537,,,0.0448973433747815,
abn_disx_full,0.05,0.15,detector,z4,92439,,,0.0692781185430392,
abn_disx_full,0.05,0.15,detector,z6,67619,,,0.2298318519942619,
abn_disx_full,0.05,0.15,detector,z8,59877,,,0.0279239106835679,
abn_disx_full,0.05,0.15,detector,z57,81551,,,0.1637748157594634,
abn_disx_full,0.05,0.15,composite,z_plus,92869,,,0.0500920651670632,p_z_plus
abn_disx_full,0.05,0.15,composite,z_plus_renorm,87670,,,0.0758298163567925,p_z_plus_renorm
abn_disx_full,0.05,0.15,composite,breadth,92872,,,0.0076126281333448,p_breadth
abn_disx_full,0.05,0.15,composite,z_mahalanobis_sq,55005,,,0.0898100172711571,p_z_mahalanobis_sq
abn_disx_full,0.05,0.15,composite,t_iut,92869,,,0.072370758810798,p_t_iut
abn_disx_full,0.05,0.15,composite,z_plus_softmax,87670,,,0.0693737880688947,p_z_plus_softmax
abn_disx_full,0.05,0.15,composite,z_plus_orth,87670,,,0.0642637162085091,p_z_plus_orth
abn_disx_full,0.05,0.2,detector,z1,86133,,,0.0982318043026482,
abn_disx_full,0.05,0.2,detector,z2,90478,,,0.2171688145184464,
abn_disx_full,0.05,0.2,detector,z3,79537,,,0.0448973433747815,
abn_disx_full,0.05,0.2,detector,z4,92439,,,0.0692781185430392,
abn_disx_full,0.05,0.2,detector,z6,67619,,,0.2298318519942619,
abn_disx_full,0.05,0.2,detector,z8,59877,,,0.0279239106835679,
abn_disx_full,0.05,0.2,detector,z57,81551,,,0.1637748157594634,
abn_disx_full,0.05,0.2,composite,z_plus,92869,,,0.0500920651670632,p_z_plus
abn_disx_full,0.05,0.2,composite,z_plus_renorm,87670,,,0.0758298163567925,p_z_plus_renorm
abn_disx_full,0.05,0.2,composite,breadth,92872,,,0.0076126281333448,p_breadth
abn_disx_full,0.05,0.2,composite,z_mahalanobis_sq,55005,,,0.0898100172711571,p_z_mahalanobis_sq
abn_disx_full,0.05,0.2,composite,t_iut,92869,,,0.072370758810798,p_t_iut
abn_disx_full,0.05,0.2,composite,z_plus_softmax,87670,,,0.0693737880688947,p_z_plus_softmax
abn_disx_full,0.05,0.2,composite,z_plus_orth,87670,,,0.0642637162085091,p_z_plus_orth
abn_disx_full,0.05,0.3,detector,z1,86133,,,0.0982318043026482,
abn_disx_full,0.05,0.3,detector,z2,90478,,,0.2171688145184464,
abn_disx_full,0.05,0.3,detector,z3,79537,,,0.0448973433747815,
abn_disx_full,0.05,0.3,detector,z4,92439,,,0.0692781185430392,
abn_disx_full,0.05,0.3,detector,z6,67619,,,0.2298318519942619,
abn_disx_full,0.05,0.3,detector,z8,59877,,,0.0279239106835679,
abn_disx_full,0.05,0.3,detector,z57,81551,,,0.1637748157594634,
abn_disx_full,0.05,0.3,composite,z_plus,92869,,,0.0500920651670632,p_z_plus
abn_disx_full,0.05,0.3,composite,z_plus_renorm,87670,,,0.0758298163567925,p_z_plus_renorm
abn_disx_full,0.05,0.3,composite,breadth,92872,,,0.0076126281333448,p_breadth
abn_disx_full,0.05,0.3,composite,z_mahalanobis_sq,55005,,,0.0898100172711571,p_z_mahalanobis_sq
abn_disx_full,0.05,0.3,composite,t_iut,92869,,,0.072370758810798,p_t_iut
abn_disx_full,0.05,0.3,composite,z_plus_softmax,87670,,,0.0693737880688947,p_z_plus_softmax
abn_disx_full,0.05,0.3,composite,z_plus_orth,87670,,,0.0642637162085091,p_z_plus_orth
abn_disx_full,0.1,0.05,detector,z1,86133,,,0.0982318043026482,
abn_disx_full,0.1,0.05,detector,z2,90478,,,0.2171688145184464,
abn_disx_full,0.1,0.05,detector,z3,79537,,,0.0448973433747815,
abn_disx_full,0.1,0.05,detector,z4,92439,,,0.0692781185430392,
abn_disx_full,0.1,0.05,detector,z6,67619,,,0.2298318519942619,
abn_disx_full,0.1,0.05,detector,z8,59877,,,0.0279239106835679,
abn_disx_full,0.1,0.05,detector,z57,81551,,,0.1637748157594634,
abn_disx_full,0.1,0.05,composite,z_plus,92869,,,0.0500920651670632,p_z_plus
abn_disx_full,0.1,0.05,composite,z_plus_renorm,87670,,,0.0758298163567925,p_z_plus_renorm
abn_disx_full,0.1,0.05,composite,breadth,92872,,,0.0076126281333448,p_breadth
abn_disx_full,0.1,0.05,composite,z_mahalanobis_sq,55005,,,0.0898100172711571,p_z_mahalanobis_sq
abn_disx_full,0.1,0.05,composite,t_iut,92869,,,0.072370758810798,p_t_iut
abn_disx_full,0.1,0.05,composite,z_plus_softmax,87670,,,0.0693737880688947,p_z_plus_softmax
abn_disx_full,0.1,0.05,composite,z_plus_orth,87670,,,0.0642637162085091,p_z_plus_orth
abn_disx_full,0.1,0.1,detector,z1,86133,,,0.0982318043026482,
abn_disx_full,0.1,0.1,detector,z2,90478,,,0.2171688145184464,
abn_disx_full,0.1,0.1,detector,z3,79537,,,0.0448973433747815,
abn_disx_full,0.1,0.1,detector,z4,92439,,,0.0692781185430392,
abn_disx_full,0.1,0.1,detector,z6,67619,,,0.2298318519942619,
abn_disx_full,0.1,0.1,detector,z8,59877,,,0.0279239106835679,
abn_disx_full,0.1,0.1,detector,z57,81551,,,0.1637748157594634,
abn_disx_full,0.1,0.1,composite,z_plus,92869,,,0.0500920651670632,p_z_plus
abn_disx_full,0.1,0.1,composite,z_plus_renorm,87670,,,0.0758298163567925,p_z_plus_renorm
abn_disx_full,0.1,0.1,composite,breadth,92872,,,0.0076126281333448,p_breadth
abn_disx_full,0.1,0.1,composite,z_mahalanobis_sq,55005,,,0.0898100172711571,p_z_mahalanobis_sq
abn_disx_full,0.1,0.1,composite,t_iut,92869,,,0.072370758810798,p_t_iut
abn_disx_full,0.1,0.1,composite,z_plus_softmax,87670,,,0.0693737880688947,p_z_plus_softmax
abn_disx_full,0.1,0.1,composite,z_plus_orth,87670,,,0.0642637162085091,p_z_plus_orth
abn_disx_full,0.1,0.15,detector,z1,86133,,,0.0982318043026482,
abn_disx_full,0.1,0.15,detector,z2,90478,,,0.2171688145184464,
abn_disx_full,0.1,0.15,detector,z3,79537,,,0.0448973433747815,
abn_disx_full,0.1,0.15,detector,z4,92439,,,0.0692781185430392,
abn_disx_full,0.1,0.15,detector,z6,67619,,,0.2298318519942619,
abn_disx_full,0.1,0.15,detector,z8,59877,,,0.0279239106835679,
abn_disx_full,0.1,0.15,detector,z57,81551,,,0.1637748157594634,
abn_disx_full,0.1,0.15,composite,z_plus,92869,,,0.0500920651670632,p_z_plus
abn_disx_full,0.1,0.15,composite,z_plus_renorm,87670,,,0.0758298163567925,p_z_plus_renorm
abn_disx_full,0.1,0.15,composite,breadth,92872,,,0.0076126281333448,p_breadth
abn_disx_full,0.1,0.15,composite,z_mahalanobis_sq,55005,,,0.0898100172711571,p_z_mahalanobis_sq
abn_disx_full,0.1,0.15,composite,t_iut,92869,,,0.072370758810798,p_t_iut
abn_disx_full,0.1,0.15,composite,z_plus_softmax,87670,,,0.0693737880688947,p_z_plus_softmax
abn_disx_full,0.1,0.15,composite,z_plus_orth,87670,,,0.0642637162085091,p_z_plus_orth
abn_disx_full,0.1,0.2,detector,z1,86133,,,0.0982318043026482,
abn_disx_full,0.1,0.2,detector,z2,90478,,,0.2171688145184464,
abn_disx_full,0.1,0.2,detector,z3,79537,,,0.0448973433747815,
abn_disx_full,0.1,0.2,detector,z4,92439,,,0.0692781185430392,
abn_disx_full,0.1,0.2,detector,z6,67619,,,0.2298318519942619,
abn_disx_full,0.1,0.2,detector,z8,59877,,,0.0279239106835679,
abn_disx_full,0.1,0.2,detector,z57,81551,,,0.1637748157594634,
abn_disx_full,0.1,0.2,composite,z_plus,92869,,,0.0500920651670632,p_z_plus
abn_disx_full,0.1,0.2,composite,z_plus_renorm,87670,,,0.0758298163567925,p_z_plus_renorm
abn_disx_full,0.1,0.2,composite,breadth,92872,,,0.0076126281333448,p_breadth
abn_disx_full,0.1,0.2,composite,z_mahalanobis_sq,55005,,,0.0898100172711571,p_z_mahalanobis_sq
abn_disx_full,0.1,0.2,composite,t_iut,92869,,,0.072370758810798,p_t_iut
abn_disx_full,0.1,0.2,composite,z_plus_softmax,87670,,,0.0693737880688947,p_z_plus_softmax
abn_disx_full,0.1,0.2,composite,z_plus_orth,87670,,,0.0642637162085091,p_z_plus_orth
abn_disx_full,0.1,0.3,detector,z1,86133,,,0.0982318043026482,
abn_disx_full,0.1,0.3,detector,z2,90478,,,0.2171688145184464,
abn_disx_full,0.1,0.3,detector,z3,79537,,,0.0448973433747815,
abn_disx_full,0.1,0.3,detector,z4,92439,,,0.0692781185430392,
abn_disx_full,0.1,0.3,detector,z6,67619,,,0.2298318519942619,
abn_disx_full,0.1,0.3,detector,z8,59877,,,0.0279239106835679,
abn_disx_full,0.1,0.3,detector,z57,81551,,,0.1637748157594634,
abn_disx_full,0.1,0.3,composite,z_plus,92869,,,0.0500920651670632,p_z_plus
abn_disx_full,0.1,0.3,composite,z_plus_renorm,87670,,,0.0758298163567925,p_z_plus_renorm
abn_disx_full,0.1,0.3,composite,breadth,92872,,,0.0076126281333448,p_breadth
abn_disx_full,0.1,0.3,composite,z_mahalanobis_sq,55005,,,0.0898100172711571,p_z_mahalanobis_sq
abn_disx_full,0.1,0.3,composite,t_iut,92869,,,0.072370758810798,p_t_iut
abn_disx_full,0.1,0.3,composite,z_plus_softmax,87670,,,0.0693737880688947,p_z_plus_softmax
abn_disx_full,0.1,0.3,composite,z_plus_orth,87670,,,0.0642637162085091,p_z_plus_orth
abn_disx_partial,0.01,0.05,detector,z1,86133,0.4843655810296271,0.0769230769230769,0.0983654647219647,
abn_disx_partial,0.01,0.05,detector,z2,90478,0.5430949543966956,0.2347161572052401,0.2169000245639891,
abn_disx_partial,0.01,0.05,detector,z3,79537,0.4303933130689793,0.0306010928961748,0.0450637226221668,
abn_disx_partial,0.01,0.05,detector,z4,92439,0.4910096035229553,0.0578602620087336,0.0693923931689302,
abn_disx_partial,0.01,0.05,detector,z6,67619,0.5006472885436922,0.2308612440191387,0.2298189659044966,
abn_disx_partial,0.01,0.05,detector,z8,59877,0.5250390230231511,0.0248962655601659,0.0279609155762923,
abn_disx_partial,0.01,0.05,detector,z57,81551,0.5081699355254133,0.1561135371179039,0.1638618465926706,
abn_disx_partial,0.01,0.05,composite,z_plus,92869,0.5400061508544545,0.0425764192139738,0.0501669331071308,p_z_plus
abn_disx_partial,0.01,0.05,composite,z_plus_renorm,87673,0.5004296162422933,0.0646599777034559,0.0759080851848437,p_z_plus_renorm
abn_disx_partial,0.01,0.05,composite,breadth,92872,0.5608792324447557,0.0109170305676855,0.0075905868023837,p_breadth
abn_disx_partial,0.01,0.05,composite,z_mahalanobis_sq,55005,0.4850151149155214,0.0817790530846484,0.0899683287913382,p_z_mahalanobis_sq
abn_disx_partial,0.01,0.05,composite,t_iut,92869,0.5173439896221903,0.046943231441048,0.0726566833056017,p_t_iut
abn_disx_partial,0.01,0.05,composite,z_plus_softmax,87673,0.5111357010487104,0.0657748049052396,0.0693509726191573,p_z_plus_softmax
abn_disx_partial,0.01,0.05,composite,z_plus_orth,87673,0.5128003620130777,0.0635451505016722,0.0641767308933345,p_z_plus_orth
abn_disx_partial,0.01,0.1,detector,z1,86133,0.4846537390656936,0.0769230769230769,0.0983889325651526,
abn_disx_partial,0.01,0.1,detector,z2,90478,0.5428842004402015,0.2368995633187773,0.2169223554632545,
abn_disx_partial,0.01,0.1,detector,z3,79537,0.4325640371241631,0.0306010928961748,0.0450637226221668,
abn_disx_partial,0.01,0.1,detector,z4,92439,0.4910096035229553,0.0578602620087336,0.0693923931689302,
abn_disx_partial,0.01,0.1,detector,z6,67619,0.5006472885436922,0.2308612440191387,0.2298189659044966,
abn_disx_partial,0.01,0.1,detector,z8,59877,0.5250390230231511,0.0248962655601659,0.0279609155762923,
abn_disx_partial,0.01,0.1,detector,z57,81551,0.5081699355254133,0.1561135371179039,0.1638618465926706,
abn_disx_partial,0.01,0.1,composite,z_plus,92869,0.5404981254188287,0.0425764192139738,0.0501995584700879,p_z_plus
abn_disx_partial,0.01,0.1,composite,z_plus_renorm,87675,0.5013970158206763,0.0657015590200445,0.0758726390633462,p_z_plus_renorm
abn_disx_partial,0.01,0.1,composite,breadth,92872,0.5598257157258237,0.009825327510917,0.0075905868023837,p_breadth
abn_disx_partial,0.01,0.1,composite,z_mahalanobis_sq,55005,0.483823838504839,0.0817790530846484,0.0899867422847462,p_z_mahalanobis_sq
abn_disx_partial,0.01,0.1,composite,t_iut,92869,0.5175087548285656,0.0502183406113537,0.0726893086685589,p_t_iut
abn_disx_partial,0.01,0.1,composite,z_plus_softmax,87675,0.5106384801243995,0.0645879732739421,0.0693040782695875,p_z_plus_softmax
abn_disx_partial,0.01,0.1,composite,z_plus_orth,87675,0.5122103675465616,0.0634743875278396,0.0641759913341092,p_z_plus_orth
abn_disx_partial,0.01,0.15,detector,z1,86133,0.4851030837906446,0.078021978021978,0.0984241343299344,
abn_disx_partial,0.01,0.15,detector,z2,90478,0.5424436771326423,0.2347161572052401,0.2168665282150912,
abn_disx_partial,0.01,0.15,detector,z3,79537,0.4347432405701876,0.0306010928961748,0.0450637226221668,
abn_disx_partial,0.01,0.15,detector,z4,92439,0.4910096035229553,0.0578602620087336,0.0693923931689302,
abn_disx_partial,0.01,0.15,detector,z6,67619,0.5006472885436922,0.2308612440191387,0.2298189659044966,
abn_disx_partial,0.01,0.15,detector,z8,59877,0.5250390230231511,0.0248962655601659,0.0279609155762923,
abn_disx_partial,0.01,0.15,detector,z57,81551,0.5081699355254133,0.1561135371179039,0.1638618465926706,
abn_disx_partial,0.01,0.15,composite,z_plus,92869,0.5409339850712608,0.0425764192139738,0.0501778082281165,p_z_plus
abn_disx_partial,0.01,0.15,composite,z_plus_renorm,87675,0.5002037901568501,0.066815144766147,0.0759302580176775,p_z_plus_renorm
abn_disx_partial,0.01,0.15,composite,breadth,92872,0.5617689628379321,0.0109170305676855,0.0075688372699986,p_breadth
abn_disx_partial,0.01,0.15,composite,z_mahalanobis_sq,55005,0.4840867261273681,0.0832137733142037,0.0900051557781542,p_z_mahalanobis_sq
abn_disx_partial,0.01,0.15,composite,t_iut,92869,0.5174774769833289,0.0480349344978165,0.0726893086685589,p_t_iut
abn_disx_partial,0.01,0.15,composite,z_plus_softmax,87675,0.5105695812010578,0.0645879732739421,0.0693616972239187,p_z_plus_softmax
abn_disx_partial,0.01,0.15,composite,z_plus_orth,87675,0.5121733579554054,0.0645879732739421,0.0641990389158417,p_z_plus_orth
abn_disx_partial,0.01,0.2,detector,z1,86133,0.4850608158840678,0.0802197802197802,0.0984006664867465,
abn_disx_partial,0.01,0.2,detector,z2,90478,0.5426606171870498,0.2368995633187773,0.2168888591143565,
abn_disx_partial,0.01,0.2,detector,z3,79537,0.4369392707418063,0.0306010928961748,0.0450637226221668,
abn_disx_partial,0.01,0.2,detector,z4,92439,0.4910096035229553,0.0578602620087336,0.0693923931689302,
abn_disx_partial,0.01,0.2,detector,z6,67619,0.5006472885436922,0.2308612440191387,0.2298189659044966,
abn_disx_partial,0.01,0.2,detector,z8,59877,0.5250390230231511,0.0248962655601659,0.0279609155762923,
abn_disx_partial,0.01,0.2,detector,z57,81551,0.5081699355254133,0.1561135371179039,0.1638618465926706,
abn_disx_partial,0.01,0.2,composite,z_plus,92869,0.5415423329281044,0.0425764192139738,0.050156057986145,p_z_plus
abn_disx_partial,0.01,0.2,composite,z_plus_renorm,87674,0.5016218703435905,0.066815144766147,0.0759541808795058,p_z_plus_renorm
abn_disx_partial,0.01,0.2,composite,breadth,92872,0.5608370214936667,0.0087336244541484,0.0075688372699986,p_breadth
abn_disx_partial,0.01,0.2,composite,z_mahalanobis_sq,55005,0.4849859492100373,0.0846484935437589,0.0900603962583781,p_z_mahalanobis_sq
abn_disx_partial,0.01,0.2,composite,t_iut,92869,0.5179275716467456,0.0491266375545851,0.0727980598784161,p_t_iut
abn_disx_partial,0.01,0.2,composite,z_plus_softmax,87674,0.5114105708618129,0.0634743875278396,0.0693394486954918,p_z_plus_softmax
abn_disx_partial,0.01,0.2,composite,z_plus_orth,87674,0.5129813599379751,0.0634743875278396,0.0641536830460035,p_z_plus_orth
abn_disx_partial,0.01,0.3,detector,z1,86133,0.4853362858115096,0.0802197802197802,0.0984241343299344,
abn_disx_partial,0.01,0.3,detector,z2,90478,0.5435331800107441,0.2368995633187773,0.2168888591143565,
abn_disx_partial,0.01,0.3,detector,z3,79537,0.4413373153108746,0.0306010928961748,0.0450510035359059,
abn_disx_partial,0.01,0.3,detector,z4,92439,0.4910096035229553,0.0578602620087336,0.0693923931689302,
abn_disx_partial,0.01,0.3,detector,z6,67619,0.5006472885436922,0.2308612440191387,0.2298189659044966,
abn_disx_partial,0.01,0.3,detector,z8,59877,0.5250390230231511,0.0248962655601659,0.0279609155762923,
abn_disx_partial,0.01,0.3,detector,z57,81551,0.5081699355254133,0.1561135371179039,0.1638618465926706,
abn_disx_partial,0.01,0.3,composite,z_plus,92869,0.5421630458924882,0.0436681222707423,0.0501669331071308,p_z_plus
abn_disx_partial,0.01,0.3,composite,z_plus_renorm,87675,0.5009583610530979,0.0679287305122494,0.0759533055994099,p_z_plus_renorm
abn_disx_partial,0.01,0.3,composite,breadth,92872,0.5627993766147128,0.009825327510917,0.0075470877376136,p_breadth
abn_disx_partial,0.01,0.3,composite,z_mahalanobis_sq,55005,0.4845542756343039,0.0817790530846484,0.0900419827649701,p_z_mahalanobis_sq
abn_disx_partial,0.01,0.3,composite,t_iut,92869,0.5182999258164781,0.0513100436681222,0.0727110589105303,p_t_iut
abn_disx_partial,0.01,0.3,composite,z_plus_softmax,87675,0.5112882974517818,0.0634743875278396,0.0694308399691162,p_z_plus_softmax
abn_disx_partial,0.01,0.3,composite,z_plus_orth,87675,0.5128955647084854,0.0657015590200445,0.064210562706708,p_z_plus_orth
abn_disx_partial,0.05,0.05,detector,z1,86133,0.489252737833947,0.0799912338373876,0.0993870295451759,
abn_disx_partial,0.05,0.05,detector,z2,90478,0.5507386681047116,0.2504351610095735,0.2152255420227754,
abn_disx_partial,0.05,0.05,detector,z3,79537,0.4287553607563221,0.0359790667248146,0.045456364825019,
abn_disx_partial,0.05,0.05,detector,z4,92439,0.4924369172584493,0.0635750054430655,0.0695763039865218,
abn_disx_partial,0.05,0.05,detector,z6,67619,0.5089755160818914,0.2279620853080568,0.2299563084591239,
abn_disx_partial,0.05,0.05,detector,z8,59877,0.5065554415165692,0.0327504857063558,0.0276148843160251,
abn_disx_partial,0.05,0.05,detector,z57,81551,0.5085544650188623,0.162532637075718,0.1638490026638945,
abn_disx_partial,0.05,0.05,composite,z_plus,92869,0.5479051115922056,0.052219321148825,0.0500039649723018,p_z_plus
abn_disx_partial,0.05,0.05,composite,z_plus_renorm,87668,0.5081355856476943,0.0697056870989156,0.0763087950546609,p_z_plus_renorm
abn_disx_partial,0.05,0.05,composite,breadth,92872,0.5606465900267462,0.0069625761531766,0.0076578005346866,p_breadth
abn_disx_partial,0.05,0.05,composite,z_mahalanobis_sq,55005,0.4855090213589254,0.0799192152336987,0.0906497991812025,p_z_mahalanobis_sq
abn_disx_partial,0.05,0.05,composite,t_iut,92869,0.5219220030446531,0.0404699738903394,0.0739637261676843,p_t_iut
abn_disx_partial,0.05,0.05,composite,z_plus_softmax,87668,0.5160138275433748,0.0632883381279044,0.0698264561209395,p_z_plus_softmax
abn_disx_partial,0.05,0.05,composite,z_plus_orth,87668,0.5179468664260471,0.0612967470679353,0.0643543518262396,p_z_plus_orth
abn_disx_partial,0.05,0.1,detector,z1,86133,0.4884568273342426,0.0793337716414639,0.0991418413632462,
abn_disx_partial,0.05,0.1,detector,z2,90478,0.5507590651686369,0.2513054830287206,0.2153652686243916,
abn_disx_partial,0.05,0.1,detector,z3,79537,0.4308501731816145,0.036197121674662,0.045456364825019,
abn_disx_partial,0.05,0.1,detector,z4,92439,0.4924369172584493,0.0635750054430655,0.0695763039865218,
abn_disx_partial,0.05,0.1,detector,z6,67619,0.5089755160818914,0.2279620853080568,0.2299563084591239,
abn_disx_partial,0.05,0.1,detector,z8,59877,0.5065554415165692,0.0327504857063558,0.0276148843160251,
abn_disx_partial,0.05,0.1,detector,z57,81551,0.5085544650188623,0.162532637075718,0.1638490026638945,
abn_disx_partial,0.05,0.1,composite,z_plus,92869,0.5481262796993704,0.0524369016536118,0.0500379504491747,p_z_plus
abn_disx_partial,0.05,0.1,composite,z_plus_renorm,87679,0.5083396448210644,0.070780800707808,0.0761682580148632,p_z_plus_renorm
abn_disx_partial,0.05,0.1,composite,breadth,92872,0.5609118109410074,0.0067449956483899,0.007635144320087,p_breadth
abn_disx_partial,0.05,0.1,composite,z_mahalanobis_sq,55005,0.4852740103357827,0.0807847663012117,0.0906303963988436,p_z_mahalanobis_sq
abn_disx_partial,0.05,0.1,composite,t_iut,92869,0.5222513464218731,0.04177545691906,0.0739184121985205,p_t_iut
abn_disx_partial,0.05,0.1,composite,z_plus_softmax,87679,0.5160230023770943,0.0628179606281796,0.0696745953486134,p_z_plus_softmax
abn_disx_partial,0.05,0.1,composite,z_plus_orth,87679,0.5179399433847435,0.0617120106171201,0.0643473869020418,p_z_plus_orth
abn_disx_partial,0.05,0.15,detector,z1,86133,0.488774886862419,0.0802103879026955,0.0994238077724653,
abn_disx_partial,0.05,0.15,detector,z2,90478,0.550737680046715,0.2508703220191471,0.2154234880417316,
abn_disx_partial,0.05,0.15,detector,z3,79537,0.4329744902736077,0.0364151766245093,0.0454430227748795,
abn_disx_partial,0.05,0.15,detector,z4,92439,0.4924369172584493,0.0635750054430655,0.0695763039865218,
abn_disx_partial,0.05,0.15,detector,z6,67619,0.5089755160818914,0.2279620853080568,0.2299563084591239,
abn_disx_partial,0.05,0.15,detector,z8,59877,0.5065554415165692,0.0327504857063558,0.0276148843160251,
abn_disx_partial,0.05,0.15,detector,z57,81551,0.5085544650188623,0.162532637075718,0.1638490026638945,
abn_disx_partial,0.05,0.15,composite,z_plus,92869,0.5485921380638159,0.0520017406440382,0.0500606074337566,p_z_plus
abn_disx_partial,0.05,0.15,composite,z_plus_renorm,87671,0.5081382926823452,0.070369550785572,0.0764984606503752,p_z_plus_renorm
abn_disx_partial,0.05,0.15,composite,breadth,92872,0.5617359516976603,0.0071801566579634,0.0076011599981875,p_breadth
abn_disx_partial,0.05,0.15,composite,z_mahalanobis_sq,55005,0.4849121814731821,0.0810732833237161,0.0906497991812025,p_z_mahalanobis_sq
abn_disx_partial,0.05,0.15,composite,t_iut,92869,0.5224341107922799,0.0415578764142732,0.0739977116445572,p_t_iut
abn_disx_partial,0.05,0.15,composite,z_plus_softmax,87671,0.5162529495117423,0.0628457623368001,0.0698119107177217,p_z_plus_softmax
abn_disx_partial,0.05,0.15,composite,z_plus_orth,87671,0.5182251986385663,0.0621818986501438,0.0645203963825283,p_z_plus_orth
abn_disx_partial,0.05,0.2,detector,z1,86133,0.4891816343358671,0.0806486960333114,0.0994115483633688,
abn_disx_partial,0.05,0.2,detector,z2,90478,0.5503973675378542,0.2519582245430809,0.2154933513425397,
abn_disx_partial,0.05,0.2,detector,z3,79537,0.4351451961552808,0.0366332315743567,0.0454163386746007,
abn_disx_partial,0.05,0.2,detector,z4,92439,0.4924369172584493,0.0635750054430655,0.0695763039865218,
abn_disx_partial,0.05,0.2,detector,z6,67619,0.5089755160818914,0.2279620853080568,0.2299563084591239,
abn_disx_partial,0.05,0.2,detector,z8,59877,0.5065554415165692,0.0327504857063558,0.0276148843160251,
abn_disx_partial,0.05,0.2,detector,z57,81551,0.5085544650188623,0.162532637075718,0.1638490026638945,
abn_disx_partial,0.05,0.2,composite,z_plus,92869,0.5487117231665114,0.0520017406440382,0.0500719359260476,p_z_plus
abn_disx_partial,0.05,0.2,composite,z_plus_renorm,87680,0.5077399255939079,0.0716814159292035,0.0764790764790764,p_z_plus_renorm
abn_disx_partial,0.05,0.2,composite,breadth,92872,0.562213877791156,0.0067449956483899,0.0076124881054873,p_breadth
abn_disx_partial,0.05,0.2,composite,z_mahalanobis_sq,55005,0.4846542912891908,0.0813618003462204,0.0906886047459205,p_z_mahalanobis_sq
abn_disx_partial,0.05,0.2,composite,t_iut,92869,0.5226105663558942,0.0426457789382071,0.0740316971214301,p_t_iut
abn_disx_partial,0.05,0.2,composite,z_plus_softmax,87680,0.5161484578188118,0.0630530973451327,0.0698292448292448,p_z_plus_softmax
abn_disx_partial,0.05,0.2,composite,z_plus_orth,87680,0.5181333297151881,0.0623893805309734,0.0644901394901394,p_z_plus_orth
abn_disx_partial,0.05,0.3,detector,z1,86133,0.4889589580077221,0.0793337716414639,0.0994728454088512,
abn_disx_partial,0.05,0.3,detector,z2,90478,0.5507711777462829,0.2519582245430809,0.2155282829929438,
abn_disx_partial,0.05,0.3,detector,z3,79537,0.4396122242225729,0.0370693414740514,0.0454029966244613,
abn_disx_partial,0.05,0.3,detector,z4,92439,0.4924369172584493,0.0635750054430655,0.0695763039865218,
abn_disx_partial,0.05,0.3,detector,z6,67619,0.5089755160818914,0.2279620853080568,0.2299563084591239,
abn_disx_partial,0.05,0.3,detector,z8,59877,0.5065554415165692,0.0327504857063558,0.0276148843160251,
abn_disx_partial,0.05,0.3,detector,z57,81551,0.5085544650188623,0.162532637075718,0.1638490026638945,
abn_disx_partial,0.05,0.3,composite,z_plus,92869,0.5487198658284529,0.0520017406440382,0.0501172498952114,p_z_plus
abn_disx_partial,0.05,0.3,composite,z_plus_renorm,87677,0.5065358884635502,0.0703384207033842,0.0766390879792197,p_z_plus_renorm
abn_disx_partial,0.05,0.3,composite,breadth,92872,0.5642012655556407,0.0069625761531766,0.007567175676288,p_breadth
abn_disx_partial,0.05,0.3,composite,z_mahalanobis_sq,55005,0.4833388990843376,0.0804962492787074,0.0908438270047924,p_z_mahalanobis_sq
abn_disx_partial,0.05,0.3,composite,t_iut,92869,0.5233575492919806,0.0432985204525674,0.0739863831522662,p_t_iut
abn_disx_partial,0.05,0.3,composite,z_plus_softmax,87677,0.5152222642457337,0.0623755806237558,0.0698446293713021,p_z_plus_softmax
abn_disx_partial,0.05,0.3,composite,z_plus_orth,87677,0.5172382636488004,0.0612696306126963,0.0644571648467939,p_z_plus_orth
abn_disx_partial,0.1,0.05,detector,z1,86133,0.4961549637844857,0.0874657909140667,0.099522065508195,
abn_disx_partial,0.1,0.05,detector,z2,90478,0.5561679652197843,0.2523384816184468,0.2128955267949412,
abn_disx_partial,0.1,0.05,detector,z3,79537,0.4269607980700199,0.0360684319494388,0.0460346787947697,
abn_disx_partial,0.1,0.05,detector,z4,92439,0.4939241572620613,0.0694308412232016,0.0692612612612612,
abn_disx_partial,0.1,0.05,detector,z6,67619,0.5105582205687295,0.2375632129836528,0.2287198051288991,
abn_disx_partial,0.1,0.05,detector,z8,59877,0.5048450724506832,0.031150048671951,0.0274835819762365,
abn_disx_partial,0.1,0.05,detector,z57,81551,0.5178628513581225,0.1716896964421717,0.1627694859038142,
abn_disx_partial,0.1,0.05,composite,z_plus,92869,0.562463761748465,0.0587339569284315,0.0492022706901703,p_z_plus
abn_disx_partial,0.1,0.05,composite,z_plus_renorm,87671,0.5226095694935159,0.0727091633466135,0.0763019011890379,p_z_plus_renorm
abn_disx_partial,0.1,0.05,composite,breadth,92872,0.5691016010423914,0.0081574940178377,0.0075886134945863,p_breadth
abn_disx_partial,0.1,0.05,composite,z_mahalanobis_sq,55005,0.4929016008014882,0.0831771659218682,0.0909128734293084,p_z_mahalanobis_sq
abn_disx_partial,0.1,0.05,composite,t_iut,92869,0.5265920123404418,0.0462257994344137,0.0751956976396773,p_t_iut
abn_disx_partial,0.1,0.05,composite,z_plus_softmax,87671,0.5308049032894231,0.0645196989818503,0.0699815603738793,p_z_plus_softmax
abn_disx_partial,0.1,0.05,composite,z_plus_orth,87671,0.5327339821528198,0.0607569721115537,0.0646531442741781,p_z_plus_orth
abn_disx_partial,0.1,0.1,detector,z1,86133,0.4953775539318737,0.0873563218390804,0.0993921920049871,
abn_disx_partial,0.1,0.1,detector,z2,90478,0.5562260784829846,0.2529910811398738,0.2130062496924364,
abn_disx_partial,0.1,0.1,detector,z3,79537,0.42895760392404,0.0361774000217936,0.0460346787947697,
abn_disx_partial,0.1,0.1,detector,z4,92439,0.4939241572620613,0.0694308412232016,0.0692612612612612,
abn_disx_partial,0.1,0.1,detector,z6,67619,0.5105582205687295,0.2375632129836528,0.2287198051288991,
abn_disx_partial,0.1,0.1,detector,z8,59877,0.5048450724506832,0.031150048671951,0.0274835819762365,
abn_disx_partial,0.1,0.1,detector,z57,81551,0.5178628513581225,0.1716896964421717,0.1627694859038142,
abn_disx_partial,0.1,0.1,composite,z_plus,92869,0.5626019612822148,0.0591690232760496,0.0491664176874813,p_z_plus
abn_disx_partial,0.1,0.1,composite,z_plus_renorm,87673,0.5231450059355057,0.0726145671906132,0.0762090057096351,p_z_plus_renorm
abn_disx_partial,0.1,0.1,composite,breadth,92872,0.5691217476485929,0.0080487274309332,0.0075647123497215,p_breadth
abn_disx_partial,0.1,0.1,composite,z_mahalanobis_sq,55005,0.4924819248124645,0.0838979385901686,0.0908504618457185,p_z_mahalanobis_sq
abn_disx_partial,0.1,0.1,composite,t_iut,92869,0.5269394798272915,0.0468783989558407,0.0752315506423663,p_t_iut
abn_disx_partial,0.1,0.1,composite,z_plus_softmax,87673,0.5310864215331379,0.0642019039185299,0.0699144190541588,p_z_plus_softmax
abn_disx_partial,0.1,0.1,composite,z_plus_orth,87673,0.5330119583985313,0.0605490369714412,0.06458627398619,p_z_plus_orth
abn_disx_partial,0.1,0.15,detector,z1,86133,0.4956472436897364,0.0888888888888888,0.0997947998649315,
abn_disx_partial,0.1,0.15,detector,z2,90478,0.5561752210981551,0.2537524472482053,0.2130185522366025,
abn_disx_partial,0.1,0.15,detector,z3,79537,0.4309941484330992,0.0363953361665032,0.0460062535531552,
abn_disx_partial,0.1,0.15,detector,z4,92439,0.4939241572620613,0.0694308412232016,0.0692612612612612,
abn_disx_partial,0.1,0.15,detector,z6,67619,0.5105582205687295,0.2375632129836528,0.2287198051288991,
abn_disx_partial,0.1,0.15,detector,z8,59877,0.5048450724506832,0.031150048671951,0.0274835819762365,
abn_disx_partial,0.1,0.15,detector,z57,81551,0.5178628513581225,0.1716896964421717,0.1627694859038142,
abn_disx_partial,0.1,0.15,composite,z_plus,92869,0.5632466062517618,0.058842723515336,0.0491903196892739,p_z_plus
abn_disx_partial,0.1,0.15,composite,z_plus_renorm,87674,0.523387328362618,0.073049252905368,0.0764633324431897,p_z_plus_renorm
abn_disx_partial,0.1,0.15,composite,breadth,92872,0.5696955025080006,0.0084837937785512,0.0075049594875594,p_breadth
abn_disx_partial,0.1,0.15,composite,z_mahalanobis_sq,55005,0.4929920407671948,0.0841862476574888,0.0909128734293084,p_z_mahalanobis_sq
abn_disx_partial,0.1,0.15,composite,t_iut,92869,0.5270537435626397,0.0475309984772677,0.0753510606513295,p_t_iut
abn_disx_partial,0.1,0.15,composite,z_plus_softmax,87674,0.5317306597133428,0.0648588821250691,0.0700288660842584,p_z_plus_softmax
abn_disx_partial,0.1,0.15,composite,z_plus_orth,87674,0.5336377034611229,0.0609850581073602,0.064777019036356,p_z_plus_orth
abn_disx_partial,0.1,0.2,detector,z1,86133,0.4960262496884138,0.0885604816639299,0.0999116860178186,
abn_disx_partial,0.1,0.2,detector,z2,90478,0.5558566468909268,0.2535349140743963,0.2129570395157718,
abn_disx_partial,0.1,0.2,detector,z3,79537,0.4330782208939557,0.036504304238858,0.0459636156907333,
abn_disx_partial,0.1,0.2,detector,z4,92439,0.4939241572620613,0.0694308412232016,0.0692612612612612,
abn_disx_partial,0.1,0.2,detector,z6,67619,0.5105582205687295,0.2375632129836528,0.2287198051288991,
abn_disx_partial,0.1,0.2,detector,z8,59877,0.5048450724506832,0.031150048671951,0.0274835819762365,
abn_disx_partial,0.1,0.2,detector,z57,81551,0.5178628513581225,0.1716896964421717,0.1627694859038142,
abn_disx_partial,0.1,0.2,composite,z_plus,92869,0.5630808364842713,0.0591690232760496,0.0491783686883776,p_z_plus
abn_disx_partial,0.1,0.2,composite,z_plus_renorm,87686,0.5226891811154759,0.0738158477202301,0.076567069294342,p_z_plus_renorm
abn_disx_partial,0.1,0.2,composite,breadth,92872,0.5703920711412039,0.0083750271916467,0.0075408112048567,p_breadth
abn_disx_partial,0.1,0.2,composite,z_mahalanobis_sq,55005,0.4919529483296865,0.0847628657921291,0.0910376965964883,p_z_mahalanobis_sq
abn_disx_partial,0.1,0.2,composite,t_iut,92869,0.527226021777105,0.0476397650641722,0.0752674036450552,p_t_iut
abn_disx_partial,0.1,0.2,composite,z_plus_softmax,87686,0.5311489283383525,0.0641876936697653,0.0699809281627463,p_z_plus_softmax
abn_disx_partial,0.1,0.2,composite,z_plus_orth,87686,0.5330506039696551,0.0611996458610004,0.0647425301970756,p_z_plus_orth
abn_disx_partial,0.1,0.3,detector,z1,86133,0.4955690714988538,0.0881226053639846,0.0996779137120444,
abn_disx_partial,0.1,0.3,detector,z2,90478,0.5560898666783164,0.2536436806613008,0.2128586191624427,
abn_disx_partial,0.1,0.3,detector,z3,79537,0.4374480380574245,0.0367222403835676,0.045949403069926,
abn_disx_partial,0.1,0.3,detector,z4,92439,0.4939241572620613,0.0694308412232016,0.0692612612612612,
abn_disx_partial,0.1,0.3,detector,z6,67619,0.5105582205687295,0.2375632129836528,0.2287198051288991,
abn_disx_partial,0.1,0.3,detector,z8,59877,0.5048450724506832,0.031150048671951,0.0274835819762365,
abn_disx_partial,0.1,0.3,detector,z57,81551,0.5178628513581225,0.1716896964421717,0.1627694859038142,
abn_disx_partial,0.1,0.3,composite,z_plus,92869,0.5633803309844907,0.0591690232760496,0.0491664176874813,p_z_plus
abn_disx_partial,0.1,0.3,composite,z_plus_renorm,87675,0.5218759443704102,0.0723371308483574,0.0766335173080347,p_z_plus_renorm
abn_disx_partial,0.1,0.3,composite,breadth,92872,0.5718323451879771,0.0080487274309332,0.007493008915127,p_breadth
abn_disx_partial,0.1,0.3,composite,z_mahalanobis_sq,55005,0.4913554333657514,0.0841862476574888,0.0910585004576849,p_z_mahalanobis_sq
abn_disx_partial,0.1,0.3,composite,t_iut,92869,0.5278096014736361,0.0474222318903632,0.075076187630714,p_t_iut
abn_disx_partial,0.1,0.3,composite,z_plus_softmax,87675,0.5304608979544616,0.0632673376838845,0.0698807131775059,p_z_plus_softmax
abn_disx_partial,0.1,0.3,composite,z_plus_orth,87675,0.5323396518560729,0.0608339785421966,0.0645903807513289,p_z_plus_orth
abn_prod_full,0.01,0.05,detector,z1,86133,0.5059739789299654,0.0795580110497237,0.0983479607640681,
abn_prod_full,0.01,0.05,detector,z2,90478,0.5432135249219023,0.2461368653421633,0.2168088241861296,
abn_prod_full,0.01,0.05,detector,z3,79537,0.4861660535673894,0.0286975717439293,0.0450839999491294,
abn_prod_full,0.01,0.05,detector,z4,92439,0.497319584293588,0.0740331491712707,0.0692311053816068,
abn_prod_full,0.01,0.05,detector,z6,67619,0.494340523673112,0.217391304347826,0.2299904145698538,
abn_prod_full,0.01,0.05,detector,z8,59877,0.5024961557965866,0.021476510067114,0.0280051410403842,
abn_prod_full,0.01,0.05,detector,z57,81551,0.4959126178738009,0.1324503311258278,0.1641267282534565,
abn_prod_full,0.01,0.05,composite,z_plus,92869,0.5417751690087281,0.0518763796909492,0.0499874949708034,p_z_plus
abn_prod_full,0.01,0.05,composite,z_plus_renorm,87672,0.4915641467987189,0.0493273542600896,0.0761581009449181,p_z_plus_renorm
abn_prod_full,0.01,0.05,composite,breadth,92872,0.5747294601964187,0.0176600441501103,0.0075353935149946,p_breadth
abn_prod_full,0.01,0.05,composite,z_mahalanobis_sq,55005,0.4695707905014615,0.0630252100840336,0.0901438544141754,p_z_mahalanobis_sq
abn_prod_full,0.01,0.05,composite,t_iut,92869,0.5310789162519267,0.0618101545253863,0.0724313038939573,p_t_iut
abn_prod_full,0.01,0.05,composite,z_plus_softmax,87672,0.5004036610799745,0.0526905829596412,0.0695436736575247,p_z_plus_softmax
abn_prod_full,0.01,0.05,composite,z_plus_orth,87672,0.5020203594575015,0.0493273542600896,0.0643466236460013,p_z_plus_orth
abn_prod_full,0.01,0.1,detector,z1,86133,0.5048651494969489,0.0806629834254143,0.0983714272304876,
abn_prod_full,0.01,0.1,detector,z2,90478,0.5439771268398385,0.2472406181015452,0.2167530031706336,
abn_prod_full,0.01,0.1,detector,z3,79537,0.4861660535673894,0.0286975717439293,0.0450839999491294,
abn_prod_full,0.01,0.1,detector,z4,92439,0.497319584293588,0.0740331491712707,0.0692311053816068,
abn_prod_full,0.01,0.1,detector,z6,67619,0.494340523673112,0.217391304347826,0.2299904145698538,
abn_prod_full,0.01,0.1,detector,z8,59877,0.5024961557965866,0.021476510067114,0.0280051410403842,
abn_prod_full,0.01,0.1,detector,z57,81551,0.4959126178738009,0.1324503311258278,0.1641267282534565,
abn_prod_full,0.01,0.1,composite,z_plus,92869,0.5424645418990971,0.0518763796909492,0.0500201167860987,p_z_plus
abn_prod_full,0.01,0.1,composite,z_plus_renorm,87672,0.4925381124579758,0.0493273542600896,0.0761235307674579,p_z_plus_renorm
abn_prod_full,0.01,0.1,composite,breadth,92872,0.5744388138643617,0.0176600441501103,0.0075353935149946,p_breadth
abn_prod_full,0.01,0.1,composite,z_mahalanobis_sq,55005,0.4689694042690477,0.0644257703081232,0.0901438544141754,p_z_mahalanobis_sq
abn_prod_full,0.01,0.1,composite,t_iut,92869,0.5312471562430605,0.0607064017660044,0.0725182954014114,p_t_iut
abn_prod_full,0.01,0.1,composite,z_plus_softmax,87672,0.5014538464877424,0.0538116591928251,0.0696012906199585,p_z_plus_softmax
abn_prod_full,0.01,0.1,composite,z_plus_orth,87672,0.5029888476297467,0.0504484304932735,0.0644157640009218,p_z_plus_orth
abn_prod_full,0.01,0.15,detector,z1,86133,0.5041574864380678,0.0795580110497237,0.0983127610644389,
abn_prod_full,0.01,0.15,detector,z2,90478,0.544805951856013,0.2472406181015452,0.2166748537489394,
abn_prod_full,0.01,0.15,detector,z3,79537,0.4861660535673894,0.0286975717439293,0.0450839999491294,
abn_prod_full,0.01,0.15,detector,z4,92439,0.497319584293588,0.0740331491712707,0.0692311053816068,
abn_prod_full,0.01,0.15,detector,z6,67619,0.494340523673112,0.217391304347826,0.2299904145698538,
abn_prod_full,0.01,0.15,detector,z8,59877,0.5024961557965866,0.021476510067114,0.0280051410403842,
abn_prod_full,0.01,0.15,detector,z57,81551,0.4959126178738009,0.1324503311258278,0.1641267282534565,
abn_prod_full,0.01,0.15,composite,z_plus,92869,0.5426375047321436,0.0518763796909492,0.0500201167860987,p_z_plus
abn_prod_full,0.01,0.15,composite,z_plus_renorm,87672,0.492892624718762,0.0482062780269058,0.0761120073749711,p_z_plus_renorm
abn_prod_full,0.01,0.15,composite,breadth,92872,0.5739922288201432,0.0176600441501103,0.0075353935149946,p_breadth
abn_prod_full,0.01,0.15,composite,z_mahalanobis_sq,55005,0.4688397471309166,0.0630252100840336,0.0900885966366432,p_z_mahalanobis_sq
abn_prod_full,0.01,0.15,composite,t_iut,92869,0.5319673986363505,0.0618101545253863,0.0725509172167067,p_t_iut
abn_prod_full,0.01,0.15,composite,z_plus_softmax,87672,0.5016273045493114,0.0538116591928251,0.0695667204424982,p_z_plus_softmax
abn_prod_full,0.01,0.15,composite,z_plus_orth,87672,0.5031821486631314,0.0515695067264574,0.0643581470384881,p_z_plus_orth
abn_prod_full,0.01,0.2,detector,z1,86133,0.5032199557274644,0.0795580110497237,0.0982423616651804,
abn_prod_full,0.01,0.2,detector,z2,90478,0.5455828251279644,0.2472406181015452,0.2164962264993525,
abn_prod_full,0.01,0.2,detector,z3,79537,0.4861660535673894,0.0286975717439293,0.0450839999491294,
abn_prod_full,0.01,0.2,detector,z4,92439,0.497319584293588,0.0740331491712707,0.0692311053816068,
abn_prod_full,0.01,0.2,detector,z6,67619,0.494340523673112,0.217391304347826,0.2299904145698538,
abn_prod_full,0.01,0.2,detector,z8,59877,0.5024961557965866,0.021476510067114,0.0280051410403842,
abn_prod_full,0.01,0.2,detector,z57,81551,0.4959126178738009,0.1324503311258278,0.1641267282534565,
abn_prod_full,0.01,0.2,composite,z_plus,92869,0.5427961250084286,0.0518763796909492,0.0499548731555081,p_z_plus
abn_prod_full,0.01,0.2,composite,z_plus_renorm,87671,0.4931976320240731,0.0493273542600896,0.0761013609283352,p_z_plus_renorm
abn_prod_full,0.01,0.2,composite,breadth,92872,0.5740523875821466,0.0176600441501103,0.0075353935149946,p_breadth
abn_prod_full,0.01,0.2,composite,z_mahalanobis_sq,55005,0.4695738087834276,0.0616246498599439,0.0900517581182884,p_z_mahalanobis_sq
abn_prod_full,0.01,0.2,composite,t_iut,92869,0.5319702791498424,0.0618101545253863,0.0725291693398432,p_t_iut
abn_prod_full,0.01,0.2,composite,z_plus_softmax,87671,0.5021384536576263,0.0526905829596412,0.0695905691469134,p_z_plus_softmax
abn_prod_full,0.01,0.2,composite,z_plus_orth,87671,0.5036628791130007,0.0515695067264574,0.0643588886712223,p_z_plus_orth
abn_prod_full,0.01,0.3,detector,z1,86133,0.5037907289047487,0.0828729281767955,0.0982540948983902,
abn_prod_full,0.01,0.3,detector,z2,90478,0.5468904909479261,0.2472406181015452,0.2164404054838565,
abn_prod_full,0.01,0.3,detector,z3,79537,0.4861660535673894,0.0286975717439293,0.0450839999491294,
abn_prod_full,0.01,0.3,detector,z4,92439,0.497319584293588,0.0740331491712707,0.0692311053816068,
abn_prod_full,0.01,0.3,detector,z6,67619,0.494340523673112,0.217391304347826,0.2299904145698538,
abn_prod_full,0.01,0.3,detector,z8,59877,0.5024961557965866,0.021476510067114,0.0280051410403842,
abn_prod_full,0.01,0.3,detector,z57,81551,0.4959126178738009,0.1324503311258278,0.1641267282534565,
abn_prod_full,0.01,0.3,composite,z_plus,92869,0.5440520288908783,0.0529801324503311,0.0499005034633493,p_z_plus
abn_prod_full,0.01,0.3,composite,z_plus_renorm,87672,0.494702365757645,0.0504484304932735,0.0761120073749711,p_z_plus_renorm
abn_prod_full,0.01,0.3,composite,breadth,92872,0.5745987791629876,0.0176600441501103,0.0075136463475632,p_breadth
abn_prod_full,0.01,0.3,composite,z_mahalanobis_sq,55005,0.4712564622835743,0.0630252100840336,0.0900517581182884,p_z_mahalanobis_sq
abn_prod_full,0.01,0.3,composite,t_iut,92869,0.5323726688814454,0.0629139072847682,0.072583539032002,p_t_iut
abn_prod_full,0.01,0.3,composite,z_plus_softmax,87672,0.5035821085637926,0.0526905829596412,0.069624337404932,p_z_plus_softmax
abn_prod_full,0.01,0.3,composite,z_plus_orth,87672,0.5050388100624537,0.0526905829596412,0.0643581470384881,p_z_plus_orth
abn_prod_full,0.05,0.05,detector,z1,86133,0.500051468393637,0.0860119707381955,0.0987356350003675,
abn_prod_full,0.05,0.05,detector,z2,90478,0.5567099608170059,0.255619215513442,0.2150919245985571,
abn_prod_full,0.05,0.05,detector,z3,79537,0.4865550572981649,0.0340632603406326,0.0455502826063773,
abn_prod_full,0.05,0.05,detector,z4,92439,0.5022280344993371,0.0800088163985012,0.0687242611089622,
abn_prod_full,0.05,0.05,detector,z6,67619,0.4933169595910565,0.2207977207977208,0.23043197123346,
abn_prod_full,0.05,0.05,detector,z8,59877,0.5021701025313176,0.0234588106928532,0.0282151180373948,
abn_prod_full,0.05,0.05,detector,z57,81551,0.5107638101277184,0.1584747630592902,0.1640870491079544,
abn_prod_full,0.05,0.05,composite,z_plus,92869,0.5600524673213841,0.0493609519612164,0.0501635892268852,p_z_plus
abn_prod_full,0.05,0.05,composite,z_plus_renorm,87671,0.5094646523330104,0.0618165588038384,0.0766558480586609,p_z_plus_renorm
abn_prod_full,0.05,0.05,composite,breadth,92872,0.5828937647340208,0.00771264874394,0.0075848484162383,p_breadth
abn_prod_full,0.05,0.05,composite,z_mahalanobis_sq,55005,0.4848799941862773,0.0749148694665153,0.0909655989588391,p_z_mahalanobis_sq
abn_prod_full,0.05,0.05,composite,t_iut,92869,0.5349385706101383,0.0524460114587924,0.0736208126252391,p_t_iut
abn_prod_full,0.05,0.05,composite,z_plus_softmax,87671,0.5184250599940624,0.0589154206650301,0.0700204351484553,p_z_plus_softmax
abn_prod_full,0.05,0.05,composite,z_plus_orth,87671,0.5194986584244695,0.0566837759428698,0.0646832551989421,p_z_plus_orth
abn_prod_full,0.05,0.1,detector,z1,86133,0.499486797608112,0.0857902904012414,0.0986988802038666,
abn_prod_full,0.05,0.1,detector,z2,90478,0.5574119672390251,0.2562802996914941,0.2149988363974866,
abn_prod_full,0.05,0.1,detector,z3,79537,0.4865550572981649,0.0340632603406326,0.0455502826063773,
abn_prod_full,0.05,0.1,detector,z4,92439,0.5022280344993371,0.0800088163985012,0.0687242611089622,
abn_prod_full,0.05,0.1,detector,z6,67619,0.4933169595910565,0.2207977207977208,0.23043197123346,
abn_prod_full,0.05,0.1,detector,z8,59877,0.5021701025313176,0.0234588106928532,0.0282151180373948,
abn_prod_full,0.05,0.1,detector,z57,81551,0.5107638101277184,0.1584747630592902,0.1640870491079544,
abn_prod_full,0.05,0.1,composite,z_plus,92869,0.55993055019987,0.0504627589246364,0.0501522681731215,p_z_plus
abn_prod_full,0.05,0.1,composite,z_plus_renorm,87668,0.5093893218379446,0.0615933943316224,0.0765985069782538,p_z_plus_renorm
abn_prod_full,0.05,0.1,composite,breadth,92872,0.5831665122867977,0.00771264874394,0.0075848484162383,p_breadth
abn_prod_full,0.05,0.1,composite,z_mahalanobis_sq,55005,0.4849396792103038,0.0751986379114642,0.0908296264641324,p_z_mahalanobis_sq
abn_prod_full,0.05,0.1,composite,t_iut,92869,0.5348318650631776,0.0524460114587924,0.0735415652488933,p_t_iut
abn_prod_full,0.05,0.1,composite,z_plus_softmax,87668,0.5179875777062022,0.058469091720598,0.0699628547729813,p_z_plus_softmax
abn_prod_full,0.05,0.1,composite,z_plus_orth,87668,0.519102046652972,0.0560142825262218,0.0646735667832714,p_z_plus_orth
abn_prod_full,0.05,0.15,detector,z1,86133,0.4980464430490688,0.0853469297273331,0.0984660998260273,
abn_prod_full,0.05,0.15,detector,z2,90478,0.5582339480546095,0.257602468047598,0.2149639283220851,
abn_prod_full,0.05,0.15,detector,z3,79537,0.4865550572981649,0.0340632603406326,0.0455502826063773,
abn_prod_full,0.05,0.15,detector,z4,92439,0.5022280344993371,0.0800088163985012,0.0687242611089622,
abn_prod_full,0.05,0.15,detector,z6,67619,0.4933169595910565,0.2207977207977208,0.23043197123346,
abn_prod_full,0.05,0.15,detector,z8,59877,0.5021701025313176,0.0234588106928532,0.0282151180373948,
abn_prod_full,0.05,0.15,detector,z57,81551,0.5107638101277184,0.1584747630592902,0.1640870491079544,
abn_prod_full,0.05,0.15,composite,z_plus,92869,0.5598659717957875,0.0509034817100044,0.0501409471193578,p_z_plus
abn_prod_full,0.05,0.15,composite,z_plus_renorm,87672,0.5091593497978504,0.0595716198125836,0.076595744680851,p_z_plus_renorm
abn_prod_full,0.05,0.15,composite,breadth,92872,0.5830548809581982,0.00771264874394,0.0075622070776824,p_breadth
abn_prod_full,0.05,0.15,composite,z_mahalanobis_sq,55005,0.484824558991723,0.0751986379114642,0.0908684757483343,p_z_mahalanobis_sq
abn_prod_full,0.05,0.15,composite,t_iut,92869,0.5353818729392682,0.0522256500661084,0.0736208126252391,p_t_iut
abn_prod_full,0.05,0.15,composite,z_plus_softmax,87672,0.5179639797050659,0.0580098170459616,0.0698040629883399,p_z_plus_softmax
abn_prod_full,0.05,0.15,composite,z_plus_orth,87672,0.5191199438670391,0.0562248995983935,0.0646832551989421,p_z_plus_orth
abn_prod_full,0.05,0.2,detector,z1,86133,0.4976665891664545,0.0857902904012414,0.0986376222096983,
abn_prod_full,0.05,0.2,detector,z2,90478,0.5590205015583248,0.25826355222565,0.2148242960204794,
abn_prod_full,0.05,0.2,detector,z3,79537,0.4865550572981649,0.0340632603406326,0.0455502826063773,
abn_prod_full,0.05,0.2,detector,z4,92439,0.5022280344993371,0.0800088163985012,0.0687242611089622,
abn_prod_full,0.05,0.2,detector,z6,67619,0.4933169595910565,0.2207977207977208,0.23043197123346,
abn_prod_full,0.05,0.2,detector,z8,59877,0.5021701025313176,0.0234588106928532,0.0282151180373948,
abn_prod_full,0.05,0.2,detector,z57,81551,0.5107638101277184,0.1584747630592902,0.1640870491079544,
abn_prod_full,0.05,0.2,composite,z_plus,92869,0.5602569685114893,0.0506831203173204,0.0501749102806489,p_z_plus
abn_prod_full,0.05,0.2,composite,z_plus_renorm,87674,0.5099148716047286,0.0602544074983262,0.0766050028247569,p_z_plus_renorm
abn_prod_full,0.05,0.2,composite,breadth,92872,0.5829531109353843,0.007933010136624,0.0076188104240722,p_breadth
abn_prod_full,0.05,0.2,composite,z_mahalanobis_sq,55005,0.4851866488724303,0.0757661748013621,0.0908490511062333,p_z_mahalanobis_sq
abn_prod_full,0.05,0.2,composite,t_iut,92869,0.5359334973959755,0.0526663728514764,0.0734962810338386,p_t_iut
abn_prod_full,0.05,0.2,composite,z_plus_softmax,87674,0.5185181392440993,0.058245927248382,0.0698135660452201,p_z_plus_softmax
abn_prod_full,0.05,0.2,composite,z_plus_orth,87674,0.5196885073767952,0.0573532693595179,0.0646448619475196,p_z_plus_orth
abn_prod_full,0.05,0.3,detector,z1,86133,0.4976384995719219,0.0840168477056085,0.0985396094190291,
abn_prod_full,0.05,0.3,detector,z2,90478,0.5603367788241369,0.259144997796386,0.214533395392134,
abn_prod_full,0.05,0.3,detector,z3,79537,0.4865550572981649,0.0340632603406326,0.0455502826063773,
abn_prod_full,0.05,0.3,detector,z4,92439,0.5022280344993371,0.0800088163985012,0.0687242611089622,
abn_prod_full,0.05,0.3,detector,z6,67619,0.4933169595910565,0.2207977207977208,0.23043197123346,
abn_prod_full,0.05,0.3,detector,z8,59877,0.5021701025313176,0.0234588106928532,0.0282151180373948,
abn_prod_full,0.05,0.3,detector,z57,81551,0.5107638101277184,0.1584747630592902,0.1640870491079544,
abn_prod_full,0.05,0.3,composite,z_plus,92869,0.5599984129070111,0.0511238431026884,0.0500503786892483,p_z_plus
abn_prod_full,0.05,0.3,composite,z_plus_renorm,87672,0.5088694254251181,0.0582329317269076,0.0765837240052891,p_z_plus_renorm
abn_prod_full,0.05,0.3,composite,breadth,92872,0.583902908352282,0.007933010136624,0.0075735277469604,p_breadth
abn_prod_full,0.05,0.3,composite,z_mahalanobis_sq,55005,0.4846221987588028,0.076049943246311,0.0907325032536275,p_z_mahalanobis_sq
abn_prod_full,0.05,0.3,composite,t_iut,92869,0.5367863808810923,0.0531070956368444,0.0734283547112565,p_t_iut
abn_prod_full,0.05,0.3,composite,z_plus_softmax,87672,0.5177524927882651,0.0575635876840696,0.0698401250150258,p_z_plus_softmax
abn_prod_full,0.05,0.3,composite,z_plus_orth,87672,0.5189324942783784,0.0560017849174475,0.0645870897944464,p_z_plus_orth
abn_prod_full,0.1,0.05,detector,z1,86133,0.4991550550307708,0.0874044533067464,0.0993307913781028,
abn_prod_full,0.1,0.05,detector,z2,90478,0.5594578882616306,0.25330542089026,0.213102872165303,
abn_prod_full,0.1,0.05,detector,z3,79537,0.4810830835003621,0.0342427924444935,0.0462658191930083,
abn_prod_full,0.1,0.05,detector,z4,92439,0.4990755634647907,0.0778390297684674,0.0683467475920306,
abn_prod_full,0.1,0.05,detector,z6,67619,0.4956544146095487,0.2218397626112759,0.2309693550021961,
abn_prod_full,0.1,0.05,detector,z8,59877,0.4988032880025866,0.0223532638507953,0.028696396310735,
abn_prod_full,0.1,0.05,detector,z57,81551,0.5098872848114478,0.1518457300275482,0.1652685026767481,
abn_prod_full,0.1,0.05,composite,z_plus,92869,0.5603198891976643,0.0502423975319524,0.0499683744465528,p_z_plus
abn_prod_full,0.1,0.05,composite,z_plus_renorm,87672,0.5082692454490287,0.0617601072146526,0.0775934347925506,p_z_plus_renorm
abn_prod_full,0.1,0.05,composite,breadth,92872,0.5844969298984432,0.008704275011018,0.0074705236526803,p_breadth
abn_prod_full,0.1,0.05,composite,z_mahalanobis_sq,55005,0.4789555493549894,0.0738888094897813,0.0923179470088318,p_z_mahalanobis_sq
abn_prod_full,0.1,0.05,composite,t_iut,92869,0.5347474161086285,0.0521154693697664,0.0748511212153759,p_t_iut
abn_prod_full,0.1,0.05,composite,z_plus_softmax,87672,0.5178497597327529,0.0581862854590127,0.0708097258568561,p_z_plus_softmax
abn_prod_full,0.1,0.05,composite,z_plus_orth,87672,0.5192036793230006,0.0541657359839178,0.0654107065728295,p_z_plus_orth
abn_prod_full,0.1,0.1,detector,z1,86133,0.4982211994128544,0.0861858867840921,0.0993048530594246,
abn_prod_full,0.1,0.1,detector,z2,90478,0.5601860124976599,0.253966505068312,0.2130783027444043,
abn_prod_full,0.1,0.1,detector,z3,79537,0.4810830835003621,0.0342427924444935,0.0462658191930083,
abn_prod_full,0.1,0.1,detector,z4,92439,0.4990755634647907,0.0778390297684674,0.0683467475920306,
abn_prod_full,0.1,0.1,detector,z6,67619,0.4956544146095487,0.2218397626112759,0.2309693550021961,
abn_prod_full,0.1,0.1,detector,z8,59877,0.4988032880025866,0.0223532638507953,0.028696396310735,
abn_prod_full,0.1,0.1,detector,z57,81551,0.5098872848114478,0.1518457300275482,0.1652685026767481,
abn_prod_full,0.1,0.1,composite,z_plus,92869,0.5601676976154752,0.0507933010136624,0.0499803086176649,p_z_plus
abn_prod_full,0.1,0.1,composite,z_plus_renorm,87678,0.508078066626416,0.0617463153193389,0.0773989481974543,p_z_plus_renorm
abn_prod_full,0.1,0.1,composite,breadth,92872,0.5845169770365737,0.008594094314676,0.0075301923719509,p_breadth
abn_prod_full,0.1,0.1,composite,z_mahalanobis_sq,55005,0.4789167653849888,0.0738888094897813,0.0922346275620729,p_z_mahalanobis_sq
abn_prod_full,0.1,0.1,composite,t_iut,92869,0.5347620208726812,0.0529969149405024,0.0746840428198059,p_t_iut
abn_prod_full,0.1,0.1,composite,z_plus_softmax,87678,0.5173599833092928,0.057949977668602,0.0708061278930921,p_z_plus_softmax
abn_prod_full,0.1,0.1,composite,z_plus_orth,87678,0.5187369476550465,0.05393032603841,0.065470897588984,p_z_plus_orth
abn_prod_full,0.1,0.15,detector,z1,86133,0.4977585580209658,0.0867397806580259,0.0987342100485046,
abn_prod_full,0.1,0.15,detector,z2,90478,0.5610243093088035,0.254737769942706,0.2127711849831699,
abn_prod_full,0.1,0.15,detector,z3,79537,0.4810830835003621,0.0342427924444935,0.0462658191930083,
abn_prod_full,0.1,0.15,detector,z4,92439,0.4990755634647907,0.0778390297684674,0.0683467475920306,
abn_prod_full,0.1,0.15,detector,z6,67619,0.4956544146095487,0.2218397626112759,0.2309693550021961,
abn_prod_full,0.1,0.15,detector,z8,59877,0.4988032880025866,0.0223532638507953,0.028696396310735,
abn_prod_full,0.1,0.15,detector,z57,81551,0.5098872848114478,0.1518457300275482,0.1652685026767481,
abn_prod_full,0.1,0.15,composite,z_plus,92869,0.5604694016399634,0.0516747465843984,0.049825164393207,p_z_plus
abn_prod_full,0.1,0.15,composite,z_plus_renorm,87688,0.5086260174293393,0.0608462654906776,0.0771614738794121,p_z_plus_renorm
abn_prod_full,0.1,0.15,composite,breadth,92872,0.5843739522472686,0.008594094314676,0.0075063248842426,p_breadth
abn_prod_full,0.1,0.15,composite,z_mahalanobis_sq,55005,0.479362325563528,0.0741746462769758,0.0920679886685552,p_z_mahalanobis_sq
abn_prod_full,0.1,0.15,composite,t_iut,92869,0.5352817148401396,0.0524460114587924,0.0747675820175909,p_t_iut
abn_prod_full,0.1,0.15,composite,z_plus_softmax,87688,0.5178485505101041,0.0579435078709389,0.0706202131307871,p_z_plus_softmax
abn_prod_full,0.1,0.15,composite,z_plus_orth,87688,0.5192991628637474,0.0539243050128391,0.0652474882828873,p_z_plus_orth
abn_prod_full,0.1,0.2,detector,z1,86133,0.4972193465801623,0.0865182231084524,0.0987212408891655,
abn_prod_full,0.1,0.2,detector,z2,90478,0.5618341506915892,0.255949757602468,0.2125500601950812,
abn_prod_full,0.1,0.2,detector,z3,79537,0.4810830835003621,0.0342427924444935,0.0462658191930083,
abn_prod_full,0.1,0.2,detector,z4,92439,0.4990755634647907,0.0778390297684674,0.0683467475920306,
abn_prod_full,0.1,0.2,detector,z6,67619,0.4956544146095487,0.2218397626112759,0.2309693550021961,
abn_prod_full,0.1,0.2,detector,z8,59877,0.4988032880025866,0.0223532638507953,0.028696396310735,
abn_prod_full,0.1,0.2,detector,z57,81551,0.5098872848114478,0.1518457300275482,0.1652685026767481,
abn_prod_full,0.1,0.2,composite,z_plus,92869,0.5607073355604948,0.0516747465843984,0.0497893618798706,p_z_plus
abn_prod_full,0.1,0.2,composite,z_plus_renorm,87704,0.5094185899399293,0.0615230013398838,0.077081322700259,p_z_plus_renorm
abn_prod_full,0.1,0.2,composite,breadth,92872,0.5838804467074343,0.008594094314676,0.0074943911403885,p_breadth
abn_prod_full,0.1,0.2,composite,z_mahalanobis_sq,55005,0.4793185105135995,0.0741746462769758,0.0919638393601066,p_z_mahalanobis_sq
abn_prod_full,0.1,0.2,composite,t_iut,92869,0.5355976929274868,0.0525561921551344,0.0744930960820116,p_t_iut
abn_prod_full,0.1,0.2,composite,z_plus_softmax,87704,0.5183305533746954,0.0581732916480571,0.0705541728043886,p_z_plus_softmax
abn_prod_full,0.1,0.2,composite,z_plus_orth,87704,0.5198346438363788,0.0547119249665029,0.0651572103418499,p_z_plus_orth
abn_prod_full,0.1,0.3,detector,z1,86133,0.4975306301099755,0.0858535504597319,0.0986045184551137,
abn_prod_full,0.1,0.3,detector,z2,90478,0.5631990556549792,0.2562802996914941,0.2120341023562074,
abn_prod_full,0.1,0.3,detector,z3,79537,0.4810830835003621,0.0342427924444935,0.0462658191930083,
abn_prod_full,0.1,0.3,detector,z4,92439,0.4990755634647907,0.0778390297684674,0.0683467475920306,
abn_prod_full,0.1,0.3,detector,z6,67619,0.4956544146095487,0.2218397626112759,0.2309693550021961,
abn_prod_full,0.1,0.3,detector,z8,59877,0.4988032880025866,0.0223532638507953,0.028696396310735,
abn_prod_full,0.1,0.3,detector,z57,81551,0.5098872848114478,0.1518457300275482,0.1652685026767481,
abn_prod_full,0.1,0.3,composite,z_plus,92869,0.5610381735054596,0.0512340237990304,0.0495864809709641,p_z_plus
abn_prod_full,0.1,0.3,composite,z_plus_renorm,87689,0.5093538073750755,0.0614250614250614,0.0770178446688258,p_z_plus_renorm
abn_prod_full,0.1,0.3,composite,breadth,92872,0.5847161854869645,0.008704275011018,0.0075063248842426,p_breadth
abn_prod_full,0.1,0.3,composite,z_mahalanobis_sq,55005,0.4793069747534098,0.0741746462769758,0.091859690051658,p_z_mahalanobis_sq
abn_prod_full,0.1,0.3,composite,t_iut,92869,0.5366321190295817,0.0528867342441604,0.0743379518575537,p_t_iut
abn_prod_full,0.1,0.3,composite,z_plus_softmax,87689,0.5185539664574632,0.0581862854590127,0.0704642154061091,p_z_plus_softmax
abn_prod_full,0.1,0.3,composite,z_plus_orth,87689,0.5200351800561365,0.0542774179137815,0.0651044643424144,p_z_plus_orth
